{
"type": "FeatureCollection",
"name": "2011",
"crs": { "type": "name", "properties": { "name": "urn:ogc:def:crs:EPSG::3031" } },
"features": [
{ "type": "Feature", "properties": { "ID": 518, "YEAR": "2011-2012", "Perimtr_KM": 5.6256176891600003, "AREA_KM": 1.0258586790799999, "SCALE": 1, "THICKNES_M": 343.395463, "VOLUME_KM": 0.35227521608000001, "MASS_GT": 0.32303637314, "RECURRANCE": "5-6", "UA_KM": 0.02812808845, "UH_M": 28.501823288499999, "UC_KM": 0.02695406108, "REGION": "East", "ICESHELF": "Totten" }, "geometry": { "type": "Polygon", "coordinates": [ [ [ 2217345.358462845906615, -1232036.739338557468727 ], [ 2217344.884100001305342, -1232040.861999998800457 ], [ 2217308.740299998782575, -1232320.034000003477558 ], [ 2217260.154999999329448, -1232441.527799998410046 ], [ 2217069.611500010825694, -1232595.617100002011284 ], [ 2216961.149400005117059, -1232667.624899997608736 ], [ 2216929.283699998632073, -1232631.493900003377348 ], [ 2216839.570700006559491, -1232540.099700001534075 ], [ 2216830.395499998703599, -1232506.744900000747293 ], [ 2216798.473200003616512, -1232489.161500001326203 ], [ 2216764.424000005237758, -1232470.266199997626245 ], [ 2216744.559800007380545, -1232458.91510000359267 ], [ 2216658.674600003287196, -1232617.708800002466887 ], [ 2216658.674600003287196, -1232619.73400000249967 ], [ 2216657.091200009919703, -1232752.957699998514727 ], [ 2216552.151100003160536, -1232888.400299997534603 ], [ 2216531.763700005598366, -1232914.739400001475587 ], [ 2216493.855600000359118, -1233013.404599997447804 ], [ 2216246.406300006434321, -1232901.65910000144504 ], [ 2216481.102800004184246, -1232147.27760000154376 ], [ 2216856.938900004141033, -1231735.91310000163503 ], [ 2217212.0642, -1231260.410024268552661 ], [ 2217493.194300001487136, -1230883.984499995596707 ], [ 2217543.30160001758486, -1230970.615600002696738 ], [ 2217542.220199998468161, -1230992.927000000141561 ], [ 2217544.986400007270277, -1231235.975199998123571 ], [ 2217545.5253000035882, -1231269.104400001000613 ], [ 2217436.47280000988394, -1231390.308299998287112 ], [ 2217401.419999998994172, -1231498.269499999703839 ], [ 2217379.64330000244081, -1231738.771699995733798 ], [ 2217345.358462845906615, -1232036.739338557468727 ] ] ] } },
{ "type": "Feature", "properties": { "ID": 523, "YEAR": "2011-2012", "Perimtr_KM": 10.3815608296, "AREA_KM": 4.4001144327399997, "SCALE": 1, "THICKNES_M": 155.313021, "VOLUME_KM": 0.6833950653, "MASS_GT": 0.62667327488000002, "RECURRANCE": "2-3", "UA_KM": 0.05190780415, "UH_M": 12.8909806794, "UC_KM": 0.05228943591, "REGION": "Peninsula", "ICESHELF": "George_VI" }, "geometry": { "type": "Polygon", "coordinates": [ [ [ -1771849.340481406776235, 537876.026050485204905 ], [ -1771887.129595458973199, 537471.682518522720784 ], [ -1771965.350760421948507, 536634.716029360424727 ], [ -1772015.893690993310884, 536093.906656744424254 ], [ -1772049.64119999948889, 535732.808300006203353 ], [ -1772443.24120000214316, 535272.212521431501955 ], [ -1772635.460962952813134, 535047.274484406691045 ], [ -1773136.870499998098239, 534460.518600000999868 ], [ -1773080.121581613318995, 534828.475709279999137 ], [ -1773079.34153954568319, 534833.53346249461174 ], [ -1773067.717969806632027, 534908.900099304504693 ], [ -1773044.700099999085069, 535058.14680000115186 ], [ -1773152.155636359704658, 535713.18516197334975 ], [ -1773186.53630000166595, 535922.766299994662404 ], [ -1773405.607799997320399, 536374.665100006852299 ], [ -1773811.672299999278039, 537005.555100015364587 ], [ -1774161.728500000899658, 537567.930199995171279 ], [ -1774217.450899995863438, 537606.231999998912215 ], [ -1774215.48280000127852, 537624.659100004006177 ], [ -1774196.15929999621585, 537787.641500006429851 ], [ -1774008.357499998761341, 537800.081500007770956 ], [ -1773705.866100000217557, 537820.454999993089586 ], [ -1773674.601300002774224, 537714.475799998734146 ], [ -1773631.788599997293204, 537692.379800005350262 ], [ -1773523.0129, 537637.324300004635006 ], [ -1773491.395199998747557, 537664.272100006230175 ], [ -1773483.226000000955537, 537671.274099999573082 ], [ -1773208.598400000482798, 537905.990700004156679 ], [ -1773067.769200001377612, 537910.124100006185472 ], [ -1772632.946699996711686, 537925.396900003310293 ], [ -1772593.239700002130121, 537926.625700015109032 ], [ -1772234.277099996805191, 538005.0716000078246 ], [ -1772124.865700001129881, 538029.015799993649125 ], [ -1772123.596943745855242, 538029.604216688778251 ], [ -1771986.697517290478572, 538093.094668271951377 ], [ -1771821.911299998406321, 538169.518299999646842 ], [ -1771849.340481406776235, 537876.026050485204905 ] ] ] } },
{ "type": "Feature", "properties": { "ID": 506, "YEAR": "2011-2012", "Perimtr_KM": 16.771920456699998, "AREA_KM": 17.8347845937, "SCALE": 2, "THICKNES_M": 213.08719723499999, "VOLUME_KM": 3.80036426236, "MASS_GT": 3.4849340285900001, "RECURRANCE": "3-4", "UA_KM": 0.08385960228, "UH_M": 17.686237283299999, "UC_KM": 0.29078188243999997, "REGION": "East", "ICESHELF": "Lauritzen" }, "geometry": { "type": "Polygon", "coordinates": [ [ [ 922547.171179019380361, -2114942.98514198558405 ], [ 922551.5074, -2115015.331299999728799 ], [ 922652.89270001091063, -2115517.451199999079108 ], [ 922674.264340032823384, -2115717.286459964700043 ], [ 922707.025683142710477, -2116023.621000002603978 ], [ 922727.396000009961426, -2116214.093400002457201 ], [ 922663.719103096984327, -2116858.627122867852449 ], [ 922652.047399997711182, -2116976.767399999778718 ], [ 922082.423800001386553, -2117311.694499998353422 ], [ 922066.409899997524917, -2117315.161068902816623 ], [ 921812.712400000076741, -2117370.079600002616644 ], [ 921416.243900010362267, -2117458.705736360047013 ], [ 921156.495100000873208, -2117516.769699997268617 ], [ 921102.291000016964972, -2117527.027800000272691 ], [ 920849.385899995453656, -2117572.1894 ], [ 920689.24960000673309, -2117598.442499996162951 ], [ 919421.645300007425249, -2117642.272399998735636 ], [ 919235.286300007719547, -2117828.631300000939518 ], [ 918897.485700009390712, -2117881.443300002720207 ], [ 918563.959400004241616, -2117594.700499999336898 ], [ 917934.469200002960861, -2117419.516999997664243 ], [ 917783.565700003411621, -2117218.3758 ], [ 917861.577400003094226, -2116867.2385 ], [ 917952.516599999275059, -2116429.155699997674674 ], [ 918072.481700000818819, -2116091.258199999108911 ], [ 918137.013099995441735, -2115238.817199994809926 ], [ 918188.086300005670637, -2114634.530899999663234 ], [ 918451.159500003326684, -2114019.412899993825704 ], [ 919647.576099995989352, -2113728.254200001247227 ], [ 920447.012699995655566, -2113515.558800003025681 ], [ 921397.95700001064688, -2113226.947600001934916 ], [ 921324.93680000025779, -2112809.635299996938556 ], [ 922407.975400002673268, -2113722.095100002363324 ], [ 922518.188500006683171, -2114459.433799997437745 ], [ 922547.171179019380361, -2114942.98514198558405 ] ] ] } },
{ "type": "Feature", "properties": { "ID": 507, "YEAR": "2011-2012", "Perimtr_KM": 17.3619112501, "AREA_KM": 5.2060186778700004, "SCALE": 1, "THICKNES_M": 20.2685282389, "VOLUME_KM": 0.10551833658, "MASS_GT": 0.09676031465, "RECURRANCE": "5-6", "UA_KM": 0.08680955625, "UH_M": 1.6822878355299999, "UC_KM": 0.00807365253, "REGION": "East", "ICESHELF": "Matusevitch" }, "geometry": { "type": "Polygon", "coordinates": [ [ [ 890541.466200002934784, -2111245.183099997695535 ], [ 890600.920000009704381, -2111249.124800003133714 ], [ 890644.306799998506904, -2111242.926699992734939 ], [ 891048.326499996706843, -2111492.704300004057586 ], [ 891101.82209999486804, -2111657.141200000885874 ], [ 891489.086400003172457, -2111890.146099998615682 ], [ 892211.603100005537271, -2112726.684499994851649 ], [ 892855.102100004442036, -2113374.01609999826178 ], [ 893016.738199998158962, -2113581.188700004480779 ], [ 892951.306100003421307, -2113780.733099998906255 ], [ 893347.577600003685802, -2114038.258900001179427 ], [ 893656.198599997907877, -2114349.907200004905462 ], [ 893939.924200007691979, -2114904.38329999614507 ], [ 894095.949299999047071, -2115351.863400002010167 ], [ 893959.3669000021182, -2115521.973900001961738 ], [ 893649.218599998857826, -2115474.888099999632686 ], [ 893635.802400005050004, -2115537.936399999074638 ], [ 893114.567300001624972, -2114431.900999999139458 ], [ 888722.475199998822063, -2110701.268499993719161 ], [ 888893.399500009138137, -2109305.348099998664111 ], [ 889016.894900008570403, -2109551.059999998658895 ], [ 889025.239800006616861, -2109794.17560000019148 ], [ 889304.723900000099093, -2110302.60110000288114 ], [ 890378.86809999588877, -2111005.444400002248585 ], [ 890541.466200002934784, -2111245.183099997695535 ] ] ] } },
{ "type": "Feature", "properties": { "ID": 508, "YEAR": "2011-2012", "Perimtr_KM": 16.044229872399999, "AREA_KM": 12.7170462786, "SCALE": 2, "THICKNES_M": 356.803528, "VOLUME_KM": 4.5374869779400004, "MASS_GT": 4.1608755587699999, "RECURRANCE": "1-2", "UA_KM": 0.08022114936, "UH_M": 29.614692678000001, "UC_KM": 0.34718224726000002, "REGION": "East", "ICESHELF": "Mertz" }, "geometry": { "type": "Polygon", "coordinates": [ [ [ 1420891.594575678929687, -2063514.487190671032295 ], [ 1420895.537607507780194, -2063573.63269624998793 ], [ 1421009.732799996621907, -2065286.561400001635775 ], [ 1420993.627999996766448, -2065460.636100005358458 ], [ 1420917.776200001128018, -2065540.480200003832579 ], [ 1420809.353300008922815, -2065654.618899998487905 ], [ 1420573.213300001807511, -2066048.358499998226762 ], [ 1420087.901100001297891, -2066024.935499992454425 ], [ 1419950.111600000411272, -2066078.853100003907457 ], [ 1419684.165099998936057, -2066268.853299999143928 ], [ 1419416.504500007256866, -2066633.566200003027916 ], [ 1418991.582000006921589, -2066612.083299991674721 ], [ 1418667.763099994510412, -2067043.640199999092147 ], [ 1418090.033200002275407, -2067084.782699998933822 ], [ 1417889.553400003351271, -2067152.109100000699982 ], [ 1417727.036300004459918, -2067192.79630000051111 ], [ 1417515.853799998760223, -2067342.531099999789149 ], [ 1416204.377100003883243, -2067436.922100001014769 ], [ 1416050.947000003419816, -2067346.741900003282353 ], [ 1416036.092599999159575, -2067281.382499998435378 ], [ 1416045.178800006397069, -2067204.150199991185218 ], [ 1416152.955100007355213, -2066853.345700001809746 ], [ 1416111.59910000488162, -2066663.502400000579655 ], [ 1415789.69890000578016, -2066378.926499998895451 ], [ 1415533.778700002469122, -2065999.163500001188368 ], [ 1415460.557000007480383, -2065925.941799999214709 ], [ 1417463.778215291909873, -2064973.590699999360368 ], [ 1417485.491884404793382, -2064963.267807795666158 ], [ 1417506.578338067047298, -2064953.243099996820092 ], [ 1417921.450662956573069, -2064756.00870973104611 ], [ 1418157.870900005102158, -2064643.612199997995049 ], [ 1418885.476500007323921, -2063651.422700000926852 ], [ 1420869.855500001460314, -2063188.40090000256896 ], [ 1420891.594575678929687, -2063514.487190671032295 ] ] ] } },
{ "type": "Feature", "properties": { "ID": 597, "YEAR": "2011-2012", "Perimtr_KM": 8.7097763120400007, "AREA_KM": 2.4995405536500002, "SCALE": 1, "THICKNES_M": 288.77160644499997, "VOLUME_KM": 0.72179634105000001, "MASS_GT": 0.66188724475000005, "RECURRANCE": "4-5", "UA_KM": 0.04354888156, "UH_M": 23.9680432167, "UC_KM": 0.05522767932, "REGION": "West", "ICESHELF": "Thwaites" }, "geometry": { "type": "Polygon", "coordinates": [ [ [ -1594466.553399996599182, -459726.580999998841435 ], [ -1594653.509399997768924, -460576.882699997164309 ], [ -1595024.083799998508766, -459849.505500002764165 ], [ -1594563.17499999795109, -459525.840599996037781 ], [ -1594858.916199997765943, -459158.236099998932332 ], [ -1594791.646099997451529, -458885.099899992812425 ], [ -1594820.370499999495223, -458470.47470000339672 ], [ -1594815.488699998240918, -458405.714800002519041 ], [ -1595236.023400000529364, -458185.777800002135336 ], [ -1595293.682700001401827, -458165.131000003311783 ], [ -1595486.723600001772866, -458085.182500002440065 ], [ -1594132.207199997967109, -457720.50499999569729 ], [ -1593841.164999996311963, -457932.172100001946092 ], [ -1593417.830799998017028, -459360.924999999348074 ], [ -1593973.456900001503527, -459519.675299996044487 ], [ -1593996.952499999199063, -459698.241700002923608 ], [ -1594017.764600001974031, -459700.206000001169741 ], [ -1594466.553399996599182, -459726.580999998841435 ] ] ] } },
{ "type": "Feature", "properties": { "ID": 598, "YEAR": "2011-2012", "Perimtr_KM": 20.339356215399999, "AREA_KM": 6.9177969965, "SCALE": 1, "THICKNES_M": 97.286663055399998, "VOLUME_KM": 0.67300938548, "MASS_GT": 0.61714960648999995, "RECURRANCE": ">8", "UA_KM": 0.10169678108000001, "UH_M": 8.0747929937799992, "UC_KM": 0.05149478379, "REGION": "East", "ICESHELF": "Conger_Glenzer" }, "geometry": { "type": "Polygon", "coordinates": [ [ [ 2593118.356016046367586, -600911.869271094445139 ], [ 2593357.184300011023879, -600976.802599999820814 ], [ 2593737.641699999570847, -601166.651399996364489 ], [ 2593995.650100002996624, -601340.693300003418699 ], [ 2594138.734100006520748, -601422.275400003185496 ], [ 2594294.272200006060302, -601525.967400002060458 ], [ 2594326.837799998931587, -601539.479462841060013 ], [ 2594660.696399997919798, -601678.003499998012558 ], [ 2594910.663733624853194, -601685.137246130499989 ], [ 2595131.16610000655055, -601691.430100002093241 ], [ 2595300.877800004556775, -601798.230399998836219 ], [ 2595388.762000004760921, -601865.884399995906278 ], [ 2595563.056200009770691, -601985.384299997938797 ], [ 2595786.085400000214577, -602073.98469999525696 ], [ 2595885.918300003744662, -602208.513400001917034 ], [ 2595995.094900007359684, -602192.779999998863786 ], [ 2596219.82840000744909, -602365.532499999506399 ], [ 2596481.315699994564056, -602536.095500002615154 ], [ 2596757.828600004315376, -602622.504899999126792 ], [ 2596999.253100003115833, -602657.592499999562278 ], [ 2597203.353200007230043, -602747.286500002723187 ], [ 2597287.620700010098517, -602887.685200000647455 ], [ 2597460.976100006140769, -603008.123899998376146 ], [ 2597786.189899997785687, -603028.5503000007011 ], [ 2597855.258200008422136, -603063.17399999522604 ], [ 2597906.984900010749698, -603236.113500001374632 ], [ 2597993.297200003638864, -603374.467300004325807 ], [ 2598031.994000006467104, -603402.018099998589605 ], [ 2598114.867200004868209, -603460.281299994094297 ], [ 2598216.754000008106232, -603513.932599997147918 ], [ 2598544.685699999332428, -603635.333199996966869 ], [ 2598786.377600003965199, -603739.281400001607835 ], [ 2598958.01450000423938, -603844.156699998769909 ], [ 2599095.39740000013262, -603914.157899998128414 ], [ 2599394.272399995476007, -604057.968200000934303 ], [ 2599508.251700000837445, -604175.301999998511747 ], [ 2599699.93410000577569, -604398.38779999804683 ], [ 2599989.540100010111928, -604471.703899990767241 ], [ 2600196.924200004898012, -604523.54990000044927 ], [ 2600309.167100002989173, -604549.529499993892387 ], [ 2600318.953200004063547, -604558.319700000574812 ], [ 2600342.595800002105534, -604584.677400001557544 ], [ 2600364.62249999679625, -604612.650599994231015 ], [ 2600387.934800008311868, -604639.338499997975305 ], [ 2600414.608799999579787, -604662.664400000590831 ], [ 2600443.010300004854798, -604684.262999999104068 ], [ 2600470.430499999783933, -604706.842699997825548 ], [ 2600519.510300000198185, -604757.763099997770041 ], [ 2600545.910299999639392, -604781.363099997630343 ], [ 2600573.447900007478893, -604798.825499997241423 ], [ 2600603.644500005990267, -604813.628899999661371 ], [ 2600615.874200006015599, -604818.939900001976639 ], [ 2600642.386599998921156, -604855.777999997371808 ], [ 2600846.81150000821799, -605014.275199998868629 ], [ 2601054.195600003935397, -605152.531300004106015 ], [ 2601158.166399997659028, -605255.94459999864921 ], [ 2601330.016800000332296, -605395.170299996854737 ], [ 2601373.948300008662045, -605428.118899998255074 ], [ 2601392.504799996502697, -605455.304600002244115 ], [ 2601489.281900007277727, -605656.158399998676032 ], [ 2600787.151399999856949, -605422.114899996202439 ], [ 2600751.300500008277595, -605410.164599999086931 ], [ 2600740.67676714155823, -605406.623355710180476 ], [ 2600145.132799997925758, -605208.108699997887015 ], [ 2597837.961500004865229, -604128.606499996967614 ], [ 2596215.125907197594643, -603441.155338368844241 ], [ 2596007.922167290002108, -603353.381535328691825 ], [ 2595810.603789137676358, -603269.795281200436875 ], [ 2594789.955400006845593, -602837.4373000015039 ], [ 2593069.939760408364236, -601062.49762195488438 ], [ 2592854.438099996186793, -600840.114500000141561 ], [ 2593118.356016046367586, -600911.869271094445139 ] ] ] } },
{ "type": "Feature", "properties": { "ID": 601, "YEAR": "2011-2012", "Perimtr_KM": 8.9543204187800001, "AREA_KM": 2.4484303660200002, "SCALE": 1, "THICKNES_M": 211.71611022900001, "VOLUME_KM": 0.51837215325999997, "MASS_GT": 0.47534726453999998, "RECURRANCE": "3-4", "UA_KM": 0.04477160209, "UH_M": 17.572437062399999, "UC_KM": 0.03966283759, "REGION": "East", "ICESHELF": "Sandford" }, "geometry": { "type": "Polygon", "coordinates": [ [ [ 1979195.434699998237193, -1631015.247500000754371 ], [ 1979195.426600001752377, -1631015.341400002129376 ], [ 1978805.985210147686303, -1630956.658428334863856 ], [ 1978337.540899999439716, -1630886.070902461186051 ], [ 1977986.896799999289215, -1630833.234099998371676 ], [ 1976955.019699995405972, -1630158.545299998717383 ], [ 1976904.33733547758311, -1630103.518732808995992 ], [ 1975807.851871060207486, -1628913.048800000920892 ], [ 1975709.341700008139014, -1628806.094900003634393 ], [ 1975907.204700003378093, -1628622.066299998667091 ], [ 1975987.434200008399785, -1628479.74030000064522 ], [ 1976044.913600007072091, -1628469.73 ], [ 1976083.194999996572733, -1628464.892200001981109 ], [ 1976144.899700005538762, -1628437.8310999982059 ], [ 1976617.397300006821752, -1628862.43639999255538 ], [ 1977523.407999997958541, -1629694.433800002560019 ], [ 1978313.560300009325147, -1630172.557700003497303 ], [ 1978916.040300004184246, -1630720.920799997402355 ], [ 1979195.206300003454089, -1630875.156899998895824 ], [ 1979195.206300003454089, -1630890.475900001823902 ], [ 1979195.434699998237193, -1630921.497499997261912 ], [ 1979195.434699998237193, -1630952.747500000521541 ], [ 1979195.434699998237193, -1630983.997499997261912 ], [ 1979195.434699998237193, -1631015.247500000754371 ] ] ] } },
{ "type": "Feature", "properties": { "ID": 603, "YEAR": "2011-2012", "Perimtr_KM": 30.138111029299999, "AREA_KM": 21.3557599956, "SCALE": 2, "THICKNES_M": 429.635868, "VOLUME_KM": 9.1752004825100002, "MASS_GT": 8.4136588424600003, "RECURRANCE": "2-3", "UA_KM": 0.15069055515, "UH_M": 35.659776868199998, "UC_KM": 0.70203324837000003, "REGION": "West", "ICESHELF": "Hull" }, "geometry": { "type": "Polygon", "coordinates": [ [ [ -1116098.287015015492216, -1198211.399832244263962 ], [ -1115959.488821318373084, -1198320.9773564923089 ], [ -1115852.252965370425954, -1198405.637245017802343 ], [ -1115439.800399998901412, -1198731.257699999259785 ], [ -1115417.804831967223436, -1198779.962174621643499 ], [ -1115412.052691163029522, -1198792.699058496858925 ], [ -1115244.370632794918492, -1199163.995064274407923 ], [ -1115081.06392970867455, -1199525.602782869245857 ], [ -1114884.174300002167001, -1199961.572700000368059 ], [ -1114567.950518261641264, -1200030.746640586759895 ], [ -1114300.324759809300303, -1200089.289765370776877 ], [ -1113614.171799998730421, -1200239.385699999751523 ], [ -1111471.042500001145527, -1201588.76339999679476 ], [ -1111332.829307042527944, -1202042.892427037004381 ], [ -1111224.426641422556713, -1202399.072586184367537 ], [ -1111193.229399997042492, -1202501.577799991471693 ], [ -1111089.474162561586127, -1202533.647599269170314 ], [ -1110338.138539582723752, -1202765.878599998075515 ], [ -1109010.412599997129291, -1203176.266600004630163 ], [ -1108986.842006512917578, -1203191.980328998761252 ], [ -1108782.76786402775906, -1203328.029757319716737 ], [ -1108415.0989, -1203573.142399998148903 ], [ -1108365.486776249483228, -1203586.996120671741664 ], [ -1108266.64883859991096, -1203614.595688611967489 ], [ -1108208.823067809455097, -1203630.742993258172646 ], [ -1108092.013299998827279, -1203663.361026372993365 ], [ -1106810.858029167633504, -1204021.11163087002933 ], [ -1106756.001267160987481, -1204036.429867630358785 ], [ -1106753.514269608072937, -1204037.124338395660743 ], [ -1106573.803677850402892, -1204087.306837193202227 ], [ -1106506.26154861273244, -1204106.167343887733296 ], [ -1106453.610699999844655, -1204120.869600004749373 ], [ -1106473.405980331124738, -1204130.57433746708557 ], [ -1106585.007844107458368, -1204185.287722173612565 ], [ -1106825.181416966021061, -1204303.034045067150146 ], [ -1106828.955249938648194, -1204304.884185985894874 ], [ -1106915.894660005578771, -1204347.506676575867459 ], [ -1106959.235000001033768, -1204368.754500002833083 ], [ -1106934.036505155265331, -1204403.881374913733453 ], [ -1106877.337528923759237, -1204482.92013725801371 ], [ -1106874.667065754998475, -1204486.64278125972487 ], [ -1106701.370561061194167, -1204728.219299216754735 ], [ -1106600.9087812860962, -1204868.263710314640775 ], [ -1106585.540500000817701, -1204889.687200000975281 ], [ -1106672.717525239568204, -1204881.904747614869848 ], [ -1106757.002335415920243, -1204874.380488554015756 ], [ -1106973.949116056784987, -1204855.013252900447696 ], [ -1106978.349195875925943, -1204854.620449733687565 ], [ -1107430.697359234560281, -1204814.238502373918891 ], [ -1107668.173199997516349, -1204793.038599998923019 ], [ -1107789.091200009919703, -1204817.711653040489182 ], [ -1108064.654299992602319, -1204873.939699996495619 ], [ -1108147.596399997593835, -1204841.563000003807247 ], [ -1108484.972699995618314, -1204776.35619999980554 ], [ -1108513.044999997597188, -1204770.741799992742017 ], [ -1108736.1666999978479, -1204759.16150000016205 ], [ -1108856.924899994861335, -1204787.175800001714379 ], [ -1108871.48638401646167, -1204790.25721720745787 ], [ -1108985.152100002160296, -1204814.310499997111037 ], [ -1109293.594999997643754, -1204768.413200001232326 ], [ -1109323.064199998741969, -1204764.549899990437552 ], [ -1109490.77129999967292, -1204708.599700001999736 ], [ -1109739.676600003615022, -1204644.384700002148747 ], [ -1109886.88450000109151, -1204657.398199999704957 ], [ -1110077.801099998410791, -1204699.20990000013262 ], [ -1110143.790443678153679, -1204704.567283099750057 ], [ -1110223.852899994002655, -1204711.067199998069555 ], [ -1110451.3789999964647, -1204714.936099995393306 ], [ -1110451.577600000426173, -1204714.737499998183921 ], [ -1110584.613703683484346, -1204831.607696317136288 ], [ -1110661.43119999836199, -1204899.090699999127537 ], [ -1110888.45723812864162, -1205140.054937195731327 ], [ -1110912.526099998038262, -1205165.601500002201647 ], [ -1111072.816008769674227, -1205151.988275182433426 ], [ -1111271.991399426246062, -1205135.072554208571091 ], [ -1112697.403000002494082, -1205014.014099999098107 ], [ -1112631.075756648788229, -1204603.558996982639655 ], [ -1112620.424504383932799, -1204537.645495622418821 ], [ -1112600.239199998555705, -1204412.732099998276681 ], [ -1112673.401252605486661, -1204110.313115967903286 ], [ -1112701.075207629939541, -1203995.921446186257526 ], [ -1112706.085899998899549, -1203975.209500001277775 ], [ -1112972.502294147387147, -1203645.635094239842147 ], [ -1113051.463699999265373, -1203547.954700004542246 ], [ -1113129.411317198770121, -1203344.800203209742904 ], [ -1113142.742699997266755, -1203310.054684851318598 ], [ -1113142.795105746015906, -1203309.918099996168166 ], [ -1113149.189700001152232, -1203293.251899996073917 ], [ -1113145.058800001861528, -1203234.901200003223494 ], [ -1113176.922143961535767, -1203164.220672334544361 ], [ -1113248.759099999442697, -1203004.869100003503263 ], [ -1113361.900800002040341, -1202753.721399998059496 ], [ -1113409.228300003567711, -1202645.108399997232482 ], [ -1114015.241399999707937, -1202275.1645 ], [ -1114404.904899998800829, -1202339.508900003042072 ], [ -1114476.168699999339879, -1202332.714600002393126 ], [ -1114638.210099997464567, -1202316.693090162007138 ], [ -1115108.247599999420345, -1202270.21909999800846 ], [ -1115202.841188582358882, -1202096.91818857868202 ], [ -1115266.194099996704608, -1201980.852000002749264 ], [ -1115239.480899997986853, -1201493.000399999786168 ], [ -1115238.103700000792742, -1201464.783100003376603 ], [ -1115307.436600001063198, -1201464.579899998847395 ], [ -1115851.513799996813759, -1201466.589528306853026 ], [ -1115931.508399998769164, -1201466.884999999077991 ], [ -1115923.634912137174979, -1201375.516932260710746 ], [ -1115887.480879135197029, -1200955.966639489866793 ], [ -1115873.988299996126443, -1200799.391700000502169 ], [ -1115877.172041090670973, -1200742.803899998543784 ], [ -1115891.822447583544999, -1200482.407640138175339 ], [ -1115899.02939999429509, -1200354.311300002038479 ], [ -1115898.641299995826557, -1200214.071600002003834 ], [ -1115902.49839999852702, -1200203.122482135193422 ], [ -1115904.131272903643548, -1200198.487259324640036 ], [ -1116078.729399997973815, -1199702.857 ], [ -1116103.281447794986889, -1199689.320383232086897 ], [ -1116288.430899998173118, -1199587.239399997750297 ], [ -1116324.624199999496341, -1199434.791500002378598 ], [ -1116315.44712576456368, -1199343.205539419781417 ], [ -1116299.942093409830704, -1199188.467411988181993 ], [ -1116297.315425201551989, -1199162.253618269460276 ], [ -1116296.9065, -1199158.172600002959371 ], [ -1116240.519000001018867, -1198766.694899996742606 ], [ -1116461.505091721657664, -1198674.319398250197992 ], [ -1116527.292199996067211, -1198646.819400003645569 ], [ -1116555.362502876203507, -1198660.631176059599966 ], [ -1116635.313200001604855, -1198699.970299998763949 ], [ -1116645.319967585615814, -1198688.672297072364017 ], [ -1116795.39539999817498, -1198519.23169999779202 ], [ -1116928.200599996838719, -1198395.121500004315749 ], [ -1116724.341761429561302, -1198323.171316785737872 ], [ -1116518.019940956728533, -1198250.35184577666223 ], [ -1116356.111477181548253, -1198193.207678200677037 ], [ -1116260.080122892046347, -1198159.314256729092449 ], [ -1116232.273733641020954, -1198149.500236324500293 ], [ -1116193.864399999147281, -1198135.943999995477498 ], [ -1116098.287015015492216, -1198211.399832244263962 ] ] ] } },
{ "type": "Feature", "properties": { "ID": 604, "YEAR": "2011-2012", "Perimtr_KM": 21.215638237499999, "AREA_KM": 13.7472640916, "SCALE": 2, "THICKNES_M": 256.703665839, "VOLUME_KM": 3.5289730875699998, "MASS_GT": 3.2360683213, "RECURRANCE": ">8", "UA_KM": 0.10607819119, "UH_M": 21.3064041596, "UC_KM": 0.27001660016000001, "REGION": "East", "ICESHELF": "Underwood" }, "geometry": { "type": "Polygon", "coordinates": [ [ [ 2405627.715399999171495, -821158.421699993545189 ], [ 2405734.370000001974404, -821303.227600003825501 ], [ 2406173.825800006277859, -820981.120099997147918 ], [ 2406263.030399999581277, -821227.196199998958036 ], [ 2406487.508000001311302, -821824.156199998455122 ], [ 2406612.947400009259582, -822000.469300004187971 ], [ 2406845.631900005973876, -821985.717300002230331 ], [ 2407136.061500002630055, -822198.208699999144301 ], [ 2407357.347700006328523, -822463.079400001326576 ], [ 2407754.77930000051856, -822535.040800001937896 ], [ 2407205.438399999402463, -823201.730000000912696 ], [ 2407071.780000007711351, -823503.02869999804534 ], [ 2406673.218800001777709, -823633.365300002973527 ], [ 2406311.539800000376999, -823508.887400005012751 ], [ 2406200.806600007228553, -823736.968799998052418 ], [ 2406241.530087918974459, -823776.457712390692905 ], [ 2406374.937226877547801, -823905.820473115891218 ], [ 2406405.071300002746284, -823935.041000003227964 ], [ 2406703.623191896826029, -823979.530511415330693 ], [ 2406755.228399996645749, -823987.220599999884143 ], [ 2407291.964900001883507, -824133.11039999849163 ], [ 2407476.33113157004118, -824221.887330210302025 ], [ 2407476.968211390078068, -824222.194100002758205 ], [ 2407736.815658860839903, -824347.317114736884832 ], [ 2407786.566912516020238, -824371.273581904824823 ], [ 2407988.4616, -824468.490900001721457 ], [ 2408077.544030255638063, -824682.113336422247812 ], [ 2408089.684600000269711, -824711.226800001692027 ], [ 2408086.310433113947511, -824764.339133112691343 ], [ 2408069.934326087124646, -825022.113357587484643 ], [ 2408062.761100000701845, -825135.026199999498203 ], [ 2408155.659899996593595, -825835.879000003682449 ], [ 2408345.623499998822808, -826307.375100003788248 ], [ 2408310.956900005228817, -826789.793099996866658 ], [ 2408377.00260001141578, -826826.906668913550675 ], [ 2408390.985700001940131, -826834.764299993403256 ], [ 2408377.002600004896522, -826861.851822268217802 ], [ 2408364.309400003403425, -826886.440600001253188 ], [ 2408358.678857989609241, -826896.593360606580973 ], [ 2408354.493400007486343, -826904.140405428595841 ], [ 2408333.182300008833408, -826942.567699999082834 ], [ 2408264.80080000218004, -827010.949199998285621 ], [ 2408196.419300010427833, -827079.330699997488409 ], [ 2408128.037800004705787, -827147.712200003443286 ], [ 2408114.964200002141297, -827184.296600002562627 ], [ 2407904.311100005172193, -826866.645122014218941 ], [ 2407389.22961497772485, -826089.934999997960404 ], [ 2407311.352293510921299, -825972.500951960217208 ], [ 2407279.385489754378796, -825924.297044872771949 ], [ 2407066.718599997460842, -825603.608900000108406 ], [ 2406891.401000001467764, -825526.131804751465097 ], [ 2406849.283614424057305, -825507.51911159651354 ], [ 2404580.555312840268016, -824504.91309862001799 ], [ 2404380.940293248742819, -824229.269413572270423 ], [ 2404230.925886005163193, -824022.118033006088808 ], [ 2403836.950899998657405, -823478.087204502429813 ], [ 2403785.878700002096593, -823407.562799999723211 ], [ 2403808.838845130056143, -823296.588753160089254 ], [ 2403874.290935868397355, -822980.236946911318228 ], [ 2403943.032367930747569, -822647.986655868822709 ], [ 2403944.629000005312264, -822640.26959999720566 ], [ 2403881.049200014211237, -821797.83709999686107 ], [ 2404368.07219999935478, -821335.731399999931455 ], [ 2404328.381700010970235, -821408.993199997348711 ], [ 2404331.0493, -821415.680200001224875 ], [ 2404783.164200002327561, -821156.397700002649799 ], [ 2405052.691199999302626, -820886.873299999861047 ], [ 2405083.058499999344349, -820885.273200003430247 ], [ 2405409.747800007462502, -820538.18760000448674 ], [ 2405651.879900003783405, -820430.167899999301881 ], [ 2405739.360500005073845, -820475.799899999983609 ], [ 2405842.034600008279085, -820659.113999999826774 ], [ 2405627.715399999171495, -821158.421699993545189 ] ] ] } },
{ "type": "Feature", "properties": { "ID": 605, "YEAR": "2011-2012", "Perimtr_KM": 56.902212937800002, "AREA_KM": 54.330881899399998, "SCALE": 2, "THICKNES_M": 75.798051275099994, "VOLUME_KM": 4.1181749720300003, "MASS_GT": 3.7763664493500002, "RECURRANCE": "3-4", "UA_KM": 0.28451106468999998, "UH_M": 6.2912382248099998, "UC_KM": 0.31509891893000003, "REGION": "East", "ICESHELF": "Conger_Glenzer" }, "geometry": { "type": "Polygon", "coordinates": [ [ [ 2623627.459089084528387, -605062.464999996358529 ], [ 2623625.607599996961653, -605069.873299994040281 ], [ 2623538.117500000633299, -605167.0846000041347 ], [ 2623363.13709999807179, -605254.574799998430535 ], [ 2623315.282006441615522, -605260.556693558581173 ], [ 2623276.026800001971424, -605265.46360000106506 ], [ 2623134.182399998418987, -605279.38580000307411 ], [ 2623108.183700011111796, -605509.528199999127537 ], [ 2623040.135799999348819, -605616.460700002731755 ], [ 2622991.530099998228252, -605713.671999999321997 ], [ 2622943.842500005848706, -605868.291999997571111 ], [ 2622895.236800012178719, -606130.762499995995313 ], [ 2622884.829899997450411, -606325.870899994391948 ], [ 2622893.711100003682077, -606399.140595379984006 ], [ 2622908.697700002230704, -606522.779699999140576 ], [ 2622848.218800005502999, -606749.607499995501712 ], [ 2622760.935599997639656, -606916.379499999107793 ], [ 2622687.517300005070865, -607106.451399997808039 ], [ 2622680.030717479996383, -607122.788894753437489 ], [ 2622605.290699997916818, -607285.889300001319498 ], [ 2622469.194900001399219, -607519.196399994893 ], [ 2622678.693900003097951, -607717.984799997182563 ], [ 2622727.817559737712145, -607815.698724459158257 ], [ 2622808.779799997806549, -607976.744100002804771 ], [ 2622783.013022381812334, -608081.062722377711907 ], [ 2622776.892300006002188, -608105.842899997951463 ], [ 2622663.262800007127225, -608238.914699998917058 ], [ 2622547.11270000692457, -608432.833800000371411 ], [ 2622549.882200002670288, -608556.438999992562458 ], [ 2622666.535800008103251, -608682.813700000755489 ], [ 2622862.7280000038445, -608615.180445160483941 ], [ 2622874.229900001548231, -608611.215399997541681 ], [ 2622872.543300000950694, -608476.806099996436387 ], [ 2623029.205800009891391, -608504.845099998638034 ], [ 2623150.352900002151728, -608599.028199997497723 ], [ 2623188.985900001600385, -608976.330900000175461 ], [ 2623149.268200003542006, -609036.098500001011416 ], [ 2623110.383599998429418, -609113.867500001797453 ], [ 2623110.383599998429418, -609288.847899996908382 ], [ 2623111.993200009688735, -609394.17069999803789 ], [ 2623123.286300003528595, -609445.936699998565018 ], [ 2623061.8963832128793, -609692.220526040764526 ], [ 2623036.935400010086596, -609792.358899999409914 ], [ 2623025.665200007148087, -609811.017200002446771 ], [ 2623007.015300007537007, -609975.483999994350597 ], [ 2622987.573100002482533, -610189.348799998871982 ], [ 2623086.849700001999736, -610313.658199997618794 ], [ 2623259.980199999175966, -610373.834799994248897 ], [ 2623463.517300001345575, -610510.537199998274446 ], [ 2623580.170900006778538, -610666.075299997581169 ], [ 2623715.604400009848177, -610822.275699997553602 ], [ 2623795.855400007218122, -610951.190000003902242 ], [ 2623813.867000007070601, -610979.708300000289455 ], [ 2623850.98400001693517, -611095.183500002138317 ], [ 2623900.9628000035882, -611259.069600003771484 ], [ 2623949.568400006741285, -611395.165499998722225 ], [ 2624094.766000002622604, -611492.996199996443465 ], [ 2624217.734400005079806, -611506.123599997488782 ], [ 2624255.946100004017353, -611495.376499996054918 ], [ 2624324.666800004430115, -611545.0080999978818 ], [ 2624391.927218843251467, -611548.964583256049082 ], [ 2624489.925999999046326, -611554.729200000176206 ], [ 2624535.980834730900824, -611662.035034728702158 ], [ 2624548.3119, -611690.765899998834357 ], [ 2624566.79999999795109, -611721.408723442582414 ], [ 2624568.265262042172253, -611723.837299996986985 ], [ 2624614.157500006258488, -611799.900700001511723 ], [ 2624739.981600008904934, -611868.499199999030679 ], [ 2624924.68299999460578, -611946.268199999816716 ], [ 2625039.137000000104308, -612045.679099996574223 ], [ 2625047.699230092577636, -612049.820930096786469 ], [ 2625242.242999999783933, -612143.928100002696738 ], [ 2625493.373199999332428, -612203.874100002460182 ], [ 2625509.465300002135336, -612207.524300002260134 ], [ 2625514.710500001907349, -612214.318400000222027 ], [ 2625540.369500004686415, -612238.837500001071021 ], [ 2625567.641699999570847, -612261.687899999087676 ], [ 2625593.730000008828938, -612285.618100001709536 ], [ 2625616.855100004933774, -612312.336100003449246 ], [ 2625638.700300009921193, -612340.055500001646578 ], [ 2625661.779600005596876, -612366.116099997190759 ], [ 2625687.761100000701845, -612388.64619999891147 ], [ 2625714.833099997602403, -612409.177100001368672 ], [ 2625740.326900001615286, -612429.997099997708574 ], [ 2625782.56700000539422, -612474.312099997187033 ], [ 2625803.257399995811284, -612492.308300002478063 ], [ 2625820.134199997410178, -612501.576399998506531 ], [ 2625837.367300007492304, -612507.388099995674565 ], [ 2625870.966599997133017, -612513.824700003024191 ], [ 2625888.483699996955693, -612519.352500001201406 ], [ 2625905.630300016142428, -612528.35079999291338 ], [ 2625922.113100011833012, -612540.529300002381206 ], [ 2625954.973500003106892, -612570.661599994171411 ], [ 2625971.132300003431737, -612588.091200003866106 ], [ 2625991.021700005047023, -612614.515700000571087 ], [ 2626010.151400009170175, -612642.989199996227399 ], [ 2626030.827999997884035, -612670.824300001841038 ], [ 2626048.413900007493794, -612690.046799995470792 ], [ 2626067.026099995709956, -612708.505800002254546 ], [ 2626085.892199996858835, -612726.904299998888746 ], [ 2626105.78600000217557, -612744.414299995871261 ], [ 2626135.087600005790591, -612765.131399992853403 ], [ 2626165.946499997749925, -612784.395199998514727 ], [ 2626196.062400002032518, -612804.457499996758997 ], [ 2626279.717699998058379, -612871.40320000378415 ], [ 2626319.756399998441339, -612906.625500000314787 ], [ 2626381.378700006753206, -612957.810499996179715 ], [ 2626402.288599998690188, -612974.481299996608868 ], [ 2626432.513000008650124, -612994.349800000665709 ], [ 2626463.856400002725422, -613013.083699994720519 ], [ 2626493.900099999271333, -613033.104099993826821 ], [ 2626514.571800008416176, -613049.972799999173731 ], [ 2626554.39019999653101, -613085.219099996844307 ], [ 2626573.673599999397993, -613103.461099998326972 ], [ 2626591.578700006939471, -613123.077800000784919 ], [ 2626626.20989999640733, -613163.480800001183525 ], [ 2626642.841399998404086, -613184.362600001040846 ], [ 2626662.672300015576184, -613214.546300000278279 ], [ 2626681.438200016506016, -613245.79199999733828 ], [ 2626701.494800003245473, -613275.744600003119558 ], [ 2626718.466500005684793, -613296.278499991400167 ], [ 2626754.373100004158914, -613335.380699996137992 ], [ 2626773.328300003893673, -613353.928700003074482 ], [ 2626794.020000007934868, -613370.739799999864772 ], [ 2626815.682999997399747, -613386.579100001370534 ], [ 2626837.758900017477572, -613402.00499999569729 ], [ 2626862.584899998269975, -613414.680699997581542 ], [ 2626899.296200004406273, -613427.971199993509799 ], [ 2626939.397500005550683, -613437.87119999807328 ], [ 2626981.720499999821186, -613445.364900002488866 ], [ 2627055.758000005036592, -613509.22260000067763 ], [ 2627306.024699999019504, -613664.926200000336394 ], [ 2627308.186400005593896, -613669.086700001033023 ], [ 2627329.57640000898391, -613697.696799994213507 ], [ 2627353.664300003089011, -613718.60890000173822 ], [ 2627381.319799999706447, -613735.953499996569008 ], [ 2627440.800100003369153, -613766.473200001288205 ], [ 2627445.41849999781698, -613769.080300001194701 ], [ 2627455.370199996978045, -613790.089499998139217 ], [ 2627530.066400001756847, -613890.373700002208352 ], [ 2627717.148899998515844, -614033.809500004863366 ], [ 2627823.163600008003414, -614122.217499999562278 ], [ 2627920.374899998307228, -614170.823200000217184 ], [ 2628075.912999997846782, -614238.871099998708814 ], [ 2628221.938400000333786, -614293.816099994117394 ], [ 2628253.454200002364814, -614323.80030000093393 ], [ 2628554.694999996572733, -614518.337200002744794 ], [ 2628673.56170001719147, -614593.893100003013387 ], [ 2628731.888500005938113, -614642.498699998948723 ], [ 2628848.179300001822412, -614740.072799992281944 ], [ 2629093.285199996083975, -614912.975499995751306 ], [ 2629219.061600003391504, -614991.342900002608076 ], [ 2629341.690447134897113, -615039.031900000525638 ], [ 2629394.04190000705421, -615059.390800001099706 ], [ 2629406.422000006772578, -615059.966599997365847 ], [ 2629462.134000005200505, -615097.696316921152174 ], [ 2629467.009586808271706, -615100.998199999565259 ], [ 2629534.293000003322959, -615146.564399990718812 ], [ 2629559.994000003673136, -615155.90909999795258 ], [ 2629771.965300004929304, -615210.439752720063552 ], [ 2629869.275199994444847, -615235.473199998727068 ], [ 2629808.701846660114825, -615227.807418687967584 ], [ 2629785.970635006204247, -615224.930699999909848 ], [ 2629771.965300004929304, -615223.158273192122579 ], [ 2629411.023925660178065, -615177.479810816701502 ], [ 2626770.831419035792351, -614843.353709861403331 ], [ 2625963.948500006459653, -614741.239700002362952 ], [ 2624143.888562855310738, -614235.667468695668504 ], [ 2622153.940900004468858, -613682.904200000222772 ], [ 2620168.910267123021185, -612990.451667851302773 ], [ 2619878.51959999743849, -612889.152599999681115 ], [ 2619633.201204312965274, -612843.863054857589304 ], [ 2616438.929399997927248, -612254.151399993570521 ], [ 2614904.343000006861985, -611672.066899998812005 ], [ 2614733.654776009730995, -611609.99845224362798 ], [ 2613158.089500002563, -611037.065600001718849 ], [ 2610194.750299997627735, -610296.230799996992573 ], [ 2608758.804795571602881, -609376.004799997899681 ], [ 2608598.688599998131394, -609273.394299995852634 ], [ 2608869.252900005318224, -609365.75219999672845 ], [ 2609185.014300008304417, -609412.912999995751306 ], [ 2609414.022000002674758, -609494.981499993009493 ], [ 2609655.970100000500679, -609529.545500001637265 ], [ 2609915.121399998664856, -609546.9063000024762 ], [ 2609977.189799999818206, -609556.369309643283486 ], [ 2610260.023400014266372, -609599.490399999544024 ], [ 2610432.782000004313886, -609616.834000001428649 ], [ 2610587.668600005097687, -609652.049500002060086 ], [ 2610669.518000000156462, -609604.764100002823398 ], [ 2610865.866100003011525, -609469.833099998068064 ], [ 2610997.6464, -609471.638399998424575 ], [ 2611547.176500008441508, -609591.205999997910112 ], [ 2611595.191500000655651, -609629.601099994732067 ], [ 2611785.293600008822978, -609664.165100003359839 ], [ 2611959.367699997499585, -609662.910999996820465 ], [ 2612257.342100004665554, -609555.038800002308562 ], [ 2612350.611900005489588, -609506.538499996997416 ], [ 2612398.254699997603893, -609507.12580000073649 ], [ 2612461.484700002707541, -609512.80669999634847 ], [ 2612581.258899997919798, -609455.248000001069158 ], [ 2612777.338799997232854, -609395.263999996241182 ], [ 2612950.250000009313226, -609416.77540000481531 ], [ 2613222.441599996760488, -609494.544399998849258 ], [ 2613527.116900006309152, -609575.481999998213723 ], [ 2613663.601600005291402, -609578.325399999739602 ], [ 2613762.019999999552965, -609577.118299996014684 ], [ 2613968.879699999466538, -609584.123499998589978 ], [ 2614201.841999998316169, -609652.516199997859076 ], [ 2614299.17679999768734, -609690.135699992068112 ], [ 2614442.974000005982816, -609741.902699992293492 ], [ 2614722.312100004404783, -609831.967500003986061 ], [ 2615032.40219999756664, -609910.722600003937259 ], [ 2615401.848700006492436, -609949.563599997200072 ], [ 2615714.215100008994341, -609987.157800003187731 ], [ 2616210.874200008809566, -610025.160900000249967 ], [ 2616553.662099994719028, -610051.776000002864748 ], [ 2616777.248099999502301, -610051.776000002864748 ], [ 2617173.843100004829466, -610024.583900001598522 ], [ 2617419.175199997611344, -609895.905399993760511 ], [ 2617755.719400002621114, -609656.572400001110509 ], [ 2617983.807299997657537, -609467.368999999947846 ], [ 2618104.413500008173287, -609385.647400001063943 ], [ 2618354.100400007329881, -609184.566099998308346 ], [ 2618547.169800003990531, -609040.10229999688454 ], [ 2618906.022100006230175, -608836.788100000936538 ], [ 2619317.03589999768883, -608454.937700000824407 ], [ 2619482.144599996507168, -608241.223399999551475 ], [ 2619677.215300003997982, -608007.268199998419732 ], [ 2620047.865500012412667, -607675.502399992663413 ], [ 2620353.643800004385412, -607486.377700000070035 ], [ 2621247.527499997057021, -606870.717699994100258 ], [ 2621317.812199996784329, -606862.448899997165427 ], [ 2621871.849200008437037, -606288.969700001645833 ], [ 2622055.265999997965991, -606134.716300003230572 ], [ 2622561.782499996945262, -605705.968799998052418 ], [ 2622761.185800005681813, -605506.565399998798966 ], [ 2622756.728700009174645, -605287.436500003794208 ], [ 2622793.942899999208748, -605143.289999992586672 ], [ 2623007.807699996978045, -604978.030799997504801 ], [ 2623190.835200012661517, -604950.541400001617149 ], [ 2623262.801300005055964, -604752.200600001262501 ], [ 2623281.817399999126792, -604742.692600003210828 ], [ 2623496.108400004915893, -604635.547099993331358 ], [ 2623666.777800009585917, -604464.877700002165511 ], [ 2623729.973700017668307, -604166.954199999105185 ], [ 2624020.549699999392033, -604731.582099996972829 ], [ 2623853.346200002357364, -604754.644599999301136 ], [ 2623726.971500000916421, -604832.413699998054653 ], [ 2623675.708400003612041, -604902.900399999693036 ], [ 2623661.236700014211237, -604927.311799998395145 ], [ 2623627.459089084528387, -605062.464999996358529 ] ] ] } },
{ "type": "Feature", "properties": { "ID": 606, "YEAR": "2011-2012", "Perimtr_KM": 12.5188340034, "AREA_KM": 6.2498020681100002, "SCALE": 1, "THICKNES_M": 364.33853149399999, "VOLUME_KM": 2.2770437076199999, "MASS_GT": 2.0880490798900002, "RECURRANCE": "4-5", "UA_KM": 0.06259417002000001, "UH_M": 30.240097964899999, "UC_KM": 0.17422620833, "REGION": "West", "ICESHELF": "Thwaites" }, "geometry": { "type": "Polygon", "coordinates": [ [ [ -1575508.589399992022663, -389859.002367061097175 ], [ -1575384.576542751863599, -389775.528097771573812 ], [ -1575245.244299999671057, -389681.742199991829693 ], [ -1575207.015886488603428, -390152.388725542463362 ], [ -1575080.791784808272496, -391706.388210085220635 ], [ -1575043.621999996947125, -392164.001499998383224 ], [ -1575378.56145581533201, -392431.633882463444024 ], [ -1575448.342099998379126, -392487.391900002490729 ], [ -1575450.566524697234854, -392615.359601690899581 ], [ -1575453.178627430694178, -392765.629819206893444 ], [ -1575455.535799995763227, -392901.234300001524389 ], [ -1575676.676800002809614, -392800.033751429989934 ], [ -1576013.494899995159358, -392645.896000004373491 ], [ -1576651.166700003668666, -392307.61079999897629 ], [ -1577405.339600001694635, -391801.172600003425032 ], [ -1577574.923199996352196, -391793.271899995859712 ], [ -1577824.80249999766238, -391366.673199998214841 ], [ -1578674.516599998110905, -390711.787000001873821 ], [ -1578878.202899996191263, -390264.835299997590482 ], [ -1577427.5336, -390847.409499996341765 ], [ -1577246.295699995476753, -390584.841999992728233 ], [ -1576410.062899999786168, -389626.614599995780736 ], [ -1575867.239999999757856, -390100.413600000087172 ], [ -1575508.589399992022663, -389859.002367061097175 ] ] ] } },
{ "type": "Feature", "properties": { "ID": 607, "YEAR": "2011-2012", "Perimtr_KM": 6.3567095446200002, "AREA_KM": 1.4784334557900001, "SCALE": 1, "THICKNES_M": 420.07252502400002, "VOLUME_KM": 0.62104927485000005, "MASS_GT": 0.56950218504000005, "RECURRANCE": "6-8", "UA_KM": 0.03178354772, "UH_M": 34.866019405099998, "UC_KM": 0.04751909679, "REGION": "West", "ICESHELF": "Thwaites" }, "geometry": { "type": "Polygon", "coordinates": [ [ [ -1576767.661069302121177, -384771.31930000288412 ], [ -1576727.222699997713789, -384802.428717682603747 ], [ -1576713.037831783061847, -384813.341199999209493 ], [ -1576643.179100000299513, -384867.083833621349186 ], [ -1576329.622400001389906, -385108.30439999839291 ], [ -1576391.048000001115724, -385112.89687866345048 ], [ -1576719.34540000394918, -385137.442000004928559 ], [ -1577567.870800001779571, -385172.669999999459833 ], [ -1577762.259399995906278, -384838.415199992246926 ], [ -1578033.166438835905865, -384813.341199999209493 ], [ -1578618.205500000854954, -384759.192479913122952 ], [ -1578692.758200000971556, -384752.292199997231364 ], [ -1578707.77398081170395, -384723.772706039249897 ], [ -1579052.922199998283759, -384068.232199999969453 ], [ -1577428.146000002976507, -384263.20530000096187 ], [ -1576767.661069302121177, -384771.31930000288412 ] ] ] } },
{ "type": "Feature", "properties": { "ID": 608, "YEAR": "2011-2012", "Perimtr_KM": 17.645148901599999, "AREA_KM": 11.6939443033, "SCALE": 2, "THICKNES_M": 113.003263758, "VOLUME_KM": 1.32145387248, "MASS_GT": 1.21177320106, "RECURRANCE": "2-3", "UA_KM": 0.08822574451, "UH_M": 9.3792708456600007, "UC_KM": 0.10111000369000001, "REGION": "West", "ICESHELF": "Ferrigno" }, "geometry": { "type": "Polygon", "coordinates": [ [ [ -1789080.902299997163936, 200336.252000001724809 ], [ -1788980.986799997743219, 200188.120100002735853 ], [ -1788845.611193235265091, 200197.922729996033013 ], [ -1788767.058200003579259, 200203.610799999907613 ], [ -1788460.375700002769008, 200179.563500005286187 ], [ -1788636.786299997009337, 200350.419200002681464 ], [ -1787369.70829999493435, 200443.759200003929436 ], [ -1786258.385948932264, 199934.403144305106252 ], [ -1786099.705700000515208, 199861.674700002651662 ], [ -1786575.956700001377612, 198009.587700004689395 ], [ -1786364.289599995361641, 197268.752899999730289 ], [ -1786684.31339999823831, 196214.556900002993643 ], [ -1787946.062899998389184, 196112.952900001313537 ], [ -1787948.211099998094141, 196128.335200004279613 ], [ -1787916.571999996202067, 196171.302699998952448 ], [ -1787892.918699994217604, 196240.237100004218519 ], [ -1787885.763300002552569, 196286.277000003028661 ], [ -1787936.607799997087568, 196353.752700006123632 ], [ -1788267.722399997757748, 196525.347500010859221 ], [ -1788369.102899999124929, 196539.325100005604327 ], [ -1788703.964699998265132, 196565.356099999975413 ], [ -1788766.986800000537187, 196899.209799997508526 ], [ -1788958.564099997514859, 197289.7171 ], [ -1789049.636599997989833, 197066.352599996142089 ], [ -1789126.907700000563636, 196642.839700005482882 ], [ -1789365.077100003371015, 197092.745400014799088 ], [ -1789611.613300001248717, 197483.427000005729496 ], [ -1789349.18859999650158, 197863.559199997223914 ], [ -1789240.183400000212714, 198021.973900000564754 ], [ -1789228.44869999634102, 198060.953600002452731 ], [ -1789223.373199998633936, 198064.980600002687424 ], [ -1789221.282999999355525, 198086.473900003824383 ], [ -1789173.142400000244379, 198477.293000007979572 ], [ -1789113.454200000735, 198567.368500009644777 ], [ -1788770.08280000067316, 198761.911500001326203 ], [ -1788816.465999997453764, 198913.966300006024539 ], [ -1789173.2805999990087, 199227.36450000340119 ], [ -1789243.860900001367554, 199414.644100000616163 ], [ -1789411.382299997378141, 199377.385300005786121 ], [ -1789500.264099997701123, 199480.860599999781698 ], [ -1789624.937099997187033, 199622.657799997832626 ], [ -1789632.556299996795133, 199635.769600007683039 ], [ -1789737.055899997940287, 199968.594699998851866 ], [ -1789915.5167, 200233.184600005857646 ], [ -1789707.522100003436208, 200619.139300010167062 ], [ -1789390.18489999929443, 200821.885700001381338 ], [ -1789290.082100000698119, 201069.65229999832809 ], [ -1789203.400699997553602, 200815.411200000438839 ], [ -1789157.390000001527369, 200590.494200004264712 ], [ -1789080.902299997163936, 200336.252000001724809 ] ] ] } },
{ "type": "Feature", "properties": { "ID": 609, "YEAR": "2011-2012", "Perimtr_KM": 12.423039479, "AREA_KM": 4.5340995419, "SCALE": 1, "THICKNES_M": 153.279173, "VOLUME_KM": 0.69498302808000001, "MASS_GT": 0.63729943675, "RECURRANCE": "1-2", "UA_KM": 0.0621151974, "UH_M": 12.722171296300001, "UC_KM": 0.05317607977, "REGION": "West", "ICESHELF": "Alison" }, "geometry": { "type": "Polygon", "coordinates": [ [ [ -1751363.493882877286524, 242721.110179502516985 ], [ -1751028.81883605197072, 242192.675904009491205 ], [ -1751015.563621191773564, 242171.746617744676769 ], [ -1750966.089790764497593, 242093.630044711753726 ], [ -1750347.673583474941552, 241117.183418202213943 ], [ -1750279.268038829090074, 241009.174665331840515 ], [ -1750232.717300003627315, 240935.673500007949769 ], [ -1750247.040053502423689, 240892.780925065744668 ], [ -1750348.691811471246183, 240588.362808388657868 ], [ -1750380.757978422567248, 240492.333754404913634 ], [ -1750726.956595642259344, 239455.56731617404148 ], [ -1750753.169947683112696, 239377.065778968855739 ], [ -1750844.279979671118781, 239104.217134695965797 ], [ -1750931.897837677504867, 238841.826558722183108 ], [ -1751126.412513151532039, 238259.310403981246054 ], [ -1751220.128665772033855, 237978.657169323414564 ], [ -1751226.939941633259878, 237958.259334486443549 ], [ -1751267.805203564465046, 237835.879492536652833 ], [ -1751277.534409392625093, 237806.743286991026253 ], [ -1751368.329009569715708, 237534.839325837325305 ], [ -1751509.252946743508801, 237687.255854187533259 ], [ -1751563.998399999225512, 237746.465899999253452 ], [ -1751467.162235595285892, 237927.075976516120136 ], [ -1751454.203036443330348, 237951.246305495966226 ], [ -1751383.035147899063304, 238083.982229869812727 ], [ -1751379.815251162974164, 238089.987690732814372 ], [ -1751319.327599999727681, 238202.803800004534423 ], [ -1751224.024426820455119, 238770.619099102914333 ], [ -1751216.503085631411523, 238815.431170478463173 ], [ -1751212.597300000721589, 238838.70180000225082 ], [ -1751217.327805777080357, 238849.244676530826837 ], [ -1751301.862221687333658, 239037.646498963236809 ], [ -1751302.188135975971818, 239038.37286402285099 ], [ -1751402.599028358934447, 239262.158583885990083 ], [ -1751531.709300001617521, 239549.906600004527718 ], [ -1751624.459300000220537, 239693.230200002435595 ], [ -1751681.192999998340383, 239847.542100004386157 ], [ -1751691.989799994742498, 239880.113300004508346 ], [ -1751743.86021818080917, 240227.615975560620427 ], [ -1751749.708099995972589, 240266.793499997351319 ], [ -1751762.306299998192117, 240264.275016053579748 ], [ -1752014.737200001720339, 240213.812000010162592 ], [ -1752038.616300739115104, 240274.954097832553089 ], [ -1752126.203899995656684, 240499.220900000073016 ], [ -1752186.874899994581938, 240662.894500012509525 ], [ -1752037.598237426485866, 241008.453962570521981 ], [ -1751964.259999999310821, 241178.224116021767259 ], [ -1751939.392914682626724, 241235.788751309271902 ], [ -1751924.657258050749078, 241269.900215886998922 ], [ -1751905.64929999737069, 241313.901600004173815 ], [ -1751904.422958710463718, 241320.323800002690405 ], [ -1751845.745944355614483, 241627.608180135022849 ], [ -1751806.069459507009014, 241835.389100595377386 ], [ -1751777.581523673143238, 241984.576952077448368 ], [ -1751753.083800000138581, 242112.868548300582916 ], [ -1751718.305799999041483, 242294.996700002811849 ], [ -1751676.233550245407969, 242602.380907898303121 ], [ -1751607.2943, 243106.058200006838888 ], [ -1751363.493882877286524, 242721.110179502516985 ] ] ] } },
{ "type": "Feature", "properties": { "ID": 610, "YEAR": "2011-2012", "Perimtr_KM": 16.7329233667, "AREA_KM": 4.2441176547600001, "SCALE": 1, "THICKNES_M": 329.80198160800001, "VOLUME_KM": 1.39971841272, "MASS_GT": 1.2835417844599999, "RECURRANCE": "6-8", "UA_KM": 0.08366461683, "UH_M": 27.3735643385, "UC_KM": 0.10709835343, "REGION": "West", "ICESHELF": "Alison" }, "geometry": { "type": "Polygon", "coordinates": [ [ [ -1751823.14359076321125, 254531.918113603722304 ], [ -1751820.220499997958541, 254508.825700007379055 ], [ -1751805.871539863059297, 254424.036376214120537 ], [ -1751529.178300003055483, 252789.030600001104176 ], [ -1751396.886299999663606, 251651.320000003091991 ], [ -1751686.116399998543784, 250803.728000010363758 ], [ -1751759.419899999629706, 251487.010600001551211 ], [ -1751833.875399998389184, 251874.200800008140504 ], [ -1751872.886199998203665, 252271.188900004141033 ], [ -1751829.677122886059806, 252644.903306233230978 ], [ -1751827.62079999758862, 252662.688399996142834 ], [ -1752148.003933612955734, 253275.199612832628191 ], [ -1752149.110000000800937, 253277.314200001768768 ], [ -1752159.534242548514158, 253332.114194091409445 ], [ -1752284.375100002624094, 253988.399599998258054 ], [ -1752374.636700001079589, 254731.664900000207126 ], [ -1752462.914199960650876, 254995.2957245525904 ], [ -1752548.345000000437722, 255250.425199994817376 ], [ -1752677.195900002028793, 255698.631399997510016 ], [ -1752694.491899999789894, 255955.859899998642504 ], [ -1752714.688600000459701, 255959.803699994459748 ], [ -1752757.506800001021475, 255965.117500013671815 ], [ -1752802.557399998651817, 255968.229100005235523 ], [ -1752848.675699999090284, 255970.308900000993162 ], [ -1752880.660242301411927, 255971.012166142463684 ], [ -1752901.033447727793828, 255971.460125824436545 ], [ -1752990.441400000592694, 255973.425999994389713 ], [ -1753036.500799998641014, 255975.784999997820705 ], [ -1753081.340200000442564, 255979.440699993167073 ], [ -1753124.997800000244752, 255984.363600003533065 ], [ -1753166.640099999727681, 255991.393600004725158 ], [ -1753203.799700000789016, 256003.001500005833805 ], [ -1753234.919099998427555, 256020.742100006435066 ], [ -1753259.996099997311831, 256044.605100001208484 ], [ -1753280.918799996841699, 256072.675900000147521 ], [ -1753318.966799999354407, 256132.549499997403473 ], [ -1753340.130799999460578, 256160.109100000467151 ], [ -1753365.326099999481812, 256183.250500007532537 ], [ -1753421.871400000993162, 256221.005399996880442 ], [ -1753446.847100001759827, 256241.051400005351752 ], [ -1753466.284399998607114, 256264.272300004493445 ], [ -1753477.938799999421462, 256291.872199999168515 ], [ -1753482.003300001611933, 256322.256800002418458 ], [ -1753478.870499998796731, 256353.167199999559671 ], [ -1753469.768300001276657, 256380.921400001272559 ], [ -1753452.452499997103587, 256404.577600004617125 ], [ -1753426.084300002083182, 256422.492400002200156 ], [ -1753392.74219999788329, 256435.506700003519654 ], [ -1753354.584800001000986, 256445.141700014006346 ], [ -1753313.192799999844283, 256452.882500014733523 ], [ -1753227.290500002214685, 256466.552900015376508 ], [ -1753184.629799996502697, 256475.563500004820526 ], [ -1753145.144599996507168, 256486.52840000204742 ], [ -1753109.147399996640161, 256502.200800005346537 ], [ -1753080.023800000315532, 256522.875300003681332 ], [ -1753057.852699998999014, 256551.39240001142025 ], [ -1753041.330800000810996, 256586.573500014375895 ], [ -1753030.688299997476861, 256625.003000008873641 ], [ -1753023.274399999761954, 256666.878000009339303 ], [ -1753022.601141878403723, 256675.961769455112517 ], [ -1753020.1309, 256709.290900005958974 ], [ -1753019.337099998723716, 256752.761600005440414 ], [ -1753022.615799997700378, 256794.528600003104657 ], [ -1753029.539399996865541, 256834.259199993684888 ], [ -1753041.685699997469783, 256869.826400002464652 ], [ -1753059.35899999900721, 256900.536600008141249 ], [ -1753083.317999999271706, 256925.359300009906292 ], [ -1753093.134500359417871, 256933.436846980359405 ], [ -1753110.196399997221306, 256947.476300004869699 ], [ -1753167.1145, 256988.748099996708333 ], [ -1753193.772900000214577, 257011.1639000098221 ], [ -1753215.048300000838935, 257038.911899996455759 ], [ -1753250.748899998608977, 257101.089400011580437 ], [ -1753270.896000002278015, 257129.810199992731214 ], [ -1753295.236099995905533, 257154.307400010060519 ], [ -1753325.681699999142438, 257172.683800000231713 ], [ -1753362.264300001319498, 257184.922999995294958 ], [ -1753402.783799998927861, 257193.238400003407151 ], [ -1753445.120900001842529, 257199.758800002746284 ], [ -1753490.497400002554059, 257203.266000000759959 ], [ -1753537.170300001045689, 257205.496899994555861 ], [ -1753675.151499998522922, 257214.043200000189245 ], [ -1753720.606499998597428, 257217.132800003048033 ], [ -1753763.569600002607331, 257222.33900000480935 ], [ -1753802.595399998826906, 257230.871499995701015 ], [ -1753840.061799995601177, 257240.015700004063547 ], [ -1753870.885800000280142, 257254.383200007956475 ], [ -1753896.623599996557459, 257271.767700002528727 ], [ -1753913.304899998242036, 257295.255699994042516 ], [ -1753919.679999995743856, 257316.371200001332909 ], [ -1753257.229923429666087, 257578.676576876547188 ], [ -1752795.657669751904905, 257761.441872316412628 ], [ -1752687.43270000256598, 257804.294900006614625 ], [ -1752084.804399999557063, 256599.038200009614229 ], [ -1751823.14359076321125, 254531.918113603722304 ] ] ] } },
{ "type": "Feature", "properties": { "ID": 612, "YEAR": "2011-2012", "Perimtr_KM": 16.883238745900002, "AREA_KM": 3.42368070824, "SCALE": 1, "THICKNES_M": 181.18987147000001, "VOLUME_KM": 0.62033626748000004, "MASS_GT": 0.56884835728000005, "RECURRANCE": "1-2", "UA_KM": 0.08441619373000001, "UH_M": 15.038759257900001, "UC_KM": 0.04746454159, "REGION": "Peninsula", "ICESHELF": "Verdi" }, "geometry": { "type": "Polygon", "coordinates": [ [ [ -1944002.692901425296441, 539105.043923571240157 ], [ -1943869.529575884342194, 538515.320559023413807 ], [ -1943801.745950487209484, 538215.135898794047534 ], [ -1943782.247692992910743, 538128.78646311769262 ], [ -1943685.601872144499794, 537700.783494498115033 ], [ -1943620.480000000447035, 537412.38660000031814 ], [ -1943554.435799996834248, 537274.294200004544109 ], [ -1943322.823099999455735, 536817.072899996303022 ], [ -1943373.607479853788391, 536594.89135328354314 ], [ -1943455.115099995862693, 536238.295700002461672 ], [ -1943746.833000000566244, 535916.657999995164573 ], [ -1943823.312719461973757, 535376.984793948940933 ], [ -1944050.428700001677498, 533774.358500004280359 ], [ -1944637.138948158826679, 532539.179094078484923 ], [ -1944678.815399997867644, 532451.439199998509139 ], [ -1944745.179147795308381, 532433.909157469402999 ], [ -1944788.51022560778074, 532422.46321503771469 ], [ -1944851.575630417326465, 532405.804432721342891 ], [ -1945039.032779159024358, 532356.287461497355253 ], [ -1945153.158809626009315, 532326.140969866421074 ], [ -1945172.318199996836483, 532321.079999997280538 ], [ -1945091.761619332712144, 532501.442874554079026 ], [ -1944951.180719651980326, 532816.197733373846859 ], [ -1944647.707100002560765, 533495.662700003478676 ], [ -1944458.858199999202043, 534676.701200015377253 ], [ -1944384.849314424209297, 534936.802025074139237 ], [ -1944235.155170517973602, 535462.895210125949234 ], [ -1944208.948399994522333, 535554.997700002510101 ], [ -1943932.885799999115989, 535845.958200003020465 ], [ -1943954.929200002923608, 536947.079400003422052 ], [ -1944029.440056764287874, 537416.668428163975477 ], [ -1944089.633562024217099, 537796.025354962795973 ], [ -1944138.897899998817593, 538106.503500002902001 ], [ -1944172.092988369986415, 538210.787704781629145 ], [ -1944426.044399998616427, 539008.590099999215454 ], [ -1944617.443799999542534, 539433.830100005492568 ], [ -1944624.341999999247491, 539622.511199994944036 ], [ -1944604.036400000564754, 539643.607700000051409 ], [ -1944449.874199998099357, 540116.010300002526492 ], [ -1944083.501700000837445, 539462.911499994806945 ], [ -1944002.692901425296441, 539105.043923571240157 ] ] ] } },
{ "type": "Feature", "properties": { "ID": 613, "YEAR": "2011-2012", "Perimtr_KM": 8.0609666204800003, "AREA_KM": 2.0843130507400001, "SCALE": 1, "THICKNES_M": 173.04935607900001, "VOLUME_KM": 0.3606890313, "MASS_GT": 0.3307518417, "RECURRANCE": ">8", "UA_KM": 0.0403048331, "UH_M": 14.3630964837, "UC_KM": 0.02759783754, "REGION": "Peninsula", "ICESHELF": "Britten" }, "geometry": { "type": "Polygon", "coordinates": [ [ [ -1817597.9281, 569198.092200010549277 ], [ -1817799.588400000706315, 568975.411700001917779 ], [ -1817867.16559999762103, 569661.58760000532493 ], [ -1817438.539799998048693, 570423.589099995326251 ], [ -1817136.91419999813661, 572011.092299996409565 ], [ -1816777.415500000584871, 572310.674499997403473 ], [ -1816672.833100000629202, 572208.142700004391372 ], [ -1816269.516199997160584, 572087.808500013314188 ], [ -1816464.168899997370318, 571902.589100001845509 ], [ -1816443.269599998136982, 571459.560500005725771 ], [ -1816643.193700001342222, 570744.719200007151812 ], [ -1816640.212199999019504, 570424.239699998870492 ], [ -1816593.373800000641495, 570401.084400000050664 ], [ -1816613.217599997296929, 570354.782200011890382 ], [ -1816732.280300000216812, 570255.563300006091595 ], [ -1816890.73860000167042, 570239.343300002627075 ], [ -1817224.92569999746047, 569792.698999995365739 ], [ -1817253.445599994855002, 569681.212100003380328 ], [ -1817353.4037, 569554.787000014912337 ], [ -1817316.155499997083098, 569440.177200006321073 ], [ -1817355.843099997378886, 569321.114399998448789 ], [ -1817506.26139999483712, 569251.438700004015118 ], [ -1817506.185600001132116, 569248.10480001475662 ], [ -1817597.9281, 569198.092200010549277 ] ] ] } },
{ "type": "Feature", "properties": { "ID": 614, "YEAR": "2011-2012", "Perimtr_KM": 32.77296712, "AREA_KM": 10.813734198700001, "SCALE": 2, "THICKNES_M": 199.56867218, "VOLUME_KM": 2.1580825753399999, "MASS_GT": 1.9789617215899999, "RECURRANCE": "4-5", "UA_KM": 0.1638648356, "UH_M": 16.564199709299999, "UC_KM": 0.16512399086, "REGION": "Peninsula", "ICESHELF": "Mendelssohn" }, "geometry": { "type": "Polygon", "coordinates": [ [ [ -1968726.776499998988584, 602187.609400007408112 ], [ -1968604.617123676463962, 602111.259791092481464 ], [ -1967541.440799997420982, 601446.774600009433925 ], [ -1966969.939700001152232, 600324.938999997451901 ], [ -1964874.435500000137836, 598927.936200003605336 ], [ -1964324.101100002648309, 598314.101599998306483 ], [ -1963667.9331, 598208.26810001116246 ], [ -1961889.929499998688698, 596536.098099994938821 ], [ -1961771.829562211176381, 596392.324261110275984 ], [ -1960916.260899995919317, 595350.762400006875396 ], [ -1960853.779297942761332, 595223.783661272376776 ], [ -1960260.0929, 594017.259700002614409 ], [ -1960186.663019014988095, 593383.467409431934357 ], [ -1960131.273657059296966, 592905.387503543868661 ], [ -1960123.355750291608274, 592837.046002760063857 ], [ -1960045.895100002875552, 592168.463100000284612 ], [ -1960197.567400002386421, 592303.932900002691895 ], [ -1960521.586199999088421, 592778.241200001444668 ], [ -1960910.858304264722392, 593343.118550226092339 ], [ -1961178.075099999317899, 593730.879999996628612 ], [ -1961320.825467465445399, 593952.79311109194532 ], [ -1961446.922286465764046, 594148.817386892624199 ], [ -1961555.002602410968393, 594316.834041315596551 ], [ -1961591.488058016169816, 594373.552641101647168 ], [ -1961671.25709999888204, 594497.557899995241314 ], [ -1961975.058477756101638, 594850.649163940921426 ], [ -1962248.151299997232854, 595168.049600007478148 ], [ -1962762.201199997914955, 595639.434600000735372 ], [ -1962793.13927613850683, 595991.95133581571281 ], [ -1962799.438800001516938, 596063.729800005909055 ], [ -1963012.445000001695007, 596362.151800001505762 ], [ -1963762.888699997216463, 597008.7804000149481 ], [ -1963950.886400000192225, 597344.684700005687773 ], [ -1964634.793600000906736, 598257.431499993894249 ], [ -1964812.030730314087123, 598344.117488419171423 ], [ -1965170.908900000154972, 598519.643400001805276 ], [ -1965616.86579070193693, 598827.763931642286479 ], [ -1966188.93010000186041, 599223.014600006397814 ], [ -1967415.221400002483279, 600179.648700003046542 ], [ -1967593.552453287411481, 600381.854695002082735 ], [ -1968180.998099997639656, 601047.947500008158386 ], [ -1968332.703674337826669, 601046.742230612784624 ], [ -1968663.340991506818682, 601044.115385551005602 ], [ -1968875.78020000224933, 601042.427599996328354 ], [ -1969115.367599997203797, 601193.1411999957636 ], [ -1969156.622799997683614, 601307.234900007490069 ], [ -1969319.246500000823289, 601631.091700000222772 ], [ -1969879.067999999038875, 601832.175599996931851 ], [ -1969983.544199999887496, 601763.232400002889335 ], [ -1970144.795999998226762, 601811.112499996554106 ], [ -1970376.510000000707805, 601749.322100000455976 ], [ -1970556.160000001778826, 601801.386200006119907 ], [ -1970665.402100000996143, 601970.200599995441735 ], [ -1970919.902800003066659, 602071.807500012218952 ], [ -1970953.192499999888241, 602071.807500005234033 ], [ -1970953.192499999888241, 602196.807500005699694 ], [ -1971078.192500000121072, 602196.807500005699694 ], [ -1971203.192500000353903, 602196.807500005699694 ], [ -1971267.990899996133521, 602196.807500012218952 ], [ -1971104.163100002333522, 602312.479299998376518 ], [ -1970761.442099996842444, 602263.704699999652803 ], [ -1970491.529199996730313, 602055.276300008874387 ], [ -1970050.733999997377396, 602202.26320000179112 ], [ -1969669.893825008766726, 602314.508637062739581 ], [ -1969656.720895913429558, 602318.391108718700707 ], [ -1969652.143336096778512, 602319.740257879719138 ], [ -1969634.217700002714992, 602325.023500006180257 ], [ -1969604.863279299810529, 602389.678824089933187 ], [ -1969595.310699997004122, 602410.719100003596395 ], [ -1968726.776499998988584, 602187.609400007408112 ] ] ] } },
{ "type": "Feature", "properties": { "ID": 615, "YEAR": "2011-2012", "Perimtr_KM": 95.849787489500002, "AREA_KM": 34.4524149063, "SCALE": 2, "THICKNES_M": 164.41321842799999, "VOLUME_KM": 5.6644324173599996, "MASS_GT": 5.1942845267199997, "RECURRANCE": "5-6", "UA_KM": 0.47924893745000002, "UH_M": 13.6462970622, "UC_KM": 0.43340959118, "REGION": "Peninsula", "ICESHELF": "Bach" }, "geometry": { "type": "Polygon", "coordinates": [ [ [ -1852662.062810214003548, 579744.845503676682711 ], [ -1852720.523906507063657, 579582.078108856454492 ], [ -1852808.82879999675788, 579336.219600011128932 ], [ -1852827.612360258586705, 579235.56815733294934 ], [ -1853426.874599997419864, 576024.429900000803173 ], [ -1853654.359999995911494, 576210.554399996064603 ], [ -1853654.359999995911494, 575905.56789999967441 ], [ -1853851.820700000273064, 575848.543800014071167 ], [ -1854061.224999997066334, 575803.689499999862164 ], [ -1854183.496499998960644, 575441.229200004599988 ], [ -1854443.346099996706471, 574628.603300001937896 ], [ -1855018.715900001116097, 573900.74020000686869 ], [ -1856043.666700000641868, 573211.274600000120699 ], [ -1856768.610500002512708, 573035.306599995587021 ], [ -1857441.481800001813099, 572880.912399997934699 ], [ -1858323.469300003955141, 572273.412899999413639 ], [ -1859332.9198, 571995.930000004824251 ], [ -1860125.222699995851144, 571508.613699996843934 ], [ -1860795.228899999288842, 570808.108900002203882 ], [ -1861497.177299994975328, 570472.144400001969188 ], [ -1862138.910799995530397, 569982.904100007843226 ], [ -1863054.271800000220537, 569860.508100009988993 ], [ -1863938.943843363318592, 570009.290196497458965 ], [ -1863941.940099999774247, 570009.794100004713982 ], [ -1864029.776199999498203, 570017.432000006083399 ], [ -1864065.70395354134962, 570059.653119633439928 ], [ -1864490.649999994318932, 570559.035799998324364 ], [ -1865468.232000001007691, 570892.896000004839152 ], [ -1865927.129599998006597, 571043.971499999053776 ], [ -1866293.578699999721721, 571195.999400008004159 ], [ -1867452.277399994665757, 571104.753699996042997 ], [ -1868031.605600000126287, 570952.406700007151812 ], [ -1869435.366199999349192, 570982.082900009118021 ], [ -1869922.946400003973395, 570982.481200001202524 ], [ -1870744.878600003197789, 570740.023500001989305 ], [ -1871506.812699995934963, 570496.56650000391528 ], [ -1871621.207397823920473, 570370.716113503556699 ], [ -1871811.368900001049042, 570161.511499998625368 ], [ -1872602.582499997457489, 570102.265600001439452 ], [ -1873030.106699999887496, 570101.722600008826703 ], [ -1873516.503599999472499, 569676.323100007604808 ], [ -1873877.766199994599447, 569498.052300003357232 ], [ -1874335.55249999742955, 569497.745800001081079 ], [ -1874822.55499999737367, 568888.748700006864965 ], [ -1875427.790099999634549, 568314.012300000526011 ], [ -1875792.99909999826923, 567948.803299995139241 ], [ -1876143.101157073862851, 567914.931897205300629 ], [ -1876400.775700000114739, 567890.002600002102554 ], [ -1877071.362600000808015, 567829.388700015377253 ], [ -1877485.609899998642504, 567592.926200009416789 ], [ -1877664.527899995446205, 567589.382000005804002 ], [ -1877942.187300001038238, 567472.15830001514405 ], [ -1878106.861899997573346, 567477.762400003615767 ], [ -1878578.162320640869439, 567494.368673594202846 ], [ -1878654.149999996647239, 567497.046099999919534 ], [ -1878924.643065671669319, 567362.012882648501545 ], [ -1879202.261300002690405, 567223.422700006514788 ], [ -1879383.77061689645052, 567019.197616642806679 ], [ -1879689.657499994616956, 566675.029200000222772 ], [ -1880238.677700001047924, 566309.001000000629574 ], [ -1880421.150199999567121, 566065.531100003514439 ], [ -1880848.841300000203773, 565790.333300000056624 ], [ -1881491.208400001516566, 564781.98230000352487 ], [ -1882104.4387, 564138.253499998245388 ], [ -1882650.401249289978296, 563734.692910281475633 ], [ -1882689.090599997434765, 563706.094800013583153 ], [ -1883149.411899998085573, 563215.274799996521324 ], [ -1883423.361469404306263, 562518.890962376259267 ], [ -1883426.310099996160716, 562511.395500007085502 ], [ -1883431.297758758999407, 562506.407841244246811 ], [ -1883766.025199999799952, 562171.680400003679097 ], [ -1884010.220999998040497, 562140.975099998526275 ], [ -1883931.540030277799815, 561707.343577922321856 ], [ -1883921.283909805119038, 561650.819400015752763 ], [ -1883893.121399997733533, 561495.608400001190603 ], [ -1884110.747499995399266, 560942.497099997475743 ], [ -1884084.630199999781325, 560175.649300008546561 ], [ -1884881.532299998216331, 560110.715000000782311 ], [ -1885279.788423346355557, 559525.999786581844091 ], [ -1885467.80849999608472, 559249.950800013262779 ], [ -1886114.223299999022856, 558512.040100011508912 ], [ -1886587.427926077973098, 558209.343774764798582 ], [ -1886791.356699998024851, 558078.896000006701797 ], [ -1887451.923999999184161, 557418.328600007109344 ], [ -1887436.978699999395758, 558334.355500006116927 ], [ -1886987.18620000127703, 558572.480999996419996 ], [ -1886775.519099995261058, 559154.565499997697771 ], [ -1886696.143900001654401, 559816.025200000032783 ], [ -1885955.309099996928126, 560451.026399999391288 ], [ -1884586.47679999936372, 560838.660399998072535 ], [ -1884579.473000001860783, 560900.819000008981675 ], [ -1884341.347499998053536, 561456.445100005716085 ], [ -1884288.430800000205636, 562726.447700006887317 ], [ -1884281.923160152276978, 562741.415271002799273 ], [ -1883704.495247262064368, 564069.499412442091852 ], [ -1883625.900874952320009, 564250.266460828948766 ], [ -1883494.679199999663979, 564552.076300000306219 ], [ -1883354.949904957320541, 564584.32152401888743 ], [ -1883094.418655800865963, 564644.444123864173889 ], [ -1882727.437356570037082, 564729.132121469825506 ], [ -1882603.830292289843783, 564757.656830456107855 ], [ -1882545.634866991080344, 564771.086544851772487 ], [ -1882462.802099995315075, 564790.201800010632724 ], [ -1882260.057126430561766, 565132.333912963513285 ], [ -1882084.715548370964825, 565428.222800051793456 ], [ -1882039.46789999702014, 565504.578200004063547 ], [ -1880747.62560815596953, 566696.083222317043692 ], [ -1879497.457568110665306, 567849.150828064419329 ], [ -1879314.254099997924641, 568018.124900003895164 ], [ -1879186.821447513997555, 568025.701975063420832 ], [ -1877972.431639660382643, 568097.908921623136848 ], [ -1876160.534899998223409, 568205.64329999871552 ], [ -1876030.788145692786202, 568717.801798578351736 ], [ -1876006.955899995518848, 568811.876500004436821 ], [ -1874922.162000002106652, 569420.419399996753782 ], [ -1874522.175556807313114, 570029.094393671955913 ], [ -1874483.371795161394402, 570088.143593401182443 ], [ -1874422.538946134503931, 570180.715315833687782 ], [ -1874313.619100002804771, 570346.462899995967746 ], [ -1873587.616069843992591, 570649.551550643518567 ], [ -1873501.45866067474708, 570685.520178600214422 ], [ -1873335.405578033998609, 570754.843311788514256 ], [ -1872949.328268831828609, 570916.021221284288913 ], [ -1872815.834051247918978, 570971.75181826017797 ], [ -1872512.151920540258288, 571098.531739824917167 ], [ -1872215.397611350519583, 571222.419463993981481 ], [ -1871966.966839058324695, 571326.133283943869174 ], [ -1871588.405400001676753, 571484.173500007484108 ], [ -1870239.027699997648597, 571351.881599995773286 ], [ -1870175.030290303984657, 571352.930738381110132 ], [ -1868682.817101726541296, 571377.393261800985783 ], [ -1868625.066099998774007, 571378.340000007301569 ], [ -1867804.856100000208244, 571854.590900002978742 ], [ -1866457.413473271299154, 571754.780346695333719 ], [ -1865904.043896916555241, 571713.790012487675995 ], [ -1865661.726799995871261, 571695.840599993243814 ], [ -1864735.683299996890128, 571113.756100005470216 ], [ -1863322.151399997062981, 570329.368500008247793 ], [ -1862413.208530557574704, 570787.934278593864292 ], [ -1862405.269221517024562, 570791.939695821609348 ], [ -1861216.717899997252971, 571391.569200009573251 ], [ -1860026.090599994407967, 572383.758600001689047 ], [ -1859073.588699997402728, 572621.884100005961955 ], [ -1858946.679149535717443, 572780.521008103620261 ], [ -1858756.088, 573018.759899999015033 ], [ -1857493.309641637839377, 573394.180525565519929 ], [ -1857287.647599999792874, 573455.323299999814481 ], [ -1854549.204599998425692, 576273.141400003805757 ], [ -1854599.703604183392599, 576996.960686195641756 ], [ -1854627.103436333592981, 577389.691736469045281 ], [ -1854643.257125847972929, 577621.228025219868869 ], [ -1854657.346750823780894, 577823.179379657376558 ], [ -1854665.264892049599439, 577936.672772647812963 ], [ -1854668.267299994360656, 577979.707300000824034 ], [ -1854594.607696899212897, 578082.830755472648889 ], [ -1854528.723379392409697, 578175.068809940014035 ], [ -1854519.432560089742765, 578188.075958367902786 ], [ -1854433.034480383386835, 578309.03328302456066 ], [ -1854424.265592113602906, 578321.309727931395173 ], [ -1854386.556276387767866, 578374.102775644045323 ], [ -1854371.460317217977718, 578395.237120766192675 ], [ -1853976.237043479224667, 578948.549763758201152 ], [ -1853477.639999998500571, 579646.585700009483844 ], [ -1852623.04160000057891, 579853.48839999968186 ], [ -1852662.062810214003548, 579744.845503676682711 ] ] ] } },
{ "type": "Feature", "properties": { "ID": 616, "YEAR": "2011-2012", "Perimtr_KM": 117.157095359, "AREA_KM": 46.821752186099999, "SCALE": 2, "THICKNES_M": 163.737721217, "VOLUME_KM": 7.6664870063399997, "MASS_GT": 7.0301685848100002, "RECURRANCE": "2-3", "UA_KM": 0.5857854768, "UH_M": 13.590230794, "UC_KM": 0.58659522338000003, "REGION": "Peninsula", "ICESHELF": "Wilkins" }, "geometry": { "type": "Polygon", "coordinates": [ [ [ -1984114.973999998299405, 611119.960600002203137 ], [ -1982866.138200000394136, 610294.458900011144578 ], [ -1981913.636199998669326, 609426.623900013975799 ], [ -1981353.156438821461052, 608151.293468656949699 ], [ -1981264.425256461370736, 607949.392196016386151 ], [ -1981240.99509999086149, 607896.078600010834634 ], [ -1981277.847399087855592, 607937.589516068343073 ], [ -1981369.081047457177192, 608040.356301641557366 ], [ -1981619.976100002415478, 608322.967799993697554 ], [ -1982550.991599998669699, 609337.874399998225272 ], [ -1983302.814099999144673, 609866.701599995605648 ], [ -1984350.825699995504692, 610282.289400006644428 ], [ -1985456.377500001341105, 610348.386699995957315 ], [ -1986045.178399998461828, 610528.349000002257526 ], [ -1986780.906600000802428, 610667.550900008529425 ], [ -1987202.468899996485561, 610656.832900004927069 ], [ -1988908.014299996662885, 610747.908100004307926 ], [ -1990007.608699998119846, 610639.708599994890392 ], [ -1990224.102499999571592, 610655.453600003849715 ], [ -1990358.071399999549612, 610604.986799997743219 ], [ -1990737.437399998772889, 610461.90669999551028 ], [ -1990857.525400001555681, 610416.607100013177842 ], [ -1992229.906999999657273, 609610.356800011824816 ], [ -1993310.503400000510737, 608667.004299997352064 ], [ -1993393.598516705213115, 608459.346339993178844 ], [ -1993484.902499997522682, 608231.174100004136562 ], [ -1993578.14099999750033, 608106.862499996088445 ], [ -1994491.941599996294826, 606993.48030000878498 ], [ -1994774.394499995280057, 606228.704699995461851 ], [ -1994988.440742528066039, 606107.730887794867158 ], [ -1995156.889999997336417, 606012.527400000486523 ], [ -1995372.822799996472895, 605580.381000007502735 ], [ -1995354.64859999739565, 604600.646399996709079 ], [ -1995354.588994281832129, 604600.424530037213117 ], [ -1995291.075000000651926, 604364.006799998693168 ], [ -1995297.508199996780604, 604278.230499999597669 ], [ -1995190.143499999772757, 602961.689200012944639 ], [ -1995273.028899997938424, 602158.273099998943508 ], [ -1995277.311855961568654, 602111.160788570530713 ], [ -1995279.323399998713285, 602089.033900010865182 ], [ -1995728.355599998030812, 601669.653200005646795 ], [ -1995861.318200000561774, 601486.398600002285093 ], [ -1995761.937299997080117, 601216.79679999826476 ], [ -1996004.403000001097098, 600825.150899993255734 ], [ -1996003.4948, 600537.641600003931671 ], [ -1996114.972199997399002, 600481.785199998412281 ], [ -1996323.661800000350922, 600516.395200009923428 ], [ -1996486.684799995273352, 600608.257599997334182 ], [ -1996810.872900001937523, 600631.640400002710521 ], [ -1997207.682200000155717, 600698.258999997284263 ], [ -1997532.798099998384714, 600639.614100007340312 ], [ -1997565.918899997603148, 600455.879300001077354 ], [ -1997574.54140000231564, 600442.466499998234212 ], [ -1997812.055799996713176, 600374.030100002419204 ], [ -1998141.704299998003989, 600329.23950000712648 ], [ -1998192.512999996542931, 600396.98440000647679 ], [ -1998391.390499997185543, 600499.335100001655519 ], [ -1998568.215799998957664, 600581.803599996957928 ], [ -1998592.498700002674013, 600650.746900002472103 ], [ -1998714.118799997027963, 600875.276299996301532 ], [ -1998790.69868377270177, 600929.001800863072276 ], [ -1998873.5644, 600987.137199998833239 ], [ -1999070.0277, 600977.781800008378923 ], [ -1999296.065199997741729, 601079.183100002352148 ], [ -1999324.063220791053027, 601100.941734412685037 ], [ -1999548.750199995934963, 601275.557000010274351 ], [ -1999617.085911096539348, 601311.077458112966269 ], [ -1999850.37959999917075, 601432.342000002041459 ], [ -2000235.093299998436123, 601347.000900002196431 ], [ -2000736.102826420217752, 601332.882735901046544 ], [ -2000802.482299995375797, 601331.012200008612126 ], [ -2001058.485790477599949, 601532.070277538150549 ], [ -2001121.141699995379895, 601581.278500004205853 ], [ -2001468.712699998868629, 601801.406800016295165 ], [ -2001630.804299994837493, 601813.100700004957616 ], [ -2001656.13629999756813, 601800.434600002598017 ], [ -2001741.857099998742342, 601673.894400008022785 ], [ -2001837.851344258291647, 601617.696868218481541 ], [ -2002012.652699995785952, 601515.363599999342114 ], [ -2002237.256199998082593, 601580.777200001291931 ], [ -2002396.18369999807328, 601562.180599997285753 ], [ -2002470.175800001015887, 601562.561200014315546 ], [ -2002639.043400001246482, 601562.561200014315546 ], [ -2002707.135999995749444, 601673.985499999020249 ], [ -2002765.271100001875311, 601709.760999995283782 ], [ -2002792.442200001096353, 601845.616500005125999 ], [ -2002798.661365250358358, 601851.497966106981039 ], [ -2002928.742999999318272, 601974.516199992969632 ], [ -2003041.356300000566989, 602087.129400002770126 ], [ -2003088.078511756844819, 602133.851661887485534 ], [ -2003134.561700003454462, 602180.334900003857911 ], [ -2003306.555399994831532, 602474.983700013719499 ], [ -2003322.427999996347353, 602484.959400000981987 ], [ -2003519.170099998591468, 602508.345400008372962 ], [ -2003692.955599996959791, 602438.831200014334172 ], [ -2003867.012699996354058, 602473.004099998157471 ], [ -2003892.115800000960007, 602585.968200005590916 ], [ -2004093.330100000835955, 602871.234300003387034 ], [ -2004264.106900000246242, 603099.621000002603978 ], [ -2004316.010099999606609, 603409.459900001995265 ], [ -2004440.748699998948723, 603621.515500004868954 ], [ -2004591.555500000482425, 603869.872100004460663 ], [ -2004864.057300001848489, 604058.903100005351007 ], [ -2004912.878199997358024, 604070.136200005654246 ], [ -2005045.633000001776963, 604214.292500005103648 ], [ -2005587.205299997702241, 604576.404600001871586 ], [ -2006121.659899999387562, 604760.263199997600168 ], [ -2006747.114899999694899, 605038.492700001690537 ], [ -2006805.218799996655434, 605046.416000011842698 ], [ -2006809.944200000725687, 605081.794600001070648 ], [ -2006835.442800001008436, 605255.877800005953759 ], [ -2007471.450399995781481, 605443.144900016020983 ], [ -2008494.469799998216331, 605530.299000000115484 ], [ -2009517.6488, 605679.662800001446158 ], [ -2010763.816400000359863, 605668.407199996057898 ], [ -2011961.057100001722574, 605768.448000002186745 ], [ -2013108.961899995338172, 605581.030300003942102 ], [ -2014270.009700000751764, 605218.309500003233552 ], [ -2015655.717099994421005, 604668.350800001528114 ], [ -2016291.301199999637902, 604406.982300005387515 ], [ -2017173.555299997329712, 603250.303300001658499 ], [ -2017567.9317, 602257.181699999608099 ], [ -2017598.134499999694526, 601917.28200001642108 ], [ -2017627.962799998931587, 601885.305400005541742 ], [ -2017684.351699996273965, 601682.389100003521889 ], [ -2017684.674199994653463, 601653.628800007048994 ], [ -2017684.596100000664592, 601284.00580000737682 ], [ -2017684.949989548884332, 601248.971501580905169 ], [ -2017685.657099998556077, 601178.969099993817508 ], [ -2017826.867399998009205, 601075.324269416276366 ], [ -2018764.122299996204674, 600387.402600007131696 ], [ -2019555.6626, 599995.025899993721396 ], [ -2021081.437500002328306, 599267.578000009525567 ], [ -2021271.333700000541285, 599247.089800003450364 ], [ -2021339.584999999264255, 599204.810299995820969 ], [ -2021894.83479999890551, 599078.231300005689263 ], [ -2022089.658599999034777, 599029.52540000481531 ], [ -2022200.276000000769272, 599034.38350000558421 ], [ -2022995.636899998411536, 598825.294000002555549 ], [ -2023087.359899998176843, 598726.738999997731298 ], [ -2023196.699000002583489, 598681.181100005749613 ], [ -2023665.152699998579919, 598126.94990000827238 ], [ -2023917.26599999750033, 597291.549900004640222 ], [ -2023921.91639999835752, 597138.08680001180619 ], [ -2023936.244700001552701, 597098.99950000597164 ], [ -2024288.407499997410923, 597117.567900000140071 ], [ -2024496.689099997282028, 597533.138500011991709 ], [ -2024358.331328491214663, 598363.285225475206971 ], [ -2024353.240599998040125, 598393.829599997960031 ], [ -2023533.030599999707192, 599557.998600000981241 ], [ -2022639.705023591872305, 599878.247360293753445 ], [ -2022610.804808190325275, 599888.607813858427107 ], [ -2022130.736099999863654, 600060.70790000166744 ], [ -2021495.734900000505149, 600589.875599993392825 ], [ -2019564.272700001951307, 601198.418499999679625 ], [ -2018800.783408963587135, 601935.580560381058604 ], [ -2018796.979499999433756, 601939.25330000417307 ], [ -2018750.606333026662469, 602002.592259822413325 ], [ -2018292.869017169578001, 602627.794447848573327 ], [ -2016627.391799997072667, 604902.592599993571639 ], [ -2013852.08453195495531, 606199.465156078804284 ], [ -2013796.344499997328967, 606225.51189999980852 ], [ -2011891.340599998831749, 606490.09580001514405 ], [ -2009916.121288182679564, 606318.337598987389356 ], [ -2007891.206444466486573, 606142.258047359529883 ], [ -2007631.540499999187887, 606119.678400012664497 ], [ -2006355.912972908699885, 605730.503905066289008 ], [ -2006200.255110577680171, 605683.015066298656166 ], [ -2004604.512269753497094, 605196.178273464553058 ], [ -2004509.450899999821559, 605167.17650000192225 ], [ -2004458.701682032085955, 605020.366258391179144 ], [ -2004257.607534961309284, 604438.629603164736181 ], [ -2004216.507304001133889, 604319.732503281906247 ], [ -2003837.055780671536922, 603222.03342438256368 ], [ -2003768.616099995095283, 603024.047200004570186 ], [ -2003368.933687656186521, 602817.544616934843361 ], [ -2002460.820349004585296, 602348.352717668283731 ], [ -2002382.008741884957999, 602307.633386664558202 ], [ -2002181.112900000996888, 602203.837199999019504 ], [ -2002095.989992084214464, 602281.866554600652307 ], [ -2002019.26114789256826, 602352.201348580420017 ], [ -2001961.328977392986417, 602405.305853410623968 ], [ -2001884.505040163174272, 602475.727816040627658 ], [ -2001863.612300001317635, 602494.879500005859882 ], [ -2001608.814012337476015, 602353.324874941259623 ], [ -2001569.631039448082447, 602331.556553472299129 ], [ -2000911.110399997793138, 601965.711699995212257 ], [ -2000504.028164410963655, 602033.558771314565092 ], [ -2000370.025274017360061, 602055.892596938181669 ], [ -2000276.109100000467151, 602071.545300000812858 ], [ -1999561.73270000051707, 601727.58630000334233 ], [ -1999227.475675222929567, 601662.591851222794503 ], [ -1999175.730575852561742, 601652.530299898702651 ], [ -1998609.230699998792261, 601542.377500004135072 ], [ -1998409.893402778310701, 601765.166303914505988 ], [ -1998344.669657974503934, 601838.063450075685978 ], [ -1998159.438200000673532, 602045.086900002788752 ], [ -1997626.280197869986296, 601985.847136913333088 ], [ -1997563.921814940869808, 601978.918429447803646 ], [ -1996968.810799999861047, 601912.794999997597188 ], [ -1996956.659123239573091, 601909.663123186677694 ], [ -1996884.145758621627465, 601890.974103572778404 ], [ -1996791.312928645173088, 601867.048106074798852 ], [ -1996148.943099999334663, 601701.48880000738427 ], [ -1995509.191500001586974, 602728.250699996482581 ], [ -1995841.330800001043826, 604388.947100002318621 ], [ -1995735.497200002428144, 605955.283599997404963 ], [ -1995544.996800002176315, 607309.953000000678003 ], [ -1994804.161999997682869, 609236.12350000673905 ], [ -1992912.601545328740031, 611048.868966761510819 ], [ -1992772.15799999749288, 611183.460700005292892 ], [ -1992226.811183158773929, 611261.367380613926798 ], [ -1990697.820500002242625, 611479.794600012712181 ], [ -1988729.31650000042282, 611776.128599998075515 ], [ -1986358.645099997287616, 611437.461200001649559 ], [ -1984114.973999998299405, 611119.960600002203137 ] ] ] } },
{ "type": "Feature", "properties": { "ID": 617, "YEAR": "2011-2012", "Perimtr_KM": 16.734943866599998, "AREA_KM": 14.946057380299999, "SCALE": 2, "THICKNES_M": 372.28160260200002, "VOLUME_KM": 5.5641421941200004, "MASS_GT": 5.1023183920099999, "RECURRANCE": ">8", "UA_KM": 0.08367471933, "UH_M": 30.8993728636, "UC_KM": 0.42573596363, "REGION": "East", "ICESHELF": "Hoseason" }, "geometry": { "type": "Polygon", "coordinates": [ [ [ 2145988.368005804717541, 1332580.215666502714157 ], [ 2146027.136258033104241, 1332424.363095855806023 ], [ 2146035.497400009073317, 1332390.750400013756007 ], [ 2146052.962100001983345, 1332328.521800011862069 ], [ 2146064.561599999666214, 1332324.808400003239512 ], [ 2146240.464618603698909, 1332242.457061264198273 ], [ 2146314.766600001603365, 1332207.671600001864135 ], [ 2146334.545200003311038, 1332228.621000001672655 ], [ 2146506.516500001773238, 1332411.247600004076958 ], [ 2146526.042099999263883, 1332414.037000010721385 ], [ 2146741.380200004205108, 1332311.957400006242096 ], [ 2146844.175412807613611, 1332373.895078133791685 ], [ 2146929.287400004453957, 1332425.178000013809651 ], [ 2147067.683500004932284, 1332505.640199999790639 ], [ 2147296.51310000102967, 1332643.030800006818026 ], [ 2147349.902000004425645, 1332640.555900014005601 ], [ 2147429.489300002343953, 1332727.004200010560453 ], [ 2148080.46099999640137, 1332810.963300003204495 ], [ 2148879.944100002758205, 1331668.857600001618266 ], [ 2150337.496100005693734, 1330274.164200014434755 ], [ 2150267.454000006429851, 1329929.207000001799315 ], [ 2150104.132300005294383, 1329793.785699998494238 ], [ 2150114.854600007645786, 1329747.854800009168684 ], [ 2149888.161100002005696, 1329390.459900001995265 ], [ 2149509.859500005841255, 1329142.859600001946092 ], [ 2149359.161100005730987, 1328954.818000007420778 ], [ 2149257.3865, 1328610.312300011515617 ], [ 2149248.621099999174476, 1328321.47250000666827 ], [ 2149134.997699997387826, 1328133.162599997129291 ], [ 2148868.084000001661479, 1328163.366488368716091 ], [ 2148833.074100003577769, 1328167.32820000872016 ], [ 2148720.54039999935776, 1328501.026800009887666 ], [ 2148393.869899997487664, 1328661.705300001427531 ], [ 2148304.806799996644258, 1328667.271700005512685 ], [ 2148098.642099996097386, 1328677.316970740444958 ], [ 2148092.36949999909848, 1328677.622600005473942 ], [ 2146860.120500000193715, 1329502.73840000666678 ], [ 2145272.617299999110401, 1329899.614200007170439 ], [ 2144941.887500003911555, 1331288.679500004742295 ], [ 2145392.172700005583465, 1332822.34300001244992 ], [ 2145531.030500003136694, 1332838.176499997731298 ], [ 2145965.068600003607571, 1332673.881800005212426 ], [ 2145988.368005804717541, 1332580.215666502714157 ] ] ] } },
{ "type": "Feature", "properties": { "ID": 618, "YEAR": "2011-2012", "Perimtr_KM": 6.0917189406299999, "AREA_KM": 1.9237435117899999, "SCALE": 1, "THICKNES_M": 173.81028238900001, "VOLUME_KM": 0.33436640302999998, "MASS_GT": 0.30661399158000002, "RECURRANCE": "4-5", "UA_KM": 0.0304585947, "UH_M": 14.426253367199999, "UC_KM": 0.02558378234, "REGION": "East", "ICESHELF": "Borchgrevink" }, "geometry": { "type": "Polygon", "coordinates": [ [ [ 720396.240900004282594, 2076982.991800005082041 ], [ 720440.24680000776425, 2076914.538300002459437 ], [ 720498.37339999852702, 2076928.215100006666034 ], [ 720810.686499998904765, 2076703.829500004183501 ], [ 721029.591700004413724, 2076307.888300004880875 ], [ 720591.285300010349602, 2075059.508600003551692 ], [ 720400.679999997839332, 2075381.090100007597357 ], [ 719826.083300006575882, 2075880.704999995883554 ], [ 719777.277499998919666, 2076279.56980001507327 ], [ 719768.297500003594905, 2076398.412300004158169 ], [ 719390.814300004392862, 2076943.27820001123473 ], [ 720112.977999997790903, 2077479.71810000622645 ], [ 720396.240900004282594, 2076982.991800005082041 ] ] ] } },
{ "type": "Feature", "properties": { "ID": 619, "YEAR": "2011-2012", "Perimtr_KM": 6.4118030792100003, "AREA_KM": 1.6796659949, "SCALE": 1, "THICKNES_M": 325.56432978300001, "VOLUME_KM": 0.54683933388999995, "MASS_GT": 0.50145166917999995, "RECURRANCE": ">8", "UA_KM": 0.0320590154, "UH_M": 27.0218392387, "UC_KM": 0.04184098153, "REGION": "East", "ICESHELF": "Ninnis" }, "geometry": { "type": "Polygon", "coordinates": [ [ [ 1291445.15930000692606, -2037080.592299999203533 ], [ 1291349.867500001564622, -2037295.287199997343123 ], [ 1290722.376400001347065, -2036793.294300002977252 ], [ 1290828.210000006482005, -2035967.792700003366917 ], [ 1291463.21130000334233, -2035438.624999997904524 ], [ 1291569.044799997471273, -2034845.957099998136982 ], [ 1292012.837800002656877, -2034715.879800003254786 ], [ 1292049.142799998633564, -2034760.2218000034336 ], [ 1292065.242700004018843, -2035002.3394 ], [ 1292020.476900006644428, -2035639.48660000320524 ], [ 1291853.394900005310774, -2035715.432900002226233 ], [ 1291716.806100004352629, -2035927.968099993187934 ], [ 1291595.912199998274446, -2036215.943900003097951 ], [ 1291627.287300005555153, -2036959.221399998757988 ], [ 1291445.15930000692606, -2037080.592299999203533 ] ] ] } },
{ "type": "Feature", "properties": { "ID": 620, "YEAR": "2011-2012", "Perimtr_KM": 48.456167077000003, "AREA_KM": 68.547695778700003, "SCALE": 2, "THICKNES_M": 317.709943743, "VOLUME_KM": 21.7782845696, "MASS_GT": 19.970686950299999, "RECURRANCE": "2-3", "UA_KM": 0.24228083539, "UH_M": 26.369925200600001, "UC_KM": 1.66634831461, "REGION": "East", "ICESHELF": "Ninnis" }, "geometry": { "type": "Polygon", "coordinates": [ [ [ 1308795.124600005336106, -2025837.66690000356175 ], [ 1308986.326600004918873, -2030225.706200000829995 ], [ 1308902.279300002381206, -2030362.282999997958541 ], [ 1308745.968500001356006, -2030810.834499998018146 ], [ 1308586.530100006610155, -2030906.772699998924509 ], [ 1308364.279700007289648, -2030917.356099997181445 ], [ 1308191.773600010201335, -2031005.195399998687208 ], [ 1307801.017000009305775, -2031075.548800002783537 ], [ 1307526.049400003626943, -2031085.374600001145154 ], [ 1307498.432499999180436, -2031103.049300001002848 ], [ 1307293.881299997679889, -2031135.2714 ], [ 1307172.367199999280274, -2031256.785500004887581 ], [ 1306940.2111000046134, -2031488.941600000252947 ], [ 1306844.838500006124377, -2031553.935800003353506 ], [ 1306784.081400007940829, -2031751.396200000308454 ], [ 1306784.081400007940829, -2031776.350000003818423 ], [ 1306643.340000006370246, -2031907.326899993699044 ], [ 1306626.64219999872148, -2032062.325699998997152 ], [ 1306362.305300009436905, -2032062.078799998387694 ], [ 1306097.721400000154972, -2032040.912099999608472 ], [ 1306002.199100002646446, -2031998.850799999665469 ], [ 1305814.342899998649955, -2031948.783500001765788 ], [ 1305646.800700009800494, -2032068.456499996595085 ], [ 1305563.448500004597008, -2032058.886100000469014 ], [ 1305165.25150000769645, -2032058.886100000469014 ], [ 1305072.622999998740852, -2032050.252899998798966 ], [ 1304829.594700004905462, -2032035.06370000471361 ], [ 1304708.08060000743717, -2031974.306599999777973 ], [ 1304708.08060000743717, -2031898.360299994237721 ], [ 1304711.507699998095632, -2031834.176099998410791 ], [ 1304728.703099997714162, -2031826.151600001379848 ], [ 1304802.643300009891391, -2031530.390799997840077 ], [ 1305003.591000000946224, -2031131.982599998824298 ], [ 1305287.49519999884069, -2030529.103899992536753 ], [ 1304809.66260000038892, -2030855.043800001498312 ], [ 1304297.0247, -2031033.517799996770918 ], [ 1303999.414099995978177, -2031315.939199999440461 ], [ 1303813.835400003939867, -2031592.65339999855496 ], [ 1303572.571300001814961, -2031909.863899991149083 ], [ 1303472.453499999828637, -2032095.796999996993691 ], [ 1303466.246399997733533, -2032107.324399992823601 ], [ 1303058.386900007724762, -2032302.534199994057417 ], [ 1302527.460899997502565, -2032392.971499999519438 ], [ 1301981.803800017572939, -2032346.247200000565499 ], [ 1301133.448800000362098, -2032116.164300001226366 ], [ 1300323.991900001652539, -2031953.508299998007715 ], [ 1299898.827499999664724, -2031816.669799999799579 ], [ 1299795.700399997644126, -2031782.29410000378266 ], [ 1299712.919800007715821, -2031592.467299995012581 ], [ 1299439.513099998235703, -2031577.278100000927225 ], [ 1299351.659100000746548, -2031255.021900001214817 ], [ 1299343.146400009281933, -2031093.281300000380725 ], [ 1299400.570899997837842, -2030887.135499997530133 ], [ 1299540.672500004060566, -2030352.112999999895692 ], [ 1299589.422500006854534, -2030029.956300001358613 ], [ 1299700.705877020955086, -2029682.710599884390831 ], [ 1299711.201800001785159, -2029649.9594 ], [ 1299738.508499998599291, -2029416.338199991267174 ], [ 1299746.555100002326071, -2029341.19919999409467 ], [ 1299730.182000001892447, -2029332.256900003179908 ], [ 1299730.182000001892447, -2029251.247499995632097 ], [ 1299726.3262, -2029232.556800001300871 ], [ 1299730.182000001892447, -2029220.869000002276152 ], [ 1299718.241600011475384, -2028913.834899998269975 ], [ 1299718.795400005765259, -2028715.820500004338101 ], [ 1299706.652399998158216, -2028636.827899993397295 ], [ 1299674.91370000410825, -2028617.78460000269115 ], [ 1299661.084600006230175, -2028424.178199997637421 ], [ 1299664.749900007620454, -2028147.106199993751943 ], [ 1299467.289500003680587, -2027964.834999998100102 ], [ 1299406.532400012947619, -2028071.159900001715869 ], [ 1299387.677799998782575, -2028363.421099999686703 ], [ 1299440.256099999882281, -2028584.249699997249991 ], [ 1299462.516500001773238, -2028683.503499997314066 ], [ 1299475.213299997150898, -2028929.024099999340251 ], [ 1299520.781100003048778, -2029080.916800002101809 ], [ 1299502.047200009226799, -2029236.354099999647588 ], [ 1299254.959300000220537, -2029511.99779999256134 ], [ 1298992.994699998758733, -2029639.081799997482449 ], [ 1298794.19450000859797, -2029534.096600003074855 ], [ 1298627.112600004300475, -2029503.718099996214733 ], [ 1298348.587799998931587, -2029402.511199997738004 ], [ 1298089.588700002990663, -2029273.011600000783801 ], [ 1298075.181100003421307, -2029265.807800000999123 ], [ 1297705.255900007672608, -2029210.433599997777492 ], [ 1297456.634000006131828, -2029307.162699998822063 ], [ 1297408.520700008608401, -2029451.502800001529977 ], [ 1297380.687700000591576, -2029535.001700000371784 ], [ 1297089.370599998161197, -2029719.993899999419227 ], [ 1296613.101700006052852, -2029786.15269999881275 ], [ 1296349.44879999756813, -2029670.073999993968755 ], [ 1296359.512300002388656, -2029606.847799999173731 ], [ 1296362.725400001741946, -2029582.749699998414144 ], [ 1296396.901200000196695, -2029531.486000000499189 ], [ 1296600.269799996167421, -2029358.495900004636496 ], [ 1296645.837600001133978, -2029176.2248 ], [ 1296583.740400009788573, -2029071.239899992477149 ], [ 1296474.967500002123415, -2029119.2558 ], [ 1296307.885600005276501, -2029149.6343 ], [ 1296285.408899996429682, -2029184.325100004207343 ], [ 1296165.119400002062321, -2029210.101454089395702 ], [ 1296153.873000004328787, -2029212.511400001123548 ], [ 1296127.568984534591436, -2029261.586500003002584 ], [ 1296103.950300002470613, -2029305.651608873158693 ], [ 1296084.192704982124269, -2029342.513127317186445 ], [ 1295995.960199998691678, -2029507.127499999012798 ], [ 1295902.397828041575849, -2029621.38474103063345 ], [ 1295798.105200001038611, -2029748.745641478337348 ], [ 1295721.274800007231534, -2029842.570000001695007 ], [ 1295517.977100003510714, -2030106.624800002900884 ], [ 1295425.242600005120039, -2030292.093699995428324 ], [ 1295371.895000000484288, -2030331.215300001436844 ], [ 1295108.73590000718832, -2028938.019900001818314 ], [ 1295201.665081260725856, -2028714.989861246198416 ], [ 1295328.06524159386754, -2028411.629471355583519 ], [ 1295604.830600006505847, -2027747.39259999897331 ], [ 1295604.830600006505847, -2027251.297800001455471 ], [ 1297357.698699998669326, -2025729.940599998692051 ], [ 1297746.070331131108105, -2026042.795519634848461 ], [ 1298548.326100005768239, -2026689.057100003585219 ], [ 1298757.157200000248849, -2026662.953219901304692 ], [ 1299606.66160000115633, -2026556.765199998393655 ], [ 1300168.902299999259412, -2027019.786899992031977 ], [ 1302219.427200008183718, -2025531.502700001932681 ], [ 1303410.054600001312792, -2025299.991799992509186 ], [ 1303641.528261017985642, -2025485.170728811994195 ], [ 1304402.24409999884665, -2026093.743399999802932 ], [ 1305129.849700001068413, -2025763.013599997851998 ], [ 1305195.995699999853969, -2025068.48100000154227 ], [ 1307345.739500000141561, -2025299.991799999261275 ], [ 1308795.124600005336106, -2025837.66690000356175 ] ] ] } },
{ "type": "Feature", "properties": { "ID": 630, "YEAR": "2011-2012", "Perimtr_KM": 5.0098289467299999, "AREA_KM": 1.1157310916400001, "SCALE": 1, "THICKNES_M": 16.000549078, "VOLUME_KM": 0.01785231009, "MASS_GT": 0.01637056835, "RECURRANCE": "6-8", "UA_KM": 0.02504914473, "UH_M": 1.32804556693, "UC_KM": 0.00136595546, "REGION": "West", "ICESHELF": "Sulzberger" }, "geometry": { "type": "Polygon", "coordinates": [ [ [ -650748.53861702606082, -1238518.221918319817632 ], [ -650253.666600001044571, -1238633.46609999332577 ], [ -650381.366000001318753, -1238795.554800001671538 ], [ -650541.239799998700619, -1238822.200400000670925 ], [ -650742.062799998093396, -1238849.826799999689683 ], [ -650786.15512533346191, -1239064.480866507161409 ], [ -650845.386199997272342, -1239352.834700002335012 ], [ -651348.99900000076741, -1239563.3455999949947 ], [ -651888.244298278354108, -1239749.56332901888527 ], [ -651898.461099998094141, -1239753.091499999398366 ], [ -652108.476300001144409, -1239756.339400001103058 ], [ -652055.578509497456253, -1239340.713940923800692 ], [ -652028.290299996268004, -1239126.306599998613819 ], [ -650864.121300000697374, -1238491.305399992503226 ], [ -650748.53861702606082, -1238518.221918319817632 ] ] ] } },
{ "type": "Feature", "properties": { "ID": 633, "YEAR": "2011-2012", "Perimtr_KM": 13.5162417593, "AREA_KM": 7.2667651077500004, "SCALE": 1, "THICKNES_M": 346.35146901500002, "VOLUME_KM": 2.5168547700600001, "MASS_GT": 2.30795582414, "RECURRANCE": "4-5", "UA_KM": 0.0675812088, "UH_M": 28.747171786500001, "UC_KM": 0.19257516315000001, "REGION": "East", "ICESHELF": "Totten" }, "geometry": { "type": "Polygon", "coordinates": [ [ [ 2317406.926000008359551, -1115700.271600001724437 ], [ 2317359.165399998426437, -1115718.48509999923408 ], [ 2317325.60260000359267, -1115715.5936000039801 ], [ 2317282.780100002884865, -1115709.81050000176765 ], [ 2317231.046599999070168, -1115773.69529999862425 ], [ 2317205.585700009949505, -1115796.681799997808412 ], [ 2317107.537500009872019, -1115885.052999996813014 ], [ 2317073.50490000937134, -1115906.934299998451024 ], [ 2317063.729799998924136, -1115923.028100000228733 ], [ 2316996.258599998429418, -1115959.877700003329664 ], [ 2316872.828100007027388, -1116010.399600001517683 ], [ 2316818.862800006754696, -1116064.365099997492507 ], [ 2316847.176000011153519, -1116206.171600000932813 ], [ 2316999.036800005473197, -1116297.339100000448525 ], [ 2317313.124499998986721, -1116347.793699999572709 ], [ 2317425.763599998317659, -1116310.667000000132248 ], [ 2317569.97989999782294, -1116330.043699995847419 ], [ 2317642.976000015623868, -1116382.484600002178922 ], [ 2317690.885100002400577, -1116375.942099996143952 ], [ 2317808.68119999859482, -1116419.909000001614913 ], [ 2317879.012099997140467, -1116547.445099997334182 ], [ 2317907.053899995982647, -1116568.476400000974536 ], [ 2317897.576400008052588, -1116601.789300002157688 ], [ 2317891.837799998931587, -1116668.284799999557436 ], [ 2317860.85160000808537, -1116821.378200001781806 ], [ 2317774.717400006018579, -1116870.465099998284131 ], [ 2317612.933900006115437, -1116849.977500000270084 ], [ 2317439.977000005543232, -1116804.208900002064183 ], [ 2317431.01261381059885, -1116835.716215471271425 ], [ 2317410.984199997968972, -1116906.110499999020249 ], [ 2317362.976700006984174, -1116930.934199993498623 ], [ 2317305.644600003026426, -1116926.389999998500571 ], [ 2317262.719800004735589, -1116945.011999995680526 ], [ 2317245.756799999624491, -1116992.022200000239536 ], [ 2317207.358900005929172, -1117012.524399996269494 ], [ 2317183.51338894944638, -1117110.079065172933042 ], [ 2317168.048100005835295, -1117173.349300000816584 ], [ 2317196.2328000087291, -1117290.981499997433275 ], [ 2317270.5080571686849, -1117357.242662578588352 ], [ 2317343.942799999378622, -1117422.753999999258667 ], [ 2317398.880800003185868, -1117598.692899991758168 ], [ 2317486.488700004294515, -1117705.507700002286583 ], [ 2317620.065600004047155, -1117887.867399995215237 ], [ 2317632.228566232137382, -1117940.590520599624142 ], [ 2317670.177100008353591, -1118105.086999999592081 ], [ 2317722.454300004988909, -1118235.080999999074265 ], [ 2317740.952810005284846, -1118255.745038540102541 ], [ 2317871.687600005418062, -1118401.784299998544157 ], [ 2317969.712700004689395, -1118440.71220000134781 ], [ 2317257.007403285242617, -1118717.284420175012201 ], [ 2317213.597900002263486, -1118734.129899999592453 ], [ 2317143.021585706621408, -1118724.719720016932115 ], [ 2317034.359498419798911, -1118710.231434410205111 ], [ 2316022.970500008203089, -1118575.379499998409301 ], [ 2315358.714886623434722, -1117456.63324202853255 ], [ 2315017.551800008863211, -1116882.042800003662705 ], [ 2315387.969199997372925, -1115664.956999991321936 ], [ 2316113.803900752216578, -1115216.647374605759978 ], [ 2316287.554400003515184, -1115109.330900001572445 ], [ 2316349.910501380451024, -1115102.966412744252011 ], [ 2316376.561973048374057, -1115100.246182514121756 ], [ 2316566.85469636041671, -1115080.823614607797936 ], [ 2316772.532268882729113, -1115059.83076449111104 ], [ 2317160.960900001227856, -1115020.185099999653175 ], [ 2317190.258899997919798, -1114976.0356 ], [ 2317314.433999999426305, -1114961.418300000950694 ], [ 2317440.582100009545684, -1114944.437800003215671 ], [ 2317574.24760000500828, -1114944.437800003215671 ], [ 2317610.701900008134544, -1115041.649099999805912 ], [ 2317635.326500002294779, -1115126.387299997732043 ], [ 2317694.71380000654608, -1115200.665500001981854 ], [ 2317777.213900002650917, -1115251.830999998841435 ], [ 2317810.123600010760128, -1115364.738200003514066 ], [ 2317777.616200000979006, -1115416.265799998072907 ], [ 2317755.36580001655966, -1115455.950199996586889 ], [ 2317681.900500006973743, -1115492.961199995595962 ], [ 2317536.487600011751056, -1115589.768500001868233 ], [ 2317459.853400003165007, -1115654.251299992902204 ], [ 2317406.926000008359551, -1115700.271600001724437 ] ] ] } },
{ "type": "Feature", "properties": { "ID": 634, "YEAR": "2011-2012", "Perimtr_KM": 8.2408503247800002, "AREA_KM": 2.2665237988800002, "SCALE": 1, "THICKNES_M": 337.42555257399999, "VOLUME_KM": 0.76478304525999996, "MASS_GT": 0.7013060525, "RECURRANCE": "1-2", "UA_KM": 0.04120425162, "UH_M": 28.0063207255, "UC_KM": 0.05851677318, "REGION": "East", "ICESHELF": "Vincennes_Bay" }, "geometry": { "type": "Polygon", "coordinates": [ [ [ 2424697.100931657478213, -899962.151951908133924 ], [ 2424765.275299998931587, -899979.549899992765859 ], [ 2424931.203200004994869, -900245.672100000781938 ], [ 2424959.601708527654409, -900264.131713491398841 ], [ 2425067.362900002859533, -900334.178700001677498 ], [ 2425535.994600006379187, -900470.417199999792501 ], [ 2425641.693900006823242, -900485.692000003065914 ], [ 2425763.18690000474453, -900519.73710000468418 ], [ 2425899.805500003509223, -900607.784499997971579 ], [ 2425965.737000006251037, -900697.391199999721721 ], [ 2426029.455000002868474, -900789.211300002643839 ], [ 2426202.823500006459653, -900961.482999992324039 ], [ 2426301.36950000654906, -901053.039000002667308 ], [ 2426457.754700009711087, -901225.011999999405816 ], [ 2426512.888700010254979, -901377.262199999531731 ], [ 2426576.209100000560284, -901452.197799996472895 ], [ 2426714.764500006102026, -901590.154600000940263 ], [ 2426940.69709999859333, -901658.01610000198707 ], [ 2427131.269800003618002, -901743.955499996198341 ], [ 2427103.856600007042289, -901926.906799999298528 ], [ 2426951.919399997219443, -901957.869899997720495 ], [ 2426831.137800000607967, -901960.766199995996431 ], [ 2426689.323599999770522, -901961.235599997220561 ], [ 2426525.371900004334748, -901954.277500002412125 ], [ 2426525.45700001064688, -901952.282099992735311 ], [ 2426356.543799998238683, -901892.847500073025003 ], [ 2426346.483400003984571, -901889.307600001338869 ], [ 2426159.371199995279312, -901837.295414114836603 ], [ 2426143.638700000941753, -901832.922199999913573 ], [ 2425957.910000002011657, -901811.266699998872355 ], [ 2425908.642174561508, -901829.583274563308805 ], [ 2425847.525730659253895, -901852.304876171518117 ], [ 2425711.710400003939867, -901902.797700001159683 ], [ 2425564.655026185326278, -901727.768929765792564 ], [ 2425462.986033871769905, -901606.760100001934916 ], [ 2425127.712801083922386, -901207.710000003222376 ], [ 2425126.962600012309849, -901206.817093012854457 ], [ 2425106.437218154780567, -901182.387299992376938 ], [ 2424969.09159185923636, -901018.915299996966496 ], [ 2424877.546520963311195, -900909.956200001761317 ], [ 2424088.290046976879239, -899970.564551427494735 ], [ 2423966.865000005811453, -899826.04160000057891 ], [ 2424214.437400002963841, -899873.671500000171363 ], [ 2424335.069800003431737, -899908.577100001042709 ], [ 2424558.74999999627471, -899926.845100003294647 ], [ 2424697.100931657478213, -899962.151951908133924 ] ] ] } },
{ "type": "Feature", "properties": { "ID": 635, "YEAR": "2011-2012", "Perimtr_KM": 28.996328114400001, "AREA_KM": 8.6488776923700001, "SCALE": 1, "THICKNES_M": 178.96634864800001, "VOLUME_KM": 1.5478580605100001, "MASS_GT": 1.41938584148, "RECURRANCE": "1-2", "UA_KM": 0.14498164057, "UH_M": 14.8542068645, "UC_KM": 0.11843314207, "REGION": "East", "ICESHELF": "Vincennes_Bay" }, "geometry": { "type": "Polygon", "coordinates": [ [ [ 2419178.603895805776119, -890131.046439279802144 ], [ 2419368.378600005060434, -890375.662899999180809 ], [ 2419337.905800005421042, -890572.884799998952076 ], [ 2419334.409967472776771, -890606.500963409198448 ], [ 2419333.189600002020597, -890618.236100002657622 ], [ 2419337.278882084414363, -890807.889882581308484 ], [ 2419340.849700007587671, -890973.498199998401105 ], [ 2419343.192981628701091, -891132.735121048986912 ], [ 2419346.112900002859533, -891331.157199997920543 ], [ 2419418.814299999736249, -891534.967899993760511 ], [ 2419568.738099996931851, -891419.608099998440593 ], [ 2419572.18750000372529, -891407.880099999252707 ], [ 2419592.557293684221804, -891339.425179848447442 ], [ 2419656.53249999973923, -891124.429500002181157 ], [ 2419693.687199999578297, -890966.300800002645701 ], [ 2419745.079599995166063, -890724.806400003843009 ], [ 2419747.986896269954741, -890644.021028455113992 ], [ 2419750.674528015777469, -890569.339499997906387 ], [ 2419753.466700006276369, -890491.753099997993559 ], [ 2419845.715400001965463, -890226.684300001710653 ], [ 2419940.872400000691414, -890114.245199997909367 ], [ 2420095.419300003908575, -890115.236399994231761 ], [ 2420189.387400004081428, -890211.370400002459064 ], [ 2420204.73621226940304, -890299.230099991196766 ], [ 2420206.109180448576808, -890307.089247026247904 ], [ 2420236.732900007627904, -890482.385599998524413 ], [ 2420257.304500000551343, -890592.785599996335804 ], [ 2420299.738899995572865, -890826.863399998517707 ], [ 2420365.660599996335804, -891089.299799999687821 ], [ 2420399.487599994987249, -891337.634600000223145 ], [ 2420409.542521258816123, -891397.212278736289591 ], [ 2420416.140400006435812, -891436.306200000224635 ], [ 2420370.591200010851026, -891654.675500002456829 ], [ 2420341.114599999040365, -891874.25429999968037 ], [ 2420338.452300009317696, -892153.428599997889251 ], [ 2420261.004849822260439, -892439.984568999148905 ], [ 2420258.508010520599782, -892449.222887425916269 ], [ 2420242.4413, -892508.66979999630712 ], [ 2420229.802999995648861, -892659.564199999673292 ], [ 2420236.768600005656481, -892859.982600000454113 ], [ 2420314.915000001899898, -893041.066400001058355 ], [ 2420317.362876144237816, -893045.769567565992475 ], [ 2420454.798199997283518, -893309.827599996933714 ], [ 2420456.584299999289215, -893314.165199996437877 ], [ 2420594.246200007386506, -893556.707600002875552 ], [ 2420687.605800012126565, -893618.886100004194304 ], [ 2420844.853700077161193, -893510.134879093617201 ], [ 2420967.785300003364682, -893425.116499999538064 ], [ 2421043.247499997727573, -893406.662678055930883 ], [ 2421082.166800008155406, -893397.145200001774356 ], [ 2421185.800700001418591, -893379.921299999346957 ], [ 2421279.307399998418987, -893493.798600000096485 ], [ 2421324.436194919981062, -893550.881802541436628 ], [ 2421439.545399997383356, -893696.482900000410154 ], [ 2421411.597100001759827, -893854.015899999532849 ], [ 2421391.014000001363456, -893986.962499992223457 ], [ 2421360.378399999812245, -894069.443999991053715 ], [ 2421346.616700013168156, -894135.051799999549985 ], [ 2421357.739103073254228, -894227.236802983097732 ], [ 2421372.665599998086691, -894350.95100000500679 ], [ 2421502.357200006023049, -894549.617600003723055 ], [ 2421570.5949, -894683.357199993683025 ], [ 2421597.251600007526577, -894748.517300002044067 ], [ 2421599.745755447074771, -894779.47659999714233 ], [ 2421612.185500011779368, -894933.887899995781481 ], [ 2421614.980400007218122, -894955.454599992604926 ], [ 2421528.898599999025464, -895179.792499999282882 ], [ 2421289.922200001776218, -895470.614999996963888 ], [ 2421172.669099998660386, -895622.431999997003004 ], [ 2421171.407200017012656, -895865.64210000121966 ], [ 2421258.130000002682209, -896159.123300002189353 ], [ 2421310.080199997872114, -896245.429400000954047 ], [ 2421340.192900000140071, -896612.802900003036484 ], [ 2421377.474100002087653, -896696.495700000785291 ], [ 2421571.850399998016655, -896744.067500001983717 ], [ 2421588.479800002649426, -896753.021899994695559 ], [ 2421804.60359999909997, -896856.954500001622364 ], [ 2421965.608700006268919, -897110.717599992174655 ], [ 2422051.647799997590482, -897266.626599998213351 ], [ 2422275.284400005824864, -897405.912199998507276 ], [ 2422349.026542622596025, -897445.760632911464199 ], [ 2422533.329500006511807, -897545.353399998974055 ], [ 2422615.087500003166497, -897705.543400002177805 ], [ 2422807.897300009615719, -897962.065800001611933 ], [ 2422895.092399998567998, -898116.818900001933798 ], [ 2422894.95886383485049, -898299.900354135781527 ], [ 2422894.945800002664328, -898317.811199997551739 ], [ 2422893.573500006459653, -898377.568000003462657 ], [ 2422719.499100003391504, -898430.668300001882017 ], [ 2422544.111399997957051, -898623.338000001851469 ], [ 2422595.785938926041126, -898753.917685405816883 ], [ 2422624.358100001700222, -898826.11850000359118 ], [ 2422480.025582128204405, -898787.361771332798526 ], [ 2422095.522250685840845, -898684.113442342262715 ], [ 2421888.706600008532405, -898628.578499996336177 ], [ 2421486.539099995978177, -897930.077100002672523 ], [ 2421355.424486609175801, -897623.552407153882086 ], [ 2421281.946165977045894, -897451.772015318740159 ], [ 2421153.974280967377126, -897152.594511511037126 ], [ 2421105.917234427295625, -897040.244933925336227 ], [ 2420881.505297642201185, -896515.606236391467974 ], [ 2420527.222056156024337, -895687.349499997682869 ], [ 2420507.791166761890054, -895641.923233241541311 ], [ 2420281.439056867733598, -895112.748725770972669 ], [ 2420098.34264690708369, -894684.699026543879882 ], [ 2419920.202600006945431, -894268.236499997554347 ], [ 2419916.40031666867435, -894196.626800515223294 ], [ 2419915.908648392185569, -894187.367044081678614 ], [ 2419810.715930292382836, -892206.236691658617929 ], [ 2419798.074091258458793, -891968.148623719112948 ], [ 2419797.779713128693402, -891962.604499996639788 ], [ 2419794.157942481338978, -891894.394457520684227 ], [ 2419793.20240000076592, -891876.398400002392009 ], [ 2419767.162997554056346, -891873.584434719989076 ], [ 2419388.54783770814538, -891832.669136522104964 ], [ 2419293.214362351223826, -891822.366861321497709 ], [ 2418886.054100001230836, -891778.366817707428709 ], [ 2418370.199636766687036, -891722.620663229841739 ], [ 2418110.041664839722216, -891694.506519560469314 ], [ 2417792.682100005447865, -891660.210847838083282 ], [ 2417478.363500006496906, -891626.243800001451746 ], [ 2417626.553700006566942, -891547.181500000180677 ], [ 2417733.580900002270937, -891531.777128479909152 ], [ 2417888.992600004188716, -891509.408799997065216 ], [ 2418133.460299997590482, -891368.633199993986636 ], [ 2418195.321400003507733, -891133.95200000051409 ], [ 2418239.689400005154312, -890968.609899994917214 ], [ 2417980.535000002942979, -890864.842099995585158 ], [ 2417985.945600003935397, -890790.30350000411272 ], [ 2418198.165100006386638, -890595.366000002948567 ], [ 2418518.982700003311038, -890723.880600005155429 ], [ 2418549.04710000846535, -891023.848700002767146 ], [ 2418556.878000000491738, -891048.907499996479601 ], [ 2418579.66650001052767, -891285.349099998129532 ], [ 2418608.563300366513431, -891334.34992575715296 ], [ 2418672.73733842279762, -891443.171000001952052 ], [ 2418682.24110000487417, -891459.286700000986457 ], [ 2418713.545565197244287, -891443.171000001952052 ], [ 2418749.555500002577901, -891424.632900001714006 ], [ 2418867.338200002908707, -891360.599699998740107 ], [ 2418916.524380167946219, -891111.863667141646147 ], [ 2418922.715199995785952, -891080.556499998085201 ], [ 2419060.639700000174344, -890804.375900001963601 ], [ 2419164.157999997958541, -890614.447599999373779 ], [ 2419185.545600016601384, -890448.195600000442937 ], [ 2419200.653700004331768, -890318.721800001803786 ], [ 2419149.426300012506545, -890093.436999996425584 ], [ 2419178.603895805776119, -890131.046439279802144 ] ] ] } },
{ "type": "Feature", "properties": { "ID": 636, "YEAR": "2011-2012", "Perimtr_KM": 9.1397766404399992, "AREA_KM": 2.0904829286500002, "SCALE": 1, "THICKNES_M": 319.45770941799998, "VOLUME_KM": 0.66782088796000005, "MASS_GT": 0.61239175426000003, "RECURRANCE": "2-3", "UA_KM": 0.0456988832, "UH_M": 26.5149897509, "UC_KM": 0.05109778998, "REGION": "East", "ICESHELF": "Vincennes_Bay" }, "geometry": { "type": "Polygon", "coordinates": [ [ [ 2416899.848574886098504, -887680.368929702555761 ], [ 2416958.290800004266202, -887713.110600001178682 ], [ 2417019.161400007084012, -887747.661699997028336 ], [ 2417097.906713460572064, -887824.514134903904051 ], [ 2417220.322200002148747, -887943.987000001128763 ], [ 2417270.7017, -888152.837699999334291 ], [ 2417369.635000008158386, -888416.826500001829118 ], [ 2417403.87140001449734, -888607.256199998315424 ], [ 2417401.817500014789402, -888642.802699998952448 ], [ 2417391.624800002202392, -888844.168999998364598 ], [ 2417161.075899999588728, -888919.179699996719137 ], [ 2416944.090100007131696, -889049.755600002594292 ], [ 2416864.991424648091197, -889099.006218505324796 ], [ 2416715.099499999545515, -889192.336099994136021 ], [ 2416653.754800003953278, -889357.372800002107397 ], [ 2416759.204300003126264, -889493.871499998262152 ], [ 2416864.273197379894555, -889566.468345192959532 ], [ 2416943.339900004677474, -889621.099099999060854 ], [ 2416965.822700002230704, -889878.015299995196983 ], [ 2417139.329900008626282, -890122.30309999990277 ], [ 2417133.514700002036989, -890173.763599998084828 ], [ 2417028.828299998305738, -890347.577999998582527 ], [ 2416931.652735440991819, -890465.923606512602419 ], [ 2416870.170799998566508, -890540.799600004917011 ], [ 2416777.23859999794513, -890642.815399999264628 ], [ 2416712.17262177541852, -890552.176508201053366 ], [ 2416333.166883417405188, -890024.209957240382209 ], [ 2416173.695100001990795, -889802.060900000156835 ], [ 2416273.60335449129343, -889562.281145865563303 ], [ 2416319.069533511996269, -889453.162342002382502 ], [ 2416352.973278281278908, -889371.79337377473712 ], [ 2416389.30189591832459, -889284.604712034575641 ], [ 2416491.195800006389618, -889040.059399996651337 ], [ 2416497.264479367062449, -888664.993379643885419 ], [ 2416528.495700010098517, -886734.792599997716025 ], [ 2416672.271799997426569, -886906.566899999277666 ], [ 2416704.262200002558529, -886939.230200003366917 ], [ 2416843.370500001125038, -887163.044099999358878 ], [ 2416880.085200005210936, -887385.559599998174235 ], [ 2416870.516600006259978, -887476.016599998576567 ], [ 2416842.225000005215406, -887648.085899994708598 ], [ 2416899.848574886098504, -887680.368929702555761 ] ] ] } },
{ "type": "Feature", "properties": { "ID": 637, "YEAR": "2011-2012", "Perimtr_KM": 7.9982769346399998, "AREA_KM": 1.8068196027500001, "SCALE": 1, "THICKNES_M": 332.58646647099999, "VOLUME_KM": 0.60092374722999997, "MASS_GT": 0.55104707621000004, "RECURRANCE": "2-3", "UA_KM": 0.03999138467, "UH_M": 27.604676581, "UC_KM": 0.04597920788, "REGION": "East", "ICESHELF": "Vincennes_Bay" }, "geometry": { "type": "Polygon", "coordinates": [ [ [ 2413799.035400002263486, -856988.12559999525547 ], [ 2413800.463200002908707, -856990.981199996778741 ], [ 2413814.056512866169214, -857025.477899999590591 ], [ 2413814.821200005710125, -857027.418499997118488 ], [ 2413829.210500001907349, -857036.89275864395313 ], [ 2413846.060194849036634, -857047.986999999266118 ], [ 2413862.628556215204298, -857058.896004673559219 ], [ 2414075.33969999756664, -857198.950100000016391 ], [ 2414090.273000006563962, -857218.0031999994535 ], [ 2414094.976028165780008, -857224.044632215518504 ], [ 2414111.673399998806417, -857245.493799997726455 ], [ 2414121.317400007508695, -857256.664599997922778 ], [ 2414133.264199995435774, -857452.101899998728186 ], [ 2414140.402100001461804, -857499.771499995607883 ], [ 2414148.471000007353723, -857557.869099993258715 ], [ 2414156.90090000629425, -857739.541300002252683 ], [ 2414226.688521038740873, -857816.457800002070144 ], [ 2414257.093699998222291, -857849.968900002073497 ], [ 2414045.89620000962168, -857978.958699994720519 ], [ 2414019.676400006748736, -858298.711199996992946 ], [ 2414123.62510000821203, -858464.097500002011657 ], [ 2414104.228100010193884, -858569.904499998316169 ], [ 2413955.274199998937547, -858608.315000003902242 ], [ 2413916.72169999871403, -858619.154800004092976 ], [ 2413809.3904, -858761.050200002966449 ], [ 2413764.955500011332333, -858857.331100000534207 ], [ 2413758.513599998317659, -858880.039114868734032 ], [ 2413745.455722011625767, -858926.06877799029462 ], [ 2413726.913200000301003, -858991.432081479113549 ], [ 2413722.266451168805361, -859007.812100003706291 ], [ 2413717.045900007709861, -859026.21480000205338 ], [ 2413689.652400005608797, -859123.730799996992573 ], [ 2413682.167900015600026, -859147.502799998503178 ], [ 2413597.134500000625849, -859301.664199997438118 ], [ 2413522.779900007881224, -859324.17279999377206 ], [ 2413708.858200004324317, -859381.53249999997206 ], [ 2413766.670200010761619, -859334.349199995864183 ], [ 2413796.786899997852743, -859309.396000000182539 ], [ 2413883.196899995207787, -859300.754999996395782 ], [ 2414032.914500002749264, -859280.652499997522682 ], [ 2414173.391000000759959, -859295.71409999881871 ], [ 2414255.180500007234514, -859300.33460000436753 ], [ 2414201.322900009341538, -859443.568200002424419 ], [ 2414191.872500006109476, -859467.334499999415129 ], [ 2414125.167300009168684, -859498.249999993480742 ], [ 2414070.387400007806718, -859519.691699997987598 ], [ 2414048.125200002454221, -859519.295699999202043 ], [ 2413975.280499996617436, -859528.388599998084828 ], [ 2413768.40429999679327, -859648.854700001887977 ], [ 2413730.862400007434189, -859693.142200004076585 ], [ 2413729.780000008642673, -859694.359800002072006 ], [ 2413730.467800007201731, -859697.79899999522604 ], [ 2413732.742800001986325, -859702.633299997309223 ], [ 2413680.274000000208616, -859702.420999997062609 ], [ 2413639.138600003905594, -859760.838400001171976 ], [ 2413284.507500001229346, -859457.172498747939244 ], [ 2413284.43930000718683, -859457.114100000588223 ], [ 2413231.522599996067584, -859060.238300000317395 ], [ 2413417.084572244435549, -858565.406399997882545 ], [ 2413469.64809999987483, -858425.237000002991408 ], [ 2413442.243802445009351, -858378.860506867757067 ], [ 2413179.761684876866639, -857934.660100003704429 ], [ 2413125.689000003971159, -857843.152500001480803 ], [ 2413145.829273331910372, -857790.787800001213327 ], [ 2413390.272899999283254, -857155.234499999554828 ], [ 2413787.913500007241964, -856965.881799997296184 ], [ 2413799.035400002263486, -856988.12559999525547 ] ] ] } },
{ "type": "Feature", "properties": { "ID": 638, "YEAR": "2011-2012", "Perimtr_KM": 9.8432181683700009, "AREA_KM": 2.3630117853599999, "SCALE": 1, "THICKNES_M": 315.002991, "VOLUME_KM": 0.74435578016000004, "MASS_GT": 0.6825742504, "RECURRANCE": "3-4", "UA_KM": 0.04921609084, "UH_M": 26.1452481241, "UC_KM": 0.05695379706, "REGION": "East", "ICESHELF": "Underwood" }, "geometry": { "type": "Polygon", "coordinates": [ [ [ 2450557.179307804442942, -795983.113903746241704 ], [ 2450617.909000000916421, -796017.561899998923764 ], [ 2450624.725599996745586, -796090.768399994820356 ], [ 2450628.10750000923872, -796149.939899996388704 ], [ 2450741.667599997483194, -796230.802400001324713 ], [ 2450885.964600005187094, -796306.850900000194088 ], [ 2450964.203400005586445, -796379.530300001613796 ], [ 2450954.5878000035882, -796510.419400000479072 ], [ 2450959.474400008097291, -796563.859599999152124 ], [ 2450927.715999998152256, -796602.09880000189878 ], [ 2450847.987600007094443, -796720.711700000567362 ], [ 2450812.618400007486343, -796820.888300000224262 ], [ 2450736.189500001259148, -796949.163399998797104 ], [ 2450747.764900006353855, -797004.158100002678111 ], [ 2450726.750229706987739, -797061.163878114661202 ], [ 2450582.169226872734725, -797453.363824632484466 ], [ 2450558.974695206619799, -797516.282838204177096 ], [ 2450527.496710771694779, -797601.672091074055061 ], [ 2450463.458299998193979, -797775.386899993522093 ], [ 2450331.874156919308007, -798002.754400003235787 ], [ 2450162.264400001615286, -798295.827300000470132 ], [ 2450018.256900006905198, -798657.200363171985373 ], [ 2449913.060338142327964, -798921.181084994226694 ], [ 2449821.676100010052323, -799150.501099993474782 ], [ 2449781.911100001074374, -799184.72718494082801 ], [ 2449778.823162365704775, -799187.385000003036112 ], [ 2449765.029300007969141, -799199.257498551392928 ], [ 2449529.221999999135733, -799402.218913867603987 ], [ 2449335.46199785079807, -799568.989850417012349 ], [ 2449233.349628365598619, -799656.878864161670208 ], [ 2448971.978987270966172, -799881.842871793080121 ], [ 2448810.535500003956258, -800020.79869999946095 ], [ 2449165.761456493288279, -799252.883743152953684 ], [ 2449219.756600006483495, -799136.15894434414804 ], [ 2449242.903604408726096, -799086.120565783698112 ], [ 2449252.736800009384751, -799064.863509989343584 ], [ 2449285.30459414049983, -798994.459600116126239 ], [ 2449832.774071070365608, -797810.959374220110476 ], [ 2450049.113516719080508, -797343.284383033635095 ], [ 2450073.94350001309067, -797289.60780000127852 ], [ 2449968.109900000505149, -796151.897200003033504 ], [ 2450351.339300001971424, -795868.045200002845377 ], [ 2450452.502900002524257, -795923.7378000007011 ], [ 2450557.179307804442942, -795983.113903746241704 ] ] ] } },
{ "type": "Feature", "properties": { "ID": 640, "YEAR": "2011-2012", "Perimtr_KM": 52.300110081699998, "AREA_KM": 70.094270315000003, "SCALE": 2, "THICKNES_M": 367.908329622, "VOLUME_KM": 25.788265907700001, "MASS_GT": 23.647839837300001, "RECURRANCE": "1-2", "UA_KM": 0.26150055040999998, "UH_M": 30.5363912081, "UC_KM": 1.97316888273, "REGION": "West", "ICESHELF": "Getz" }, "geometry": { "type": "Polygon", "coordinates": [ [ [ -1229017.715100002475083, -1167697.158199992030859 ], [ -1228184.275899994885549, -1168292.471900002565235 ], [ -1227641.054498673649505, -1168263.881284763803706 ], [ -1227430.211900001624599, -1168252.784300002269447 ], [ -1227230.319450481096283, -1167964.050712064374238 ], [ -1227073.023699994664639, -1167736.845700001111254 ], [ -1226636.460299994330853, -1167736.845700001111254 ], [ -1225973.312981175957248, -1168510.517629974056035 ], [ -1225814.636291925795376, -1168695.640447978628799 ], [ -1225683.958399997325614, -1168848.097999999299645 ], [ -1225009.269599997671321, -1168927.47310000192374 ], [ -1224491.395290081622079, -1169667.293436218518764 ], [ -1224453.64339999621734, -1169721.224700002465397 ], [ -1222866.1403, -1170713.414199992781505 ], [ -1221376.64030616520904, -1171491.511199997039512 ], [ -1220207.072400001110509, -1172102.479499997105449 ], [ -1219413.234956118976697, -1172824.149925563717261 ], [ -1218909.972650474635884, -1173281.661126488121226 ], [ -1218897.382299997610971, -1173293.106899997917935 ], [ -1218584.890932471724227, -1173744.483310034032911 ], [ -1218576.935700786998495, -1173755.974200000753626 ], [ -1218520.468176493654028, -1173837.538400002522394 ], [ -1218501.008599997265264, -1173865.646676554810256 ], [ -1218183.00589999766089, -1174324.983899997547269 ], [ -1218473.820500001776963, -1174430.73464546748437 ], [ -1218619.569299998227507, -1174483.734199994010851 ], [ -1218560.645836749114096, -1174701.75101996329613 ], [ -1218534.464167571626604, -1174798.62319854227826 ], [ -1218492.943465607240796, -1174952.249799998244271 ], [ -1218290.88955537462607, -1175699.849288226803765 ], [ -1218222.693499997956678, -1175952.174699991941452 ], [ -1218138.547823433531448, -1176071.231879 ], [ -1217963.206000004895031, -1176319.321902296040207 ], [ -1217355.954525493783876, -1177178.5181254951749 ], [ -1216735.059319656342268, -1178057.018776800483465 ], [ -1216179.062300000339746, -1178843.695399993099272 ], [ -1216718.902900001034141, -1178848.485900000901893 ], [ -1216757.833699998445809, -1178758.857900003436953 ], [ -1217062.389499997952953, -1178743.030200000619516 ], [ -1217289.472699996549636, -1178670.110931880772114 ], [ -1218202.5903, -1178376.897400002926588 ], [ -1218316.772891354281455, -1178311.436000000918284 ], [ -1218472.909099998651072, -1178221.922400003299117 ], [ -1218467.335599997779354, -1178026.288600002648309 ], [ -1218261.184900000924245, -1177999.772499998100102 ], [ -1218055.942399998195469, -1177970.5369 ], [ -1218667.815200001234189, -1177586.613600004231557 ], [ -1218716.820799995213747, -1177576.3757999970112 ], [ -1218745.659899997757748, -1177570.721300001023337 ], [ -1218788.412599996430799, -1177471.575000000186265 ], [ -1220271.771699994103983, -1176763.0714999998454 ], [ -1220246.625599999213591, -1176466.363600001903251 ], [ -1220213.981599998194724, -1176091.446799998637289 ], [ -1221421.123899998841807, -1175903.003299997653812 ], [ -1221428.929499995661899, -1175868.402186536928639 ], [ -1221440.975000001257285, -1175815.0062000004109 ], [ -1221448.74617464072071, -1175766.687999999383464 ], [ -1221471.96269999537617, -1175622.336500000441447 ], [ -1221608.423999994760379, -1175445.677600000752136 ], [ -1221713.466520439134911, -1175391.290669564623386 ], [ -1221804.903999997070059, -1175343.947900000726804 ], [ -1222046.831799998180941, -1175347.307900002226233 ], [ -1222099.917199998162687, -1175352.162100001703948 ], [ -1222172.618393406970426, -1175359.321507666027173 ], [ -1222228.349000001326203, -1175364.809699998470023 ], [ -1222440.763999996474013, -1175383.388399997726083 ], [ -1222655.610546974465251, -1175386.37134890886955 ], [ -1222758.292899997206405, -1175387.796999994665384 ], [ -1223016.302999999606982, -1175392.328799993731081 ], [ -1223334.778299995698035, -1175338.041900003794581 ], [ -1223532.409799999324605, -1175207.642599993385375 ], [ -1223729.609099996043369, -1175106.632100003538653 ], [ -1223972.595199996605515, -1175051.408500001765788 ], [ -1224337.611900004092604, -1174984.021000002045184 ], [ -1224819.943499997491017, -1174769.436000001383945 ], [ -1225098.574999998789281, -1174567.055600002175197 ], [ -1225403.34999999916181, -1174409.605300004128367 ], [ -1225753.808599996846169, -1174223.286399999866262 ], [ -1226075.247900002403185, -1174076.514400000916794 ], [ -1226344.615699998568743, -1174008.927100001601502 ], [ -1226614.822099996730685, -1174040.565700000151992 ], [ -1226825.407799996901304, -1174012.583600000943989 ], [ -1226901.452399994712323, -1173850.060300000943244 ], [ -1226830.02540000109002, -1173569.886499994434416 ], [ -1226682.462099997093901, -1173362.681300001218915 ], [ -1226669.232699998654425, -1173170.52609999710694 ], [ -1226878.846999995643273, -1172977.557100003119558 ], [ -1227162.695899998536333, -1172754.449399999575689 ], [ -1227656.235599998151883, -1172547.19609999912791 ], [ -1228120.323099999688566, -1172399.95369999925606 ], [ -1228538.732999995816499, -1172311.406899997731671 ], [ -1228986.404799998505041, -1172207.390699994983152 ], [ -1229403.729299996513873, -1172162.489999999292195 ], [ -1229741.136580627411604, -1172035.432707742787898 ], [ -1229880.320999994408339, -1171983.020100003108382 ], [ -1230118.667099997401237, -1171788.96209999686107 ], [ -1230311.946800002129748, -1171505.106199995381758 ], [ -1230609.254900003084913, -1171355.099699997343123 ], [ -1230890.907499998807907, -1171368.363400002010167 ], [ -1231216.818199998233467, -1171410.974900002591312 ], [ -1231572.250499998917803, -1171348.913600004743785 ], [ -1231794.24509999784641, -1171242.877300005173311 ], [ -1232074.5434, -1171016.218999994220212 ], [ -1232325.565599996363744, -1170998.852400004165247 ], [ -1232433.508044704562053, -1170896.39420595462434 ], [ -1232688.291888, -1170654.555209930520505 ], [ -1232857.742573240539059, -1170493.713835279690102 ], [ -1233075.223499995656312, -1170287.282499991590157 ], [ -1233353.539900002302602, -1169924.447800000663847 ], [ -1233454.705699998419732, -1169682.67240000446327 ], [ -1233439.080299998167902, -1169547.76310000102967 ], [ -1233435.168640407035127, -1169501.84834889578633 ], [ -1233423.8059, -1169368.473400000482798 ], [ -1233466.958599996520206, -1169187.968699996126816 ], [ -1233642.453899999847636, -1169080.16480000060983 ], [ -1233789.26600000099279, -1169077.872000005096197 ], [ -1233950.535699997562915, -1169090.036799998022616 ], [ -1234126.495200000470504, -1169042.338899993337691 ], [ -1234374.164400000358, -1168842.693499994464219 ], [ -1234372.825099996756762, -1168677.338799997232854 ], [ -1234372.392442563781515, -1168620.36945052142255 ], [ -1234370.657099997391924, -1168391.87150000128895 ], [ -1234398.373199995839968, -1168136.28840000089258 ], [ -1234499.427599998190999, -1167924.22249999945052 ], [ -1234630.950999997323379, -1167846.999099999200553 ], [ -1234850.187899994896725, -1167753.1157 ], [ -1234952.185199996922165, -1167661.276699999114498 ], [ -1235010.019999995594844, -1167617.515400002943352 ], [ -1234554.405399997252971, -1167518.468799999449402 ], [ -1234202.3607, -1167602.288999994052574 ], [ -1234049.074799997033551, -1168068.04230000381358 ], [ -1233772.317889566300437, -1168005.38034465839155 ], [ -1233679.908532334724441, -1167984.457466859836131 ], [ -1233586.988968685269356, -1167963.419070608215407 ], [ -1233462.724000001093373, -1167935.283599997870624 ], [ -1233403.652947457507253, -1167989.810723656788468 ], [ -1233154.484930581878871, -1168219.811962579144165 ], [ -1232946.7854, -1168411.534599998733029 ], [ -1232881.331763769732788, -1168171.53784221271053 ], [ -1232827.722699997015297, -1167974.971199998166412 ], [ -1232403.744980985065922, -1167857.199604789493605 ], [ -1232161.121596418321133, -1167789.804216415155679 ], [ -1232113.346299990313128, -1167776.533299994654953 ], [ -1231786.360420278739184, -1167845.372425721026957 ], [ -1231757.758414601441473, -1167851.393900001887232 ], [ -1231359.282299996819347, -1167935.283599997870624 ], [ -1231359.282299996819347, -1167908.697999148629606 ], [ -1231359.282299996819347, -1167578.095400004880503 ], [ -1230580.815064958995208, -1167537.123472866369411 ], [ -1229851.154199998592958, -1167498.720300002256408 ], [ -1229017.715100002475083, -1167697.158199992030859 ] ] ] } },
{ "type": "Feature", "properties": { "ID": 641, "YEAR": "2011-2012", "Perimtr_KM": 14.381774909500001, "AREA_KM": 3.5608603915799999, "SCALE": 1, "THICKNES_M": 426.90583449100001, "VOLUME_KM": 1.5201520769700001, "MASS_GT": 1.3939794545799999, "RECURRANCE": "3-4", "UA_KM": 0.07190887455, "UH_M": 35.433184087999997, "UC_KM": 0.11631324053, "REGION": "West", "ICESHELF": "Getz" }, "geometry": { "type": "Polygon", "coordinates": [ [ [ -1246586.957289391430095, -1161154.988832923816517 ], [ -1246473.633300000568852, -1161215.192200000630692 ], [ -1246400.95103804464452, -1161210.121344981947914 ], [ -1246272.623250745469704, -1161201.168244370492175 ], [ -1245752.779799998970702, -1161164.900100002065301 ], [ -1245597.712379443692043, -1161496.4236069326289 ], [ -1245266.622899999609217, -1162204.270199997816235 ], [ -1244425.548075861763209, -1162174.758773324079812 ], [ -1244361.387263498967513, -1162172.507514512166381 ], [ -1244311.072999998461455, -1162170.742100001778454 ], [ -1243405.815099998144433, -1162941.887600003974512 ], [ -1242752.017799995606765, -1163025.707799998810515 ], [ -1242482.910799998790026, -1163721.876099998597056 ], [ -1242635.483199996640906, -1163684.572600001003593 ], [ -1242886.759299998870119, -1163697.280900003388524 ], [ -1243048.168999997666106, -1163754.317200002493337 ], [ -1243401.426799997221678, -1163779.544100003549829 ], [ -1243592.470099999103695, -1163732.019800001755357 ], [ -1243740.365200000116602, -1163611.526099996175617 ], [ -1243842.487999997567385, -1163489.991599997505546 ], [ -1243827.347400000551715, -1163340.656500002369285 ], [ -1243739.852099995827302, -1163253.161199997877702 ], [ -1243695.842899999348447, -1163089.868099997984245 ], [ -1243797.594799997052178, -1162953.052200002828613 ], [ -1243973.120899997418746, -1162949.652499997289851 ], [ -1244151.125000001629815, -1163023.283100004075095 ], [ -1244340.748399996431544, -1163063.8017 ], [ -1244577.190099996048957, -1163061.675499995239079 ], [ -1244600.710599996848032, -1163049.98169999779202 ], [ -1244777.0245, -1163127.460599998245016 ], [ -1245881.015528796473518, -1162332.392334833042696 ], [ -1245911.74180000112392, -1162310.263999996939674 ], [ -1246055.275799998082221, -1162020.549400002229959 ], [ -1246076.844200000399724, -1162118.991 ], [ -1246826.669799995142967, -1161562.450499993981794 ], [ -1247237.800352720310912, -1161090.321370988152921 ], [ -1247667.925899997819215, -1160596.378999998094514 ], [ -1247867.619800002779812, -1160474.636900004232302 ], [ -1246586.957289391430095, -1161154.988832923816517 ] ] ] } },
{ "type": "Feature", "properties": { "ID": 642, "YEAR": "2011-2012", "Perimtr_KM": 11.3645174538, "AREA_KM": 3.9335712807599998, "SCALE": 1, "THICKNES_M": 343.339182, "VOLUME_KM": 1.3505491458700001, "MASS_GT": 1.2384535667700001, "RECURRANCE": "2-3", "UA_KM": 0.05682258727, "UH_M": 28.497151965499999, "UC_KM": 0.10333620565, "REGION": "West", "ICESHELF": "Getz" }, "geometry": { "type": "Polygon", "coordinates": [ [ [ -1295675.655506921233609, -1111532.994358340743929 ], [ -1295567.486499996855855, -1111572.846100001595914 ], [ -1295118.172539226477966, -1111912.867465794319287 ], [ -1294588.52620000205934, -1112313.680899999570101 ], [ -1294485.026999997673556, -1112986.425797811243683 ], [ -1294439.646301308181137, -1113281.400382166961208 ], [ -1294429.77589999884367, -1113345.557999996934086 ], [ -1294373.29696801584214, -1113488.416463198373094 ], [ -1294301.5074, -1113670.001826101215556 ], [ -1294112.466035505523905, -1114148.165237912675366 ], [ -1294107.297397259622812, -1114161.238851220579818 ], [ -1294099.368961865315214, -1114181.293127316515893 ], [ -1293979.98330000275746, -1114483.268599995179102 ], [ -1293609.565900000510737, -1114933.0611 ], [ -1293611.694316163426265, -1115116.105969419470057 ], [ -1293616.716018169187009, -1115547.97488924046047 ], [ -1293619.423699998296797, -1115780.836900003021583 ], [ -1294155.389800001634285, -1115710.008099999045953 ], [ -1294167.377299999818206, -1115674.04549999255687 ], [ -1294214.56279999949038, -1115452.842100001173094 ], [ -1294251.204399995040148, -1115265.8264999918174 ], [ -1294312.650699996156618, -1115088.704900002107024 ], [ -1294344.605200000107288, -1114956.643999999156222 ], [ -1294348.531712781405076, -1114943.988043433520943 ], [ -1294394.033700002357364, -1114797.325799999758601 ], [ -1294479.84095862112008, -1114692.674341411096975 ], [ -1294514.95079999929294, -1114649.85399999213405 ], [ -1294530.6286, -1114640.979744529118761 ], [ -1294705.373700000112876, -1114542.067099992651492 ], [ -1294855.20159999653697, -1114512.969199996907264 ], [ -1295046.975391884334385, -1114311.608959661563858 ], [ -1295079.84734501154162, -1114277.093793026171625 ], [ -1295087.952000000979751, -1114268.58400000189431 ], [ -1295177.041314807953313, -1114153.066834920551628 ], [ -1295270.082900000736117, -1114032.424980400595814 ], [ -1295315.794245561352, -1113973.153618139680475 ], [ -1295347.643699998268858, -1113931.856199996778741 ], [ -1295422.311299994587898, -1113708.313899995060638 ], [ -1295416.935904736164957, -1113643.784899998223409 ], [ -1295403.342099998611957, -1113480.597899999469519 ], [ -1295304.647900002310053, -1113202.977700001560152 ], [ -1295319.615700000431389, -1113009.198799998033792 ], [ -1295454.983100000303239, -1112846.356400004588068 ], [ -1295523.838300000410527, -1112789.927548933774233 ], [ -1295576.145630531478673, -1112747.060161070432514 ], [ -1295725.408099997788668, -1112624.735200001392514 ], [ -1295890.968699998222291, -1112387.712699999799952 ], [ -1295983.483199998969212, -1112122.37539999303408 ], [ -1296190.910599998896942, -1111724.142499995650724 ], [ -1296213.942800000775605, -1111690.637499999022111 ], [ -1296228.989, -1111667.088399996515363 ], [ -1296331.478999998886138, -1111479.85499999858439 ], [ -1296227.48018229031004, -1111443.149534926051274 ], [ -1296117.863731430377811, -1111404.461375799495727 ], [ -1296070.195799997774884, -1111387.637400000588968 ], [ -1295675.655506921233609, -1111532.994358340743929 ] ] ] } },
{ "type": "Feature", "properties": { "ID": 643, "YEAR": "2011-2012", "Perimtr_KM": 17.376518966700001, "AREA_KM": 8.8342043676300008, "SCALE": 1, "THICKNES_M": 343.339182, "VOLUME_KM": 3.0331285012000002, "MASS_GT": 2.7813788356, "RECURRANCE": "2-3", "UA_KM": 0.08688259483000001, "UH_M": 28.497151965499999, "UC_KM": 0.23207744163, "REGION": "West", "ICESHELF": "Getz" }, "geometry": { "type": "Polygon", "coordinates": [ [ [ -1302879.310844272607937, -1109422.049950797110796 ], [ -1302870.0011, -1109429.716799997258931 ], [ -1302825.140299732098356, -1109414.763199910288677 ], [ -1302234.999800002668053, -1109218.049699998227879 ], [ -1301785.207199999829754, -1109641.383900003042072 ], [ -1300822.653869598871097, -1109702.82343145692721 ], [ -1300814.79145395802334, -1109703.325287421001121 ], [ -1300541.663100001169369, -1109720.758999992161989 ], [ -1299789.1637161988765, -1110208.866727111395448 ], [ -1299562.702799999387935, -1110355.760300002992153 ], [ -1299057.325367918005213, -1110254.684813585365191 ], [ -1298809.576190826715901, -1110205.134978161659092 ], [ -1298636.659300000406802, -1110170.551599995000288 ], [ -1298609.739670723676682, -1110204.373698842944577 ], [ -1298360.546736634569243, -1110517.462261943845078 ], [ -1298026.403989111306146, -1110937.282643577083945 ], [ -1297981.570500001078472, -1110993.611900002229959 ], [ -1298090.650499998126179, -1111008.877300002379343 ], [ -1298125.665908821625635, -1111013.736828436143696 ], [ -1298137.652800002600998, -1111015.400400000391528 ], [ -1298214.736899999668822, -1111026.107099991990253 ], [ -1298332.891199998790398, -1111042.371099998708814 ], [ -1298688.4916, -1111085.792299999156967 ], [ -1298693.605500001460314, -1111081.969900001538917 ], [ -1298700.164099994814023, -1111081.964300001272932 ], [ -1298906.013099999632686, -1111085.139800000470132 ], [ -1298967.507200000807643, -1111084.683800001628697 ], [ -1299017.923799995100126, -1111081.940900001209229 ], [ -1299042.115899994969368, -1111079.566100003896281 ], [ -1299064.936099997255951, -1111075.853999995626509 ], [ -1299087.370700003579259, -1111071.827999995090067 ], [ -1299107.291200002655387, -1111065.414800001308322 ], [ -1299147.8793, -1111046.783300003036857 ], [ -1299167.081900002900511, -1111041.353300000540912 ], [ -1299187.578199998242781, -1111037.971100001130253 ], [ -1299208.626299995230511, -1111036.210600001737475 ], [ -1299230.411199999740347, -1111036.682499998947605 ], [ -1299235.318879426456988, -1111037.15604518679902 ], [ -1299251.719999998342246, -1111038.73859999421984 ], [ -1299271.868099994957447, -1111042.436699998797849 ], [ -1299290.511999995913357, -1111048.395899993367493 ], [ -1299329.656899997266009, -1111068.512699996354058 ], [ -1299348.144400000805035, -1111075.860199996968731 ], [ -1299408.833099995274097, -1111092.769599999068305 ], [ -1299429.114500003168359, -1111099.443200000561774 ], [ -1299447.313700003316626, -1111106.962899998994544 ], [ -1299463.295300000580028, -1111116.999000004958361 ], [ -1299474.737100000493228, -1111128.343099993653595 ], [ -1299503.55899999756366, -1111169.497400001622736 ], [ -1299514.349999997997656, -1111180.76780000096187 ], [ -1299527.258100000210106, -1111188.639500001212582 ], [ -1299527.410892459796742, -1111188.687568274792284 ], [ -1299542.495299997273833, -1111193.433099999558181 ], [ -1299559.306799999205396, -1111192.878200000617653 ], [ -1299577.193799999309704, -1111187.667699999408796 ], [ -1299593.644199996488169, -1111177.0227 ], [ -1299607.879599998472258, -1111161.889299997361377 ], [ -1299621.337999999290332, -1111145.395300001604483 ], [ -1299643.750599997118115, -1111112.713599996408448 ], [ -1299653.474300000118092, -1111100.517200002446771 ], [ -1299660.93720000050962, -1111094.155400002608076 ], [ -1299666.95970000163652, -1111091.417100002523512 ], [ -1299670.79239999759011, -1111092.592599998461083 ], [ -1299698.562899995828047, -1111081.133900000248104 ], [ -1299715.883600000990555, -1111074.07459999830462 ], [ -1299741.817199998069555, -1111067.350000001490116 ], [ -1299772.849899995606393, -1111065.000599997118115 ], [ -1299804.8100999975577, -1111066.120499997399747 ], [ -1299836.710999998496845, -1111073.106900000246242 ], [ -1299864.191699997056276, -1111085.06420000270009 ], [ -1299885.868503619683906, -1111103.123131012776867 ], [ -1299886.842899996554479, -1111103.934899997198954 ], [ -1299903.345099999802187, -1111126.087700001895428 ], [ -1299924.870599996298552, -1111169.688399999169633 ], [ -1299936.896899996791035, -1111188.614599998109043 ], [ -1299948.219700003275648, -1111201.086700003826991 ], [ -1299960.088500001933426, -1111211.19399999617599 ], [ -1299971.515799995046109, -1111219.0807 ], [ -1299982.9455, -1111223.60200000484474 ], [ -1299995.385599999222904, -1111224.062400001334026 ], [ -1300006.829099998110905, -1111219.132300003198907 ], [ -1300019.541299995034933, -1111207.919700001832098 ], [ -1300042.788199995178729, -1111174.877800000365824 ], [ -1300055.663299998035654, -1111157.695099998032674 ], [ -1300072.225499994587153, -1111144.226000000257045 ], [ -1300092.262199997203425, -1111135.1757 ], [ -1300114.371399997035041, -1111130.099300000350922 ], [ -1300139.031700002495199, -1111130.539799999212846 ], [ -1300162.141999998129904, -1111133.636199997970834 ], [ -1300183.970200000330806, -1111141.139500001445413 ], [ -1300201.00219999672845, -1111151.227099999086931 ], [ -1300232.763299998128787, -1111174.322300000116229 ], [ -1300249.919199995463714, -1111184.682900004088879 ], [ -1300272.729899996425956, -1111194.204099995084107 ], [ -1300297.062999998452142, -1111199.958600002573803 ], [ -1300322.868599997134879, -1111203.072299991035834 ], [ -1300349.761399997398257, -1111204.104099999880418 ], [ -1300376.37059999932535, -1111202.433299999684095 ], [ -1300402.652599997585639, -1111198.605900003109127 ], [ -1300425.44770000083372, -1111189.921699999598786 ], [ -1300443.788099998841062, -1111179.875000001629815 ], [ -1300478.371800002409145, -1111156.056899991817772 ], [ -1300496.294100001920015, -1111144.223099998896942 ], [ -1300523.863999996799976, -1111133.577199997613207 ], [ -1300554.021299996413291, -1111125.255199996521696 ], [ -1300588.359600002411753, -1111118.7379999991972 ], [ -1300629.145399994915351, -1111112.972399996360764 ], [ -1300766.61999999685213, -1111097.709100000560284 ], [ -1300808.161900000181049, -1111091.257500003324822 ], [ -1300844.256900002481416, -1111084.447199992602691 ], [ -1300871.816300002858043, -1111076.372200003592297 ], [ -1300889.591499997070059, -1111067.982000001473352 ], [ -1300895.568199997767806, -1111061.49249999714084 ], [ -1300894.193799997214228, -1111055.993999999715015 ], [ -1301077.0894, -1111058.889599998947233 ], [ -1301076.764199995901436, -1111055.072400002973154 ], [ -1301081.006600000662729, -1111049.270800001453608 ], [ -1301093.632099997485057, -1111039.432299999753013 ], [ -1301420.311599996872246, -1111088.051899999380112 ], [ -1301646.923300003400072, -1111076.095799999311566 ], [ -1301768.756399997044355, -1111063.734400002053007 ], [ -1302058.843899997882545, -1110921.417800000403076 ], [ -1302320.186499997740611, -1110735.445700003299862 ], [ -1302578.878600002033636, -1110591.554699999047443 ], [ -1302646.878105162410066, -1110583.284493167186156 ], [ -1302801.514004989061505, -1110564.477431662147865 ], [ -1302804.871399996802211, -1110564.069099999498576 ], [ -1303136.233399994671345, -1110612.131899998523295 ], [ -1303421.136599997757003, -1110673.377799998736009 ], [ -1303588.200300002703443, -1110766.384700002381578 ], [ -1303866.054898143745959, -1110921.250609790440649 ], [ -1304093.037599998293445, -1111047.762400004081428 ], [ -1304385.384199996013194, -1111210.964300001272932 ], [ -1305318.919509806903079, -1109893.938421836588532 ], [ -1305394.886400000192225, -1109786.764799999073148 ], [ -1305091.775800002738833, -1109600.487099994905293 ], [ -1305034.91700000106357, -1109439.254700004355982 ], [ -1305024.916825505439192, -1109434.223489766009152 ], [ -1304854.870099999010563, -1109348.670900001190603 ], [ -1304525.420299999881536, -1109242.878399998182431 ], [ -1304320.849538177251816, -1109270.980201677186415 ], [ -1303743.127799996174872, -1109350.341600003419444 ], [ -1303319.793599998112768, -1109059.299399995012209 ], [ -1302879.310844272607937, -1109422.049950797110796 ] ] ] } },
{ "type": "Feature", "properties": { "ID": 644, "YEAR": "2011-2012", "Perimtr_KM": 12.7799984414, "AREA_KM": 3.04944430868, "SCALE": 1, "THICKNES_M": 343.339182, "VOLUME_KM": 1.0469937145, "MASS_GT": 0.96009323618999998, "RECURRANCE": "4-5", "UA_KM": 0.06389999221000001, "UH_M": 28.497151965499999, "UC_KM": 0.08010990057, "REGION": "West", "ICESHELF": "Getz" }, "geometry": { "type": "Polygon", "coordinates": [ [ [ -1313964.884400000330061, -1094263.769800002221018 ], [ -1313782.239599999273196, -1094992.649999996414408 ], [ -1315291.052300000563264, -1094549.548800001852214 ], [ -1315790.418499998049811, -1094109.104600004618987 ], [ -1315942.898399999598041, -1093765.277400001650676 ], [ -1315982.108399997930974, -1093675.04650000249967 ], [ -1316311.227299995021895, -1092927.001999997301027 ], [ -1316979.860599994193763, -1091394.718900002073497 ], [ -1317151.557200000621378, -1090254.910499998601153 ], [ -1317165.973399999551475, -1090159.191199997672811 ], [ -1317178.081799999810755, -1090074.784800003515556 ], [ -1315996.88840000028722, -1092570.433100000722334 ], [ -1314621.05239999643527, -1094094.436100000748411 ], [ -1313964.884400000330061, -1094263.769800002221018 ] ] ] } },
{ "type": "Feature", "properties": { "ID": 646, "YEAR": "2011-2012", "Perimtr_KM": 8.0459833381999992, "AREA_KM": 2.7719853794799998, "SCALE": 1, "THICKNES_M": 335.15080769899998, "VOLUME_KM": 0.92903313886000005, "MASS_GT": 0.85192338834000003, "RECURRANCE": "1-2", "UA_KM": 0.04022991669, "UH_M": 27.817516901800001, "UC_KM": 0.07108423991, "REGION": "West", "ICESHELF": "Getz" }, "geometry": { "type": "Polygon", "coordinates": [ [ [ -1370539.40850900602527, -1057594.826399998739362 ], [ -1370331.8304, -1057857.030300001613796 ], [ -1369760.634400000795722, -1058263.791099996306002 ], [ -1370698.859499999787658, -1058530.056000005453825 ], [ -1372130.51919999695383, -1058564.665100001730025 ], [ -1373075.761799996485934, -1058425.511100000236183 ], [ -1373349.306165893096477, -1058019.149800000246614 ], [ -1373408.932400001212955, -1057930.572600000305101 ], [ -1370733.997899999609217, -1057349.029300001682714 ], [ -1370539.40850900602527, -1057594.826399998739362 ] ] ] } },
{ "type": "Feature", "properties": { "ID": 647, "YEAR": "2011-2012", "Perimtr_KM": 51.017113230600003, "AREA_KM": 83.652334222500002, "SCALE": 2, "THICKNES_M": 272.09051418299998, "VOLUME_KM": 22.761006631200001, "MASS_GT": 20.871843080800002, "RECURRANCE": "1-2", "UA_KM": 0.25508556615, "UH_M": 22.5835125658, "UC_KM": 1.7415405202200001, "REGION": "West", "ICESHELF": "Getz" }, "geometry": { "type": "Polygon", "coordinates": [ [ [ -1350268.902954318793491, -1058606.306518788216636 ], [ -1349885.224644696339965, -1059414.635499999392778 ], [ -1349861.94110000343062, -1059463.688999997917563 ], [ -1350138.761200000764802, -1060454.802500000456348 ], [ -1350749.850599998841062, -1060462.377099995268509 ], [ -1351540.239799999631941, -1060819.007900000317022 ], [ -1352660.322499998146668, -1060838.936200001742691 ], [ -1353078.199686054605991, -1061154.672799999359995 ], [ -1353116.30759999784641, -1061183.466100001474842 ], [ -1355187.7802, -1061833.885099999140948 ], [ -1356306.277600002940744, -1061168.60139999166131 ], [ -1356980.756800001021475, -1061560.472699998412281 ], [ -1358275.392000001156703, -1062638.228699997300282 ], [ -1358319.827199996449053, -1062676.247300001094118 ], [ -1358777.824199998518452, -1063068.367800001986325 ], [ -1358778.560600000666454, -1063068.231499998131767 ], [ -1360719.238900000229478, -1062696.402999997371808 ], [ -1361336.505046068225056, -1062606.527010048972443 ], [ -1362296.859700000612065, -1062466.696199999423698 ], [ -1364205.96799999428913, -1063131.116978636011481 ], [ -1364403.647399995941669, -1063199.914699998917058 ], [ -1364705.14768776553683, -1062756.110899998806417 ], [ -1364988.54669999727048, -1062338.951900000451133 ], [ -1365126.189231119118631, -1062316.392707122722641 ], [ -1365858.128399999812245, -1062196.430099995108321 ], [ -1365919.92610000167042, -1062158.949164046440274 ], [ -1366131.355906182900071, -1062030.714828084222972 ], [ -1366803.1303, -1061623.276800002669916 ], [ -1367369.503799998667091, -1061390.998799991793931 ], [ -1367462.720699995756149, -1061152.159999999217689 ], [ -1367662.891199996229261, -1060832.818799999775365 ], [ -1367814.948499997146428, -1060595.750000000931323 ], [ -1369326.260799998650327, -1060823.326600002124906 ], [ -1369603.293600001838058, -1060865.74319999711588 ], [ -1369603.706300002988428, -1060865.80579999787733 ], [ -1369926.635000003734604, -1060915.246700002579018 ], [ -1371108.924499997869134, -1061067.284099999116734 ], [ -1370993.351399995852262, -1060583.994999994290993 ], [ -1370112.644499997841194, -1059945.455400001024827 ], [ -1369901.918499994557351, -1059820.563299992121756 ], [ -1369594.795103145996109, -1059639.20239653927274 ], [ -1368645.76279999804683, -1059078.78479999746196 ], [ -1368607.578400000464171, -1058909.45610000169836 ], [ -1368541.500899996841326, -1058611.935199997154996 ], [ -1368772.253100001718849, -1058463.543099992908537 ], [ -1368969.887599997920915, -1058340.438300001900643 ], [ -1369061.60720428545028, -1058267.827304289676249 ], [ -1369249.822200001683086, -1058118.824499995913357 ], [ -1369044.378899999661371, -1058075.085326447850093 ], [ -1367664.77600904321298, -1057781.365890104323626 ], [ -1367622.491699998732656, -1057772.363499999744818 ], [ -1366881.656900000758469, -1058301.531199998455122 ], [ -1364872.972655926132575, -1057724.034492677543312 ], [ -1361801.646699998062104, -1056841.028300001518801 ], [ -1359811.976100002415478, -1057560.696400000713766 ], [ -1359134.64139999402687, -1057052.695400000549853 ], [ -1358139.806099999696016, -1056946.861800002167001 ], [ -1357420.138000000501052, -1057285.529199991608039 ], [ -1356912.136900002602488, -1056946.861800002167001 ], [ -1355980.801699997624382, -1057264.362499999813735 ], [ -1355070.63329999614507, -1056904.528399997856468 ], [ -1353546.630199998151511, -1058026.364000003086403 ], [ -1352763.46200000285171, -1057793.53019999852404 ], [ -1351345.292499996721745, -1058195.697699997806922 ], [ -1350604.457699998747557, -1057899.363699992187321 ], [ -1350268.902954318793491, -1058606.306518788216636 ] ] ] } },
{ "type": "Feature", "properties": { "ID": 649, "YEAR": "2011-2012", "Perimtr_KM": 54.630059478299998, "AREA_KM": 35.204055293899998, "SCALE": 2, "THICKNES_M": 182.07844162000001, "VOLUME_KM": 6.4098995266200003, "MASS_GT": 5.8778778659100004, "RECURRANCE": "4-5", "UA_KM": 0.27315029739000002, "UH_M": 15.1125105799, "UC_KM": 0.49044842071, "REGION": "West", "ICESHELF": "Crosson" }, "geometry": { "type": "Polygon", "coordinates": [ [ [ -1580272.4224999982398, -564210.217999999644235 ], [ -1580411.540100002428517, -565501.170799997635186 ], [ -1578817.211300000315532, -565599.283300003968179 ], [ -1578155.751599998446181, -565599.283300003968179 ], [ -1576105.226699996972457, -566723.764699992723763 ], [ -1575113.037199999671429, -566591.472800001036376 ], [ -1573919.220295710489154, -569661.287831793306395 ], [ -1573723.972, -570163.354899991769344 ], [ -1573988.555799997178838, -572743.047600003657863 ], [ -1574451.57759999553673, -573867.528999992646277 ], [ -1574449.752131731249392, -573922.067400003783405 ], [ -1574446.157992901047692, -574029.447290149983019 ], [ -1574364.899999995715916, -576457.142700004391372 ], [ -1574473.38679999532178, -575627.795900001190603 ], [ -1574511.868999997619539, -575254.546300004469231 ], [ -1575099.897900019772351, -575040.035033284919336 ], [ -1575199.028700000373647, -575003.872399997897446 ], [ -1575511.16840000031516, -574606.918300001183525 ], [ -1575566.507700002286583, -574548.734100001398474 ], [ -1575572.874527510721236, -574404.265427508624271 ], [ -1575577.124899997143075, -574307.820900003192946 ], [ -1575428.533399998443201, -573723.693599997321144 ], [ -1575481.373100000200793, -573021.691599991871044 ], [ -1575466.309400001307949, -572206.038199990987778 ], [ -1575779.421300001675263, -571764.308400004403666 ], [ -1575813.901700000744313, -570860.955200000898913 ], [ -1575999.859400002285838, -569194.11960000032559 ], [ -1576009.746548462659121, -568565.437099999282509 ], [ -1576009.775999997975305, -568563.564400001894683 ], [ -1576082.724856636486948, -568557.364626134745777 ], [ -1576684.408099997323006, -568506.228800001787022 ], [ -1576861.817657732171938, -568392.399474147241563 ], [ -1576947.826400003163144, -568337.214639263926074 ], [ -1577213.892499998677522, -568166.501600003102794 ], [ -1577494.318700001342222, -568044.852500001667067 ], [ -1577491.214599998202175, -568023.798799997894093 ], [ -1577483.125799994682893, -567949.949500000569969 ], [ -1577835.814199995016679, -567953.713100000517443 ], [ -1578845.16950750653632, -567908.813917191466317 ], [ -1579246.057600000873208, -567890.981199996545911 ], [ -1579151.294199996860698, -567272.493299995781854 ], [ -1579096.110999998170882, -567151.844500000122935 ], [ -1579521.515499997884035, -566955.326100001111627 ], [ -1579948.606400002492592, -566793.226899998495355 ], [ -1580707.033899998292327, -566995.197099999291822 ], [ -1581011.088199999183416, -566710.061200001975521 ], [ -1580421.8809, -565597.129399992758408 ], [ -1581170.709499995689839, -565429.440099998610094 ], [ -1581415.415899995481595, -565706.879199998918921 ], [ -1582944.120800001546741, -565435.280900000594556 ], [ -1582994.576699994271621, -565027.477800003020093 ], [ -1583861.699299997650087, -565141.746399997733533 ], [ -1584327.279599998844787, -565443.662799997255206 ], [ -1584846.903799997176975, -565308.63129999814555 ], [ -1585500.255699999863282, -564619.93900000071153 ], [ -1584687.461899999529123, -562399.635400003055111 ], [ -1584787.080600000917912, -562305.424700002418831 ], [ -1584767.805599995190278, -562283.582399998558685 ], [ -1584837.208999996539205, -562156.589200004469603 ], [ -1585231.58849999634549, -560914.329499999526888 ], [ -1584986.500700002536178, -560309.180999999400228 ], [ -1584762.038800003472716, -560117.45199999702163 ], [ -1584751.761399997165427, -559157.92369999946095 ], [ -1584370.38679999532178, -558580.152500002412125 ], [ -1584357.043099995004013, -558573.546599998371676 ], [ -1583778.158700002124533, -560043.022199998376891 ], [ -1583579.720799998613074, -563747.196299999020994 ], [ -1580272.4224999982398, -564210.217999999644235 ] ] ] } },
{ "type": "Feature", "properties": { "ID": 650, "YEAR": "2011-2012", "Perimtr_KM": 6.4182539817800004, "AREA_KM": 2.1324976104000002, "SCALE": 1, "THICKNES_M": 175.711373901, "VOLUME_KM": 0.37470408496000002, "MASS_GT": 0.34360364590999998, "RECURRANCE": ">8", "UA_KM": 0.03209126991, "UH_M": 14.584043961900001, "UC_KM": 0.02867018835, "REGION": "West", "ICESHELF": "Crosson" }, "geometry": { "type": "Polygon", "coordinates": [ [ [ -1581264.611999995307997, -556735.723900004755706 ], [ -1583351.934199997456744, -556923.047700001392514 ], [ -1583488.5104, -556258.033499997574836 ], [ -1581957.064299999270588, -555708.570999995339662 ], [ -1581242.442299999063835, -555472.048699998762459 ], [ -1581264.611999995307997, -556735.723900004755706 ] ] ] } },
{ "type": "Feature", "properties": { "ID": 651, "YEAR": "2011-2012", "Perimtr_KM": 14.515636611, "AREA_KM": 3.9050964536400001, "SCALE": 1, "THICKNES_M": 197.52952003499999, "VOLUME_KM": 0.77137182818000005, "MASS_GT": 0.70734796643999998, "RECURRANCE": ">8", "UA_KM": 0.07257818305, "UH_M": 16.394950082099999, "UC_KM": 0.05902090873, "REGION": "East", "ICESHELF": "Ross_East" }, "geometry": { "type": "Polygon", "coordinates": [ [ [ 32280.501799997873604, -1332947.585699994815513 ], [ 30744.709400007035583, -1332992.86579999816604 ], [ 28173.783100003376603, -1332880.197099990677088 ], [ 26818.900000001769513, -1332754.466700000688434 ], [ 25269.407499997410923, -1332491.889299997128546 ], [ 25356.227700007148087, -1332068.002899998798966 ], [ 27459.669399997685105, -1331909.252600002335384 ], [ 32280.501799997873604, -1332947.585699994815513 ] ] ] } },
{ "type": "Feature", "properties": { "ID": 652, "YEAR": "2011-2012", "Perimtr_KM": 7.1428618618900002, "AREA_KM": 1.7554325822900001, "SCALE": 1, "THICKNES_M": 321.53650774300002, "VOLUME_KM": 0.56443566208999996, "MASS_GT": 0.51758750214000004, "RECURRANCE": ">8", "UA_KM": 0.03571430931, "UH_M": 26.687530011100002, "UC_KM": 0.04318735074, "REGION": "West", "ICESHELF": "Ross_West" }, "geometry": { "type": "Polygon", "coordinates": [ [ [ -238678.623299999628216, -1240187.949400001438335 ], [ -238457.462100001517683, -1240901.697100001620129 ], [ -239703.648299998603761, -1240379.103399998275563 ], [ -240074.829699998255819, -1239771.324499995913357 ], [ -240498.839900000020862, -1239586.791799998376518 ], [ -240737.642400000244379, -1238873.092499999562278 ], [ -241006.230300000868738, -1238739.486100002657622 ], [ -239789.875599997583777, -1239116.384700003778562 ], [ -238678.623299999628216, -1240187.949400001438335 ] ] ] } },
{ "type": "Feature", "properties": { "ID": 653, "YEAR": "2011-2012", "Perimtr_KM": 13.169332984, "AREA_KM": 2.6135256831799998, "SCALE": 1, "THICKNES_M": 330.71862793000003, "VOLUME_KM": 0.864341628, "MASS_GT": 0.79260127288000004, "RECURRANCE": "5-6", "UA_KM": 0.06584666492000001, "UH_M": 27.4496459828, "UC_KM": 0.06613441984, "REGION": "West", "ICESHELF": "Ross_West" }, "geometry": { "type": "Polygon", "coordinates": [ [ [ -415072.941899999044836, -1213981.640500000678003 ], [ -415407.327299998141825, -1214141.565399998100474 ], [ -416347.506299999076873, -1214060.557100001722574 ], [ -416784.429300001356751, -1214363.553900000406429 ], [ -417338.435900000389665, -1215034.746000002836809 ], [ -417758.009099999442697, -1215086.022100003203377 ], [ -418077.353200000245124, -1214886.402099997038022 ], [ -419016.787800000980496, -1214988.7980999967549 ], [ -419452.963799995370209, -1215458.455600003013387 ], [ -419906.049800000153482, -1215660.429999998770654 ], [ -420409.26789999846369, -1215678.165600000647828 ], [ -420945.368299999274313, -1215914.964499997207895 ], [ -420627.653900003060699, -1215397.543900004820898 ], [ -418405.14950000308454, -1214402.708599996753037 ], [ -415759.310799999628216, -1213767.707299992674962 ], [ -415072.941899999044836, -1213981.640500000678003 ] ] ] } },
{ "type": "Feature", "properties": { "ID": 654, "YEAR": "2011-2012", "Perimtr_KM": 9.7897089423200008, "AREA_KM": 1.6363775600399999, "SCALE": 1, "THICKNES_M": 327.99691162099998, "VOLUME_KM": 0.53672678594000001, "MASS_GT": 0.49217846271, "RECURRANCE": "5-6", "UA_KM": 0.04894854471, "UH_M": 27.223743530299998, "UC_KM": 0.04106722788, "REGION": "West", "ICESHELF": "Ross_West" }, "geometry": { "type": "Polygon", "coordinates": [ [ [ -404951.798300003167242, -1210870.914800003403798 ], [ -406349.992099999450147, -1212004.524900000775233 ], [ -406683.029399999883026, -1211957.222799999173731 ], [ -406981.382999998982996, -1212123.284499992849305 ], [ -407492.88410000083968, -1212124.800200002733618 ], [ -408215.234599996823817, -1212444.983100001700222 ], [ -408767.588499996811152, -1212891.503599998774007 ], [ -408779.174699996598065, -1212880.499100002460182 ], [ -408520.296399997547269, -1212286.037700003711507 ], [ -406128.458199997898191, -1211143.035399992950261 ], [ -404608.651299998629838, -1210675.868299999739975 ], [ -404951.798300003167242, -1210870.914800003403798 ] ] ] } },
{ "type": "Feature", "properties": { "ID": 656, "YEAR": "2011-2012", "Perimtr_KM": 68.825931264499999, "AREA_KM": 145.389939242, "SCALE": 3, "THICKNES_M": 312.193326974, "VOLUME_KM": 45.389768840499997, "MASS_GT": 41.622418026699997, "RECURRANCE": ">8", "UA_KM": 0.34412965631999998, "UH_M": 25.912046011099999, "UC_KM": 3.47296246251, "REGION": "West", "ICESHELF": "Ross_West" }, "geometry": { "type": "Polygon", "coordinates": [ [ [ -343123.103100000880659, -1183938.522599996766075 ], [ -341436.380899996031076, -1184963.785099999746308 ], [ -341072.578100001439452, -1183905.449700002325699 ], [ -340219.15999999595806, -1184016.98809999297373 ], [ -339617.366899996995926, -1185856.755699997767806 ], [ -340278.826499994378537, -1186749.726199997588992 ], [ -339253.564100002869964, -1187973.426600004313514 ], [ -338509.272899999283254, -1190387.834300002316013 ], [ -338735.906099997460842, -1190297.314999995054677 ], [ -339210.054099997971207, -1190286.075499997474253 ], [ -339057.162299999035895, -1190640.915299999527633 ], [ -338764.50470000365749, -1191015.346899994183332 ], [ -338627.187499998603016, -1191622.090499998768792 ], [ -338829.713299997616559, -1191645.015399996889755 ], [ -339160.460099995601922, -1191719.189499999629334 ], [ -339268.188900003675371, -1192032.176499998895451 ], [ -339423.875700002536178, -1192084.949699998600408 ], [ -339352.276000001002103, -1192344.810599994147196 ], [ -339029.022299999371171, -1192844.958099999232218 ], [ -338707.402899995446205, -1193523.972399996360764 ], [ -338100.003599997144192, -1193968.521199997980148 ], [ -338229.922800002619624, -1194252.383999993093312 ], [ -338767.07010000012815, -1194661.244999998249114 ], [ -338592.069800000172108, -1195204.648200003663078 ], [ -338772.350800001528114, -1195744.131200002273545 ], [ -338825.526799995917827, -1196438.738999997964129 ], [ -338979.460400001611561, -1196849.245299998670816 ], [ -339589.751200001686811, -1196946.390700001269579 ], [ -339818.580399999860674, -1197277.848900000564754 ], [ -340325.237600000575185, -1197861.478000000584871 ], [ -341128.059500003699213, -1197817.60990000423044 ], [ -341773.225299996789545, -1197821.343800004804507 ], [ -344391.360599997919053, -1195975.113699996378273 ], [ -344634.729099999181926, -1195397.449399997480214 ], [ -345126.392899999395013, -1194708.878600003197789 ], [ -345958.262500000186265, -1194463.142700001830235 ], [ -345998.456500000320375, -1194169.7921 ], [ -346611.175700000487268, -1193397.018699996639043 ], [ -347500.16619999660179, -1192592.629199999850243 ], [ -347500.16619999660179, -1192284.741900002351031 ], [ -347679.017900000791997, -1191950.448100004112348 ], [ -348273.920499997679144, -1191724.317900001071393 ], [ -349240.243500000797212, -1190458.458200003020465 ], [ -351431.045999995898455, -1187594.777899999869987 ], [ -351572.621099998708814, -1187586.449900000123307 ], [ -351543.002499999012798, -1187718.859799999045208 ], [ -351329.458299997728318, -1188140.316900002304465 ], [ -351712.812500002328306, -1188423.42559999297373 ], [ -352732.856799999717623, -1188320.2796 ], [ -353127.171000000089407, -1188530.189399994676933 ], [ -353817.145999999251217, -1188276.281858127564192 ], [ -353825.674799998290837, -1188273.143299998948351 ], [ -354996.862099998630583, -1187969.095700002508238 ], [ -356054.947000002022833, -1187870.462199998553842 ], [ -357125.427399999462068, -1187599.819999999832362 ], [ -357684.997800002340227, -1187639.705300002358854 ], [ -358575.849599999375641, -1187809.703699995530769 ], [ -358922.846100000198931, -1187787.891399998683482 ], [ -359584.238399998284876, -1188097.239100004546344 ], [ -360131.489199998322874, -1188108.040799994952977 ], [ -361191.558800000697374, -1188262.852499996777624 ], [ -361198.717792435083538, -1188114.980683977948502 ], [ -361208.589600001461804, -1187911.074599997838959 ], [ -360387.200100000947714, -1186948.164100001100451 ], [ -355624.690599996130913, -1185492.952799991704524 ], [ -355161.668799997773021, -1184666.128300003707409 ], [ -354367.917199997231364, -1184566.90929999272339 ], [ -353375.727699999697506, -1184699.201300002867356 ], [ -352714.268100002780557, -1184732.274199997307733 ], [ -351755.151599997654557, -1185129.149999997578561 ], [ -350233.794399994891137, -1185029.931099998066202 ], [ -348877.802099996712059, -1183971.595600002678111 ], [ -345570.503800002858043, -1183773.157699999166653 ], [ -343123.103100000880659, -1183938.522599996766075 ] ] ] } },
{ "type": "Feature", "properties": { "ID": 657, "YEAR": "2011-2012", "Perimtr_KM": 17.507850803499998, "AREA_KM": 6.65698178299, "SCALE": 1, "THICKNES_M": 363.586703, "VOLUME_KM": 2.4203900584100002, "MASS_GT": 2.2194976835600002, "RECURRANCE": ">8", "UA_KM": 0.08753925402, "UH_M": 30.1776962002, "UC_KM": 0.18519424162000001, "REGION": "West", "ICESHELF": "Thwaites" }, "geometry": { "type": "Polygon", "coordinates": [ [ [ -1586582.62066206545569, -425958.954893801826984 ], [ -1586679.280336138326675, -427988.807793691754341 ], [ -1586744.014911886304617, -429348.233713077381253 ], [ -1586767.956399996299297, -429851.004899998661131 ], [ -1587073.880787953035906, -430247.463388460222632 ], [ -1587620.762880669906735, -430956.187688924837857 ], [ -1587650.423299997346476, -430994.625700002070516 ], [ -1587684.806996066588908, -430906.910059135872871 ], [ -1588154.285000001313165, -429709.232999995816499 ], [ -1588489.889800002332777, -429109.545700000599027 ], [ -1587601.959500000812113, -427977.626200003083795 ], [ -1587320.247299996670336, -427370.595000001136214 ], [ -1587363.946299999253824, -426109.785000002477318 ], [ -1587365.333799995016307, -426073.740700001828372 ], [ -1587233.21339999511838, -425128.322800000198185 ], [ -1587200.867899997858331, -424364.009599996730685 ], [ -1587064.986799999373034, -423211.506700005382299 ], [ -1586996.814699999056756, -422719.524500003550202 ], [ -1586503.372499994467944, -424294.74370000185445 ], [ -1586582.62066206545569, -425958.954893801826984 ] ] ] } },
{ "type": "Feature", "properties": { "ID": 658, "YEAR": "2011-2012", "Perimtr_KM": 19.258403607399998, "AREA_KM": 7.1164146732400004, "SCALE": 1, "THICKNES_M": 247.88572749400001, "VOLUME_KM": 1.76405762843, "MASS_GT": 1.61764084527, "RECURRANCE": "6-8", "UA_KM": 0.09629201804, "UH_M": 20.574515280499998, "UC_KM": 0.13497548196, "REGION": "West", "ICESHELF": "Cosgrove" }, "geometry": { "type": "Polygon", "coordinates": [ [ [ -1777228.970286121824756, -364841.826914663426578 ], [ -1777067.577199998078868, -365527.725800001993775 ], [ -1777143.127400000346825, -365554.923900002148002 ], [ -1777848.225200003245845, -365808.675199998077005 ], [ -1778825.383199997013435, -366175.860100000631064 ], [ -1780291.754099999321625, -366747.60379999736324 ], [ -1781680.472899997141212, -367363.689999998081475 ], [ -1782660.5791, -368018.47720000334084 ], [ -1782794.959366293856874, -368097.13124044239521 ], [ -1783641.186700003687292, -368592.436099998652935 ], [ -1783771.03365884674713, -368651.298756162170321 ], [ -1784459.428500002715737, -368963.3641999932006 ], [ -1784991.807999999728054, -369495.743800002150238 ], [ -1785009.399500002153218, -369514.229299992322922 ], [ -1785019.242879916680977, -369514.624369296245277 ], [ -1785040.476699999766424, -369515.476599996909499 ], [ -1785040.476699999766424, -369471.151200001128018 ], [ -1783696.843299995874986, -367542.387199999764562 ], [ -1778299.332500000484288, -364790.715000003110617 ], [ -1777240.996999998111278, -364790.715000003110617 ], [ -1777228.970286121824756, -364841.826914663426578 ] ] ] } },
{ "type": "Feature", "properties": { "ID": 659, "YEAR": "2011-2012", "Perimtr_KM": 29.8857054572, "AREA_KM": 18.455255147500001, "SCALE": 2, "THICKNES_M": 284.50629937500003, "VOLUME_KM": 5.2506363460400003, "MASS_GT": 4.8148335293200004, "RECURRANCE": ">8", "UA_KM": 0.14942852729, "UH_M": 23.6140227317, "UC_KM": 0.40174831025000002, "REGION": "West", "ICESHELF": "Cosgrove" }, "geometry": { "type": "Polygon", "coordinates": [ [ [ -1764824.995397754246369, -361046.084242796059698 ], [ -1764995.863899997668341, -361201.382199995685369 ], [ -1765161.436299999244511, -361503.62109999358654 ], [ -1765359.743599996902049, -361866.88749999506399 ], [ -1765676.502399997087196, -362538.165899992454797 ], [ -1765771.408200001809746, -362738.927999996580184 ], [ -1765788.413099999306723, -363200.433799997903407 ], [ -1765839.172800002386793, -363886.194799998309463 ], [ -1765881.681999998167157, -364079.418499995023012 ], [ -1765955.573600000236183, -364409.104200004134327 ], [ -1765964.101000001188368, -364515.018900002818555 ], [ -1765968.717399996006861, -364558.68399999756366 ], [ -1765976.072900001658127, -364601.580699997488409 ], [ -1765986.857499998062849, -364641.83919999981299 ], [ -1766005.877500000176951, -364679.654299998655915 ], [ -1766022.550699998857453, -364701.105000001378357 ], [ -1766023.790299998596311, -364702.364099999889731 ], [ -1766042.071500000543892, -364720.932200000621378 ], [ -1766063.389299997128546, -364739.061599998734891 ], [ -1766086.43769999127835, -364754.911299996543676 ], [ -1766126.66609999560751, -364775.009799996390939 ], [ -1766168.43369999458082, -364790.740800001192838 ], [ -1766237.243599997600541, -364812.819099999032915 ], [ -1766256.554399999324232, -364821.58940000180155 ], [ -1766261.623800000408664, -364826.563999992795289 ], [ -1766260.8982, -364830.781599998939782 ], [ -1766260.889999999199063, -364834.281899997033179 ], [ -1766265.39009999926202, -364839.825699998065829 ], [ -1766276.778799999738112, -364847.942699991166592 ], [ -1766455.424099997617304, -364785.416800001636147 ], [ -1766495.782432851614431, -364792.058190742973238 ], [ -1767185.546700001694262, -364905.566199996508658 ], [ -1767105.94349999842234, -365273.276700003538281 ], [ -1767879.382099996786565, -365558.736799998674542 ], [ -1768692.220699997851625, -365639.607600002083927 ], [ -1769180.42570000118576, -365802.49369999859482 ], [ -1769575.707999998005107, -366197.776000002399087 ], [ -1769670.0640000004787, -366292.131999998353422 ], [ -1770134.32709999778308, -366434.334499993361533 ], [ -1770607.470599997788668, -366578.900599999818951 ], [ -1771063.283199420664459, -366607.946828156709671 ], [ -1771910.44789999932982, -366661.931600000243634 ], [ -1772057.280393640976399, -366704.135942381806672 ], [ -1772546.372100000735372, -366844.716500001493841 ], [ -1773051.280499998480082, -366989.466800002381206 ], [ -1773377.7199, -366624.603400002233684 ], [ -1773389.784946881001815, -366633.88508086046204 ], [ -1773812.521599998464808, -366959.097800003830343 ], [ -1773906.499899998540059, -367031.388699994422495 ], [ -1774342.335399998584762, -367184.191700002644211 ], [ -1774520.94939999608323, -367246.706600001547486 ], [ -1774720.0341, -367316.2796 ], [ -1774726.933499995386228, -367316.2796 ], [ -1775141.147500000195578, -367316.351499999407679 ], [ -1775736.687299998244271, -367316.310999998357147 ], [ -1775778.643899995367974, -367247.489999999757856 ], [ -1775807.605200000340119, -367199.789599998854101 ], [ -1774887.964599996805191, -366335.884799999650568 ], [ -1773656.74210000038147, -366359.79200000083074 ], [ -1773430.989399996818975, -365637.383399999234825 ], [ -1767504.310899995733052, -363203.211799995042384 ], [ -1766075.557999998098239, -361351.124799997080117 ], [ -1765088.334532985230908, -360850.35926926182583 ], [ -1764282.221399996895343, -360441.461299999151379 ], [ -1764283.553800000110641, -360449.146300001535565 ], [ -1764287.377400000346825, -360463.086599990725517 ], [ -1764292.607000001939014, -360475.621199992485344 ], [ -1764299.822000002022833, -360486.170200000051409 ], [ -1764308.805100001161918, -360493.858200001530349 ], [ -1764319.441899999743327, -360499.892600002232939 ], [ -1764355.5492, -360515.44589999364689 ], [ -1764366.689499996835366, -360521.525799993891269 ], [ -1764376.321400003042072, -360529.114199996460229 ], [ -1764383.99099999666214, -360538.742099997121841 ], [ -1764390.07360000256449, -360549.957100003492087 ], [ -1764404.331999999238178, -360587.436699999962002 ], [ -1764409.463599995942786, -360599.447999997064471 ], [ -1764415.719399999361485, -360610.335000002756715 ], [ -1764422.442100001266226, -360618.612399992067367 ], [ -1764445.153300000820309, -360640.901099995709956 ], [ -1764464.467700003180653, -360666.586799999233335 ], [ -1764488.199700000230223, -360695.032499996945262 ], [ -1764496.563499996205792, -360706.389099999796599 ], [ -1764503.80849999608472, -360719.120900000445545 ], [ -1764510.031800003489479, -360735.337499998975545 ], [ -1764514.256100000813603, -360752.350499999709427 ], [ -1764516.33389999717474, -360765.549799999687821 ], [ -1764824.995397754246369, -361046.084242796059698 ] ] ] } },
{ "type": "Feature", "properties": { "ID": 660, "YEAR": "2011-2012", "Perimtr_KM": 11.232897213599999, "AREA_KM": 2.2672137928399998, "SCALE": 1, "THICKNES_M": 297.66249694800001, "VOLUME_KM": 0.67486451868999997, "MASS_GT": 0.61885076364000002, "RECURRANCE": "4-5", "UA_KM": 0.05616448607, "UH_M": 24.705987124899998, "UC_KM": 0.05163672785, "REGION": "West", "ICESHELF": "Cosgrove" }, "geometry": { "type": "Polygon", "coordinates": [ [ [ -1759194.617748823715374, -354976.348530490882695 ], [ -1759582.151835476281121, -355089.844813244882971 ], [ -1759961.473699998343363, -355200.935999994166195 ], [ -1760017.468094557756558, -355281.086806384846568 ], [ -1760527.039199996273965, -356010.490799999330193 ], [ -1760884.313399997306988, -356855.74339999910444 ], [ -1760904.261952648870647, -356878.33244361449033 ], [ -1761498.748299996601418, -357551.508000002242625 ], [ -1761584.364812789484859, -357597.793634495232254 ], [ -1761633.149962617782876, -357624.1676544114016 ], [ -1761941.35009999666363, -357790.785500003956258 ], [ -1762309.952399996807799, -358484.70670000417158 ], [ -1762755.21659999853, -358645.316799991764128 ], [ -1761048.464699995936826, -355477.363099998794496 ], [ -1759508.597663498017937, -355058.545163401868194 ], [ -1759202.615543623687699, -354975.32317277090624 ], [ -1759041.365600001998246, -354931.465899993199855 ], [ -1759194.617748823715374, -354976.348530490882695 ] ] ] } },
{ "type": "Feature", "properties": { "ID": 661, "YEAR": "2011-2012", "Perimtr_KM": 7.8560659935699997, "AREA_KM": 2.6768790573799999, "SCALE": 1, "THICKNES_M": 140.61101659100001, "VOLUME_KM": 0.37639868555, "MASS_GT": 0.34515759465000001, "RECURRANCE": "4-5", "UA_KM": 0.03928032997, "UH_M": 11.6707143195, "UC_KM": 0.02879984938, "REGION": "Peninsula", "ICESHELF": "George_VI" }, "geometry": { "type": "Polygon", "coordinates": [ [ [ -1775986.093688778346404, 509607.23442002851516 ], [ -1776441.733300002058968, 507898.585900005418807 ], [ -1776724.835368272615597, 507544.708307903725654 ], [ -1777489.174800000153482, 506589.284000005107373 ], [ -1777637.801199999637902, 506950.582900005858392 ], [ -1777604.979700001422316, 507837.366700011771172 ], [ -1777387.161099996417761, 508848.15019999910146 ], [ -1777272.486599996453151, 509145.989900003187358 ], [ -1777030.384700002614409, 509322.335900004021823 ], [ -1776935.912500003119931, 509327.856900013051927 ], [ -1776777.05319999740459, 509336.263599994592369 ], [ -1776072.675800000317395, 509735.654399997089058 ], [ -1775924.856599997496232, 509836.873499995563179 ], [ -1775986.093688778346404, 509607.23442002851516 ] ] ] } },
{ "type": "Feature", "properties": { "ID": 662, "YEAR": "2011-2012", "Perimtr_KM": 28.381754359399999, "AREA_KM": 11.3509807053, "SCALE": 2, "THICKNES_M": 95.379313645500005, "VOLUME_KM": 1.0826487488700001, "MASS_GT": 0.99278890271999998, "RECURRANCE": "3-4", "UA_KM": 0.1419087718, "UH_M": 7.9164829935399998, "UC_KM": 0.08283801749, "REGION": "Peninsula", "ICESHELF": "George_VI" }, "geometry": { "type": "Polygon", "coordinates": [ [ [ -1772883.866423835512251, 532241.668112094048411 ], [ -1772775.620908952318132, 531793.222399237565696 ], [ -1772747.579403437208384, 531677.050445660483092 ], [ -1772672.66220716945827, 531366.679198190104216 ], [ -1772650.718802564777434, 531275.770805986598134 ], [ -1772637.684213233878836, 531221.770363487303257 ], [ -1772623.501408711308613, 531163.013029368128628 ], [ -1772617.60131861967966, 531138.569798529613763 ], [ -1772560.471039382973686, 530901.887208697851747 ], [ -1772544.91360998689197, 530837.435000000987202 ], [ -1772525.892099995398894, 530758.631599997635931 ], [ -1772352.386155956657603, 530006.772472732234746 ], [ -1772229.356901073362678, 529473.645675753708929 ], [ -1772208.391499995719641, 529382.795600007288158 ], [ -1771361.723099999362603, 527689.458800001069903 ], [ -1770777.395691653480753, 528406.587910308968276 ], [ -1770197.554099996574223, 529118.211699998471886 ], [ -1769818.470060866326094, 529288.799506857059896 ], [ -1769291.318836830323562, 529526.017542728688568 ], [ -1769150.721647370141, 529589.286274002399296 ], [ -1769139.218699999153614, 529594.46259999461472 ], [ -1768618.488654914544895, 530050.101416357327253 ], [ -1768550.129176073241979, 530109.915963879320771 ], [ -1767835.52265378087759, 530735.196707808412611 ], [ -1767580.543637254275382, 530958.303360445890576 ], [ -1767445.88199999765493, 531076.132300002034754 ], [ -1767466.852212629048154, 530659.058102804701775 ], [ -1767541.132199997780845, 529181.711800008546561 ], [ -1767679.957686913898215, 528923.338566839694977 ], [ -1768078.557100001489744, 528181.490500001702458 ], [ -1768008.521799998357892, 528687.828300001099706 ], [ -1768015.56380338431336, 529038.309162818361074 ], [ -1768016.931899997871369, 529106.399399997200817 ], [ -1768021.245825002901256, 529310.607642395887524 ], [ -1768027.6582, 529614.150199996773154 ], [ -1768366.026236438890919, 529154.720106790307909 ], [ -1768507.628529506269842, 528962.45503533212468 ], [ -1768624.36369999917224, 528803.95409999974072 ], [ -1768979.516499998280779, 528265.80940000526607 ], [ -1769046.171476582530886, 528242.602558525279164 ], [ -1769211.715618412243202, 528184.966102032922208 ], [ -1769494.1934, 528086.617600012104958 ], [ -1769846.574499994516373, 527520.74600001052022 ], [ -1770373.854199998779222, 526962.967599996831268 ], [ -1770784.251590709434822, 526759.792399996425956 ], [ -1770977.870899999048561, 526663.937399993184954 ], [ -1771596.869299996411428, 526654.912200005259365 ], [ -1771937.4742, 527015.776400010101497 ], [ -1772219.459500001510605, 527391.697299994993955 ], [ -1772535.344700000714511, 527804.38101013423875 ], [ -1772846.618099998682737, 528211.039699998218566 ], [ -1772916.03819999541156, 528629.598000000230968 ], [ -1772890.095699998550117, 529052.023099995218217 ], [ -1772901.115299995988607, 529650.976700006984174 ], [ -1773089.0803, 529920.491400006227195 ], [ -1773352.570700000971556, 530998.94179999595508 ], [ -1773341.582185157807544, 531142.819291660096496 ], [ -1773340.866868475684896, 531152.185249766334891 ], [ -1773340.20460861059837, 531160.856511472258717 ], [ -1773335.079368496313691, 531227.963550211396068 ], [ -1773331.502113106893376, 531274.802139369305223 ], [ -1773328.657699997071177, 531312.045300006400794 ], [ -1773358.396100001176819, 531348.248900006059557 ], [ -1773479.53787661367096, 531298.17610799241811 ], [ -1773563.562566681299359, 531263.445307874586433 ], [ -1773565.999266449129209, 531262.438121384941041 ], [ -1773698.407082314137369, 531207.708620051853359 ], [ -1773716.092981089605018, 531200.3983233445324 ], [ -1773779.322417174465954, 531174.263042101170868 ], [ -1774038.361772319534793, 531067.19160798471421 ], [ -1774208.684599999338388, 530996.790300003252923 ], [ -1774481.883499997202307, 530967.580600008368492 ], [ -1774460.185900000855327, 531294.264699994586408 ], [ -1774445.785569198196754, 531330.38395374128595 ], [ -1774439.756320145912468, 531345.506660243496299 ], [ -1774331.355843861820176, 531617.399324507918209 ], [ -1774298.413300000596792, 531700.02660000231117 ], [ -1774192.697688295505941, 532001.013664416503161 ], [ -1774192.674600003054366, 532001.079399998765439 ], [ -1774055.160390328615904, 532032.068516181316227 ], [ -1774027.826424581231549, 532038.228282812517136 ], [ -1773779.038997056661174, 532094.293052511755377 ], [ -1773583.403081126743928, 532138.380017359275371 ], [ -1772896.309499997878447, 532293.218000009655952 ], [ -1772883.866423835512251, 532241.668112094048411 ] ] ] } },
{ "type": "Feature", "properties": { "ID": 663, "YEAR": "2011-2012", "Perimtr_KM": 12.775665354699999, "AREA_KM": 8.6034692645100002, "SCALE": 1, "THICKNES_M": 155.313021, "VOLUME_KM": 1.33623080255, "MASS_GT": 1.2253236459400001, "RECURRANCE": "1-2", "UA_KM": 0.06387832677, "UH_M": 12.8909806794, "UC_KM": 0.10224064887000001, "REGION": "Peninsula", "ICESHELF": "George_VI" }, "geometry": { "type": "Polygon", "coordinates": [ [ [ -1764527.641891309292987, 544544.122124901041389 ], [ -1763813.920331042027101, 543107.757533558178693 ], [ -1763646.457699996652082, 542770.739000007510185 ], [ -1763265.456900002900511, 540823.401800002437085 ], [ -1763286.623599994694814, 540357.734200000297278 ], [ -1763393.809437702875584, 540047.184097785037011 ], [ -1763629.233500000322238, 539365.088699997402728 ], [ -1764167.520799997961149, 539638.539600006304681 ], [ -1764355.320484984666109, 539726.024858884513378 ], [ -1764576.36099258903414, 539828.995138258673251 ], [ -1764612.450499997241423, 539845.807199997361749 ], [ -1765071.473599996417761, 539821.389999995939434 ], [ -1765656.680300001520663, 540269.544000001158565 ], [ -1765667.011100001400337, 540278.05610000481829 ], [ -1765649.012499997857958, 540593.41639999859035 ], [ -1765567.839299996150658, 541063.447599994484335 ], [ -1765509.310300002107397, 541487.960499997250736 ], [ -1765558.911332355812192, 541599.048299999907613 ], [ -1765681.773499999660999, 541874.21369999833405 ], [ -1765702.527944008354098, 541920.323106855619699 ], [ -1765890.871204268420115, 542338.758600004017353 ], [ -1765895.135799998883158, 542348.233099999371916 ], [ -1765783.062900003278628, 542513.168279748409986 ], [ -1765627.280399999348447, 542742.429900007322431 ], [ -1765217.362662731204182, 543357.071879311930388 ], [ -1765200.934194022789598, 543381.705179132986814 ], [ -1765169.276299993973225, 543429.173899996094406 ], [ -1765177.340699997730553, 543764.219400007277727 ], [ -1765123.842184535693377, 543844.407113248948008 ], [ -1764862.682599997613579, 544235.853300000540912 ], [ -1764580.926800002111122, 544651.358000005129725 ], [ -1764527.641891309292987, 544544.122124901041389 ] ] ] } },
{ "type": "Feature", "properties": { "ID": 664, "YEAR": "2011-2012", "Perimtr_KM": 6.9427834050200001, "AREA_KM": 2.2080228131799999, "SCALE": 1, "THICKNES_M": 155.313021, "VOLUME_KM": 0.34293469355, "MASS_GT": 0.31447111399, "RECURRANCE": "2-3", "UA_KM": 0.03471391703, "UH_M": 12.8909806794, "UC_KM": 0.02623937835, "REGION": "Peninsula", "ICESHELF": "George_VI" }, "geometry": { "type": "Polygon", "coordinates": [ [ [ -1756130.276385201141238, 556959.083930715918541 ], [ -1756120.66868527373299, 556565.168397741392255 ], [ -1756116.431092598475516, 556391.427170414477587 ], [ -1756115.591190936276689, 556356.991216450929642 ], [ -1756103.171799999428913, 555847.796400009654462 ], [ -1756234.584727999055758, 555832.019729423336685 ], [ -1756245.868110369890928, 555830.66511226631701 ], [ -1757288.674099998781458, 555705.471900007687509 ], [ -1757215.942999996012077, 555944.030499993357807 ], [ -1757039.7336, 556499.498800001107156 ], [ -1757002.233700000448152, 557268.966300002299249 ], [ -1756775.943100000964478, 558250.098600002005696 ], [ -1756769.025299997767434, 558365.032499996479601 ], [ -1756659.728499997872859, 558366.313200005330145 ], [ -1756161.782200000714511, 558250.821800011210144 ], [ -1756130.276385201141238, 556959.083930715918541 ] ] ] } },
{ "type": "Feature", "properties": { "ID": 665, "YEAR": "2011-2012", "Perimtr_KM": 33.083557450900003, "AREA_KM": 6.7515494202499999, "SCALE": 1, "THICKNES_M": 191.59287494200001, "VOLUME_KM": 1.2935487637400001, "MASS_GT": 1.18618421635, "RECURRANCE": "4-5", "UA_KM": 0.16541778726, "UH_M": 15.9022085418, "UC_KM": 0.09897486625, "REGION": "Peninsula", "ICESHELF": "George_VI" }, "geometry": { "type": "Polygon", "coordinates": [ [ [ -1798040.307980139041319, 568545.636887555010617 ], [ -1797757.842549180844799, 568450.304814339615405 ], [ -1797693.435771029442549, 568428.56752893095836 ], [ -1797474.496700001880527, 568354.67560000391677 ], [ -1797059.313174029812217, 568060.368281239643693 ], [ -1796220.369199997978285, 567465.673800009768456 ], [ -1794807.491399997845292, 567481.548800002783537 ], [ -1794458.24070000089705, 567608.549099999945611 ], [ -1793331.113400003407151, 567703.799300007056445 ], [ -1792616.73699999647215, 567529.173899999354035 ], [ -1791045.108800001908094, 566910.047700013034046 ], [ -1788883.584899995243177, 566850.005399993620813 ], [ -1787568.476899997796863, 567227.548299999441952 ], [ -1786361.974499997450039, 566624.297099999152124 ], [ -1785012.596800000406802, 566338.546500012278557 ], [ -1784334.959791264031082, 566253.142146705649793 ], [ -1784006.07928471500054, 566211.692481744568795 ], [ -1783749.952151205856353, 566179.412113464903086 ], [ -1783733.603548291604966, 566177.351656552869827 ], [ -1783343.655237094732001, 566128.205457460135221 ], [ -1783305.169500002171844, 566123.354999995790422 ], [ -1783348.315898877102882, 566120.478572566993535 ], [ -1783648.279399996623397, 566100.48100000154227 ], [ -1783716.977256502024829, 566100.638767514843494 ], [ -1783756.702264397172257, 566100.729997666552663 ], [ -1784238.27604057895951, 566101.835952083580196 ], [ -1784287.283599995076656, 566101.948500006459653 ], [ -1784652.317400003317744, 566102.898500001989305 ], [ -1785018.301200000569224, 566057.150600011926144 ], [ -1785098.877899998100474, 566040.906100004445761 ], [ -1785128.38569999858737, 566045.22179999994114 ], [ -1785163.972799998009577, 566053.359799995087087 ], [ -1785237.632599994074553, 566076.93260000506416 ], [ -1785337.772199995350093, 566106.750200000591576 ], [ -1785372.41889999806881, 566112.60559999383986 ], [ -1785407.715599996736273, 566114.219800005666912 ], [ -1785442.207499996526167, 566111.701800010632724 ], [ -1785474.333499999018386, 566104.874800004530698 ], [ -1785501.789099998539314, 566093.818999998737127 ], [ -1785523.149399995803833, 566078.589299996849149 ], [ -1785557.552299995208159, 566046.091099994257092 ], [ -1785574.190499994903803, 566035.166900007519871 ], [ -1785586.062499995576218, 566031.98950000712648 ], [ -1785598.148099996848032, 566032.403900000266731 ], [ -1785613.928900001337752, 566038.193300015293062 ], [ -1785648.190099999774247, 566059.675699996296316 ], [ -1785697.166099998867139, 566086.571500002872199 ], [ -1785722.990099998889491, 566101.925700000487268 ], [ -1785729.231599997961894, 566106.630499994382262 ], [ -1785840.431699996581301, 566081.357800006400794 ], [ -1786503.42030000151135, 566150.336900000926107 ], [ -1786630.455099742626771, 566213.854299878235906 ], [ -1786717.322900001658127, 566257.288200004491955 ], [ -1786869.47859999909997, 566333.25450000539422 ], [ -1787234.963400000473484, 566539.619399997871369 ], [ -1787876.027499997289851, 566722.018900006078184 ], [ -1788173.389400003710762, 566790.640900015365332 ], [ -1788928.608700001612306, 566721.641299994662404 ], [ -1789821.065999999409541, 566721.269700002856553 ], [ -1790851.069700000341982, 566606.225600003264844 ], [ -1791995.897500002989545, 566627.971400005277246 ], [ -1792659.542999997269362, 566764.915600012522191 ], [ -1793506.455099999206141, 566901.585100001655519 ], [ -1794148.06520000169985, 567037.690700000617653 ], [ -1794568.646629658760503, 567059.24491646559909 ], [ -1795018.420400002738461, 567082.295200012624264 ], [ -1795522.143499995814636, 567036.05190001334995 ], [ -1795702.589443600270897, 566951.041871808003634 ], [ -1795911.385499998228624, 566852.675800013821572 ], [ -1795935.145900001283735, 566846.701700000558048 ], [ -1796438.032499996712431, 567103.744500003289431 ], [ -1796508.725674615474418, 567136.877261742018163 ], [ -1797216.756499995011836, 567468.72000000346452 ], [ -1798040.735199996968731, 568062.928800003603101 ], [ -1798127.01472525857389, 568109.377851165365428 ], [ -1798865.892100000521168, 568507.156500005163252 ], [ -1798888.2433, 568519.238200005143881 ], [ -1799026.915799998212606, 568746.549600002355874 ], [ -1799004.605999994790182, 568774.434200007002801 ], [ -1798744.499199998332188, 568783.301400003023446 ], [ -1798040.307980139041319, 568545.636887555010617 ] ] ] } },
{ "type": "Feature", "properties": { "ID": 666, "YEAR": "2011-2012", "Perimtr_KM": 18.3753053376, "AREA_KM": 4.5433005963899999, "SCALE": 1, "THICKNES_M": 41.543653079400002, "VOLUME_KM": 0.18874530381, "MASS_GT": 0.17307944359, "RECURRANCE": "2-3", "UA_KM": 0.09187652669, "UH_M": 3.4481231885899999, "UC_KM": 0.01444169847, "REGION": "Peninsula", "ICESHELF": "George_VI" }, "geometry": { "type": "Polygon", "coordinates": [ [ [ -1780090.852699998999014, 564648.503600004129112 ], [ -1780132.374900000402704, 564492.61140000494197 ], [ -1780200.996899996185675, 564195.249500005505979 ], [ -1780200.853799996664748, 564012.400600004941225 ], [ -1781011.838299997616559, 564207.871800007298589 ], [ -1781851.003900000592694, 564398.035799996461719 ], [ -1782643.648400001926348, 564863.460800005123019 ], [ -1782799.590599996270612, 565187.872400005348027 ], [ -1782802.211300001246855, 565193.113899999763817 ], [ -1782243.283000000752509, 564831.454400010872632 ], [ -1780371.586999997729436, 564527.303799997083843 ], [ -1780170.712100001517683, 565052.669000002555549 ], [ -1780313.587399998446926, 565576.545000008773059 ], [ -1779996.086799998767674, 565767.04540000250563 ], [ -1779996.086799998767674, 566830.672500005923212 ], [ -1780170.712100001517683, 567037.04790000570938 ], [ -1780265.962299994891509, 567957.799800003413111 ], [ -1780043.71179999737069, 568719.801300006918609 ], [ -1779605.542700000340119, 569675.153800006490201 ], [ -1779058.635400000959635, 569409.181299997959286 ], [ -1779642.104200002504513, 568665.594600001350045 ], [ -1779641.896600000560284, 568254.070299999788404 ], [ -1779294.358700001379475, 567114.798900004010648 ], [ -1779160.602000003680587, 566928.319599996320903 ], [ -1779363.7137999990955, 566427.84599999897182 ], [ -1779494.950900000985712, 566205.112900007516146 ], [ -1779181.898600002285093, 565786.197500006761402 ], [ -1779081.352200000546873, 565589.390699999406934 ], [ -1779071.632599994540215, 565570.834800005890429 ], [ -1778952.214000002015382, 565283.914400007110089 ], [ -1779185.893799998797476, 565027.360599996056408 ], [ -1779530.677800000179559, 564957.064600004814565 ], [ -1779794.566100001567975, 564761.79820000147447 ], [ -1780090.852699998999014, 564648.503600004129112 ] ] ] } },
{ "type": "Feature", "properties": { "ID": 668, "YEAR": "2011-2012", "Perimtr_KM": 18.224465677600001, "AREA_KM": 5.7234198360399997, "SCALE": 1, "THICKNES_M": 164.179745483, "VOLUME_KM": 0.93966961196999998, "MASS_GT": 0.86167703417999997, "RECURRANCE": "3-4", "UA_KM": 0.09112232839, "UH_M": 13.626918807899999, "UC_KM": 0.07189808128, "REGION": "Peninsula", "ICESHELF": "George_VI" }, "geometry": { "type": "Polygon", "coordinates": [ [ [ -1803894.018872820306569, 574829.764561688061804 ], [ -1803124.202159970765933, 574325.717925493139774 ], [ -1802480.124901053495705, 573904.000690225046128 ], [ -1802464.601846614852548, 573893.8367859586142 ], [ -1802239.717533774208277, 573746.591111080721021 ], [ -1801617.880000000353903, 573339.435599999502301 ], [ -1801084.042596644023433, 572610.819673559162766 ], [ -1800718.864227884216234, 572112.400541067123413 ], [ -1800493.476377175189555, 571804.776578003074974 ], [ -1800443.127599999075755, 571736.057300007902086 ], [ -1799331.875399999087676, 570243.804399997927248 ], [ -1798744.499199998332188, 569894.553699994459748 ], [ -1799101.112399999285117, 569026.278100000228733 ], [ -1799255.6558, 568998.163500013761222 ], [ -1799896.92119999951683, 569340.479600000195205 ], [ -1800605.980399995809421, 569775.119900002609938 ], [ -1800678.884699996095151, 569824.827299998141825 ], [ -1800656.939399995142594, 569912.608500001486391 ], [ -1800836.877399999182671, 569978.828700012993068 ], [ -1800623.842999995918944, 570420.603100004140288 ], [ -1800563.024300003889948, 570537.587100001983345 ], [ -1800472.468400003388524, 570718.698900002986193 ], [ -1800459.071600003400818, 570745.492500002495944 ], [ -1800666.389799998141825, 571155.77200000314042 ], [ -1800838.367999996757135, 571216.549200001172721 ], [ -1800839.35780000127852, 571217.011200005654246 ], [ -1801022.781000001588836, 571302.608600015752017 ], [ -1800980.356899998150766, 571665.268599999602884 ], [ -1800891.994999997783452, 572048.613499998115003 ], [ -1800905.984199998201802, 572066.100000003818423 ], [ -1800897.480676395818591, 572087.358824469149113 ], [ -1800878.467899999581277, 572134.890800006687641 ], [ -1800890.908500002231449, 572182.58040000544861 ], [ -1801329.381427995162085, 572389.453343943227082 ], [ -1801641.480300000635907, 572536.702600005548447 ], [ -1802038.651266617933288, 572827.526507960632443 ], [ -1802209.289899999042973, 572952.474700002465397 ], [ -1802532.611423064023256, 573098.220259610097855 ], [ -1802824.192299998132512, 573229.657900004182011 ], [ -1803415.297499998472631, 573370.520399996545166 ], [ -1803428.291699999477714, 573385.1388999982737 ], [ -1803594.712000001920387, 573579.963800003286451 ], [ -1803592.777200000127777, 573781.089800001587719 ], [ -1803592.777200000127777, 573860.681399999652058 ], [ -1803592.777200000127777, 573947.8824000088498 ], [ -1804005.552199997240677, 574006.985800000838935 ], [ -1804093.526999998837709, 574018.982399994973093 ], [ -1804247.773000000277534, 574232.531799997203052 ], [ -1804408.560200000414625, 574458.7909000008367 ], [ -1804392.775766023201868, 574539.370972656179219 ], [ -1804377.078309339703992, 574619.50702330423519 ], [ -1804358.920099996961653, 574712.205300002824515 ], [ -1804350.366259221918881, 574754.974660337902606 ], [ -1804342.518100001150742, 574794.215600003488362 ], [ -1804341.241699998732656, 574800.597400012426078 ], [ -1804023.129143123049289, 574905.717640737537295 ], [ -1804014.416899997508153, 574908.596600005403161 ], [ -1803894.018872820306569, 574829.764561688061804 ] ] ] } },
{ "type": "Feature", "properties": { "ID": 670, "YEAR": "2011-2012", "Perimtr_KM": 7.4226880049200004, "AREA_KM": 1.0912661729099999, "SCALE": 1, "THICKNES_M": 177.38022359199999, "VOLUME_KM": 0.19356903775000001, "MASS_GT": 0.17750280762000001, "RECURRANCE": "2-3", "UA_KM": 0.03711344002, "UH_M": 14.7225584855, "UC_KM": 0.01481078268, "REGION": "Peninsula", "ICESHELF": "George_VI" }, "geometry": { "type": "Polygon", "coordinates": [ [ [ -1803266.779272862011567, 575790.161098103504628 ], [ -1803134.543799998471513, 575758.176700002048165 ], [ -1803665.777199998497963, 575544.683700005989522 ], [ -1804262.940267365425825, 575439.515336171723902 ], [ -1804410.213690711418167, 575413.578526254743338 ], [ -1804443.155699998605996, 575407.776999993249774 ], [ -1804587.851955781457946, 575394.995058306027204 ], [ -1804871.360284886788577, 575369.950962240342051 ], [ -1805117.142035404685885, 575348.23949510185048 ], [ -1805152.518570966785774, 575345.114460442215204 ], [ -1805195.867199995322153, 575341.285200001206249 ], [ -1805487.122503395657986, 575339.841813036240637 ], [ -1805816.540799997281283, 575338.209300008136779 ], [ -1805887.743347642710432, 575356.474346615374088 ], [ -1806380.871300002560019, 575482.972700010985136 ], [ -1806444.080103118205443, 575507.667417625896633 ], [ -1806676.935300001176074, 575598.640400006435812 ], [ -1806443.147306440863758, 575579.982588632963598 ], [ -1806379.417870476143435, 575574.896562709473073 ], [ -1806027.865950868465006, 575546.840419591870159 ], [ -1805718.303958175703883, 575522.135347353760153 ], [ -1805389.750100002158433, 575495.914600002579391 ], [ -1805368.143734273035079, 575511.589807070791721 ], [ -1805222.844373465515673, 575617.003072585910559 ], [ -1805193.22033748938702, 575638.495021023321897 ], [ -1805089.170448154211044, 575713.982198325917125 ], [ -1804554.760899998480454, 576101.69110000366345 ], [ -1803266.779272862011567, 575790.161098103504628 ] ] ] } },
{ "type": "Feature", "properties": { "ID": 671, "YEAR": "2011-2012", "Perimtr_KM": 55.891627647100002, "AREA_KM": 18.464859148799999, "SCALE": 2, "THICKNES_M": 152.799298, "VOLUME_KM": 2.8214175156099999, "MASS_GT": 2.5872398618100001, "RECURRANCE": "2-3", "UA_KM": 0.27945813824, "UH_M": 12.6823416715, "UC_KM": 0.21587854208000001, "REGION": "Peninsula", "ICESHELF": "George_VI" }, "geometry": { "type": "Polygon", "coordinates": [ [ [ -1763581.303900001104921, 581530.951900011859834 ], [ -1762152.551100001204759, 580880.075600001495332 ], [ -1760898.423599997535348, 580689.575299999210984 ], [ -1758927.213869990315288, 580616.179100652225316 ], [ -1758889.576299994951114, 580614.777700004633516 ], [ -1759162.079299998702481, 580384.880900002084672 ], [ -1759393.662700001848862, 580153.297500005923212 ], [ -1759601.896399996941909, 580311.047600008081645 ], [ -1760038.426199996843934, 580263.375700004398823 ], [ -1760421.089699994772673, 580109.452100003603846 ], [ -1760420.549100000178441, 580270.110600012820214 ], [ -1760908.408799999160692, 579965.243000011891127 ], [ -1761184.880800002720207, 580374.990600008517504 ], [ -1761184.880800002720207, 580557.982499996665865 ], [ -1761532.885099997278303, 580438.718199997209013 ], [ -1762015.981799999251962, 580367.353300007991493 ], [ -1762345.200400000438094, 580541.362500002607703 ], [ -1762788.555999997304752, 580601.234600010327995 ], [ -1763158.459600002970546, 580803.180900000967085 ], [ -1763694.229699996067211, 581113.748400013428181 ], [ -1763837.623500001616776, 581244.84250000026077 ], [ -1764412.951700000558048, 580783.88439999660477 ], [ -1764790.596823556581512, 580406.239178074989468 ], [ -1764796.834099996602163, 580400.001900009345263 ], [ -1764610.3978, 579877.344400002621114 ], [ -1764591.978174473159015, 579782.320903637446463 ], [ -1764513.833199999062344, 579379.185200003907084 ], [ -1764691.02523450832814, 578975.028233634307981 ], [ -1764692.410799999488518, 578971.867900002747774 ], [ -1764336.206956136971712, 578879.522876933217049 ], [ -1764329.11460000067018, 578877.684200002811849 ], [ -1764218.557800000300631, 578302.021300005260855 ], [ -1764510.138300003251061, 578124.810599997173995 ], [ -1764504.458299996098503, 577810.25470000365749 ], [ -1764121.8613000002224, 577506.632100000046194 ], [ -1764684.83379999967292, 576714.919800001196563 ], [ -1764705.33789999736473, 576295.470400012563914 ], [ -1764725.723806719761342, 576293.729178818874061 ], [ -1764770.170488165225834, 576289.932854977436364 ], [ -1764941.458900002529845, 576275.302600014023483 ], [ -1765113.816903878003359, 575673.560413692612201 ], [ -1765115.912900002440438, 575666.242800000589341 ], [ -1765093.839879364939407, 575533.721067417878658 ], [ -1765037.53019999852404, 575195.649700006935745 ], [ -1765390.414799998048693, 574774.143100004643202 ], [ -1765559.447038315469399, 574731.885017323773354 ], [ -1765573.406700000166893, 574728.395099996123463 ], [ -1765330.028837015386671, 574454.384413143619895 ], [ -1765325.930199996801093, 574449.769900008104742 ], [ -1765394.552100001368672, 574312.526000007521361 ], [ -1765623.291999998269603, 574198.15600001020357 ], [ -1765959.945599997416139, 574090.242500003892928 ], [ -1766044.046399623854086, 574006.141608277335763 ], [ -1766051.260200002230704, 573998.927800001110882 ], [ -1765776.772299996810034, 573747.313899996224791 ], [ -1765656.368763967417181, 573646.557486151345074 ], [ -1765652.242099996423349, 573643.104200006462634 ], [ -1765785.026699998416007, 573418.823600008152425 ], [ -1765990.892600001301616, 573327.327700002584606 ], [ -1766328.831900001270697, 573309.624199998099357 ], [ -1766534.697900002123788, 573195.254200007766485 ], [ -1766886.348299999488518, 573072.343899996485561 ], [ -1767111.125143424840644, 573047.83343262039125 ], [ -1767374.145099997054785, 573019.152800007723272 ], [ -1767692.396099995588884, 572929.641700006090105 ], [ -1767706.827157429652289, 572921.187713598832488 ], [ -1768078.985700001008809, 572703.170200004708022 ], [ -1768147.607599998824298, 572543.052300003357232 ], [ -1768146.130699997767806, 572532.608700004406273 ], [ -1768179.46985366824083, 572530.044143371749669 ], [ -1768307.725500000175089, 572520.178299995604903 ], [ -1768879.631399997277185, 572725.987900010775775 ], [ -1769128.185300000477582, 572797.669999998994172 ], [ -1769884.358900001039729, 572819.212200011592358 ], [ -1770664.452499996870756, 572816.834300003014505 ], [ -1771585.367771562188864, 572873.541016313247383 ], [ -1772151.20860000140965, 572908.383500004187226 ], [ -1772859.182199997128919, 572886.62960000615567 ], [ -1772882.830654833698645, 572871.134185466915369 ], [ -1773363.194430833682418, 572556.380604695528746 ], [ -1773456.31100000301376, 572495.36690000584349 ], [ -1773464.987136084586382, 572496.510973806958646 ], [ -1773799.866099994629622, 572540.669600005727261 ], [ -1773887.414257010677829, 572546.458337558433414 ], [ -1774204.558716726489365, 572567.428122715558857 ], [ -1774435.728175400523469, 572582.713188357651234 ], [ -1774486.4372, 572586.066100001800805 ], [ -1775012.617800003383309, 572563.113399999216199 ], [ -1775378.923499997938052, 572425.547399998642504 ], [ -1775380.467023794539273, 572423.910875522531569 ], [ -1775505.699288559844717, 572291.133093420881778 ], [ -1775528.624299997929484, 572266.82679999480024 ], [ -1775541.100699996575713, 572253.570600005798042 ], [ -1775647.918930609710515, 572140.097937900107354 ], [ -1775727.028757127001882, 572056.059824164025486 ], [ -1775750.968699996592477, 572030.628500013612211 ], [ -1775810.361219349084422, 572010.544412308372557 ], [ -1776237.648033120669425, 571866.053726657759398 ], [ -1776303.946599998045713, 571843.634299998171628 ], [ -1776345.452731507830322, 571870.204322182573378 ], [ -1776413.234695225022733, 571913.594737382605672 ], [ -1776460.280036368407309, 571943.710667542181909 ], [ -1776622.268799745012075, 572047.407275248784572 ], [ -1776742.501150782918558, 572124.373644267208874 ], [ -1776764.174699996598065, 572138.247900006826967 ], [ -1776883.99375981441699, 572252.612093484494835 ], [ -1777080.166500000283122, 572439.853900003246963 ], [ -1777286.032399996416643, 572508.475899998564273 ], [ -1777476.405602539889514, 572517.213719971012324 ], [ -1777617.222799997776747, 572523.677000006195158 ], [ -1777483.534308885224164, 572582.499921737704426 ], [ -1777384.964037923375145, 572625.870830374304205 ], [ -1777170.331100000301376, 572720.309300008695573 ], [ -1776771.641210296656936, 572603.047604128718376 ], [ -1776498.63131439872086, 572522.750600842759013 ], [ -1776461.375799996079877, 572511.793100005947053 ], [ -1776447.484824295388535, 572521.883712676353753 ], [ -1776043.203800002578646, 572815.559500008821487 ], [ -1775231.816697805654258, 572898.77872526133433 ], [ -1775180.114926745183766, 572904.081473256926984 ], [ -1774804.951399996411055, 572942.559800005983561 ], [ -1774771.17035686573945, 572966.331642548553646 ], [ -1774594.046003728872165, 573090.974692097865045 ], [ -1774585.532521576620638, 573096.965660355053842 ], [ -1774492.254759366158396, 573162.605559844058007 ], [ -1774376.325499998871237, 573244.185400012880564 ], [ -1774291.796252362895757, 573209.3792097363621 ], [ -1774198.617149014491588, 573171.011311157606542 ], [ -1774178.770831464324147, 573162.839291123207659 ], [ -1774169.820383641635999, 573159.153809484094381 ], [ -1774106.449999995995313, 573133.060099994763732 ], [ -1773686.293427953030914, 573236.863498647231609 ], [ -1773582.504792832536623, 573262.505399268586189 ], [ -1772757.072299998719245, 573466.435800012201071 ], [ -1772306.992028686916456, 573582.783078141976148 ], [ -1771980.695210790960118, 573667.131913330405951 ], [ -1771057.56018762756139, 573905.765450810547918 ], [ -1770571.857577818678692, 574031.321224376559258 ], [ -1770423.442600000882521, 574069.687000005505979 ], [ -1770324.658573402091861, 574074.565221359953284 ], [ -1769137.565, 574133.187100002076477 ], [ -1769133.345305540366098, 574137.184705724474043 ], [ -1769021.908340728841722, 574242.756578790023923 ], [ -1768977.23165728780441, 574285.081862512975931 ], [ -1768534.313799999654293, 574704.688300009816885 ], [ -1767788.187300002668053, 574768.188399999402463 ], [ -1767735.50202244031243, 574739.157738649751991 ], [ -1767010.310799999628216, 574339.562600006815046 ], [ -1766121.308999998960644, 574561.813000006135553 ], [ -1765676.808100002119318, 575530.1899000024423 ], [ -1765438.682599998312071, 575673.065199999604374 ], [ -1765343.432399998186156, 576593.817100003827363 ], [ -1764883.056499994825572, 577022.442899996880442 ], [ -1764544.668499995023012, 578506.98410000372678 ], [ -1764597.305999999167398, 578562.320999994408339 ], [ -1765311.682399998884648, 579689.448300005402416 ], [ -1765391.057500001508743, 580895.950700005982071 ], [ -1764930.681599998380989, 581626.202099998481572 ], [ -1763962.304699995089322, 581959.577799995895475 ], [ -1763581.303900001104921, 581530.951900011859834 ] ] ] } },
{ "type": "Feature", "properties": { "ID": 672, "YEAR": "2011-2012", "Perimtr_KM": 22.919542615099999, "AREA_KM": 6.6455178650300004, "SCALE": 1, "THICKNES_M": 142.80700320299999, "VOLUME_KM": 0.94902649104000003, "MASS_GT": 0.87025729228000004, "RECURRANCE": "3-4", "UA_KM": 0.11459771308, "UH_M": 11.852981207399999, "UC_KM": 0.07261401553000001, "REGION": "Peninsula", "ICESHELF": "George_VI" }, "geometry": { "type": "Polygon", "coordinates": [ [ [ -1754148.456254358170554, 582280.960614955984056 ], [ -1754108.587107505416498, 582269.828321930021048 ], [ -1753202.657140066614375, 582016.873878287617117 ], [ -1753142.173031605780125, 581999.985460246913135 ], [ -1753061.788030271884054, 581977.540300002321601 ], [ -1752087.780900002922863, 581705.577299999073148 ], [ -1752114.973710343241692, 581564.174768435768783 ], [ -1752167.15609999676235, 581292.826500006020069 ], [ -1751802.0304000005126, 580880.075600001495332 ], [ -1752151.281099997228011, 580340.324599995277822 ], [ -1752020.061599999433383, 580005.488600008189678 ], [ -1751611.53, 580197.449300005566329 ], [ -1750135.546584060881287, 580942.89545449661091 ], [ -1750039.901799998711795, 580991.200900006107986 ], [ -1749943.7934245839715, 580950.591727355029434 ], [ -1747785.647300001233816, 580038.698999995365739 ], [ -1746769.645300001371652, 578895.696700004860759 ], [ -1746707.559983961284161, 578532.234752800315619 ], [ -1746702.478899997193366, 578502.488899997901171 ], [ -1746916.630399997346103, 578631.447300012689084 ], [ -1747191.118299996014684, 578814.439200000837445 ], [ -1747359.487999998033047, 578966.305300008505583 ], [ -1747622.401499998290092, 579115.123599993530661 ], [ -1747811.80100000067614, 579314.582100005820394 ], [ -1748060.852099996292964, 579454.388600005768239 ], [ -1748273.121800003107637, 579608.102900012396276 ], [ -1748751.397799994796515, 580021.912500008009374 ], [ -1749025.885700000217184, 580136.282500005792826 ], [ -1749531.3993, 580225.492600007448345 ], [ -1749984.555199997499585, 580252.69050000468269 ], [ -1750251.079454886261374, 580212.275838973000646 ], [ -1750254.179899998707697, 580211.805700007360429 ], [ -1750273.369499664753675, 580189.852019784972072 ], [ -1750412.982399999629706, 580030.129199998453259 ], [ -1750637.337599996477365, 579988.766000002156943 ], [ -1750930.105699997395277, 579993.3598000141792 ], [ -1751133.929900000337511, 579949.653700008057058 ], [ -1751314.249839803669602, 579837.026378030888736 ], [ -1751316.725000002188608, 579835.4804000062868 ], [ -1751347.798390126088634, 579799.995286793448031 ], [ -1751477.834300002316013, 579651.497200003359467 ], [ -1751729.448100002249703, 579491.379200011026114 ], [ -1752047.785399995511398, 579241.663900013547391 ], [ -1752208.553399997297674, 579103.769999996758997 ], [ -1752208.553399997297674, 579126.644000011496246 ], [ -1752208.553399997297674, 579286.761900005862117 ], [ -1752261.528299998259172, 579576.896900012623519 ], [ -1752424.378899999661371, 579780.030199999921024 ], [ -1752750.343099996913224, 579934.419799997471273 ], [ -1753275.121200001332909, 579889.995400010608137 ], [ -1753389.4911999986507, 579889.995400010608137 ], [ -1753433.323299996554852, 580349.391100001521409 ], [ -1753705.105300000170246, 580352.097000003792346 ], [ -1753514.394306079950184, 580510.734999997541308 ], [ -1753433.080599997658283, 580578.373700004536659 ], [ -1753455.937050149776042, 580600.77820163872093 ], [ -1753629.451000003144145, 580770.861200002022088 ], [ -1753665.921599996741861, 580769.337000004015863 ], [ -1753669.064999998314306, 580868.491300003137439 ], [ -1753903.653499999782071, 580931.054700001142919 ], [ -1753920.021999999880791, 581029.265900011640042 ], [ -1753814.339499999303371, 581340.814300001598895 ], [ -1753750.282301954226568, 581343.866630317643285 ], [ -1753430.044199999189004, 581359.126000000163913 ], [ -1753314.355022773146629, 581494.096608425490558 ], [ -1753292.800099996151403, 581519.244000006001443 ], [ -1753617.222099999664351, 581698.049700013827533 ], [ -1753667.227216586703435, 581725.398299425374717 ], [ -1753677.583853338845074, 581731.062509989831597 ], [ -1753972.106199999107048, 581892.141500003170222 ], [ -1754159.168099998729303, 582185.433200002647936 ], [ -1754176.314800689462572, 582259.735428538173437 ], [ -1754183.468999998411164, 582290.736900003161281 ], [ -1754148.456254358170554, 582280.960614955984056 ] ] ] } },
{ "type": "Feature", "properties": { "ID": 673, "YEAR": "2011-2012", "Perimtr_KM": 13.8357088342, "AREA_KM": 3.39858021608, "SCALE": 1, "THICKNES_M": 235.23425293, "VOLUME_KM": 0.79946247815000004, "MASS_GT": 0.73310709247000005, "RECURRANCE": "4-5", "UA_KM": 0.06917854417, "UH_M": 19.524442896899998, "UC_KM": 0.06117024272, "REGION": "Peninsula", "ICESHELF": "George_VI" }, "geometry": { "type": "Polygon", "coordinates": [ [ [ -1754673.343610019655898, 583289.052088198717684 ], [ -1754629.108399101765826, 583194.857180362101644 ], [ -1754570.17189999925904, 583069.357199998572469 ], [ -1755069.588399999542162, 583082.058300006669015 ], [ -1755160.23729999945499, 583082.058300006669015 ], [ -1755183.958500001812354, 583219.302200007252395 ], [ -1755362.338391462806612, 583119.43437986029312 ], [ -1755391.837499996181577, 583102.919000006746501 ], [ -1755797.35352645162493, 582538.957253963686526 ], [ -1755801.6332, 582533.005400008521974 ], [ -1756268.268999997060746, 581974.873700005933642 ], [ -1756894.0397, 581577.84299999801442 ], [ -1757309.07637073029764, 581300.881171142682433 ], [ -1757375.334899998269975, 581256.665599996224046 ], [ -1757281.675128806382418, 580921.583320410456508 ], [ -1757280.394199999514967, 580917.00060001341626 ], [ -1757404.283100001513958, 580747.36380000738427 ], [ -1757780.425700003514066, 580943.070799994282424 ], [ -1757780.425700003514066, 581034.566799997817725 ], [ -1757905.801220751833171, 581018.894851345568895 ], [ -1757963.417599998880178, 581011.692800010554492 ], [ -1757924.445, 580684.68169999634847 ], [ -1757985.438060176791623, 580160.56063463864848 ], [ -1757993.731600003316998, 580089.2931999983266 ], [ -1758352.577299998840317, 580256.549299999605864 ], [ -1758312.527799996780232, 580502.464799995534122 ], [ -1758312.527799996780232, 580662.582699996884912 ], [ -1758709.363500001374632, 580448.738800003193319 ], [ -1758853.471399999689311, 580613.43340000230819 ], [ -1758852.598299995064735, 580613.400900012813509 ], [ -1758774.169482350815088, 580733.658425857778639 ], [ -1758564.793899999465793, 581054.701000015717 ], [ -1757644.042000001762062, 581673.827200002036989 ], [ -1756421.664600001880899, 582594.579100006725639 ], [ -1755866.0384999983944, 583769.331400002818555 ], [ -1755124.256331181619316, 584040.367173451930285 ], [ -1755040.536800000816584, 584070.957000003196299 ], [ -1754673.343610019655898, 583289.052088198717684 ] ] ] } },
{ "type": "Feature", "properties": { "ID": 674, "YEAR": "2011-2012", "Perimtr_KM": 16.1052229748, "AREA_KM": 4.0231639228000002, "SCALE": 1, "THICKNES_M": 244.53031730699999, "VOLUME_KM": 0.98378555061999995, "MASS_GT": 0.90213134992, "RECURRANCE": "2-3", "UA_KM": 0.08052611487, "UH_M": 20.2960162364, "UC_KM": 0.07527357763, "REGION": "East", "ICESHELF": "Mulebreen" }, "geometry": { "type": "Polygon", "coordinates": [ [ [ 2137758.293000007979572, 1278246.380600015632808 ], [ 2137978.912200006656349, 1277981.947200003545731 ], [ 2138091.697999998927116, 1277990.457400005776435 ], [ 2138459.102600005455315, 1278431.724100003950298 ], [ 2138679.11079999897629, 1277861.351100015453994 ], [ 2138651.105200008489192, 1277805.682800006121397 ], [ 2138554.453699998557568, 1277608.547000012360513 ], [ 2138532.479600006714463, 1277560.080099998041987 ], [ 2138522.568366716615856, 1277474.354299997445196 ], [ 2138444.876699998043478, 1276802.371300002094358 ], [ 2138496.276800004765391, 1276805.068700002506375 ], [ 2138875.658800000324845, 1276837.962799999397248 ], [ 2139113.861099997535348, 1276838.314408383332193 ], [ 2139168.188100003637373, 1276838.394600007683039 ], [ 2139439.180799994617701, 1276467.402423967607319 ], [ 2139516.327199998311698, 1276361.788099995348603 ], [ 2139583.671493726782501, 1276276.042699998244643 ], [ 2139916.925900002010167, 1275851.730100004933774 ], [ 2140166.427928522229195, 1275773.741999090183526 ], [ 2140453.634499996900558, 1275683.968400008510798 ], [ 2140438.103290794417262, 1275487.587690786924213 ], [ 2140437.810211576521397, 1275483.881919770501554 ], [ 2140397.520284202881157, 1274974.445442044176161 ], [ 2140385.757199995219707, 1274825.709899997338653 ], [ 2140341.966100008226931, 1274541.789299997501075 ], [ 2140340.938099996186793, 1274534.967900012154132 ], [ 2140053.330700003542006, 1274888.906961933709681 ], [ 2140018.629900008440018, 1274931.610900006256998 ], [ 2139927.027711944654584, 1274927.21682453295216 ], [ 2139843.575806690379977, 1274923.213710876181722 ], [ 2139556.328420949168503, 1274909.434709300287068 ], [ 2139459.709800008684397, 1274904.800000003073364 ], [ 2139142.209200002253056, 1275412.801100014708936 ], [ 2139146.448100004345179, 1276004.946600004564971 ], [ 2139125.478113341145217, 1276581.926386659033597 ], [ 2139121.824398978613317, 1276682.456700013019145 ], [ 2139121.042500003241003, 1276703.970300003420562 ], [ 2139113.861099997535348, 1276701.716840155422688 ], [ 2139097.41414197627455, 1276696.555930096656084 ], [ 2138783.03826461546123, 1276597.907558406237513 ], [ 2138688.675000008195639, 1276568.297200012020767 ], [ 2138337.874300001189113, 1276132.469200007151812 ], [ 2138147.373900000937283, 1276259.469400006346405 ], [ 2137882.100500002503395, 1277377.014200012665242 ], [ 2137787.442949895747006, 1277465.163083884399384 ], [ 2136397.695400003343821, 1278759.351399997249246 ], [ 2136674.047499997541308, 1278777.262000000104308 ], [ 2136725.488000007346272, 1279172.346500003710389 ], [ 2137024.350800015963614, 1279127.565299998037517 ], [ 2137553.979600010439754, 1278866.812900010030717 ], [ 2137848.258500000461936, 1278473.803600002545863 ], [ 2137762.39739999640733, 1278255.957400009036064 ], [ 2137758.293000007979572, 1278246.380600015632808 ] ] ] } },
{ "type": "Feature", "properties": { "ID": 675, "YEAR": "2011-2012", "Perimtr_KM": 13.449502965900001, "AREA_KM": 4.0078008061299997, "SCALE": 1, "THICKNES_M": 205.32768366900001, "VOLUME_KM": 0.82291245612999997, "MASS_GT": 0.75461072227000003, "RECURRANCE": "4-5", "UA_KM": 0.06724751483, "UH_M": 17.042197660500001, "UC_KM": 0.06296449934, "REGION": "East", "ICESHELF": "Shackleton" }, "geometry": { "type": "Polygon", "coordinates": [ [ [ 2715211.851600005291402, -261889.295300000347197 ], [ 2715429.511100000701845, -262020.260100001469254 ], [ 2715822.610100008547306, -262011.849899997469038 ], [ 2715966.52549999859184, -261940.063700000289828 ], [ 2716338.665800001472235, -261820.375400001648813 ], [ 2716554.619800005108118, -261784.744299998506904 ], [ 2716890.794799995608628, -261989.537999996449798 ], [ 2717239.3597, -262073.748100000433624 ], [ 2717413.5378, -262104.381199998315424 ], [ 2717503.948500002734363, -262181.826600003056228 ], [ 2717541.309179521165788, -262201.948164832778275 ], [ 2717660.216699998825788, -262265.988899999763817 ], [ 2717699.185200000181794, -262274.327700001653284 ], [ 2717687.663699998520315, -262354.746100000105798 ], [ 2717720.302700007334352, -262398.247399993706495 ], [ 2717744.367699997499585, -262542.483700002543628 ], [ 2717720.30319999717176, -262674.741900002583861 ], [ 2717690.95834694057703, -262777.453512407839298 ], [ 2717678.759700000286102, -262820.1507000005804 ], [ 2717489.757021646015346, -262810.132889583706856 ], [ 2715475.361246956512332, -262703.362789024598897 ], [ 2714395.610875375568867, -262646.13220047717914 ], [ 2713404.775100002996624, -262593.614399996120483 ], [ 2713247.458840953186154, -262565.517508093267679 ], [ 2713014.967809235677123, -262523.994302378036082 ], [ 2712659.440284261479974, -262460.496616263873875 ], [ 2711433.394399999640882, -262241.523199999239296 ], [ 2711617.584900003857911, -262237.749799997545779 ], [ 2711918.97579999640584, -262176.789499995298684 ], [ 2712305.136799995787442, -262163.295800001826137 ], [ 2712618.989700004458427, -262137.959499992895871 ], [ 2712836.570700000971556, -262016.550699999090284 ], [ 2713005.992700004018843, -261931.279499999247491 ], [ 2713679.510700006037951, -261930.966900000348687 ], [ 2713944.858500006608665, -261821.898900000378489 ], [ 2714065.334600008092821, -261725.465899998787791 ], [ 2714307.588800001889467, -261723.642199996858835 ], [ 2714357.816099997609854, -261740.384599996265024 ], [ 2714451.847100012935698, -261771.728299998212606 ], [ 2714487.860899996943772, -261789.735200000461191 ], [ 2714548.164700001478195, -261819.668999992776662 ], [ 2714996.024999998509884, -261876.712800000328571 ], [ 2715211.851600005291402, -261889.295300000347197 ] ] ] } },
{ "type": "Feature", "properties": { "ID": 676, "YEAR": "2011-2012", "Perimtr_KM": 17.199037285399999, "AREA_KM": 2.4978452026900002, "SCALE": 1, "THICKNES_M": 206.89337376200001, "VOLUME_KM": 0.51678762111999998, "MASS_GT": 0.47389424857000001, "RECURRANCE": "5-6", "UA_KM": 0.08599518643, "UH_M": 17.1721499376, "UC_KM": 0.03954159836, "REGION": "East", "ICESHELF": "Shackleton" }, "geometry": { "type": "Polygon", "coordinates": [ [ [ 2693791.384728576056659, -259382.305968039203435 ], [ 2693881.835199996829033, -259416.689099997747689 ], [ 2693997.507399994879961, -259541.447399999015033 ], [ 2693999.739600002765656, -259623.365899996366352 ], [ 2694018.868300000205636, -259675.636000003200024 ], [ 2694019.688200007192791, -259680.555399997159839 ], [ 2694075.472799997776747, -259715.933999999891967 ], [ 2694314.258800005540252, -259825.772300003096461 ], [ 2694360.776900007389486, -259947.555700001772493 ], [ 2694398.524700000882149, -260186.302800002507865 ], [ 2694411.509900003671646, -260239.549699996598065 ], [ 2694426.37030000705272, -260326.758699997328222 ], [ 2694477.256300002336502, -260434.36129999672994 ], [ 2694499.462299997918308, -260482.075700001325458 ], [ 2694596.766900008544326, -260625.201599997002631 ], [ 2694920.580000004731119, -260710.120400003157556 ], [ 2694980.592199998907745, -260806.38810000102967 ], [ 2695112.829000005498528, -260854.474200001917779 ], [ 2695317.001900003291667, -260950.83940000180155 ], [ 2695487.028400008566678, -261045.286500001791865 ], [ 2695764.678999998606741, -261092.217099995817989 ], [ 2696029.39459999743849, -261079.953599998727441 ], [ 2696212.702600006945431, -260998.280699994880706 ], [ 2696310.478100008331239, -261012.821699997410178 ], [ 2696551.201600009575486, -261012.782999992836267 ], [ 2696692.381500002928078, -261198.365999998524785 ], [ 2696788.677100003696978, -261366.543999996967614 ], [ 2696910.957600003108382, -261388.521699996199459 ], [ 2696956.978400008752942, -261330.47940000006929 ], [ 2697184.313000016845763, -261319.532199998386204 ], [ 2697304.528300005011261, -261343.575299997814 ], [ 2697398.535400003194809, -261363.366300002671778 ], [ 2697552.708100000396371, -261585.032699991483241 ], [ 2698232.628100016154349, -261968.584699995815754 ], [ 2699134.153700003400445, -262334.174699996598065 ], [ 2699855.35599999781698, -262450.173799997195601 ], [ 2700083.765999999828637, -262523.162500004284084 ], [ 2700125.248600001446903, -262526.023300000466406 ], [ 2700399.625899996608496, -262528.141100001521409 ], [ 2700714.722199996002018, -262549.647600002586842 ], [ 2700908.652000014670193, -262572.105299994815141 ], [ 2698778.579199997708201, -262508.947600001469254 ], [ 2698369.66843456402421, -262354.918428709264845 ], [ 2697682.696627072058618, -262096.148772461805493 ], [ 2695368.179777840152383, -261224.312806382775307 ], [ 2695284.996902354061604, -261192.979345734231174 ], [ 2695206.530636925250292, -261163.422545425128192 ], [ 2694932.179127587936819, -261060.079373282846063 ], [ 2694472.701330624520779, -260887.002530423924327 ], [ 2694430.591478333808482, -260871.140522863715887 ], [ 2694058.403100010938942, -260730.94400000013411 ], [ 2693992.725584753789008, -260436.028548267669976 ], [ 2693831.162877933122218, -259710.554411794058979 ], [ 2693824.92534819804132, -259682.5456801536493 ], [ 2693754.636500005610287, -259366.923700002022088 ], [ 2693760.317899997346103, -259369.358600004110485 ], [ 2693783.808500003069639, -259379.425999996718019 ], [ 2693791.384728576056659, -259382.305968039203435 ] ] ] } },
{ "type": "Feature", "properties": { "ID": 678, "YEAR": "2011-2012", "Perimtr_KM": 36.35241228, "AREA_KM": 9.1236418059200002, "SCALE": 1, "THICKNES_M": 161.483315277, "VOLUME_KM": 1.47331592622, "MASS_GT": 1.3510307043400001, "RECURRANCE": "3-4", "UA_KM": 0.1817620614, "UH_M": 13.403115101899999, "UC_KM": 0.11272960929, "REGION": "East", "ICESHELF": "Shackleton" }, "geometry": { "type": "Polygon", "coordinates": [ [ [ 2649595.408099999651313, -253603.658099997788668 ], [ 2649662.520100010558963, -253686.561299995984882 ], [ 2649794.541400001384318, -253770.927399998530746 ], [ 2649902.57940000295639, -253855.233799994923174 ], [ 2650058.805900001898408, -253951.459399997722358 ], [ 2650227.182800005190074, -254035.534499997738749 ], [ 2650359.721700008958578, -254083.3185999924317 ], [ 2650516.178000000305474, -254203.357399996835738 ], [ 2650612.381800003349781, -254239.390299994964153 ], [ 2650768.892799995839596, -254275.223900003358722 ], [ 2650853.261400008574128, -254299.048899993300438 ], [ 2651009.6656, -254347.010700001381338 ], [ 2651117.950900000520051, -254419.048399992287159 ], [ 2651274.481200003065169, -254502.948499998543411 ], [ 2651382.754400008358061, -254599.041299999691546 ], [ 2651447.10390000231564, -254649.168000002857298 ], [ 2651490.875900002196431, -254683.264300002716482 ], [ 2651659.942799998447299, -254766.649300004821271 ], [ 2651874.574999998323619, -254820.973400002345443 ], [ 2651956.297465149313211, -254883.222179288510233 ], [ 2652022.153700004331768, -254933.385499991942197 ], [ 2652129.077600001357496, -255054.870799999218434 ], [ 2652139.212244783528149, -255136.63943897979334 ], [ 2652139.68299999460578, -255140.437600001227111 ], [ 2652146.743921657092869, -255141.032915839925408 ], [ 2652272.72439999692142, -255151.65450000250712 ], [ 2652477.389400004409254, -255115.290899998508394 ], [ 2652585.358864413574338, -255108.416364755481482 ], [ 2652669.97439999692142, -255103.028799992986023 ], [ 2652826.254200004972517, -255103.028799992986023 ], [ 2653000.339600012637675, -255085.223200000356883 ], [ 2653177.093600008636713, -255064.749100002460182 ], [ 2653307.803100013174117, -255018.190299996640533 ], [ 2653494.641000001691282, -254963.589200000278652 ], [ 2653713.924100005999207, -254888.564400000032037 ], [ 2653931.419400001876056, -254875.4350999975577 ], [ 2654076.370100003667176, -254874.742599994409829 ], [ 2654207.623900007456541, -254743.488899995107204 ], [ 2654279.353900007903576, -254731.866500000469387 ], [ 2654445.828900003805757, -254733.692900001071393 ], [ 2654517.914000010117888, -254793.844600001350045 ], [ 2654626.158200001344085, -254926.030899995006621 ], [ 2654865.734300005249679, -254974.971399998757988 ], [ 2655057.822500003501773, -255011.292299999855459 ], [ 2655204.533300000242889, -255011.974199997261167 ], [ 2655213.420400007627904, -255011.974199997261167 ], [ 2655250.344000000506639, -254970.371199996210635 ], [ 2655265.933600004762411, -254952.83289999794215 ], [ 2655375.378900001756847, -254979.848200001288205 ], [ 2655399.266500006429851, -255027.623499994166195 ], [ 2655404.230499998666346, -255037.551499999128282 ], [ 2655515.151800001040101, -255203.125299999024719 ], [ 2655623.472199998795986, -255239.063299996312708 ], [ 2655819.783900004811585, -255307.225200003013015 ], [ 2655939.999100002460182, -255355.311299997381866 ], [ 2656140.654599995352328, -255383.064799999352545 ], [ 2656268.562600003555417, -255447.501300000119954 ], [ 2656268.646200006827712, -255447.540299998130649 ], [ 2656451.327799996361136, -255529.209699992556125 ], [ 2656630.407100005075336, -255602.582300003152341 ], [ 2656773.943000003695488, -255651.390999991912395 ], [ 2656992.20380000025034, -255733.668300000485033 ], [ 2657073.857927900739014, -255775.17263760836795 ], [ 2657127.698500012047589, -255802.539500003680587 ], [ 2657380.965100002475083, -255885.875699998810887 ], [ 2657525.61939999833703, -255993.67350000469014 ], [ 2657670.708799995481968, -256052.949999996460974 ], [ 2657839.059500008821487, -256137.051399991381913 ], [ 2657947.337600008584559, -256178.185299998149276 ], [ 2658013.478099998086691, -256203.363700000103563 ], [ 2658102.789139882661402, -256237.077513932716101 ], [ 2658126.712800006382167, -256246.108400000724941 ], [ 2658358.893500004895031, -256290.422899996861815 ], [ 2658491.602099996991456, -256326.015599996317178 ], [ 2658730.382599995471537, -256315.64409999968484 ], [ 2658910.10850000847131, -256292.198099999222904 ], [ 2659102.344300009310246, -256268.263499998953193 ], [ 2659196.449999999254942, -256232.443899993784726 ], [ 2659354.310900001786649, -256172.576900003477931 ], [ 2659522.466699995100498, -256172.722499999217689 ], [ 2659691.919799995608628, -256171.570699997246265 ], [ 2659778.37430000025779, -256301.503699996974319 ], [ 2659806.01290000602603, -256382.883899999316782 ], [ 2659828.49199999962002, -256443.730399996042252 ], [ 2659924.114700007252395, -256624.602799998130649 ], [ 2659996.24380000308156, -256840.990300002507865 ], [ 2660181.64850000757724, -257016.231499997433275 ], [ 2660252.447999997064471, -257101.7119 ], [ 2660371.531700008548796, -257199.015600001905113 ], [ 2660503.768500001169741, -257271.144699990749359 ], [ 2660625.646300004795194, -257353.632900001481175 ], [ 2660745.703600008040667, -257437.941499999724329 ], [ 2661021.917700006626546, -257534.394799998030066 ], [ 2661175.177200003527105, -257609.544300002977252 ], [ 2661366.850400008261204, -257718.409099998418242 ], [ 2661540.195700007490814, -257905.7098000026308 ], [ 2661742.441500002518296, -257991.980600001756102 ], [ 2661958.985900000669062, -258075.974300001747906 ], [ 2662091.536700003780425, -258111.724900001659989 ], [ 2662383.896099995821714, -258204.054400003515184 ], [ 2662596.432500002905726, -258243.96999999973923 ], [ 2662824.720500004477799, -258280.155499991960824 ], [ 2663028.348800002597272, -258280.893299999181181 ], [ 2663582.138599999248981, -258364.244400000199676 ], [ 2664014.663900003768504, -258388.537000000942498 ], [ 2664338.521700003184378, -258401.2820999994874 ], [ 2664543.622000007890165, -258422.030300001148134 ], [ 2662491.351745734922588, -258510.181713902391493 ], [ 2662085.559753123670816, -258527.611746726091951 ], [ 2661810.362783817574382, -258539.432315631769598 ], [ 2661546.338099997490644, -258550.772999997250736 ], [ 2659903.036569160409272, -257229.891340374015272 ], [ 2659672.620399996638298, -257044.683400003239512 ], [ 2659239.166800004430115, -257069.103400001302361 ], [ 2659115.840439850464463, -257065.677661254070699 ], [ 2658843.986583513207734, -257058.126150878146291 ], [ 2658626.504812503233552, -257052.084979078732431 ], [ 2658561.789594825357199, -257050.287330723367631 ], [ 2657715.163699999451637, -257026.769899999257177 ], [ 2656780.765000997111201, -256329.457469526212662 ], [ 2656296.994200000539422, -255968.434499994851649 ], [ 2655819.126706075854599, -255859.613190605305135 ], [ 2654325.080676161684096, -255519.384890225250274 ], [ 2654159.156599994748831, -255481.600200000219047 ], [ 2652887.875247719697654, -255596.130056917201728 ], [ 2651809.651900003664196, -255693.26729999948293 ], [ 2649853.613548331893981, -254359.604740702081472 ], [ 2649753.090009252540767, -254291.065961655694991 ], [ 2649149.444700011052191, -253879.489599999971688 ], [ 2648184.703100001439452, -253856.041099996771663 ], [ 2648305.362600001506507, -253757.415299997199327 ], [ 2648341.42720000538975, -253745.393799999728799 ], [ 2648379.617999999783933, -253679.149399997666478 ], [ 2648540.400300005450845, -253612.924200001172721 ], [ 2648633.443900007754564, -253574.602899991907179 ], [ 2648766.517000008374453, -253559.816999995149672 ], [ 2648941.935000001452863, -253613.725600002333522 ], [ 2648980.603600000962615, -253536.309799992013723 ], [ 2649243.862500003539026, -253507.233800000045449 ], [ 2649595.408099999651313, -253603.658099997788668 ] ] ] } },
{ "type": "Feature", "properties": { "ID": 680, "YEAR": "2011-2012", "Perimtr_KM": 11.9847559704, "AREA_KM": 2.8661483519400002, "SCALE": 1, "THICKNES_M": 75.485498428300005, "VOLUME_KM": 0.21635263692000001, "MASS_GT": 0.19839536805, "RECURRANCE": "2-3", "UA_KM": 0.05992377985, "UH_M": 6.2652963386499998, "UC_KM": 0.01655405185, "REGION": "East", "ICESHELF": "Shackleton" }, "geometry": { "type": "Polygon", "coordinates": [ [ [ 2588622.109800009056926, -223876.539499999489635 ], [ 2588821.409400006756186, -224003.573399997316301 ], [ 2588951.714299999177456, -224129.727699995506555 ], [ 2589256.864100000821054, -224129.12319999281317 ], [ 2589460.797300006262958, -224152.746299998834729 ], [ 2588797.012030331417918, -224502.106905850116163 ], [ 2588732.8590999962762, -224535.87159999134019 ], [ 2588696.53490911796689, -224523.922853676602244 ], [ 2587124.189199996180832, -224006.703899999614805 ], [ 2586277.520899998024106, -224154.87090000230819 ], [ 2585825.00262984354049, -224371.292685421649367 ], [ 2585303.852299995720387, -224620.538499997928739 ], [ 2584266.683499999344349, -224789.872100001666695 ], [ 2583936.73859999794513, -224560.494600004982203 ], [ 2584114.447700007818639, -224494.986299997661263 ], [ 2584150.911202379502356, -224462.196188147645444 ], [ 2584273.555800002068281, -224351.906999999191612 ], [ 2584402.742299997247756, -224174.634399996139109 ], [ 2584561.299800005741417, -224048.134299997240305 ], [ 2584631.689500002190471, -223997.16230000089854 ], [ 2584786.207400005310774, -223883.849199997726828 ], [ 2584823.140899999067187, -223869.64399999845773 ], [ 2585305.632100004702806, -223844.996299998369068 ], [ 2585384.90310000628233, -223840.592399992514402 ], [ 2585634.754599995911121, -223936.40160000231117 ], [ 2586121.600600007921457, -223914.388000002596527 ], [ 2586423.861500007100403, -223804.471500000916421 ], [ 2586677.464900000952184, -223562.602399999275804 ], [ 2587363.379799995571375, -223512.496100003365427 ], [ 2587515.892900005914271, -223513.822299998719245 ], [ 2588164.79169999808073, -223650.382700000889599 ], [ 2588492.149399995803833, -223787.85749999852851 ], [ 2588578.245299999602139, -223845.727400000672787 ], [ 2588622.109800009056926, -223876.539499999489635 ] ] ] } },
{ "type": "Feature", "properties": { "ID": 681, "YEAR": "2011-2012", "Perimtr_KM": 11.562758043900001, "AREA_KM": 3.6421779056600001, "SCALE": 1, "THICKNES_M": 223.798733051, "VOLUME_KM": 0.81511480083, "MASS_GT": 0.74746027236000001, "RECURRANCE": "4-5", "UA_KM": 0.05781379022, "UH_M": 18.575294751600001, "UC_KM": 0.06236786787, "REGION": "East", "ICESHELF": "Shackleton" }, "geometry": { "type": "Polygon", "coordinates": [ [ [ 2607946.47749999910593, -220073.714799993671477 ], [ 2608198.50461314432323, -220198.070638768840581 ], [ 2608204.066300007514656, -220200.814899992663413 ], [ 2608364.538899996317923, -220184.600600001402199 ], [ 2608878.440099997445941, -220247.732699999120086 ], [ 2609135.061000005342066, -220279.628399998880923 ], [ 2609392.350000008940697, -220374.970799994189292 ], [ 2609589.423353428021073, -220421.34098379034549 ], [ 2609664.837999995797873, -220439.085600000340492 ], [ 2609780.0530168088153, -220451.806177695281804 ], [ 2609930.746030232869089, -220468.443784829694778 ], [ 2609939.102500005625188, -220469.366400002967566 ], [ 2610310.362600007094443, -220466.766499997116625 ], [ 2610664.49080000538379, -220465.269699991680682 ], [ 2610922.620800003409386, -220495.656300001312047 ], [ 2611166.74619999807328, -220604.162500001955777 ], [ 2611343.368000008165836, -220700.02860000077635 ], [ 2611471.597600007429719, -220844.286899997852743 ], [ 2611489.929200002923608, -221050.357099995948374 ], [ 2611361.992200007662177, -221082.121800004970282 ], [ 2611169.55460000783205, -221178.387300000526011 ], [ 2610992.119699999690056, -221259.649900001008064 ], [ 2610815.803999999538064, -221291.707299997564405 ], [ 2610735.660500002093613, -221339.793499996419996 ], [ 2610734.004300000146031, -221343.519900002051145 ], [ 2610674.426700004376471, -221481.17079999903217 ], [ 2610643.287600005045533, -221608.482100000604987 ], [ 2610643.287599997594953, -221735.184279407840222 ], [ 2610643.287599997594953, -221736.711699992418289 ], [ 2610692.936200003139675, -221927.493600000627339 ], [ 2610758.595300006680191, -222030.661700000520796 ], [ 2610773.80530000757426, -222054.997599998954684 ], [ 2610773.943900004960597, -222055.240199999883771 ], [ 2610837.920099999755621, -222167.198600004427135 ], [ 2610857.178699997253716, -222292.012299998197705 ], [ 2609816.391302205622196, -221221.488048293162137 ], [ 2609560.900800009258091, -220958.697800001595169 ], [ 2608980.029257944785058, -221022.529841236770153 ], [ 2608885.019017306156456, -221032.970527615398169 ], [ 2608441.589699578471482, -221081.6990268509835 ], [ 2608147.971348843537271, -221113.964781520888209 ], [ 2608012.981480264104903, -221128.798833856824785 ], [ 2607739.624825045466423, -221158.838028450030833 ], [ 2607634.730300009250641, -221170.364899993874133 ], [ 2607543.955345692113042, -221053.476626354269683 ], [ 2607036.67830000538379, -220400.270699999295175 ], [ 2607142.534500007517636, -220412.825300003401935 ], [ 2607163.455419934354722, -220398.878034552559257 ], [ 2607169.431837893091142, -220394.893760058563203 ], [ 2607212.52127593010664, -220366.167497904039919 ], [ 2607223.166003125719726, -220359.071020485833287 ], [ 2607238.706800014711916, -220348.710499997250736 ], [ 2607350.907700001262128, -220300.624400002881885 ], [ 2607458.263599996455014, -220239.075599994044751 ], [ 2607487.913900001905859, -220251.802200000267476 ], [ 2607544.985600004903972, -220186.690100001171231 ], [ 2607553.650291131809354, -220178.025402874220163 ], [ 2607557.768205338157713, -220173.907485818024725 ], [ 2607665.799260245636106, -220065.87635609600693 ], [ 2607689.3986, -220042.277000001631677 ], [ 2607946.47749999910593, -220073.714799993671477 ] ] ] } },
{ "type": "Feature", "properties": { "ID": 682, "YEAR": "2011-2012", "Perimtr_KM": 29.369967767, "AREA_KM": 17.7995330123, "SCALE": 2, "THICKNES_M": 283.15810800600002, "VOLUME_KM": 5.0400820911500004, "MASS_GT": 4.6217552775900002, "RECURRANCE": "1-2", "UA_KM": 0.14684983883, "UH_M": 23.502122848599999, "UC_KM": 0.38563791704, "REGION": "East", "ICESHELF": "Helen" }, "geometry": { "type": "Polygon", "coordinates": [ [ [ 2583480.556500002741814, -171897.883699996396899 ], [ 2583435.974100003950298, -172374.546100005041808 ], [ 2583432.974000004120171, -172428.558300003409386 ], [ 2583426.049199995584786, -172489.734199998900294 ], [ 2583589.080600000917912, -172557.274799995590001 ], [ 2583622.064000004902482, -172713.313199998345226 ], [ 2583590.507400001399219, -173032.420599998906255 ], [ 2582658.225800001062453, -173509.413499997463077 ], [ 2582322.834400005638599, -173982.765199993737042 ], [ 2582179.961900005117059, -174056.395499999634922 ], [ 2581899.087799999862909, -174160.953899991698563 ], [ 2581727.822100000455976, -174220.018599999602884 ], [ 2581668.636000007390976, -174375.376999999862164 ], [ 2581555.278500001877546, -174584.906700000632554 ], [ 2581433.154699999839067, -174691.001799997873604 ], [ 2581123.771000001579523, -174872.155900003854185 ], [ 2580923.156100001186132, -174928.512400002684444 ], [ 2580920.921400004066527, -174929.020299998577684 ], [ 2580341.04950000718236, -175011.862599994987249 ], [ 2580283.767699998803437, -175616.562499993015081 ], [ 2580399.227300003170967, -175981.388500003609806 ], [ 2580451.842000001110137, -176137.14689999492839 ], [ 2580476.838500007987022, -176384.638300003949553 ], [ 2580685.170800002291799, -176496.879999992437661 ], [ 2580727.879100005142391, -176854.889199996832758 ], [ 2580625.962299996055663, -177133.121800004970282 ], [ 2580615.522700016386807, -177139.70690000243485 ], [ 2580581.063200000673532, -177161.992200001142919 ], [ 2580535.344754504971206, -177322.498947944957763 ], [ 2580529.354720637202263, -177343.528553085401654 ], [ 2580523.607300006784499, -177363.706399998627603 ], [ 2580531.258299997076392, -177435.508100002072752 ], [ 2580554.117499996908009, -177621.712800002656877 ], [ 2580506.888200003653765, -177703.003200001083314 ], [ 2580374.813300003297627, -177720.87359999679029 ], [ 2580077.3926, -177777.863699996378273 ], [ 2580074.607700008898973, -177809.144099998753518 ], [ 2580023.830300003290176, -177807.999499997589737 ], [ 2579986.953399999067187, -177980.503799997735769 ], [ 2579913.887100008316338, -178197.828499996569008 ], [ 2579866.453303778544068, -178230.213864184916019 ], [ 2579711.79239999782294, -178335.808400000445545 ], [ 2579560.600400006398559, -178711.402200000360608 ], [ 2579423.5767, -179056.798899998422712 ], [ 2579373.898000003769994, -179257.541499996557832 ], [ 2579333.57320000231266, -179419.290399996098131 ], [ 2579178.637899999506772, -179782.598899999633431 ], [ 2579073.405499996617436, -179823.667599991429597 ], [ 2578861.848400000482798, -179907.044000001158565 ], [ 2578591.068799999542534, -179793.134599995799363 ], [ 2578225.944400010630488, -179789.598999998532236 ], [ 2578197.412400004453957, -179895.82410000031814 ], [ 2578145.026200012303889, -180089.93069999711588 ], [ 2578120.478627755306661, -179230.765181001275778 ], [ 2578079.922600008547306, -177811.303400000557303 ], [ 2577762.422000001184642, -176647.134399997536093 ], [ 2577858.439841298386455, -176557.878376998007298 ], [ 2578004.42632248532027, -176422.172631626017392 ], [ 2578278.698421045206487, -176167.215465267654508 ], [ 2578727.816690363921225, -175749.725236008875072 ], [ 2579549.508627838455141, -174985.898914999794215 ], [ 2579640.967400004155934, -174900.880900000222027 ], [ 2579523.004560272209346, -174888.012228490319103 ], [ 2578768.182200002484024, -174805.667983271647245 ], [ 2578610.877293881960213, -174788.507450614590198 ], [ 2578551.290128144435585, -174782.007033502217382 ], [ 2578363.654325224459171, -174761.537676229607314 ], [ 2578185.756100001744926, -174742.130600003991276 ], [ 2578591.544767457060516, -174133.447675512637943 ], [ 2578714.923900005407631, -173948.379000003449619 ], [ 2578668.841501427814364, -173925.960538500454277 ], [ 2578481.221878813579679, -173834.686138373799622 ], [ 2577997.571944764815271, -173599.397009305190295 ], [ 2577916.997359172441065, -173560.198566932696849 ], [ 2577735.963599996641278, -173472.128099993802607 ], [ 2577980.411281362175941, -172976.446426532696933 ], [ 2578093.093879375606775, -172747.952957341913134 ], [ 2578202.954000003635883, -172525.182799999136478 ], [ 2578249.950600002892315, -172957.437600000761449 ], [ 2578274.526500001549721, -172959.436299996450543 ], [ 2578252.304100011475384, -173015.155600001104176 ], [ 2578466.719400003552437, -173089.256900002714247 ], [ 2578747.816566514782608, -173079.283318761270493 ], [ 2578807.412110548466444, -173077.168815059587359 ], [ 2578959.471800003200769, -173071.773599999025464 ], [ 2578999.474300002679229, -173069.420599993783981 ], [ 2579022.892379334196448, -173070.099189311265945 ], [ 2579342.175299999304116, -173079.351099994964898 ], [ 2579361.066889889538288, -173079.742137191817164 ], [ 2579593.433700006455183, -173084.551899992395192 ], [ 2579855.373855906538665, -173089.989882347173989 ], [ 2579876.082400005310774, -173090.419799999799579 ], [ 2580160.150399997830391, -173110.897199997678399 ], [ 2580320.768099999055266, -173350.996999997645617 ], [ 2580807.489300000481308, -173297.050799997989088 ], [ 2580886.855900001712143, -173297.827700000721961 ], [ 2581025.329900000244379, -173271.554600002709776 ], [ 2581080.553400004282594, -173152.216299999505281 ], [ 2581085.290800006128848, -173128.289599992334843 ], [ 2581110.575500004924834, -173106.165500001050532 ], [ 2581182.16340000461787, -172970.462699996773154 ], [ 2581335.504099999554455, -172849.17939999839291 ], [ 2581662.543100003153086, -172746.542299994267523 ], [ 2581814.477399997413158, -172610.63669999781996 ], [ 2581876.447599997743964, -172580.723900000564754 ], [ 2582048.45299999974668, -172472.833199993241578 ], [ 2582165.137299997732043, -172308.062800000887364 ], [ 2582227.242699997499585, -172278.014800004195422 ], [ 2582435.726500008255243, -172261.875500002410263 ], [ 2582498.220500003546476, -172261.89330000244081 ], [ 2582644.04600000847131, -172261.929099998436868 ], [ 2582784.785600006580353, -172201.332999998237938 ], [ 2582878.271499997004867, -172078.189299993682653 ], [ 2582936.197900010272861, -172001.834599999710917 ], [ 2583009.208600006066263, -171896.76659999974072 ], [ 2583105.536899997852743, -171896.610500002745539 ], [ 2583132.368600000627339, -171896.493299999739975 ], [ 2583151.988100006245077, -171866.187999999150634 ], [ 2583419.984299998730421, -171790.536199998110533 ], [ 2583480.556500002741814, -171897.883699996396899 ] ] ] } },
{ "type": "Feature", "properties": { "ID": 683, "YEAR": "2011-2012", "Perimtr_KM": 5.92516249079, "AREA_KM": 1.8202134214500001, "SCALE": 1, "THICKNES_M": 145.660341899, "VOLUME_KM": 0.2651329093, "MASS_GT": 0.24312687783, "RECURRANCE": "1-2", "UA_KM": 0.02962581245, "UH_M": 12.089808318, "UC_KM": 0.02028643602, "REGION": "East", "ICESHELF": "Helen" }, "geometry": { "type": "Polygon", "coordinates": [ [ [ 2577822.764127208851278, -168772.598254390526563 ], [ 2577837.185791006311774, -168775.531256597489119 ], [ 2577842.519999999552965, -168776.616099994629622 ], [ 2577941.908600000664592, -168885.600700001232326 ], [ 2578041.437099998816848, -168883.5442999987863 ], [ 2578044.958961266092956, -168885.845303750131279 ], [ 2578183.2889, -168976.222999999299645 ], [ 2578349.140699997544289, -169072.16209999518469 ], [ 2578417.183100007474422, -169141.605999997351319 ], [ 2578404.070899999700487, -169256.930899998638779 ], [ 2578481.523400000296533, -169339.765399999450892 ], [ 2578516.826099997386336, -169432.692300000693649 ], [ 2578582.878500008955598, -169462.812099998816848 ], [ 2578592.311500003561378, -169462.748300002422184 ], [ 2578663.011589582078159, -169474.76563036441803 ], [ 2578704.236675809137523, -169481.772912575863302 ], [ 2578761.878800000995398, -169491.570700002834201 ], [ 2578797.751500005833805, -169498.116900000255555 ], [ 2578751.299400001764297, -169647.022700003348291 ], [ 2578715.665124764665961, -169688.890024815220386 ], [ 2578659.663500000722706, -169754.687300002202392 ], [ 2578628.585950731299818, -169773.561164706945419 ], [ 2578578.026799998246133, -169804.266499997116625 ], [ 2578547.596695852465928, -169817.545559113379568 ], [ 2578492.710600002668798, -169841.496699996758252 ], [ 2578467.828500001691282, -169853.631799997296184 ], [ 2578428.797699347138405, -169871.651013453025371 ], [ 2578376.462172308936715, -169895.812573477625847 ], [ 2578342.633800005540252, -169911.430000002961606 ], [ 2578352.574047832749784, -169920.16419162787497 ], [ 2578379.725622745230794, -169944.021449761465192 ], [ 2578402.357400009408593, -169963.907299992628396 ], [ 2578451.693434253334999, -169967.58504366222769 ], [ 2578516.9182402594015, -169972.447212286293507 ], [ 2578562.983613910153508, -169975.881145292893052 ], [ 2578584.467409127391875, -169977.482650015503168 ], [ 2578655.941900012083352, -169982.810699999332428 ], [ 2578670.080400013364851, -169982.641599998809397 ], [ 2578670.110099883750081, -169993.651600833982229 ], [ 2578670.154900006949902, -170010.259399991482496 ], [ 2578651.102443401701748, -170180.846802688203752 ], [ 2578646.842900009825826, -170218.984900001902133 ], [ 2578568.783200000412762, -170278.34250000026077 ], [ 2578561.203741337172687, -170279.745125064626336 ], [ 2578450.772499997168779, -170300.181099991779774 ], [ 2578345.375099997967482, -170309.40630000224337 ], [ 2578204.5050999969244, -170306.017999992705882 ], [ 2578038.891200001351535, -170391.488299999851733 ], [ 2577989.901591528207064, -170401.624877510592341 ], [ 2577927.150327950716019, -170414.608917735051364 ], [ 2577897.41760000679642, -170420.761000001337379 ], [ 2577896.49872131459415, -170420.033246834296733 ], [ 2577838.711143429391086, -170374.265406962949783 ], [ 2577755.218500002287328, -170308.139120401348919 ], [ 2577206.795800006948411, -169873.787599998060614 ], [ 2577212.778712899424136, -169752.633803715463728 ], [ 2577236.00936309248209, -169282.213874332141131 ], [ 2577239.997862043790519, -169201.446897063869983 ], [ 2577251.168637146241963, -168975.239055628888309 ], [ 2577260.377399999648333, -168788.761899998877198 ], [ 2577310.439075290225446, -168798.880722869187593 ], [ 2577427.861100004985929, -168822.614899998065084 ], [ 2577432.704456370323896, -168821.082106796558946 ], [ 2577521.661099997349083, -168792.929699991829693 ], [ 2577663.944899994879961, -168746.818100003059953 ], [ 2577696.002300004474819, -168746.818100003059953 ], [ 2577822.764127208851278, -168772.598254390526563 ] ] ] } },
{ "type": "Feature", "properties": { "ID": 684, "YEAR": "2011-2012", "Perimtr_KM": 17.3796394451, "AREA_KM": 6.0023946167100002, "SCALE": 1, "THICKNES_M": 220.83067067499999, "VOLUME_KM": 1.32551282886, "MASS_GT": 1.2154952640700001, "RECURRANCE": "1-2", "UA_KM": 0.08689819723, "UH_M": 18.328945575599999, "UC_KM": 0.10142057155, "REGION": "East", "ICESHELF": "Helen" }, "geometry": { "type": "Polygon", "coordinates": [ [ [ 2574445.996399997733533, -166621.20529999723658 ], [ 2574482.290818170644343, -166668.328244790900499 ], [ 2574510.301900001242757, -166704.696499998681247 ], [ 2574601.997605428099632, -166889.884599996265024 ], [ 2574652.763600008562207, -166992.411299992818385 ], [ 2574650.81599999871105, -166999.422500000800937 ], [ 2574487.329600008204579, -167002.621899996418506 ], [ 2574416.352800003252923, -167030.213899997528642 ], [ 2574364.30910000577569, -167045.498799996916205 ], [ 2574323.585200008004904, -167134.308900000527501 ], [ 2574341.204999997280538, -167136.826000000350177 ], [ 2574554.141399995423853, -167160.211899996269494 ], [ 2574596.440999996848404, -167185.7986000017263 ], [ 2574625.293599999509752, -167265.375399998854846 ], [ 2574693.284300001338124, -167325.614300002343953 ], [ 2574714.696600014343858, -167352.288099997676909 ], [ 2574723.806099996902049, -167439.350899994838983 ], [ 2574803.506800002418458, -167445.136599997989833 ], [ 2574837.834399998188019, -167449.215326896868646 ], [ 2574841.710699998773634, -167449.675899998750538 ], [ 2574911.0307, -167448.87219999730587 ], [ 2574988.380000008270144, -167447.264999997802079 ], [ 2575052.180100004188716, -167451.307199997361749 ], [ 2575096.777199999429286, -167419.011300004087389 ], [ 2575096.777199999429286, -167405.593500002287328 ], [ 2575139.271000013686717, -167399.375899999868125 ], [ 2575124.173300001770258, -167245.974000002723187 ], [ 2575097.877600007690489, -167202.530499999877065 ], [ 2575103.590100003406405, -167118.75539999967441 ], [ 2575105.176199996843934, -167106.066799991764128 ], [ 2575134.689400001429021, -167076.5536999986507 ], [ 2575158.061600000597537, -167065.719599996693432 ], [ 2575275.850999998860061, -167015.535599998664111 ], [ 2575398.763200004585087, -167117.025200000498444 ], [ 2575429.710600007325411, -167175.671900001354516 ], [ 2575436.169700006023049, -167191.819599999580532 ], [ 2575437.716800001449883, -167192.59319999627769 ], [ 2575475.226700005121529, -167200.848699995316565 ], [ 2575627.144500000402331, -167241.275299998465925 ], [ 2575630.514100007712841, -167239.029000002890825 ], [ 2575721.423400008119643, -167179.05379999987781 ], [ 2575773.366300004534423, -167274.175299996044487 ], [ 2575777.333200000226498, -167283.431100000627339 ], [ 2575819.03660000488162, -167402.014699998311698 ], [ 2575926.076799996197224, -167407.175500005017966 ], [ 2575987.29326284211129, -167386.557410828769207 ], [ 2575998.858399998396635, -167382.662199993152171 ], [ 2576047.403200003318489, -167365.992600002326071 ], [ 2576048.622599998489022, -167359.89539999794215 ], [ 2576050.306739539839327, -167349.421056347899139 ], [ 2576059.972, -167289.308900001458824 ], [ 2576137.205684115178883, -167298.208043209277093 ], [ 2576231.719799998216331, -167309.098299998324364 ], [ 2576232.459800006821752, -167309.165499999187887 ], [ 2576415.050512777641416, -167265.509303140453994 ], [ 2576423.418479102663696, -167263.508579335641116 ], [ 2576446.874099999666214, -167257.900500000920147 ], [ 2576565.927100005559623, -167280.24359999736771 ], [ 2576559.873100001364946, -167247.181899996474385 ], [ 2576546.009163158014417, -167188.977516828104854 ], [ 2576537.726700000464916, -167154.205599993932992 ], [ 2576587.843799998052418, -167082.011199998669326 ], [ 2576706.4994, -167055.207999993115664 ], [ 2576730.126500004902482, -167051.929399998858571 ], [ 2576766.43520000576973, -167067.867099997121841 ], [ 2576820.699400008656085, -167097.723800002131611 ], [ 2576836.28670000564307, -167218.257100000511855 ], [ 2576878.500900000333786, -167205.634300002362579 ], [ 2576870.715299998410046, -167247.943299999926239 ], [ 2576983.784000004641712, -167247.075399996712804 ], [ 2577053.747224331833422, -167234.564448636490852 ], [ 2577061.860599998384714, -167233.113600002601743 ], [ 2577073.201900010928512, -167154.67559999646619 ], [ 2577075.811199999414384, -167155.048299999907613 ], [ 2577204.604200004599988, -167154.484800001606345 ], [ 2577382.187400000169873, -167169.246200000401586 ], [ 2577543.845600000582635, -167151.846299996599555 ], [ 2577577.985000002197921, -167151.477599998936057 ], [ 2577604.792000004090369, -167156.666099998634309 ], [ 2577792.00110000744462, -167439.631099995225668 ], [ 2577788.989200006239116, -167451.678600000683218 ], [ 2577762.274100013077259, -167542.508500000461936 ], [ 2577727.840727206319571, -167642.956424346659333 ], [ 2577720.698249866254628, -167663.792228819802403 ], [ 2577703.749800003133714, -167713.233699996490031 ], [ 2577751.688834657892585, -167716.619332081638277 ], [ 2577777.823131731711328, -167718.465032880660146 ], [ 2577883.40620000846684, -167725.921700003091246 ], [ 2577807.994340192526579, -167747.34114631684497 ], [ 2577771.468800006434321, -167757.715600001160055 ], [ 2577825.114216566085815, -167763.726154323667288 ], [ 2577890.376600001007318, -167771.038299999199808 ], [ 2577888.602523819543421, -167824.489234606269747 ], [ 2577880.311699997633696, -168074.282500001601875 ], [ 2577878.736817038618028, -168099.704349742271006 ], [ 2577876.154200003482401, -168141.393099993932992 ], [ 2577857.708100002259016, -168184.394699999596924 ], [ 2577820.700633359141648, -168225.692421918734908 ], [ 2577719.444699998013675, -168338.686900000087917 ], [ 2577712.363733388483524, -168357.229524940717965 ], [ 2577670.237217176705599, -168467.544434327166528 ], [ 2577660.029900003224611, -168494.27389999711886 ], [ 2577549.901199999265373, -168588.373900003265589 ], [ 2577377.760800007730722, -168664.342099999077618 ], [ 2577374.712271020747721, -168665.228108669165522 ], [ 2577299.266528340056539, -168687.155268459580839 ], [ 2577219.589799996465445, -168710.312099998351187 ], [ 2577174.522300014272332, -168771.408200001344085 ], [ 2577118.212598913349211, -168755.756241684779525 ], [ 2577065.771100007928908, -168741.179496665485203 ], [ 2577040.924387522041798, -168734.273054250515997 ], [ 2577025.154412062838674, -168729.889600000344217 ], [ 2576981.613994992338121, -168717.787017676047981 ], [ 2576312.624899994581938, -168531.833456847351044 ], [ 2576095.543600000441074, -168471.493099991697818 ], [ 2575544.927121258340776, -168153.829722241964191 ], [ 2575407.625600004568696, -168074.617299998179078 ], [ 2574986.769009821116924, -167915.627023171167821 ], [ 2574785.770353521220386, -167839.69419295527041 ], [ 2574604.817698359489441, -167771.334296952933073 ], [ 2574216.998199997469783, -167624.824699995107949 ], [ 2574210.310877183452249, -167626.411522313021123 ], [ 2574012.288100002333522, -167673.399976623710245 ], [ 2573395.84914359357208, -167819.67362328665331 ], [ 2572655.953400000929832, -167995.242099997587502 ], [ 2572620.314933823421597, -167954.120789676439017 ], [ 2572311.994400003924966, -167598.366300004068762 ], [ 2572457.91791972797364, -167312.725399998482317 ], [ 2572698.699091368354857, -166841.40349999582395 ], [ 2572851.454900003969669, -166542.388599995989352 ], [ 2573029.182400001212955, -166710.119199995417148 ], [ 2573037.520778698846698, -166811.427499996498227 ], [ 2573040.420699995942414, -166846.660500003490597 ], [ 2573165.81850000564009, -166849.492400004062802 ], [ 2573169.777900006622076, -166877.590400000102818 ], [ 2573328.231200002133846, -166879.424099999014288 ], [ 2573353.427999998442829, -166754.17449999274686 ], [ 2573434.287900002673268, -166743.724399992264807 ], [ 2573524.69800001103431, -166728.420399999711663 ], [ 2573678.902400007471442, -166833.298300004098564 ], [ 2573679.645599998533726, -166727.231500001158565 ], [ 2573694.657500004395843, -166732.056799998506904 ], [ 2573692.234799615107477, -166690.643010100349784 ], [ 2573688.751800001598895, -166631.10440000006929 ], [ 2573707.690500001423061, -166626.895799998659641 ], [ 2573795.186088176444173, -166605.864185580052435 ], [ 2573836.004599997773767, -166596.052499990910292 ], [ 2573860.309217172674835, -166611.784469356760383 ], [ 2573941.492899999022484, -166664.333300000056624 ], [ 2573943.188400005921721, -166637.227299997583032 ], [ 2573942.5142, -166623.55040000192821 ], [ 2573942.591134031303227, -166619.264642762951553 ], [ 2573943.205800001509488, -166585.023499996867031 ], [ 2573920.727700001560152, -166499.241400002036244 ], [ 2573751.418399999849498, -166419.422699996270239 ], [ 2573790.332299998961389, -166226.537800001446158 ], [ 2574249.983500003814697, -166389.913399999495596 ], [ 2574426.502200004644692, -166598.315099997445941 ], [ 2574445.996399997733533, -166621.20529999723658 ] ] ] } },
{ "type": "Feature", "properties": { "ID": 689, "YEAR": "2011-2012", "Perimtr_KM": 5.4486580632899999, "AREA_KM": 1.42158963667, "SCALE": 1, "THICKNES_M": 168.31380208300001, "VOLUME_KM": 0.23927315675, "MASS_GT": 0.21941348474, "RECURRANCE": ">8", "UA_KM": 0.02724329032, "UH_M": 13.970045504, "UC_KM": 0.01830779739, "REGION": "East", "ICESHELF": "West" }, "geometry": { "type": "Polygon", "coordinates": [ [ [ 2519374.746700007468462, 276176.703000000678003 ], [ 2519423.828299998305738, 275237.720100006088614 ], [ 2518516.885300006717443, 275474.762000008951873 ], [ 2518516.885300006717443, 276202.367600004188716 ], [ 2518125.689100001938641, 277222.879399994853884 ], [ 2518837.823600003495812, 277037.610800005029887 ], [ 2519374.746700007468462, 276176.703000000678003 ] ] ] } },
{ "type": "Feature", "properties": { "ID": 690, "YEAR": "2011-2012", "Perimtr_KM": 16.7012286402, "AREA_KM": 15.307025936200001, "SCALE": 2, "THICKNES_M": 245.21256600699999, "VOLUME_KM": 3.7534751077499999, "MASS_GT": 3.4419366738099999, "RECURRANCE": ">8", "UA_KM": 0.0835061432, "UH_M": 20.352642878200001, "UC_KM": 0.28719419565999998, "REGION": "East", "ICESHELF": "West" }, "geometry": { "type": "Polygon", "coordinates": [ [ [ 2512590.230600004084408, 285560.431500013452023 ], [ 2513331.102200004272163, 284344.339700000360608 ], [ 2513447.562200005166233, 284255.456799995619804 ], [ 2512266.091600004583597, 284536.759300011675805 ], [ 2511736.923800000920892, 284206.029499995987862 ], [ 2510744.734300004318357, 284272.175400002859533 ], [ 2509653.325900000520051, 285165.146000000648201 ], [ 2508363.479600000195205, 286884.941100000403821 ], [ 2508305.937500002793968, 289272.936200014781207 ], [ 2508972.933100005611777, 289273.731600003316998 ], [ 2509698.695300005376339, 289092.718000003136694 ], [ 2510605.123899998143315, 288684.321600003167987 ], [ 2511103.29050000756979, 288275.712300001643598 ], [ 2511601.302600007504225, 287730.932200006209314 ], [ 2512099.332800000905991, 287276.847800004761666 ], [ 2512462.80250000488013, 286948.329699997790158 ], [ 2512590.230600004084408, 285560.431500013452023 ] ] ] } },
{ "type": "Feature", "properties": { "ID": 691, "YEAR": "2011-2012", "Perimtr_KM": 9.1098565315899993, "AREA_KM": 3.5654977366099998, "SCALE": 1, "THICKNES_M": 398.20254952599998, "VOLUME_KM": 1.41979028905, "MASS_GT": 1.30194769506, "RECURRANCE": "5-6", "UA_KM": 0.04554928266, "UH_M": 33.050811447699999, "UC_KM": 0.10863413726, "REGION": "East", "ICESHELF": "West" }, "geometry": { "type": "Polygon", "coordinates": [ [ [ 2538174.646800002083182, 333144.363199996761978 ], [ 2538132.873100006952882, 333134.070900005288422 ], [ 2538007.037700013257563, 333190.802100000437349 ], [ 2537530.948199999518692, 333405.440800002310425 ], [ 2537258.333200007677078, 333528.345700002275407 ], [ 2538406.977200006134808, 334063.330600006971508 ], [ 2538883.228100002743304, 335068.749200008809566 ], [ 2539888.646800002083182, 335174.582800007425249 ], [ 2541085.213200005702674, 334594.803200003225356 ], [ 2540411.208000002428889, 334370.13479999313131 ], [ 2540059.57740000449121, 333804.46830000448972 ], [ 2539816.129900008440018, 333723.319099997170269 ], [ 2539614.283699999563396, 333607.978400002233684 ], [ 2539324.513000005856156, 333442.395200005732477 ], [ 2538726.165500004775822, 333280.248499996960163 ], [ 2538174.646800002083182, 333144.363199996761978 ] ] ] } },
{ "type": "Feature", "properties": { "ID": 692, "YEAR": "2011-2012", "Perimtr_KM": 9.4229075577200003, "AREA_KM": 4.3064358412599999, "SCALE": 1, "THICKNES_M": 373.219994681, "VOLUME_KM": 1.60724796177, "MASS_GT": 1.47384638094, "RECURRANCE": "5-6", "UA_KM": 0.04711453779, "UH_M": 30.977259405800002, "UC_KM": 0.12297731365, "REGION": "East", "ICESHELF": "West" }, "geometry": { "type": "Polygon", "coordinates": [ [ [ 2546101.623800003901124, 335500.841800003312528 ], [ 2545836.0709000043571, 334822.206699998117983 ], [ 2544735.374100001528859, 334645.309000014327466 ], [ 2543988.472700008191168, 334586.343100001569837 ], [ 2543954.359800004400313, 334610.222100005950779 ], [ 2543595.366700009442866, 334861.517300008796155 ], [ 2542180.185000004246831, 335097.380899998825043 ], [ 2542017.5257000150159, 335008.657600006554276 ], [ 2542613.86060000769794, 335862.500799995847046 ], [ 2544333.655700007453561, 336259.376600002869964 ], [ 2546101.623800003901124, 335500.841800003312528 ] ] ] } },
{ "type": "Feature", "properties": { "ID": 693, "YEAR": "2011-2012", "Perimtr_KM": 6.2795646972199997, "AREA_KM": 1.46146983899, "SCALE": 1, "THICKNES_M": 402.41896362300002, "VOLUME_KM": 0.58812317797000002, "MASS_GT": 0.5393089542, "RECURRANCE": ">8", "UA_KM": 0.03139782349, "UH_M": 33.400773815999997, "UC_KM": 0.04499978239, "REGION": "East", "ICESHELF": "West" }, "geometry": { "type": "Polygon", "coordinates": [ [ [ 2552727.578700006939471, 341557.668500005733222 ], [ 2553065.062099998816848, 340410.224900005850941 ], [ 2553049.566300004720688, 340384.656799997668713 ], [ 2552558.1838000100106, 340463.27800000552088 ], [ 2552066.801200003363192, 340129.13790000602603 ], [ 2551904.634000002406538, 340036.470900001935661 ], [ 2551378.865700001828372, 339736.031900006812066 ], [ 2551300.547900005243719, 339579.396199996117502 ], [ 2552330.702900006435812, 341855.32530000153929 ], [ 2552727.578700006939471, 341557.668500005733222 ] ] ] } },
{ "type": "Feature", "properties": { "ID": 694, "YEAR": "2011-2012", "Perimtr_KM": 17.004677403700001, "AREA_KM": 6.2238134953399999, "SCALE": 1, "THICKNES_M": 384.75028170100001, "VOLUME_KM": 2.3946139955899999, "MASS_GT": 2.19586103395, "RECURRANCE": ">8", "UA_KM": 0.08502338702, "UH_M": 31.9342732237, "UC_KM": 0.18322200644, "REGION": "East", "ICESHELF": "West" }, "geometry": { "type": "Polygon", "coordinates": [ [ [ 2562343.836100009270012, 345646.518700005952269 ], [ 2561876.846500006504357, 345143.606800015550107 ], [ 2561876.8465, 344998.202000002842396 ], [ 2561876.8465, 344979.678600005339831 ], [ 2561796.175099997781217, 344905.376000001095235 ], [ 2561690.936400002799928, 344736.994100005831569 ], [ 2561338.012200003489852, 344497.005700006615371 ], [ 2560835.100300006568432, 344353.316500001121312 ], [ 2560144.535900012589991, 344102.202200000640005 ], [ 2560044.809999998658895, 344065.938300000503659 ], [ 2559218.597500002011657, 344209.627399994060397 ], [ 2558787.530099995434284, 344676.617100001312792 ], [ 2558320.540499999187887, 344604.772499999031425 ], [ 2558176.851300007663667, 344281.471999996807426 ], [ 2558338.258600002154708, 343947.89700000314042 ], [ 2558022.357300001196563, 343568.815500004217029 ], [ 2558008.4496, 343422.784600005485117 ], [ 2557530.250200005248189, 343706.715500003658235 ], [ 2556955.493700006045401, 344065.938300000503659 ], [ 2556632.193200003355742, 343491.181800007354468 ], [ 2556464.825799999758601, 344501.163900000043213 ], [ 2558085.401900009252131, 345327.988500013481826 ], [ 2559970.561999997124076, 345658.718300001695752 ], [ 2560777.57080000732094, 345226.34760000417009 ], [ 2563036.69310000911355, 346016.042400000151247 ], [ 2562343.836100009270012, 345646.518700005952269 ] ] ] } },
{ "type": "Feature", "properties": { "ID": 696, "YEAR": "2011-2012", "Perimtr_KM": 10.4235889209, "AREA_KM": 3.73175276549, "SCALE": 1, "THICKNES_M": 361.81047821, "VOLUME_KM": 1.3501872526400001, "MASS_GT": 1.23812171067, "RECURRANCE": "5-6", "UA_KM": 0.0521179446, "UH_M": 30.030269543399999, "UC_KM": 0.10330851568, "REGION": "East", "ICESHELF": "West" }, "geometry": { "type": "Polygon", "coordinates": [ [ [ 2575491.424600001424551, 351961.929 ], [ 2575317.89400000218302, 351632.220899997279048 ], [ 2575177.432000003755093, 351281.065900015644729 ], [ 2574957.195700009353459, 350865.063900007400662 ], [ 2574336.256900003179908, 350880.587400001473725 ], [ 2574041.427400001324713, 351096.795699995942414 ], [ 2573432.113100007176399, 351470.246399993076921 ], [ 2573311.863599997013807, 351553.898200006689876 ], [ 2572980.041100004687905, 351784.731199997477233 ], [ 2572488.658599996007979, 351627.488799995277077 ], [ 2572351.07149999588728, 351175.416900003794581 ], [ 2571894.108000000938773, 351056.209099994972348 ], [ 2571983.992199997417629, 352005.644200008362532 ], [ 2573809.62090000975877, 352164.394500005058944 ], [ 2574444.6222, 352918.458600003272295 ], [ 2575530.321399999782443, 352472.546400004997849 ], [ 2575419.546999999321997, 352112.529600004199892 ], [ 2575491.424600001424551, 351961.929 ] ] ] } },
{ "type": "Feature", "properties": { "ID": 700, "YEAR": "2011-2012", "Perimtr_KM": 5.8650181873499996, "AREA_KM": 1.2093810058900001, "SCALE": 1, "THICKNES_M": 307.343711853, "VOLUME_KM": 0.37169564739, "MASS_GT": 0.34084490866, "RECURRANCE": "4-5", "UA_KM": 0.02932509094, "UH_M": 25.509527958, "UC_KM": 0.02844000011, "REGION": "East", "ICESHELF": "West" }, "geometry": { "type": "Polygon", "coordinates": [ [ [ 2483633.569400008767843, 363625.881099995225668 ], [ 2482950.199600008316338, 362730.99210000410676 ], [ 2482738.532500002533197, 361804.948500000406057 ], [ 2482372.601300001144409, 361789.038499995134771 ], [ 2482285.391699998639524, 362374.781099996995181 ], [ 2482290.167300001718104, 362437.475700008682907 ], [ 2482218.997999995946884, 362547.766299998853356 ], [ 2482198.852100009098649, 362921.407700005918741 ], [ 2482534.796100003644824, 363386.875099996570498 ], [ 2482588.543000000528991, 363461.184800004120916 ], [ 2482809.03660000488162, 363166.246699997689575 ], [ 2482861.252400003373623, 363231.135500005446374 ], [ 2482936.378100009635091, 363405.650300002656877 ], [ 2482898.949399996548891, 363622.86290000192821 ], [ 2483633.569400008767843, 363625.881099995225668 ] ] ] } },
{ "type": "Feature", "properties": { "ID": 702, "YEAR": "2011-2012", "Perimtr_KM": 5.3339818789100004, "AREA_KM": 1.0361434711899999, "SCALE": 1, "THICKNES_M": 289.30649566699998, "VOLUME_KM": 0.29976303665999998, "MASS_GT": 0.27488270461999997, "RECURRANCE": "1-2", "UA_KM": 0.02666990939, "UH_M": 24.012439022, "UC_KM": 0.02293613298, "REGION": "East", "ICESHELF": "West" }, "geometry": { "type": "Polygon", "coordinates": [ [ [ 2427024.25353363994509, 370047.943284599110484 ], [ 2427104.427745187655091, 369946.645154796075076 ], [ 2427135.298200009390712, 369907.641100010834634 ], [ 2427308.761100010946393, 369890.29480000352487 ], [ 2427360.750109280459583, 369900.29735277639702 ], [ 2427694.760500004515052, 369964.560100001748651 ], [ 2427319.833507224917412, 369851.357890683226287 ], [ 2426170.502700003795326, 369504.338900010567158 ], [ 2425958.401351563632488, 369673.246885986998677 ], [ 2425632.775959677062929, 369932.560320490039885 ], [ 2425630.234870696440339, 369934.583929604850709 ], [ 2425309.161800004541874, 370190.272100008558482 ], [ 2426117.213400007225573, 370409.858600003644824 ], [ 2426186.019281976856291, 370409.858600003644824 ], [ 2426241.275100007653236, 370409.858600003644824 ], [ 2426784.142600006423891, 370351.317499993834645 ], [ 2427024.25353363994509, 370047.943284599110484 ] ] ] } },
{ "type": "Feature", "properties": { "ID": 706, "YEAR": "2011-2012", "Perimtr_KM": 10.5956473434, "AREA_KM": 2.34848120392, "SCALE": 1, "THICKNES_M": 314.21428527799998, "VOLUME_KM": 0.73792634298000004, "MASS_GT": 0.67667845651000003, "RECURRANCE": ">8", "UA_KM": 0.05297823672, "UH_M": 26.079785549499999, "UC_KM": 0.05646185373, "REGION": "East", "ICESHELF": "West" }, "geometry": { "type": "Polygon", "coordinates": [ [ [ 2496182.495999997481704, 377896.705200002528727 ], [ 2493930.42989999987185, 376595.186499998904765 ], [ 2492395.843500008806586, 375589.767800006084144 ], [ 2491666.368700005114079, 375878.804900000803173 ], [ 2491697.150800003670156, 375890.286999999079853 ], [ 2491889.397700006142259, 375884.687899996060878 ], [ 2492249.562800007872283, 376052.415700005367398 ], [ 2493075.374600001610816, 376476.908199993893504 ], [ 2493113.917300000786781, 376894.292300007306039 ], [ 2493605.459700002335012, 377326.868800010066479 ], [ 2495025.045200007967651, 377881.621000004932284 ], [ 2495199.634100006893277, 377813.308000000659376 ], [ 2495519.206700006499887, 377687.847000009380281 ], [ 2496182.495999997481704, 377896.705200002528727 ] ] ] } },
{ "type": "Feature", "properties": { "ID": 707, "YEAR": "2011-2012", "Perimtr_KM": 5.9716538805299999, "AREA_KM": 1.1742352067499999, "SCALE": 1, "THICKNES_M": 332.15169677699998, "VOLUME_KM": 0.39002421634000001, "MASS_GT": 0.35765220638, "RECURRANCE": "5-6", "UA_KM": 0.0298582694, "UH_M": 27.568590696499999, "UC_KM": 0.02984239615, "REGION": "East", "ICESHELF": "West" }, "geometry": { "type": "Polygon", "coordinates": [ [ [ 2503199.684500002302229, 377792.869400004856288 ], [ 2502653.763200004585087, 377726.293599998112768 ], [ 2502626.077800005674362, 377928.834000001661479 ], [ 2502636.99600000679493, 377968.867500014137477 ], [ 2503278.986400005407631, 378184.809799994342029 ], [ 2503304.795400008559227, 378442.90030001103878 ], [ 2503647.171500002034009, 378864.286200000438839 ], [ 2504200.240500007756054, 379628.048200003337115 ], [ 2504306.287100005894899, 379753.978500011377037 ], [ 2504533.187200007028878, 379211.038899997714907 ], [ 2504109.853000015951693, 378427.870700015686452 ], [ 2503199.684500002302229, 377792.869400004856288 ] ] ] } },
{ "type": "Feature", "properties": { "ID": 708, "YEAR": "2011-2012", "Perimtr_KM": 7.0714222696200002, "AREA_KM": 2.2945984177200001, "SCALE": 1, "THICKNES_M": 319.15821075399998, "VOLUME_KM": 0.7323399254, "MASS_GT": 0.67155571159000005, "RECURRANCE": "5-6", "UA_KM": 0.03535711135, "UH_M": 26.490131362, "UC_KM": 0.05603441339, "REGION": "East", "ICESHELF": "West" }, "geometry": { "type": "Polygon", "coordinates": [ [ [ 2505104.688299996778369, 380205.874199999030679 ], [ 2504642.05400000885129, 380176.959599995985627 ], [ 2504832.319400001317263, 380628.839700006414205 ], [ 2504832.319400001317263, 381260.918599999509752 ], [ 2505033.176000014878809, 381539.02779999608174 ], [ 2504969.425000005401671, 381873.720599999185652 ], [ 2505231.495700008235872, 382083.377100009471178 ], [ 2505388.738099996931851, 382528.897300007753074 ], [ 2506070.121800007298589, 382738.553800005000085 ], [ 2506183.413200002163649, 382744.677700015716255 ], [ 2506586.358000003732741, 382322.545100005343556 ], [ 2505104.688299996778369, 380205.874199999030679 ] ] ] } },
{ "type": "Feature", "properties": { "ID": 710, "YEAR": "2011-2012", "Perimtr_KM": 12.3923032799, "AREA_KM": 4.4732560189199999, "SCALE": 1, "THICKNES_M": 439.76858341000002, "VOLUME_KM": 1.96719746267, "MASS_GT": 1.80392007327, "RECURRANCE": ">8", "UA_KM": 0.0619615164, "UH_M": 36.500792243, "UC_KM": 0.1505185666, "REGION": "East", "ICESHELF": "Filchner" }, "geometry": { "type": "Polygon", "coordinates": [ [ [ -864538.522299997974187, 990771.434200014453381 ], [ -865513.115300001110882, 990679.775099995546043 ], [ -865601.393699996173382, 990715.336500008590519 ], [ -865995.048599995672703, 990830.760000002104789 ], [ -866164.766999997664243, 991589.361300010234118 ], [ -865175.259799999650568, 992211.795100011397153 ], [ -864737.123599997255951, 992035.918999995104969 ], [ -862978.369399999268353, 991788.304999998770654 ], [ -860589.092599996831268, 991781.918400007300079 ], [ -860740.59620000096038, 991630.414800009690225 ], [ -863199.179099998902529, 990968.579499996267259 ], [ -864630.617700000759214, 990860.761000002734363 ], [ -864538.522299997974187, 990771.434200014453381 ] ] ] } },
{ "type": "Feature", "properties": { "ID": 712, "YEAR": "2011-2012", "Perimtr_KM": 11.741475873800001, "AREA_KM": 4.7057217192299996, "SCALE": 1, "THICKNES_M": 533.22702165099997, "VOLUME_KM": 2.50921797706, "MASS_GT": 2.3009528849700001, "RECURRANCE": ">8", "UA_KM": 0.05870737937, "UH_M": 44.257842578800002, "UC_KM": 0.19199083994, "REGION": "East", "ICESHELF": "Filchner" }, "geometry": { "type": "Polygon", "coordinates": [ [ [ -823834.27500000083819, 1008585.712300005368888 ], [ -821225.6154999951832, 1008229.738300005439669 ], [ -820828.339999997522682, 1008539.454000002704561 ], [ -820678.323199994396418, 1008540.846499997191131 ], [ -819032.612799998838454, 1008535.795099998824298 ], [ -820780.129199997987598, 1007697.882200004067272 ], [ -822442.682299998123199, 1006867.220400013029575 ], [ -823501.403200000524521, 1007133.066200010012835 ], [ -824160.226599999703467, 1007434.379800005815923 ], [ -823834.27500000083819, 1008585.712300005368888 ] ] ] } },
{ "type": "Feature", "properties": { "ID": 714, "YEAR": "2011-2012", "Perimtr_KM": 8.8602653463200003, "AREA_KM": 1.66123253839, "SCALE": 1, "THICKNES_M": 238.71107737200001, "VOLUME_KM": 0.396554609, "MASS_GT": 0.36364057645999998, "RECURRANCE": "5-6", "UA_KM": 0.04430132673, "UH_M": 19.813019324199999, "UC_KM": 0.03034206401, "REGION": "East", "ICESHELF": "Jelbart" }, "geometry": { "type": "Polygon", "coordinates": [ [ [ -146138.985399998724461, 2147422.67080000275746 ], [ -147607.4712999984622, 2147215.167300015222281 ], [ -149644.766999997664243, 2148008.918900015298277 ], [ -150244.98769999993965, 2148670.386600002180785 ], [ -150233.544699997641146, 2148669.232300004456192 ], [ -148348.844099997077137, 2148010.302099997643381 ], [ -146597.075300002004951, 2147592.503600012045354 ], [ -146138.985399998724461, 2147422.67080000275746 ] ] ] } },
{ "type": "Feature", "properties": { "ID": 715, "YEAR": "2011-2012", "Perimtr_KM": 8.1938259862600002, "AREA_KM": 1.4968067093899999, "SCALE": 1, "THICKNES_M": 229.97193908700001, "VOLUME_KM": 0.3442235414, "MASS_GT": 0.31565298745999998, "RECURRANCE": ">8", "UA_KM": 0.04096912993, "UH_M": 19.0876708501, "UC_KM": 0.02633799353, "REGION": "East", "ICESHELF": "Ekstrom" }, "geometry": { "type": "Polygon", "coordinates": [ [ [ -192454.436000000219792, 2147744.335000000428408 ], [ -193335.919299998320639, 2146987.554000009316951 ], [ -192644.094300002790987, 2148317.780500004533678 ], [ -191552.103199995588511, 2149569.371800001244992 ], [ -190777.032800002023578, 2149745.940999994520098 ], [ -190566.953999998047948, 2149861.997700004372746 ], [ -192454.436000000219792, 2147744.335000000428408 ] ] ] } },
{ "type": "Feature", "properties": { "ID": 720, "YEAR": "2011-2012", "Perimtr_KM": 5.7919374652900002, "AREA_KM": 2.0336786085699998, "SCALE": 1, "THICKNES_M": 182.38671003100001, "VOLUME_KM": 0.37091595068, "MASS_GT": 0.34012992676999998, "RECURRANCE": ">8", "UA_KM": 0.02895968733, "UH_M": 15.138096857900001, "UC_KM": 0.02838034223, "REGION": "East", "ICESHELF": "Borchgrevink" }, "geometry": { "type": "Polygon", "coordinates": [ [ [ 741333.280200006905943, 2075237.048900000285357 ], [ 741280.363399997353554, 2075065.069300003815442 ], [ 739387.754700006451458, 2075269.807199996430427 ], [ 739390.46699999878183, 2076356.037100004497916 ], [ 740407.236700007691979, 2076348.301100006792694 ], [ 741227.446600001771003, 2075898.508500004652888 ], [ 741333.280200006905943, 2075237.048900000285357 ] ] ] } },
{ "type": "Feature", "properties": { "ID": 721, "YEAR": "2011-2012", "Perimtr_KM": 7.8447564211399996, "AREA_KM": 2.0564739654, "SCALE": 1, "THICKNES_M": 204.41556167600001, "VOLUME_KM": 0.42037528071000002, "MASS_GT": 0.38548413241000001, "RECURRANCE": "3-4", "UA_KM": 0.03922378211, "UH_M": 16.966491535399999, "UC_KM": 0.03216468397, "REGION": "East", "ICESHELF": "Vigrid" }, "geometry": { "type": "Polygon", "coordinates": [ [ [ 309153.54046414187178, 2180264.398997985292226 ], [ 309342.237394471652806, 2180241.174756824504584 ], [ 310110.457300005014986, 2180146.624600011389703 ], [ 310739.070899999234825, 2179984.491700003389269 ], [ 310145.622099637053907, 2179642.944397371727973 ], [ 309909.280100001487881, 2179506.922600004356354 ], [ 309602.456299998331815, 2179702.123700014781207 ], [ 309312.719128659926355, 2179661.263329465407878 ], [ 309054.730020517017692, 2179624.880249911453575 ], [ 307951.453000001143664, 2179469.289899996016175 ], [ 307378.010651626158506, 2179548.38545110123232 ], [ 307337.618400002364069, 2179553.956800009589642 ], [ 307313.993446034379303, 2179624.831686716061085 ], [ 307231.6527359331958, 2179871.853903467301279 ], [ 307147.118100000079721, 2180125.457900013308972 ], [ 307649.447483513504267, 2180185.73743488593027 ], [ 307923.819748728536069, 2180218.662111551035196 ], [ 308734.621200003195554, 2180315.958299993071705 ], [ 309153.54046414187178, 2180264.398997985292226 ] ] ] } },
{ "type": "Feature", "properties": { "ID": 722, "YEAR": "2011-2012", "Perimtr_KM": 12.128443497, "AREA_KM": 5.90135657158, "SCALE": 1, "THICKNES_M": 277.49954345700002, "VOLUME_KM": 1.6376237543900001, "MASS_GT": 1.5017009827800001, "RECURRANCE": "4-5", "UA_KM": 0.06064221748, "UH_M": 23.032461993399998, "UC_KM": 0.12530149353, "REGION": "East", "ICESHELF": "Vigrid" }, "geometry": { "type": "Polygon", "coordinates": [ [ [ 310785.055900008883327, 2175451.993899997789413 ], [ 310524.571800001896918, 2175249.908499999437481 ], [ 305853.614800004288554, 2175807.772900008130819 ], [ 305855.948800006881356, 2176082.616500006522983 ], [ 305792.448699996806681, 2176505.950700005050749 ], [ 305855.948800006881356, 2177204.452100005466491 ], [ 308607.620999997016042, 2176654.117599996272475 ], [ 310548.162100004497916, 2176339.101500002201647 ], [ 310785.055900008883327, 2175451.993899997789413 ] ] ] } },
{ "type": "Feature", "properties": { "ID": 723, "YEAR": "2011-2012", "Perimtr_KM": 6.2108620946100004, "AREA_KM": 2.29726099677, "SCALE": 1, "THICKNES_M": 136.947743734, "VOLUME_KM": 0.31460471027999998, "MASS_GT": 0.28849251931999997, "RECURRANCE": "3-4", "UA_KM": 0.03105431047, "UH_M": 11.366662673900001, "UC_KM": 0.02407173196, "REGION": "East", "ICESHELF": "Fimbul" }, "geometry": { "type": "Polygon", "coordinates": [ [ [ -57051.870599997229874, 2222796.0507 ], [ -58257.770200000610203, 2221458.859700006898493 ], [ -58981.31419999524951, 2222613.670300006400794 ], [ -58772.01946683274582, 2222843.356283488217741 ], [ -58220.267097393516451, 2223448.865001729223877 ], [ -57826.602600000798702, 2223880.883599998895079 ], [ -57051.870599997229874, 2222796.0507 ] ] ] } },
{ "type": "Feature", "properties": { "ID": 725, "YEAR": "2011-2012", "Perimtr_KM": 13.459574420199999, "AREA_KM": 9.3291146843600004, "SCALE": 1, "THICKNES_M": 195.69590137599999, "VOLUME_KM": 1.8256695072, "MASS_GT": 1.6741389381, "RECURRANCE": "3-4", "UA_KM": 0.0672978721, "UH_M": 16.242759734100002, "UC_KM": 0.1396896664, "REGION": "East", "ICESHELF": "Ainsworth" }, "geometry": { "type": "Polygon", "coordinates": [ [ [ 1338497.910299828276038, -2029075.583032986614853 ], [ 1338673.535999997518957, -2029274.787999991793185 ], [ 1338425.465117918327451, -2029632.429372620536014 ], [ 1338245.207100001163781, -2029892.305600000545382 ], [ 1337583.74749999679625, -2031082.933000001125038 ], [ 1335797.806399999186397, -2031413.662799996556714 ], [ 1333517.9767648531124, -2030828.301105448044837 ], [ 1333350.405699997209013, -2030785.276100000366569 ], [ 1333222.09323865454644, -2030036.729200001340359 ], [ 1333150.050400000996888, -2029616.446999999694526 ], [ 1335097.462300001643598, -2029402.843899996485561 ], [ 1338240.906100001186132, -2028784.073800002690405 ], [ 1338497.910299828276038, -2029075.583032986614853 ] ] ] } },
{ "type": "Feature", "properties": { "ID": 726, "YEAR": "2011-2012", "Perimtr_KM": 33.242455171800003, "AREA_KM": 24.802093807399999, "SCALE": 2, "THICKNES_M": 267.92216121799999, "VOLUME_KM": 6.6450305756099999, "MASS_GT": 6.0934930378300001, "RECURRANCE": "3-4", "UA_KM": 0.16621227586000001, "UH_M": 22.237539271399999, "UC_KM": 0.50843928799000004, "REGION": "East", "ICESHELF": "Ainsworth" }, "geometry": { "type": "Polygon", "coordinates": [ [ [ 1315954.01670000795275, -2027048.02909999853 ], [ 1316681.622400008141994, -2027808.7077 ], [ 1318957.331280455924571, -2028168.891818731790408 ], [ 1322072.518499997444451, -2028833.970099998172373 ], [ 1324058.425300003960729, -2029537.146999998483807 ], [ 1324768.411536796949804, -2030531.695982921402901 ], [ 1325106.416100000962615, -2031005.172900000587106 ], [ 1325447.679900013841689, -2031004.196899997070432 ], [ 1325511.131781501695514, -2031155.629386393819004 ], [ 1326173.568399998359382, -2032736.582100002560765 ], [ 1323726.167699997313321, -2032174.341400004690513 ], [ 1323097.781000007875264, -2031479.808800001628697 ], [ 1321344.912900009192526, -2031579.027700000908226 ], [ 1318996.731099999509752, -2030421.473299999255687 ], [ 1318732.147300003096461, -2029396.210900000762194 ], [ 1317550.259005104191601, -2029118.119533745571971 ], [ 1314254.073164702393115, -2028342.546387166483328 ], [ 1313671.980899997055531, -2028205.583500000182539 ], [ 1313081.040405849926174, -2028253.823530661873519 ], [ 1313077.287053434178233, -2028254.129926713649184 ], [ 1312930.719802102074027, -2028266.094597897259519 ], [ 1312051.404800001531839, -2028337.875399998622015 ], [ 1313393.713200005702674, -2027016.163699992932379 ], [ 1314429.55420000012964, -2027279.452699999790639 ], [ 1314592.730500007979572, -2026779.711100000189617 ], [ 1315954.01670000795275, -2027048.02909999853 ] ] ] } },
{ "type": "Feature", "properties": { "ID": 727, "YEAR": "2011-2012", "Perimtr_KM": 6.18075248333, "AREA_KM": 1.08299361107, "SCALE": 1, "THICKNES_M": 120.67795308399999, "VOLUME_KM": 0.13069345219, "MASS_GT": 0.11984589566000001, "RECURRANCE": "4-5", "UA_KM": 0.03090376242, "UH_M": 10.0162700566, "UC_KM": 0.0099999067, "REGION": "East", "ICESHELF": "Lazarev" }, "geometry": { "type": "Polygon", "coordinates": [ [ [ 504164.728200000710785, 2161147.136400006245822 ], [ 503610.892200005240738, 2160381.887099998537451 ], [ 503276.010000005364418, 2160276.3017000076361 ], [ 502805.200200007297099, 2160481.805800000671297 ], [ 502646.62520000571385, 2160551.022300000768155 ], [ 502260.63940001046285, 2161062.168000002857298 ], [ 502480.400200007483363, 2161293.564699994865805 ], [ 503013.024399996269494, 2161293.564699994865805 ], [ 503381.833099995739758, 2160539.183200008701533 ], [ 504052.394400001037866, 2161679.13749999506399 ], [ 504164.728200000710785, 2161147.136400006245822 ] ] ] } },
{ "type": "Feature", "properties": { "ID": 859, "YEAR": "2011-2012", "Perimtr_KM": 31.697368887700001, "AREA_KM": 34.074818815900002, "SCALE": 2, "THICKNES_M": 218.63606538600001, "VOLUME_KM": 7.44998431465, "MASS_GT": 6.8316356165299998, "RECURRANCE": ">8", "UA_KM": 0.15848684444, "UH_M": 18.146793337599998, "UC_KM": 0.57002969022000005, "REGION": "East", "ICESHELF": "Ekstrom" }, "geometry": { "type": "Polygon", "coordinates": [ [ [ -331124.585299998987466, 2105175.688000008929521 ], [ -333018.921000000555068, 2104521.890600001905113 ], [ -333790.066600000951439, 2104639.238899999763817 ], [ -335365.88569999486208, 2104203.374000007752329 ], [ -335919.098799999803305, 2105276.272200006525964 ], [ -333136.269299998413771, 2106600.63080000737682 ], [ -330688.7204, 2107807.641200001817197 ], [ -328760.856499997433275, 2109165.527899998705834 ], [ -325592.454199995845556, 2112082.469799998681992 ], [ -324418.971799999475479, 2112417.750399995129555 ], [ -325240.409499998670071, 2110339.010300001595169 ], [ -324959.407899998128414, 2109864.94370001507923 ], [ -325041.203699996694922, 2109096.569600003305823 ], [ -325201.854500001762062, 2108887.248000007588416 ], [ -325363.40850000269711, 2108737.579900006297976 ], [ -325334.100599999539554, 2108532.242300007026643 ], [ -325079.142800001427531, 2108324.872500001918525 ], [ -324894.51539999851957, 2108059.997000003699213 ], [ -325175.910999997984618, 2107116.974500002805144 ], [ -325230.793799998238683, 2107084.430800000671297 ], [ -325383.691799998283386, 2106851.77550001302734 ], [ -326046.966600002720952, 2106389.587800007779151 ], [ -327028.994799999054521, 2105988.888199997600168 ], [ -327906.922399999573827, 2105459.785500005353242 ], [ -328619.261499997228384, 2105235.719399995636195 ], [ -331124.585299998987466, 2105175.688000008929521 ] ] ] } },
{ "type": "Feature", "properties": { "ID": 2881, "YEAR": "2011-2012", "Perimtr_KM": 308.35150677799999, "AREA_KM": 2173.0746855000002, "SCALE": 4, "THICKNES_M": 302.29613388500002, "VOLUME_KM": 656.91207607000001, "MASS_GT": 602.38837375599996, "RECURRANCE": "5-6", "UA_KM": 1.54175753389, "UH_M": 25.090578988699999, "UC_KM": 50.263110820800001, "REGION": "West", "ICESHELF": "Thwaites" }, "geometry": { "type": "Polygon", "coordinates": [ [ [ -1591592.202100000111386, -461027.803300003055483 ], [ -1591406.99339999887161, -461821.55490000359714 ], [ -1591699.270399997476488, -462795.811500002164394 ], [ -1589740.11510000214912, -462800.515199998393655 ], [ -1588179.070299999089912, -462509.473000003490597 ], [ -1587717.855680485954508, -463138.505555462092161 ], [ -1586021.764932387508452, -465451.737297108862549 ], [ -1586006.951387941138819, -465471.940931510645896 ], [ -1584846.993861410999671, -466902.26635933900252 ], [ -1583309.391509135020897, -467940.14797013066709 ], [ -1581892.199199998984113, -468896.752799996640533 ], [ -1579987.195399998221546, -471833.633600003551692 ], [ -1579705.486421968555078, -473242.178490172605962 ], [ -1579063.830308507196605, -474033.394573295023292 ], [ -1577844.066100000636652, -474532.388999997638166 ], [ -1577819.966994659975171, -474591.43180748494342 ], [ -1577457.05432280851528, -475480.567844361998141 ], [ -1577291.612391951493919, -475885.900570790283382 ], [ -1577266.684437564108521, -475946.97405840922147 ], [ -1575331.339816071791574, -477137.730865256860852 ], [ -1574517.775785964680836, -477638.291280128993094 ], [ -1573093.217791284900159, -478514.777106002438813 ], [ -1572471.063207127852365, -478897.569295970723033 ], [ -1572149.357330820057541, -479095.504825265612453 ], [ -1569073.576080055907369, -480987.936498705297709 ], [ -1568916.044578502187505, -481084.860687653534114 ], [ -1568677.109234140953049, -481231.870106304530054 ], [ -1567633.367118733469397, -481874.051873163785785 ], [ -1565733.952312692767009, -483042.702219757717103 ], [ -1563954.667001295136288, -482709.203399511985481 ], [ -1562199.734787521185353, -482380.269198431633413 ], [ -1562130.400663661770523, -482367.273616914637387 ], [ -1560681.253782019950449, -482095.654024988412857 ], [ -1554594.348499999148771, -480954.760199994314462 ], [ -1553483.561476910486817, -484570.336365905823186 ], [ -1550886.732000003103167, -493022.933100001420826 ], [ -1549946.345199997536838, -496851.650899996049702 ], [ -1550189.379099997924641, -496926.43059999239631 ], [ -1550546.567299997899681, -497601.119399991817772 ], [ -1550479.544799997471273, -498053.521800000220537 ], [ -1550486.13420000160113, -498307.824499999172986 ], [ -1550358.1042, -498450.258000003406778 ], [ -1550295.483899999177083, -498770.31709999893792 ], [ -1550225.90590000199154, -499278.236999999033287 ], [ -1550378.977600003127009, -499570.464899996994063 ], [ -1550462.471300000324845, -499772.241300003603101 ], [ -1550253.737099999561906, -500161.878400003071874 ], [ -1550243.269299996783957, -500429.725200003245845 ], [ -1549752.815699997590855, -501053.938799993367866 ], [ -1549475.00269999820739, -501688.940099997445941 ], [ -1549195.960375372087583, -502293.53182939090766 ], [ -1548760.626299998257309, -503236.755699998000637 ], [ -1548840.001400000881404, -504189.257599995005876 ], [ -1549236.877200001152232, -504625.820999995572492 ], [ -1548800.313800000585616, -505419.57259999611415 ], [ -1548959.064199995016679, -505697.385600002249703 ], [ -1548800.313800000585616, -506213.324099991703406 ], [ -1549633.752999994438142, -506689.575099999317899 ], [ -1550665.630099998787045, -507165.826000002212822 ], [ -1551499.069200001657009, -507443.639099999563769 ], [ -1552253.133200001902878, -508356.453400003025308 ], [ -1553123.301999998977408, -507540.46089999913238 ], [ -1553875.868299998575822, -506704.276099999435246 ], [ -1554314.865399998612702, -505888.995800000382587 ], [ -1554670.24390000058338, -505220.047899996163324 ], [ -1555234.668699998874217, -504467.481600003316998 ], [ -1555799.093499997165054, -503652.201400002231821 ], [ -1555882.711999997263774, -502774.207299993140623 ], [ -1556258.99509999807924, -502251.59169999952428 ], [ -1556342.613599998410791, -501436.311499998439103 ], [ -1556760.706000001868233, -501728.9761999968905 ], [ -1557178.798500003060326, -501624.453099997946993 ], [ -1557994.078699997393414, -501478.120700003113598 ], [ -1558746.645100001711398, -501561.739200003212318 ], [ -1559164.737499998183921, -501289.979199994821101 ], [ -1559499.211399994557723, -500955.505200000479817 ], [ -1560230.8732, -501122.742200001142919 ], [ -1560920.725699996342883, -501603.548499998869374 ], [ -1560419.014799999538809, -502000.73629999672994 ], [ -1559311.069800002034754, -502460.637899997876957 ], [ -1558913.881999997422099, -502878.73039999906905 ], [ -1558621.217299998970702, -503234.108900001039729 ], [ -1558892.977399998577312, -503380.441300002625212 ], [ -1557722.318599997786805, -504362.95850000414066 ], [ -1557764.12790000019595, -504990.097099998965859 ], [ -1556948.847600001143292, -506139.851299994392321 ], [ -1556363.518199997255579, -506996.940699999919161 ], [ -1555694.570399997988716, -507394.128600002266467 ], [ -1553792.249799998244271, -508188.504199997754768 ], [ -1553206.920400001108646, -508543.882699992973357 ], [ -1554043.105299999006093, -508982.879799999762326 ], [ -1553729.535999994724989, -509359.162900000810623 ], [ -1553165.111200003419071, -510090.824699999531731 ], [ -1553248.729699996998534, -510383.489399997983128 ], [ -1553917.677600000984967, -510425.298600002424791 ], [ -1554419.38849999778904, -510174.443199992878363 ], [ -1554942.00400000042282, -509923.587699998868629 ], [ -1555778.188800000352785, -509902.683099993271753 ], [ -1556405.327499999897555, -509735.446099999593571 ], [ -1556468.041299996431917, -510216.252399997320026 ], [ -1556907.038400003453717, -510049.015399996889755 ], [ -1557498.507899996824563, -510053.468200000235811 ], [ -1558003.634799996158108, -509831.21240000333637 ], [ -1559670.513099999865517, -508918.398099993122742 ], [ -1560180.522262467304245, -508167.32904160884209 ], [ -1560420.16130729438737, -511112.24167708074674 ], [ -1559968.170000000623986, -511293.03819999541156 ], [ -1559915.253199998056516, -511928.039499999489635 ], [ -1560074.003500001272187, -512668.874299997230992 ], [ -1560867.755100001813844, -512933.458199999062344 ], [ -1560914.201599998399615, -512956.681399998487905 ], [ -1561046.249799998477101, -513268.315299999900162 ], [ -1561834.159400001168251, -513234.787199996877462 ], [ -1561943.318274363875389, -513223.871310124639422 ], [ -1561699.560299998149276, -513715.943500004010275 ], [ -1561696.630699999863282, -514625.828300000401214 ], [ -1562403.858099998440593, -514698.054400001652539 ], [ -1562958.712899998761714, -515014.783699998166412 ], [ -1564252.753300000214949, -515038.821600003167987 ], [ -1566602.950200000312179, -514531.512700001010671 ], [ -1567678.095600003609434, -513939.779800000367686 ], [ -1569147.518299999879673, -514274.137700002640486 ], [ -1570182.019500000169501, -514012.178000001702458 ], [ -1570615.806700000306591, -513149.504399998346344 ], [ -1571238.50420000217855, -512740.324800002621487 ], [ -1571451.120700002647936, -511947.522599996998906 ], [ -1572407.47889999835752, -511369.294400001177564 ], [ -1572555.540571800433099, -511861.89432403864339 ], [ -1572335.523799997055903, -511913.231599994469434 ], [ -1572297.777999996906146, -512139.706599998520687 ], [ -1572456.528300000121817, -512668.874299997230992 ], [ -1572634.512345588067546, -512821.432063650805503 ], [ -1572621.660600001225248, -513541.39670000039041 ], [ -1572543.688999997451901, -513992.592699997359887 ], [ -1573015.330300001194701, -514199.650199997471645 ], [ -1573693.88239999813959, -514243.201100001810119 ], [ -1574187.820099995937198, -514199.419699998572469 ], [ -1574684.307899999897927, -514779.727599999168888 ], [ -1575116.931200002785772, -515329.699099995195866 ], [ -1575517.339200002606958, -515998.331700001843274 ], [ -1574696.774199995910749, -516653.001699996879324 ], [ -1573821.828300000401214, -517152.706599998520687 ], [ -1571842.65819999948144, -517503.737099997932091 ], [ -1571219.057699997909367, -517902.742599998600781 ], [ -1570027.518199994694442, -519494.03270000196062 ], [ -1569970.028700000140816, -519989.756299999076873 ], [ -1570648.138999997638166, -520399.642000003019348 ], [ -1569831.200899995630607, -521829.084500002674758 ], [ -1569506.917399998055771, -522127.784399998839945 ], [ -1568381.52320000086911, -523095.180100003723055 ], [ -1568830.403899997007102, -523493.768799999263138 ], [ -1569250.109199998201802, -523393.789000000106171 ], [ -1570175.506299995118752, -522793.659000003710389 ], [ -1571116.229899996658787, -522711.776599996490404 ], [ -1571295.971400000853464, -523578.8436000039801 ], [ -1571508.357899999246001, -524377.971199998864904 ], [ -1572512.332100002560765, -524191.699000003747642 ], [ -1572786.870999996550381, -523812.44060000195168 ], [ -1573555.495099999243394, -523491.402499996591359 ], [ -1573903.535300001269206, -522900.6568 ], [ -1574634.464699996868148, -522474.867900000186637 ], [ -1575372.209999996703118, -522182.509499994339421 ], [ -1575512.418599999044091, -522130.770299998577684 ], [ -1575680.382399995578453, -521610.81609999993816 ], [ -1576929.14089999650605, -521351.44660000060685 ], [ -1577672.966800002614036, -521036.936999997589737 ], [ -1578777.623200001427904, -520263.047899995697662 ], [ -1579053.321600001771003, -520327.07930000172928 ], [ -1579543.964199999114498, -519785.844899999443442 ], [ -1581386.528900001430884, -519035.487700001336634 ], [ -1581976.837699999567121, -517403.292000001296401 ], [ -1582533.666399997659028, -515552.407599997706711 ], [ -1583740.140500003704801, -515488.879199993563816 ], [ -1584532.956499996827915, -516149.403199997264892 ], [ -1585050.7201, -516506.703499303199351 ], [ -1585050.7201, -517060.9664000000339 ], [ -1585262.38719999906607, -517537.217400000896305 ], [ -1585756.750000000931323, -517952.249999998603016 ], [ -1585806.749999999534339, -517902.249999993015081 ], [ -1585826.614700000500306, -517842.655799999367446 ], [ -1586422.904599996982142, -518171.643300000578165 ], [ -1586872.697199999820441, -517959.976200001314282 ], [ -1587296.031399998115376, -517642.47560000163503 ], [ -1587470.444837202318013, -517622.655895990785211 ], [ -1587219.084699995582923, -517856.571100000990555 ], [ -1587194.044400001177564, -518492.990500001702458 ], [ -1586989.093999998643994, -519108.25010000448674 ], [ -1587391.856400001561269, -519563.929299996467307 ], [ -1587647.653200000524521, -519740.350999992573634 ], [ -1588391.024799999780953, -520139.763500003144145 ], [ -1588832.922799998661503, -519920.201799993403256 ], [ -1589252.508799998555332, -519598.953000002307817 ], [ -1590408.429, -519458.412300002295524 ], [ -1590647.199299998115748, -518612.388700000243261 ], [ -1590542.821699996711686, -517529.050900002010167 ], [ -1590860.216299999738112, -517264.360899999039248 ], [ -1591124.679499995661899, -517502.365699996706098 ], [ -1591921.229699996765703, -517293.497299996437505 ], [ -1592774.0222, -516400.036300002131611 ], [ -1593280.400699996389449, -515451.203599993837997 ], [ -1594320.523899996653199, -514321.739099998492748 ], [ -1594693.958899997640401, -513610.380199999548495 ], [ -1596051.567099999869242, -512930.692599997622892 ], [ -1596317.232099999673665, -512984.690700001316145 ], [ -1596848.922299995785579, -513145.963399996981025 ], [ -1597087.777199996402487, -513358.359899999806657 ], [ -1597777.770100000314415, -513466.26830000220798 ], [ -1599263.236299995332956, -510347.97530000214465 ], [ -1599395.970099997939542, -510533.625900000799447 ], [ -1599608.055899996776134, -510481.127900002524257 ], [ -1600007.977199998451397, -509081.878899997333065 ], [ -1600274.371599995298311, -508819.105500004254282 ], [ -1600829.161400003591552, -507746.429399993969128 ], [ -1601819.657700000330806, -505484.703199994051829 ], [ -1602637.881999999750406, -505095.917099999263883 ], [ -1602556.154399995459244, -504561.560600000433624 ], [ -1602661.114899996202439, -503878.611499991966411 ], [ -1602751.05710000032559, -503046.531899997731671 ], [ -1602550.544700000202283, -502141.930100003257394 ], [ -1602912.2007, -501631.856200000969693 ], [ -1603139.322799998568371, -500836.372400001855567 ], [ -1603449.127900001360103, -500525.908200000412762 ], [ -1603945.262999997474253, -500502.358299994142726 ], [ -1604135.120900003705174, -500122.23909999942407 ], [ -1604631.081999998074025, -500014.694899992085993 ], [ -1605296.123999999836087, -500176.815900000510737 ], [ -1605783.4466, -500253.19720000308007 ], [ -1606378.896499996073544, -498563.937699993140996 ], [ -1607342.267099995398894, -497158.756599998800084 ], [ -1607947.24959999229759, -496946.274399995803833 ], [ -1609673.901399997528642, -496954.153999996371567 ], [ -1609956.444400001317263, -496293.468400001060218 ], [ -1610284.248100000899285, -496055.335000003688037 ], [ -1610854.719999996013939, -495431.050700003048405 ], [ -1611728.217599998926744, -494460.012399998027831 ], [ -1612200.912300001131371, -494366.769899998558685 ], [ -1612878.78059999877587, -494122.370300001464784 ], [ -1612604.349899996770546, -493806.018199997022748 ], [ -1611877.415900000371039, -493393.493799992371351 ], [ -1611630.987699998309836, -493440.514499997952953 ], [ -1611478.898399997968227, -492911.133699994999915 ], [ -1611801.193300002021715, -492374.042600001441315 ], [ -1612598.534699996933341, -491997.588400000473484 ], [ -1613095.324599998537451, -492117.086899997200817 ], [ -1613463.383999997051433, -491919.209100001025945 ], [ -1613852.123200000263751, -491553.365400003967807 ], [ -1613617.601599999237806, -491109.237499997485429 ], [ -1613573.777299996931106, -490876.767499996116385 ], [ -1613139.081300001125783, -490861.28420000243932 ], [ -1612970.672499996377155, -490588.072200002847239 ], [ -1612985.440399996703491, -490267.46999999624677 ], [ -1613395.124200003687292, -489922.570900002494454 ], [ -1614157.024199999403208, -489762.20289999851957 ], [ -1614730.759600000921637, -489497.512899995781481 ], [ -1615447.790699998149648, -488998.827099999412894 ], [ -1616520.9215, -488877.201699998695403 ], [ -1617194.4274, -488125.384399999631569 ], [ -1617938.236000002361834, -487946.925100000575185 ], [ -1618264.107399996370077, -487371.489099994767457 ], [ -1617472.654400000814348, -487104.052000003168359 ], [ -1617469.052799998084083, -486702.198299997951835 ], [ -1617962.094399996800348, -486126.247499995864928 ], [ -1618499.44999999506399, -485783.256499996874481 ], [ -1619122.364999998826534, -485630.628000000258908 ], [ -1619391.209799997508526, -485333.535599997499958 ], [ -1618949.945199996931478, -484745.546500004129484 ], [ -1616926.075699996436015, -484063.157699991948903 ], [ -1616446.81026433268562, -483983.517588981427252 ], [ -1617324.24509999784641, -483563.874900001334026 ], [ -1617443.307899998733774, -483087.623900000471622 ], [ -1616847.994199994951487, -482955.331999995280057 ], [ -1615498.616499997675419, -482479.081000001169741 ], [ -1614281.530699999071658, -481976.371699993498623 ], [ -1613567.154299999121577, -482055.746800003107637 ], [ -1612985.069799997610971, -482293.872299999929965 ], [ -1612376.526899998309091, -482505.539399992208928 ], [ -1611820.90080000157468, -482399.705899992026389 ], [ -1611302.115799999795854, -482734.573799994308501 ], [ -1610550.898299998370931, -482479.081000001169741 ], [ -1609730.688299999805167, -482452.622600003145635 ], [ -1609995.272100003669038, -481817.621399997267872 ], [ -1609810.063400002429262, -481500.120699999388307 ], [ -1609538.369000000879169, -481516.102732409723103 ], [ -1608910.478300001472235, -481553.037500002421439 ], [ -1608672.352799997664988, -481367.828800001181662 ], [ -1608566.519299997016788, -481129.703299997374415 ], [ -1606423.389999999431893, -480468.2437 ], [ -1605589.283543406520039, -479999.058756596408784 ], [ -1605153.387499995995313, -479753.867199995554984 ], [ -1603936.301699997391552, -479859.700800000689924 ], [ -1603354.217199995880947, -479700.950499997474253 ], [ -1602163.589800001820549, -480071.367899999953806 ], [ -1601607.963699998566881, -479991.992699992377311 ], [ -1601131.712799995671958, -479833.242400002665818 ], [ -1600761.295299995224923, -479780.325600000098348 ], [ -1600549.628300000913441, -480018.451099996920675 ], [ -1600232.127599996514618, -479542.200200001243502 ], [ -1600152.752500000642613, -478880.740499992389232 ], [ -1599173.792199999094009, -478695.531800004653633 ], [ -1598565.249299999792129, -478748.448600000701845 ], [ -1598398.784905573818833, -478565.337759840302169 ], [ -1598300.665399997960776, -478457.406299993861467 ], [ -1597797.956099997041747, -477795.946699996944517 ], [ -1597110.03799999714829, -477637.196300002280623 ], [ -1596342.744800001382828, -477425.529300001449883 ], [ -1595522.534899994265288, -477875.321799999568611 ], [ -1595062.412091346690431, -477736.214911882765591 ], [ -1594803.454545908141881, -477657.925425635650754 ], [ -1594384.824299996020272, -477531.362799995113164 ], [ -1593432.322399999247864, -477174.174600001890212 ], [ -1592519.507999997818843, -477094.799400001298636 ], [ -1591884.506799998460338, -476816.986400002148002 ], [ -1591249.505500001134351, -476578.860899998340756 ], [ -1590773.254500000271946, -476578.860899998340756 ], [ -1589503.251999996835366, -475427.921100004576147 ], [ -1589263.215960980625823, -475427.921100004576147 ], [ -1589262.277499998454005, -475200.393000002484769 ], [ -1589777.363299997989088, -475029.259100004099309 ], [ -1589769.230000000912696, -474815.259899997618049 ], [ -1590239.965200000908226, -474439.657399993855506 ], [ -1590557.755900000920519, -474116.976299999747425 ], [ -1591136.064499997533858, -473665.95529999723658 ], [ -1591137.475939213531092, -472731.562464778777212 ], [ -1591137.547999998554587, -472683.857199993915856 ], [ -1591729.512899994151667, -472269.36649999814108 ], [ -1591798.686440649908036, -472110.956300004385412 ], [ -1591889.420299998950213, -471903.172099999152124 ], [ -1591753.152800000738353, -471309.424800000153482 ], [ -1591905.708399998256937, -470661.390599997714162 ], [ -1591925.347399996360764, -470246.423899993766099 ], [ -1592440.952699997462332, -470258.801399999298155 ], [ -1592638.512899996014312, -469953.133800002280623 ], [ -1593155.577599998796359, -470058.466599994339049 ], [ -1593371.511999998940155, -470022.787099996581674 ], [ -1593363.557199998991564, -469580.22650000359863 ], [ -1593755.10530000156723, -469560.042599997017533 ], [ -1594034.962300000945106, -469677.798533848952502 ], [ -1594071.028799999505281, -469692.974299998022616 ], [ -1594294.497499996097758, -469207.349300002679229 ], [ -1594005.077099998714402, -468864.455296110827476 ], [ -1593923.088499999139458, -468767.31840000115335 ], [ -1593805.783899997593835, -468101.037999995052814 ], [ -1593865.090399995911866, -467840.108500001952052 ], [ -1593642.05680000083521, -467342.587099992670119 ], [ -1593633.43709999974817, -466716.369599997997284 ], [ -1593397.012100002262741, -466022.464599997270852 ], [ -1592875.844700003275648, -465464.573199995327741 ], [ -1592407.660199997015297, -464964.490899991709739 ], [ -1592526.786299997707829, -464832.002999996766448 ], [ -1592656.618900001049042, -464788.669200002681464 ], [ -1592893.814199995016679, -464695.803199996240437 ], [ -1592830.727000002516434, -464467.253699995577335 ], [ -1592819.05261727119796, -464434.352182730101049 ], [ -1592770.765699998708442, -464298.26679999474436 ], [ -1592431.060599999735132, -463638.325799995101988 ], [ -1592109.7426999991294, -463248.385999996680766 ], [ -1592051.509199996246025, -462709.798600001260638 ], [ -1592196.50319999596104, -462122.824899994302541 ], [ -1592866.686999994562939, -462793.008699999656528 ], [ -1592750.268599999370053, -462330.279700000304729 ], [ -1592611.641099997796118, -461783.121100002899766 ], [ -1593024.712399996584281, -461761.586599994450808 ], [ -1593447.970999996876344, -461292.759600000921637 ], [ -1593909.450499996775761, -461731.365000002086163 ], [ -1594240.126400002045557, -461467.317199999466538 ], [ -1594517.049699999392033, -461904.358399997930974 ], [ -1594555.262999999336898, -461530.839899998623878 ], [ -1594407.502900001592934, -461017.095899992156774 ], [ -1594226.187799998326227, -460263.931000004056841 ], [ -1593990.03999999538064, -460132.0096 ], [ -1592491.787299999035895, -460075.301399999298155 ], [ -1591592.202100000111386, -461027.803300003055483 ] ] ] } }
]
}
