{
"type": "FeatureCollection",
"name": "2012",
"crs": { "type": "name", "properties": { "name": "urn:ogc:def:crs:EPSG::3031" } },
"features": [
{ "type": "Feature", "properties": { "ID": 516, "YEAR": "2012-2013", "Perimtr_KM": 13.110833275299999, "AREA_KM": 2.2528287914899998, "SCALE": 1, "THICKNES_M": 69.348907, "VOLUME_KM": 0.15623121435000001, "MASS_GT": 0.14326402356000001, "RECURRANCE": "6-8", "UA_KM": 0.06555416638, "UH_M": 5.7559592526200003, "UC_KM": 0.01195390849, "REGION": "East", "ICESHELF": "Vigrid" }, "geometry": { "type": "Polygon", "coordinates": [ [ [ 333764.829900004435331, 2161235.534099995624274 ], [ 335060.308300006669015, 2160635.149500008206815 ], [ 334526.993200002238154, 2160676.346400014590472 ], [ 333568.781500007491559, 2161016.513099998701364 ], [ 333109.168600001838058, 2161491.754200008232147 ], [ 332283.608200004789978, 2161578.653600003104657 ], [ 331105.236199997831136, 2162326.153800000902265 ], [ 329856.8192999958992, 2163306.471000004094094 ], [ 329371.916200002655387, 2163653.782500001136214 ], [ 331013.157799998298287, 2163119.371200010646135 ], [ 333764.829900004435331, 2161235.534099995624274 ] ] ] } },
{ "type": "Feature", "properties": { "ID": 522, "YEAR": "2012-2013", "Perimtr_KM": 11.748672428100001, "AREA_KM": 4.0682427510099997, "SCALE": 1, "THICKNES_M": 152.799298, "VOLUME_KM": 0.62162463645, "MASS_GT": 0.57002979162, "RECURRANCE": "3-4", "UA_KM": 0.05874336214, "UH_M": 12.6823416715, "UC_KM": 0.04756312013, "REGION": "Peninsula", "ICESHELF": "George_VI" }, "geometry": { "type": "Polygon", "coordinates": [ [ [ -1752993.607114732265472, 563086.926350470632315 ], [ -1752760.313400000100955, 562847.287400002125651 ], [ -1755075.381100001046434, 560212.178500010631979 ], [ -1755272.394399999175221, 558691.305599994026124 ], [ -1755490.942938540829346, 560259.559402951039374 ], [ -1755652.21019999566488, 561416.776000004727393 ], [ -1753376.788899994920939, 563480.530100001487881 ], [ -1752993.607114732265472, 563086.926350470632315 ] ] ] } },
{ "type": "Feature", "properties": { "ID": 728, "YEAR": "2012-2013", "Perimtr_KM": 12.655744346300001, "AREA_KM": 6.5293236004799997, "SCALE": 1, "THICKNES_M": 190.076761882, "VOLUME_KM": 1.24107268726, "MASS_GT": 1.13806365422, "RECURRANCE": "4-5", "UA_KM": 0.06327872173, "UH_M": 15.7763711584, "UC_KM": 0.09495970053, "REGION": "East", "ICESHELF": "Chugunov" }, "geometry": { "type": "Polygon", "coordinates": [ [ [ 614029.7966000107117, -2031853.442000001203269 ], [ 614827.604000002611428, -2032551.919799991883337 ], [ 614519.046199996955693, -2033452.612200001720339 ], [ 613758.36750000435859, -2033518.7582 ], [ 612520.451799996197224, -2033640.520400000736117 ], [ 612326.243799996562302, -2033513.590300003997982 ], [ 611765.573500002268702, -2033161.71049999888055 ], [ 611279.782900009304285, -2033208.02639999659732 ], [ 610163.86329999845475, -2033365.1461 ], [ 609652.066900008358061, -2033257.645099999383092 ], [ 609207.626699997112155, -2033140.601000003516674 ], [ 610321.197900003287941, -2032482.523800001479685 ], [ 610699.178599995560944, -2032214.864699998870492 ], [ 611554.420500007458031, -2031938.026099995244294 ], [ 612697.206300002522767, -2031972.076799997128546 ], [ 613690.180599996354431, -2031947.044699996709824 ], [ 614029.7966000107117, -2031853.442000001203269 ] ] ] } },
{ "type": "Feature", "properties": { "ID": 729, "YEAR": "2012-2013", "Perimtr_KM": 19.352603026800001, "AREA_KM": 10.9424300685, "SCALE": 2, "THICKNES_M": 368.877990055, "VOLUME_KM": 4.0364216099899997, "MASS_GT": 3.7013986163600001, "RECURRANCE": "2-3", "UA_KM": 0.09676301513, "UH_M": 30.6168730236, "UC_KM": 0.30884362473, "REGION": "East", "ICESHELF": "Ainsworth" }, "geometry": { "type": "Polygon", "coordinates": [ [ [ 1318957.331280455924571, -2028168.891818731790408 ], [ 1316681.622400008141994, -2027808.7077 ], [ 1315954.01670000795275, -2027048.02909999853 ], [ 1314858.542200001887977, -2026555.581900000106543 ], [ 1315322.492600002326071, -2026164.384799999883398 ], [ 1316184.508700001053512, -2025690.628600003197789 ], [ 1317141.918700007721782, -2025643.825199996586889 ], [ 1318277.240300009027123, -2026272.006000003311783 ], [ 1319147.672500005923212, -2026221.042899993248284 ], [ 1319366.847900000400841, -2026648.964799993438646 ], [ 1319549.124600012786686, -2026726.935600000433624 ], [ 1320122.058600006625056, -2026896.227800000924617 ], [ 1320896.1655000038445, -2027010.521699997363612 ], [ 1321490.040899998508394, -2027241.170800000429153 ], [ 1322009.07979999948293, -2027292.333100002259016 ], [ 1322303.215000002644956, -2027470.88170000212267 ], [ 1321633.771500007249415, -2027379.600800002459437 ], [ 1321269.127400005236268, -2027319.725599997676909 ], [ 1321221.537700005806983, -2027608.534299998078495 ], [ 1321514.16809999756515, -2027744.656599998939782 ], [ 1321932.355000003241003, -2027847.554200001992285 ], [ 1322279.075499998405576, -2028081.488799992948771 ], [ 1322487.578299999237061, -2028473.939000000245869 ], [ 1321278.767000008374453, -2028536.313299995381385 ], [ 1318957.331280455924571, -2028168.891818731790408 ] ] ] } },
{ "type": "Feature", "properties": { "ID": 730, "YEAR": "2012-2013", "Perimtr_KM": 9.4038939029600002, "AREA_KM": 3.77377286853, "SCALE": 1, "THICKNES_M": 389.47264753100001, "VOLUME_KM": 1.4697813102899999, "MASS_GT": 1.3477894615299999, "RECURRANCE": "6-8", "UA_KM": 0.04701946951, "UH_M": 32.326229585699998, "UC_KM": 0.11245916093, "REGION": "East", "ICESHELF": "Ninnis" }, "geometry": { "type": "Polygon", "coordinates": [ [ [ 1287064.20760000590235, -2040984.812299993354827 ], [ 1287610.470499996095896, -2041963.944299996132031 ], [ 1285824.529399998486042, -2042757.695900003425777 ], [ 1284027.007400000467896, -2043136.442299998598173 ], [ 1284260.929000000469387, -2042582.459700000705197 ], [ 1284509.521399999037385, -2041775.535800000652671 ], [ 1284893.195100001990795, -2041757.343299998436123 ], [ 1285636.721600002609193, -2041547.907600003061816 ], [ 1285883.331000006757677, -2041259.436600000597537 ], [ 1286151.25859999936074, -2041359.759899993427098 ], [ 1286448.305300006642938, -2041155.321600002236664 ], [ 1286697.414999996311963, -2041371.525600004009902 ], [ 1287064.20760000590235, -2040984.812299993354827 ] ] ] } },
{ "type": "Feature", "properties": { "ID": 731, "YEAR": "2012-2013", "Perimtr_KM": 34.0265511749, "AREA_KM": 14.854961209700001, "SCALE": 2, "THICKNES_M": 356.803528, "VOLUME_KM": 5.3003025679200002, "MASS_GT": 4.8603774547900001, "RECURRANCE": "1-2", "UA_KM": 0.17013275588, "UH_M": 29.614692678000001, "UC_KM": 0.40554848215, "REGION": "East", "ICESHELF": "Mertz" }, "geometry": { "type": "Polygon", "coordinates": [ [ [ 1421407.860300005413592, -2062389.716099993092939 ], [ 1421568.462500006891787, -2062728.336100001586601 ], [ 1421948.344099999405444, -2062621.554699995787814 ], [ 1422094.135000010952353, -2061917.660700003383681 ], [ 1422181.701000005938113, -2060892.355600001756102 ], [ 1422301.105900001712143, -2061550.439200001070276 ], [ 1422089.544800005853176, -2062671.699899998260662 ], [ 1422123.1881, -2062744.173899993300438 ], [ 1422496.977400003001094, -2062839.395900003844872 ], [ 1422820.418900007382035, -2062758.609299997333437 ], [ 1422915.302300004288554, -2062383.821100000524893 ], [ 1422963.635299999266863, -2061809.599700000137091 ], [ 1422935.365700007416308, -2061166.899999997811392 ], [ 1422907.524899996817112, -2060607.019400001270697 ], [ 1423026.0301, -2060583.4531 ], [ 1423177.559299999848008, -2061176.510799997253343 ], [ 1423155.611399998888373, -2062679.051299993414432 ], [ 1423234.869299997575581, -2062764.837499998975545 ], [ 1423409.092799998819828, -2063063.676200001733378 ], [ 1423419.806189546361566, -2063630.649199997540563 ], [ 1423430.9128, -2064218.432199998525903 ], [ 1423383.669800003059208, -2064524.033399998443201 ], [ 1423357.405000003986061, -2065302.510099997511134 ], [ 1423217.604800016619265, -2065490.225399997550994 ], [ 1423238.511300003156066, -2066002.316399997100234 ], [ 1423222.263400005176663, -2066185.794899999396876 ], [ 1423114.067900001071393, -2067234.914999999804422 ], [ 1422643.425151005387306, -2067131.781494626309723 ], [ 1421635.426000006496906, -2066910.895300001138821 ], [ 1421370.591236480511725, -2066627.143757438287139 ], [ 1421235.275335554033518, -2066482.162429802818224 ], [ 1421079.799899996258318, -2066315.581599990604445 ], [ 1421093.248668903484941, -2065838.150541019858792 ], [ 1421159.175099996849895, -2063497.763400002149865 ], [ 1421071.70427058916539, -2063503.230329419486225 ], [ 1420891.594575678929687, -2063514.487190671032295 ], [ 1419889.172500002197921, -2063577.138600002741441 ], [ 1418222.294199998490512, -2064807.453499992145225 ], [ 1417921.450662956573069, -2064756.00870973104611 ], [ 1416996.85130000859499, -2064597.900542368879542 ], [ 1416577.174800005741417, -2064526.135099998209625 ], [ 1416996.85130000859499, -2064536.28074561455287 ], [ 1417271.510100005194545, -2064542.920599999371916 ], [ 1417641.439500008709729, -2063903.993699997896329 ], [ 1417936.667000003159046, -2063722.909799999324605 ], [ 1418124.477100006304681, -2063334.44639999885112 ], [ 1418513.720299997366965, -2063196.2242999994196 ], [ 1418960.210500007495284, -2063050.617400000337511 ], [ 1419174.630600002594292, -2062546.534499996108934 ], [ 1419806.481300003826618, -2062362.21569999284111 ], [ 1420324.899200002662838, -2062603.770100004971027 ], [ 1421140.157000003382564, -2062597.3858 ], [ 1421194.388700016774237, -2062224.667899997904897 ], [ 1421132.235400005243719, -2061380.014400003477931 ], [ 1421285.603000002913177, -2060885.484500000718981 ], [ 1421437.880400005728006, -2060544.635699996026233 ], [ 1421417.331399995833635, -2061976.349400001345202 ], [ 1421407.860300005413592, -2062389.716099993092939 ] ] ] } },
{ "type": "Feature", "properties": { "ID": 732, "YEAR": "2012-2013", "Perimtr_KM": 20.925100812099998, "AREA_KM": 23.0855775064, "SCALE": 2, "THICKNES_M": 429.635868, "VOLUME_KM": 9.9183921302400009, "MASS_GT": 9.0951655834299991, "RECURRANCE": "2-3", "UA_KM": 0.10462550406, "UH_M": 35.659776868199998, "UC_KM": 0.75889797275000004, "REGION": "West", "ICESHELF": "Hull" }, "geometry": { "type": "Polygon", "coordinates": [ [ [ -1107460.721647257916629, -1202959.014829534804448 ], [ -1107518.011719775618985, -1202967.760280226822942 ], [ -1107581.052856895374134, -1202977.383643096312881 ], [ -1107799.835887789027765, -1203010.781335327541456 ], [ -1108195.946121586253867, -1203071.248399997130036 ], [ -1108244.747700000880286, -1203078.69806412095204 ], [ -1108611.766851307824254, -1203134.724313546903431 ], [ -1108680.031798004405573, -1203145.145101989153773 ], [ -1108727.639746783766896, -1203152.412556029157713 ], [ -1108986.842006512917578, -1203191.980328998761252 ], [ -1109391.838500001467764, -1203253.803899997379631 ], [ -1111034.220298925880343, -1202809.916952250292525 ], [ -1111349.759099998045713, -1202724.636199998669326 ], [ -1111770.267970234155655, -1202217.12547658267431 ], [ -1112359.907692568842322, -1201505.491303767077625 ], [ -1112501.360410688677803, -1201334.772499999497086 ], [ -1112884.345499996328726, -1200872.549100002739578 ], [ -1114268.962372913956642, -1200180.240704430732876 ], [ -1114567.950518261641264, -1200030.746640586759895 ], [ -1114577.682199997827411, -1200025.880800004350021 ], [ -1114774.360908219823614, -1199316.399130010977387 ], [ -1114787.382026713108644, -1199269.427879386581481 ], [ -1115138.173700001090765, -1198004.012499995762482 ], [ -1114303.33329999493435, -1198311.526099996874109 ], [ -1111556.96579999406822, -1198065.022400001762435 ], [ -1108541.960799996042624, -1199859.21090000262484 ], [ -1107371.18649999727495, -1202945.34710000292398 ], [ -1107460.721647257916629, -1202959.014829534804448 ] ] ] } },
{ "type": "Feature", "properties": { "ID": 733, "YEAR": "2012-2013", "Perimtr_KM": 6.92134821367, "AREA_KM": 2.48049481841, "SCALE": 1, "THICKNES_M": 431.76390075699999, "VOLUME_KM": 1.0709881186000001, "MASS_GT": 0.98209610475999998, "RECURRANCE": "1-2", "UA_KM": 0.03460674107, "UH_M": 35.836403586099998, "UC_KM": 0.08194581353, "REGION": "East", "ICESHELF": "Vincennes_Bay" }, "geometry": { "type": "Polygon", "coordinates": [ [ [ 2406967.973885206505656, -852312.879110413836315 ], [ 2407171.969700002111495, -852492.395437302533537 ], [ 2407194.104633804410696, -852511.874180117854849 ], [ 2407641.232700006105006, -852905.346899998607114 ], [ 2407650.171110465191305, -852929.778552484000102 ], [ 2407752.511534835211933, -853209.509014135226607 ], [ 2408032.347582512535155, -853974.394124636892229 ], [ 2408095.092261674813926, -854145.896228296216577 ], [ 2408133.640599998645484, -854251.261674464913085 ], [ 2408137.327500003390014, -854261.339200003771111 ], [ 2408133.640599998645484, -854275.267491805134341 ], [ 2408011.458586320281029, -854736.844083930831403 ], [ 2408010.035100006498396, -854742.221700000809506 ], [ 2408005.50440024305135, -854739.395878976676613 ], [ 2407694.531833099201322, -854545.440670339157805 ], [ 2407581.031321044079959, -854474.649810239672661 ], [ 2407400.385499999858439, -854361.980071443831548 ], [ 2407377.909109807573259, -854347.961429901188239 ], [ 2407351.351598855108023, -854331.39737209957093 ], [ 2407050.359447783790529, -854143.667000907240435 ], [ 2406950.968099996447563, -854081.676099993987009 ], [ 2406585.865312730893493, -853346.913977363146842 ], [ 2406412.992473832331598, -852999.010815622052178 ], [ 2406382.946503705345094, -852938.543896296294406 ], [ 2406308.088440992869437, -852787.893528869608417 ], [ 2406108.055499997921288, -852385.331199996871874 ], [ 2406396.055583356879652, -852300.690894237486646 ], [ 2406422.695851030759513, -852292.86158955283463 ], [ 2406787.386588451452553, -852185.682677783537656 ], [ 2406814.408199997618794, -852177.741300003137439 ], [ 2406967.973885206505656, -852312.879110413836315 ] ] ] } },
{ "type": "Feature", "properties": { "ID": 734, "YEAR": "2012-2013", "Perimtr_KM": 29.6134060513, "AREA_KM": 21.4214309356, "SCALE": 2, "THICKNES_M": 99.4267245785, "VOLUME_KM": 2.1298627137100001, "MASS_GT": 1.9530841084699999, "RECURRANCE": "3-4", "UA_KM": 0.14806703026000001, "UH_M": 8.2524180993199998, "UC_KM": 0.16296477034000001, "REGION": "West", "ICESHELF": "Abbot_1" }, "geometry": { "type": "Polygon", "coordinates": [ [ [ -1948918.257058680988848, -331105.972946491558105 ], [ -1948913.462399997282773, -331117.972699998877943 ], [ -1948903.930999998934567, -331143.774599992204458 ], [ -1948895.023399999598041, -331169.31230000173673 ], [ -1948873.239500001538545, -331233.502099991310388 ], [ -1948866.903099994640797, -331251.457900000270456 ], [ -1948861.041199999395758, -331267.4070999994874 ], [ -1948854.288899996085092, -331284.831999997142702 ], [ -1948847.681499995989725, -331300.803199998103082 ], [ -1948841.095099997939542, -331315.619399995077401 ], [ -1948794.02989999903366, -331336.200900000985712 ], [ -1948786.696400002110749, -331351.284099998883903 ], [ -1948779.14409999595955, -331365.191599998157471 ], [ -1948775.267200000584126, -331371.736500001978129 ], [ -1948771.316300001461059, -331378.019800002686679 ], [ -1948767.28630000166595, -331384.049099999479949 ], [ -1948763.172600001096725, -331389.830699991900474 ], [ -1948758.964399998541921, -331395.378199991770089 ], [ -1948754.664200002793223, -331400.687800002750009 ], [ -1948750.268400000175461, -331405.763900001533329 ], [ -1948745.773499995004386, -331410.60999999800697 ], [ -1948741.175999997649342, -331415.229899995494634 ], [ -1948736.473499990534037, -331419.625699998345226 ], [ -1948731.663099998608232, -331423.800200002733618 ], [ -1948726.742299999110401, -331427.755600003991276 ], [ -1948719.545000001322478, -331432.951800000853837 ], [ -1948711.756999995093793, -331437.772099999245256 ], [ -1948703.359700003173202, -331442.227499996777624 ], [ -1948694.328099998179823, -331446.331700002774596 ], [ -1948685.071199995465577, -331449.853199998382479 ], [ -1948674.682899998500943, -331453.296200001612306 ], [ -1948663.959799998439848, -331456.199099999852479 ], [ -1948651.117700001690537, -331459.547900001052767 ], [ -1948640.201100001111627, -331462.040500002913177 ], [ -1948628.583399998024106, -331464.398899991996586 ], [ -1948616.14420000067912, -331466.647799995262176 ], [ -1948602.64060000050813, -331468.831300001125783 ], [ -1948577.3728, -331472.411300000734627 ], [ -1948517.182500000111759, -331480.150400002487004 ], [ -1948501.677299995906651, -331482.378600004129112 ], [ -1948497.647539032157511, -331483.021239342633635 ], [ -1948488.379021065309644, -331484.499320625327528 ], [ -1948487.847399994032457, -331484.584099998697639 ], [ -1948473.980500000528991, -331487.076200003735721 ], [ -1948461.174100001808256, -331489.699200002476573 ], [ -1948449.227999999653548, -331492.494099997915328 ], [ -1948438.035899996757507, -331495.486400001682341 ], [ -1948432.986443563830107, -331497.025731748435646 ], [ -1948427.718400001525879, -331498.631699997931719 ], [ -1948417.994399997871369, -331502.003500001039356 ], [ -1948408.822799997171387, -331505.616000003181398 ], [ -1948400.174699997063726, -331509.480600000824779 ], [ -1948392.0203, -331513.611299997661263 ], [ -1948384.348099998664111, -331518.0144999967888 ], [ -1948377.142900000326335, -331522.698799998965114 ], [ -1948370.928599997889251, -331527.323899997863919 ], [ -1948363.923700002487749, -331533.171900001354516 ], [ -1948357.661499995272607, -331539.068799995351583 ], [ -1948351.603700001258403, -331545.365400000475347 ], [ -1948345.747199996607378, -331552.065000002738088 ], [ -1948339.553599995560944, -331559.518199992366135 ], [ -1948334.089600000530481, -331567.033899998757988 ], [ -1948328.280499997315928, -331575.31299999402836 ], [ -1948323.193100000265986, -331583.665199997834861 ], [ -1948317.759699999820441, -331592.780099998693913 ], [ -1948313.038300001528114, -331601.981000000145286 ], [ -1948307.952799999155104, -331611.972699997015297 ], [ -1948303.032999999588355, -331622.417700001038611 ], [ -1948298.80940000154078, -331632.977099997922778 ], [ -1948294.202599999029189, -331644.365099999122322 ], [ -1948289.740300001343712, -331656.25099999178201 ], [ -1948285.413199996110052, -331668.657600001897663 ], [ -1948282.032599997939542, -331679.240399999078363 ], [ -1948278.730100000277162, -331690.214600001461804 ], [ -1948272.327899997355416, -331713.432899993378669 ], [ -1948266.134499998763204, -331738.540699996054173 ], [ -1948234.295999995898455, -331769.667800005059689 ], [ -1948220.458999997703359, -331795.924899999983609 ], [ -1948219.910607490222901, -331798.522620166186243 ], [ -1948214.519699994008988, -331824.059200001880527 ], [ -1948196.342699998291209, -331916.993999996688217 ], [ -1948189.06590000144206, -331950.819299996364862 ], [ -1948181.44150000018999, -331983.677299996372312 ], [ -1948174.066999998874962, -332012.389399994164705 ], [ -1948169.983699996955693, -332028.261000002268702 ], [ -1948166.2338, -332044.599299999885261 ], [ -1948162.809799999231473, -332061.437100003473461 ], [ -1948159.702799994731322, -332078.817699997220188 ], [ -1948156.906999997328967, -332096.769100001547486 ], [ -1948154.407699997769669, -332115.380899998359382 ], [ -1948152.193899997975677, -332134.734700003638864 ], [ -1948150.251300000818446, -332154.954399992246181 ], [ -1948148.833499997854233, -332172.513500003144145 ], [ -1948147.580399997765198, -332190.922999997623265 ], [ -1948142.826399998739362, -332210.605799996759742 ], [ -1948121.76619999948889, -332232.758699999190867 ], [ -1948120.361699994187802, -332272.385399997700006 ], [ -1948117.542799997609109, -332372.845799998380244 ], [ -1948116.429799997713417, -332401.467399992514402 ], [ -1948115.136900002602488, -332427.084800004027784 ], [ -1948113.266299995826557, -332455.428000001236796 ], [ -1948111.004899998661131, -332481.743799996096641 ], [ -1948108.310300001641735, -332506.5222 ], [ -1948105.154499997384846, -332530.014000001363456 ], [ -1948103.007199999410659, -332543.704299999400973 ], [ -1948100.676499997032806, -332557.023999998345971 ], [ -1948098.157499995548278, -332570.000000000931323 ], [ -1948095.446099991444498, -332582.653399993199855 ], [ -1948092.537500001955777, -332595.006799992639571 ], [ -1948089.428700000746176, -332607.071800003759563 ], [ -1948086.1161999986507, -332618.862500001676381 ], [ -1948082.59659999771975, -332630.390400000847876 ], [ -1948078.861399996560067, -332641.681599999312311 ], [ -1948074.912300001364201, -332652.729099999647588 ], [ -1948066.01359999505803, -332663.442900001071393 ], [ -1948049.322899997234344, -332673.771000002045184 ], [ -1948043.294600000139326, -332684.104899992235005 ], [ -1948038.461199999786913, -332694.252799997106194 ], [ -1948033.399999999441206, -332704.190299997106194 ], [ -1948028.10890000173822, -332713.922299998812377 ], [ -1948024.50769999739714, -332720.114699997473508 ], [ -1948020.633699996396899, -332726.348499999381602 ], [ -1948016.478799995966256, -332732.637000001501292 ], [ -1948012.031800002325326, -332738.996899992693216 ], [ -1948002.215700000990182, -332751.997900003101677 ], [ -1947990.997499999357387, -332765.60120000038296 ], [ -1947980.615499994717538, -332777.381399997510016 ], [ -1947968.651099996175617, -332790.318599998019636 ], [ -1947927.105299998540431, -332833.30849999981001 ], [ -1947912.005300000542775, -332849.069099992979318 ], [ -1947904.434900000691414, -332857.309299994725734 ], [ -1947897.701099996455014, -332864.778299991972744 ], [ -1947891.351599994581193, -332872.253499996848404 ], [ -1947885.487000000430271, -332879.493600002955645 ], [ -1947879.203899995656684, -332887.725699995178729 ], [ -1947873.46169999986887, -332895.785000002011657 ], [ -1947868.225000001955777, -332903.721599996555597 ], [ -1947863.471599997021258, -332911.569799998775125 ], [ -1947859.178899996448308, -332919.368200001772493 ], [ -1947855.176700001349673, -332927.447200003545731 ], [ -1947851.782299995422363, -332935.192899991292506 ], [ -1947849.477673271205276, -332941.229354139883071 ], [ -1947848.825299997814, -332942.938099996652454 ], [ -1947846.042300001718104, -332951.101899996865541 ], [ -1947843.631700001657009, -332959.236500001046807 ], [ -1947841.261199997272342, -332967.992199991829693 ], [ -1947839.088299997150898, -332977.074499991722405 ], [ -1947837.272699998226017, -332986.18040000135079 ], [ -1947835.477000004146248, -332995.990600001998246 ], [ -1947833.856800000648946, -333006.230999996419996 ], [ -1947832.659519562963396, -333015.889896533917636 ], [ -1947832.565299996873364, -333016.649999998975545 ], [ -1947830.462799999862909, -333036.013899993617088 ], [ -1947828.704999999143183, -333057.83799999859184 ], [ -1947827.584799997974187, -333078.39519999595359 ], [ -1947810.310999997891486, -333125.640999996103346 ], [ -1947808.803399997763336, -333148.303399995900691 ], [ -1947807.4938, -333168.0232999981381 ], [ -1947806.246699998620898, -333188.204899997450411 ], [ -1947804.326999998185784, -333229.032099992968142 ], [ -1947803.174600001890212, -333270.45379999326542 ], [ -1947802.919199999887496, -333312.133999993093312 ], [ -1947803.174699999857694, -333354.949599992949516 ], [ -1947804.327399996807799, -333397.946899991948158 ], [ -1947806.2473, -333441.384100002236664 ], [ -1947808.803399997763336, -333485.512900000438094 ], [ -1947810.883699996862561, -333510.381800001021475 ], [ -1947813.685499999672174, -333535.626400004141033 ], [ -1947811.706999995047227, -333561.134899997152388 ], [ -1947810.209000000730157, -333587.67460000468418 ], [ -1947815.104799998924136, -333614.625200002919883 ], [ -1947820.866700003389269, -333641.9151999973692 ], [ -1947827.302400002023205, -333670.221599998883903 ], [ -1947834.4453, -333699.687199999578297 ], [ -1947841.93369999807328, -333727.722499996423721 ], [ -1947850.219999994384125, -333756.872100000269711 ], [ -1947859.274900001939386, -333787.692799997981638 ], [ -1947869.465199996018782, -333820.108900000806898 ], [ -1947879.354200003203005, -333851.111699996516109 ], [ -1947890.631300000473857, -333885.375100003555417 ], [ -1947931.9262999962084, -334011.526899999007583 ], [ -1947942.783399999840185, -334063.633100000210106 ], [ -1947952.051399997901171, -334091.529599997214973 ], [ -1947960.469099997077137, -334117.632399999536574 ], [ -1947968.199599999468774, -334142.447899999562651 ], [ -1947975.322799996007234, -334166.233499999623746 ], [ -1947983.455899997148663, -334194.793599997647107 ], [ -1947990.807399996789172, -334222.313300000969321 ], [ -1947997.428699995856732, -334248.985500002279878 ], [ -1948003.351299996953458, -334274.937299997545779 ], [ -1948008.60610000253655, -334300.309599998407066 ], [ -1948013.200900000985712, -334325.145599997602403 ], [ -1948017.14850000012666, -334349.513799996580929 ], [ -1948020.457100001163781, -334373.466300001367927 ], [ -1948024.016799997538328, -334402.584699996281415 ], [ -1948027.3494, -334431.587900000624359 ], [ -1948029.550799997057766, -334460.565599993802607 ], [ -1948026.283100002445281, -334489.968500002287328 ], [ -1948028.931100002024323, -334518.595699996687472 ], [ -1948031.349899996072054, -334547.088599999900907 ], [ -1948033.539299995871261, -334575.443100002128631 ], [ -1948035.49889999604784, -334603.655300002079457 ], [ -1948037.228399995714426, -334631.71889999974519 ], [ -1948038.7276999973692, -334659.632899996358901 ], [ -1948039.996599997859448, -334687.393800002057105 ], [ -1948041.03499999968335, -334714.998400002252311 ], [ -1948041.8427, -334742.443399995565414 ], [ -1948042.419699998572469, -334769.726000000257045 ], [ -1948042.765899997903034, -334796.843499996699393 ], [ -1948042.881299997679889, -334823.793199999723583 ], [ -1948042.765999995870516, -334850.56060000276193 ], [ -1948042.420099997194484, -334877.155400002375245 ], [ -1948041.843600001651794, -334903.575100002810359 ], [ -1948035.363699996843934, -334929.776099999435246 ], [ -1948034.326199996750802, -334955.839099992997944 ], [ -1948033.058299995958805, -334981.720700001344085 ], [ -1948031.560099998954684, -335007.418800000566989 ], [ -1948029.831799994688481, -335032.931800003163517 ], [ -1948027.873399997130036, -335058.256800000555813 ], [ -1948025.685199999716133, -335083.393000002019107 ], [ -1948023.267200002679601, -335108.338800000958145 ], [ -1948020.619600001722574, -335133.092700000386685 ], [ -1948017.742500001797453, -335157.652899996377528 ], [ -1948014.63619999634102, -335182.018200000748038 ], [ -1948011.300699999555945, -335206.187200000975281 ], [ -1948007.736400002613664, -335230.158400001004338 ], [ -1948004.894299994688481, -335247.578399998135865 ], [ -1948001.69379999442026, -335265.275499998126179 ], [ -1947998.129599995678291, -335283.280199998058379 ], [ -1947994.194099998567253, -335301.630600000731647 ], [ -1947989.881800000788644, -335320.354000000748783 ], [ -1947985.176499996799976, -335339.522599997930229 ], [ -1947980.062000001082197, -335359.2023 ], [ -1947969.637600000714883, -335379.35719999903813 ], [ -1947963.860799997579306, -335399.553200000431389 ], [ -1947957.610499996459112, -335420.56620000069961 ], [ -1947950.829899998847395, -335442.587499998044223 ], [ -1947943.409400001168251, -335465.97360000340268 ], [ -1947927.880699998699129, -335513.274200001731515 ], [ -1947896.934599996544421, -335605.4861000017263 ], [ -1947884.238400002708659, -335643.931800002232194 ], [ -1947871.255899998359382, -335684.439899996854365 ], [ -1947860.267799997003749, -335720.629499999806285 ], [ -1947854.094700001180172, -335741.981899996753782 ], [ -1947848.4151999973692, -335762.531999997328967 ], [ -1947843.188600001856685, -335782.426800003275275 ], [ -1947838.281400000676513, -335801.970500001683831 ], [ -1947829.871000000275671, -335821.661400003824383 ], [ -1947825.356400000397116, -335840.321000000461936 ], [ -1947821.750999994343147, -335858.43329999782145 ], [ -1947818.395900000352412, -335876.409400003030896 ], [ -1947811.010499999392778, -335919.966599999926984 ], [ -1947804.142600000603124, -335963.665399999823421 ], [ -1947797.796799997100607, -336007.476900001056492 ], [ -1947791.97719999961555, -336051.372599999420345 ], [ -1947786.687599997967482, -336095.323599999770522 ], [ -1947781.80699999909848, -336139.495899998117238 ], [ -1947777.587099999422207, -336183.478700001724064 ], [ -1947773.781599999871105, -336227.630399996880442 ], [ -1947767.9070999994874, -336272.468600003048778 ], [ -1947764.831399995367974, -336316.652399995364249 ], [ -1947762.756800001021475, -336360.413200002163649 ], [ -1947761.124499995261431, -336404.217500002123415 ], [ -1947760.038199995644391, -336447.878600004594773 ], [ -1947759.4983, -336491.376199999824166 ], [ -1947759.505200000479817, -336534.689100003335625 ], [ -1947760.058899997267872, -336577.797500002663583 ], [ -1947761.156699997605756, -336620.611500001512468 ], [ -1947762.798700000159442, -336663.183599998708814 ], [ -1947764.881499995477498, -336705.658699997700751 ], [ -1947765.488200000487268, -336749.28989999787882 ], [ -1947768.757800003513694, -336791.029999999795109 ], [ -1947772.4718, -336832.592599997762591 ], [ -1947776.820500001544133, -336873.69779999833554 ], [ -1947781.6108, -336914.595500001683831 ], [ -1947786.935499998275191, -336955.132499998901039 ], [ -1947792.793899997835979, -336995.30249999742955 ], [ -1947799.183999991975725, -337035.092099994886667 ], [ -1947806.103899999521673, -337074.489300000946969 ], [ -1947813.551099997479469, -337113.481399999000132 ], [ -1947821.523699997458607, -337152.058100003749132 ], [ -1947828.729000000283122, -337192.296300003305078 ], [ -1947837.743099999381229, -337229.98850000044331 ], [ -1947844.502199998591095, -337256.840799999888986 ], [ -1947851.580799996852875, -337283.778499998617917 ], [ -1947858.976900001289323, -337310.794200000353158 ], [ -1947866.688400001265109, -337337.880399996414781 ], [ -1947874.713299996918067, -337365.029599998611957 ], [ -1947882.950800000224262, -337392.344799997285008 ], [ -1947891.594900001306087, -337419.595500000286847 ], [ -1947900.544499997980893, -337446.884799995925277 ], [ -1947909.797899997793138, -337474.206399998627603 ], [ -1947919.252999999094754, -337501.660799995530397 ], [ -1947929.2013999982737, -337528.905299997422844 ], [ -1947939.443300002720207, -337556.153700000140816 ], [ -1947949.975499996216968, -337583.397200001869351 ], [ -1947960.794399999082088, -337610.626099999062717 ], [ -1947971.521799998823553, -337641.715399998705834 ], [ -1947982.902699997182935, -337668.887300001922995 ], [ -1947994.565499994670972, -337696.032300002407283 ], [ -1948006.499499994795769, -337723.124499997124076 ], [ -1948018.700199995189905, -337750.154099997598678 ], [ -1948031.163299996173009, -337777.110999994911253 ], [ -1948043.884000001475215, -337803.985499998554587 ], [ -1948056.857599998824298, -337830.767000003252178 ], [ -1948070.07899999897927, -337857.445399998687208 ], [ -1948083.543099998030812, -337884.010299996472895 ], [ -1948097.117499999701977, -337910.54420000128448 ], [ -1948110.796300003770739, -337937.035199993290007 ], [ -1948124.701499996008351, -337963.381399993319064 ], [ -1948138.827699999324977, -337989.57230000058189 ], [ -1948153.16879999707453, -338015.597600003238767 ], [ -1948167.719199995743111, -338041.446499993093312 ], [ -1948182.472499998286366, -338067.108699998352677 ], [ -1948199.126400000415742, -338097.704099998809397 ], [ -1948209.439300002064556, -338114.498700002674013 ], [ -1948220.245699997525662, -338131.461099999491125 ], [ -1948231.877799996174872, -338148.548999992199242 ], [ -1948244.057599999010563, -338165.884699993766844 ], [ -1948256.959500000113621, -338183.458899999503046 ], [ -1948270.651600001845509, -338201.362900002393872 ], [ -1948285.197899996535853, -338219.678299999330193 ], [ -1948300.698100002016872, -338238.527900000568479 ], [ -1948314.018800000660121, -338254.349400002043694 ], [ -1948328.169299999251962, -338270.75769999762997 ], [ -1948343.295699996873736, -338287.918699991889298 ], [ -1948359.690100000239909, -338306.155799998901784 ], [ -1948391.016799999168143, -338339.966400002595037 ], [ -1948469.356699995230883, -338422.428499993868172 ], [ -1948490.770000000717118, -338445.359800003003329 ], [ -1948509.802999999839813, -338466.115100000984967 ], [ -1948530.100399997550994, -338488.783199998550117 ], [ -1948548.552099998341873, -338510.25630000140518 ], [ -1948572.527699996251613, -338534.995700000785291 ], [ -1948588.244399996940047, -338554.794100002385676 ], [ -1948605.17429999797605, -338577.094099997077137 ], [ -1948620.636700001079589, -338598.834500001277775 ], [ -1948635.093100000638515, -338620.248000002466142 ], [ -1948648.422399998642504, -338641.3740000044927 ], [ -1948654.870999996550381, -338651.917299993336201 ], [ -1948660.871600000653416, -338662.364700002130121 ], [ -1948666.611399998422712, -338672.774699993431568 ], [ -1948672.0942, -338683.15360000077635 ], [ -1948677.3235999988392, -338693.508599997963756 ], [ -1948682.484999999636784, -338703.895099997986108 ], [ -1948687.215299997944385, -338714.216599998995662 ], [ -1948691.699400001671165, -338724.528500000946224 ], [ -1948697.528599991463125, -338738.291899994015694 ], [ -1948702.870399997569621, -338752.261499997694045 ], [ -1948707.910499997902662, -338766.494699997361749 ], [ -1948712.651099994778633, -338780.998700000811368 ], [ -1948717.277699996717274, -338795.830999998841435 ], [ -1948721.42759999865666, -338810.899599991738796 ], [ -1948725.469099998939782, -338826.315900000743568 ], [ -1948729.039700001943856, -338841.989100001286715 ], [ -1948732.503399999812245, -338858.012700002174824 ], [ -1948735.50259999721311, -338874.317799997981638 ], [ -1948738.405799996107817, -338891.021599997766316 ], [ -1948740.85059999790974, -338908.040099993348122 ], [ -1948743.20499999448657, -338925.490199995227158 ], [ -1948745.290099996607751, -338943.349200001452118 ], [ -1948747.109000002034009, -338961.643799999263138 ], [ -1948766.49859999679029, -338983.332699998281896 ], [ -1948767.630500001367182, -338999.896900000981987 ], [ -1948768.571899998001754, -339016.86699999589473 ], [ -1948769.324599996907637, -339034.277099999599159 ], [ -1948769.890599998179823, -339052.171799997333437 ], [ -1948770.468600003514439, -339089.592400000430644 ], [ -1948770.316599996760488, -339129.79300000006333 ], [ -1948769.609200001927093, -339166.996199992485344 ], [ -1948768.340199996484444, -339208.491099999751896 ], [ -1948766.734700002707541, -339249.889099999330938 ], [ -1948762.320599996717647, -339359.038800000213087 ], [ -1948761.147599996998906, -339391.211400000378489 ], [ -1948760.285000000149012, -339420.08209999743849 ], [ -1948790.244899998418987, -339457.482299999799579 ], [ -1948789.950599996373057, -339487.799299996811897 ], [ -1948790.040899996878579, -339516.48760000243783 ], [ -1948790.267899999860674, -339543.533700002357364 ], [ -1948791.389199998695403, -339575.672299996949732 ], [ -1948793.110199996968731, -339606.39789999788627 ], [ -1948795.442500000353903, -339635.91629999736324 ], [ -1948798.147699996363372, -339664.057899998035282 ], [ -1948801.741099998354912, -339691.578599994070828 ], [ -1948805.731400000862777, -339717.914999992586672 ], [ -1948810.379299998749048, -339743.441399997100234 ], [ -1948813.077599994372576, -339756.070099995937198 ], [ -1948815.694999999366701, -339768.211500002536923 ], [ -1948822.486399998422712, -339795.885599996894598 ], [ -1948830.32669999380596, -339824.208099999465048 ], [ -1948838.980599996633828, -339852.925300000235438 ], [ -1948877.091800001449883, -339884.110799994785339 ], [ -1948894.812000001315027, -339914.309199996758252 ], [ -1948906.033199995290488, -339944.614799997303635 ], [ -1948918.183099996298552, -339975.656300004106015 ], [ -1948931.323100002482533, -340007.590899996459484 ], [ -1948944.546200001612306, -340038.363000004086643 ], [ -1948958.801599998958409, -340070.316699997521937 ], [ -1948974.221299998927861, -340103.748399996198714 ], [ -1948991.059999997261912, -340139.211499996948987 ], [ -1949007.416099994909018, -340172.863699996843934 ], [ -1949025.838500001467764, -340210.090000002179295 ], [ -1949136.704999999376014, -340352.794400001876056 ], [ -1949164.001499996054918, -340408.76429999852553 ], [ -1949178.60010000015609, -340439.247800001874566 ], [ -1949191.775699999649078, -340467.528799997176975 ], [ -1949204.173099995590746, -340494.646200002171099 ], [ -1949215.738499996252358, -340520.651799996383488 ], [ -1949229.304599999450147, -340552.077199999708682 ], [ -1949241.857099999208003, -340582.402800003066659 ], [ -1949253.4871, -340611.845399994868785 ], [ -1949264.252499998081475, -340640.547800002153963 ], [ -1949274.400899999542162, -340668.905400001443923 ], [ -1949284.136299999430776, -340697.203600002452731 ], [ -1949293.110199997900054, -340725.046999999787658 ], [ -1949301.341899998486042, -340752.494900001678616 ], [ -1949388.135100000770763, -340875.213100004009902 ], [ -1949402.503800000529736, -340925.507800003513694 ], [ -1949409.839499999769032, -340952.199399998877198 ], [ -1949416.464399999007583, -340977.201299996580929 ], [ -1949422.502599996048957, -341000.983099999837577 ], [ -1949428.014600000344217, -341023.783999999053776 ], [ -1949433.521399996709079, -341047.944099999498576 ], [ -1949438.483599998988211, -341071.306999993510544 ], [ -1949442.928599999751896, -341094.001200004015118 ], [ -1949446.873299997765571, -341116.114599991589785 ], [ -1949450.334499999415129, -341137.744199996814132 ], [ -1949453.316799998749048, -341158.922800001688302 ], [ -1949455.827100002905354, -341179.699400002136827 ], [ -1949457.869900000514463, -341200.111999996937811 ], [ -1949459.3693, -341218.010000001173466 ], [ -1949501.113799999468029, -341243.345899998210371 ], [ -1949516.162799995392561, -341263.884799991734326 ], [ -1949517.066599999088794, -341281.9046 ], [ -1949517.770199997816235, -341299.936999999918044 ], [ -1949518.273100001737475, -341317.968899996485561 ], [ -1949518.574999996460974, -341335.986600000411272 ], [ -1949518.675700000254437, -341353.977000002749264 ], [ -1949518.575100001413375, -341371.924099993892014 ], [ -1949518.273199999704957, -341389.817899996414781 ], [ -1949517.770400000270456, -341407.645799991674721 ], [ -1949517.066999997710809, -341425.395399997010827 ], [ -1949516.163400003453717, -341443.054199998266995 ], [ -1949515.060299996752292, -341460.610899997875094 ], [ -1949513.758399996673688, -341478.05409999191761 ], [ -1949512.258500000694767, -341495.372600001748651 ], [ -1949510.550700002117082, -341512.465999996289611 ], [ -1949508.5848000026308, -341529.669000001624227 ], [ -1949506.360900000669062, -341546.981099993921816 ], [ -1949503.879100000252947, -341564.401399997994304 ], [ -1949501.139499999815598, -341581.929299999959767 ], [ -1949498.142199997091666, -341599.563799999188632 ], [ -1949494.887400001753122, -341617.304099992383271 ], [ -1949494.334627367090434, -341620.112803825177252 ], [ -1949491.375300002284348, -341635.149500000290573 ], [ -1949487.605799994897097, -341653.099500000011176 ], [ -1949483.579299998003989, -341671.152599994558841 ], [ -1949503.095799999777228, -341692.859300000127405 ], [ -1949515.112299998523667, -341713.586400001775473 ], [ -1949510.316199997439981, -341731.942999992053956 ], [ -1949505.264099999796599, -341750.39849999640137 ], [ -1949499.956299999495968, -341768.951900000683963 ], [ -1949494.393199995160103, -341787.601899998262525 ], [ -1949488.572999996365979, -341806.353899999987334 ], [ -1949482.498100001830608, -341825.199999998323619 ], [ -1949476.168900002725422, -341844.138699998147786 ], [ -1949469.586000000359491, -341863.168599999975413 ], [ -1949462.749800000339746, -341882.288199994713068 ], [ -1949455.660899996990338, -341901.495799996424466 ], [ -1949448.319999996107072, -341920.789700000081211 ], [ -1949440.727799997199327, -341940.168100001290441 ], [ -1949432.884399998001754, -341959.630499997641891 ], [ -1949424.79119999660179, -341979.173399998806417 ], [ -1949407.858899997547269, -342018.492499997839332 ], [ -1949389.938700002152473, -342058.107100000604987 ], [ -1949371.040199996205047, -342097.995899999048561 ], [ -1949366.352399998577312, -342107.278200001455843 ], [ -1950622.838799994438887, -341375.901500004343688 ], [ -1951190.363699996378273, -342682.209300003945827 ], [ -1951776.9693, -342945.178499997593462 ], [ -1951960.824298628140241, -342795.415098629426211 ], [ -1953153.994900001678616, -341823.489999997895211 ], [ -1953121.223708060570061, -341775.449199993629009 ], [ -1951709.622938001994044, -339706.118599996436387 ], [ -1950558.177100001135841, -338018.161099998280406 ], [ -1949655.189300002064556, -336378.116799997165799 ], [ -1949454.437900001648813, -335656.661819808185101 ], [ -1948727.110199999529868, -333042.811099995858967 ], [ -1948950.144799545407295, -331434.320813160389662 ], [ -1949013.327106126584113, -330978.660002523567528 ], [ -1949017.478999998653308, -330948.717200002633035 ], [ -1949013.186199999880046, -330953.396600003819913 ], [ -1949004.606799997156486, -330963.078499991912395 ], [ -1948996.478199998382479, -330972.60059999814257 ], [ -1948988.75700000138022, -330982.014499999582767 ], [ -1948981.430799996480346, -330991.336400000844151 ], [ -1948974.479499997571111, -331000.591599997598678 ], [ -1948967.888499999186024, -331009.799799998290837 ], [ -1948961.841299997409806, -331018.778599997982383 ], [ -1948955.93249999708496, -331028.190400001592934 ], [ -1948950.150400001555681, -331038.053799999412149 ], [ -1948944.480500003322959, -331048.393799999728799 ], [ -1948938.913099999306723, -331059.22629999415949 ], [ -1948933.420499995816499, -331070.604500000365078 ], [ -1948927.978600000962615, -331082.577700001187623 ], [ -1948922.552899998147041, -331095.221599992830306 ], [ -1948918.257058680988848, -331105.972946491558105 ] ] ] } },
{ "type": "Feature", "properties": { "ID": 736, "YEAR": "2012-2013", "Perimtr_KM": 14.3392149852, "AREA_KM": 7.8737563462600004, "SCALE": 1, "THICKNES_M": 99.4267245785, "VOLUME_KM": 0.78286180364000002, "MASS_GT": 0.71788427393999998, "RECURRANCE": "4-5", "UA_KM": 0.07169607493000001, "UH_M": 8.2524180993199998, "UC_KM": 0.05990005516, "REGION": "West", "ICESHELF": "Abbot_5" }, "geometry": { "type": "Polygon", "coordinates": [ [ [ -1960487.614599997876212, -204449.935800000093877 ], [ -1960493.534382628742605, -204461.275000001303852 ], [ -1960503.821400001179427, -204480.979532205034047 ], [ -1960508.750184849603102, -204490.420500001404434 ], [ -1961115.294553692918271, -205652.241522691678256 ], [ -1961744.603754225187004, -206857.66802816465497 ], [ -1962461.716643017716706, -208231.280368236359209 ], [ -1962535.1628, -208371.964700000360608 ], [ -1962541.4735, -208340.569499999750406 ], [ -1962548.422499998938292, -208308.249199999962002 ], [ -1962554.846200000494719, -208280.858699996955693 ], [ -1962558.211299999151379, -208264.233599998988211 ], [ -1962562.906199999852106, -208249.12279999954626 ], [ -1962563.652428513392806, -208246.828050323296338 ], [ -1962567.560800002422184, -208234.809300003573298 ], [ -1962570.792700001038611, -208220.615299997851253 ], [ -1962575.44910000031814, -208207.675200002733618 ], [ -1962580.131200000178069, -208195.35999999800697 ], [ -1962584.853999996557832, -208183.633900000248104 ], [ -1962589.4179, -208171.561499998439103 ], [ -1962590.49979107035324, -208168.764035471249372 ], [ -1962594.510799999348819, -208158.392699995078146 ], [ -1962600.916700000874698, -208145.724899993278086 ], [ -1962607.45420000096783, -208133.831499998923391 ], [ -1962614.135899998713285, -208122.690499996300787 ], [ -1962620.976099997758865, -208112.279199997428805 ], [ -1962627.982200002064928, -208102.586999997496605 ], [ -1962635.163799997419119, -208093.601099994964898 ], [ -1962642.529, -208085.311299995984882 ], [ -1962651.295000002952293, -208077.39419999346137 ], [ -1962659.27430000086315, -208071.369799997657537 ], [ -1962667.247299999464303, -208065.113499997649342 ], [ -1962676.62859999970533, -208059.225999993272126 ], [ -1962685.030499998480082, -208054.30739999609068 ], [ -1962694.851500000571832, -208049.750300001818687 ], [ -1962705.1111, -208046.762199999764562 ], [ -1962714.19370000064373, -208043.827199997380376 ], [ -1962727.416299996431917, -208040.094799999613315 ], [ -1962741.453100000973791, -208037.514899996574968 ], [ -1962754.867400000337511, -208035.490699996240437 ], [ -1962770.022199996747077, -208033.426600002683699 ], [ -1962785.266199996229261, -208029.816700001247227 ], [ -1962800.555700002703816, -208026.396499997004867 ], [ -1962816.706400000257418, -208023.355199997313321 ], [ -1962833.248499996494502, -208020.61029999749735 ], [ -1962834.432093920651823, -208020.439249084796757 ], [ -1962850.156399995787069, -208018.16680000256747 ], [ -1962866.937399994349107, -208015.943999991286546 ], [ -1962884.397699996363372, -208014.129099991638213 ], [ -1962902.059199996525422, -208012.63679999532178 ], [ -1962921.212300000712276, -208010.585699999239296 ], [ -1962941.967599998693913, -208008.067999998107553 ], [ -1962964.435400000307709, -208005.174999999348074 ], [ -1962986.893499997910112, -208002.616300000809133 ], [ -1963009.214399996679276, -208000.391199996229261 ], [ -1963031.422499996609986, -207998.497799997683614 ], [ -1963051.962299999082461, -207997.731699996162206 ], [ -1963073.797199998982251, -207996.496399995870888 ], [ -1963095.372699997853488, -207995.585899994708598 ], [ -1963115.142199996858835, -207995.793300000485033 ], [ -1963136.666099999332801, -207995.699399999342859 ], [ -1963157.217899999115616, -207995.737900000996888 ], [ -1963175.82269999734126, -207996.874799997545779 ], [ -1963195.483599999453872, -207997.513799995649606 ], [ -1963213.749300001654774, -207999.422100000083447 ], [ -1963229.409499997971579, -208002.234800002072006 ], [ -1963243.026799998944625, -208006.123700001742691 ], [ -1963256.08629999961704, -208010.285699998959899 ], [ -1963268.566399996634573, -208014.71410000231117 ], [ -1963280.448399994987994, -208019.402200000360608 ], [ -1963292.588500001002103, -208024.879800000693649 ], [ -1963304.385099999606609, -208031.069899999070913 ], [ -1963316.951299995649606, -208037.926899998448789 ], [ -1963328.080000000540167, -208045.552900000941008 ], [ -1963339.99129999964498, -208053.853899999987334 ], [ -1963351.58659999538213, -208062.885400000493973 ], [ -1963362.87379999505356, -208072.653900004457682 ], [ -1963373.861499997787178, -208083.168000004254282 ], [ -1963384.543699998408556, -208094.418799993116409 ], [ -1963394.946199994999915, -208106.43390000006184 ], [ -1963405.078999998513609, -208119.226499997545034 ], [ -1963414.954199997941032, -208132.813499991316348 ], [ -1963425.688000001711771, -208147.159799997229129 ], [ -1963435.083999997936189, -208162.392499991692603 ], [ -1963446.364100001286715, -208177.88729999307543 ], [ -1963456.340200000442564, -208194.333500002045184 ], [ -1963465.557599994819611, -208207.380299999378622 ], [ -1963474.790199995506555, -208221.557000001892447 ], [ -1963482.829899998614565, -208236.439899996854365 ], [ -1963491.907500000204891, -208251.974300004076213 ], [ -1963499.819599997019395, -208268.286399997770786 ], [ -1963508.812700000824407, -208285.36979999486357 ], [ -1963516.700299999676645, -208303.407699996605515 ], [ -1963525.737199997529387, -208322.432500001974404 ], [ -1963540.440399999730289, -208355.800299999769777 ], [ -1963556.404099998995662, -208394.033900002483279 ], [ -1963571.752800001297146, -208431.561499994713813 ], [ -1963606.505699996370822, -208526.984100002329797 ], [ -1963629.773699996527284, -208577.785899993497878 ], [ -1963642.014100000960752, -208603.344199993181974 ], [ -1963651.789199997903779, -208627.437000001315027 ], [ -1963661.771799998823553, -208649.673300004098564 ], [ -1963671.732399997999892, -208670.637000001501292 ], [ -1963682.955500000622123, -208694.653699994552881 ], [ -1963693.209599997848272, -208717.365299992728978 ], [ -1963703.608100002165884, -208738.915499996393919 ], [ -1963714.183499995386228, -208759.388999999966472 ], [ -1963724.974399997852743, -208778.876599999610335 ], [ -1963735.99470000131987, -208797.40689999749884 ], [ -1963732.42992040887475, -207588.668621357996017 ], [ -1963726.515899999300018, -205583.354500001296401 ], [ -1962866.618300000671297, -205054.186799995601177 ], [ -1961494.768500002101064, -204304.801113365683705 ], [ -1960496.315578042995185, -203759.386937202885747 ], [ -1960267.879299998749048, -203634.601499999407679 ], [ -1960487.614599997876212, -204449.935800000093877 ] ] ] } },
{ "type": "Feature", "properties": { "ID": 737, "YEAR": "2012-2013", "Perimtr_KM": 36.896747697199999, "AREA_KM": 31.8841102879, "SCALE": 2, "THICKNES_M": 99.4267245785, "VOLUME_KM": 3.1701326520299999, "MASS_GT": 2.9070116419100001, "RECURRANCE": "6-8", "UA_KM": 0.18448373849, "UH_M": 8.2524180993199998, "UC_KM": 0.24256020647000001, "REGION": "West", "ICESHELF": "Abbot_6" }, "geometry": { "type": "Polygon", "coordinates": [ [ [ -1925560.293699998874217, -181704.66099999146536 ], [ -1926366.580099997110665, -186252.534199999645352 ], [ -1926311.632500000763685, -185088.110399996396154 ], [ -1926326.21940000122413, -185106.561899994499981 ], [ -1926347.166599998716265, -185122.29619999229908 ], [ -1926368.525399999693036, -185138.525100002530962 ], [ -1926390.034599998965859, -185153.642499995417893 ], [ -1926411.955400002188981, -185169.254199999384582 ], [ -1926434.157200002577156, -185184.557599997613579 ], [ -1926468.681400002446026, -185207.366699997335672 ], [ -1926500.124200000427663, -185227.085999998729676 ], [ -1926529.860599998151883, -185245.437700001522899 ], [ -1926558.454700001981109, -185263.530400002375245 ], [ -1926572.575500001199543, -185272.826900003943592 ], [ -1926586.447999994736165, -185281.723000002559274 ], [ -1926600.095499998424202, -185290.233700001146644 ], [ -1926613.535799998557195, -185298.369899992831051 ], [ -1926626.788499998860061, -185306.143599994946271 ], [ -1926639.862700002267957, -185313.559799999464303 ], [ -1926652.769900002982467, -185320.625100000295788 ], [ -1926665.519399998709559, -185327.344699997920543 ], [ -1926679.576800000155345, -185334.334300003014505 ], [ -1926693.91389999864623, -185340.921099999453872 ], [ -1926708.537300001364201, -185347.108300003223121 ], [ -1926724.731199998874217, -185359.267499996349216 ], [ -1926743.268399997148663, -185381.222500001080334 ], [ -1926762.116999998688698, -185402.787699994631112 ], [ -1926780.01040000282228, -185417.597599999047816 ], [ -1926796.194499998353422, -185421.834699997678399 ], [ -1926812.702399999834597, -185425.686899999156594 ], [ -1926829.569899995811284, -185429.163599994033575 ], [ -1926842.004138810094446, -185431.402285072021186 ], [ -1926846.813099994789809, -185432.268100002314895 ], [ -1926864.451299999374896, -185435.003899999894202 ], [ -1926882.5008, -185437.37360000051558 ], [ -1926900.992400000803173, -185439.381600001826882 ], [ -1926919.954899998847395, -185441.031000001356006 ], [ -1926939.424900001380593, -185442.325000001117587 ], [ -1926956.212699995841831, -185443.139699992723763 ], [ -1926973.419599995482713, -185443.706799991894513 ], [ -1926991.080699997022748, -185444.02749999333173 ], [ -1927009.241899998858571, -185444.102499996777624 ], [ -1927027.933399997185916, -185443.932599992491305 ], [ -1927047.248499998589978, -185443.517299997154623 ], [ -1927067.272099999710917, -185442.854799993801862 ], [ -1927088.131499999202788, -185441.940900001674891 ], [ -1927125.470600003609434, -185439.822299996390939 ], [ -1927167.152099996805191, -185436.887399998959154 ], [ -1927213.525799999246374, -185467.710900000296533 ], [ -1927322.216699998127297, -185468.892400001641363 ], [ -1927353.494699995266274, -185466.465199996717274 ], [ -1927381.572499999543652, -185464.493700004182756 ], [ -1927412.991599996574223, -185462.598099996335804 ], [ -1927442.29619999974966, -185461.199900004081428 ], [ -1927470.032900001388043, -185460.273200003430247 ], [ -1927496.480499997735023, -185459.809300004504621 ], [ -1927527.274999998975545, -185459.864299998618662 ], [ -1927556.729799997527152, -185460.601400000043213 ], [ -1927585.038400001358241, -185462.025600000284612 ], [ -1927612.327599999029189, -185464.143400001339614 ], [ -1927640.655000002589077, -185473.529199996963143 ], [ -1927657.925999999279156, -185490.206499999389052 ], [ -1927674.996300001163036, -185507.062800002284348 ], [ -1927687.490100001217797, -185509.1006999919191 ], [ -1927699.797799997963011, -185511.320099991746247 ], [ -1927711.925800001714379, -185513.722000001464039 ], [ -1927723.879699999466538, -185516.307499998249114 ], [ -1927749.757799998857081, -185522.443099998869002 ], [ -1927776.004799998365343, -185529.256299997214228 ], [ -1927802.432399999117479, -185536.22959999833256 ], [ -1927829.343199995346367, -185543.91149999666959 ], [ -1927856.780900003621355, -185552.314400001894683 ], [ -1927884.871099996846169, -185561.477899999823421 ], [ -1927913.488300000317395, -185570.909900001715869 ], [ -1927943.275300001492724, -185581.731399998534471 ], [ -1927970.220299999462441, -185591.458499999251217 ], [ -1927998.50580000365153, -185602.530300001613796 ], [ -1928027.927900003734976, -185613.99650000128895 ], [ -1928059.481500001158565, -185627.134899992961437 ], [ -1928129.494699997827411, -185675.913399999495596 ], [ -1928249.034100000979379, -185728.990699996240437 ], [ -1928298.003599998075515, -185750.398400001693517 ], [ -1928348.936799999326468, -185772.135299996938556 ], [ -1928394.709500001743436, -185791.079499998595566 ], [ -1928421.38670000154525, -185801.757900002412498 ], [ -1928447.12639999971725, -185811.740599994547665 ], [ -1928472.103700001491234, -185821.096399997361004 ], [ -1928496.634100000374019, -185829.793199999257922 ], [ -1928520.446600003167987, -185838.029599991627038 ], [ -1928543.581299998797476, -185845.818700002506375 ], [ -1928574.964900000486523, -185866.670399997383356 ], [ -1928597.316400000359863, -185873.47059999871999 ], [ -1928625.954399996437132, -185881.825500001665205 ], [ -1928654.890399999683723, -185890.036599998362362 ], [ -1928684.131700002588332, -185898.106099999044091 ], [ -1928713.686599997105077, -185906.036299996543676 ], [ -1928743.562800001353025, -185913.829099999275059 ], [ -1928773.770799995400012, -185921.487300003413111 ], [ -1928804.320899998769164, -185929.013700000010431 ], [ -1928835.224299997789785, -185936.410799997393042 ], [ -1928866.477999999653548, -185943.678199997637421 ], [ -1928898.110299998894334, -185950.822700003627688 ], [ -1928930.135800000280142, -185957.84739999147132 ], [ -1928962.570800001034513, -185964.755899996496737 ], [ -1929036.135199999436736, -185987.938499996904284 ], [ -1929104.179000000935048, -186000.882300003897399 ], [ -1929173.204699999885634, -186013.132500003091991 ], [ -1929244.520799996331334, -186025.192199994809926 ], [ -1929318.4466, -186036.867399994749576 ], [ -1929395.48249999852851, -186048.487799996510148 ], [ -1929481.637400001753122, -186070.500100002624094 ], [ -1929566.478100000414997, -186082.050700002815574 ], [ -1929657.502199999755248, -186093.785299994982779 ], [ -1929758.585900003090501, -186106.388999999500811 ], [ -1929786.853600000496954, -186109.656799998600036 ], [ -1929815.502500002738088, -186112.444700002670288 ], [ -1929844.546999998390675, -186114.931199994403869 ], [ -1929874.000699999276549, -186117.028799997176975 ], [ -1929903.876899996772408, -186118.738700000103563 ], [ -1929954.664600000251085, -186141.676199996843934 ], [ -1929985.444600001210347, -186142.61359999421984 ], [ -1930015.998699996853247, -186142.58199999993667 ], [ -1930047.727099999552593, -186142.749599997419864 ], [ -1930079.989000000525266, -186142.533700003288686 ], [ -1930113.523899999214336, -186142.518000000622123 ], [ -1930146.949699997436255, -186141.533900001086295 ], [ -1930181.005299999844283, -186140.164799999911338 ], [ -1930215.748899996746331, -186138.408399997279048 ], [ -1930251.234299999428913, -186136.261999994516373 ], [ -1930287.529399995226413, -186133.721599992830306 ], [ -1930319.110900002066046, -186131.887400003615767 ], [ -1930350.654100003186613, -186129.188400002196431 ], [ -1930389.387499998789281, -186134.664100000634789 ], [ -1930437.16979999653995, -186142.653800001367927 ], [ -1930471.137200003024191, -186139.075200000312179 ], [ -1930507.771800000220537, -186136.231600002851337 ], [ -1930583.237899996340275, -186128.464500000700355 ], [ -1930604.897166028618813, -186125.688725651241839 ], [ -1930649.641899997368455, -186119.954399996437132 ], [ -1930704.858592046424747, -186113.444480508565903 ], [ -1930725.150599998654798, -186111.052099996712059 ], [ -1930799.048199999146163, -186102.031600000336766 ], [ -1930981.765899999532849, -186087.282100001350045 ], [ -1931082.008700000587851, -186074.791200002655387 ], [ -1931135.376899994909763, -186069.033300003968179 ], [ -1931185.318500001449138, -186063.994799998123199 ], [ -1931231.154599994886667, -186058.556399998720735 ], [ -1931274.924699999857694, -186053.670899991877377 ], [ -1931300.525599997956306, -186047.990699995774776 ], [ -1931347.099799999035895, -186043.731199997011572 ], [ -1931393.90790000371635, -186039.89060000050813 ], [ -1931439.174100001575425, -186036.708599992562085 ], [ -1931483.857000001473352, -186034.780399997718632 ], [ -1931526.579999993788078, -186032.881699999328703 ], [ -1931568.182899996638298, -186031.618099998217076 ], [ -1931608.753199993865564, -186030.986799997743219 ], [ -1931632.98339999653399, -186030.911599998362362 ], [ -1931656.873799997381866, -186031.070400000549853 ], [ -1931680.438199997181073, -186031.463199997320771 ], [ -1931703.688399997306988, -186032.090199998579919 ], [ -1931725.606999997980893, -186033.91880000103265 ], [ -1931726.038600003812462, -186027.625299999956042 ], [ -1931739.897700001718476, -186026.233799998648465 ], [ -1931762.175499998731539, -186027.754099995363504 ], [ -1931784.014499995624647, -186029.559199993032962 ], [ -1931805.594000000273809, -186031.601599991787225 ], [ -1931826.92110000224784, -186033.881999998353422 ], [ -1931848.002000002656132, -186036.400900001637638 ], [ -1931869.022599995601922, -186039.111599993426353 ], [ -1931889.629099996061996, -186042.110000000335276 ], [ -1931910.0063, -186045.349199998192489 ], [ -1931930.338199999881908, -186048.78230000147596 ], [ -1931950.298899999354035, -186052.511000000406057 ], [ -1931970.043200001586229, -186056.483500002883375 ], [ -1931989.754700000397861, -186060.653099999763072 ], [ -1932009.07810000074096, -186065.115900000557303 ], [ -1932028.376499999780208, -186069.777399996761233 ], [ -1932047.293799998704344, -186074.733699998352677 ], [ -1932066.192299997899681, -186079.890499998815358 ], [ -1932084.71599999582395, -186085.343800003640354 ], [ -1932103.228599998634309, -186090.999600000213832 ], [ -1932121.372000000672415, -186096.953800002578646 ], [ -1932139.507900001015514, -186103.111800003331155 ], [ -1932157.45910000288859, -186109.522100002504885 ], [ -1932174.497300000395626, -186118.649500004015863 ], [ -1932190.860200000461191, -186130.154199991840869 ], [ -1932208.254099998623133, -186137.346099992282689 ], [ -1932225.472199998330325, -186144.793900005053729 ], [ -1932251.928700001444668, -186156.924099997617304 ], [ -1932278.388199996901676, -186169.806000002659857 ], [ -1932304.863800000399351, -186183.446100002620369 ], [ -1932331.532199998386204, -186197.823700002394617 ], [ -1932358.082199997501448, -186213.0024000024423 ], [ -1932384.858100001700222, -186228.936999996658415 ], [ -1932411.553800001274794, -186245.695199996232986 ], [ -1932438.515200000954792, -186263.233899992890656 ], [ -1932465.562199996318668, -186281.567900000605732 ], [ -1932492.598800002131611, -186300.769499997142702 ], [ -1932519.977799997199327, -186320.802500001620501 ], [ -1932547.570599995553493, -186341.719799996819347 ], [ -1932575.404699994483963, -186363.542499996721745 ], [ -1932603.695799998706207, -186386.284199999645352 ], [ -1932629.849499998148531, -186416.616500000469387 ], [ -1932658.316899997415021, -186441.361599997617304 ], [ -1932681.242800001986325, -186461.741300004534423 ], [ -1932704.516299997456372, -186482.861000000499189 ], [ -1932728.187899996060878, -186504.766300003509969 ], [ -1932752.322999995434657, -186527.518299997784197 ], [ -1932776.963500001234934, -186551.155499991960824 ], [ -1932802.156999997794628, -186575.696800004225224 ], [ -1932828.1965, -186601.477899991441518 ], [ -1932855.091200002003461, -186628.460699998307973 ], [ -1932901.196299995528534, -186675.511399997398257 ], [ -1932952.2589, -186728.510999998543411 ], [ -1933001.335900003556162, -186780.055999994743615 ], [ -1933127.809400000376627, -186919.30900000128895 ], [ -1933192.45469999872148, -186986.954200002830476 ], [ -1933225.693400000454858, -187021.260599993634969 ], [ -1933257.010299997637048, -187053.19199999794364 ], [ -1933286.946800002362579, -187083.300500004552305 ], [ -1933315.799699999392033, -187111.885399994440377 ], [ -1933347.469299997668713, -187142.713299999944866 ], [ -1933378.238799997605383, -187172.06479999423027 ], [ -1933408.292499999050051, -187200.117899998091161 ], [ -1933437.727199997520074, -187226.95829999120906 ], [ -1933466.697399995755404, -187252.730599996633828 ], [ -1933495.226500000571832, -187277.44949999731034 ], [ -1933523.404400000581518, -187301.198499997146428 ], [ -1933552.612100002821535, -187331.155699996743351 ], [ -1933594.320999995339662, -187365.136599996592849 ], [ -1933635.796868095872924, -187399.579642603173852 ], [ -1933640.450999999186024, -187403.444600001443177 ], [ -1933685.180900001898408, -187441.105499998666346 ], [ -1933797.808699996443465, -187536.511200000997633 ], [ -1933859.047100001946092, -187587.705099996645004 ], [ -1933891.275699995923787, -187614.171199999283999 ], [ -1933921.613899997668341, -187638.70459999749437 ], [ -1933950.629199997289106, -187661.753200000617653 ], [ -1933981.328399998834357, -187688.684200001880527 ], [ -1934015.763500000815839, -187714.726800001692027 ], [ -1934049.273600000888109, -187739.242399999406189 ], [ -1934056.375428519677371, -187744.285574943292886 ], [ -1934081.927499994635582, -187762.430699998047203 ], [ -1934113.797500000800937, -187784.416100001428276 ], [ -1934145.471000000368804, -187805.202600001823157 ], [ -1934176.747099995845929, -187824.906599991954863 ], [ -1934207.710099996067584, -187843.581599997356534 ], [ -1934238.298000001814216, -187861.308500001672655 ], [ -1934265.76009999634698, -187876.570199996698648 ], [ -1934292.851599998772144, -187891.437899992335588 ], [ -1934319.706700001377612, -187905.873899997677654 ], [ -1934346.457999996375293, -187919.84039999730885 ], [ -1934372.85660000378266, -187933.422399998642504 ], [ -1934399.032599998870865, -187946.580400000791997 ], [ -1934424.989300002343953, -187959.315899999812245 ], [ -1934454.641600000672042, -187973.834800002165139 ], [ -1934473.846849765162915, -187982.743123693857342 ], [ -1934480.250399998854846, -187985.713399996049702 ], [ -1934505.647300002165139, -187997.172899998258799 ], [ -1934530.833999996073544, -188008.214200003538281 ], [ -1934555.811999997124076, -188018.837999998126179 ], [ -1934580.582899999339134, -188029.044799998868257 ], [ -1934605.1475, -188038.835100001655519 ], [ -1934629.506700000725687, -188048.209299998823553 ], [ -1934653.661400003824383, -188057.1675999998115 ], [ -1934680.378799997270107, -188066.603900001384318 ], [ -1934707.311700000194833, -188075.657599999569356 ], [ -1934734.881000000517815, -188084.21319999685511 ], [ -1934762.895199990598485, -188092.334499996621162 ], [ -1934791.366199997020885, -188100.025199997238815 ], [ -1934820.107900002971292, -188107.350000003352761 ], [ -1934849.546600000467151, -188114.193999999202788 ], [ -1934880.485999998170882, -188119.494100001640618 ], [ -1934913.494599999394268, -188122.584200001321733 ], [ -1934944.296199996955693, -188128.247100000735372 ], [ -1934976.000999996904284, -188133.384400002192706 ], [ -1935008.008900000713766, -188138.25219999300316 ], [ -1935040.98119999608025, -188142.604500002227724 ], [ -1935074.3375, -188146.699299998115748 ], [ -1935108.444399998523295, -188150.417399998288602 ], [ -1935143.68120000185445, -188153.640399996656924 ], [ -1935174.747899998445064, -188156.255399996880442 ], [ -1935206.542299999855459, -188158.601399996783584 ], [ -1935239.1317999958992, -188160.683100000955164 ], [ -1935272.921999998856336, -188162.381200002506375 ], [ -1935307.334799998207018, -188163.949800002854317 ], [ -1935345.788699999451637, -188154.19779999833554 ], [ -1935382.514299996662885, -188153.974100002087653 ], [ -1935420.905599996913224, -188154.826199997682124 ], [ -1935477.657999997027218, -188155.641899996437132 ], [ -1935539.855899999383837, -188156.046999997925013 ], [ -1935612.660500002559274, -188156.062600002158433 ], [ -1935766.719000002136454, -188155.478299997746944 ], [ -1935835.579900000244379, -188135.959299992769957 ], [ -1935905.789299996104091, -188136.284300000872463 ], [ -1935968.39469999819994, -188137.103999991901219 ], [ -1935991.650400000391528, -188137.771899999119341 ], [ -1936017.683299995958805, -188139.000699997413903 ], [ -1936042.585699999006465, -188140.492799997795373 ], [ -1936102.613799998536706, -188144.091499992180616 ], [ -1936132.501899995375425, -188145.750599995721132 ], [ -1936160.715199999511242, -188146.814800002612174 ], [ -1936186.169699998106807, -188147.16460000211373 ], [ -1936202.196400003507733, -188147.006799993105233 ], [ -1936217.54089999711141, -188146.53220000397414 ], [ -1936232.821499996818602, -188139.831099991686642 ], [ -1936248.211199996527284, -188125.718199999537319 ], [ -1936261.602800001623109, -188120.705499998293817 ], [ -1936275.046199999051169, -188118.920999997295439 ], [ -1936288.125700002070516, -188116.797300002537668 ], [ -1936300.869199999142438, -188114.329700001515448 ], [ -1936314.754500000737607, -188111.337699991650879 ], [ -1936329.808099997229874, -188107.210499997716397 ], [ -1936344.919000001624227, -188102.660099994856864 ], [ -1936361.646200001472607, -188096.841200003400445 ], [ -1936375.857099998742342, -188091.642300000879914 ], [ -1936392.306099997833371, -188085.117800004314631 ], [ -1936446.708400000818074, -188062.798199999146163 ], [ -1936467.955100002000108, -188054.345400002785027 ], [ -1936490.248499996960163, -188045.964400001335889 ], [ -1936499.91389999864623, -188042.759500003419816 ], [ -1936509.812700001057237, -188039.524800001643598 ], [ -1936530.071799999568611, -188033.570399996358901 ], [ -1936551.2259, -188027.683599998243153 ], [ -1936572.019900002051145, -188022.615200003609061 ], [ -1936593.726799997035414, -188017.609700003638864 ], [ -1936615.091699994402006, -188013.418099998030812 ], [ -1936637.390800000866875, -188009.284599998034537 ], [ -1936659.372499998891726, -188005.960099991876632 ], [ -1936684.123900002101436, -187994.882699996698648 ], [ -1936705.789899997413158, -187968.476100004743785 ], [ -1936729.4112, -187966.061100000049919 ], [ -1936753.410000002011657, -187964.069400002248585 ], [ -1936777.807799995411187, -187962.499299992341548 ], [ -1936802.622899997280911, -187961.349299994297326 ], [ -1936826.945999994874001, -187960.901200002525002 ], [ -1936852.691099996911362, -187960.587499998975545 ], [ -1936878.953400000464171, -187960.691100004129112 ], [ -1936905.382300001569092, -187960.893399999942631 ], [ -1936931.418099998496473, -187961.756999996490777 ], [ -1936958.052099999040365, -187963.000399992801249 ], [ -1936985.347799998708069, -187964.62649999698624 ], [ -1937013.3486, -187966.637200003489852 ], [ -1937042.179699997650459, -187969.041200004052371 ], [ -1937072.896799997193739, -187971.564400000497699 ], [ -1937103.783299997914582, -187974.789200002793223 ], [ -1937132.683799998834729, -187969.626500001642853 ], [ -1937163.07919999724254, -187943.267299997154623 ], [ -1937228.766499997815117, -187951.350800001528114 ], [ -1937295.440799999516457, -187960.226400001440197 ], [ -1937423.272499997867271, -187977.899999996647239 ], [ -1937475.728899997193366, -187984.906300003640354 ], [ -1937530.14500000141561, -187991.862500004004687 ], [ -1937579.040999998338521, -187992.538699996192008 ], [ -1937633.105000002542511, -187957.845799994189292 ], [ -1937659.910599999595433, -187959.906500003766268 ], [ -1937685.0261, -187962.342600001487881 ], [ -1937709.488699996378273, -187964.499600003007799 ], [ -1937734.242799998261034, -187965.714099996723235 ], [ -1937757.546699999365956, -187967.324599996674806 ], [ -1937780.352899997727945, -187968.667699996381998 ], [ -1937808.251799999736249, -187969.975600001867861 ], [ -1937835.507399996742606, -187970.87209999980405 ], [ -1937862.178599998354912, -187971.359200003091246 ], [ -1937888.31119999778457, -187971.437800000421703 ], [ -1937913.95489999698475, -187971.107700002379715 ], [ -1937939.134500001324341, -187970.368399998638779 ], [ -1937963.880699996370822, -187969.219000001903623 ], [ -1937988.218600001186132, -187967.658300002105534 ], [ -1938012.206799997482449, -187965.681599994190037 ], [ -1938033.928199999500066, -187950.587300000712276 ], [ -1938055.984299999661744, -187913.607099991757423 ], [ -1938078.926299998536706, -187910.377899998798966 ], [ -1938100.917499998118728, -187907.644899998325855 ], [ -1938122.603999998886138, -187904.488199999090284 ], [ -1938144.633399999001995, -187899.987699993420392 ], [ -1938165.745499995071441, -187895.97719999961555 ], [ -1938252.938999996054918, -187878.98739999672398 ], [ -1938275.906100000720471, -187874.122599998023361 ], [ -1938296.893799999263138, -187868.612999998498708 ], [ -1938317.745200000703335, -187864.129500003065914 ], [ -1938337.552799995988607, -187858.607099995482713 ], [ -1938356.040399997727945, -187852.850099998991936 ], [ -1938373.389800002332777, -187846.794199992902577 ], [ -1938386.191900001373142, -187841.821900001727045 ], [ -1938398.966099997982383, -187836.06930000288412 ], [ -1938411.740399999078363, -187829.52260000212118 ], [ -1938424.551399998134002, -187822.161599994171411 ], [ -1938436.786300000268966, -187814.891699997708201 ], [ -1938449.153899999102578, -187806.74740000301972 ], [ -1938462.35389999859035, -187796.763599999714643 ], [ -1938475.212299999082461, -187786.700400002300739 ], [ -1938486.79109999537468, -187770.871199996210635 ], [ -1938498.721500001847744, -187759.80399999441579 ], [ -1938511.13919999403879, -187747.834499998949468 ], [ -1938524.286100000608712, -187734.729799998924136 ], [ -1938548.232900000875816, -187709.990200004074723 ], [ -1938604.064899999648333, -187650.919099998660386 ], [ -1938618.675399996340275, -187635.877199999056756 ], [ -1938631.97859999537468, -187622.559899998363107 ], [ -1938645.639999998034909, -187609.36039999499917 ], [ -1938658.657599999103695, -187597.31379999872297 ], [ -1938671.234999995213002, -187586.231900000944734 ], [ -1938683.48479999625124, -187576.016200000420213 ], [ -1938695.236699998844415, -187566.7892 ], [ -1938706.82039999589324, -187558.272600000258535 ], [ -1938718.060400003567338, -187552.068899996578693 ], [ -1938729.217500000726432, -187546.514900001697242 ], [ -1938740.331999999471009, -187541.585699998773634 ], [ -1938751.420600001700222, -187537.272700001951307 ], [ -1938762.505799999460578, -187533.56359999300912 ], [ -1938773.830699996557087, -187528.811200001742691 ], [ -1938786.81120000150986, -187525.461099999956787 ], [ -1938800.320899998303503, -187520.75690000038594 ], [ -1938813.9108, -187517.975900004152209 ], [ -1938827.806499997619539, -187515.47920000506565 ], [ -1938842.233099999837577, -187511.627999996300787 ], [ -1938856.742400003131479, -187509.699200000148267 ], [ -1938871.784599996637553, -187506.415399997495115 ], [ -1938887.136100002331659, -187503.414999997708946 ], [ -1938902.570999994874001, -187502.336700002662838 ], [ -1938918.542599994223565, -187499.902600004337728 ], [ -1938944.783900002483279, -187484.666700001340359 ], [ -1938961.384399997768924, -187482.797399994917214 ], [ -1938978.301799998153001, -187481.210299995727837 ], [ -1938995.535500002559274, -187477.393799998797476 ], [ -1939013.095599999651313, -187476.370099999476224 ], [ -1939030.981800002744421, -187475.627699999138713 ], [ -1939049.104300000704825, -187475.168300002347678 ], [ -1939067.557700000237674, -187474.987099999561906 ], [ -1939086.347099998965859, -187475.084199996199459 ], [ -1939105.478599999798462, -187475.459599998313934 ], [ -1939124.957199994940311, -187476.113199994433671 ], [ -1939144.793499996652827, -187477.045500001870096 ], [ -1939164.997399998363107, -187478.256899998523295 ], [ -1939185.585299994796515, -187482.259300003293902 ], [ -1939206.508000001078472, -187484.026299991179258 ], [ -1939227.846199998399243, -187488.585600000806153 ], [ -1938714.141832922352478, -186548.069499996490777 ], [ -1938265.959404497174546, -185727.51429999852553 ], [ -1938128.027199998963624, -185474.980999999213964 ], [ -1936342.08610000112094, -185607.27289999788627 ], [ -1933960.83139999769628, -183556.747999996412545 ], [ -1931711.868500001262873, -184482.791499995160848 ], [ -1930256.657299996819347, -184813.521299997344613 ], [ -1929529.051700001349673, -184681.229399998672307 ], [ -1927346.234799996484071, -182961.434299999382347 ], [ -1925957.169499999145046, -181638.515000000130385 ], [ -1925560.293699998874217, -181704.66099999146536 ] ] ] } },
{ "type": "Feature", "properties": { "ID": 738, "YEAR": "2012-2013", "Perimtr_KM": 38.981190225699997, "AREA_KM": 39.514355007100001, "SCALE": 2, "THICKNES_M": 367.506136395, "VOLUME_KM": 14.5217679408, "MASS_GT": 13.316461201699999, "RECURRANCE": "1-2", "UA_KM": 0.19490595113, "UH_M": 30.503009170399999, "UC_KM": 1.11112165221, "REGION": "East", "ICESHELF": "Helen" }, "geometry": { "type": "Polygon", "coordinates": [ [ [ 2576546.009163158014417, -167188.977516828104854 ], [ 2576761.481958104297519, -167364.22294946340844 ], [ 2577089.188572419807315, -167630.748881031759083 ], [ 2577153.871122439391911, -167683.355621772818267 ], [ 2577363.313058904372156, -167853.696117775049061 ], [ 2577671.239535379223526, -168104.134733935818076 ], [ 2577820.700633359141648, -168225.692421918734908 ], [ 2577960.274189070798457, -168339.208507141564041 ], [ 2578417.227653237991035, -168710.85174655681476 ], [ 2578489.647399999201298, -168769.751199995167553 ], [ 2578537.502615750767291, -168964.362427116371691 ], [ 2578663.011589582078159, -169474.76563036441803 ], [ 2578703.335664455778897, -169638.750215320382267 ], [ 2578715.665124764665961, -169688.890024815220386 ], [ 2578786.964312980882823, -169978.840081339236349 ], [ 2578788.246890162117779, -169984.055895659141243 ], [ 2578905.550726328976452, -170461.091536272317171 ], [ 2578942.340560592710972, -170610.703541553579271 ], [ 2578957.979510652832687, -170674.30194384092465 ], [ 2579044.095701346173882, -171024.507815495599061 ], [ 2579062.254155098460615, -171098.352200301829726 ], [ 2579210.429550404660404, -171700.932191968429834 ], [ 2579274.062805918976665, -171959.707452875562012 ], [ 2579394.776098855771124, -172450.60821885894984 ], [ 2579460.573516060598195, -172718.184404708445072 ], [ 2579481.836799997836351, -172804.655099997762591 ], [ 2579361.066889889538288, -173079.742137191817164 ], [ 2579070.35492040682584, -173741.919448481407017 ], [ 2579031.051121819764376, -173831.444773903582245 ], [ 2578942.17484356276691, -174033.885200004093349 ], [ 2578658.504951104521751, -174680.022223602980375 ], [ 2578610.877293881960213, -174788.507450614590198 ], [ 2578557.239558972418308, -174910.68229999858886 ], [ 2578411.616771199740469, -175242.378673715982586 ], [ 2578291.209500001743436, -175516.639700001571327 ], [ 2578278.698421045206487, -176167.215465267654508 ], [ 2578225.063500003889203, -178956.229900000616908 ], [ 2578120.478627755306661, -179230.765181001275778 ], [ 2577166.728000008501112, -181734.360500002279878 ], [ 2575711.516800004057586, -181668.214499996975064 ], [ 2573727.137800008989871, -180609.879099999554455 ], [ 2573369.11866491753608, -180132.168520517647266 ], [ 2573349.767718308605254, -180106.348247209563851 ], [ 2572904.329696914181113, -179511.993268749676645 ], [ 2572823.263093929737806, -179403.824821616522968 ], [ 2572762.163692349568009, -179322.298926286865026 ], [ 2572758.801500004716218, -179317.812700000591576 ], [ 2572776.531943161040545, -179303.717610572930425 ], [ 2573205.695897123776376, -178962.547101933974773 ], [ 2573542.441069103777409, -178694.846330362837762 ], [ 2573736.593700007535517, -178540.501700002234429 ], [ 2574181.527814500965178, -178860.88714312762022 ], [ 2574197.328291439451277, -178872.264654182363302 ], [ 2574331.216591068543494, -178968.674124275334179 ], [ 2574635.049400000832975, -179187.456199998036027 ], [ 2575507.672960644587874, -179343.546490174718201 ], [ 2575700.545999999158084, -179378.046599998604506 ], [ 2575688.650123375467956, -179097.462397956755012 ], [ 2575613.625799998641014, -177327.88789999159053 ], [ 2575340.169771796092391, -176041.540293886326253 ], [ 2575334.742500002495944, -176016.010199998505414 ], [ 2575330.270600005984306, -176004.167842814698815 ], [ 2574820.453600001521409, -174654.085099991876632 ], [ 2574824.149300001561642, -173637.22109999647364 ], [ 2575437.320550259202719, -173250.077084553427994 ], [ 2576203.370841582305729, -172766.408312260638922 ], [ 2576651.683669275604188, -172483.352594604715705 ], [ 2576848.648454335518181, -172358.992984206881374 ], [ 2576849.084300002083182, -172358.717800000682473 ], [ 2576888.022281749173999, -172079.704300004523247 ], [ 2576919.018033652566373, -171857.601539767812937 ], [ 2577212.778712899424136, -169752.633803715463728 ], [ 2577275.602900006808341, -169302.461618497502059 ], [ 2577275.661731697618961, -169302.040054889861494 ], [ 2577277.438299997709692, -169289.309899998363107 ], [ 2577275.602900006808341, -169285.002691970206797 ], [ 2577239.997862043790519, -169201.446897063869983 ], [ 2577135.216502217575908, -168955.552205957937986 ], [ 2577040.924387522041798, -168734.273054250515997 ], [ 2577039.056497269310057, -168729.889600000344217 ], [ 2576848.006980239413679, -168281.545905521605164 ], [ 2576676.083191050216556, -167878.085336707532406 ], [ 2576565.979731830768287, -167619.701057868544012 ], [ 2576415.050512777641416, -167265.509303140453994 ], [ 2576412.857221177779138, -167260.362216286361217 ], [ 2576295.683600003831089, -166985.386099994648248 ], [ 2576546.009163158014417, -167188.977516828104854 ] ] ] } },
{ "type": "Feature", "properties": { "ID": 739, "YEAR": "2012-2013", "Perimtr_KM": 14.3348882415, "AREA_KM": 7.2921192556900003, "SCALE": 1, "THICKNES_M": 288.79013824499998, "VOLUME_KM": 2.1058921279499998, "MASS_GT": 1.9311030813300001, "RECURRANCE": "1-2", "UA_KM": 0.07167444121, "UH_M": 23.969581356100001, "UC_KM": 0.16113067983000001, "REGION": "West", "ICESHELF": "Fox" }, "geometry": { "type": "Polygon", "coordinates": [ [ [ -1803569.140628462424502, 148459.613743086811155 ], [ -1803809.620700003346428, 146817.68229999858886 ], [ -1803963.754828061442822, 146503.944735867902637 ], [ -1804433.756899998756126, 145547.263000010512769 ], [ -1805312.242999474983662, 145370.456052555702627 ], [ -1805500.751799999270588, 145332.516163002233952 ], [ -1805899.890599997714162, 145252.184200002811849 ], [ -1806103.738837858429179, 145014.429100002162158 ], [ -1806150.088131752097979, 144960.370349624194205 ], [ -1806157.094658768270165, 144952.198399995919317 ], [ -1806172.52254881686531, 144934.204329606611282 ], [ -1806473.529099998762831, 144583.130199997220188 ], [ -1806672.851099997526035, 144401.251599995885044 ], [ -1807189.532600002596155, 144082.974499998148531 ], [ -1807208.530000001657754, 144075.146799994632602 ], [ -1807212.095999997574836, 144074.703757130075246 ], [ -1807236.982799995923415, 144071.611799998674542 ], [ -1807247.445299999322742, 144058.402199999894947 ], [ -1807304.892999998992309, 144068.952500001061708 ], [ -1807375.62920000217855, 144082.961200000718236 ], [ -1807425.840200000675395, 144088.409500006586313 ], [ -1807476.608399998396635, 144094.17080000275746 ], [ -1807528.4871, 144099.060199996922165 ], [ -1807553.411700000753626, 144090.452800000552088 ], [ -1807590.344999997876585, 144085.838000006973743 ], [ -1807637.119299999205396, 144086.176000005099922 ], [ -1807676.079100003698841, 144080.291400001849979 ], [ -1807740.738200003048405, 144066.845100003294647 ], [ -1807873.316699999151751, 144031.827200013678521 ], [ -1807896.502299998886883, 144026.963300003204495 ], [ -1807899.113195423968136, 144243.01615451136604 ], [ -1807906.464699995005503, 144851.356700005941093 ], [ -1807108.029927704017609, 145588.298260454554111 ], [ -1806164.985343887005001, 146458.71218942059204 ], [ -1805985.463090426754206, 146624.408141294494271 ], [ -1805380.169093803036958, 147183.084088128060102 ], [ -1805314.059700001962483, 147244.101921419147402 ], [ -1804976.189540242077783, 147555.950266961473972 ], [ -1804585.020011958666146, 147916.993012812919915 ], [ -1804439.09442706592381, 148051.679817509837449 ], [ -1803502.242099998984486, 148916.378400007262826 ], [ -1803569.140628462424502, 148459.613743086811155 ] ] ] } },
{ "type": "Feature", "properties": { "ID": 740, "YEAR": "2012-2013", "Perimtr_KM": 32.646378392099997, "AREA_KM": 46.052655424000001, "SCALE": 2, "THICKNES_M": 279.12766233399998, "VOLUME_KM": 12.8545700528, "MASS_GT": 11.7876407384, "RECURRANCE": "2-3", "UA_KM": 0.16323189196, "UH_M": 23.1675958595, "UC_KM": 0.98355731711000005, "REGION": "West", "ICESHELF": "Ferrigno" }, "geometry": { "type": "Polygon", "coordinates": [ [ [ -1785012.564457354834303, 205420.98981010587886 ], [ -1784142.609094144077972, 205381.144522339105606 ], [ -1783286.86775280511938, 205341.950258533004671 ], [ -1782579.449298068648204, 205309.549410059116781 ], [ -1780857.104414015775546, 205230.66337699862197 ], [ -1780564.13652441627346, 205217.244999042712152 ], [ -1780246.792187824845314, 205202.710142485331744 ], [ -1779847.346099997172132, 205184.414900004398078 ], [ -1779726.578210880514234, 205072.991748683154583 ], [ -1779693.78910647239536, 205042.739788752514869 ], [ -1778879.615829664515331, 204291.565342536196113 ], [ -1778652.975839282618836, 204082.462226385716349 ], [ -1777824.154228354105726, 203317.772900000680238 ], [ -1777776.463099998887628, 203273.77200000314042 ], [ -1778234.190430531511083, 202695.118647575844079 ], [ -1778581.250844512833282, 202256.369071896653622 ], [ -1780504.306090705329552, 199825.265899999067187 ], [ -1781058.090440841391683, 199125.178425739984959 ], [ -1781175.466999997617677, 198976.792399998288602 ], [ -1781498.793780749896541, 198532.683459797874093 ], [ -1781727.956405139993876, 198217.914698563981801 ], [ -1783412.599899997236207, 195903.9547000057064 ], [ -1782930.238416695035994, 198727.880455607548356 ], [ -1782886.216901959385723, 198985.598979075439274 ], [ -1782874.385300941532478, 199054.865626599173993 ], [ -1782823.91449999762699, 199350.340699994936585 ], [ -1783325.066297497134656, 199465.991110850591213 ], [ -1783747.247899781912565, 199563.417652174364775 ], [ -1783855.791600001975894, 199588.466199998743832 ], [ -1784964.090008128900081, 200696.764639505650848 ], [ -1786599.371373457834125, 202332.046051133424044 ], [ -1786733.504107716726139, 202466.17878918768838 ], [ -1786831.688417948549613, 202564.363102202303708 ], [ -1786855.276920525822788, 202587.951605446171016 ], [ -1787171.599546560319141, 202904.274240432307124 ], [ -1787387.986099999165162, 203120.660800000652671 ], [ -1787294.999747095396742, 203618.411310533992946 ], [ -1787275.40706995758228, 203723.289765731431544 ], [ -1787218.843437572708353, 204026.071582819335163 ], [ -1787213.366945141693577, 204055.386926627252251 ], [ -1787212.690372462850064, 204059.008580631576478 ], [ -1787209.636892000446096, 204075.353683026041836 ], [ -1787138.605233787791803, 204455.581996510736644 ], [ -1786713.297299999510869, 206732.230500012170523 ], [ -1785046.41899999580346, 205422.540400001686066 ], [ -1785012.564457354834303, 205420.98981010587886 ] ] ] } },
{ "type": "Feature", "properties": { "ID": 741, "YEAR": "2012-2013", "Perimtr_KM": 21.650125107899999, "AREA_KM": 9.6659422731899998, "SCALE": 1, "THICKNES_M": 153.279173, "VOLUME_KM": 1.4815876379, "MASS_GT": 1.3586158639499999, "RECURRANCE": "1-2", "UA_KM": 0.10825062554000001, "UH_M": 12.722171296300001, "UC_KM": 0.1133625128, "REGION": "West", "ICESHELF": "Alison" }, "geometry": { "type": "Polygon", "coordinates": [ [ [ -1749662.77344184066169, 246711.132711424026638 ], [ -1749253.656327548669651, 246534.334959547966719 ], [ -1748928.857500001089647, 246393.974900003988296 ], [ -1748922.375000002095476, 246341.299800000619143 ], [ -1748869.713000000221655, 246121.373799997381866 ], [ -1748838.024300001561642, 245402.492599999066442 ], [ -1748804.908999997656792, 242607.774000003002584 ], [ -1749240.5311999975238, 241491.729699993971735 ], [ -1748440.676499999128282, 240510.322099994402379 ], [ -1748800.388699999311939, 239609.215400002896786 ], [ -1749905.621699998388067, 238076.582800001837313 ], [ -1750503.440002627205104, 237855.168607094325125 ], [ -1751115.67431189166382, 237628.415132115595043 ], [ -1751368.329009569715708, 237534.839325837325305 ], [ -1751597.265400002012029, 237450.048100001644343 ], [ -1751509.252946743508801, 237687.255854187533259 ], [ -1751417.898459765594453, 237933.470928172115237 ], [ -1751409.354524724883959, 237956.49821088090539 ], [ -1751396.584837866481394, 237990.914576167240739 ], [ -1751374.004403053084388, 238051.772489254828542 ], [ -1751208.740957961883396, 238497.18412372469902 ], [ -1750946.433100002119318, 239204.146099995821714 ], [ -1750941.601244738791138, 239208.469339325558394 ], [ -1750895.048060895875096, 239250.122191971633583 ], [ -1750753.169947683112696, 239377.065778968855739 ], [ -1750547.402238531503826, 239561.173746689688414 ], [ -1750370.697961631463841, 239719.277588359080255 ], [ -1750200.724299998255447, 239871.35930000571534 ], [ -1750091.109352093888447, 240784.81712250597775 ], [ -1750047.712322642328218, 241146.459004232194275 ], [ -1749962.598800001200289, 241855.738300013821572 ], [ -1749893.480891299666837, 242132.20994820818305 ], [ -1749865.108339635888115, 242245.700160359498113 ], [ -1749750.111500001512468, 242705.687541182618588 ], [ -1749446.660299998009577, 243919.492400004062802 ], [ -1749472.808021733304486, 244167.713257001712918 ], [ -1749742.622808696469292, 246729.070545402355492 ], [ -1749744.451399998506531, 246746.429400014691055 ], [ -1749662.77344184066169, 246711.132711424026638 ] ] ] } },
{ "type": "Feature", "properties": { "ID": 743, "YEAR": "2012-2013", "Perimtr_KM": 9.3672928557099997, "AREA_KM": 2.4474580031099999, "SCALE": 1, "THICKNES_M": 337.54923756900001, "VOLUME_KM": 0.82613758292999995, "MASS_GT": 0.75756816355000001, "RECURRANCE": "4-5", "UA_KM": 0.04683646428, "UH_M": 28.0165865801, "UC_KM": 0.06321126738000001, "REGION": "East", "ICESHELF": "Flatnes" }, "geometry": { "type": "Polygon", "coordinates": [ [ [ 2216388.12282079923898, 523615.684685192536563 ], [ 2218472.598500006832182, 522114.932300007436424 ], [ 2218737.182400001212955, 521321.180700006894767 ], [ 2218744.190516046248376, 521265.11580346012488 ], [ 2218803.3284, 520792.013000001199543 ], [ 2218058.600900006480515, 520681.997200007550418 ], [ 2218158.999600008130074, 521073.004900004714727 ], [ 2218283.107500008307397, 521619.650100010912865 ], [ 2217978.722999997437, 521856.828200005926192 ], [ 2217376.993200005032122, 521921.181900001130998 ], [ 2216765.002599997445941, 522135.830300006549805 ], [ 2216390.396299995481968, 522847.962700003758073 ], [ 2216147.866300005465746, 523788.661299997474998 ], [ 2216388.12282079923898, 523615.684685192536563 ] ] ] } },
{ "type": "Feature", "properties": { "ID": 744, "YEAR": "2012-2013", "Perimtr_KM": 59.992550033400001, "AREA_KM": 124.780265535, "SCALE": 3, "THICKNES_M": 194.21559942799999, "VOLUME_KM": 24.234274067699999, "MASS_GT": 22.22282932, "RECURRANCE": "4-5", "UA_KM": 0.29996275017000001, "UH_M": 16.119894673000001, "UC_KM": 1.85426641935, "REGION": "East", "ICESHELF": "Publications" }, "geometry": { "type": "Polygon", "coordinates": [ [ [ 2182968.090000002644956, 593482.460499995853752 ], [ 2183560.757900002412498, 592741.625700011383742 ], [ 2184195.759100001305342, 593101.459699994884431 ], [ 2184936.59400000423193, 592424.125000006984919 ], [ 2185105.927600007504225, 591429.289699999149889 ], [ 2186524.097100007347763, 592487.625099996570498 ], [ 2186820.431099998764694, 592127.791100013069808 ], [ 2187286.098700008355081, 592170.124500003643334 ], [ 2187878.766499996185303, 592021.957500000949949 ], [ 2187899.933200009167194, 591789.123800001107156 ], [ 2188217.433899999596179, 591810.290500006638467 ], [ 2188704.268200008198619, 591365.789600003045052 ], [ 2191117.272999994456768, 591238.789300005417317 ], [ 2191709.940799996256828, 591090.622400007676333 ], [ 2192302.60869999602437, 591238.789300005417317 ], [ 2192768.276300005614758, 591408.123000000137836 ], [ 2193445.611000000499189, 591048.28889999864623 ], [ 2193170.44380000513047, 590497.954500007908791 ], [ 2193466.777699999511242, 589651.286099997814745 ], [ 2193403.277600002475083, 588910.451300013344735 ], [ 2193149.277100006118417, 588084.949700007215142 ], [ 2193255.110600000247359, 587767.449000002816319 ], [ 2193064.6102, 587068.947600002400577 ], [ 2194694.446799998171628, 585883.611900007352233 ], [ 2194228.779200002551079, 585375.610900000669062 ], [ 2194334.612799994647503, 584952.276700002606958 ], [ 2194122.945700008422136, 584782.943099998869002 ], [ 2193636.111400000751019, 584804.109799997881055 ], [ 2193085.77689999807626, 584359.608900000806898 ], [ 2192662.442700000479817, 584444.275700002443045 ], [ 2191540.607200006954372, 583893.941300011705607 ], [ 2191498.273800008930266, 582941.439400001429021 ], [ 2190397.604900002479553, 582835.60579999582842 ], [ 2190461.10499999858439, 582391.105000003706664 ], [ 2189318.102699995040894, 582010.104199996218085 ], [ 2188788.935000002384186, 582031.270899995230138 ], [ 2187920.466100004501641, 581613.119238364044577 ], [ 2187645.93269999884069, 581480.9365000044927 ], [ 2187603.599300000816584, 580655.434800013434142 ], [ 2186778.097600003704429, 580676.601500005461276 ], [ 2186778.097600003704429, 580274.434100003913045 ], [ 2187159.098400004208088, 579829.933200007304549 ], [ 2187116.765000013634562, 579089.098400002345443 ], [ 2186926.264600013382733, 578813.931100002489984 ], [ 2187118.408256663940847, 578735.872745693195611 ], [ 2187603.599300000816584, 578538.763900007121265 ], [ 2187349.598800004459918, 577734.428999999538064 ], [ 2185607.071067325770855, 577908.235709662083536 ], [ 2185245.542699998244643, 577944.296000006608665 ], [ 2186395.300900005735457, 578575.819199997000396 ], [ 2186394.019000001251698, 581447.590100007131696 ], [ 2184010.533400003798306, 581607.145500003360212 ], [ 2181160.191651781089604, 587797.482840026263148 ], [ 2180871.984454083256423, 588423.407706297002733 ], [ 2180569.612600005231798, 589080.095200008712709 ], [ 2179086.527299997396767, 589510.992499994114041 ], [ 2178723.117800002917647, 591525.303399993106723 ], [ 2179263.468837103806436, 591895.132978389970958 ], [ 2182216.671899997629225, 593916.377999994438142 ], [ 2182968.090000002644956, 593482.460499995853752 ] ] ] } },
{ "type": "Feature", "properties": { "ID": 745, "YEAR": "2012-2013", "Perimtr_KM": 11.54679498, "AREA_KM": 3.8740816461800001, "SCALE": 1, "THICKNES_M": 146.401641552, "VOLUME_KM": 0.56717191251, "MASS_GT": 0.52009664376999998, "RECURRANCE": "5-6", "UA_KM": 0.0577339749, "UH_M": 12.1513361889, "UC_KM": 0.04339671279, "REGION": "Peninsula", "ICESHELF": "Wilkins" }, "geometry": { "type": "Polygon", "coordinates": [ [ [ -1981683.34652581717819, 611211.081193078309298 ], [ -1981670.721200000494719, 611051.311100008897483 ], [ -1981669.651901452569291, 611047.311150130815804 ], [ -1981595.124000002164394, 610768.522899996954948 ], [ -1981238.759966989047825, 610451.299306934233755 ], [ -1980610.316599999088794, 609891.879599998705089 ], [ -1980603.685045565478504, 609885.146717050578445 ], [ -1980600.970899998908862, 609882.391100006643683 ], [ -1980597.533699998632073, 609880.882899998221546 ], [ -1980593.660500001395121, 609879.640300012659281 ], [ -1980589.817599998321384, 609878.433600007556379 ], [ -1980585.333200000692159, 609877.742700005415827 ], [ -1980580.876799996942282, 609877.043800004757941 ], [ -1980575.426799998851493, 609876.778100004419684 ], [ -1980569.866799998562783, 609876.495200012344867 ], [ -1980557.326799999456853, 609876.686099998187274 ], [ -1980530.540499998722225, 609877.796100012492388 ], [ -1980519.355999995488673, 609877.890500003006309 ], [ -1980507.559699997538701, 609877.706999993883073 ], [ -1980497.580699997022748, 609876.843300006352365 ], [ -1980492.331799999345094, 609875.877400004770607 ], [ -1980487.07949999650009, 609874.862000004854053 ], [ -1980482.765400002012029, 609873.344600002747029 ], [ -1980478.394900001119822, 609871.765700004063547 ], [ -1980474.922199998516589, 609869.671100000385195 ], [ -1980471.36750000086613, 609867.50330000417307 ], [ -1980468.209800001699477, 609865.034400002565235 ], [ -1980465.930499999783933, 609862.036499998997897 ], [ -1980462.4369, 609857.709299995563924 ], [ -1980459.030200002714992, 609852.780700000934303 ], [ -1980456.176300000399351, 609846.997299998067319 ], [ -1980452.862300002016127, 609840.741400003433228 ], [ -1980449.7212999984622, 609834.131100001744926 ], [ -1980446.940900003071874, 609826.375899998936802 ], [ -1980438.635199998971075, 609803.852999998256564 ], [ -1980436.509700000286102, 609798.084800008218735 ], [ -1980434.6064000017941, 609792.226900005247444 ], [ -1980432.924499999266118, 609786.276300003286451 ], [ -1980431.462900002021343, 609780.229699996300042 ], [ -1980430.220899997279048, 609774.084100011270493 ], [ -1980429.68479999830015, 609767.611900003626943 ], [ -1980428.879300000146031, 609761.254700004123151 ], [ -1980428.291100001428276, 609754.784399998374283 ], [ -1980427.919999998994172, 609748.205400004051626 ], [ -1980427.284200002904981, 609741.331100000999868 ], [ -1980425.422699998831376, 609732.792600004468113 ], [ -1980423.7769, 609724.113600002601743 ], [ -1980422.346899996977299, 609715.287200014572591 ], [ -1980421.133500000694767, 609706.299600006081164 ], [ -1980419.675799997989088, 609688.973000007215887 ], [ -1980418.118200002005324, 609672.947200003545731 ], [ -1980417.785500003024936, 609656.849800008349121 ], [ -1980417.4263, 609639.405699998140335 ], [ -1980418.703199998941272, 609622.66190000064671 ], [ -1980422.645799999125302, 609609.410899999085814 ], [ -1980426.955499996198341, 609595.232500005047768 ], [ -1980442.872199999168515, 609546.315400015097111 ], [ -1980448.47369999345392, 609528.3729999945499 ], [ -1980454.0011, 609510.028900004923344 ], [ -1980458.237400001380593, 609494.130400000605732 ], [ -1980462.441299997735769, 609476.923200007062405 ], [ -1980465.420899998163804, 609461.42849999666214 ], [ -1980467.883999996585771, 609446.145700002089143 ], [ -1980469.524799996754155, 609431.556899999734014 ], [ -1980472.340899996925145, 609395.866500002797693 ], [ -1980474.294499998446554, 609360.762099995277822 ], [ -1980476.040099999401718, 609325.0034000123851 ], [ -1980477.250399998389184, 609289.210500000976026 ], [ -1980477.674900000914931, 609252.19150000391528 ], [ -1980475.922799997963011, 609210.815299996174872 ], [ -1980473.899400001391768, 609170.224500007461756 ], [ -1980472.9688, 609134.295000005047768 ], [ -1980471.502900002989918, 609098.331400005612522 ], [ -1980469.744100002106279, 609061.527000001631677 ], [ -1980467.2077999971807, 609025.495000012218952 ], [ -1980464.136300001759082, 608989.428900005295873 ], [ -1980460.529499997617677, 608953.328700001351535 ], [ -1980456.629699998535216, 608916.387700000312179 ], [ -1980451.952399994945154, 608880.219100012909621 ], [ -1980446.982200001366436, 608843.209899997338653 ], [ -1980456.325599994510412, 608872.773700005374849 ], [ -1980465.104200002504513, 608851.158800003118813 ], [ -1980473.558500001672655, 608829.498000002931803 ], [ -1980482.743000001646578, 608807.657600007485598 ], [ -1980493.360599995125085, 608785.548900010995567 ], [ -1980505.314100001007318, 608759.937000001780689 ], [ -1980517.583599996753037, 608732.831900014542043 ], [ -1980525.51810000045225, 608710.211399993859231 ], [ -1980532.004899999359623, 608688.573000000789762 ], [ -1980538.433099996298552, 608665.783800004981458 ], [ -1980544.27180000115186, 608644.053400005213916 ], [ -1980549.78630000166595, 608622.277000002097338 ], [ -1980555.242299998179078, 608599.349899995140731 ], [ -1980560.108800002373755, 608577.481600004248321 ], [ -1980564.916600000113249, 608554.462700000032783 ], [ -1980569.134899998782203, 608532.502500007394701 ], [ -1980573.294599995482713, 608509.39160000346601 ], [ -1980575.704099997878075, 608494.324700002558529 ], [ -1980577.515900000231341, 608480.03610000340268 ], [ -1980579.264400002546608, 608464.290100015234202 ], [ -1980580.68800000147894, 608448.15800000121817 ], [ -1980581.789299997966737, 608431.615900005213916 ], [ -1980582.572800000896677, 608414.600400015246123 ], [ -1980583.04149999609217, 608397.053200003691018 ], [ -1980583.197399996919557, 608378.891599996015429 ], [ -1980584.685099999886006, 608360.159600003622472 ], [ -1980590.514199998462573, 608340.137799999676645 ], [ -1980595.232000003103167, 608319.404900001827627 ], [ -1980605.521499997703359, 608293.776499999687076 ], [ -1980613.332899997476488, 608245.171700014732778 ], [ -1980606.971600000746548, 608159.705799998249859 ], [ -1980605.000100001459941, 608122.758899996522814 ], [ -1980602.981200000504032, 608085.468800007831305 ], [ -1980601.844800000544637, 608052.095199993811548 ], [ -1980601.55749999685213, 608032.525299998465925 ], [ -1980601.593099996913224, 608013.754000007174909 ], [ -1980601.951999999349937, 607995.648600003682077 ], [ -1980602.635899996384978, 607978.122500005643815 ], [ -1980603.649300003889948, 607961.080199997406453 ], [ -1980604.994699997361749, 607944.492700005881488 ], [ -1980606.218999999808148, 607929.564700002782047 ], [ -1980608.239500001771376, 607913.760600002948195 ], [ -1980613.490899995900691, 607899.800800001248717 ], [ -1980626.638699997449294, 607883.797900001518428 ], [ -1980640.070199995534495, 607867.548400001600385 ], [ -1980654.248799999477342, 607849.767099997028708 ], [ -1980683.59470000048168, 607828.044400001876056 ], [ -1980690.836599996313453, 607813.096200000494719 ], [ -1980693.735900000901893, 607800.028200005181134 ], [ -1980696.986399996560067, 607786.420199996326119 ], [ -1980703.453500000759959, 607762.53559999819845 ], [ -1980711.221599995857105, 607735.867299998179078 ], [ -1980718.95200000051409, 607710.406000003684312 ], [ -1980737.533699999097735, 607649.631200003903359 ], [ -1980747.12000000057742, 607617.85100000211969 ], [ -1980755.082799998577684, 607588.053499999456108 ], [ -1980762.155999999493361, 607560.189199998043478 ], [ -1980765.78449999820441, 607545.505499994847924 ], [ -1980768.333700002171099, 607532.30120000243187 ], [ -1980771.266199995297939, 607518.442800004035234 ], [ -1980773.86970000108704, 607504.910699999891222 ], [ -1980776.154300002614036, 607491.649700007401407 ], [ -1980778.123200001195073, 607478.639300000388175 ], [ -1980779.780599999241531, 607465.850800006650388 ], [ -1980781.129600000102073, 607453.261400006245822 ], [ -1980865.107899997849017, 607401.551700014155358 ], [ -1980917.581600000616163, 607362.761500000022352 ], [ -1980917.862100001890212, 607345.847900002729148 ], [ -1980917.697399999015033, 607327.670599999837577 ], [ -1980917.239300002576783, 607311.77940000128001 ], [ -1980916.470399997662753, 607294.040800000075251 ], [ -1980913.163399997632951, 607235.737100003287196 ], [ -1980912.114999998128042, 607214.500700007658452 ], [ -1980911.417599994223565, 607193.857299993280321 ], [ -1980911.188599998131394, 607175.277600000612438 ], [ -1980911.46269999537617, 607156.509000001475215 ], [ -1980912.290499995928258, 607138.931600007694215 ], [ -1980913.68510000128299, 607122.273200002964586 ], [ -1980914.993, 607111.749499997124076 ], [ -1981550.026400001719594, 606779.818900011014193 ], [ -1981369.081047457177192, 608040.356301641557366 ], [ -1981353.156438821461052, 608151.293468656949699 ], [ -1981279.18569999653846, 608666.603100004140288 ], [ -1981642.988499997649342, 609758.011600005440414 ], [ -1982833.615899998461828, 610717.128100003581494 ], [ -1982137.998899997211993, 611176.913200000301003 ], [ -1981687.778299995698035, 611267.164100002031773 ], [ -1981683.34652581717819, 611211.081193078309298 ] ] ] } },
{ "type": "Feature", "properties": { "ID": 746, "YEAR": "2012-2013", "Perimtr_KM": 53.1183843556, "AREA_KM": 146.387510959, "SCALE": 3, "THICKNES_M": 322.316180879, "VOLUME_KM": 47.183063460699998, "MASS_GT": 43.2668691935, "RECURRANCE": "6-8", "UA_KM": 0.26559192178000002, "UH_M": 26.752242881000001, "UC_KM": 3.6101749899, "REGION": "East", "ICESHELF": "Filchner" }, "geometry": { "type": "Polygon", "coordinates": [ [ [ -880897.71070000086911, 960084.982399999629706 ], [ -880905.888400000054389, 960061.910100001841784 ], [ -880914.287999998778105, 960038.892200004309416 ], [ -880922.869100000476465, 960015.951000002212822 ], [ -880931.674100001342595, 959993.162200005259365 ], [ -880958.317700000945479, 960062.705399999395013 ], [ -880971.297299997182563, 960030.870300001464784 ], [ -880981.082600001245737, 960003.689099999610335 ], [ -880993.690299998037517, 959971.71800000499934 ], [ -881005.491600001696497, 959940.195099999662489 ], [ -881017.02019999967888, 959908.697400005534291 ], [ -881028.632300002733245, 959876.977000007871538 ], [ -881040.208000001730397, 959844.804999995511025 ], [ -881051.156199996359646, 959813.1128000007011 ], [ -881060.662799996323884, 959784.164900011848658 ], [ -881071.504700000630692, 959752.372399998363107 ], [ -881081.869499999564141, 959720.439600009471178 ], [ -881091.742799997329712, 959688.838600003626198 ], [ -881101.667199995135888, 959656.783500007353723 ], [ -881111.306499998318031, 959624.956099993083626 ], [ -881121.189699995797127, 959592.28479999769479 ], [ -881130.470099996542558, 959560.03610000340268 ], [ -881137.566599999554455, 959532.471700003836304 ], [ -881144.909599997801706, 959503.575600000564009 ], [ -881151.559799999231473, 959474.359900006558746 ], [ -881158.33709999686107, 959442.611100003123283 ], [ -881165.342500002123415, 959409.44920000154525 ], [ -881171.647799997823313, 959375.494900004006922 ], [ -881178.302299998700619, 959339.776300003752112 ], [ -881183.46509999781847, 959303.787100001703948 ], [ -881188.431099996669218, 959272.872100003995001 ], [ -881193.280800000531599, 959240.472399996127933 ], [ -881197.484599998919293, 959207.001200003083795 ], [ -881202.08680000109598, 959169.977900005877018 ], [ -881209.32329999958165, 959103.142700004391372 ], [ -881227.269600000698119, 958945.600499997846782 ], [ -881232.30370000237599, 958903.795300005935133 ], [ -881237.029300002381206, 958866.466700002551079 ], [ -881241.620299997506663, 958828.007199994288385 ], [ -881247.056099995970726, 958791.792900011409074 ], [ -881252.146899997722358, 958757.07499999506399 ], [ -881257.828199998708442, 958724.124200005084276 ], [ -881263.632499998668209, 958692.558500005397946 ], [ -881268.881599999498576, 958662.204200002830476 ], [ -881274.841100001242012, 958632.397300004027784 ], [ -881280.543900000629947, 958603.801400003489107 ], [ -881286.907700000097975, 958576.646600001025945 ], [ -881293.65729999775067, 958549.12849999871105 ], [ -881300.888599994825199, 958522.924300007056445 ], [ -881307.516999996965751, 958497.60620000353083 ], [ -881316.87709999945946, 958466.756099993363023 ], [ -881326.331299998797476, 958436.376100004184991 ], [ -881336.789399997564033, 958405.213100008200854 ], [ -881348.413199997274205, 958372.973199995234609 ], [ -881360.387999999104068, 958340.405900003388524 ], [ -881372.997199998935685, 958307.000799993053079 ], [ -881387.096000003162771, 958273.426900003105402 ], [ -881401.886199999134988, 958239.343999999575317 ], [ -881415.794399997685105, 958205.471699996851385 ], [ -881431.060699999565259, 958170.908199998084456 ], [ -881447.480500002391636, 958134.179900009185076 ], [ -881464.858099996577948, 958096.672500001266599 ], [ -881483.059199998388067, 958061.079000004567206 ], [ -881502.862299998290837, 958022.417999997735023 ], [ -881575.965900001814589, 957877.386600001249462 ], [ -881605.653400001581758, 957818.691900011152029 ], [ -881637.286099999444559, 957756.447199994698167 ], [ -881650.487300001317635, 957727.462800010573119 ], [ -881664.18430000403896, 957700.987100002355874 ], [ -881680.341499996837229, 957669.393200013320893 ], [ -881694.354200002271682, 957635.822700007818639 ], [ -881708.174300002167001, 957605.110900001134723 ], [ -881720.740600002696738, 957575.254299993626773 ], [ -881732.606199999339879, 957545.619700004346669 ], [ -881744.752099994570017, 957515.910400005523115 ], [ -881755.66819999855943, 957488.511500006075948 ], [ -881765.585599998012185, 957459.740400008391589 ], [ -881776.634900001809001, 957428.712800007779151 ], [ -881787.241900002816692, 957396.323700005188584 ], [ -881797.47190000093542, 957363.556700005196035 ], [ -881807.492199999513105, 957329.56229999801144 ], [ -881817.432600000407547, 957294.90250000031665 ], [ -881826.857700001681224, 957258.322000002488494 ], [ -881837.32179999910295, 957222.258700005710125 ], [ -881847.415899998741224, 957184.736799997743219 ], [ -881857.428499999688938, 957146.53020000224933 ], [ -881867.107599997892976, 957105.674199995584786 ], [ -881876.818100001197308, 957064.44240000192076 ], [ -881886.499800000339746, 957018.823400005232543 ], [ -881906.640800000634044, 956926.953700005542487 ], [ -881945.642299994826317, 956744.236500001512468 ], [ -881962.349899997934699, 956668.721300004981458 ], [ -881980.620099995518103, 956589.423400001134723 ], [ -881989.180999999167398, 956552.384999996051192 ], [ -881998.056699996814132, 956517.778500000480562 ], [ -882008.634999998379499, 956477.977000003680587 ], [ -882019.472099999897182, 956438.698300014715642 ], [ -882029.963499998673797, 956400.857400010805577 ], [ -882040.772399997105822, 956364.699900005478412 ], [ -882051.063499999698251, 956329.194600012153387 ], [ -882062.37130000279285, 956294.725799998268485 ], [ -882073.387499995762482, 956260.254300012718886 ], [ -882084.908599998801947, 956227.64959999686107 ], [ -882094.82759999926202, 956201.372400008141994 ], [ -882104.618500003358349, 956174.467999995686114 ], [ -882114.530100000090897, 956146.751600003335625 ], [ -882125.989700000034645, 956118.453699996694922 ], [ -882137.451399997575209, 956089.98609999474138 ], [ -882149.725699996342883, 956060.445600002538413 ], [ -882163.278299998957664, 956030.912500007078052 ], [ -882177.394499998074025, 955999.773300009779632 ], [ -882202.481599999358878, 955946.089699992910028 ], [ -882230.672000000020489, 955887.090999997220933 ], [ -882259.119599999394268, 955829.671400002669543 ], [ -882331.908100001513958, 955689.32980000320822 ], [ -882352.507300002733245, 955649.158200010191649 ], [ -882370.882399999070913, 955613.743600002024323 ], [ -882390.78219999675639, 955574.66300000064075 ], [ -882408.326699996134266, 955538.196099998895079 ], [ -882424.743599997600541, 955502.402900000102818 ], [ -882440.004900000756606, 955467.514400000218302 ], [ -882456.891300001414493, 955429.881799997761846 ], [ -882472.590900001116097, 955392.959099999628961 ], [ -882487.083399997325614, 955357.543899997137487 ], [ -882500.308899994241074, 955321.778900001663715 ], [ -882512.647399994777516, 955286.667600000742823 ], [ -882524.255199998151511, 955253.063500001095235 ], [ -882534.784699999727309, 955218.421100005041808 ], [ -882544.349399998085573, 955185.107500004582107 ], [ -882549.186699999496341, 955167.12890001013875 ], [ -882554.109000001801178, 955150.047600003890693 ], [ -882558.582100001163781, 955131.449900008738041 ], [ -882562.765499998815358, 955112.080799999181181 ], [ -882567.04379999730736, 955092.395000000949949 ], [ -882571.285099997650832, 955072.237299998290837 ], [ -882575.262899999506772, 955050.974800003692508 ], [ -882579.075900000520051, 955029.257399993948638 ], [ -882585.435600002994761, 954991.314900004770607 ], [ -882591.229899998521432, 954950.076100005768239 ], [ -882597.018300000345334, 954910.634900002740324 ], [ -882609.819799998076633, 954812.984300009906292 ], [ -882616.605800000019372, 954762.933000001590699 ], [ -882623.236699998145923, 954716.84280000673607 ], [ -882626.687499996973202, 954695.308200007304549 ], [ -882630.253699995344505, 954674.771600000094622 ], [ -882633.597199997399002, 954654.228199996985495 ], [ -882637.396200001705438, 954633.774700002744794 ], [ -882641.414299995172769, 954614.420899997465312 ], [ -882645.420699998736382, 954596.70270000398159 ], [ -882649.531499997712672, 954578.50309999845922 ], [ -882653.896799996960908, 954560.278499998617917 ], [ -882658.54399999580346, 954543.291900004260242 ], [ -882663.277399998158216, 954526.223499997053295 ], [ -882670.303899996681139, 954503.468400005251169 ], [ -882678.282799995969981, 954479.218500000890344 ], [ -882686.475799999199808, 954454.980099997483194 ], [ -882695.640100000891834, 954430.821100001689047 ], [ -882705.596199997700751, 954405.261500015389174 ], [ -882716.007599994074553, 954379.009699998889118 ], [ -882727.59760000417009, 954352.300400001462549 ], [ -882740.043100000824779, 954325.48900000192225 ], [ -882751.767899997998029, 954300.226800001226366 ], [ -882764.611299995100126, 954274.383300002198666 ], [ -882778.023099998477846, 954247.103200007230043 ], [ -882792.602000000886619, 954217.781400005333126 ], [ -882821.797699999064207, 954159.892200007103384 ], [ -882879.588200000114739, 954050.859400001820177 ], [ -882902.58489999989979, 954005.166299996431917 ], [ -882926.375899997306988, 953957.72750000609085 ], [ -882947.322500000242144, 953914.967599999625236 ], [ -882958.993199998047203, 953890.535999996121973 ], [ -882970.084199998527765, 953864.979800007771701 ], [ -882980.226499996846542, 953841.861599998082966 ], [ -882989.874600002076477, 953819.201800005976111 ], [ -882999.027500001015142, 953797.030799995642155 ], [ -883007.331199998734519, 953775.148699996992946 ], [ -883015.542199997929856, 953754.824799994938076 ], [ -883023.261999996611848, 953732.940300005022436 ], [ -883033.765299994731322, 953702.826200011651963 ], [ -883044.144499995745718, 953672.435000001918525 ], [ -883054.302399998530746, 953639.130600002128631 ], [ -883063.778399997157976, 953606.775000002235174 ], [ -883073.316499999957159, 953571.45340000744909 ], [ -883082.218599997228011, 953538.102899999823421 ], [ -883091.104599999962375, 953500.418200003914535 ], [ -883099.754900002619252, 953464.345900009386241 ], [ -883108.109900003066286, 953427.590399996843189 ], [ -883115.851299998350441, 953392.408800004050136 ], [ -883124.355099996319041, 953351.532600006088614 ], [ -883132.34319999627769, 953312.891200002748519 ], [ -883147.945399999152869, 953230.368100005201995 ], [ -883176.159199999878183, 953071.863700009416789 ], [ -883186.622299997601658, 953009.002600004896522 ], [ -883199.346599996555597, 952942.868199998512864 ], [ -883211.416399997193366, 952884.728700008243322 ], [ -883219.43749999650754, 952846.995399994775653 ], [ -883227.05159999942407, 952816.124300003051758 ], [ -883235.111400002846494, 952781.215200006496161 ], [ -883243.418000002158806, 952751.747000012081116 ], [ -883251.7635000012815, 952719.685300002340227 ], [ -883260.475699998671189, 952689.549800015520304 ], [ -883269.285900000948459, 952660.727899997960776 ], [ -883277.5692999958992, 952631.695300008170307 ], [ -883289.00929999910295, 952598.348500012885779 ], [ -883302.092599998461083, 952557.899599993601441 ], [ -883316.073500000173226, 952520.813899998553097 ], [ -883331.920499999076128, 952477.621499998029321 ], [ -883345.619999997783452, 952441.307400006335229 ], [ -883361.69750000257045, 952399.797099997289479 ], [ -883416.590900001581758, 952262.637100007385015 ], [ -883437.35340000060387, 952208.056000013370067 ], [ -883457.05009999871254, 952156.244999995920807 ], [ -883474.754799998598173, 952108.552800002507865 ], [ -883483.367899999720976, 952081.83440000936389 ], [ -883491.862499997485429, 952056.569999999366701 ], [ -883500.121799999848008, 952031.494500010274351 ], [ -883506.884599997429177, 952006.931700000073761 ], [ -883513.946800000732765, 951984.117900001816452 ], [ -883520.113599997013807, 951960.708100009243935 ], [ -883526.084699997678399, 951936.855399999301881 ], [ -883531.791200002189726, 951915.558400015812367 ], [ -883537.718099996447563, 951890.472200009506196 ], [ -883542.330599996959791, 951865.426400012802333 ], [ -883546.983299997868016, 951841.197999999858439 ], [ -883551.911699997028336, 951814.87310000276193 ], [ -883556.343600003048778, 951787.134100000374019 ], [ -883560.766899995971471, 951760.535899996291846 ], [ -883564.772399997571483, 951731.758900004439056 ], [ -883568.930299997562543, 951702.988900004420429 ], [ -883572.447700003162026, 951674.602599998470396 ], [ -883576.093799999216571, 951644.058599998708814 ], [ -883579.522199997445568, 951613.9753000093624 ], [ -883582.751499995356426, 951581.125600001309067 ], [ -883589.207799997646362, 951516.028400014620274 ], [ -883600.74029999691993, 951388.66060000192374 ], [ -883605.850199999054894, 951336.19689999660477 ], [ -883611.358499998226762, 951280.905600010883063 ], [ -883616.851700002793223, 951231.515400000847876 ], [ -883620.525100000202656, 951203.242100003175437 ], [ -883624.588599995477125, 951175.431900001130998 ], [ -883628.522400000598282, 951148.725100006442517 ], [ -883632.63649999955669, 951123.451600000727922 ], [ -883636.617799997329712, 951098.889500002842396 ], [ -883641.177899997448549, 951075.366899997927248 ], [ -883645.886900000041351, 951052.154899998567998 ], [ -883650.557999995304272, 951028.807100005913526 ], [ -883662.233600000850856, 950976.176000006031245 ], [ -883674.398100000107661, 950922.272399997804314 ], [ -883686.916699998546392, 950868.397600001189858 ], [ -883700.439199996413663, 950814.251100005116314 ], [ -883714.328499997034669, 950759.135400015395135 ], [ -883729.080699994927272, 950704.856700005941093 ], [ -883744.531399994622916, 950650.381900015287101 ], [ -883761.165300001390278, 950595.776200005318969 ], [ -883778.732699997490272, 950539.617200005799532 ], [ -883796.767499995417893, 950482.639000005088747 ], [ -883815.634199997643009, 950426.135400000493973 ], [ -883834.375200001755729, 950368.581900006625801 ], [ -883854.299199996748939, 950311.787000006064773 ], [ -883874.754699997371063, 950253.597200006246567 ], [ -883896.080100000137463, 950196.144800001289696 ], [ -883918.298499998403713, 950136.952900012489408 ], [ -883928.950099997688085, 950110.333199996035546 ], [ -883940.347999998833984, 950082.685699997004122 ], [ -883952.563499999931082, 950054.424200001172721 ], [ -883965.467300002463162, 950025.05320000089705 ], [ -883978.952100002672523, 949995.571500006131828 ], [ -883993.262200000695884, 949964.931000004056841 ], [ -884008.56980000063777, 949934.002700001932681 ], [ -884024.672600000398234, 949902.351600009948015 ], [ -884038.353399997344241, 949875.735500007402152 ], [ -884053.141300000017509, 949847.749499993398786 ], [ -884085.903399999253452, 949786.921800003387034 ], [ -884117.6602999989409, 949728.584000002592802 ], [ -884196.134399994742125, 949587.133300004526973 ], [ -884217.272599996533245, 949549.623700014781207 ], [ -884236.2764999975916, 949515.11850000359118 ], [ -884256.198599997675046, 949477.116100005805492 ], [ -884274.461699998937547, 949441.994200005661696 ], [ -884291.594600001815706, 949408.750700001139194 ], [ -884307.604400002164766, 949376.876299997325987 ], [ -884324.33190000266768, 949341.618300002999604 ], [ -884339.867400000803173, 949307.01140000205487 ], [ -884354.905199996661395, 949274.336900004185736 ], [ -884368.633499999763444, 949241.251200008671731 ], [ -884381.788999998942018, 949210.741799995768815 ], [ -884393.638899999903515, 949179.461700000800192 ], [ -884404.812999999849126, 949148.51769999647513 ], [ -884415.322000002954155, 949118.08470000512898 ], [ -884420.811600000131875, 949100.468200008384883 ], [ -884426.333199996966869, 949083.352299995254725 ], [ -884431.586100000888109, 949064.812300006859004 ], [ -884437.004599995678291, 949046.677300001494586 ], [ -884442.140299996128306, 949027.033500007353723 ], [ -884447.409899995662272, 949008.161500005517155 ], [ -884457.838599995709956, 948965.969400011003017 ], [ -884466.139699999475852, 948929.600399995688349 ], [ -884475.360100000165403, 948890.014800006523728 ], [ -884503.023700000252575, 948759.690700008999556 ], [ -884512.928200000431389, 948713.850900003220886 ], [ -884522.800100000109524, 948670.322100012563169 ], [ -884532.162099997280166, 948631.773100000806153 ], [ -884541.267999999923632, 948596.74600001052022 ], [ -884550.568899999372661, 948563.828400001861155 ], [ -884559.943999998271465, 948532.578100004699081 ], [ -884570.093600002350286, 948503.153300005942583 ], [ -884578.580999998841435, 948478.270300003699958 ], [ -884587.78459999919869, 948452.828100003302097 ], [ -884597.37039999733679, 948426.989600009750575 ], [ -884608.007499996572733, 948400.774099993053824 ], [ -884619.005799998296425, 948373.890300004277378 ], [ -884630.728099999483675, 948347.280999997630715 ], [ -884643.618400001665577, 948320.161899993661791 ], [ -884656.765599995385855, 948291.687300006859004 ], [ -884669.434599999338388, 948265.827600002288818 ], [ -884682.652300000889227, 948239.154000002425164 ], [ -884696.307399997254834, 948209.508300004061311 ], [ -884711.735399995930493, 948179.5519999996759 ], [ -884742.082399999722838, 948121.419900006614625 ], [ -884800.133600002387539, 948008.861900000367314 ], [ -884823.499200002290308, 947961.901000005658716 ], [ -884847.789399998262525, 947915.21629999903962 ], [ -884869.031100000487641, 947871.73960000090301 ], [ -884881.09299999428913, 947846.361900016199797 ], [ -884892.532899999292567, 947821.714800010435283 ], [ -884903.544799999333918, 947798.568599993828684 ], [ -884913.637899999273941, 947774.782699999865144 ], [ -884923.896499998867512, 947753.952500003390014 ], [ -884933.013399999123067, 947731.211000009905547 ], [ -884941.806500000646338, 947710.184900001157075 ], [ -884950.587599997874349, 947689.457800006028265 ], [ -884973.485699998214841, 947628.571800008416176 ], [ -884995.9279999951832, 947567.733600003644824 ], [ -885018.152699999511242, 947508.194000005722046 ], [ -885039.592200001934543, 947447.312600007746369 ], [ -885060.803199998103082, 947386.905200012028217 ], [ -885081.635599996894598, 947326.663100006058812 ], [ -885102.080299995839596, 947266.620400001760572 ], [ -885121.52859999705106, 947205.554500001482666 ], [ -885140.506199996685609, 947143.889500002842396 ], [ -885158.950899999123067, 947082.035600004252046 ], [ -885177.130399997578934, 947020.439499998930842 ], [ -885194.643099999986589, 946958.993800005875528 ], [ -885211.526200000662357, 946897.413599999155849 ], [ -885227.866399999940768, 946835.120700004510581 ], [ -885243.658399997744709, 946772.224900001194328 ], [ -885259.03929999563843, 946709.291800005827099 ], [ -885257.558899998664856, 946801.367600011639297 ], [ -885281.013799999374896, 946758.405300004407763 ], [ -885304.515599998179823, 946717.726900006644428 ], [ -885327.047499996842816, 946674.706100009847432 ], [ -885348.939500002190471, 946631.068600010126829 ], [ -885371.1312000004109, 946589.532600007485598 ], [ -885392.374000000301749, 946547.818900004960597 ], [ -885412.537999995285645, 946503.181100006680936 ], [ -885433.148699997458607, 946461.111700003966689 ], [ -885439.713100000517443, 946445.355900007300079 ], [ -885446.124700000043958, 946429.353800004348159 ], [ -885453.432000000262633, 946416.725000007543713 ], [ -885459.480699998093769, 946400.103600001428276 ], [ -885465.465900000184774, 946383.419499996583909 ], [ -885471.315299995010719, 946366.8608000096865 ], [ -885477.932900002226233, 946352.467000010889024 ], [ -885483.443999998038635, 946334.707100007217377 ], [ -885488.823699997738004, 946316.655800002627075 ], [ -885494.864600000204518, 946300.826699994970113 ], [ -885500.214200001908466, 946282.597700004000217 ], [ -885505.255700000561774, 946263.486099994275719 ], [ -885516.16080000018701, 946227.349100008141249 ], [ -885525.684099995531142, 946186.170400000177324 ], [ -885534.435500000370666, 946154.866299997549504 ], [ -885541.844499997328967, 946118.312200005631894 ], [ -885550.46540000080131, 946083.209600015543401 ], [ -885558.755199999781325, 946044.733000013511628 ], [ -885565.657999999821186, 946009.910800006240606 ], [ -885573.447299999883398, 945972.620999997947365 ], [ -885597.12189999781549, 945840.514600015245378 ], [ -885606.43840000173077, 945790.992600003723055 ], [ -885615.977300001773983, 945741.286300005856901 ], [ -885624.958599997451529, 945696.037699998356402 ], [ -885635.556600000476465, 945649.299800007604063 ], [ -885646.502299999352545, 945606.333099996671081 ], [ -885651.804999995976686, 945584.91440000012517 ], [ -885657.171699998434633, 945565.129299996420741 ], [ -885662.709200000623241, 945545.260799998883158 ], [ -885667.982799999183044, 945525.075900000054389 ], [ -885674.4887999962084, 945503.326800012029707 ], [ -885681.112399995326996, 945482.342800005339086 ], [ -885687.773300000466406, 945461.461299999151379 ], [ -885694.540900001069531, 945440.840099995955825 ], [ -885701.6940999974031, 945421.29060000134632 ], [ -885708.878799996804446, 945401.629800010472536 ], [ -885716.53790000313893, 945382.811499996110797 ], [ -885724.46429999708198, 945364.689500001724809 ], [ -885732.307799994479865, 945346.141200000885874 ], [ -885740.531099998159334, 945328.458799996878952 ], [ -885748.877199998823926, 945311.807800009381026 ], [ -885757.498799994820729, 945294.849800003226846 ], [ -885766.13760000327602, 945277.408000007271767 ], [ -885775.351299999281764, 945261.002199994400144 ], [ -885784.717700000852346, 945245.025199997238815 ], [ -885794.0788999942597, 945228.702600009273738 ], [ -885819.276699997019023, 945188.774600010365248 ], [ -885843.993700002552941, 945150.817799996584654 ], [ -885868.754099996993318, 945113.465800006408244 ], [ -885893.263500000583008, 945076.717900007031858 ], [ -885918.404199998127297, 945042.149200006853789 ], [ -885942.948499995749444, 945008.469599994365126 ], [ -885967.48850000067614, 944975.515100012533367 ], [ -885992.3093000005465, 944943.787000003736466 ], [ -886017.426699995761737, 944913.80719999410212 ], [ -886042.309299999149516, 944884.109000004362315 ], [ -886067.018399997614324, 944855.180599994026124 ], [ -886079.254699998302385, 944840.63610000256449 ], [ -886092.195599997183308, 944827.577600008808076 ], [ -886105.060299996985123, 944815.649200001731515 ], [ -886117.91149999643676, 944802.723800002597272 ], [ -886130.414600001880899, 944789.816599995363504 ], [ -886142.945000001695007, 944777.175000011455268 ], [ -886155.746800000080839, 944765.657200008165091 ], [ -886168.343699995195493, 944753.56670000590384 ], [ -886181.340499997138977, 944741.760899993125349 ], [ -886194.656499997479841, 944732.136099996510893 ], [ -886211.311299994820729, 944717.184500004630536 ], [ -886228.660699999658391, 944703.21800000499934 ], [ -886246.727799997664988, 944689.085600013844669 ], [ -886264.826000000350177, 944674.661499994341284 ], [ -886283.808699996676296, 944660.88920000102371 ], [ -886303.10249999538064, 944648.082300005946308 ], [ -886322.519699998898432, 944633.930800000671297 ], [ -886342.918000002857298, 944620.444900009315461 ], [ -886363.196099997265264, 944606.157000015955418 ], [ -886384.985000000800937, 944593.852000004611909 ], [ -886406.095199995208532, 944579.557400013320148 ], [ -886428.27930000051856, 944566.387500004842877 ], [ -886450.800500002223998, 944553.118300004862249 ], [ -886474.052000002702698, 944539.966600001789629 ], [ -886497.741899997927248, 944527.240200012456626 ], [ -886521.731799999950454, 944513.976600005757064 ], [ -886546.456099997740239, 944501.749799999408424 ], [ -886571.466799997491762, 944488.959400003775954 ], [ -886597.050699999555945, 944476.659400004893541 ], [ -886622.758399997837842, 944463.174199999310076 ], [ -886650.3823000008706, 944451.961700002662838 ], [ -886677.672400000272319, 944439.065800006967038 ], [ -886705.442199999466538, 944425.53590000513941 ], [ -886735.208100000629202, 944414.380600004922599 ], [ -886764.541499994229525, 944401.439300007652491 ], [ -886794.840100003406405, 944388.340500008314848 ], [ -886826.83870000205934, 944375.730700007174164 ], [ -886859.32250000257045, 944362.076300010085106 ], [ -886893.246399994939566, 944348.901700003538281 ], [ -886929.647599998628721, 944336.016199997626245 ], [ -886967.078000003704801, 944321.131100000347942 ], [ -887008.287599999690428, 944305.861400007270277 ], [ -887049.968600003281608, 944290.535400005988777 ], [ -887091.869100001407787, 944275.983600009232759 ], [ -887134.070500001776963, 944261.78950001206249 ], [ -887175.315599999856204, 944246.966500005684793 ], [ -887217.96149999811314, 944234.695200006477535 ], [ -887259.37480000173673, 944221.648199999704957 ], [ -887301.655599996214733, 944210.477300001773983 ], [ -887342.656199998687953, 944198.039299999829382 ], [ -887384.24599999981001, 944187.036200008820742 ], [ -887425.572000002255663, 944177.012599996291101 ], [ -887467.12819999596104, 944167.903200011700392 ], [ -887507.837499995715916, 944158.534300013910979 ], [ -887549.046300001442432, 944150.675299996510148 ], [ -887589.088899996131659, 944141.987900011241436 ], [ -887628.918199997860938, 944133.938400005921721 ], [ -887669.816600000252947, 944128.580300002824515 ], [ -887681.847899999469519, 944126.529600005131215 ], [ -887694.182799999602139, 944124.642800006084144 ], [ -887706.84650000394322, 944122.915900013875216 ], [ -887719.872299999231473, 944121.344399998895824 ], [ -887747.708200001856312, 944119.371400002855808 ], [ -887777.068700000876561, 944117.232099996879697 ], [ -887803.591300000669435, 944116.442600002046674 ], [ -887833.561500004027039, 944116.177700005471706 ], [ -887934.388499998021871, 944114.627100001089275 ], [ -887972.665399998426437, 944113.37400000076741 ], [ -887992.546999997459352, 944112.457900012843311 ], [ -888011.726899999659508, 944112.222999996040016 ], [ -888029.269900002749637, 944110.962199998553842 ], [ -888045.986600001575425, 944109.506400004029274 ], [ -888064.973299996927381, 944107.505400001071393 ], [ -888083.133000002708286, 944105.196099998895079 ], [ -888101.217099996982142, 944103.407499994151294 ], [ -888118.307199991773814, 944101.022000013850629 ], [ -888134.567299997201189, 944097.705100007355213 ], [ -888150.561899998458102, 944094.622700005304068 ], [ -888165.812799998326227, 944090.583200004417449 ], [ -888180.778100000461563, 944086.359699997585267 ], [ -888196.419399999082088, 944081.911700004246086 ], [ -888211.710800000233576, 944076.450299996417016 ], [ -888227.299600000493228, 944071.143899994436651 ], [ -888242.950100000016391, 944065.389000001829118 ], [ -888258.606800000648946, 944059.220100014936179 ], [ -888274.671399999409914, 944052.914800005499274 ], [ -888290.188300000503659, 944045.262099996674806 ], [ -888306.318400001619011, 944038.332100006751716 ], [ -888321.972800001967698, 944029.782600006088614 ], [ -888337.724699997575954, 944020.769900012295693 ], [ -888353.856300001731142, 944011.873000002931803 ], [ -888371.009799994295463, 944003.980100004468113 ], [ -888387.14469999819994, 943993.525200000964105 ], [ -888403.726300002541393, 943983.145900002215058 ], [ -888420.48649999499321, 943972.252100000623614 ], [ -888437.208700002869591, 943960.222200006246567 ], [ -888452.46839999826625, 943950.984600007068366 ], [ -888467.773900000844151, 943941.049699994269758 ], [ -888482.692899998975918, 943929.455200002528727 ], [ -888498.437800002750009, 943918.546299999579787 ], [ -888530.446000000694767, 943893.937400001566857 ], [ -888565.220599997090176, 943868.278300000354648 ], [ -888594.449299994623289, 943844.392499999608845 ], [ -888626.750100002624094, 943817.259300007484853 ], [ -888729.252699999837205, 943732.947000003885478 ], [ -888763.547199998050928, 943704.535000011324883 ], [ -888794.87639999971725, 943679.322400007396936 ], [ -888823.652600001078099, 943657.226900010835379 ], [ -888840.411400002194569, 943643.124899997841567 ], [ -888857.712300000712276, 943629.407799995038658 ], [ -888874.941399998031557, 943614.513900002464652 ], [ -888892.670299995224923, 943599.616300005000085 ], [ -888910.403799999272451, 943583.373700005467981 ], [ -888929.056899994146079, 943567.6375000057742 ], [ -888947.845199994975701, 943550.565300002228469 ], [ -888966.912500000791624, 943531.970200001262128 ], [ -888999.790499996393919, 943501.08399999467656 ], [ -889036.209599998081103, 943466.568900010548532 ], [ -889070.26940000266768, 943432.220400004182011 ], [ -889152.782600000500679, 943350.555699994787574 ], [ -889195.116899999789894, 943308.825400001369417 ], [ -889216.484300000127405, 943288.419300015550107 ], [ -889236.548099994659424, 943269.231899998150766 ], [ -889255.529199996963143, 943250.605300007853657 ], [ -889274.442099998239428, 943233.927900000475347 ], [ -889294.03349999897182, 943216.579799996223301 ], [ -889313.023699996992946, 943199.994500013999641 ], [ -889331.083600000943989, 943182.970399997662753 ], [ -889349.557300003478304, 943167.960700000170618 ], [ -889367.99489999609068, 943153.850300003774464 ], [ -889386.089299995452166, 943139.909700007177889 ], [ -889403.365100001916289, 943125.382899997755885 ], [ -889421.147499997168779, 943112.596800002269447 ], [ -889460.326099996920675, 943084.985700014047325 ], [ -889499.631299996748567, 943057.311400010250509 ], [ -889539.400400002254173, 943030.483500010799617 ], [ -889579.876700000371784, 943004.590299996547401 ], [ -889619.615700001129881, 942977.322800013702363 ], [ -889661.156399995088577, 942952.936400002799928 ], [ -889701.96590000204742, 942927.319599999580532 ], [ -889743.739999996265396, 942903.092300004791468 ], [ -889785.870300000999123, 942879.451099997851998 ], [ -889827.975800000363961, 942855.530100009404123 ], [ -889870.985599999781698, 942833.090500004123896 ], [ -889913.755300001474097, 942810.083400001749396 ], [ -889957.634799993829802, 942788.840600001625717 ], [ -890001.409299996681511, 942767.362200005911291 ], [ -890045.406699998537078, 942745.950699997600168 ], [ -890089.943999995943159, 942725.5189000046812 ], [ -890135.193199997767806, 942705.964799995999783 ], [ -890180.164499999023974, 942685.969900014810264 ], [ -890226.524199997540563, 942668.093100001569837 ], [ -890272.262900000670925, 942649.161999994888902 ], [ -890318.721800000173971, 942631.091600003652275 ], [ -890365.681400001049042, 942613.995099998544902 ], [ -890413.154300002381206, 942597.475200006738305 ], [ -890460.436499999603257, 942580.642600004561245 ], [ -890493.138599999016151, 942570.146500000730157 ], [ -892050.041999995009974, 944317.691100003197789 ], [ -889404.20339999650605, 962838.561500002164394 ], [ -885382.528700002934784, 963579.3963000071235 ], [ -881718.403699998976663, 962071.124100002460182 ], [ -881688.998000000603497, 962052.261100012343377 ], [ -881654.992799998726696, 962032.965800003614277 ], [ -881623.968300002161413, 962012.178499999456108 ], [ -881594.051499999128282, 961992.135499997530133 ], [ -881564.480900001944974, 961973.691600012592971 ], [ -881551.165199995273724, 961963.119600003585219 ], [ -881537.878199995262548, 961952.947899999562651 ], [ -881525.670699998969212, 961941.673099995590746 ], [ -881512.756099994760007, 961931.799400012940168 ], [ -881499.352000002749264, 961923.011299997102469 ], [ -881486.994899998418987, 961913.169199994765222 ], [ -881474.186800000723451, 961904.253999995999038 ], [ -881462.720699998782948, 961893.884000002406538 ], [ -881445.543799999170005, 961878.660200000740588 ], [ -881427.854400003328919, 961862.217899999581277 ], [ -881407.824999999720603, 961846.62200000975281 ], [ -881385.799899999285117, 961830.556400004308671 ], [ -881344.767999996198341, 961796.774300004355609 ], [ -881233.888200000859797, 961708.370500004850328 ], [ -881200.961499996483326, 961682.271200004965067 ], [ -881172.392899997299537, 961657.551500014495105 ], [ -881140.471099998801947, 961629.883499996270984 ], [ -881110.055500002577901, 961605.332800001371652 ], [ -881083.644499999238178, 961579.294100003316998 ], [ -881058.235100002028048, 961555.148600007873029 ], [ -881043.06449999823235, 961541.244000009726733 ], [ -881028.462399998214096, 961527.424299994949251 ], [ -881014.833799999207258, 961513.338100002612919 ], [ -881002.131399997510016, 961498.839099997654557 ], [ -880990.017599999904633, 961484.333999996539205 ], [ -880978.128799998899922, 961470.309700006153435 ], [ -880966.698399994987994, 961456.539200002793223 ], [ -880955.013900002930313, 961443.748200006317347 ], [ -880943.756500000599772, 961430.950399999972433 ], [ -880933.477800000691786, 961417.729600008111447 ], [ -880924.351099998457357, 961403.610100009478629 ], [ -880915.711299997055903, 961389.435499997809529 ], [ -880906.83219999470748, 961376.237099999096245 ], [ -880898.418799995211884, 961362.970299997366965 ], [ -880890.852199998451397, 961349.034899995662272 ], [ -880884.238400001311675, 961334.67409999622032 ], [ -880878.703299997141585, 961324.502999993506819 ], [ -880873.314299999037758, 961314.149100000970066 ], [ -880868.050999998813495, 961303.72110000718385 ], [ -880862.947399995988235, 961293.021899996791035 ], [ -880858.006999999517575, 961282.228700007777661 ], [ -880853.169099997030571, 961271.189399994909763 ], [ -880843.5977999989409, 961249.124900004826486 ], [ -880835.778400000883266, 961225.015399994328618 ], [ -880828.203400000697002, 961200.718199993018061 ], [ -880820.742599997902289, 961176.135400007478893 ], [ -880814.796199997887015, 961149.994700005277991 ], [ -880809.101200000848621, 961123.585199998226017 ], [ -880803.643400000408292, 961097.020000013522804 ], [ -880799.117399997310713, 961069.230700015556067 ], [ -880795.727199999848381, 961040.279300003312528 ], [ -880791.348900003591552, 961012.728599993512034 ], [ -880787.625900002429262, 960984.016000006347895 ], [ -880785.235299997963011, 960954.182500012218952 ], [ -880783.080199997872114, 960924.222600007429719 ], [ -880781.205899999476969, 960893.576899996958673 ], [ -880780.332199993776157, 960862.322600000537932 ], [ -880779.939500001724809, 960830.383300002664328 ], [ -880780.106899996520951, 960797.802199996542186 ], [ -880781.366599996341392, 960764.0762999933213 ], [ -880782.860699996352196, 960730.199099996592849 ], [ -880784.841500001261011, 960695.632900006137788 ], [ -880787.504799997899681, 960660.417200009804219 ], [ -880790.725200002547354, 960624.579700006637722 ], [ -880794.70180000201799, 960588.059699998702854 ], [ -880797.912200001999736, 960552.599900004919618 ], [ -880802.39559999993071, 960515.388300015591085 ], [ -880807.213899998692796, 960478.334999998100102 ], [ -880812.357400001492351, 960440.420500009786338 ], [ -880819.084899999434128, 960400.830999998841435 ], [ -880826.101400000276044, 960360.449300000909716 ], [ -880831.108100002631545, 960336.443100015632808 ], [ -880836.038599999155849, 960312.938899998087436 ], [ -880841.178699997253716, 960289.479599999729544 ], [ -880846.464999999152496, 960266.073000009171665 ], [ -880852.314400000497699, 960242.683600003831089 ], [ -880858.405200000619516, 960219.330600002780557 ], [ -880864.076799997361377, 960196.507500005885959 ], [ -880871.116099997190759, 960172.786700002383441 ], [ -880878.09279999602586, 960149.561400005128235 ], [ -880884.404699998209253, 960128.11109999474138 ], [ -880890.398800000315532, 960107.498600009363145 ], [ -880897.71070000086911, 960084.982399999629706 ] ] ] } },
{ "type": "Feature", "properties": { "ID": 747, "YEAR": "2012-2013", "Perimtr_KM": 6.3618005057199998, "AREA_KM": 1.2592915661699999, "SCALE": 1, "THICKNES_M": 270.48744812000001, "VOLUME_KM": 0.34062256216999998, "MASS_GT": 0.31235088951000001, "RECURRANCE": "3-4", "UA_KM": 0.03180900253, "UH_M": 22.450458083299999, "UC_KM": 0.02606246744, "REGION": "East", "ICESHELF": "Hayes_Coats_Coast" }, "geometry": { "type": "Polygon", "coordinates": [ [ [ -701173.267600000370294, 1327707.122300001326948 ], [ -701182.998799998313189, 1327705.970900004729629 ], [ -701194.34360000025481, 1327705.673099999781698 ], [ -701205.606499997898936, 1327705.391900013200939 ], [ -701216.405499996151775, 1327706.772700010798872 ], [ -701227.848999995272607, 1327706.249100005719811 ], [ -701267.890599996782839, 1327707.091200003400445 ], [ -701283.020099998451769, 1327706.910999993793666 ], [ -701297.739800000563264, 1327706.148099994286895 ], [ -701311.496399997733533, 1327704.050600002985448 ], [ -701318.458000001963228, 1327703.556400003377348 ], [ -701325.729599997401237, 1327702.08940000878647 ], [ -701332.10749999852851, 1327701.194600002840161 ], [ -701338.538100000470877, 1327699.167200007475913 ], [ -701344.45439999550581, 1327697.854300010018051 ], [ -701350.785900001879781, 1327695.552400011569262 ], [ -701356.600800001062453, 1327692.880499995313585 ], [ -701361.936000000219792, 1327690.913300002459437 ], [ -701376.144199999049306, 1327684.550600000657141 ], [ -701388.024400000460446, 1327677.410400001332164 ], [ -701399.832999996375293, 1327671.179500008001924 ], [ -701410.076200000941753, 1327664.882500011008233 ], [ -701419.509099997580051, 1327659.829100013244897 ], [ -701425.953699996694922, 1327652.99069999717176 ], [ -701432.0540999956429, 1327647.947700002230704 ], [ -701434.616499999538064, 1327645.472500002011657 ], [ -701436.852499996777624, 1327643.02920000301674 ], [ -701438.732599997892976, 1327640.615300002973527 ], [ -701441.07439999608323, 1327638.339000000618398 ], [ -701442.364299998618662, 1327635.766400002874434 ], [ -701442.410499997902662, 1327631.434200007934123 ], [ -701443.113499995321035, 1327628.696400003973395 ], [ -701443.52409999910742, 1327625.872699997387826 ], [ -701443.642599995713681, 1327622.960800001397729 ], [ -701443.469099997542799, 1327619.957800007425249 ], [ -701443.139999999199063, 1327617.856899997685105 ], [ -701442.383699999656528, 1327614.667800006922334 ], [ -701439.763099999632686, 1327610.474400004837662 ], [ -701438.420099997427315, 1327607.078000013250858 ], [ -701436.781599997542799, 1327603.571700009983033 ], [ -701434.844099997077137, 1327599.947700006887317 ], [ -701430.190200000535697, 1327593.30610000481829 ], [ -701424.595800002571195, 1327585.230200014077127 ], [ -701419.264899995643646, 1327579.405800006818026 ], [ -701412.294199995696545, 1327572.871500001754612 ], [ -701403.983800000045449, 1327563.242100005038083 ], [ -701387.296800000593066, 1327549.085000006482005 ], [ -701355.19860000256449, 1327521.814300008118153 ], [ -701341.638899996876717, 1327509.886199994944036 ], [ -701329.633500000461936, 1327499.548900006804615 ], [ -701318.045200002845377, 1327487.599500011652708 ], [ -701312.873499996960163, 1327481.525200004689395 ], [ -701307.995599996764213, 1327477.594799997285008 ], [ -701302.761199998669326, 1327470.263900008052588 ], [ -701298.268800002988428, 1327465.558300003409386 ], [ -701294.931699998676777, 1327461.217900007031858 ], [ -701291.852899997029454, 1327456.02860000403598 ], [ -701288.211199998855591, 1327449.292000003159046 ], [ -701285.603599995840341, 1327445.281300006434321 ], [ -701283.646400000434369, 1327441.141400009393692 ], [ -701281.708299998659641, 1327435.738300002645701 ], [ -701279.921099998988211, 1327430.052700015716255 ], [ -701277.658599997404963, 1327424.845699996687472 ], [ -701276.297299998812377, 1327419.550100010354072 ], [ -701274.937099997885525, 1327412.929800004232675 ], [ -701272.737000001128763, 1327399.553500003181398 ], [ -701271.140299995429814, 1327386.149600013624877 ], [ -701269.938400000333786, 1327371.919700000435114 ], [ -701269.071799997705966, 1327357.847399993333966 ], [ -701268.266699998173863, 1327323.003100006841123 ], [ -701267.499799999874085, 1327305.477500005159527 ], [ -701267.179099997971207, 1327297.334800004959106 ], [ -701265.988699996843934, 1327288.429500005673617 ], [ -701264.684600001201034, 1327282.913299999665469 ], [ -701263.713100000284612, 1327276.003600012976676 ], [ -701261.520199997816235, 1327267.456400005612522 ], [ -701258.614277272950858, 1327261.649386966135353 ], [ -701258.513499998487532, 1327261.448000005912036 ], [ -701256.230899996589869, 1327255.047000005375594 ], [ -701253.005599997937679, 1327248.672300006262958 ], [ -701249.40119999833405, 1327242.944300009869039 ], [ -701246.351399997714907, 1327240.258600005879998 ], [ -701241.662599999923259, 1327236.715200013481081 ], [ -701236.0168999992311, 1327232.872400014661252 ], [ -701232.456600001547486, 1327230.622599996160716 ], [ -701228.568100000265986, 1327228.696400000713766 ], [ -701224.341699998825788, 1327227.089100003242493 ], [ -701219.466099998913705, 1327226.721900015603751 ], [ -701213.683599997777492, 1327225.754700006917119 ], [ -701208.357599998824298, 1327225.075399996712804 ], [ -701202.614299998618662, 1327224.696100007276982 ], [ -701196.110699999611825, 1327225.540000001899898 ], [ -701184.638799994718283, 1327226.784900001250207 ], [ -701171.701600001193583, 1327228.938300009351224 ], [ -701158.64660000288859, 1327231.349400005768985 ], [ -701126.059499998111278, 1327238.576600005850196 ], [ -701109.101400000508875, 1327241.277799995616078 ], [ -701100.856699996162206, 1327242.849800014402717 ], [ -701092.300700000021607, 1327243.326700003817677 ], [ -701085.430899999570101, 1327243.402500011026859 ], [ -701078.685699999332428, 1327244.122700000181794 ], [ -701071.991500001400709, 1327244.407799995038658 ], [ -701066.267399999313056, 1327243.632200005929917 ], [ -701061.45079999929294, 1327243.223300001118332 ], [ -701056.062100001610816, 1327242.792600004002452 ], [ -701050.641499995719641, 1327241.91300000436604 ], [ -701046.129200002644211, 1327239.958999997470528 ], [ -701041.894900000654161, 1327237.70180000225082 ], [ -701037.932500001043081, 1327235.138100004754961 ], [ -701030.688400002662092, 1327231.825199997518212 ], [ -701023.368199996650219, 1327227.241400003433228 ], [ -701017.737599997315556, 1327222.492199993692338 ], [ -701011.764799997676164, 1327218.013900006189942 ], [ -701006.820299997460097, 1327213.656700002960861 ], [ -701001.716799999121577, 1327209.14669999666512 ], [ -700998.434099994599819, 1327204.60200001206249 ], [ -700995.19519999762997, 1327199.499900005292147 ], [ -700992.827399998437613, 1327194.977300013881177 ], [ -700990.616399995516986, 1327192.058199996128678 ], [ -700988.886599995195866, 1327186.905600010883063 ], [ -700988.056699997279793, 1327182.088799994904548 ], [ -700986.960399999748915, 1327176.293900004588068 ], [ -700986.313800001516938, 1327171.158800012432039 ], [ -700986.428099996875972, 1327165.349499999545515 ], [ -700986.272000000346452, 1327158.532599995844066 ], [ -700986.554800001438707, 1327152.544000002555549 ], [ -700987.580400002188981, 1327145.848300001583993 ], [ -700988.320300000254065, 1327138.093700006604195 ], [ -700989.498500001616776, 1327130.86620000610128 ], [ -700991.391999998129904, 1327123.026199997868389 ], [ -700993.162699998356402, 1327114.811600011773407 ], [ -700998.921199997887015, 1327092.3067 ], [ -701002.291000001132488, 1327081.628300002776086 ], [ -701006.577399996109307, 1327071.781600000336766 ], [ -701010.919700000435114, 1327060.15219999384135 ], [ -701017.812999999150634, 1327050.804299998097122 ], [ -701023.971199996303767, 1327038.05559999961406 ], [ -701031.137099995743483, 1327028.561500000301749 ], [ -701039.288599998224527, 1327016.677600007038563 ], [ -701048.137700000312179, 1327008.011200010310858 ], [ -701057.423400000669062, 1326998.552700004074723 ], [ -701067.887099999468774, 1326987.649899997748435 ], [ -701078.356499996501952, 1326978.56209999602288 ], [ -701089.890400000847876, 1326968.166099994443357 ], [ -701101.309099994599819, 1326959.721800013445318 ], [ -701113.638499998953193, 1326950.130100014619529 ], [ -701125.664799999445677, 1326942.672300010919571 ], [ -701138.405400002375245, 1326934.24210000410676 ], [ -701142.686399999540299, 1326931.187800007872283 ], [ -701147.857799998018891, 1326930.667200001887977 ], [ -701152.784199997317046, 1326927.933400004170835 ], [ -701159.183100000489503, 1326926.122800004202873 ], [ -701164.796100002713501, 1326923.685700006783009 ], [ -701170.783800000790507, 1326921.382199993822724 ], [ -701177.459599997382611, 1326919.990600008051842 ], [ -701185.135499997064471, 1326917.904300003312528 ], [ -701197.36900000134483, 1326914.718300010077655 ], [ -701213.130499995779246, 1326914.793500009458512 ], [ -701228.091899996623397, 1326912.935300005134195 ], [ -701262.544499997980893, 1326907.792300005909055 ], [ -701281.943299999926239, 1326906.76140000578016 ], [ -701290.101799994241446, 1326904.850800001528114 ], [ -701298.662599999923259, 1326903.657400007359684 ], [ -701305.491999990306795, 1326901.600799995474517 ], [ -701312.376800001133233, 1326902.318099997006357 ], [ -701320.21529999980703, 1326900.935600006952882 ], [ -701326.316300000064075, 1326898.072900002356619 ], [ -701331.864599996712059, 1326894.999300002586097 ], [ -701337.172099996823817, 1326892.48990000737831 ], [ -701341.687899999320507, 1326888.950800000689924 ], [ -701348.861399998422712, 1326890.083600006997585 ], [ -701352.394299997016788, 1326886.037900004535913 ], [ -701355.448600000236183, 1326881.725400011055171 ], [ -701357.386499999091029, 1326878.314299996010959 ], [ -701359.052900001872331, 1326874.630399997346103 ], [ -701362.160399995744228, 1326872.20110000250861 ], [ -701363.841099995654076, 1326872.619700010865927 ], [ -701364.715599998831749, 1326868.060599997173995 ], [ -701365.335099997930229, 1326863.175000012852252 ], [ -701365.702699997927994, 1326857.937700013630092 ], [ -701367.788199998438358, 1326857.734399997629225 ], [ -701367.468899995554239, 1326847.886100001167506 ], [ -701368.477999996393919, 1326841.911099999211729 ], [ -701367.165000000968575, 1326830.740200008265674 ], [ -701366.057900001760572, 1326811.393800013232976 ], [ -701365.956499998923391, 1326799.786700002383441 ], [ -701366.065899999812245, 1326795.808200001250952 ], [ -701367.204599999822676, 1326792.002500005997717 ], [ -701367.193999994080514, 1326786.075800007674843 ], [ -701368.0011, 1326783.400600004475564 ], [ -701369.845099997706711, 1326780.620500002987683 ], [ -701370.552000002935529, 1326775.610600012354553 ], [ -701371.505199994426221, 1326770.888300012331456 ], [ -701372.163800003007054, 1326768.451900007203221 ], [ -701805.438046968542039, 1326940.557777513749897 ], [ -702220.405495344661176, 1327105.391799710690975 ], [ -702281.325399997178465, 1327129.590500002726912 ], [ -702259.995007559657097, 1327164.004258213564754 ], [ -701802.42613709717989, 1327902.230923117604107 ], [ -701692.332499995362014, 1328079.852399996481836 ], [ -700775.548607922624797, 1328582.050630474928766 ], [ -700645.163899999111891, 1328653.473100004252046 ], [ -700673.393399995751679, 1328602.119300001766533 ], [ -700688.024900001008064, 1328576.069099995773286 ], [ -700695.526599996723235, 1328563.240700001828372 ], [ -700703.683899994939566, 1328551.337100007105619 ], [ -700709.963399999309331, 1328540.345100004691631 ], [ -700718.37959999544546, 1328530.581500015221536 ], [ -700725.515999998431653, 1328519.289100000634789 ], [ -700734.225399998947978, 1328509.091200006660074 ], [ -700742.81609999993816, 1328499.625000010244548 ], [ -700750.97330000018701, 1328490.172600007615983 ], [ -700759.765099994372576, 1328481.887900005560368 ], [ -700768.080099997576326, 1328474.12390000699088 ], [ -700778.1091, 1328466.594999994616956 ], [ -700786.682499997317791, 1328459.637399996165186 ], [ -700791.825300001073629, 1328456.30530000384897 ], [ -700796.744199998676777, 1328452.497000007890165 ], [ -700803.536800000816584, 1328449.502500015310943 ], [ -700810.265699997078627, 1328446.153100012801588 ], [ -700823.459500001743436, 1328439.649499999824911 ], [ -700857.600399999413639, 1328424.852200000546873 ], [ -700866.934599998872727, 1328419.973299993667752 ], [ -700875.04060000134632, 1328415.788899996317923 ], [ -700882.866500001400709, 1328410.789599997922778 ], [ -700891.085700001101941, 1328405.404300011694431 ], [ -700896.655799997504801, 1328399.883300002664328 ], [ -700899.504400000441819, 1328397.144199998583645 ], [ -700902.12140000006184, 1328394.339700004085898 ], [ -700905.311099998652935, 1328390.504900003783405 ], [ -700908.316099999006838, 1328386.237100006081164 ], [ -700911.131199999246746, 1328381.960499999579042 ], [ -700912.910499998833984, 1328377.24800000153482 ], [ -700915.352099998854101, 1328372.527900003362447 ], [ -700916.829900001641363, 1328367.631900009233505 ], [ -700918.899199996609241, 1328362.465900001581758 ], [ -700919.93390000006184, 1328356.861500005703419 ], [ -700921.631599996238947, 1328351.248500003479421 ], [ -700922.366999998223037, 1328345.4559 ], [ -700923.69539999589324, 1328339.389500013552606 ], [ -700924.839599998202175, 1328333.094000006094575 ], [ -700925.799999997019768, 1328326.56820000289008 ], [ -700925.799599998630583, 1328319.855700008105487 ], [ -700927.487800000235438, 1328305.925699996761978 ], [ -700926.987099998630583, 1328291.169300003908575 ], [ -700925.793499995023012, 1328275.445900012273341 ], [ -700923.222799999173731, 1328258.398699996527284 ], [ -700920.317600000649691, 1328240.092800000682473 ], [ -700917.618500001262873, 1328222.043200015556067 ], [ -700913.21389999659732, 1328201.266100004781038 ], [ -700907.222399995196611, 1328177.651500013656914 ], [ -700900.128899998497218, 1328149.585700000170618 ], [ -700896.250500000081956, 1328134.580100006423891 ], [ -700890.409599999897182, 1328101.05970000801608 ], [ -700886.974000000394881, 1328085.782800006680191 ], [ -700885.544599998742342, 1328078.027600003872067 ], [ -700882.774900000076741, 1328070.485400000587106 ], [ -700881.128899998497218, 1328064.642200007103384 ], [ -700879.290200000163168, 1328058.641900010406971 ], [ -700875.66429999563843, 1328051.651300012599677 ], [ -700872.393599994946271, 1328046.488400015514344 ], [ -700869.471400000620633, 1328041.14070000872016 ], [ -700866.269200001377612, 1328036.341399998869747 ], [ -700861.930000000633299, 1328031.065700009465218 ], [ -700857.787399997934699, 1328028.511800000444055 ], [ -700853.685499999206513, 1328025.282799996435642 ], [ -700848.652800002600998, 1328023.318500004708767 ], [ -700845.458399998955429, 1328021.851600001566112 ], [ -700841.560299998614937, 1328020.524799998383969 ], [ -700827.589699995238334, 1328018.619400002062321 ], [ -700823.159999998286366, 1328017.330600004177541 ], [ -700819.362599994987249, 1328015.842500002589077 ], [ -700815.478999994695187, 1328013.1436000126414 ], [ -700812.304299999494106, 1328012.123100002296269 ], [ -700809.780200001318008, 1328009.488499998115003 ], [ -700807.557299999054521, 1328006.429699999280274 ], [ -700805.015999995172024, 1328003.69660000083968 ], [ -700803.3898, 1327999.781800005119294 ], [ -700802.057399996556342, 1327995.429900008253753 ], [ -700799.78870000038296, 1327990.157700001262128 ], [ -700799.035400000400841, 1327984.900600015651435 ], [ -700798.594500002451241, 1327979.646900001447648 ], [ -700798.392200000118464, 1327973.961899995338172 ], [ -700797.199799999129027, 1327967.335399994626641 ], [ -700797.472099999431521, 1327960.637900003232062 ], [ -700797.23360000224784, 1327947.487400002777576 ], [ -700799.02149999467656, 1327917.939800007268786 ], [ -700798.811899999622256, 1327908.838600003160536 ], [ -700800.496500000823289, 1327900.334299994632602 ], [ -700802.847899998072535, 1327891.952599993906915 ], [ -700806.099199997726828, 1327883.472300007473677 ], [ -700809.783599999267608, 1327875.338400009553879 ], [ -700813.712999999988824, 1327867.198999995365739 ], [ -700818.728999994229525, 1327859.31559999845922 ], [ -700824.410199997015297, 1327851.558600012212992 ], [ -700830.989599996712059, 1327843.706500008702278 ], [ -700837.962799999862909, 1327835.543300002813339 ], [ -700845.635899995919317, 1327828.170299997553229 ], [ -700854.204499997198582, 1327820.704999999143183 ], [ -700863.164199996273965, 1327812.931600011419505 ], [ -700873.054000000469387, 1327805.728700006380677 ], [ -700883.502299997489899, 1327798.544300007633865 ], [ -700894.663700001314282, 1327790.942000012844801 ], [ -700906.412300003692508, 1327784.032500001601875 ], [ -700918.056200003717095, 1327777.103000001516193 ], [ -700930.794700002297759, 1327770.844700015615672 ], [ -700944.577399998437613, 1327764.821600006427616 ], [ -700957.798499997705221, 1327759.234599998686463 ], [ -700972.847399995662272, 1327752.458800004329532 ], [ -700989.298300003167242, 1327747.121700002811849 ], [ -701005.47010000096634, 1327742.542200001887977 ], [ -701023.162600000854582, 1327737.498299998231232 ], [ -701040.681799998506904, 1327732.989500007592142 ], [ -701059.656900002155453, 1327728.222600016277283 ], [ -701079.310199997387826, 1327724.620200003031641 ], [ -701099.380200000479817, 1327721.016100010834634 ], [ -701119.582200000528246, 1327715.346300004050136 ], [ -701140.485100000165403, 1327711.480300008319318 ], [ -701163.1296999999322, 1327707.287200006656349 ], [ -701173.267600000370294, 1327707.122300001326948 ] ] ] } },
{ "type": "Feature", "properties": { "ID": 748, "YEAR": "2012-2013", "Perimtr_KM": 11.3606949187, "AREA_KM": 4.1515558376800001, "SCALE": 1, "THICKNES_M": 247.652089437, "VOLUME_KM": 1.02814147762, "MASS_GT": 0.94280573496999998, "RECURRANCE": "2-3", "UA_KM": 0.05680347459, "UH_M": 20.555123321899998, "UC_KM": 0.0786674365, "REGION": "West", "ICESHELF": "Ferrigno" }, "geometry": { "type": "Polygon", "coordinates": [ [ [ -1766461.500614435179159, 212817.697870900854468 ], [ -1766286.324900000821799, 212095.097799999639392 ], [ -1766123.765000001061708, 211255.204900010954589 ], [ -1766157.382931374944746, 210999.708404135424644 ], [ -1766253.125999994110316, 210272.060999995563179 ], [ -1766547.055777534842491, 210024.426590209826827 ], [ -1767885.41279999865219, 208896.867300010286272 ], [ -1767959.497399997897446, 208769.526299995370209 ], [ -1768778.838766838423908, 208466.397266385145485 ], [ -1768973.425099997082725, 208394.406800004653633 ], [ -1768818.90722956485115, 208646.303029088303447 ], [ -1768655.269814384169877, 208913.066010649781674 ], [ -1768529.289151741657406, 209118.440662585198879 ], [ -1767266.383400001563132, 211177.239400003571063 ], [ -1766991.096499292412773, 211830.711107894778252 ], [ -1766900.725059404037893, 212045.233408148400486 ], [ -1766734.723506421083584, 212439.28527934383601 ], [ -1766575.952500913059339, 212816.173390860669315 ], [ -1766503.07139999885112, 212989.177400005050004 ], [ -1766461.500614435179159, 212817.697870900854468 ] ] ] } },
{ "type": "Feature", "properties": { "ID": 749, "YEAR": "2012-2013", "Perimtr_KM": 19.4397977894, "AREA_KM": 7.871689917, "SCALE": 1, "THICKNES_M": 209.565814308, "VOLUME_KM": 1.64963710744, "MASS_GT": 1.51271722752, "RECURRANCE": "2-3", "UA_KM": 0.09719898895, "UH_M": 17.393962501800001, "UC_KM": 0.12622068579000001, "REGION": "East", "ICESHELF": "Moscow_University" }, "geometry": { "type": "Polygon", "coordinates": [ [ [ 2198756.910471021197736, -1334749.571256651775911 ], [ 2198729.254499999806285, -1335136.754599997540936 ], [ 2198045.855374311096966, -1335381.746748223435134 ], [ 2196976.386400007642806, -1335765.141299993731081 ], [ 2196943.663241579197347, -1335794.977122279815376 ], [ 2196552.020683987997472, -1336152.063000003574416 ], [ 2195851.904999998398125, -1336790.403799996711314 ], [ 2195583.673517514020205, -1336700.993245757184923 ], [ 2195554.248199995607138, -1336691.184799992712215 ], [ 2195455.638321306556463, -1336755.660485497675836 ], [ 2195412.293600000441074, -1336784.001262878300622 ], [ 2195116.683261905796826, -1336977.284932256909087 ], [ 2194694.350599996745586, -1337253.425500004086643 ], [ 2194631.107500003650784, -1337258.695760989794508 ], [ 2194297.474800003692508, -1337286.49850000324659 ], [ 2193119.590400003828108, -1340260.242000001482666 ], [ 2193032.379099995829165, -1339343.420000000856817 ], [ 2193167.466607152484357, -1338489.650591638637707 ], [ 2193321.654600003734231, -1337515.163800002075732 ], [ 2193503.648652228526771, -1337047.48843476199545 ], [ 2193886.916132947430015, -1336062.594935005065054 ], [ 2193998.502200008369982, -1335775.848999998532236 ], [ 2195107.12769999820739, -1335238.709800004260615 ], [ 2195796.079600006341934, -1335156.347200000891462 ], [ 2196518.532400007359684, -1334887.79420000128448 ], [ 2197270.821900004521012, -1334976.601500001503155 ], [ 2197508.878599999472499, -1335199.513299999758601 ], [ 2197943.157100004144013, -1334803.40950000169687 ], [ 2197809.393299996852875, -1334224.568000001134351 ], [ 2198762.327500005252659, -1334673.732900003902614 ], [ 2198756.910471021197736, -1334749.571256651775911 ] ] ] } },
{ "type": "Feature", "properties": { "ID": 750, "YEAR": "2012-2013", "Perimtr_KM": 11.282510219100001, "AREA_KM": 6.3464427260600003, "SCALE": 1, "THICKNES_M": 205.67963045299999, "VOLUME_KM": 1.30533399459, "MASS_GT": 1.1969912730400001, "RECURRANCE": "3-4", "UA_KM": 0.0564125511, "UH_M": 17.071409243400002, "UC_KM": 0.09987660391, "REGION": "East", "ICESHELF": "Moscow_University" }, "geometry": { "type": "Polygon", "coordinates": [ [ [ 2196460.980854633264244, -1329975.722826653392985 ], [ 2197033.672216136939824, -1331573.230251147877425 ], [ 2197042.532400006428361, -1331597.945499999215826 ], [ 2197156.158644425682724, -1331697.368456706404686 ], [ 2197644.361020748503506, -1332124.545505239395425 ], [ 2197836.284000006504357, -1332292.478100002277642 ], [ 2197968.575900005176663, -1332689.353900002548471 ], [ 2197408.080100001767278, -1332886.704700002446771 ], [ 2196935.122399997897446, -1332757.616300003603101 ], [ 2195968.362500010058284, -1332518.985199997201562 ], [ 2195313.837400005199015, -1332653.621699996991083 ], [ 2194671.052899997681379, -1332207.195999996270984 ], [ 2194702.332500002346933, -1331633.602799999294803 ], [ 2194634.76649999897927, -1331045.27549999137409 ], [ 2195237.328899994492531, -1330541.771699996897951 ], [ 2195344.962300004437566, -1329654.830699996557087 ], [ 2195272.563999998383224, -1329340.313700003316626 ], [ 2196414.145699996501207, -1329845.077400000533089 ], [ 2196460.980854633264244, -1329975.722826653392985 ] ] ] } },
{ "type": "Feature", "properties": { "ID": 751, "YEAR": "2012-2013", "Perimtr_KM": 15.2125913835, "AREA_KM": 3.5470919366999998, "SCALE": 1, "THICKNES_M": 249.49147151099999, "VOLUME_KM": 0.88496918687000004, "MASS_GT": 0.81151674436, "RECURRANCE": "6-8", "UA_KM": 0.07606295692, "UH_M": 20.707792033299999, "UC_KM": 0.06771272128, "REGION": "East", "ICESHELF": "Totten" }, "geometry": { "type": "Polygon", "coordinates": [ [ [ 2198343.090689344331622, -1286754.077736910199746 ], [ 2197974.308500002138317, -1287286.76309999730438 ], [ 2196958.896880785934627, -1288135.081677181413397 ], [ 2196302.138500005938113, -1288683.765899998135865 ], [ 2196111.638200003653765, -1290017.268599995644763 ], [ 2196407.972099997103214, -1290588.769699998665601 ], [ 2196259.805100007914007, -1290969.770499999402091 ], [ 2196425.771815676242113, -1291038.923270968021825 ], [ 2196513.805600005201995, -1291075.603999999817461 ], [ 2196534.972300003282726, -1291414.271299998275936 ], [ 2196253.753353127278388, -1291499.87090526917018 ], [ 2196021.295600016601384, -1291570.628200000384822 ], [ 2195942.601600007154047, -1291337.779600001638755 ], [ 2195855.70819999743253, -1291001.32069999887608 ], [ 2196151.059999998658895, -1290741.608399998163804 ], [ 2195731.073600009083748, -1290229.669399998150766 ], [ 2195466.235000004060566, -1289625.667400000384077 ], [ 2194965.039799998514354, -1288818.37699999823235 ], [ 2195709.32300001103431, -1288967.8453 ], [ 2195971.966400005854666, -1288699.700400001136586 ], [ 2196147.841400003992021, -1288039.606700002914295 ], [ 2196421.018199996091425, -1287517.583999999566004 ], [ 2197798.220300001092255, -1286892.127699998905882 ], [ 2197987.09940000064671, -1286224.424400000367314 ], [ 2198545.809700002893806, -1286461.261399999726564 ], [ 2198343.090689344331622, -1286754.077736910199746 ] ] ] } },
{ "type": "Feature", "properties": { "ID": 752, "YEAR": "2012-2013", "Perimtr_KM": 16.062486334199999, "AREA_KM": 10.6527678935, "SCALE": 2, "THICKNES_M": 343.395463, "VOLUME_KM": 3.6581121630200002, "MASS_GT": 3.3544888534899999, "RECURRANCE": "4-5", "UA_KM": 0.08031243167, "UH_M": 28.501823288499999, "UC_KM": 0.27989757495000001, "REGION": "East", "ICESHELF": "Totten" }, "geometry": { "type": "Polygon", "coordinates": [ [ [ 2212407.672588780522346, -1242940.507211336633191 ], [ 2211401.586800001561642, -1244795.388500002678484 ], [ 2210832.428906219080091, -1244845.608315649209544 ], [ 2209152.624000010080636, -1244993.826399999437854 ], [ 2208420.995099999010563, -1245519.108271792298183 ], [ 2208066.045300007797778, -1245773.948799999430776 ], [ 2207430.489900008775294, -1245318.112399999517947 ], [ 2207743.569000005722046, -1244877.068200002191588 ], [ 2208079.346899999305606, -1245059.040100003825501 ], [ 2208385.045100004412234, -1245083.756499994546175 ], [ 2208399.683500004000962, -1242514.61550000240095 ], [ 2208494.642103102989495, -1242502.07504216930829 ], [ 2212965.745100003667176, -1241911.610599994892254 ], [ 2212407.672588780522346, -1242940.507211336633191 ] ] ] } },
{ "type": "Feature", "properties": { "ID": 754, "YEAR": "2012-2013", "Perimtr_KM": 67.9662293791, "AREA_KM": 106.106351362, "SCALE": 3, "THICKNES_M": 325.97883836300002, "VOLUME_KM": 34.588425159899998, "MASS_GT": 31.717585871600001, "RECURRANCE": "2-3", "UA_KM": 0.33983114689, "UH_M": 27.056243450699998, "UC_KM": 2.6465061463500001, "REGION": "East", "ICESHELF": "Totten" }, "geometry": { "type": "Polygon", "coordinates": [ [ [ 2302512.052764589898288, -1139951.796611363301054 ], [ 2303930.187600005418062, -1140381.370300000766292 ], [ 2306381.310400006361306, -1142116.679300002055243 ], [ 2306603.303100003860891, -1142097.331900000339374 ], [ 2306988.23346040956676, -1142335.78405556990765 ], [ 2307124.923333842307329, -1142420.459098945837468 ], [ 2308049.638525093905628, -1142993.290845471434295 ], [ 2308260.187836640514433, -1143123.719469339353964 ], [ 2308375.22917097620666, -1143194.98392902710475 ], [ 2308558.348600000143051, -1143308.420610221801326 ], [ 2308754.842900006100535, -1143430.142599998041987 ], [ 2309193.784643434919417, -1142912.65336812264286 ], [ 2309299.568809031508863, -1142787.939399995841086 ], [ 2309567.477051593363285, -1142472.089671114925295 ], [ 2309779.783634152263403, -1142221.791375324130058 ], [ 2310281.236500004306436, -1141630.60481752641499 ], [ 2310313.431804657913744, -1141592.648246467113495 ], [ 2310396.932599999010563, -1141494.205200002761558 ], [ 2310371.065444494597614, -1141645.493455504765734 ], [ 2310317.88563338201493, -1141956.524208387127146 ], [ 2310281.236500004306436, -1142170.872610698454082 ], [ 2310276.263171667233109, -1142199.9599283344578 ], [ 2310247.533004158176482, -1142367.992974024731666 ], [ 2310247.472800005227327, -1142368.345087779453024 ], [ 2310246.146577807143331, -1142376.101713474141434 ], [ 2310227.518654401414096, -1142485.050145607907325 ], [ 2310213.709100007079542, -1142565.817564860451967 ], [ 2310207.737044563516974, -1142600.746100000105798 ], [ 2310199.542630412615836, -1142648.672460569767281 ], [ 2310192.701141018420458, -1142688.686021204572171 ], [ 2310170.760127222165465, -1142817.011599998222664 ], [ 2310001.09379025362432, -1143809.332697484176606 ], [ 2309959.07559999730438, -1144055.082899999804795 ], [ 2309736.056779874488711, -1144245.39229400944896 ], [ 2309665.733823766000569, -1144305.401216819882393 ], [ 2309601.236760035157204, -1144360.438711444148794 ], [ 2309456.828928001224995, -1144483.66672865441069 ], [ 2309299.426905408501625, -1144617.983121858211234 ], [ 2309225.490825202316046, -1144681.075243912404403 ], [ 2308979.686463687568903, -1144890.828299998538569 ], [ 2308901.530370280146599, -1144957.52149999816902 ], [ 2308846.716961501166224, -1145004.295609030639753 ], [ 2308826.180500001646578, -1145021.820056253345683 ], [ 2308497.39550665859133, -1145302.383251810213551 ], [ 2308342.181822407059371, -1145434.832262954441831 ], [ 2308217.138999997638166, -1145541.53547187987715 ], [ 2307832.210800003260374, -1145870.007537326076999 ], [ 2306792.810809256508946, -1146756.962200003676116 ], [ 2306583.800500000827014, -1146935.317664689617231 ], [ 2305908.637300000526011, -1147511.456931224791333 ], [ 2305717.453333806246519, -1147674.600583097431809 ], [ 2305448.76869999896735, -1147903.878138292813674 ], [ 2305305.684507612138987, -1148025.976649667136371 ], [ 2305024.617218416184187, -1148265.820737508125603 ], [ 2304998.128199995495379, -1148288.424699992639944 ], [ 2304870.102936699055135, -1148223.427258124342188 ], [ 2304009.704960364848375, -1147786.60982060385868 ], [ 2303612.862011830322444, -1147585.135706706671044 ], [ 2303186.290424347855151, -1147368.568591381423175 ], [ 2302826.529519087634981, -1147185.920745756011456 ], [ 2301553.055213429965079, -1146539.387631718302146 ], [ 2301271.419204554520547, -1146396.40319533389993 ], [ 2300698.640399998053908, -1146105.60780000151135 ], [ 2300464.481999998912215, -1146315.749950820812955 ], [ 2300194.588347030803561, -1146557.962200000183657 ], [ 2299705.741923507302999, -1146996.670522482832894 ], [ 2299268.402499539777637, -1147389.154615266947076 ], [ 2298939.72731473390013, -1147684.119520461885259 ], [ 2298904.316352182067931, -1147715.898588963085786 ], [ 2298860.564216037280858, -1147755.163325961213559 ], [ 2298771.194216811098158, -1147835.367170271230862 ], [ 2298692.100622544065118, -1147906.34860000316985 ], [ 2298118.947699999436736, -1148420.716599997831509 ], [ 2297990.049810987897217, -1148281.296432794770226 ], [ 2297845.751854067668319, -1148125.219049093080685 ], [ 2296902.452099999412894, -1147104.915222185431048 ], [ 2296605.831699999049306, -1146784.080908437725157 ], [ 2296601.022296020761132, -1146778.878899995936081 ], [ 2296577.397300005890429, -1146753.325332592707127 ], [ 2296574.733888766728342, -1146750.444499996257946 ], [ 2296403.217262828722596, -1146564.926514785271138 ], [ 2296288.479809345677495, -1146440.822737196693197 ], [ 2295905.937626340426505, -1146027.052616304717958 ], [ 2295534.667520470917225, -1145625.474742254475132 ], [ 2295184.109000004827976, -1145246.299195515690371 ], [ 2295181.445623050443828, -1145243.41840000031516 ], [ 2295140.501807114109397, -1145199.132231256226078 ], [ 2295013.502300005406141, -1145061.765415921341628 ], [ 2294997.426402444019914, -1145044.377199996495619 ], [ 2294985.067800001241267, -1145031.009731901576743 ], [ 2294877.795399997383356, -1144914.980400000698864 ], [ 2294857.701399999670684, -1144910.674542822409421 ], [ 2294581.702208859845996, -1144851.531858471222222 ], [ 2294420.094337459653616, -1144816.901599999750033 ], [ 2294338.138471445068717, -1144799.339628551388159 ], [ 2294189.331018943339586, -1144767.452317018294707 ], [ 2294128.569104112684727, -1144754.431906578363851 ], [ 2293822.329225209541619, -1144688.809074791613966 ], [ 2293545.288800003938377, -1144629.443268853938207 ], [ 2292273.853188659995794, -1144356.992778263287619 ], [ 2291994.136300000362098, -1144297.053444438846782 ], [ 2291657.814661519601941, -1144224.984521262347698 ], [ 2291544.498899999074638, -1144200.702572143636644 ], [ 2291409.977069361135364, -1144171.876465321751311 ], [ 2291312.450998988933861, -1144150.978021481540054 ], [ 2291196.855532360263169, -1144126.207564123207703 ], [ 2291173.621300003491342, -1144121.228800000157207 ], [ 2291015.176860430277884, -1144154.23806043015793 ], [ 2290545.910526155494153, -1144252.001886535901576 ], [ 2289770.864090483635664, -1144413.469904644181952 ], [ 2287961.118339273147285, -1144790.500294422265142 ], [ 2287938.76169999781996, -1144795.157927913358435 ], [ 2287835.421494835987687, -1144816.68713874486275 ], [ 2287442.570099998265505, -1144898.531184754567221 ], [ 2287420.086807819083333, -1144903.215204265667126 ], [ 2287165.59290000423789, -1144956.234771902905777 ], [ 2285982.022099196910858, -1145202.812038372969255 ], [ 2285715.435800003819168, -1145258.350854380754754 ], [ 2285564.389888847246766, -1145289.818754622479901 ], [ 2284823.608600011095405, -1145444.148200004128739 ], [ 2284568.630947449244559, -1144911.631585700204596 ], [ 2284554.428070755675435, -1144881.969112401595339 ], [ 2284536.254319924861193, -1144844.01353408372961 ], [ 2284443.751705488190055, -1144650.823352279607207 ], [ 2284163.607885236851871, -1144065.74761257879436 ], [ 2283934.623667287640274, -1143587.517856959719211 ], [ 2283899.775100002065301, -1143514.737199999857694 ], [ 2283974.119550543837249, -1143529.435658916365355 ], [ 2284589.439214510843158, -1143651.089000000152737 ], [ 2284631.004200004041195, -1143659.306711303070188 ], [ 2284634.503855592571199, -1143659.99861962441355 ], [ 2284718.33616579324007, -1143676.572899997467175 ], [ 2284814.306200001388788, -1143695.546900003217161 ], [ 2284893.91950870770961, -1143676.572900004219264 ], [ 2284904.372061719186604, -1143674.081774536520243 ], [ 2285018.036557675339282, -1143646.992457672953606 ], [ 2285368.569933735765517, -1143563.450894268695265 ], [ 2285567.162000000476837, -1143516.121045451844111 ], [ 2285859.716351785697043, -1143446.397448220988736 ], [ 2285934.50791625212878, -1143428.572599999606609 ], [ 2285999.780299997888505, -1143413.016429441515356 ], [ 2286830.259599999524653, -1143215.090799996862188 ], [ 2288688.791700006462634, -1142610.571399995358661 ], [ 2289273.973411276005208, -1142750.888872710289434 ], [ 2290297.468600004911423, -1142996.307099994504824 ], [ 2291755.893332005478442, -1142056.97089332411997 ], [ 2293400.386799996718764, -1140997.792299997527152 ], [ 2294355.195100001059473, -1142447.956999997608364 ], [ 2294402.305984043516219, -1142481.977582144550979 ], [ 2295507.1952, -1143279.860599997686222 ], [ 2296673.77730000577867, -1142672.843300001462922 ], [ 2298305.553999998606741, -1140356.857100000837818 ], [ 2298785.516399995423853, -1139133.090199992060661 ], [ 2299903.736700001172721, -1139575.699400002835318 ], [ 2300795.138600007630885, -1139147.735999995144084 ], [ 2301326.09770000167191, -1138668.978999996557832 ], [ 2302410.372900011017919, -1139920.99629999906756 ], [ 2302512.052764589898288, -1139951.796611363301054 ] ] ] } },
{ "type": "Feature", "properties": { "ID": 755, "YEAR": "2012-2013", "Perimtr_KM": 11.4319142648, "AREA_KM": 7.0151989797700001, "SCALE": 1, "THICKNES_M": 284.435292925, "VOLUME_KM": 1.9953701767400001, "MASS_GT": 1.82975445207, "RECURRANCE": "2-3", "UA_KM": 0.05715957132, "UH_M": 23.6081291964, "UC_KM": 0.15267417966, "REGION": "West", "ICESHELF": "Getz" }, "geometry": { "type": "Polygon", "coordinates": [ [ [ -1199829.302800002042204, -1180593.94420000561513 ], [ -1199799.679499997058883, -1180594.129299995722249 ], [ -1199770.773599998559803, -1180593.959699998609722 ], [ -1199741.291599996387959, -1180593.450500002363697 ], [ -1199711.188099995488301, -1180592.601099998690188 ], [ -1199680.405299997888505, -1180591.409800002118573 ], [ -1199648.902299997163936, -1180589.875299999024719 ], [ -1199616.568199996137992, -1180587.992799999890849 ], [ -1199583.30169999669306, -1180585.756299999076873 ], [ -1199542.002100000623614, -1180633.688400001265109 ], [ -1199508.321400003507733, -1180628.952500002924353 ], [ -1199473.150500000920147, -1180625.771400003693998 ], [ -1199436.33219999843277, -1180622.20479999971576 ], [ -1199397.340999995591119, -1180618.202000003540888 ], [ -1199314.704999994020909, -1180609.1357 ], [ -1199187.916700003203005, -1180593.138199997600168 ], [ -1199170.880499998340383, -1180591.270700001623482 ], [ -1199152.968899995787069, -1180589.525600004009902 ], [ -1199112.402399994898587, -1180595.886100003495812 ], [ -1199064.626800001831725, -1180650.203399998834357 ], [ -1198960.208199996035546, -1180644.008900002576411 ], [ -1198929.38849999778904, -1180641.835499999113381 ], [ -1198901.792599995387718, -1180639.557399999815971 ], [ -1198870.960999998031184, -1180636.511999996379018 ], [ -1198842.350100000621751, -1180633.087400001240894 ], [ -1198815.431699997978285, -1180629.219900002237409 ], [ -1198788.800099995685741, -1180622.907900001853704 ], [ -1198773.685599997639656, -1180619.967399997171015 ], [ -1198759.002600000472739, -1180616.823499999009073 ], [ -1198744.721500002779067, -1180613.469999999506399 ], [ -1198730.819499998819083, -1180609.901299998164177 ], [ -1198717.271999999880791, -1180606.111100002657622 ], [ -1198702.927399999462068, -1180600.133000003872439 ], [ -1198690.049199999310076, -1180595.887900000438094 ], [ -1198677.486000002827495, -1180591.409000005107373 ], [ -1198664.377300003776327, -1180599.766800002427772 ], [ -1198651.230799995595589, -1180613.115100002847612 ], [ -1198640.145700002554804, -1180644.029700001934543 ], [ -1198628.612399999517947, -1180658.728800000390038 ], [ -1198735.521088113309816, -1181260.751842043595389 ], [ -1198740.599653095472604, -1181289.350201966241002 ], [ -1198786.279954773141071, -1181546.58462006947957 ], [ -1198821.183999996399507, -1181743.135899995453656 ], [ -1199057.681748213712126, -1181950.071415716549382 ], [ -1199266.175659758038819, -1182132.503576010232791 ], [ -1199417.331199998734519, -1182264.764664794085547 ], [ -1199667.852399999508634, -1182483.970700000179932 ], [ -1200341.375887928996235, -1182649.337958316318691 ], [ -1201503.868791190674528, -1182934.75972559209913 ], [ -1202139.537999997846782, -1183090.832789328414947 ], [ -1202249.002800000598654, -1183117.70920000015758 ], [ -1202278.443861935986206, -1182843.264541061595082 ], [ -1202318.159362020436674, -1182473.043286801083013 ], [ -1202346.393099997425452, -1182209.8531 ], [ -1202371.677878845017403, -1181957.368299999739975 ], [ -1202375.252099997596815, -1181921.677399999229237 ], [ -1202380.569799997843802, -1181902.549300003098324 ], [ -1202386.178199999500066, -1181883.097499999217689 ], [ -1202391.951800000388175, -1181863.494499993044883 ], [ -1202393.979099998250604, -1181858.000599995953962 ], [ -1202396.223299996461719, -1181852.50999999884516 ], [ -1202401.366999995196238, -1181841.52809999906458 ], [ -1202407.021899996558204, -1181829.023399999365211 ], [ -1202413.946499995421618, -1181817.972899992950261 ], [ -1202421.7791, -1181806.855499999830499 ], [ -1202430.187399995978922, -1181794.11049999948591 ], [ -1202439.143899999791756, -1181782.78709999169223 ], [ -1202449.790699996054173, -1181770.202899993164465 ], [ -1202459.166800001636147, -1181759.928099994314834 ], [ -1202468.758500000694767, -1181750.028500001877546 ], [ -1202480.090799994766712, -1181739.623699998483062 ], [ -1202492.196799997007474, -1181727.108499997761101 ], [ -1202515.317699998384342, -1181706.954899999080226 ], [ -1202571.624699998414144, -1181655.864900002023205 ], [ -1202587.010200003394857, -1181642.752599995583296 ], [ -1202600.098799995379522, -1181629.343600002583116 ], [ -1202613.100400000344962, -1181616.604800003580749 ], [ -1202625.251699999673292, -1181603.499400004511699 ], [ -1202636.099300002213567, -1181591.148699997225776 ], [ -1202645.166700003435835, -1181579.799099999479949 ], [ -1202650.244200000772253, -1181573.45930000138469 ], [ -1202654.813399996608496, -1181566.2658 ], [ -1202659.026399995665997, -1181559.445799992186949 ], [ -1202662.306800000369549, -1181553.350099998060614 ], [ -1202666.081200001994148, -1181547.190499996067956 ], [ -1202669.542800002498552, -1181541.056300000287592 ], [ -1202672.52340000285767, -1181534.027800002368167 ], [ -1202675.169699996476993, -1181527.337000002153218 ], [ -1202676.904199995100498, -1181521.33190000243485 ], [ -1202679.145899997558445, -1181515.236099996836856 ], [ -1202681.086199994431809, -1181509.140099995303899 ], [ -1202682.554499996127561, -1181502.12680000346154 ], [ -1202683.695799990324304, -1181495.429699990199879 ], [ -1202683.928300002356991, -1181489.406299994094297 ], [ -1202684.672599997837096, -1181483.274300000630319 ], [ -1202685.119299998041242, -1181477.12580000073649 ], [ -1202685.116599999368191, -1181460.454799997620285 ], [ -1202683.982700002379715, -1181444.689499999862164 ], [ -1202682.598000003257766, -1181426.798700003419071 ], [ -1202680.095699997385964, -1181410.146999996388331 ], [ -1202677.571699997177348, -1181392.309799995971844 ], [ -1202673.771499997237697, -1181375.458299996331334 ], [ -1202669.999699996318668, -1181357.735399997793138 ], [ -1202664.14310000045225, -1181341.711199995363131 ], [ -1202659.295699996640906, -1181324.836599996080622 ], [ -1202653.307999998563901, -1181309.486900000832975 ], [ -1202646.622799998382106, -1181294.156800002325326 ], [ -1202639.730400001630187, -1181280.124500000150874 ], [ -1202632.209899999201298, -1181266.280200002947822 ], [ -1202624.543200000189245, -1181253.864299993962049 ], [ -1202616.47129999473691, -1181242.645900003379211 ], [ -1202608.772300002165139, -1181231.025200000964105 ], [ -1202600.847600000211969, -1181222.230000002076849 ], [ -1202592.973999998066574, -1181213.510300002992153 ], [ -1202583.29610000224784, -1181204.451699997065589 ], [ -1202573.884799995226786, -1181196.051800004672259 ], [ -1202562.885299997869879, -1181187.897300002863631 ], [ -1202551.899099998176098, -1181179.783000001683831 ], [ -1202539.059000000823289, -1181171.28760000015609 ], [ -1202526.416499994462356, -1181163.398300002561882 ], [ -1202512.454099998809397, -1181155.889699992723763 ], [ -1202498.41969999903813, -1181148.334000002359971 ], [ -1202482.569799998542294, -1181141.201000004308298 ], [ -1202466.345199994975701, -1181132.694100002059713 ], [ -1202449.490400002105162, -1181125.160700000589713 ], [ -1202430.272500001825392, -1181117.431099993176758 ], [ -1202409.096900003030896, -1181109.568799996050075 ], [ -1202383.265100000891834, -1181098.527099998667836 ], [ -1202371.374399998225272, -1181094.144699991913512 ], [ -1202358.282199998851866, -1181090.239500002004206 ], [ -1202345.582900001201779, -1181086.613499999279156 ], [ -1202332.432499998714775, -1181083.351699998602271 ], [ -1202318.808999996399507, -1181080.447899998631328 ], [ -1202304.642099996097386, -1181077.88610000279732 ], [ -1202288.999600001610816, -1181076.065000002039596 ], [ -1202270.246399997500703, -1181100.6861 ], [ -1202257.859900001203641, -1181111.654899998335168 ], [ -1202243.856200000504032, -1181110.496600001119077 ], [ -1202229.037599998526275, -1181109.516899998998269 ], [ -1202213.126899994211271, -1181108.697500002104789 ], [ -1202182.674999998649582, -1181106.98580000246875 ], [ -1202105.65369999804534, -1181104.216599993640557 ], [ -1202083.813299995847046, -1181103.337000000756234 ], [ -1202064.246599995763972, -1181102.231699998490512 ], [ -1202042.748400000389665, -1181100.552900000242516 ], [ -1202022.7706, -1181098.441799996886402 ], [ -1202003.951200001407415, -1181095.859999998938292 ], [ -1201986.10469999560155, -1181092.781099999789149 ], [ -1201950.726599996211007, -1181085.868799998424947 ], [ -1201915.761199998203665, -1181079.199699999531731 ], [ -1201882.037199996644631, -1181070.685700000962242 ], [ -1201849.787900001043454, -1181063.558299995958805 ], [ -1201818.686199998715892, -1181104.325300002470613 ], [ -1201787.769399997312576, -1181096.285100002773106 ], [ -1201757.345699998084456, -1181087.441500002518296 ], [ -1201728.040500000817701, -1181079.754599998472258 ], [ -1201699.281099999789149, -1181071.877500000642613 ], [ -1201670.900100000202656, -1181063.170499998144805 ], [ -1201642.886499997694045, -1181053.62459999951534 ], [ -1201615.886300002690405, -1181045.204200001666322 ], [ -1201589.429699994856492, -1181036.589499992551282 ], [ -1201563.274300003191456, -1181027.121599996928126 ], [ -1201537.559900000225753, -1181017.5509 ], [ -1201512.663600000320002, -1181008.329899998148903 ], [ -1201487.875599997350946, -1180998.180799997411668 ], [ -1201463.505699999630451, -1180987.915299997199327 ], [ -1201439.934199996758252, -1180977.98659999971278 ], [ -1201416.613399997586384, -1180967.180500004673377 ], [ -1201393.68929999647662, -1180956.249000005656853 ], [ -1201374.94669999810867, -1180975.628600002499297 ], [ -1201355.139099996071309, -1180975.665600001113489 ], [ -1201333.908300000242889, -1180962.688299998175353 ], [ -1201313.145799994235858, -1180951.388999996474013 ], [ -1201292.838000000454485, -1180939.85439999983646 ], [ -1201272.967099998379126, -1180926.168700002133846 ], [ -1201253.559999997261912, -1180914.1583 ], [ -1201234.584299999289215, -1180899.993600002024323 ], [ -1201214.775999997975305, -1180887.958100000862032 ], [ -1201196.739500001072884, -1180874.167399999685585 ], [ -1201177.761099997675046, -1180860.785699994536117 ], [ -1201169.251300000818446, -1180854.244100003968924 ], [ -1201160.714099998120219, -1180847.404099993873388 ], [ -1201152.120600000489503, -1180838.340600000694394 ], [ -1201142.191300001693889, -1180831.323799999197945 ], [ -1201124.66959999431856, -1180815.343500002520159 ], [ -1201105.303000001236796, -1180796.33760000183247 ], [ -1201086.350200000219047, -1180774.975599998841062 ], [ -1201064.553399996366352, -1180753.375699993455783 ], [ -1201041.87579999724403, -1180728.124699999811128 ], [ -1200996.933499996317551, -1180677.135700000450015 ], [ -1200978.981899995822459, -1180655.081900000339374 ], [ -1200958.672699996968731, -1180634.707100001396611 ], [ -1200940.0296, -1180614.927199998870492 ], [ -1200929.671599996974692, -1180604.351000001654029 ], [ -1200920.132299998309463, -1180596.213799996767193 ], [ -1200915.270799999823794, -1180626.052600004011765 ], [ -1200904.387499999254942, -1180615.984299995936453 ], [ -1200894.771599996136501, -1180607.382499992614612 ], [ -1200885.243299995083362, -1180599.183300001779571 ], [ -1200874.612999998498708, -1180590.314599995501339 ], [ -1200865.187199998181313, -1180582.858899996383116 ], [ -1200849.9705, -1180570.912000003736466 ], [ -1200831.657699996838346, -1180556.05480000237003 ], [ -1200753.191299998899922, -1180491.468799998285249 ], [ -1200734.673999997787178, -1180476.702499998733401 ], [ -1200716.567, -1180462.511100000469014 ], [ -1200695.1957999963779, -1180446.579499998828396 ], [ -1200672.718599998392165, -1180432.048899999819696 ], [ -1200653.526099997805431, -1180419.348399999551475 ], [ -1200632.688199996715412, -1180407.677900004200637 ], [ -1200622.529300000984222, -1180401.851699993479997 ], [ -1200612.541900003794581, -1180396.425800001481548 ], [ -1200602.710499998414889, -1180391.391900002490729 ], [ -1200593.022699996130541, -1180386.743599999230355 ], [ -1200581.08940000180155, -1180382.133099998347461 ], [ -1200571.65529999579303, -1180378.2405 ], [ -1200562.336199997924268, -1180374.720799994654953 ], [ -1200553.125200000591576, -1180371.571499999146909 ], [ -1200544.006, -1180368.78739999840036 ], [ -1200534.983199996873736, -1180366.370599996997043 ], [ -1200526.051700000884011, -1180364.319699996383861 ], [ -1200517.20710000093095, -1180362.63359999912791 ], [ -1200508.444799996679649, -1180361.311599998967722 ], [ -1200499.761699997587129, -1180360.353199992794544 ], [ -1200491.154599994886667, -1180359.758100000210106 ], [ -1200482.6203, -1180359.525999993551522 ], [ -1200473.99539999733679, -1180359.698400000808761 ], [ -1200464.957999996142462, -1180365.67020000051707 ], [ -1200454.732299997936934, -1180387.7942999987863 ], [ -1200447.695500001078472, -1180407.262399999657646 ], [ -1200438.1049, -1180409.23370000324212 ], [ -1200428.190999996149912, -1180411.667800001334399 ], [ -1200417.906500000273809, -1180414.576099997153506 ], [ -1200407.179100000532344, -1180417.979100002441555 ], [ -1200399.045600001001731, -1180421.60539999906905 ], [ -1200389.593499999027699, -1180425.093199996044859 ], [ -1200370.348700002767146, -1180433.408700002124533 ], [ -1200350.342500003287569, -1180441.986200003419071 ], [ -1200302.853399996180087, -1180464.566699999384582 ], [ -1200288.926800003275275, -1180470.473400002112612 ], [ -1200276.377000002423301, -1180475.560600003460422 ], [ -1200262.563799996161833, -1180481.895599998533726 ], [ -1200249.849100003251806, -1180486.355600002920255 ], [ -1200239.182599998312071, -1180490.242099997587502 ], [ -1200227.60689999954775, -1180493.477700001327321 ], [ -1200204.012100001098588, -1180499.367499992484227 ], [ -1200180.101500002201647, -1180504.865299997385591 ], [ -1200155.614599996944889, -1180511.141100003151223 ], [ -1200131.048800000688061, -1180515.860100003425032 ], [ -1200107.564899999648333, -1180520.248699998017401 ], [ -1200082.308399997185916, -1180524.195800000801682 ], [ -1200056.689800003776327, -1180527.759699999121949 ], [ -1200030.696699996478856, -1180530.942000000737607 ], [ -1199996.586700000800192, -1180585.02149999816902 ], [ -1199969.823800000362098, -1180587.444299998227507 ], [ -1199942.641299998154864, -1180589.491099994862452 ], [ -1199915.019699995405972, -1180591.163299993379042 ], [ -1199886.942199998535216, -1180592.461999998195097 ], [ -1199858.379099994665012, -1180593.388600000645965 ], [ -1199829.302800002042204, -1180593.94420000561513 ] ] ] } },
{ "type": "Feature", "properties": { "ID": 756, "YEAR": "2012-2013", "Perimtr_KM": 22.268863389, "AREA_KM": 8.4033956612399994, "SCALE": 1, "THICKNES_M": 374.18702697800001, "VOLUME_KM": 3.144441639, "MASS_GT": 2.8834529829600002, "RECURRANCE": "6-8", "UA_KM": 0.11134431694, "UH_M": 31.057523086, "UC_KM": 0.24059447882000001, "REGION": "West", "ICESHELF": "Getz" }, "geometry": { "type": "Polygon", "coordinates": [ [ [ -1379597.990270030684769, -1059412.926300002261996 ], [ -1379675.280100000556558, -1059458.847073037642986 ], [ -1379693.362328570801765, -1059469.590400001266971 ], [ -1381086.238680752459913, -1060297.150233673397452 ], [ -1381619.528800000436604, -1060613.997799998382106 ], [ -1381968.675813299836591, -1060701.284543483285233 ], [ -1382028.344446070725098, -1060716.201699995668605 ], [ -1382308.660769660258666, -1060786.280772993573919 ], [ -1382506.662900002440438, -1060835.781299999449402 ], [ -1382604.493337495718151, -1060886.194099997170269 ], [ -1383659.252734458772466, -1061429.719978920184076 ], [ -1384002.526166942901909, -1061606.611499997554347 ], [ -1384554.706299997633323, -1061891.154300001915544 ], [ -1384794.535099997650832, -1062280.876100001856685 ], [ -1385350.245009992737323, -1062548.44010000070557 ], [ -1385431.874613808235154, -1062587.743238063529134 ], [ -1385546.18714788951911, -1062642.782600002828985 ], [ -1385866.099800002295524, -1062796.814599991543218 ], [ -1387656.146380455698818, -1063333.24540000455454 ], [ -1388017.425979460356757, -1063441.51157946116291 ], [ -1388161.062379772774875, -1063484.555704663973302 ], [ -1388418.932399998884648, -1063561.832700000843033 ], [ -1388390.44280033535324, -1062975.874017723370343 ], [ -1388382.038304607849568, -1062803.014893691288307 ], [ -1388360.860681800404564, -1062367.444997945567593 ], [ -1388352.451916793594137, -1062194.498065630206838 ], [ -1388352.288913402007893, -1062191.14549999893643 ], [ -1388341.252999999560416, -1061964.164800001308322 ], [ -1388022.12213948299177, -1061875.873094783630222 ], [ -1385639.819761145161465, -1061216.778142353752628 ], [ -1384822.828194389352575, -1060990.746794392587617 ], [ -1383982.106682859128341, -1060758.15024842415005 ], [ -1381678.545599996810779, -1060120.840100000612438 ], [ -1381278.840095807798207, -1059936.529282832751051 ], [ -1380549.82160000060685, -1059600.366799992509186 ], [ -1378872.484599996823817, -1058981.876299997791648 ], [ -1379597.990270030684769, -1059412.926300002261996 ] ] ] } },
{ "type": "Feature", "properties": { "ID": 757, "YEAR": "2012-2013", "Perimtr_KM": 17.116028140099999, "AREA_KM": 7.7880680670300002, "SCALE": 1, "THICKNES_M": 262.15339397600002, "VOLUME_KM": 2.0416684762899999, "MASS_GT": 1.87220999276, "RECURRANCE": "4-5", "UA_KM": 0.0855801407, "UH_M": 21.758731592699998, "UC_KM": 0.15621665763000001, "REGION": "West", "ICESHELF": "Getz" }, "geometry": { "type": "Polygon", "coordinates": [ [ [ -1366039.158700002357364, -1056831.102700001327321 ], [ -1366021.433600001735613, -1056831.230000000447035 ], [ -1366003.682399995392188, -1056831.148299999069422 ], [ -1365985.904900001129135, -1056830.857700002379715 ], [ -1365968.101099998457357, -1056830.358199996408075 ], [ -1365950.271199997048825, -1056829.649599991971627 ], [ -1365932.415000000968575, -1056828.732199996942654 ], [ -1365914.219000002602115, -1056827.012200005119666 ], [ -1365895.214699996169657, -1056825.06549999746494 ], [ -1365876.966299997642636, -1056822.927700000815094 ], [ -1365858.691599997458979, -1056820.581000001868233 ], [ -1365840.253400003770366, -1056818.394999993266538 ], [ -1365821.948800001759082, -1056816.059599992353469 ], [ -1365803.618100000545382, -1056813.515299996128306 ], [ -1365785.261000000173226, -1056810.761900001438335 ], [ -1365766.250899997772649, -1056807.822400003205985 ], [ -1365737.043900001328439, -1056803.044899999396876 ], [ -1365723.20240000076592, -1056806.981999997515231 ], [ -1365679.970799999777228, -1056818.327700000954792 ], [ -1365637.199299994623289, -1056829.045699997339398 ], [ -1365593.870100000640377, -1056838.611699996050447 ], [ -1365550.687299999408424, -1056845.83649999788031 ], [ -1365507.65889999596402, -1056854.001699996413663 ], [ -1365465.267700000666082, -1056860.78409999771975 ], [ -1365422.687299997778609, -1056867.303600002080202 ], [ -1365380.877400000812486, -1056873.669199998490512 ], [ -1365338.64000000199303, -1056879.656999994534999 ], [ -1365296.397899998119101, -1056884.522199998376891 ], [ -1365254.202499996637926, -1056888.158499999437481 ], [ -1365211.879299999447539, -1056891.375000002793968 ], [ -1365169.804000002797693, -1056894.036200002068654 ], [ -1365128.02070000115782, -1056895.907699996838346 ], [ -1365086.317699995590374, -1056896.571799994213507 ], [ -1365044.76509999576956, -1056896.535399996908382 ], [ -1365003.439499998698011, -1056896.278700001304969 ], [ -1364962.201300001004711, -1056894.787399997934699 ], [ -1364921.213899998227134, -1056893.931399994296953 ], [ -1364880.312, -1056892.322600000537932 ], [ -1364839.625300003215671, -1056890.065699998987839 ], [ -1364798.275299999630079, -1056887.056499996921048 ], [ -1364756.719199996907264, -1056882.687400001334026 ], [ -1364715.74659999483265, -1056877.843899998581037 ], [ -1364675.454799999250099, -1056871.381100001279265 ], [ -1364635.313400002429262, -1056864.2179000005126 ], [ -1364595.322299999417737, -1056856.35419999808073 ], [ -1364555.414299995871261, -1056849.352499998174608 ], [ -1364515.039700001245365, -1056840.596899998607114 ], [ -1364475.995099998312071, -1056831.841699997428805 ], [ -1364457.854599997866899, -1056827.411899995757267 ], [ -1364439.654599993722513, -1056822.986499998485669 ], [ -1364420.956799996318296, -1056817.362400000914931 ], [ -1364401.625900001032278, -1056810.547600001562387 ], [ -1364380.153600002173334, -1056803.559400002006441 ], [ -1364359.943199998466298, -1056795.434200001182035 ], [ -1364339.048300003632903, -1056786.619399991584942 ], [ -1364317.558600003132597, -1056777.450999999651685 ], [ -1364299.21440000180155, -1056769.439599997596815 ], [ -1364279.345100000500679, -1056760.88039999967441 ], [ -1364259.891699995612726, -1056751.294200002914295 ], [ -1364239.116500000236556, -1056740.78400000417605 ], [ -1364199.041700003203005, -1056721.44320000265725 ], [ -1364105.505900001386181, -1056675.420900000957772 ], [ -1364080.807299997191876, -1056662.609300000825897 ], [ -1364057.463300000643358, -1056651.569799998775125 ], [ -1364033.241500001400709, -1056641.581000003265217 ], [ -1364011.137399998260662, -1056630.961100002983585 ], [ -1363989.984400002518669, -1056621.191599999321625 ], [ -1363968.600200002081692, -1056612.8759999955073 ], [ -1363946.867800002684817, -1056604.80050000292249 ], [ -1363926.752500002738088, -1056596.825199997518212 ], [ -1363907.081000001868233, -1056589.505699997302145 ], [ -1363887.732299999799579, -1056582.781499999109656 ], [ -1363868.215900002513081, -1056577.242400002898648 ], [ -1363848.997999995248392, -1056572.181300000520423 ], [ -1363829.634800000116229, -1056567.321299998322502 ], [ -1363811.217599994735792, -1056564.262499992502853 ], [ -1363728.568700000876561, -1056546.145300000905991 ], [ -1363695.096800001570955, -1056539.021799997193739 ], [ -1363676.41719999583438, -1056535.567399997962639 ], [ -1363659.501099995803088, -1056532.487400000914931 ], [ -1363643.523700000485405, -1056529.878600002266467 ], [ -1363627.62489999528043, -1056527.666999997803941 ], [ -1363611.6086, -1056527.209900001296774 ], [ -1363596.498599997255951, -1056526.004099991172552 ], [ -1363582.179200000595301, -1056525.730900002643466 ], [ -1363568.380599999334663, -1056525.932300003478304 ], [ -1363554.78239999874495, -1056525.390599997481331 ], [ -1363542.038600000785664, -1056526.552299992414191 ], [ -1363529.973499998450279, -1056526.946899999631569 ], [ -1363518.19469999964349, -1056529.069399998988956 ], [ -1363506.968599997926503, -1056530.456999999238178 ], [ -1363496.216300001600757, -1056533.676200001500547 ], [ -1363486.228700001956895, -1056537.114599997410551 ], [ -1363475.47639999887906, -1056540.765799997141585 ], [ -1363465.1027, -1056545.817800003569573 ], [ -1363455.285299998475239, -1056550.889400000218302 ], [ -1363444.869600002188236, -1056556.386999995680526 ], [ -1363434.409300001105294, -1056562.361100002191961 ], [ -1363425.299199996748939, -1056568.16470000334084 ], [ -1363415.093699996592477, -1056575.823999998625368 ], [ -1363405.585799996275455, -1056583.732700004242361 ], [ -1363396.082699998980388, -1056592.23119999631308 ], [ -1363385.959500001277775, -1056601.401200002757832 ], [ -1363377.107599995564669, -1056610.456399997230619 ], [ -1363367.785000001778826, -1056620.746899998746812 ], [ -1363358.335400002542883, -1056631.979299999773502 ], [ -1363350.101100001251325, -1056641.474000000394881 ], [ -1363343.009499999228865, -1056650.979800003115088 ], [ -1363335.380899996031076, -1056661.563200001372024 ], [ -1363327.558100000256673, -1056672.937199992360547 ], [ -1363319.638399997260422, -1056684.430000001098961 ], [ -1363312.232900002738461, -1056696.525900000706315 ], [ -1363303.942600000649691, -1056709.341299997409806 ], [ -1363295.495499995769933, -1056723.43390000029467 ], [ -1363280.952899999450892, -1056748.744200001703575 ], [ -1363264.875700002070516, -1056777.118000000249594 ], [ -1363249.077999999281019, -1056805.862999998964369 ], [ -1363208.417199998628348, -1056882.627499999245629 ], [ -1363195.882799999788404, -1056905.388300002552569 ], [ -1363184.950699999229982, -1056924.81219999701716 ], [ -1363171.994799996959046, -1056947.177600002847612 ], [ -1363160.229600003454834, -1056967.823199999053031 ], [ -1363148.808600002899766, -1056986.891899996437132 ], [ -1363137.650599997024983, -1057004.453300000634044 ], [ -1363124.321900000330061, -1057024.884199998574331 ], [ -1363111.182799995876849, -1057043.616799992509186 ], [ -1363097.957599999383092, -1057060.402399998158216 ], [ -1363091.48019999708049, -1057069.12970000365749 ], [ -1363084.30720000108704, -1057076.810899996198714 ], [ -1363077.851700002793223, -1057084.975100001785904 ], [ -1363070.645700000692159, -1057092.088300000177696 ], [ -1363064.552900001173839, -1057098.825500002363697 ], [ -1363057.438800000818446, -1057106.331799998413771 ], [ -1363050.718600001651794, -1057112.409900001948699 ], [ -1363043.544399996520951, -1057119.37269999505952 ], [ -1364872.972655926132575, -1057724.034492677543312 ], [ -1367252.625000000232831, -1058510.55610000086017 ], [ -1367664.77600904321298, -1057781.365890104323626 ], [ -1367768.563600001391023, -1057597.741699999431148 ], [ -1369375.102607256732881, -1057942.000100002856925 ], [ -1369991.068000001832843, -1058073.992700000293553 ], [ -1370377.783736506476998, -1057594.826399998739362 ], [ -1370588.040100003127009, -1057334.304899994749576 ], [ -1370558.272999999346212, -1057320.238800002727658 ], [ -1370528.577100002672523, -1057307.98990000365302 ], [ -1370499.181299997493625, -1057296.881899993401021 ], [ -1370470.827299998374656, -1057285.784999999217689 ], [ -1370443.484000001568347, -1057275.413699998287484 ], [ -1370416.115400002803653, -1057265.85239999787882 ], [ -1370389.503900000592694, -1057257.222900001797825 ], [ -1370362.528499997220933, -1057248.824499998707324 ], [ -1370336.287699999054894, -1057242.305300001753494 ], [ -1370315.453499996569008, -1057236.802900003502145 ], [ -1370293.683899996103719, -1057232.02669999981299 ], [ -1370271.852599996607751, -1057227.283299999777228 ], [ -1370249.434399998746812, -1057222.24180000112392 ], [ -1370226.334199998760596, -1057218.511200000299141 ], [ -1370202.631999999051914, -1057214.049699999624863 ], [ -1370177.338599995942786, -1057209.707700002705678 ], [ -1370151.970399998826906, -1057205.915299998130649 ], [ -1370126.457599999150261, -1057202.045199998421595 ], [ -1370100.269699997967109, -1057197.970199995441362 ], [ -1370072.686199998250231, -1057193.419000002089888 ], [ -1370042.830499999690801, -1057189.637099998770282 ], [ -1369983.314000001177192, -1057181.737399997888133 ], [ -1369865.935800001490861, -1057167.970500002149493 ], [ -1369817.514299995964393, -1057162.958400002215058 ], [ -1369767.771999999415129, -1057157.458400001982227 ], [ -1369722.77569999685511, -1057152.498300004051998 ], [ -1369696.496500001987442, -1057148.269900002982467 ], [ -1369671.318599996622652, -1057143.999099999200553 ], [ -1369646.770399997709319, -1057139.526399998459965 ], [ -1369623.053200001362711, -1057134.551899998215958 ], [ -1369599.311999996658415, -1057129.8216 ], [ -1369576.343299997504801, -1057125.34889999916777 ], [ -1369554.074899997096509, -1057120.340399999869987 ], [ -1369532.244199998909608, -1057115.081300001358613 ], [ -1369502.33640000061132, -1057106.969999999506399 ], [ -1369471.99329999811016, -1057098.089799999492243 ], [ -1369441.148899999447167, -1057088.695799995912239 ], [ -1369408.128499996615574, -1057079.459699999541044 ], [ -1369375.687199996551499, -1057068.944500002078712 ], [ -1369342.974899996770546, -1057056.947699998272583 ], [ -1369309.405399997951463, -1057044.366799999494106 ], [ -1369273.064399996772408, -1057032.83280000416562 ], [ -1369244.587999999755993, -1057021.160599996335804 ], [ -1369214.894699997035787, -1057008.614999997196719 ], [ -1369181.453200003132224, -1056995.802500001853332 ], [ -1369147.539799998281524, -1056980.436600000597537 ], [ -1369083.13299999688752, -1056953.187499998603016 ], [ -1368930.818499997258186, -1056885.51310000079684 ], [ -1368889.638900001300499, -1056868.992600000929087 ], [ -1368852.944699995685369, -1056853.315100000938401 ], [ -1368814.996399997035041, -1056837.044200000353158 ], [ -1368777.961500001139939, -1056823.404599996982142 ], [ -1368743.146999998250976, -1056809.43839999823831 ], [ -1368710.016800002660602, -1056796.107499998994172 ], [ -1368675.120800001081079, -1056784.397900001145899 ], [ -1368641.881799998693168, -1056772.387499999254942 ], [ -1368609.872200002428144, -1056761.325199998216704 ], [ -1368578.511599995428696, -1056751.118600000394508 ], [ -1368546.6757, -1056742.647399996174499 ], [ -1368515.788599998224527, -1056735.116099999053404 ], [ -1368485.709499997086823, -1056727.92470000195317 ], [ -1368456.014999998733401, -1056721.142699999036267 ], [ -1368427.710400000913069, -1056715.386300003854558 ], [ -1368397.971299997763708, -1056710.057599992491305 ], [ -1368365.687499999534339, -1056705.255600004224107 ], [ -1368331.155199996661395, -1056700.615100003313273 ], [ -1368301.255599999334663, -1056695.949200002709404 ], [ -1368267.4194, -1056691.47260000067763 ], [ -1368157.302399999462068, -1056678.202199998078868 ], [ -1368117.198899996001273, -1056673.469700004439801 ], [ -1368077.313399997539818, -1056668.518199992133304 ], [ -1368041.532900002319366, -1056664.4674 ], [ -1368023.229399997740984, -1056661.700499998172745 ], [ -1368005.611399997957051, -1056659.224899999331683 ], [ -1367988.552299996372312, -1056656.281199992634356 ], [ -1367971.586299998685718, -1056653.632700003450736 ], [ -1367955.888500002678484, -1056650.626800001366064 ], [ -1367940.590900000184774, -1056647.116899997694418 ], [ -1367925.691100000403821, -1056643.834700002800673 ], [ -1367910.92870000214316, -1056639.9671999970451 ], [ -1367890.6734, -1056635.583600001176819 ], [ -1367870.171300001675263, -1056629.217299998970702 ], [ -1367849.311000000219792, -1056622.431100001325831 ], [ -1367828.45479999599047, -1056614.042700002901256 ], [ -1367806.824000002117828, -1056605.205100001301616 ], [ -1367784.487599996617064, -1056595.632100004237145 ], [ -1367761.232699998421595, -1056585.390800001332536 ], [ -1367738.038299996638671, -1056573.128599997842684 ], [ -1367718.114599995315075, -1056563.111599999247119 ], [ -1367697.195099997799844, -1056552.299600003520027 ], [ -1367675.4112, -1056540.398799998452887 ], [ -1367652.378199994331226, -1056527.524899997981265 ], [ -1367610.062299996148795, -1056503.435800002189353 ], [ -1367504.799999998416752, -1056445.715399996610358 ], [ -1367475.795500000473112, -1056428.846700005000457 ], [ -1367448.955400001024827, -1056415.857500002719462 ], [ -1367420.26770000346005, -1056400.564200000138953 ], [ -1367393.429899997543544, -1056387.229300001868978 ], [ -1367367.066199997905642, -1056376.069199998630211 ], [ -1367342.479300001636147, -1056364.315299996407703 ], [ -1367328.209299999522045, -1056358.859999998938292 ], [ -1367314.561500002164394, -1056353.307199999690056 ], [ -1367300.978599998867139, -1056347.369600001722574 ], [ -1367287.126499999314547, -1056343.285399998072535 ], [ -1367273.45509999897331, -1056338.923500003525987 ], [ -1367260.367199999280274, -1056334.522499999264255 ], [ -1367247.392199996626005, -1056330.466700001386926 ], [ -1367234.448899999726564, -1056326.284399994648993 ], [ -1367221.185999998822808, -1056323.094300004420802 ], [ -1367208.466999999247491, -1056320.048299999674782 ], [ -1367195.81959999864921, -1056317.335200003348291 ], [ -1367183.236000001197681, -1056314.953100000275299 ], [ -1367170.394400000805035, -1056312.397300003096461 ], [ -1367157.671700003091246, -1056310.637099997373298 ], [ -1367145.236499997787178, -1056309.239499999443069 ], [ -1367132.595200000563636, -1056308.132599996170029 ], [ -1367106.123400000156835, -1056306.04520000028424 ], [ -1367034.96119999838993, -1056298.334600002272055 ], [ -1367017.396899999352172, -1056296.410600002389401 ], [ -1367001.81249999650754, -1056294.95699999644421 ], [ -1366984.252900002757087, -1056293.587200003210455 ], [ -1366968.1687, -1056292.292399999452755 ], [ -1366953.251400000881404, -1056291.518699998268858 ], [ -1366939.37249999656342, -1056291.260000003268942 ], [ -1366924.614200002048165, -1056291.595600003376603 ], [ -1366911.007100001443177, -1056292.608699996722862 ], [ -1366904.641799998935312, -1056293.371999994618818 ], [ -1366898.48620000272058, -1056294.3044 ], [ -1366892.648600002750754, -1056295.410999995889142 ], [ -1366887.068100003525615, -1056296.690399997401983 ], [ -1366881.679499997058883, -1056298.142800000729039 ], [ -1366876.598900002427399, -1056299.77219999814406 ], [ -1366871.766999998595566, -1056301.577199997846037 ], [ -1366867.181699994718656, -1056303.558600003831089 ], [ -1366863.347699998179451, -1056305.325599991716444 ], [ -1366859.250099998898804, -1056307.662500002421439 ], [ -1366855.394199998816475, -1056310.17819999717176 ], [ -1366852.136200001230463, -1056312.107900002039969 ], [ -1366847.912499998463318, -1056316.387599998852238 ], [ -1366844.037399999797344, -1056320.812700002221391 ], [ -1366840.564100002869964, -1056325.811700000427663 ], [ -1366837.484799998346716, -1056331.396199998445809 ], [ -1366835.139399999752641, -1056336.960900004021823 ], [ -1366832.824599995743483, -1056343.7584 ], [ -1366831.501799998339266, -1056351.229800001718104 ], [ -1366830.270399999571964, -1056358.585699999006465 ], [ -1366829.061799999559298, -1056367.166899998672307 ], [ -1366828.518700001994148, -1056375.886999996379018 ], [ -1366827.940400002989918, -1056386.061099998187274 ], [ -1366828.58409999939613, -1056396.084999997168779 ], [ -1366828.588699999731034, -1056407.383999998215586 ], [ -1366829.962400001240894, -1056420.045999997062609 ], [ -1366833.966399999801069, -1056470.706400001421571 ], [ -1366835.366299998015165, -1056491.953800001647323 ], [ -1366836.449299997882918, -1056503.714499999536201 ], [ -1366836.153700002236292, -1056514.635899996384978 ], [ -1366836.517999995267019, -1056523.633399997605011 ], [ -1366835.69450000138022, -1056533.116700002225116 ], [ -1366835.41910000378266, -1056543.904499993659556 ], [ -1366833.590200000675395, -1056554.004299991298467 ], [ -1366831.882800000486895, -1056562.957999998470768 ], [ -1366829.517299995059147, -1056570.819099993212149 ], [ -1366826.327899997122586, -1056578.7706 ], [ -1366823.789599999319762, -1056585.924600000260398 ], [ -1366819.590499999234453, -1056592.562900002114475 ], [ -1366814.959100000793114, -1056598.569200004218146 ], [ -1366810.120999995619059, -1056604.115299998782575 ], [ -1366804.502199997659773, -1056609.152600002475083 ], [ -1366798.054299999028444, -1056614.837300001177937 ], [ -1366791.063499998534098, -1056620.414100001798943 ], [ -1366784.587499994551763, -1056625.755900001386181 ], [ -1366776.460299994098023, -1056631.158099999185652 ], [ -1366767.660200001206249, -1056636.504299996420741 ], [ -1366758.814399998635054, -1056641.439700000686571 ], [ -1366750.043599999742582, -1056646.047099997522309 ], [ -1366741.070400000317022, -1056649.938800000585616 ], [ -1366731.0887999990955, -1056655.107199999736622 ], [ -1366720.213699999498203, -1056660.461700002430007 ], [ -1366701.082699995255098, -1056669.913600001716986 ], [ -1366657.559399999445304, -1056689.552700004540384 ], [ -1366640.610999999335036, -1056697.17149999900721 ], [ -1366622.052199997473508, -1056706.5831 ], [ -1366604.051699999254197, -1056714.76020000455901 ], [ -1366584.619299996644258, -1056723.206100000301376 ], [ -1366564.810100000118837, -1056731.389099998865277 ], [ -1366545.056000002892688, -1056738.935499997343868 ], [ -1366524.510099996812642, -1056746.586500000907108 ], [ -1366503.545299995224923, -1056753.548099998384714 ], [ -1366483.279799999436364, -1056759.708199996966869 ], [ -1366461.611900002462789, -1056766.126500000944361 ], [ -1366439.679400002816692, -1056772.661700000986457 ], [ -1366417.353000001981854, -1056778.523700001183897 ], [ -1366395.0705, -1056783.338199996622279 ], [ -1366371.973900000564754, -1056788.648100001271814 ], [ -1366348.629999994998798, -1056793.466499998001382 ], [ -1366325.35729999653995, -1056797.380699992645532 ], [ -1366302.141899999696761, -1056801.903899999102578 ], [ -1366284.691499997396022, -1056805.262299999594688 ], [ -1366267.214999996125698, -1056808.411799997789785 ], [ -1366249.712200000416487, -1056811.352300002472475 ], [ -1366232.183200000785291, -1056814.083899997873232 ], [ -1366214.6279, -1056816.606499993242323 ], [ -1366197.120099998312071, -1056819.071499993093312 ], [ -1366179.585999995237216, -1056821.327599997632205 ], [ -1366162.025599997490644, -1056823.374799999641255 ], [ -1366144.907600000267848, -1056824.637300003087148 ], [ -1366127.2949, -1056826.266399999847636 ], [ -1366109.732799996389076, -1056827.793699994916096 ], [ -1366092.14449999621138, -1056829.112000003457069 ], [ -1366074.530099997064099, -1056830.221299997996539 ], [ -1366056.857500001322478, -1056830.766499992925674 ], [ -1366039.158700002357364, -1056831.102700001327321 ] ] ] } },
{ "type": "Feature", "properties": { "ID": 758, "YEAR": "2012-2013", "Perimtr_KM": 29.0966630759, "AREA_KM": 10.605706865, "SCALE": 2, "THICKNES_M": 290.98862600299998, "VOLUME_KM": 3.0861400684400002, "MASS_GT": 2.8299904427599998, "RECURRANCE": "1-2", "UA_KM": 0.14548331538000001, "UH_M": 24.152055839199999, "UC_KM": 0.23613358, "REGION": "West", "ICESHELF": "Getz" }, "geometry": { "type": "Polygon", "coordinates": [ [ [ -1475394.351681016618386, -972024.786913242656738 ], [ -1474102.204799997853115, -974371.506999998353422 ], [ -1473621.070700001902878, -976169.365799999330193 ], [ -1471812.239999998826534, -979175.336299997754395 ], [ -1469960.381099994760007, -980388.178800003603101 ], [ -1468426.723499994492158, -982823.384300000267103 ], [ -1468904.45343780471012, -982354.125523548573256 ], [ -1470241.893499999074265, -981040.401100001996383 ], [ -1471908.771799996029586, -979730.710999998264015 ], [ -1473694.712900000624359, -978262.270599991315976 ], [ -1474964.71550000179559, -975523.827599996700883 ], [ -1475560.029100000858307, -973142.572800002060831 ], [ -1476743.537099994951859, -971724.363599998643622 ], [ -1476099.242700000526384, -971430.895599997602403 ], [ -1476053.899199999170378, -971465.478000000584871 ], [ -1475991.867499995743856, -971513.430600001476705 ], [ -1475922.215799995698035, -971548.517499995883554 ], [ -1475851.589699999662116, -971581.143299998249859 ], [ -1475777.787999999709427, -971612.399200002430007 ], [ -1475704.325399996014312, -971648.419399997219443 ], [ -1475638.100299997255206, -971688.585199994035065 ], [ -1475582.4742999994196, -971735.530900002922863 ], [ -1475527.822099996265024, -971782.385899998946115 ], [ -1475394.351681016618386, -972024.786913242656738 ] ] ] } },
{ "type": "Feature", "properties": { "ID": 759, "YEAR": "2012-2013", "Perimtr_KM": 16.433252053099999, "AREA_KM": 11.2010207728, "SCALE": 2, "THICKNES_M": 115.050937426, "VOLUME_KM": 1.28868794004, "MASS_GT": 1.1817268410199999, "RECURRANCE": "4-5", "UA_KM": 0.08216626027, "UH_M": 9.5492277592699999, "UC_KM": 0.09860294414, "REGION": "West", "ICESHELF": "Getz" }, "geometry": { "type": "Polygon", "coordinates": [ [ [ -1526582.416855657938868, -888296.958566709654406 ], [ -1526567.382024859311059, -888398.501613486092538 ], [ -1526471.299449660582468, -889047.429264018777758 ], [ -1526262.100418054033071, -890460.328905806643888 ], [ -1526221.144725737161934, -890736.937657593749464 ], [ -1526154.534614771371707, -891186.812598244519904 ], [ -1526119.761799996485934, -891421.663100003032014 ], [ -1526122.781899998197332, -891458.964499996276572 ], [ -1526125.424400002229959, -891496.692600001115352 ], [ -1526127.690799998352304, -891534.8654 ], [ -1526159.821499999146909, -891571.831300004618242 ], [ -1526178.609199998667464, -891612.50640000263229 ], [ -1526179.596700003137812, -891651.004999999888241 ], [ -1526180.371500001987442, -891691.179400002816692 ], [ -1526180.776899997377768, -891731.951700001955032 ], [ -1526180.813600001856685, -891773.363500002538785 ], [ -1526180.481499997433275, -891815.46440000156872 ], [ -1526179.780499999644235, -891858.295400003436953 ], [ -1526178.709399999119341, -891901.936900002416223 ], [ -1526177.4256, -891947.637099997140467 ], [ -1526177.305956645635888, -891950.202192809432745 ], [ -1526175.258099997183308, -891994.107200003461912 ], [ -1526215.632288306253031, -892027.207911866251379 ], [ -1526223.436400000704452, -892033.606099999509752 ], [ -1526221.454499998129904, -892071.703600001055747 ], [ -1526218.9838, -892111.758100002072752 ], [ -1526216.491899997228757, -892151.667699992889538 ], [ -1526210.896899997955188, -892235.857999997213483 ], [ -1526210.387587221572176, -892242.239376157755032 ], [ -1526203.707999996840954, -892325.930499999551103 ], [ -1526197.260200002696365, -892405.252699998440221 ], [ -1526246.879400002071634, -892500.585800002329051 ], [ -1526219.124399996828288, -892796.351300003938377 ], [ -1526208.892000000691041, -892907.059500003000721 ], [ -1526281.671399999875575, -893027.773699996061623 ], [ -1526277.663699995959178, -893077.978800000855699 ], [ -1526274.039299994241446, -893126.080599997891113 ], [ -1526270.310600001830608, -893179.248500002780929 ], [ -1526267.023499999428168, -893230.522100000409409 ], [ -1526264.15869999746792, -893280.200500002596527 ], [ -1526261.935400003334507, -893329.248700001742691 ], [ -1526264.808099998859689, -893377.4523 ], [ -1526353.753800000296906, -893441.907099997391924 ], [ -1526352.490199999185279, -893486.953199999406934 ], [ -1526351.617299997480586, -893531.106699998024851 ], [ -1526351.106199999572709, -893578.83240000042133 ], [ -1526351.067099996842444, -893625.65189999435097 ], [ -1526351.499899998074397, -893671.639999994076788 ], [ -1526352.40529999602586, -893716.857500003650784 ], [ -1526353.784699995303527, -893761.369300003396347 ], [ -1526355.639500001445413, -893805.211399998981506 ], [ -1526413.030399996554479, -893862.582200000528246 ], [ -1526432.35920000099577, -893909.452599991811439 ], [ -1526435.655199996661395, -893951.563399997539818 ], [ -1526439.435799999628216, -893993.144100002944469 ], [ -1526443.049146875739098, -894027.92323047039099 ], [ -1526443.703499999362975, -894034.221499998820946 ], [ -1526448.460700000403449, -894074.819199995370582 ], [ -1526453.505399994086474, -894114.450699996668845 ], [ -1526459.249799999175593, -894154.155599993653595 ], [ -1526465.28659999766387, -894192.929499997291714 ], [ -1526471.823499996680766, -894231.300400003790855 ], [ -1526566.198999998159707, -894365.21040000137873 ], [ -1526577.896299998275936, -894430.993700000690296 ], [ -1526589.321100002154708, -894491.946899999864399 ], [ -1526594.418200003216043, -894519.20109999878332 ], [ -1526599.883299995679408, -894545.992299993522465 ], [ -1526605.715000001946464, -894573.405200003180653 ], [ -1526611.152700614416972, -894597.911693168804049 ], [ -1526945.220258029410616, -894463.476931781740859 ], [ -1527856.352499999571592, -894096.821000000229105 ], [ -1528213.540699999546632, -892429.942599998787045 ], [ -1527776.977299998980016, -891794.941399992676452 ], [ -1528531.041299999225885, -889889.937599998665974 ], [ -1528054.790399996330962, -889096.185999998124316 ], [ -1527680.322468288708478, -888376.648239153204486 ], [ -1527213.698608739301562, -887480.03344619483687 ], [ -1527168.469500003382564, -887393.12599999899976 ], [ -1526933.798300000838935, -887441.215900003444403 ], [ -1526921.5175, -887463.076099998317659 ], [ -1526908.422300001606345, -887484.098399996990338 ], [ -1526894.95169999380596, -887504.596999992616475 ], [ -1526883.467400000197813, -887523.347300002118573 ], [ -1526881.060299995820969, -887536.643200002145022 ], [ -1526879.183200000785291, -887549.120099997147918 ], [ -1526856.704800000181422, -887648.369800000451505 ], [ -1526849.080099998274818, -887679.142499995650724 ], [ -1526842.786199998809025, -887706.329100001603365 ], [ -1526835.002100000390783, -887734.197700002929196 ], [ -1526828.116100000683218, -887759.758000002009794 ], [ -1526820.173700003419071, -887784.154100003419444 ], [ -1526812.028199999593198, -887807.207199995638803 ], [ -1526804.002500000176951, -887830.039100001333281 ], [ -1526794.720799999078736, -887852.024399993009865 ], [ -1526788.903200001223013, -887862.297399994917214 ], [ -1526777.11980000231415, -887872.556400000117719 ], [ -1526764.316200000233948, -887882.92649999842979 ], [ -1526752.326499999733642, -887892.657899999059737 ], [ -1526740.524900002172217, -887903.132599995471537 ], [ -1526721.935699994908646, -887916.644100002711639 ], [ -1526708.436299996683374, -887928.020000001881272 ], [ -1526693.862899996340275, -887939.843199995812029 ], [ -1526679.170799996471033, -887951.429299997864291 ], [ -1526664.540500000119209, -887963.101000002352521 ], [ -1526650.155699999537319, -887974.877399996155873 ], [ -1526645.731300001963973, -887983.076099997386336 ], [ -1526640.777300000656396, -887989.707799999509007 ], [ -1526635.334000000264496, -887995.979500001296401 ], [ -1526631.172199999215081, -888002.574400000739843 ], [ -1526625.082300001056865, -888008.802399999694899 ], [ -1526582.416855657938868, -888296.958566709654406 ] ] ] } },
{ "type": "Feature", "properties": { "ID": 760, "YEAR": "2012-2013", "Perimtr_KM": 21.5308401102, "AREA_KM": 8.1274995385800004, "SCALE": 1, "THICKNES_M": 226.40694353699999, "VOLUME_KM": 1.84012232913, "MASS_GT": 1.6873921758099999, "RECURRANCE": "6-8", "UA_KM": 0.10765420055, "UH_M": 18.791776220900001, "UC_KM": 0.14079551271, "REGION": "West", "ICESHELF": "Getz" }, "geometry": { "type": "Polygon", "coordinates": [ [ [ -1545426.872859014198184, -812802.002801566617563 ], [ -1545415.167799997376278, -812814.214400002034381 ], [ -1545405.338173771742731, -812824.35079361172393 ], [ -1545398.095499995863065, -812831.819500002544373 ], [ -1545380.73140000202693, -812848.555900003062561 ], [ -1545364.282400003168732, -812865.248999999370426 ], [ -1545349.467400001827627, -812881.499600003706291 ], [ -1545334.8597999997437, -812897.75289999996312 ], [ -1545321.069600001908839, -812913.834200001088902 ], [ -1545308.169499997748062, -812929.651999997440726 ], [ -1545299.257800001418218, -812941.479700000490993 ], [ -1545290.586799997603521, -812953.468700001947582 ], [ -1545282.085600000107661, -812965.621199996909127 ], [ -1545273.791599999414757, -812977.747099996544421 ], [ -1545265.557100002188236, -812990.15139999310486 ], [ -1545257.560400002868846, -813002.803799999412149 ], [ -1545249.787700000451878, -813015.692899999208748 ], [ -1545242.259500000625849, -813028.764299998991191 ], [ -1545234.532800001325086, -813041.755700003588572 ], [ -1545227.399399997899309, -813055.172799999359995 ], [ -1545221.575999997323379, -813069.12379999901168 ], [ -1545215.835400002310053, -813083.2451000015717 ], [ -1545210.334299997426569, -813097.559499999275431 ], [ -1545204.992700000759214, -813112.059600001666695 ], [ -1545199.847899997606874, -813126.556600000243634 ], [ -1545194.822299997555092, -813141.436799996299669 ], [ -1545189.960299995495006, -813156.488899996504188 ], [ -1545185.182599995750934, -813171.658700003288686 ], [ -1545180.628999997628853, -813187.109700003406033 ], [ -1545176.148999997647479, -813202.75539999990724 ], [ -1545167.7998, -813234.699599998537451 ], [ -1545160.083900002297014, -813267.327799998922274 ], [ -1545148.821200000587851, -813301.180499997921288 ], [ -1545136.013299998827279, -813335.987300003413111 ], [ -1545124.750899997772649, -813371.240900000091642 ], [ -1545113.791799996513873, -813407.419300002744421 ], [ -1545106.255999997025356, -813437.010699999053031 ], [ -1545099.40080000134185, -813467.453400000929832 ], [ -1545092.955, -813498.62860000366345 ], [ -1545089.188999995123595, -813531.419599991757423 ], [ -1545086.485099999466911, -813565.40569999977015 ], [ -1545084.077199998078868, -813600.602099993266165 ], [ -1545081.954099997645244, -813637.173600000096485 ], [ -1545080.100899999262765, -813675.372399999760091 ], [ -1545078.793900002492592, -813707.539700000546873 ], [ -1545076.998500001849607, -813741.196100002387539 ], [ -1545061.999299998627976, -813815.402499998454005 ], [ -1545051.639299995964393, -813885.44670000160113 ], [ -1545042.907599999802187, -814058.002000003354624 ], [ -1545041.764800002565607, -814105.393800004618242 ], [ -1545040.751100001391023, -814148.018999994499609 ], [ -1545038.395099997054785, -814193.469599996926263 ], [ -1545031.32030000211671, -814235.685699999798089 ], [ -1545024.572200000518933, -814275.413800001144409 ], [ -1545018.333399999886751, -814312.951900001382455 ], [ -1545012.595600001746789, -814353.127500000176951 ], [ -1545005.1865, -814392.02580000157468 ], [ -1545001.068199999397621, -814429.947799998568371 ], [ -1544996.960199997061864, -814466.666099996771663 ], [ -1544992.390299994964153, -814502.244799999520183 ], [ -1544987.350299999350682, -814536.739999999292195 ], [ -1544981.828299997141585, -814570.233299999265 ], [ -1544975.518799999728799, -814602.76849999348633 ], [ -1544968.118099994957447, -814635.360799999907613 ], [ -1544958.051299996674061, -814666.001600002404302 ], [ -1544948.838799996301532, -814693.891700002364814 ], [ -1544939.045999997295439, -814722.283399991923943 ], [ -1544928.754500002833083, -814751.3453000029549 ], [ -1544916.398300000233576, -814779.114899999229237 ], [ -1544910.24139999691397, -814792.854699996300042 ], [ -1544904.316200001630932, -814806.517000000691041 ], [ -1544897.859899999340996, -814819.899999999674037 ], [ -1544891.633399996673688, -814833.210399999981746 ], [ -1544886.364600001135841, -814846.729499999899417 ], [ -1544879.583299997495487, -814859.609200003091246 ], [ -1544873.653900000499561, -814872.625399992568418 ], [ -1544867.569300001952797, -814885.475100002484396 ], [ -1544861.328599999658763, -814898.160299998708069 ], [ -1544854.931199999758974, -814910.682499997783452 ], [ -1544848.375999997369945, -814923.043499996652827 ], [ -1544842.396599997999147, -814935.511000002035871 ], [ -1544834.517099995398894, -814947.249800002900884 ], [ -1544827.483500000555068, -814959.136899997945875 ], [ -1544820.288900001440197, -814970.868399999802932 ], [ -1544812.932599998544902, -814982.445699999807402 ], [ -1544806.147899997187778, -814994.136300001991913 ], [ -1544797.45979999913834, -815005.103899997659028 ], [ -1544789.613599996315315, -815016.22569999541156 ], [ -1544781.602699997602031, -815027.197800000198185 ], [ -1544770.500099998433143, -815041.810499999206513 ], [ -1544758.578599998727441, -815056.447899998398498 ], [ -1544746.361799997277558, -815071.212299996288493 ], [ -1544731.532799998996779, -815085.904599998844787 ], [ -1544716.826899998122826, -815101.004799992777407 ], [ -1544698.709499997086823, -815115.636899999575689 ], [ -1544681.597099999897182, -815130.792599997948855 ], [ -1544663.912399995606393, -815146.505699998000637 ], [ -1544648.382000001147389, -815162.78689999692142 ], [ -1544632.164800001308322, -815179.567600001813844 ], [ -1544613.585599998710677, -815196.708999992348254 ], [ -1544594.75139999948442, -815214.691500001354143 ], [ -1544552.812499997671694, -815250.237799999304116 ], [ -1544469.330600001849234, -815320.954699999187142 ], [ -1544435.085299995262176, -815351.120599998394027 ], [ -1544399.332499999785796, -815383.130399997346103 ], [ -1544383.745900001609698, -815397.950299999676645 ], [ -1544368.522999995388091, -815412.241300003835931 ], [ -1544351.467099995585158, -815429.56619999720715 ], [ -1544334.004700002726167, -815446.451100001577288 ], [ -1544318.090099997352809, -815462.962499991757795 ], [ -1544303.22329999669455, -815479.18050000211224 ], [ -1544288.575399996247143, -815495.199399998411536 ], [ -1544274.844899997813627, -815511.061499998904765 ], [ -1544262.019799997331575, -815526.789399999892339 ], [ -1544245.708700003102422, -815542.61399999842979 ], [ -1544233.16590000060387, -815556.971799998544157 ], [ -1544219.430999997770414, -815571.95819999370724 ], [ -1544204.722199995536357, -815587.382800001418218 ], [ -1544192.752699999837205, -815602.918200001586229 ], [ -1544183.24370000185445, -815618.5229999916628 ], [ -1544172.553399998461828, -815634.849899993045256 ], [ -1544162.036099996883422, -815651.52870000526309 ], [ -1544151.550099995452911, -815668.631200002506375 ], [ -1544141.965100001078099, -815685.913099998841062 ], [ -1544131.370200001867488, -815704.01810000394471 ], [ -1544120.997999999439344, -815722.472000000299886 ], [ -1544111.134900002041832, -815741.505399991292506 ], [ -1544102.838799997000024, -815760.952699999557808 ], [ -1544093.282900000689551, -815781.269900003448129 ], [ -1544084.262799996417016, -815802.087999998126179 ], [ -1544074.723499997751787, -815823.543699999339879 ], [ -1544061.2844, -815859.188100000377744 ], [ -1544046.460400000680238, -815897.210599998477846 ], [ -1544031.34299999428913, -815937.596900003263727 ], [ -1544016.959899999434128, -815980.990900000324473 ], [ -1544001.190399999730289, -816019.254799996968359 ], [ -1543982.937899997225031, -816061.108599999453872 ], [ -1543934.447000002022833, -816202.206300002755597 ], [ -1543916.756399996811524, -816254.710700004827231 ], [ -1543899.505899999057874, -816306.054499996127561 ], [ -1543885.006799996364862, -816351.826699994970113 ], [ -1543875.457899998640642, -816376.001000001560897 ], [ -1543866.953799999784678, -816399.14629999618046 ], [ -1543858.174499999266118, -816421.428399999625981 ], [ -1543850.677499995101243, -816442.814599999692291 ], [ -1543841.799799997825176, -816463.592899999348447 ], [ -1543832.9963, -816483.600600001867861 ], [ -1543828.171300003537908, -816502.539799997815862 ], [ -1543822.033699996303767, -816521.074500000337139 ], [ -1543815.647000000113621, -816540.113400000380352 ], [ -1543806.749300000490621, -816558.782600003061816 ], [ -1543797.4234, -816576.936400001170114 ], [ -1543787.722099997336045, -816594.491100000916049 ], [ -1543779.249099996173754, -816611.642999992473051 ], [ -1543769.529300001217052, -816628.44139999942854 ], [ -1543759.539999995613471, -816644.956999991554767 ], [ -1543749.192899998743087, -816661.027999994345009 ], [ -1543740.245399999665096, -816676.620299997506663 ], [ -1543730.019299996085465, -816691.909699992043898 ], [ -1543719.329399998066947, -816706.697699999669567 ], [ -1543708.2541, -816721.080500000854954 ], [ -1543698.562800001818687, -816735.005199992097914 ], [ -1543687.569299996364862, -816748.658999994862825 ], [ -1543676.089799998793751, -816761.840299999341369 ], [ -1543664.204100001836196, -816774.6420999977272 ], [ -1543653.054999996209517, -816787.541899994248524 ], [ -1543640.151500001084059, -816800.298800000688061 ], [ -1543626.218300001462922, -816812.755499997641891 ], [ -1543613.252099994104356, -816824.91869999631308 ], [ -1543598.512500001583248, -816836.956399992806837 ], [ -1543582.719699999550357, -816848.714200003072619 ], [ -1543568.09569999598898, -816860.261300000362098 ], [ -1543551.210199997061864, -816871.583799992688 ], [ -1543534.422500000568107, -816882.481200001435354 ], [ -1543515.653900001430884, -816893.15799999772571 ], [ -1543497.345300000160933, -816903.546600002096966 ], [ -1543477.218199998838827, -816913.895200002007186 ], [ -1543456.140500000212342, -816923.878200001316145 ], [ -1543435.903499994426966, -816933.737399997655302 ], [ -1543414.580799997085705, -816943.394100002245978 ], [ -1543391.371300000697374, -816952.949499995214865 ], [ -1543372.943199995905161, -816960.539100000169128 ], [ -1543353.185799998696893, -816968.370400004321709 ], [ -1543332.890400000615045, -816975.622200000099838 ], [ -1543311.417299997759983, -816983.157399998279288 ], [ -1543289.984700002707541, -816990.703499996336177 ], [ -1543267.408199999248609, -816998.468400003155693 ], [ -1543244.656400000676513, -817006.323199991602451 ], [ -1543219.933899999596179, -817014.311899999622256 ], [ -1543177.75290000019595, -817027.68460000003688 ], [ -1543130.257500000763685, -817042.218499999027699 ], [ -1543084.950599999167025, -817055.715400001499802 ], [ -1542971.272199996281415, -817089.433200001483783 ], [ -1542913.234299998031929, -817107.266100002452731 ], [ -1542881.999599998584017, -817116.678299997700378 ], [ -1542854.579299998702481, -817125.509399997303262 ], [ -1542828.11009999900125, -817134.102900001686066 ], [ -1542802.9431, -817142.669199995929375 ], [ -1542775.289299995172769, -817152.120899999281392 ], [ -1542749.266999998595566, -817161.580999999539927 ], [ -1542724.371600000653416, -817171.173700005048886 ], [ -1542700.63389999861829, -817180.614599999971688 ], [ -1542677.809799995273352, -817190.274899998446926 ], [ -1542655.995799999451265, -817199.846600001910701 ], [ -1542635.004199999850243, -817209.67939999862574 ], [ -1542614.92710000090301, -817219.468100000638515 ], [ -1542593.614899997599423, -817230.902000000467524 ], [ -1542573.065699998522177, -817242.270900001283735 ], [ -1542553.681099995970726, -817254.111899995245039 ], [ -1542534.997399999760091, -817265.924599995138124 ], [ -1542517.4226, -817278.244899997022003 ], [ -1542499.764899996109307, -817290.767800002126023 ], [ -1542484.664800000144169, -817303.419699998339638 ], [ -1542469.66840000054799, -817316.557299999520183 ], [ -1542454.211899997899309, -817329.966900000581518 ], [ -1542447.854200002038851, -817336.622299996670336 ], [ -1542440.643299998948351, -817343.574700000230223 ], [ -1542433.952899997355416, -817350.588100003777072 ], [ -1542426.749600000679493, -817357.5634999955073 ], [ -1542420.463099998189136, -817364.738099999027327 ], [ -1542414.060099998023361, -817372.013099999167025 ], [ -1542406.689899996388704, -817379.033399996347725 ], [ -1542402.060399999609217, -817386.535199996782467 ], [ -1542396.680899995844811, -817394.042499999282882 ], [ -1542391.291499999118969, -817401.651199997868389 ], [ -1542385.700799999525771, -817409.210999998962507 ], [ -1542380.912500000791624, -817416.979600004153326 ], [ -1542376.112599996384233, -817424.852400002302602 ], [ -1542371.508299996843562, -817432.814799995161593 ], [ -1542364.94350000214763, -817443.153700004564598 ], [ -1542360.462399997748435, -817453.9634 ], [ -1542355.717399996705353, -817465.103200000245124 ], [ -1542351.238999997731298, -817476.393199996557087 ], [ -1542347.236099996836856, -817488.303500002948567 ], [ -1542344.624099995940924, -817500.556700001703575 ], [ -1542342.880699997302145, -817513.584099997999147 ], [ -1542340.182999996235594, -817527.178599999984726 ], [ -1542337.848600002005696, -817541.179900002432987 ], [ -1542335.870799996424466, -817555.621699996991083 ], [ -1542334.247600000351667, -817570.518999994033948 ], [ -1542332.977099998854101, -817585.890200001653284 ], [ -1542332.057599999476224, -817601.750499998452142 ], [ -1542331.487399996491149, -817618.130199991865084 ], [ -1542331.265299994265661, -817635.058099993271753 ], [ -1542331.390799996443093, -817652.571100003318861 ], [ -1542331.740799999097362, -817667.002099996199831 ], [ -1542332.313199997413903, -817681.861299997195601 ], [ -1542334.131299998844042, -817713.001699996879324 ], [ -1542336.8629999991972, -817746.31749999942258 ], [ -1542340.538400002755225, -817782.518000001786277 ], [ -1542343.399400001624599, -817814.826599998399615 ], [ -1542346.891499998513609, -817850.934100001351908 ], [ -1542361.691199995810166, -817970.527499999152496 ], [ -1542368.789900001138449, -818015.783600001130253 ], [ -1542374.149800001177937, -818060.351300003938377 ], [ -1542376.326499997638166, -818080.712400000076741 ], [ -1542378.202399997040629, -818100.110199995571747 ], [ -1542379.988100000424311, -818121.179499997291714 ], [ -1542381.416600000346079, -818141.346500005340204 ], [ -1542382.496099997544661, -818160.725299998419359 ], [ -1542383.230800000717863, -818179.393100002780557 ], [ -1542383.62339999480173, -818197.433599998708814 ], [ -1542383.673999998252839, -818214.875000003026798 ], [ -1542383.329899996519089, -818231.702599999494851 ], [ -1542382.2774, -818247.91919999779202 ], [ -1542380.490800001658499, -818264.649799995590001 ], [ -1542378.311599995475262, -818280.841600002488121 ], [ -1542375.841699994402006, -818296.276800002204254 ], [ -1542372.974800001829863, -818311.216400003992021 ], [ -1542369.498499998589978, -818325.543300002114847 ], [ -1542366.346499997423962, -818339.312700000591576 ], [ -1542362.00899999612011, -818352.628199997823685 ], [ -1542358.3029, -818365.390900000231341 ], [ -1542354.132599997334182, -818377.988699997309595 ], [ -1542348.733799997251481, -818390.168899998767301 ], [ -1542342.866000001318753, -818402.035600000061095 ], [ -1542337.346500001847744, -818413.892499999376014 ], [ -1542331.403999996371567, -818425.34770000167191 ], [ -1542325.036299995612353, -818436.405699996044859 ], [ -1542317.201499995775521, -818447.183900002157316 ], [ -1542309.017199996858835, -818457.580200003925711 ], [ -1542304.460799995111302, -818464.206999998306856 ], [ -1542298.906299996888265, -818470.817099997075275 ], [ -1542293.213299999479204, -818477.481999994488433 ], [ -1542287.260899994056672, -818484.077900000382215 ], [ -1542281.046599998138845, -818490.608100001700222 ], [ -1542273.527200000360608, -818497.189100002404302 ], [ -1542265.819099998334423, -818503.718899998115376 ], [ -1542259.419999999459833, -818509.891199996694922 ], [ -1542252.005699996137992, -818516.06620000069961 ], [ -1542244.424199993954971, -818522.324899998959154 ], [ -1542235.511799998581409, -818528.658399997744709 ], [ -1542227.338499997043982, -818534.848099997732788 ], [ -1542209.608399997465312, -818546.965699998661876 ], [ -1542189.957800000440329, -818559.359200000297278 ], [ -1542171.650400001788512, -818570.181200000457466 ], [ -1542152.4863000002224, -818581.327500002691522 ], [ -1542129.834899997804314, -818592.94399999640882 ], [ -1542107.21629999903962, -818604.637199999531731 ], [ -1542083.565499999793246, -818615.61979999858886 ], [ -1542058.297699999297038, -818627.601499994052574 ], [ -1541961.658399995649233, -818671.357900002971292 ], [ -1541819.54696020972915, -819597.440464678918943 ], [ -1541791.455555064603686, -819780.500748644117266 ], [ -1541713.09018518589437, -820291.176052685827017 ], [ -1541709.020524154184386, -820317.696381616638973 ], [ -1541634.725729975383729, -820801.84539623814635 ], [ -1541615.139513092115521, -820929.480820885160938 ], [ -1541603.293771950993687, -821006.674707256490365 ], [ -1541517.677300000796095, -821564.602499997010455 ], [ -1541721.648221343755722, -821324.061827931087464 ], [ -1541926.976362164132297, -821081.920601803110912 ], [ -1542191.478712243260816, -820769.995879231253639 ], [ -1542206.635675841476768, -820752.121438176138327 ], [ -1543388.812911301851273, -819357.992780760396272 ], [ -1543631.413353593554348, -819071.896738010225818 ], [ -1543652.009099999442697, -819047.608399996301159 ], [ -1543649.955692295683548, -818658.437842764426023 ], [ -1543648.733792182290927, -818426.858138508163393 ], [ -1543648.711310952203348, -818422.597400405677035 ], [ -1543648.446494328090921, -818372.408228324027732 ], [ -1543646.546708651585504, -818012.352771087083966 ], [ -1543646.374988031806424, -817979.807549122720957 ], [ -1543645.64486704301089, -817841.431916025932878 ], [ -1543644.496383537305519, -817623.766439289785922 ], [ -1543641.559782635653391, -817067.209352272329852 ], [ -1543640.403400000417605, -816848.046799992211163 ], [ -1543731.80491756577976, -816829.427974984049797 ], [ -1543983.965242948383093, -816778.061990062706172 ], [ -1544235.340842740843073, -816726.855856632115319 ], [ -1544541.858226849231869, -816664.417139095487073 ], [ -1544591.843623040476814, -816654.234930206555873 ], [ -1544917.048162257298827, -816587.989570503355935 ], [ -1544922.011599996127188, -816586.978499999037012 ], [ -1544928.787058997666463, -816569.115927392849699 ], [ -1545104.165782045805827, -816106.753868570085615 ], [ -1545230.861448648851365, -815772.738041366450489 ], [ -1545233.253538377815858, -815766.431623387150466 ], [ -1545317.655325446743518, -815543.9178351694718 ], [ -1545386.802284821169451, -815361.621317437617108 ], [ -1545795.138399997260422, -814285.098900004755706 ], [ -1545708.263465375173837, -813517.412826966028661 ], [ -1545700.994495420949534, -813453.1792592338752 ], [ -1545608.583400000585243, -812636.571899992180988 ], [ -1545539.397200000472367, -812696.944700001506135 ], [ -1545502.015000001061708, -812730.268800002988428 ], [ -1545482.642199999652803, -812748.154399998020381 ], [ -1545464.871100002666935, -812764.661699997959659 ], [ -1545448.24129999987781, -812780.779200000455603 ], [ -1545432.644299998413771, -812795.981599994469434 ], [ -1545426.872859014198184, -812802.002801566617563 ] ] ] } },
{ "type": "Feature", "properties": { "ID": 761, "YEAR": "2012-2013", "Perimtr_KM": 27.117827077000001, "AREA_KM": 18.0353487032, "SCALE": 2, "THICKNES_M": 231.74337601299999, "VOLUME_KM": 4.1795725960499999, "MASS_GT": 3.83266807058, "RECURRANCE": "2-3", "UA_KM": 0.13558913539, "UH_M": 19.234700114199999, "UC_KM": 0.31979670984000003, "REGION": "West", "ICESHELF": "Getz" }, "geometry": { "type": "Polygon", "coordinates": [ [ [ -1546011.948885212186724, -800048.844835691154003 ], [ -1545779.861309469444677, -799894.124176960205659 ], [ -1545727.2256, -799859.034699998563156 ], [ -1545664.277100002858788, -800056.347499993396923 ], [ -1545664.380521358456463, -800070.747733131516725 ], [ -1545664.833675042027608, -800133.844166783848777 ], [ -1545670.174810238881037, -800877.5357601121068 ], [ -1545677.75861384649761, -801933.49311320646666 ], [ -1545678.328499998664483, -802012.843199997441843 ], [ -1545758.14691984700039, -802256.730316269909963 ], [ -1545828.672758265398443, -802472.223724777810276 ], [ -1546826.682900000596419, -805521.667899999767542 ], [ -1546803.755525570362806, -805786.66596373450011 ], [ -1546792.057164293015376, -805921.877393959555775 ], [ -1546614.724799999268726, -807971.51169999781996 ], [ -1546491.944199998863041, -809390.626900000264868 ], [ -1546273.766203899635002, -809889.080690409755334 ], [ -1546144.27860981808044, -810184.910623925272375 ], [ -1546056.987953828880563, -810384.336593193700537 ], [ -1545939.989449783228338, -810651.633703141938895 ], [ -1545910.472899997374043, -810719.067800003103912 ], [ -1545948.523846483556554, -810665.147168190218508 ], [ -1546091.558864436345175, -810462.457373289391398 ], [ -1546195.547361385077238, -810315.099003145238385 ], [ -1546345.251681795343757, -810102.958378889830783 ], [ -1546898.909129196545109, -809318.390263570006937 ], [ -1546957.852262468077242, -809234.864063032669947 ], [ -1547342.953999997815117, -808689.15019999910146 ], [ -1547819.20490000071004, -805990.394799997797236 ], [ -1549565.458399998256937, -802616.950499999104068 ], [ -1547581.079399996902794, -800791.321899992180988 ], [ -1547665.300000001676381, -799044.89330000244081 ], [ -1546250.401900002267212, -800207.809000002453104 ], [ -1546011.948885212186724, -800048.844835691154003 ] ] ] } },
{ "type": "Feature", "properties": { "ID": 762, "YEAR": "2012-2013", "Perimtr_KM": 31.6193641861, "AREA_KM": 12.6630367538, "SCALE": 2, "THICKNES_M": 331.58773994400002, "VOLUME_KM": 4.1989077380199999, "MASS_GT": 3.8503983957600001, "RECURRANCE": "1-2", "UA_KM": 0.15809682093, "UH_M": 27.5217822796, "UC_KM": 0.32127612302000003, "REGION": "West", "ICESHELF": "Getz" }, "geometry": { "type": "Polygon", "coordinates": [ [ [ -1568379.399991322308779, -765811.727189586730674 ], [ -1571925.722800000570714, -772963.417500003706664 ], [ -1572583.490873122820631, -773955.254191471263766 ], [ -1573101.213858304079622, -774735.919404175598174 ], [ -1573295.319296229397878, -775028.607516010757536 ], [ -1573488.698199996724725, -775320.200100002577528 ], [ -1573524.047700000926852, -775365.731600002385676 ], [ -1573565.425799996359274, -775426.060700001893565 ], [ -1573588.030999999493361, -775458.295000001089647 ], [ -1573600.045299995923415, -775474.942199998535216 ], [ -1573616.923399997642264, -775489.459600004833192 ], [ -1573633.409299997147173, -775503.024400000460446 ], [ -1573649.612700002733618, -775515.779699999140576 ], [ -1573667.62349999928847, -775530.244399997638538 ], [ -1573685.455700000748038, -775543.837999997660518 ], [ -1573703.18770000198856, -775556.652299996698275 ], [ -1573721.268499996280298, -775567.695900002494454 ], [ -1573739.364099998027086, -775578.083999996772036 ], [ -1573755.15889999945648, -775587.233700000448152 ], [ -1573771.02120000263676, -775595.777800003765151 ], [ -1573789.708199998596683, -775603.290900002233684 ], [ -1573805.749399997293949, -775612.149899997748435 ], [ -1573822.662499997997656, -775619.911000001244247 ], [ -1573840.071399999549612, -775627.639700000174344 ], [ -1573861.51139999832958, -775634.226799997268245 ], [ -1573885.239299998385832, -775639.639999999664724 ], [ -1573906.042200000723824, -775646.2130000020843 ], [ -1573930.986399998422712, -775651.720300001325086 ], [ -1573957.211100002285093, -775656.464600003324449 ], [ -1573981.751699994551018, -775663.543299992568791 ], [ -1574005.34659999771975, -775673.418700001668185 ], [ -1574026.9628, -775683.833600000711158 ], [ -1574052.678599994629622, -775694.395199999911711 ], [ -1574095.7168, -775717.709699999541044 ], [ -1574155.797600000631064, -775749.381199999479577 ], [ -1574181.809500000905246, -775762.882499999599531 ], [ -1574207.718099996913224, -775776.051300003426149 ], [ -1574233.519800001056865, -775788.885899991495535 ], [ -1574259.211399998515844, -775801.384699997259304 ], [ -1574288.745599998394027, -775806.098999999230728 ], [ -1574318.16389999515377, -775810.474599996814504 ], [ -1574347.463199998484924, -775814.510099998675287 ], [ -1574376.641099996864796, -775818.204599996097386 ], [ -1574405.693499999586493, -775821.556000004988164 ], [ -1574432.924100002273917, -775827.755699995905161 ], [ -1574457.76570000150241, -775837.86660000262782 ], [ -1574482.476799999596551, -775847.632499998901039 ], [ -1574490.498351887334138, -775850.706854363903403 ], [ -1574507.055299998959526, -775857.052499996498227 ], [ -1574527.104408854618669, -775864.494510815711692 ], [ -1574509.370333828264847, -775833.561504488810897 ], [ -1574426.485997726442292, -775688.988862645113841 ], [ -1574240.191062084864825, -775364.040238147601485 ], [ -1573060.505399994552135, -773306.350199994631112 ], [ -1572678.034367616986856, -772453.145599998533726 ], [ -1571553.529613565653563, -769944.635026243980974 ], [ -1571347.677518801763654, -769485.426512907491997 ], [ -1571310.960729010635987, -769403.519829013384879 ], [ -1571295.492899996927008, -769369.014672416495159 ], [ -1571281.477791497251019, -769337.750199997331947 ], [ -1571278.725600001402199, -769331.610695968382061 ], [ -1570308.83319999743253, -767168.004600001266226 ], [ -1568831.294500001007691, -764516.568185429088771 ], [ -1568315.720320657128468, -763591.372687313007191 ], [ -1568061.598600386409089, -763135.352426814381033 ], [ -1567409.867299997946247, -761965.823600000469014 ], [ -1568350.49789999332279, -765753.441799994558096 ], [ -1568379.399991322308779, -765811.727189586730674 ] ] ] } },
{ "type": "Feature", "properties": { "ID": 763, "YEAR": "2012-2013", "Perimtr_KM": 36.534799019399998, "AREA_KM": 23.206810284900001, "SCALE": 2, "THICKNES_M": 327.19831026499998, "VOLUME_KM": 7.5932291118600004, "MASS_GT": 6.9629910955799996, "RECURRANCE": "3-4", "UA_KM": 0.1826739951, "UH_M": 27.157459618099999, "UC_KM": 0.58098995321000002, "REGION": "West", "ICESHELF": "Getz" }, "geometry": { "type": "Polygon", "coordinates": [ [ [ -1567532.547200001543388, -740306.420799997635186 ], [ -1567515.668799998937175, -740306.523100002435967 ], [ -1567501.894500128692016, -740306.365258517907932 ], [ -1567497.735500001814216, -740306.317599997855723 ], [ -1567478.404800002695993, -740305.806400001980364 ], [ -1567442.126400002278388, -740304.550900003872812 ], [ -1567357.131399997277185, -740300.514299997594208 ], [ -1567334.900199997937307, -740299.866699999896809 ], [ -1567315.076699997298419, -740299.566099998541176 ], [ -1567294.5851, -740299.641799994278699 ], [ -1567275.770300001837313, -740300.080300000496209 ], [ -1567258.070799996610731, -740301.035099999513477 ], [ -1567240.971599999349564, -740302.655900004087016 ], [ -1567223.885200003162026, -740304.731199990957975 ], [ -1567207.411200002999976, -740307.577100001974031 ], [ -1567192.311299995984882, -740310.795500000240281 ], [ -1567177.594799996353686, -740314.821699996711686 ], [ -1567170.198699998436496, -740317.211300001479685 ], [ -1567163.462999999523163, -740319.543899999000132 ], [ -1567156.65349999954924, -740322.162700002314523 ], [ -1567150.29549999604933, -740324.808700002031401 ], [ -1567143.855499997502193, -740327.744100003270432 ], [ -1567137.859999997075647, -740330.709800004959106 ], [ -1567131.575999997323379, -740334.048500003758818 ], [ -1567125.667300001718104, -740337.469599996460602 ], [ -1567116.268199994461611, -740343.236900005023926 ], [ -1567107.237700000638142, -740348.998599999817088 ], [ -1567098.131499997107312, -740355.079999996349216 ], [ -1567088.928799998713657, -740361.366700001759455 ], [ -1567080.196500001242384, -740367.752699998905882 ], [ -1567071.628400003304705, -740374.315200000302866 ], [ -1567063.625799996545538, -740380.913099999073893 ], [ -1567055.787500000791624, -740387.687299999641255 ], [ -1567047.968599999323487, -740394.717500003287569 ], [ -1567040.504, -740401.796400002203882 ], [ -1567032.963900000788271, -740409.19500000285916 ], [ -1567025.658100003609434, -740416.714099999982864 ], [ -1567018.396599997067824, -740424.481299993349239 ], [ -1567011.369600002188236, -740432.368800001218915 ], [ -1567004.3868, -740440.504399998346344 ], [ -1566997.638500002445653, -740448.760400000726804 ], [ -1566990.93450000253506, -740457.264499992830679 ], [ -1566984.369799998821691, -740465.952800000319257 ], [ -1566978.0396, -740474.76149999955669 ], [ -1566971.753699998604134, -740483.818399993004277 ], [ -1566965.702199997147545, -740492.995700005441904 ], [ -1566959.694899995345622, -740502.421000002417713 ], [ -1566953.827099999180064, -740512.030599999474362 ], [ -1566948.193599998485297, -740521.760499997064471 ], [ -1566942.604499999899417, -740531.738499997649342 ], [ -1566937.154699997743592, -740541.900799998082221 ], [ -1566931.939400000497699, -740552.183499997248873 ], [ -1566926.768400000408292, -740562.714299992425367 ], [ -1566921.736599999014288, -740573.429299996467307 ], [ -1566916.9394, -740584.264699992025271 ], [ -1566907.572799995774403, -740606.616000003181398 ], [ -1566898.858699996955693, -740629.640400002477691 ], [ -1566889.173799996031448, -740653.954799995757639 ], [ -1566878.708399998024106, -740679.431599996984005 ], [ -1566869.278099995339289, -740705.4823999973014 ], [ -1566859.947699999203905, -740732.336199999554083 ], [ -1566851.289999999804422, -740759.766199996694922 ], [ -1566843.323399998247623, -740787.815799997886643 ], [ -1566835.780600000405684, -740816.71980000147596 ], [ -1566830.991700000362471, -740845.813299999805167 ], [ -1566827.333099996903911, -740875.416900003096089 ], [ -1566824.098400001646951, -740905.874699999345466 ], [ -1566821.421100001316518, -740937.069700001738966 ], [ -1566819.301199996145442, -740969.001600002404302 ], [ -1566817.738799997139722, -741001.67049999977462 ], [ -1566816.73389999801293, -741035.076400000602007 ], [ -1566816.286299996078014, -741069.218500000424683 ], [ -1566837.395700000226498, -741055.023200001101941 ], [ -1566828.976599995745346, -741078.147300004493445 ], [ -1566820.036999996984378, -741101.201699997298419 ], [ -1566808.550999997416511, -741124.865599998272955 ], [ -1566797.22340000141412, -741148.413700001081452 ], [ -1566785.8987, -741171.603799996431917 ], [ -1566774.272100003901869, -741194.781699998537078 ], [ -1566762.610599999781698, -741217.712300001410767 ], [ -1566750.8918999992311, -741240.437799998559058 ], [ -1566738.846000001765788, -741263.224800005555153 ], [ -1566728.086499997647479, -741285.551499993540347 ], [ -1566718.012799998978153, -741307.628199997125193 ], [ -1566707.74889999977313, -741329.577799991006032 ], [ -1566697.459399998188019, -741351.314500003587455 ], [ -1566686.8427, -741373.112999999430031 ], [ -1566676.035800001118332, -741394.784399999072775 ], [ -1566665.056999998399988, -741416.39739999268204 ], [ -1566656.950199998682365, -741431.949599993182346 ], [ -1566647.971299994504079, -741448.165299996500835 ], [ -1566638.190299996873364, -741465.129399999510497 ], [ -1566627.394500000402331, -741483.107399999396876 ], [ -1566606.876200003083795, -741516.014699995750561 ], [ -1566552.375699999043718, -741595.021299996878952 ], [ -1566537.175399995641783, -741616.498900002101436 ], [ -1566523.826699996599928, -741636.080200000433251 ], [ -1566510.166300000622869, -741656.495800001081079 ], [ -1566498.071700001368299, -741675.826000003842637 ], [ -1566486.760400002589449, -741694.607099996879697 ], [ -1566476.462799998000264, -741712.766100003384054 ], [ -1566470.251599999377504, -741724.638799996348098 ], [ -1566464.960499994689599, -741736.839099998120219 ], [ -1566459.817900000605732, -741749.575300003401935 ], [ -1566454.440599998924881, -741763.249400002183393 ], [ -1566448.764800000237301, -741778.326600001426414 ], [ -1566442.862500001909211, -741794.938000003108755 ], [ -1566419.106, -741863.556999999564141 ], [ -1566408.462699999567121, -741893.271400002064183 ], [ -1566402.264899996574968, -741909.437299999175593 ], [ -1566396.224899996072054, -741924.399600001983345 ], [ -1566390.379700002958998, -741938.339000002713874 ], [ -1566384.348799998406321, -741951.643200001679361 ], [ -1566378.306700000306591, -741964.193000002764165 ], [ -1566372.018700001295656, -741976.739099998492748 ], [ -1566365.154899999499321, -741989.547300000907853 ], [ -1566357.463700002525002, -742002.560000001220033 ], [ -1566348.068699999013916, -742016.183599994517863 ], [ -1566338.340699996333569, -742029.961799995042384 ], [ -1566327.924199996283278, -742044.198300001444295 ], [ -1566316.531300000846386, -742058.887299997499213 ], [ -1566297.770799997728318, -742083.22309999819845 ], [ -1566276.043099996633828, -742110.159000000217929 ], [ -1566254.970699997618794, -742135.557699993718415 ], [ -1566207.982699997490272, -742195.000799996545538 ], [ -1566187.0642, -742224.193600000115111 ], [ -1566167.829199998639524, -742252.001399997388944 ], [ -1566159.209700000239536, -742264.985200002323836 ], [ -1566151.084299996495247, -742277.526599992997944 ], [ -1566143.664000001503155, -742289.414000002434477 ], [ -1566136.449900003382936, -742301.158399996580556 ], [ -1566129.974899999098852, -742312.441400001058355 ], [ -1566123.489999995101243, -742323.795800001826137 ], [ -1566117.50249999971129, -742334.881899994565174 ], [ -1566111.87209999631159, -742345.857200001599267 ], [ -1566106.355199997546151, -742356.850300001678988 ], [ -1566101.141999997664243, -742367.759899997152388 ], [ -1566080.707599997287616, -742412.396000003442168 ], [ -1566068.161500001559034, -742440.370600001187995 ], [ -1566054.802499997196719, -742466.993499999167398 ], [ -1566042.51, -742491.487800001399592 ], [ -1566030.299799998290837, -742516.052599997958168 ], [ -1566024.876400002278388, -742527.758900002809241 ], [ -1566020.118299999507144, -742539.176899997284636 ], [ -1566015.123900001635775, -742550.520799997029826 ], [ -1566011.011500001652166, -742561.492199996020645 ], [ -1566006.65209999633953, -742572.426199998008087 ], [ -1566003.093300001462922, -742583.069600003072992 ], [ -1565998.845400001620874, -742597.298900001682341 ], [ -1565994.288600001484156, -742612.547400003531948 ], [ -1565991.2098, -742628.417299999622628 ], [ -1565989.571199995465577, -742645.1961000028532 ], [ -1565988.471700002672151, -742660.376900000264868 ], [ -1565987.56459999922663, -742677.321099998662248 ], [ -1565985.437299996847287, -742736.670800003455952 ], [ -1565984.317999997641891, -742760.024900002637878 ], [ -1565982.557899996638298, -742783.776799997314811 ], [ -1565981.456799996085465, -742794.629699999233708 ], [ -1565980.190999999642372, -742804.979999997885898 ], [ -1565974.95430000172928, -742843.668999998364598 ], [ -1565968.971199997002259, -742881.99529999983497 ], [ -1565961.416400001849979, -742919.919700001832098 ], [ -1565950.527500001015142, -742957.966900000581518 ], [ -1565939.261999995913357, -742995.393100003711879 ], [ -1565927.045200001215562, -743032.546999999787658 ], [ -1565914.998899998376146, -743068.884599996265024 ], [ -1565905.541299994336441, -743103.933199998689815 ], [ -1565896.26339999656193, -743138.129899994470179 ], [ -1565886.300199996680021, -743171.817799999378622 ], [ -1565876.050699999555945, -743204.760899991961196 ], [ -1565865.121399995870888, -743237.177099992753938 ], [ -1565854.122999996179715, -743268.623199997236952 ], [ -1565842.238499994855374, -743299.735499998554587 ], [ -1565830.289900003466755, -743329.864500004099682 ], [ -1565817.869700001785532, -743359.325900002615526 ], [ -1565810.216999999480322, -743372.635899997781962 ], [ -1565802.706799995386973, -743385.909500002162531 ], [ -1565794.734200002159923, -743399.24040000140667 ], [ -1565786.043200002983212, -743412.943800001172349 ], [ -1565776.830899998312816, -743426.548200002871454 ], [ -1565767.076799996662885, -743440.739699999103323 ], [ -1565757.136100001865998, -743454.952999994391575 ], [ -1565745.935700000263751, -743469.783600000431761 ], [ -1565748.331121932715178, -743902.38194986525923 ], [ -1565749.255518313962966, -744069.32220568950288 ], [ -1565750.689049536595121, -744328.209056661697105 ], [ -1565753.594198889797553, -744852.861017636256292 ], [ -1565766.343976138625294, -747155.39174039196223 ], [ -1565804.134714306797832, -753980.164753253571689 ], [ -1565812.742699998663738, -755534.713599997805431 ], [ -1566242.089326607063413, -757263.555038725724444 ], [ -1566428.280600000172853, -758013.287699998589233 ], [ -1566523.632452678168193, -756983.487896525068209 ], [ -1566549.094002667348832, -756708.503211471019313 ], [ -1566604.659200001507998, -756108.399199999636039 ], [ -1566739.182168003870174, -755044.444640195462853 ], [ -1567186.743599998066202, -751504.639999998034909 ], [ -1567291.56273257592693, -750156.965753612807021 ], [ -1567557.161099998280406, -746742.130399995017797 ], [ -1567659.392560243373737, -741908.451604005182162 ], [ -1567668.59771423204802, -741473.21613385528326 ], [ -1567680.676799850771204, -740902.096246849978343 ], [ -1567691.397366345394403, -740395.209474368719384 ], [ -1567693.920099997660145, -740275.930300002684817 ], [ -1567678.51570000173524, -740282.340099998516962 ], [ -1567664.472800000570714, -740287.382099993526936 ], [ -1567649.89199999650009, -740291.742499998770654 ], [ -1567634.654599996982142, -740295.548499994678423 ], [ -1567618.722400000784546, -740298.810199997387826 ], [ -1567602.566599999321625, -740301.369800004642457 ], [ -1567585.115099999355152, -740303.571800003061071 ], [ -1567567.281100000953302, -740305.097900002496317 ], [ -1567548.541299999225885, -740306.006499995477498 ], [ -1567532.547200001543388, -740306.420799997635186 ] ] ] } },
{ "type": "Feature", "properties": { "ID": 764, "YEAR": "2012-2013", "Perimtr_KM": 8.3234060789900006, "AREA_KM": 2.5125214257700001, "SCALE": 1, "THICKNES_M": 123.33677164700001, "VOLUME_KM": 0.30988628135000001, "MASS_GT": 0.28416572, "RECURRANCE": "2-3", "UA_KM": 0.04161703039, "UH_M": 10.2369519962, "UC_KM": 0.02371070508, "REGION": "West", "ICESHELF": "Abbot_2" }, "geometry": { "type": "Polygon", "coordinates": [ [ [ -1949623.248299998464063, -318995.107700002379715 ], [ -1949610.323500000638887, -319015.884599996730685 ], [ -1949637.599700001301244, -318996.817800001241267 ], [ -1949638.036800002446398, -319016.230799996294081 ], [ -1949638.113000001525506, -319035.485199998132885 ], [ -1949638.160200000274926, -319054.837899999227375 ], [ -1949637.917100002989173, -319074.145100000780076 ], [ -1949637.468599998857826, -319093.413400001823902 ], [ -1949636.980799996294081, -319112.77100000390783 ], [ -1949636.121699995594099, -319131.961099999491125 ], [ -1949635.142399998847395, -319151.118399998173118 ], [ -1949633.872699994361028, -319170.230299995280802 ], [ -1949632.652800003066659, -319189.322099999058992 ], [ -1949631.308500000275671, -319208.496899997349828 ], [ -1949629.677900000708178, -319227.510599993634969 ], [ -1949627.842099997214973, -319246.485100002959371 ], [ -1949625.881799997761846, -319265.542800002731383 ], [ -1949623.635299999266863, -319284.439300002064556 ], [ -1949621.26440000301227, -319303.418699991889298 ], [ -1949617.945399999152869, -319327.639099999330938 ], [ -1949613.984999998705462, -319351.580699998419732 ], [ -1949609.786400001961738, -319375.332200000993907 ], [ -1949605.351499996613711, -319398.881199998781085 ], [ -1949600.738599997479469, -319422.275099993217736 ], [ -1949595.983800001442432, -319445.650299998931587 ], [ -1949591.076200001640245, -319468.765899993944913 ], [ -1949585.940099995816126, -319491.639099997933954 ], [ -1949580.579, -319514.253800002392381 ], [ -1949574.993099996820092, -319536.610699999611825 ], [ -1949569.184199996292591, -319558.702499997802079 ], [ -1949563.153899999568239, -319580.52289999788627 ], [ -1949557.11870000185445, -319602.22129999101162 ], [ -1949550.650699996156618, -319623.48059999756515 ], [ -1949544.199199996888638, -319644.374000003095716 ], [ -1949537.395800000289455, -319664.792499998118728 ], [ -1949530.389699995983392, -319684.883300000336021 ], [ -1949523.172100001946092, -319704.673399996478111 ], [ -1949515.744599998928607, -319724.158800000790507 ], [ -1949508.108399996301159, -319743.336100002285093 ], [ -1949500.265099994838238, -319762.201499997172505 ], [ -1949492.215799999423325, -319780.752099991310388 ], [ -1949483.595499997027218, -319799.023499998264015 ], [ -1949474.89359999797307, -319816.96159999165684 ], [ -1949465.990500001003966, -319834.575100002344698 ], [ -1949456.764199999626726, -319851.876000001095235 ], [ -1949447.460199996130541, -319868.836699999403208 ], [ -1949437.957399999722838, -319885.467699997592717 ], [ -1949428.257099996786565, -319901.767000004183501 ], [ -1949418.360199996037409, -319917.732800000812858 ], [ -1949408.1456, -319933.376300001982599 ], [ -1949397.858600001316518, -319948.670199998654425 ], [ -1949390.769599999766797, -319958.777799998875707 ], [ -1949383.288500000722706, -319968.90960000269115 ], [ -1949375.279300000984222, -319979.09690000442788 ], [ -1949366.96840000199154, -319989.337899999693036 ], [ -1949358.221100001130253, -319999.661600003018975 ], [ -1949348.878300002310425, -320010.125699993688613 ], [ -1949339.149900001008064, -320020.744399991817772 ], [ -1949328.739700000267476, -320031.600099997129291 ], [ -1949308.380700001493096, -320052.103600000496954 ], [ -1949285.0587, -320074.38010000390932 ], [ -1949261.52609999710694, -320097.705000000074506 ], [ -1949197.344099996844307, -320162.863999996799976 ], [ -1949178.105999998282641, -320182.873999999370426 ], [ -1949161.235099997604266, -320201.199699995107949 ], [ -1949142.338299997616559, -320222.392100000753999 ], [ -1949133.633900002576411, -320232.633800002280623 ], [ -1949125.361499998252839, -320242.707299998495728 ], [ -1949117.15379999903962, -320252.670200004708022 ], [ -1949109.555399998556823, -320262.595399999525398 ], [ -1949102.226200001314282, -320272.215000000782311 ], [ -1949095.147700001019984, -320281.848100002855062 ], [ -1949072.411100001772866, -320311.782099997624755 ], [ -1949050.497599998023361, -320341.494200000073761 ], [ -1949029.396699995268136, -320370.998300002422184 ], [ -1949009.10139999515377, -320400.304699995089322 ], [ -1948989.603699999628589, -320429.424800002481788 ], [ -1948970.901299994904548, -320458.362699993420392 ], [ -1948952.990300000179559, -320487.124100001063198 ], [ -1948935.867999996524304, -320515.713499999605119 ], [ -1948919.781599998474121, -320543.934900000225753 ], [ -1948904.565800002310425, -320571.920699997805059 ], [ -1948890.133900000713766, -320599.743799992371351 ], [ -1948876.484999998472631, -320627.405900002922863 ], [ -1948863.61799999861978, -320654.909299995750189 ], [ -1948851.5326, -320682.254800002090633 ], [ -1948840.092400000896305, -320709.657499997876585 ], [ -1948829.296899998094887, -320737.117999997921288 ], [ -1948822.034000000217929, -320756.675099999178201 ], [ -1948815.497699995525181, -320777.841399999335408 ], [ -1948808.9814, -320798.633699995931238 ], [ -1948802.8662, -320820.514999997336417 ], [ -1948796.703599998727441, -320842.127200000919402 ], [ -1948790.752399995923042, -320864.094099991489202 ], [ -1948785.271499995840713, -320887.039099996443838 ], [ -1948779.744299998972565, -320909.710899999830872 ], [ -1948775.352999998722225, -320934.63470000308007 ], [ -1948771.174800002714619, -320959.907300000078976 ], [ -1948766.949099993798882, -320984.595999998040497 ], [ -1948762.676399995107204, -321008.698900001589209 ], [ -1948758.617800000589341, -321033.146099996287376 ], [ -1948754.773400001227856, -321057.935799998231232 ], [ -1948751.143599995411932, -321083.066499997861683 ], [ -1948747.728599999332801, -321108.536499996203929 ], [ -1948745.576199998147786, -321124.032199999317527 ], [ -1948744.250400001415983, -321140.885399998165667 ], [ -1948742.834199999459088, -321157.162199999205768 ], [ -1948741.793000000994653, -321174.034799999091774 ], [ -1948741.580600002780557, -321192.515299997292459 ], [ -1948741.279300002381206, -321210.729200000409037 ], [ -1948741.331299997400492, -321229.601600000634789 ], [ -1948741.280199997359887, -321248.277599999215454 ], [ -1948741.85619999608025, -321264.62690000096336 ], [ -1948742.665000000968575, -321281.724699993152171 ], [ -1948745.704000000376254, -321320.519699996802956 ], [ -1948749.715699996799231, -321358.624899995978922 ], [ -1948759.904999997932464, -321449.974500000011176 ], [ -1948762.248699997551739, -321491.580599998123944 ], [ -1948763.453899999614805, -321513.011899992823601 ], [ -1948763.519000003114343, -321531.531599991489202 ], [ -1948764.025500000920147, -321550.636699999682605 ], [ -1948764.132000000448897, -321562.19889999832958 ], [ -1949169.111799996811897, -321508.12809999845922 ], [ -1950121.613700000569224, -320277.813099997583777 ], [ -1950687.2632, -318224.714800001122057 ], [ -1950670.33919999958016, -318228.364799991715699 ], [ -1950614.7245, -318240.855700003914535 ], [ -1950565.429299995303154, -318252.432499994058162 ], [ -1950539.6308, -318258.898899991996586 ], [ -1950514.713199997553602, -318265.352800002787262 ], [ -1950490.709399996558204, -318271.849200000986457 ], [ -1950467.641499996650964, -318278.466699996497482 ], [ -1950445.174600003752857, -318285.253600000403821 ], [ -1950423.21720000077039, -318292.255999999586493 ], [ -1950401.884100000374019, -318299.38679999532178 ], [ -1950381.134799994062632, -318306.659599999897182 ], [ -1950359.785399996675551, -318314.520000002346933 ], [ -1950339.01440000301227, -318322.565999997779727 ], [ -1950318.791499998886138, -318330.809400002006441 ], [ -1950299.091899999417365, -318339.260299996472895 ], [ -1950279.889499999117106, -318347.930099997669458 ], [ -1950261.169599994784221, -318356.825399999506772 ], [ -1950242.915199997602031, -318365.954499999526888 ], [ -1950225.111999996239319, -318375.324399997014552 ], [ -1950207.729899999685585, -318384.951800000853837 ], [ -1950190.775299998000264, -318394.833699997980148 ], [ -1950174.237699997378513, -318404.976400001440197 ], [ -1950158.302200001198798, -318415.488400003872812 ], [ -1950142.829800000414252, -318426.30699999909848 ], [ -1950127.453499996103346, -318437.311600000131875 ], [ -1950112.54569999827072, -318448.608900002203882 ], [ -1950097.933999998960644, -318460.181499997153878 ], [ -1950080.779599997680634, -318474.435800003819168 ], [ -1950063.614999996032566, -318488.846599998418242 ], [ -1950046.590399996843189, -318503.470700000412762 ], [ -1950029.648799999151379, -318518.307999997399747 ], [ -1950012.911899995291606, -318533.393100003246218 ], [ -1949996.178399996133521, -318548.588700001593679 ], [ -1949979.448099998990074, -318563.894799998495728 ], [ -1949962.855499997269362, -318579.402899997774512 ], [ -1949946.400499999523163, -318595.112899993546307 ], [ -1949930.083299995400012, -318611.024999996647239 ], [ -1949913.758000001776963, -318627.104899999219924 ], [ -1949897.715999999083579, -318643.420900001190603 ], [ -1949881.8117999965325, -318659.938800000119954 ], [ -1949866.045100000221282, -318676.65859999647364 ], [ -1949850.416199997533113, -318693.580399994272739 ], [ -1949834.779299996327609, -318710.670200001914054 ], [ -1949819.571300002280623, -318728.029899998567998 ], [ -1949804.6465999991633, -318745.625700000207871 ], [ -1949789.85950000048615, -318763.423299994785339 ], [ -1949775.210200001718476, -318781.423000002745539 ], [ -1949760.698500000406057, -318799.624599994160235 ], [ -1949746.324499994516373, -318818.028200001455843 ], [ -1949732.088099999818951, -318836.633699991740286 ], [ -1949718.059999999124557, -318855.5544000021182 ], [ -1949704.310499998275191, -318874.903299999888986 ], [ -1949690.412399995606393, -318894.408500004094094 ], [ -1949676.817900000372902, -318914.244199997745454 ], [ -1949663.195200001820922, -318934.153300000820309 ], [ -1949649.805499998386949, -318954.279599991627038 ], [ -1949636.458000001963228, -318974.59269999852404 ], [ -1949623.248299998464063, -318995.107700002379715 ] ] ] } },
{ "type": "Feature", "properties": { "ID": 765, "YEAR": "2012-2013", "Perimtr_KM": 13.3679950625, "AREA_KM": 5.6240569529100002, "SCALE": 1, "THICKNES_M": 101.05774784099999, "VOLUME_KM": 0.56835452938999997, "MASS_GT": 0.52118110345000002, "RECURRANCE": "2-3", "UA_KM": 0.06683997531, "UH_M": 8.3877930294399992, "UC_KM": 0.04348719979, "REGION": "West", "ICESHELF": "Abbot_2" }, "geometry": { "type": "Polygon", "coordinates": [ [ [ -1955666.269499999005347, -314622.234899998176843 ], [ -1955629.279399997089058, -314624.993899999652058 ], [ -1955594.083500000182539, -314630.579399997834116 ], [ -1955553.609699998050928, -314618.604300002101809 ], [ -1955543.45870000263676, -314619.388000001199543 ], [ -1955531.8479, -314619.245899994391948 ], [ -1955521.513400001917034, -314620.926399991847575 ], [ -1955511.188600000692531, -314622.430600001011044 ], [ -1955499.387599997688085, -314623.014100001659244 ], [ -1955488.550300000235438, -314627.099500000942498 ], [ -1955463.945700001902878, -314632.856600002385676 ], [ -1955460.692852857289836, -314633.737941040657461 ], [ -1955438.964199998416007, -314639.625200002454221 ], [ -1955413.481799997389317, -314647.458800000138581 ], [ -1955386.053700001910329, -314654.827999995090067 ], [ -1955357.846399996196851, -314663.401900002732873 ], [ -1955335.206799995154142, -314671.78279999922961 ], [ -1955314.432299999054521, -314684.267300000879914 ], [ -1955292.636500001884997, -314697.820599996019155 ], [ -1955269.391099997796118, -314712.708999999798834 ], [ -1955226.636599995661527, -314740.960099999327213 ], [ -1955124.482199997175485, -314809.855800000485033 ], [ -1955097.435099997092038, -314822.515999995637685 ], [ -1955072.916800000239164, -314833.568299998994917 ], [ -1955047.434799997834489, -314844.237299999687821 ], [ -1955023.234199996571988, -314855.379900003317744 ], [ -1954999.850499995984137, -314868.678699998185039 ], [ -1954977.2499, -314880.8661999986507 ], [ -1954954.883099996019155, -314892.22040000371635 ], [ -1954933.034000003244728, -314902.578300002031028 ], [ -1954910.589899995597079, -314910.967399992980063 ], [ -1954888.494499996770173, -314918.437599998898804 ], [ -1954866.669799997238442, -314925.01909999595955 ], [ -1954845.085799996973947, -314930.722099998034537 ], [ -1954823.7001, -314935.560199996456504 ], [ -1954802.479300002101809, -314939.543299998156726 ], [ -1954711.926799999549985, -314956.984299996867776 ], [ -1954681.579699997790158, -314962.689399996306747 ], [ -1954645.908100000349805, -314963.096600002143532 ], [ -1954613.303600000683218, -314960.653000002726912 ], [ -1954580.464199997484684, -314965.164100000169128 ], [ -1954565.355900000780821, -314967.817000000737607 ], [ -1954549.8769, -314969.497600002679974 ], [ -1954535.72569999541156, -314971.341399997938424 ], [ -1954521.937499997206032, -314972.920100000221282 ], [ -1954508.483500000555068, -314974.236999996937811 ], [ -1954494.395499998237938, -314974.864100002683699 ], [ -1954480.646699996199459, -314975.710100001655519 ], [ -1954467.215400001034141, -314976.261300002224743 ], [ -1954454.085299994330853, -314976.518299998249859 ], [ -1954441.243199997581542, -314976.481300000101328 ], [ -1954428.675000002142042, -314976.15019999537617 ], [ -1954416.37329999729991, -314975.52469999762252 ], [ -1954404.329399999696761, -314974.604400001000613 ], [ -1954393.48220000253059, -314973.818899998441339 ], [ -1954381.922400001902133, -314972.305799996014684 ], [ -1954370.601099998690188, -314970.495300000999123 ], [ -1954359.512899994617328, -314968.386599995661527 ], [ -1954349.599699997110292, -314966.408999999519438 ], [ -1954338.964100000914186, -314963.701200002804399 ], [ -1954329.495899997884408, -314961.122699990868568 ], [ -1954319.298800001386553, -314957.812099997419864 ], [ -1954310.262899996247143, -314954.628900000825524 ], [ -1954300.23929999768734, -314950.441399992443621 ], [ -1954290.822500002104789, -314945.81919999467209 ], [ -1954280.959099997300655, -314940.281000000424683 ], [ -1954270.438699998427182, -314933.710999997332692 ], [ -1954261.492100001079962, -314927.646700001321733 ], [ -1954251.481699995463714, -314920.507800002582371 ], [ -1954219.894799998030066, -314896.47009999351576 ], [ -1954208.001499994890764, -314886.62360000051558 ], [ -1954194.751999996602535, -314876.703299999702722 ], [ -1954182.861499996623024, -314868.395199997816235 ], [ -1954171.2814, -314860.856599994469434 ], [ -1954160.217799998819828, -314854.238700000103563 ], [ -1954149.528200001223013, -314848.469300000928342 ], [ -1954139.131700003519654, -314843.513500002678484 ], [ -1954127.030299994861707, -314838.700399992056191 ], [ -1954114.738099998328835, -314834.510899990797043 ], [ -1954103.362599997315556, -314832.504300001543015 ], [ -1954091.787700002547354, -314831.119600002653897 ], [ -1954080.009099999675527, -314830.356100001838058 ], [ -1954073.823093664832413, -314830.282572546042502 ], [ -1954068.020300000905991, -314830.213599996641278 ], [ -1954055.815000000409782, -314830.69170000217855 ], [ -1954043.385899998480454, -314831.7909000008367 ], [ -1954030.740200003609061, -314833.50939999660477 ], [ -1954017.853699997765943, -314835.849399997387081 ], [ -1954004.716200001072139, -314838.812799999024719 ], [ -1953991.314999996917322, -314842.402500002644956 ], [ -1953977.640000002924353, -314846.620800001081079 ], [ -1953963.670399999246001, -314851.474000000860542 ], [ -1953949.387299995403737, -314856.96870000148192 ], [ -1953934.765999997034669, -314863.114200002048165 ], [ -1953922.251699998276308, -314868.765099997632205 ], [ -1953909.460000002291054, -314874.889400000218302 ], [ -1953895.804400002583861, -314881.311700003221631 ], [ -1953881.253299998119473, -314888.047599998302758 ], [ -1953866.912699996959418, -314895.481000002007931 ], [ -1953852.1532, -314903.461100003682077 ], [ -1953836.914999996311963, -314912.022199996281415 ], [ -1953820.543399998918176, -314921.032100000418723 ], [ -1953792.964800000190735, -314937.552099996712059 ], [ -1953761.487299997126684, -314955.297999996691942 ], [ -1953730.467000002041459, -314970.693000003229827 ], [ -1953661.551800001878291, -315010.794800000730902 ], [ -1953627.396799996029586, -315031.824099997989833 ], [ -1953610.71480000205338, -315042.386299998499453 ], [ -1953594.73319999827072, -315051.872600002214313 ], [ -1953580.039900002535433, -315060.617700000759214 ], [ -1953566.063300000503659, -315068.628400003537536 ], [ -1953534.338700001128018, -315086.658699999097735 ], [ -1953502.713700001128018, -315105.522999996785074 ], [ -1953471.609900001203641, -315125.306999995838851 ], [ -1953441.448300001677126, -315146.097500002477318 ], [ -1953411.365800002822652, -315167.735199996735901 ], [ -1953381.352899996330962, -315190.226900001522154 ], [ -1953351.400699995690957, -315213.579399992711842 ], [ -1953321.521999995689839, -315237.646899999119341 ], [ -1953291.881499998737127, -315261.351600001566112 ], [ -1953262.269100000150502, -315285.942399999126792 ], [ -1953232.37290000054054, -315311.384500002022833 ], [ -1953201.672, -315337.568100003525615 ], [ -1953170.891600000672042, -315365.715599997900426 ], [ -1953139.702799999620765, -315395.076699991710484 ], [ -1953108.729800001252443, -315425.455899997614324 ], [ -1953077.681100000627339, -315456.820399998687208 ], [ -1953046.957199998665601, -315488.377899997401983 ], [ -1953016.108800000976771, -315520.931599997915328 ], [ -1952985.105200001504272, -315554.515899997670203 ], [ -1952954.713500001933426, -315589.343299999367446 ], [ -1952924.636899996781722, -315625.390299999155104 ], [ -1952894.271199997980148, -315662.624400000087917 ], [ -1952863.670299995224923, -315700.713700001128018 ], [ -1952832.867399997543544, -315739.354499996174127 ], [ -1952801.154999997932464, -315778.634599996730685 ], [ -1952768.623299999395385, -315819.505299999378622 ], [ -1952735.370699998922646, -315862.22339999768883 ], [ -1952700.704399998998269, -315908.244399991817772 ], [ -1952664.93519999505952, -315956.209700002800673 ], [ -1952627.30499999714084, -316007.43840000173077 ], [ -1952588.047499999403954, -316062.985399996861815 ], [ -1952545.781076361425221, -316123.959513680078089 ], [ -1952544.123399995267391, -316126.350899994838983 ], [ -1952532.152500001480803, -316144.018899997230619 ], [ -1952520.372699989471585, -316162.081000003032386 ], [ -1952508.778199997497723, -316180.545700001064688 ], [ -1952497.191100002266467, -316199.388499999884516 ], [ -1952485.433599999640137, -316218.583799996878952 ], [ -1952474.014299998059869, -316238.247999999206513 ], [ -1952462.581399998161942, -316258.325800003949553 ], [ -1952451.2991999972146, -316278.86639999691397 ], [ -1952440.173499998636544, -316299.856499993242323 ], [ -1952429.179499996360391, -316321.344099996611476 ], [ -1952418.340199999511242, -316343.250199996400625 ], [ -1952407.677199997473508, -316365.499999993015081 ], [ -1952397.113400002941489, -316388.316099998075515 ], [ -1952386.471099995309487, -316411.70699999993667 ], [ -1952376.090500002726912, -316435.781599995680153 ], [ -1952365.547699996735901, -316460.620600000955164 ], [ -1952349.378899998264387, -316502.765500003471971 ], [ -1952333.337300000945106, -316547.193600002676249 ], [ -1952317.011599995195866, -316594.52729999832809 ], [ -1952299.962499998044223, -316645.522400001529604 ], [ -1952284.418000001925975, -316690.693799996282905 ], [ -1952267.3533, -316741.254999999888241 ], [ -1952210.071400000713766, -316914.669700003229082 ], [ -1952189.285999997984618, -316981.224599999375641 ], [ -1952178.36609999765642, -317015.715799999888986 ], [ -1952167.969299999298528, -317047.907199999783188 ], [ -1952157.90829999698326, -317078.37830000044778 ], [ -1952147.55720000108704, -317107.31069999653846 ], [ -1952135.469399997731671, -317139.893900000490248 ], [ -1952123.33769999537617, -317171.038999998476356 ], [ -1952111.443300001090392, -317201.018800000660121 ], [ -1952099.562600003089756, -317229.923200002871454 ], [ -1952087.64069999800995, -317257.89339999621734 ], [ -1952075.833800001069903, -317285.014699995983392 ], [ -1952063.762399999424815, -317311.277699998579919 ], [ -1952051.754599998239428, -317336.81409999448806 ], [ -1952037.524699998553842, -317365.60499999858439 ], [ -1952023.613999997265637, -317393.599100002087653 ], [ -1952009.64660000288859, -317420.768100003711879 ], [ -1951995.426300002261996, -317447.113000003620982 ], [ -1951980.9298, -317472.676399999763817 ], [ -1951966.169899997767061, -317497.285999997053295 ], [ -1951951.117799997795373, -317521.065899998880923 ], [ -1951935.542499997653067, -317543.991699999198318 ], [ -1951918.964200000278652, -317566.115899995435029 ], [ -1951902.475199996726587, -317587.657699995674193 ], [ -1951885.4127999949269, -317608.49370000185445 ], [ -1951867.98389999801293, -317628.68369999807328 ], [ -1951850.430899997241795, -317648.310199995525181 ], [ -1951832.709299999289215, -317667.359599996358156 ], [ -1951814.418600002769381, -317685.760600002948195 ], [ -1951812.185589297441766, -317687.918524529784918 ], [ -1951795.789900001138449, -317703.762899997644126 ], [ -1951777.01639999402687, -317721.045000003650784 ], [ -1951757.934499997179955, -317738.378499996382743 ], [ -1951738.374999998137355, -317755.723600001074374 ], [ -1951718.168900000862777, -317773.040199995506555 ], [ -1951697.671500001102686, -317790.392900000326335 ], [ -1951676.715799995232373, -317807.739999991375953 ], [ -1951655.309399997116998, -317825.075000000651926 ], [ -1951633.810600000666454, -317842.460399997420609 ], [ -1951611.868099996587262, -317859.827799991238862 ], [ -1951589.50279999547638, -317877.160300004296005 ], [ -1951566.725699995178729, -317894.449400001671165 ], [ -1951543.549299996113405, -317911.685499997343868 ], [ -1951520.024099997011945, -317928.825800003949553 ], [ -1951496.283799994271249, -317945.755900000687689 ], [ -1951472.227999998256564, -317962.566100002266467 ], [ -1951447.836499997181818, -317979.277599999681115 ], [ -1951431.539199997205287, -317989.627899998333305 ], [ -1951415.117299996782094, -317999.759199992287904 ], [ -1951398.307299998123199, -318009.631300000939518 ], [ -1951800.024213744094595, -317963.064471793361008 ], [ -1952029.601537957787514, -317936.451980635058135 ], [ -1953058.494599998928607, -317817.183199999853969 ], [ -1954469.434899998828769, -315982.812100002076477 ], [ -1954895.770276259630919, -315703.959030062425882 ], [ -1955604.976037714630365, -315240.089000002481043 ], [ -1956542.348399996757507, -314626.98210000153631 ], [ -1956290.965999997220933, -314631.737799999769777 ], [ -1956270.793400002876297, -314630.757100004702806 ], [ -1956235.880099997855723, -314628.314599995967001 ], [ -1956201.11289999820292, -314626.554099996574223 ], [ -1956166.491900002583861, -314625.475999997463077 ], [ -1956132.016900001093745, -314625.07990000071004 ], [ -1956096.423500002129003, -314623.259400001261383 ], [ -1956060.976300000213087, -314622.121000001672655 ], [ -1956026.9397, -314623.771600003819913 ], [ -1955988.879299994790927, -314606.434300000779331 ], [ -1955952.617299996316433, -314605.421899999957532 ], [ -1955916.106399997603148, -314604.867799998261034 ], [ -1955881.389699996914715, -314607.14040000224486 ], [ -1955845.171100000850856, -314607.950699996668845 ], [ -1955809.098599996650591, -314609.443200002424419 ], [ -1955774.820199999492615, -314613.762199997901917 ], [ -1955737.391800001030788, -314614.47470000339672 ], [ -1955701.757600000593811, -314618.013699998613447 ], [ -1955666.269499999005347, -314622.234899998176843 ] ] ] } },
{ "type": "Feature", "properties": { "ID": 766, "YEAR": "2012-2013", "Perimtr_KM": 20.414721356899999, "AREA_KM": 8.0705851482100002, "SCALE": 1, "THICKNES_M": 212.22289784700001, "VOLUME_KM": 1.71276296747, "MASS_GT": 1.57060364117, "RECURRANCE": "2-3", "UA_KM": 0.10207360679, "UH_M": 17.6145004344, "UC_KM": 0.13105071132000001, "REGION": "East", "ICESHELF": "Shackleton" }, "geometry": { "type": "Polygon", "coordinates": [ [ [ 2607789.889964736066759, -234618.451192380394787 ], [ 2607552.092113406397402, -235207.177759068086743 ], [ 2607426.028302480466664, -235519.279463001526892 ], [ 2606932.412600001320243, -236741.34549999749288 ], [ 2606933.9837746899575, -236958.167496104259044 ], [ 2606934.114076286554337, -236976.149107179604471 ], [ 2606936.766006579622626, -237342.115300887264311 ], [ 2606941.359948459081352, -237976.0789560303092 ], [ 2606960.98622374702245, -240684.503560540266335 ], [ 2606972.10020000860095, -242218.231500000692904 ], [ 2605919.447063460946083, -243091.489266775548458 ], [ 2605905.318486935459077, -243103.210021461360157 ], [ 2605877.897699999623001, -243125.957700001075864 ], [ 2605890.723805163055658, -243068.892287949565798 ], [ 2605900.89356014598161, -243023.645406594034284 ], [ 2606128.487100818194449, -242011.045009662397206 ], [ 2606139.089038100093603, -241963.875279493629932 ], [ 2606140.566355229355395, -241957.302457147277892 ], [ 2606220.885221309028566, -241599.950858158525079 ], [ 2606250.192600009031594, -241469.557599996216595 ], [ 2606115.77619999833405, -240328.469399999361485 ], [ 2606065.020511510781944, -240045.746103123761714 ], [ 2606028.664436915889382, -239843.232659284956753 ], [ 2606010.190796443261206, -239740.329345474485308 ], [ 2605775.660244273021817, -238433.928961568977684 ], [ 2605534.4808, -237090.492400000337511 ], [ 2606145.841321546584368, -236155.495799661614001 ], [ 2606892.541599996387959, -235013.514600003138185 ], [ 2606997.60750000551343, -234909.698663534130901 ], [ 2607237.113336989656091, -234673.042215026915073 ], [ 2607570.784984914585948, -234343.340241333469748 ], [ 2608120.352299998514354, -233800.311099997255951 ], [ 2607789.889964736066759, -234618.451192380394787 ] ] ] } },
{ "type": "Feature", "properties": { "ID": 767, "YEAR": "2012-2013", "Perimtr_KM": 40.092713070400002, "AREA_KM": 19.470881907100001, "SCALE": 2, "THICKNES_M": 226.43352519800001, "VOLUME_KM": 4.4088604289399997, "MASS_GT": 4.0429250133399997, "RECURRANCE": "5-6", "UA_KM": 0.20046356535000001, "UH_M": 18.793982498799998, "UC_KM": 0.33734048803, "REGION": "East", "ICESHELF": "Shackleton" }, "geometry": { "type": "Polygon", "coordinates": [ [ [ 2605933.104406432248652, -219483.621160766575485 ], [ 2606109.9917215956375, -219643.390340310521424 ], [ 2606449.087162644602358, -219949.670077512972057 ], [ 2606892.725000014528632, -220350.375200000591576 ], [ 2607122.723147715441883, -220356.427786041051149 ], [ 2607136.897752604447305, -220356.800802160520107 ], [ 2607197.507774466648698, -220358.395803581923246 ], [ 2607223.166003125719726, -220359.071020485833287 ], [ 2607749.566340281628072, -220372.923668283503503 ], [ 2607783.188426936976612, -220373.80846050940454 ], [ 2607805.514985751360655, -220374.396001841407269 ], [ 2608303.233797524124384, -220387.493872254155576 ], [ 2608908.483589386567473, -220403.421506807208061 ], [ 2609039.970088187605143, -220406.881679667159915 ], [ 2609589.423353428021073, -220421.34098379034549 ], [ 2609774.233293677680194, -220426.204405851196498 ], [ 2609908.980999995023012, -220429.750400001183152 ], [ 2609930.746030232869089, -220468.443784829694778 ], [ 2610643.287599997594953, -221735.184279407840222 ], [ 2610980.545700006186962, -222334.75420000217855 ], [ 2610970.213328692130744, -223114.847830765880644 ], [ 2610968.831547612324357, -223219.172248286660761 ], [ 2610964.716426158323884, -223529.863757468294352 ], [ 2610957.561703799292445, -224070.045015895273536 ], [ 2610951.233434862457216, -224547.829073425848037 ], [ 2610949.131154948845506, -224706.551124936901033 ], [ 2610942.841850283555686, -225181.393381502944976 ], [ 2610939.584074219688773, -225427.35534691484645 ], [ 2610938.822840879671276, -225484.828434424474835 ], [ 2610938.010615544393659, -225546.15141556924209 ], [ 2610924.374775354750454, -226575.656817444134504 ], [ 2610923.010580899193883, -226678.653445648495108 ], [ 2610901.170500005595386, -228327.578700001351535 ], [ 2609713.662449108436704, -229168.326031678821892 ], [ 2609452.154099998064339, -229353.472099999897182 ], [ 2609612.027293565683067, -229138.251823407132179 ], [ 2610195.480000001378357, -228352.811500003095716 ], [ 2610162.889797931537032, -227778.313566164579242 ], [ 2610144.595321393571794, -227455.819739659782499 ], [ 2610090.634599999524653, -226504.603699993807822 ], [ 2610261.060549423098564, -225754.577403834555298 ], [ 2610439.582784885540605, -224968.920222510583699 ], [ 2610444.793604261241853, -224945.98796618822962 ], [ 2610473.780503254383802, -224818.419737515039742 ], [ 2610533.485900008119643, -224555.66269999416545 ], [ 2610478.029521585442126, -224518.344702928327024 ], [ 2610386.540471240878105, -224456.779411260038614 ], [ 2610329.30598247423768, -224418.264878849964589 ], [ 2610305.175463060848415, -224402.026843151077628 ], [ 2609443.45861928164959, -223822.155824448447675 ], [ 2609240.23209394607693, -223685.3995649847202 ], [ 2608600.374000009149313, -223254.822900001890957 ], [ 2608737.512141450308263, -222930.651233853306621 ], [ 2608774.432417927309871, -222843.377865439280868 ], [ 2608820.392468947917223, -222734.735979524441063 ], [ 2608852.343206144869328, -222659.209772136062384 ], [ 2608909.005243642255664, -222525.270177279599011 ], [ 2608928.233470722101629, -222479.81785931950435 ], [ 2608991.720653406344354, -222329.744760960806161 ], [ 2609027.745562746189535, -222244.587890962604433 ], [ 2609098.851942676119506, -222076.504282608162612 ], [ 2609156.184200003743172, -221940.980400000698864 ], [ 2608901.998355559073389, -221816.308151985518634 ], [ 2608701.885820491239429, -221718.157605254091322 ], [ 2608507.177246270701289, -221622.657575701829046 ], [ 2608295.961528277024627, -221519.061175846029073 ], [ 2608086.755521759390831, -221416.450492752250284 ], [ 2607788.733932202681899, -221270.277830747421831 ], [ 2607611.895462513901293, -221183.54267207114026 ], [ 2607098.078464979305863, -220931.527378723025322 ], [ 2606676.415100000798702, -220724.711299993097782 ], [ 2606342.071515145711601, -220995.478130828589201 ], [ 2605733.79730000346899, -221488.086599995847791 ], [ 2602607.682299997657537, -220251.452799999155104 ], [ 2599566.681299997493625, -219332.19189999718219 ], [ 2601971.951987295411527, -219295.468497743830085 ], [ 2603068.616415319032967, -219278.724748636130244 ], [ 2603711.938118398189545, -219268.90258524985984 ], [ 2603739.367459150962532, -219268.483797163702548 ], [ 2604661.671209719032049, -219254.40216726064682 ], [ 2605662.41000000666827, -219239.123000000603497 ], [ 2605933.104406432248652, -219483.621160766575485 ] ] ] } },
{ "type": "Feature", "properties": { "ID": 768, "YEAR": "2012-2013", "Perimtr_KM": 38.366522059099999, "AREA_KM": 18.522921870099999, "SCALE": 2, "THICKNES_M": 100.32911313699999, "VOLUME_KM": 1.8583883239300001, "MASS_GT": 1.70414209305, "RECURRANCE": "6-8", "UA_KM": 0.1918326103, "UH_M": 8.3273163493099993, "UC_KM": 0.14219312093, "REGION": "West", "ICESHELF": "Abbot" }, "geometry": { "type": "Polygon", "coordinates": [ [ [ -1904778.629000002052635, -125410.504599997773767 ], [ -1904767.040199994575232, -125410.753000001423061 ], [ -1904755.203599998028949, -125410.747000002767891 ], [ -1904743.10379999736324, -125410.486699999775738 ], [ -1904730.721699998481199, -125409.971799999009818 ], [ -1904707.32349999784492, -125408.261499997228384 ], [ -1904682.966699995100498, -125405.478100002743304 ], [ -1904657.172299996716902, -125401.799099998548627 ], [ -1904629.50020000198856, -125397.168099998962134 ], [ -1904603.110599999316037, -125392.188299999106675 ], [ -1904573.674199994886294, -125386.203399997670203 ], [ -1904543.927400001091883, -125379.692000003065914 ], [ -1904463.135800002608448, -125361.805599997285753 ], [ -1904438.806600001640618, -125356.610099999699742 ], [ -1904416.891699999570847, -125352.23739999672398 ], [ -1904392.0633, -125347.530399993527681 ], [ -1904368.819399999221787, -125343.627500004135072 ], [ -1904346.587899999227375, -125340.558300002012402 ], [ -1904325.3876, -125338.091700000688434 ], [ -1904300.205499999690801, -125335.835299995727837 ], [ -1904288.040000000735745, -125335.038100003264844 ], [ -1904276.12940000067465, -125334.459699992556125 ], [ -1904264.63179999566637, -125334.054100001696497 ], [ -1904253.355999998981133, -125333.866200001444668 ], [ -1904242.288499996531755, -125333.895500001963228 ], [ -1904231.418099995004013, -125334.142200000118464 ], [ -1904220.89940000185743, -125334.562799994833767 ], [ -1904210.379100000718608, -125335.246699998155236 ], [ -1904200.029500001110137, -125336.149999991990626 ], [ -1904189.8435, -125337.273100001271814 ], [ -1904179.81400000071153, -125338.616999991703779 ], [ -1904169.936299998546019, -125340.182399996556342 ], [ -1904160.385299996472895, -125341.925199993886054 ], [ -1904150.796000002417713, -125343.935800002887845 ], [ -1904121.0872, -125350.774100000504404 ], [ -1904093.948399994056672, -125357.475000003352761 ], [ -1904068.616, -125364.22749999538064 ], [ -1904044.78539999644272, -125371.113999998662621 ], [ -1904021.917599996784702, -125378.287399992812425 ], [ -1904000.383399996208027, -125385.660399998072535 ], [ -1903979.718699999386445, -125393.357799996156245 ], [ -1903960.038500001188368, -125401.359299991745502 ], [ -1903936.082500000251457, -125411.297399999573827 ], [ -1903879.126499997219071, -125433.98889999743551 ], [ -1903852.905000002123415, -125444.650200000498444 ], [ -1903825.796499996911734, -125456.160299999639392 ], [ -1903802.04949999647215, -125466.960000004153699 ], [ -1903789.308900000527501, -125473.126400001812726 ], [ -1903777.124799997545779, -125479.240499997045845 ], [ -1903765.561399996513501, -125485.322999991476536 ], [ -1903754.705800002673641, -125491.384799991268665 ], [ -1903744.261499997926876, -125497.469899999909103 ], [ -1903734.3438999960199, -125503.575500000733882 ], [ -1903724.934000000823289, -125509.712999996263534 ], [ -1903716.017999997828156, -125515.891299993731081 ], [ -1903706.913199999602512, -125522.624899995047599 ], [ -1903698.360499996924773, -125529.423799995798618 ], [ -1903690.350400001974776, -125536.295200004242361 ], [ -1903682.875799998175353, -125543.245499996934086 ], [ -1903675.929700000444427, -125550.281099997926503 ], [ -1903669.50839999713935, -125557.405699999537319 ], [ -1903663.481300002429634, -125564.6338000013493 ], [ -1903658.099199997959659, -125571.948499998543411 ], [ -1903653.101899998728186, -125579.3796999999322 ], [ -1903648.745599997462705, -125586.904100003186613 ], [ -1903644.774999996647239, -125594.545100002083927 ], [ -1903641.442400000989437, -125602.284799998626113 ], [ -1903638.492999996291474, -125610.146199993789196 ], [ -1903636.053100002231076, -125618.12099999608472 ], [ -1903634.248899999540299, -125626.200799994636327 ], [ -1903632.826200002338737, -125634.407899999525398 ], [ -1903631.923799997195601, -125642.001899995375425 ], [ -1903631.27929999679327, -125650.192899999208748 ], [ -1903630.892700001131743, -125658.98079999210313 ], [ -1903630.763800001004711, -125668.368900001980364 ], [ -1903630.519399996614084, -125677.343899991363287 ], [ -1903629.193799995817244, -125684.52069999743253 ], [ -1903629.394900002749637, -125695.069900000467896 ], [ -1903630.302399998065084, -125707.117199996486306 ], [ -1903630.843699998687953, -125712.334399995394051 ], [ -1903631.581599996890873, -125717.370699999388307 ], [ -1903632.515999995172024, -125722.226700002327561 ], [ -1903633.647200000239536, -125726.90280000353232 ], [ -1903634.806600001873448, -125731.393800001125783 ], [ -1903636.331499999156222, -125735.711299993097782 ], [ -1903638.05339999916032, -125739.850299995392561 ], [ -1903639.972600003005937, -125743.811000003479421 ], [ -1903642.089099996956065, -125747.593800001777709 ], [ -1903644.234800000442192, -125751.193799996748567 ], [ -1903646.746999999275431, -125754.622399997897446 ], [ -1903649.457299998961389, -125757.874599999282509 ], [ -1903652.197800001362339, -125760.945199992973357 ], [ -1903655.305700000841171, -125763.8455999949947 ], [ -1903658.613000001292676, -125766.570899997837842 ], [ -1903661.951700000325218, -125769.115900000557303 ], [ -1903665.656199995428324, -125771.489899993874133 ], [ -1903669.392899999395013, -125773.68459999980405 ], [ -1903673.499300000723451, -125775.711400001309812 ], [ -1903677.639199997996911, -125777.559699998702854 ], [ -1903682.150199997704476, -125779.240599994547665 ], [ -1903686.69639999885112, -125780.743699999060482 ], [ -1903691.615699995309114, -125782.080100001301616 ], [ -1903696.57209999486804, -125783.239200002513826 ], [ -1903701.902700000908226, -125784.231900001876056 ], [ -1903707.272699996596202, -125785.047999998554587 ], [ -1903718.810299999313429, -125786.172299996484071 ], [ -1903731.028799999738112, -125786.60799999255687 ], [ -1903744.280500000575557, -125786.366500002797693 ], [ -1903758.507400000933558, -125785.414199993479997 ], [ -1903773.672999999020249, -125783.752999999094754 ], [ -1903789.974100002320483, -125781.38540000282228 ], [ -1903807.111699996516109, -125778.295000002719462 ], [ -1903825.28049999801442, -125774.483499998226762 ], [ -1903844.895699997665361, -125769.946499997284263 ], [ -1903865.694799996446818, -125764.655900002922863 ], [ -1903887.788699998985976, -125758.583799997810274 ], [ -1903909.080999997910112, -125752.363399998750538 ], [ -1903931.520199997816235, -125745.450699998997152 ], [ -1903955.318500001216307, -125737.7807 ], [ -1903980.884599996265024, -125729.223299992270768 ], [ -1904032.457299998961389, -125711.31329999724403 ], [ -1904135.999299997696653, -125679.115799993742257 ], [ -1904178.695999995339662, -125666.596399998292327 ], [ -1904221.040999998338521, -125652.271100000943989 ], [ -1904258.0822, -125640.353799996431917 ], [ -1904279.587499998509884, -125633.816400000825524 ], [ -1904300.03719999617897, -125627.906999999191612 ], [ -1904319.393199997255579, -125622.629100000951439 ], [ -1904337.747200000565499, -125617.958099996671081 ], [ -1904355.197099999524653, -125613.86960000032559 ], [ -1904371.771699998527765, -125610.357700003776699 ], [ -1904387.270799999590963, -125607.613200002349913 ], [ -1904402.09619999723509, -125605.329299999866635 ], [ -1904419.55449999962002, -125603.321400003507733 ], [ -1904435.843800001544878, -125602.186999996192753 ], [ -1904443.5617999965325, -125601.946299996692687 ], [ -1904450.99999999627471, -125601.923099999316037 ], [ -1904458.161799998953938, -125602.117299999110401 ], [ -1904465.173000000184402, -125602.42879999987781 ], [ -1904471.793099996633828, -125603.058299996890128 ], [ -1904478.144299997482449, -125603.905700000934303 ], [ -1904484.229099998949096, -125604.971299999393523 ], [ -1904490.172100001014769, -125606.155199998989701 ], [ -1904495.729599998565391, -125607.658099994063377 ], [ -1904501.148499998962507, -125609.280100001487881 ], [ -1904506.184699998004362, -125611.221799996681511 ], [ -1904510.962200002046302, -125613.383600001223385 ], [ -1904515.611900003626943, -125615.669500003103167 ], [ -1904519.8814, -125618.277400000020862 ], [ -1904524.017399996053427, -125621.007199991960078 ], [ -1904527.897799994330853, -125623.95989999640733 ], [ -1904531.400600001681596, -125627.236099992413074 ], [ -1904534.771999999182299, -125630.6360999988392 ], [ -1904537.767000001855195, -125634.360899996478111 ], [ -1904540.631699999095872, -125638.210499997716397 ], [ -1904543.244000000646338, -125642.28629999794066 ], [ -1904545.603999997023493, -125646.588400002103299 ], [ -1904547.58919999958016, -125651.217700002714992 ], [ -1904549.445500002009794, -125655.974499998148531 ], [ -1904551.050400001462549, -125660.959499999415129 ], [ -1904552.403999995905906, -125666.173399998806417 ], [ -1904553.506499994546175, -125671.616699998732656 ], [ -1904553.919999999692664, -125676.679000003729016 ], [ -1904552.452299999073148, -125686.234800002072006 ], [ -1904552.659799996530637, -125699.539700000081211 ], [ -1904553.184700002195314, -125714.701099996455014 ], [ -1904553.401000001467764, -125730.025099998340011 ], [ -1904553.185699995141476, -125745.281800000928342 ], [ -1904552.663500001654029, -125760.127599992789328 ], [ -1904551.60560000105761, -125774.526499995030463 ], [ -1904550.146499999798834, -125788.173299999441952 ], [ -1904548.209199995268136, -125801.884699997492135 ], [ -1904545.847800000570714, -125815.456799992360175 ], [ -1904543.182099998928607, -125828.783699999097735 ], [ -1904539.972399997990578, -125842.076999998651445 ], [ -1904536.3386, -125855.230900003574789 ], [ -1904532.400599999818951, -125868.139500002376735 ], [ -1904527.918499995721504, -125881.014699996449053 ], [ -1904523.132099998416379, -125893.644599997904152 ], [ -1904517.801799999782816, -125906.241000003181398 ], [ -1904512.167099996702746, -125918.592099995352328 ], [ -1904506.108399994205683, -125930.803800000343472 ], [ -1904499.505600001197308, -125942.982000002171844 ], [ -1904492.59859999967739, -125954.914999995846301 ], [ -1904485.267399995820597, -125966.70850000390783 ], [ -1904477.51210000179708, -125978.362700002267957 ], [ -1904469.332699996884912, -125989.877599997445941 ], [ -1904460.72920000157319, -126001.252900002058595 ], [ -1904451.701600002124906, -126012.48900000192225 ], [ -1904442.249699996085837, -126023.585600002203137 ], [ -1904432.373799997614697, -126034.542899992782623 ], [ -1904422.073699997039512, -126045.360800002701581 ], [ -1904411.349499999312684, -126056.039199993479997 ], [ -1904400.201199997449294, -126066.578399999067187 ], [ -1904388.748599995626137, -126076.872200000099838 ], [ -1904376.752000001491979, -126087.132499998901039 ], [ -1904364.331199998501688, -126097.253500001039356 ], [ -1904354.463200000114739, -126104.931499991565943 ], [ -1904343.102699996205047, -126127.596699994988739 ], [ -1904328.229299995815381, -126156.633299997076392 ], [ -1904315.074900000821799, -126188.050700002349913 ], [ -1904302.5841, -126219.598699999507517 ], [ -1904290.75690000038594, -126251.277400000486523 ], [ -1904279.593300001230091, -126283.086899996269494 ], [ -1904269.093299996340647, -126315.026999998372048 ], [ -1904259.50169999524951, -126347.081100001465529 ], [ -1904251.438200000207871, -126376.028700003400445 ], [ -1904243.825500002363697, -126405.196600003633648 ], [ -1904236.673200001241639, -126434.549299993552268 ], [ -1904229.989900002488866, -126464.0527000031434 ], [ -1904223.539099995512515, -126493.687600000295788 ], [ -1904217.817200002726167, -126523.390200001187623 ], [ -1904212.585600001504645, -126553.144900002516806 ], [ -1904206.770700002321973, -126582.881499995943159 ], [ -1904202.427200002130121, -126612.628199991770089 ], [ -1904198.454599994933233, -126642.361399994231761 ], [ -1904194.990400000708178, -126672.030800000298768 ], [ -1904192.203799997223541, -126701.596099997870624 ], [ -1904189.765000000828877, -126731.058900001924485 ], [ -1904187.842000000411645, -126760.382899998687208 ], [ -1904186.436399997444823, -126789.545000003185123 ], [ -1904185.71539999730885, -126818.509199996013194 ], [ -1904185.347499996889383, -126847.179399994201958 ], [ -1904185.495199996745214, -126875.627600001636893 ], [ -1904185.991999997291714, -126903.84940000064671 ], [ -1904187.170000002952293, -126931.798800001386553 ], [ -1904188.862199996830896, -126959.472399999387562 ], [ -1904191.0676, -126986.855799998622388 ], [ -1904193.785199998412281, -127013.934199999086559 ], [ -1904193.413900000276044, -127038.026500003878027 ], [ -1904196.941599997226149, -127064.395699998829514 ], [ -1904201.18459999631159, -127090.470100001897663 ], [ -1904205.724400000181049, -127116.138899993617088 ], [ -1904210.975599998375401, -127141.49019999941811 ], [ -1904216.51919999695383, -127166.413700002245605 ], [ -1904222.561599995708093, -127190.950199997518212 ], [ -1904229.308400003705174, -127215.139699996914715 ], [ -1904236.340799996163696, -127238.874700000043958 ], [ -1904245.414200002793223, -127267.50359999993816 ], [ -1904254.228200001409277, -127294.194799996912479 ], [ -1904262.95020000054501, -127319.442799997981638 ], [ -1904271.659300000639632, -127343.470800003036857 ], [ -1904280.662599998060614, -127366.587899994570762 ], [ -1904289.75730000063777, -127388.751200000289828 ], [ -1904298.976899997331202, -127410.042499999515712 ], [ -1904308.3445999994874, -127430.514899998437613 ], [ -1904317.961099996697158, -127450.374299992807209 ], [ -1904327.764299998991191, -127469.478100000414997 ], [ -1904341.082299998961389, -127486.48419999377802 ], [ -1904351.297399998176843, -127504.150499997194856 ], [ -1904361.736299998592585, -127521.129100000020117 ], [ -1904372.144199999282137, -127537.404600000940263 ], [ -1904382.788800000213087, -127553.012400003615767 ], [ -1904393.676199997775257, -127567.960800000466406 ], [ -1904400.208500003209338, -127576.2931999983266 ], [ -1904407.528999996371567, -127584.70529999723658 ], [ -1904415.713599995942786, -127593.282700000796467 ], [ -1904424.920699998969212, -127602.187099997885525 ], [ -1904433.611499995691702, -127609.909499997273088 ], [ -1904443.009799998952076, -127618.295799998566508 ], [ -1904476.485100002959371, -127646.182999996934086 ], [ -1904488.758000003406778, -127656.844399997964501 ], [ -1904500.93079999438487, -127667.813200003001839 ], [ -1904511.333999996772036, -127677.980200001504272 ], [ -1904516.703200002200902, -127683.749399998225272 ], [ -1904521.914099995279685, -127689.451799992006272 ], [ -1904526.47839999711141, -127695.07519999705255 ], [ -1904530.937399994814768, -127700.691700001712888 ], [ -1904534.792000001529232, -127706.281400001607835 ], [ -1904538.569199999794364, -127711.901400002185255 ], [ -1904542.018399997614324, -127717.54239999782294 ], [ -1904544.886199999134988, -127723.192099997308105 ], [ -1904550.112899999367073, -127733.809699997771531 ], [ -1904554.770399996312335, -127745.003600004129112 ], [ -1904559.366200001444668, -127756.791700001340359 ], [ -1904563.365499994950369, -127769.090000001247972 ], [ -1904567.277200000360608, -127781.913500000722706 ], [ -1904570.562899997690693, -127795.158199996221811 ], [ -1904573.728599994909018, -127808.817200000863522 ], [ -1904576.499200002057478, -127822.802599998190999 ], [ -1904578.875600000377744, -127837.142999996431172 ], [ -1904580.563399996608496, -127851.637600003741682 ], [ -1904582.07140000234358, -127866.246199992019683 ], [ -1904583.129100000485778, -127880.847100003156811 ], [ -1904583.729499999200925, -127895.347099993843585 ], [ -1904583.867199994623661, -127909.62860000366345 ], [ -1904583.54109999560751, -127923.581699993927032 ], [ -1904584.918099996866658, -127935.421700001694262 ], [ -1904584.118700002320111, -127943.310199995990843 ], [ -1904582.933499995619059, -127951.152199996635318 ], [ -1904581.361700000241399, -127958.951699997298419 ], [ -1904579.658100003609434, -127966.805499999783933 ], [ -1904577.310399997979403, -127974.532799993176013 ], [ -1904574.572699999203905, -127982.232100000139326 ], [ -1904571.442799997748807, -127989.908699999097735 ], [ -1904568.173900000751019, -127997.661200003232807 ], [ -1904564.257799997925758, -128005.300300000235438 ], [ -1904560.197099999058992, -128013.029800002928823 ], [ -1904555.475600002799183, -128020.67280000122264 ], [ -1904550.598899998236448, -128028.423799995798618 ], [ -1904545.050699999323115, -128036.10579999210313 ], [ -1904539.33159999595955, -128043.918499992229044 ], [ -1904533.175600001355633, -128051.782999998424202 ], [ -1904526.313099999679253, -128059.623799996916205 ], [ -1904514.752099996898323, -128072.659600003622472 ], [ -1904501.613600000506267, -128085.941700003109872 ], [ -1904487.269200002774596, -128099.79340000404045 ], [ -1904471.176600003382191, -128114.386899997480214 ], [ -1904456.168599998112768, -128127.146300000138581 ], [ -1904439.268899999791756, -128141.313999997451901 ], [ -1904379.055699996650219, -128190.27239999268204 ], [ -1904355.125699996482581, -128209.59270000224933 ], [ -1904342.687499998835847, -128219.782999996561557 ], [ -1904331.236000001663342, -128229.423799995798618 ], [ -1904320.56630000192672, -128238.687899992801249 ], [ -1904310.575100001413375, -128247.665199995972216 ], [ -1904299.522799998288974, -128258.01329999929294 ], [ -1904289.226899999659508, -128268.137000000104308 ], [ -1904279.625300000887364, -128278.097599999513477 ], [ -1904270.678100002231076, -128287.936499999370426 ], [ -1904262.395199996884912, -128297.85729999653995 ], [ -1904254.7129, -128307.718799999915063 ], [ -1904247.6123, -128317.544700003229082 ], [ -1904241.028200002154335, -128327.196699996013194 ], [ -1904235.446999996900558, -128336.171900001820177 ], [ -1904229.9254, -128345.449499998707324 ], [ -1904224.399900002172217, -128354.89239999325946 ], [ -1904218.958299994003028, -128364.840100000146776 ], [ -1904206.413100000238046, -128386.129900002852082 ], [ -1904195.325099999085069, -128408.861399998888373 ], [ -1904186.11259999871254, -128428.925199993420392 ], [ -1904176.1955, -128451.509899997618049 ], [ -1904144.913799997419119, -128525.939700003247708 ], [ -1904135.875596849480644, -128546.9181720148772 ], [ -1904133.414800000842661, -128552.629900000058115 ], [ -1904121.901199999265373, -128578.121500002220273 ], [ -1904110.995400000596419, -128600.923599996604025 ], [ -1904105.27680000057444, -128612.141300001647323 ], [ -1904099.584299999754876, -128622.974699998274446 ], [ -1904093.877200000686571, -128633.285600000061095 ], [ -1904088.1473000026308, -128643.302500000689179 ], [ -1904082.36499999742955, -128652.96979999775067 ], [ -1904076.515099999494851, -128662.205699998419732 ], [ -1904070.597000000532717, -128671.222500002942979 ], [ -1904064.593999998411164, -128679.939999999478459 ], [ -1904057.173599998466671, -128690.062899996526539 ], [ -1904049.366899996995926, -128700.298899993300438 ], [ -1904041.152399995364249, -128710.572399998549372 ], [ -1904032.509300000732765, -128720.90890000294894 ], [ -1904023.423899996792898, -128731.325599999167025 ], [ -1904013.852699996670708, -128741.872599993366748 ], [ -1904003.755199999315664, -128752.594199997372925 ], [ -1903993.075599999399856, -128763.651499999221414 ], [ -1903973.250599995721132, -128783.175200002267957 ], [ -1903950.679, -128804.411299997474998 ], [ -1903927.775699998252094, -128825.305599991232157 ], [ -1903865.189500001259148, -128877.971899999771267 ], [ -1903847.558300001779571, -128894.030400001909584 ], [ -1903831.930599994724616, -128908.63359999936074 ], [ -1903814.611299994634464, -128925.350599999073893 ], [ -1903798.812800001585856, -128941.286799994297326 ], [ -1903784.245299995178357, -128956.701999998651445 ], [ -1903770.740100000984967, -128971.842900003306568 ], [ -1903731.378099996363744, -129017.769400001969188 ], [ -1903694.878800003090873, -129061.475899999495596 ], [ -1903660.695300000254065, -129103.588200001511723 ], [ -1903644.373799996217713, -129124.19929999532178 ], [ -1903628.544799999799579, -129144.488199998158962 ], [ -1903613.1218, -129164.599000002723187 ], [ -1903598.132800003979355, -129184.527499992866069 ], [ -1903583.582099997904152, -129204.206900001037866 ], [ -1903569.446600002702326, -129223.699000003281981 ], [ -1903555.702400001231581, -129243.066799998749048 ], [ -1903542.352599997539073, -129262.27640000032261 ], [ -1903526.942799997515976, -129277.466599994339049 ], [ -1903515.733582484070212, -129294.325015579350293 ], [ -1903514.373399999691173, -129296.37070000031963 ], [ -1903502.110099998302758, -129315.224900002125651 ], [ -1903490.193399994866922, -129334.028100001625717 ], [ -1903478.644099995493889, -129352.719999991822988 ], [ -1903467.458099995972589, -129371.307599997613579 ], [ -1903456.63090000115335, -129389.798300003632903 ], [ -1903446.133600001689047, -129408.26509999204427 ], [ -1903435.989199999254197, -129426.645100003108382 ], [ -1903426.195199997862801, -129444.943199996370822 ], [ -1903416.746599998325109, -129463.168800002895296 ], [ -1903407.644000002415851, -129481.321 ], [ -1903398.885399996535853, -129499.403599997982383 ], [ -1903390.469200000399724, -129517.420099992770702 ], [ -1903382.393799999030307, -129535.37409999826923 ], [ -1903374.657899999292567, -129553.2682000012137 ], [ -1903367.26029999833554, -129571.105300003662705 ], [ -1903360.21590000204742, -129588.858999999240041 ], [ -1903350.939199999673292, -129613.589000002015382 ], [ -1903342.022300001932308, -129639.029599994886667 ], [ -1903333.454099999275059, -129665.21159999538213 ], [ -1903325.221900002099574, -129692.174400000367314 ], [ -1903317.316099997842684, -129719.947000002954155 ], [ -1903307.173700001789257, -129746.704300003126264 ], [ -1903299.877099998528138, -129776.286199998576194 ], [ -1903292.812099998584017, -129806.964599994011223 ], [ -1903286.185100001515821, -129837.938599998597056 ], [ -1903279.75239999522455, -129870.162499994505197 ], [ -1903273.476300002541393, -129903.822000000625849 ], [ -1903267.266099996864796, -129939.280400002840906 ], [ -1903261.229599999031052, -129976.12239999929443 ], [ -1903255.086999999824911, -130015.838900001719594 ], [ -1903248.651299994206056, -130059.445599997416139 ], [ -1903241.27110000164248, -130111.686999998055398 ], [ -1903237.380399998277426, -130140.441499998327345 ], [ -1903233.773300000233576, -130169.170999997295439 ], [ -1903226.358800001209602, -130195.082299998495728 ], [ -1903223.2668, -130223.850599999539554 ], [ -1903220.380199998850003, -130252.715399995911866 ], [ -1903217.744499997468665, -130281.607599997892976 ], [ -1903215.405399998184294, -130310.458600000012666 ], [ -1903213.271899994462729, -130339.405999992508441 ], [ -1903211.389299997361377, -130368.380999993998557 ], [ -1903209.757699997862801, -130397.383400001097471 ], [ -1903208.377099995967001, -130426.413500001654029 ], [ -1903207.247599996393546, -130455.471099992282689 ], [ -1903206.414600001415238, -130484.487399991601706 ], [ -1903205.786999999079853, -130513.600100001785904 ], [ -1903205.410499999299645, -130542.740400000475347 ], [ -1903205.284999997122213, -130571.908199996221811 ], [ -1903205.410499999299645, -130601.103500002529472 ], [ -1903202.222800000105053, -130628.370800003409386 ], [ -1903202.850400002440438, -130657.621299993246794 ], [ -1903203.728899997426197, -130686.899300000630319 ], [ -1903204.858399996999651, -130716.204900003504008 ], [ -1903206.227799998596311, -130745.582300000824034 ], [ -1903207.859399998094887, -130774.943000002298504 ], [ -1903209.741999995429069, -130804.331299999263138 ], [ -1903211.875499998917803, -130833.747100000269711 ], [ -1903214.260099998209625, -130863.190399997867644 ], [ -1903216.884599999524653, -130892.705600002314895 ], [ -1903219.771200000774115, -130922.204100003931671 ], [ -1903222.908799999626353, -130951.73009999608621 ], [ -1903226.286300000501797, -130981.327799998689443 ], [ -1903229.925900001544505, -131010.908999994862825 ], [ -1903233.805500002577901, -131040.561899994499981 ], [ -1903253.2375, -130885.015300000086427 ], [ -1903257.034899996360764, -130907.36350000044331 ], [ -1903261.136900000274181, -130929.579800000879914 ], [ -1903265.532299997517839, -130951.708299997262657 ], [ -1903270.2436, -130973.660499998368323 ], [ -1903275.248300002887845, -130995.524900001939386 ], [ -1903280.568899997510016, -131017.213100001681596 ], [ -1903286.182799994712695, -131038.813600001391023 ], [ -1903292.101399996783584, -131060.281900001689792 ], [ -1903294.121299997670576, -131072.495800001546741 ], [ -1903297.00889999861829, -131084.886999996379018 ], [ -1903301.616700000828132, -131097.768600000999868 ], [ -1903306.610300001455471, -131110.606800003442913 ], [ -1903311.986799999140203, -131123.497700000181794 ], [ -1903317.755199998617172, -131136.360700001008809 ], [ -1903323.914099994814023, -131149.294199996162206 ], [ -1903330.471100000664592, -131162.26359999878332 ], [ -1903337.420700001064688, -131175.260000002104789 ], [ -1903344.781899997731671, -131188.269999997224659 ], [ -1903352.556900000432506, -131201.39699999243021 ], [ -1903360.757499996339902, -131214.611599996685982 ], [ -1903369.391800002427772, -131227.926899997983128 ], [ -1903378.478599997935817, -131241.323100003413856 ], [ -1903388.030900000361726, -131254.868399993516505 ], [ -1903398.069299999624491, -131268.591900000348687 ], [ -1903415.145999998785555, -131290.930799995083362 ], [ -1903433.6646, -131313.995299997273833 ], [ -1903453.8376, -131338.070700003765523 ], [ -1903476.057699996978045, -131363.626100001856685 ], [ -1903495.863699998240918, -131385.762400000356138 ], [ -1903518.253199996426702, -131410.258599997032434 ], [ -1903592.831999995280057, -131490.323300001677126 ], [ -1903615.178099998040125, -131510.112197927199304 ], [ -1904351.987844234332442, -132162.604257740080357 ], [ -1907160.796599998371676, -134649.983699993230402 ], [ -1906301.679600001312792, -135921.409999998286366 ], [ -1905989.977599996840581, -136385.694300000090152 ], [ -1905973.799400001997128, -136402.578299995977432 ], [ -1905957.200200000312179, -136419.627900002989918 ], [ -1905940.278999996604398, -136436.652800003066659 ], [ -1905922.983199994778261, -136453.751300001516938 ], [ -1905905.637900000670925, -136466.843100002035499 ], [ -1905887.572500001406297, -136481.422599998768419 ], [ -1905869.111799995880574, -136498.813399999868125 ], [ -1905830.982399999396876, -136533.930000000167638 ], [ -1905791.268099999055266, -136569.392400001641363 ], [ -1905749.813199996715412, -136605.373899999074638 ], [ -1905714.420000002952293, -136635.727999999187887 ], [ -1905702.973299995064735, -136645.277099999599159 ], [ -1905692.582999998703599, -136653.69270000141114 ], [ -1905682.003199994098395, -136661.952299997676164 ], [ -1905671.9418, -136669.459999998565763 ], [ -1905662.244600001024082, -136676.331400000490248 ], [ -1905652.828199997311458, -136682.625399997923523 ], [ -1905643.091099998448044, -136688.610999998636544 ], [ -1905632.9052000020165, -136694.161899995990098 ], [ -1905622.254599995678291, -136699.286800001747906 ], [ -1905611.195099998265505, -136703.95379999326542 ], [ -1905599.634200000204146, -136708.212499994784594 ], [ -1905587.530900003621355, -136712.078600002452731 ], [ -1905574.846299994969741, -136715.564599995967001 ], [ -1905561.525299995671958, -136718.68610000051558 ], [ -1905547.577799998689443, -136721.416599998250604 ], [ -1905532.744599998695776, -136723.861499998252839 ], [ -1905517.04750000173226, -136725.959299996960908 ], [ -1905500.082300001289696, -136727.828600002918392 ], [ -1905483.534599998034537, -136729.271700001321733 ], [ -1905464.979699997464195, -136730.631099998019636 ], [ -1905394.966500000795349, -136734.539799997583032 ], [ -1905365.94479999714531, -136736.540199992246926 ], [ -1905350.334499998250976, -136737.952299997210503 ], [ -1905335.980599999427795, -136739.487700002267957 ], [ -1905322.44230000092648, -136741.262499992735684 ], [ -1905309.653800000203773, -136743.254399992991239 ], [ -1905294.440599997993559, -136746.106499998364598 ], [ -1905280.177200002362952, -136749.31399999698624 ], [ -1905266.605100000742823, -136752.985199992079288 ], [ -1905253.734899998642504, -136757.096299991942942 ], [ -1905241.495099995518103, -136761.671700002625585 ], [ -1905229.864700002828613, -136766.720599998254329 ], [ -1905218.887800001772121, -136772.21539999730885 ], [ -1905208.38560000131838, -136778.252600001171231 ], [ -1905196.0412, -136786.198999997694045 ], [ -1905183.731699999887496, -136794.851200001779944 ], [ -1905171.432199997361749, -136804.226999999955297 ], [ -1905159.127299997489899, -136814.356499996967614 ], [ -1905146.779700001003221, -136825.249400003347546 ], [ -1905134.324500000337139, -136836.961099998559803 ], [ -1905121.705100000137463, -136849.544800000730902 ], [ -1905108.8536, -136863.090500003192574 ], [ -1905098.354099998250604, -136874.639100003521889 ], [ -1905087.543400003109127, -136886.959399991668761 ], [ -1905076.389599999180064, -136899.831200001295656 ], [ -1905064.98620000272058, -136912.131299991626292 ], [ -1905043.463999999454245, -136937.906799999065697 ], [ -1904987.911399997305125, -137008.932399996556342 ], [ -1904971.85819999454543, -137028.860600000247359 ], [ -1904957.235700000543147, -137046.369199992157519 ], [ -1904941.107700003776699, -137065.745200002100319 ], [ -1904924.990399997215718, -137085.825900001451373 ], [ -1904908.928599994862452, -137106.671999996993691 ], [ -1904892.799299997743219, -137128.322199998423457 ], [ -1904876.653299998259172, -137150.830599999055266 ], [ -1904860.323800002923235, -137174.299000000115484 ], [ -1904843.812699999660254, -137198.856199997011572 ], [ -1904826.925799995660782, -137224.654000000096858 ], [ -1904813.06, -137246.452500002924353 ], [ -1904798.724900000961497, -137269.377300003077835 ], [ -1904783.811500002862886, -137293.673700000159442 ], [ -1904768.071100001456216, -137319.818599998019636 ], [ -1904740.595699995523319, -137367.845699998550117 ], [ -1904671.058199999388307, -137486.418699997477233 ], [ -1904651.808499995386228, -137518.617899999953806 ], [ -1904634.249999999301508, -137547.444299992639571 ], [ -1904615.307099997997284, -137577.922699992544949 ], [ -1904597.227499999338761, -137606.286400001961738 ], [ -1904579.721099996007979, -137633.061299999710172 ], [ -1904562.590699996100739, -137658.411599998828024 ], [ -1904543.959700001170859, -137685.066799996886402 ], [ -1904525.540300000458956, -137710.495200003497303 ], [ -1904507.20130000053905, -137734.745800000615418 ], [ -1904488.888700000243261, -137757.955499992705882 ], [ -1904470.52259999490343, -137780.224699996877462 ], [ -1904451.812199998879805, -137801.263699998147786 ], [ -1904433.178499998524785, -137819.776900002267212 ], [ -1904414.467200000537559, -137838.767000002320856 ], [ -1904389.073299996322021, -137864.577399997040629 ], [ -1904365.279600000241771, -137888.400600003544241 ], [ -1904342.567199998302385, -137910.656600001268089 ], [ -1904320.681000002427027, -137931.806400001980364 ], [ -1904299.331800000742078, -137952.129400001838803 ], [ -1904278.50010000099428, -137971.641099994070828 ], [ -1904258.069000000366941, -137990.226099999621511 ], [ -1904237.9702, -138007.946500001940876 ], [ -1904217.968099997844547, -138025.126099993474782 ], [ -1904198.223099996335804, -138041.617900000419468 ], [ -1904178.6961, -138057.455300000496209 ], [ -1904159.378699998371303, -138072.763499994762242 ], [ -1904140.193499996792525, -138087.368399998173118 ], [ -1904121.14680000138469, -138101.382100003305823 ], [ -1904102.218400000128895, -138114.819699998013675 ], [ -1904083.392000003252178, -138127.693199993111193 ], [ -1904061.882900001714006, -138141.80160000314936 ], [ -1904039.635999999707565, -138155.713899998459965 ], [ -1904016.617699996801093, -138169.451500000432134 ], [ -1903992.78499999595806, -138183.040399995166808 ], [ -1903968.107000001939014, -138196.499299999326468 ], [ -1903942.47850000183098, -138209.774799991864711 ], [ -1903915.865600001532584, -138223.108999997843057 ], [ -1903888.144399999408051, -138236.211199995130301 ], [ -1903860.291899999370798, -138247.5921 ], [ -1903831.219200000399724, -138259.401700002606958 ], [ -1903800.477299995720387, -138271.471200002357364 ], [ -1903768.045499996980652, -138284.808399993926287 ], [ -1903734.770799996564165, -138298.465099998284131 ], [ -1903698.031399998581037, -138313.233200001530349 ], [ -1903595.993900002911687, -138353.175399993080646 ], [ -1903541.406800003489479, -138374.138399997726083 ], [ -1903488.277899996377528, -138393.869100001640618 ], [ -1903436.403999998001382, -138412.443899993319064 ], [ -1903385.670899996999651, -138430.04419999755919 ], [ -1906973.2773999995552, -137585.301899991929531 ], [ -1907767.029, -133947.273800002876669 ], [ -1904922.752499998081475, -131036.851300003007054 ], [ -1904856.606499999761581, -128721.742499992717057 ], [ -1906576.401599999284372, -126671.217599997762591 ], [ -1905096.857299999566749, -125311.534899999387562 ], [ -1905082.550500001758337, -125318.251499997917563 ], [ -1905067.484699998516589, -125325.09909999370575 ], [ -1905052.858399994671345, -125331.382300003431737 ], [ -1905037.469799999380484, -125337.751199999824166 ], [ -1905021.168899998767301, -125344.359800002072006 ], [ -1905003.801199997542426, -125351.091199994552881 ], [ -1904969.946699995081872, -125363.703600003384054 ], [ -1904901.858099999604747, -125388.331500004045665 ], [ -1904892.541499997721985, -125391.598799993284047 ], [ -1904883.070000001462176, -125394.59889999916777 ], [ -1904873.439599998295307, -125397.33329999120906 ], [ -1904863.645700001623482, -125399.803300003986806 ], [ -1904853.684099995763972, -125402.010000000242144 ], [ -1904843.548699998063967, -125403.954799999948591 ], [ -1904833.233300000429153, -125405.638999995775521 ], [ -1904822.731400000629947, -125407.063799996860325 ], [ -1904812.047099995892495, -125408.228900003246963 ], [ -1904801.122499997261912, -125409.243199998978525 ], [ -1904789.986699996050447, -125410.001600002869964 ], [ -1904778.629000002052635, -125410.504599997773767 ] ] ] } },
{ "type": "Feature", "properties": { "ID": 769, "YEAR": "2012-2013", "Perimtr_KM": 16.822231627499999, "AREA_KM": 11.4865592395, "SCALE": 2, "THICKNES_M": 214.747779528, "VOLUME_KM": 2.4667130911, "MASS_GT": 2.2619759045399999, "RECURRANCE": "4-5", "UA_KM": 0.08411115814, "UH_M": 17.8240656129, "UC_KM": 0.18873861203, "REGION": "West", "ICESHELF": "Abbot" }, "geometry": { "type": "Polygon", "coordinates": [ [ [ -1902511.20489999698475, -109874.885499996133149 ], [ -1904261.292800002964213, -110597.74790000077337 ], [ -1906047.233900000574067, -109539.412500003352761 ], [ -1907237.861300001386553, -105636.800499998964369 ], [ -1906227.645399996079504, -104307.840099994558841 ], [ -1905344.431800001300871, -105293.751399994827807 ], [ -1905114.7377, -107602.205200000666082 ], [ -1902580.170700000599027, -109775.503400003537536 ], [ -1902511.20489999698475, -109874.885499996133149 ] ] ] } },
{ "type": "Feature", "properties": { "ID": 770, "YEAR": "2012-2013", "Perimtr_KM": 9.8987502806300007, "AREA_KM": 2.92170448263, "SCALE": 1, "THICKNES_M": 99.4267245785, "VOLUME_KM": 0.29049550688999998, "MASS_GT": 0.26638437982000002, "RECURRANCE": "4-5", "UA_KM": 0.0494937514, "UH_M": 8.2524180993199998, "UC_KM": 0.02222703523, "REGION": "West", "ICESHELF": "Abbot" }, "geometry": { "type": "Polygon", "coordinates": [ [ [ -1897397.072000002022833, -87314.877899999264628 ], [ -1900424.826799996895716, -90337.697699994780123 ], [ -1900424.826799996895716, -90216.591930945403874 ], [ -1900424.826799996895716, -88703.433300001081079 ], [ -1897371.617781963665038, -87017.33278018143028 ], [ -1897266.823299999814481, -86959.461199996061623 ], [ -1897397.072000002022833, -87314.877899999264628 ] ] ] } },
{ "type": "Feature", "properties": { "ID": 771, "YEAR": "2012-2013", "Perimtr_KM": 26.1927687598, "AREA_KM": 17.103242096900001, "SCALE": 2, "THICKNES_M": 226.60035776000001, "VOLUME_KM": 3.8756007780099999, "MASS_GT": 3.5539259134400001, "RECURRANCE": "2-3", "UA_KM": 0.1309638438, "UH_M": 18.8078296013, "UC_KM": 0.29653854526000001, "REGION": "West", "ICESHELF": "Abbot" }, "geometry": { "type": "Polygon", "coordinates": [ [ [ -1900183.442099999869242, -70814.283499994315207 ], [ -1900177.819299996132031, -70823.838999998290092 ], [ -1900171.915100002894178, -70833.209599995054305 ], [ -1900155.670000000623986, -70862.031700001563877 ], [ -1900150.300599999260157, -70870.198800001759082 ], [ -1900145.498800000175834, -70878.157999992836267 ], [ -1900139.74810000276193, -70886.984199998434633 ], [ -1900133.873799998080358, -70893.973499995656312 ], [ -1900128.17850000038743, -70901.075699996668845 ], [ -1900122.194999997271225, -70906.560300001874566 ], [ -1900111.092799996491522, -70916.549500002525747 ], [ -1900099.586899999529123, -70926.163099998608232 ], [ -1900087.676800002809614, -70935.401399997528642 ], [ -1900075.3628, -70944.263999999966472 ], [ -1900062.644899998325855, -70952.75129999872297 ], [ -1900049.522999999579042, -70960.862999998964369 ], [ -1900038.273499997565523, -70967.123499993700534 ], [ -1900035.697200001683086, -70968.25060000224039 ], [ -1900005.247099996078759, -70980.144800000358373 ], [ -1899974.899499997962266, -70991.557500002440065 ], [ -1899945.064399996073917, -71004.288700001779944 ], [ -1899915.33169999695383, -71016.537999999243766 ], [ -1899886.111500000813976, -71030.106100001838058 ], [ -1899857.060199995758012, -71044.067099992185831 ], [ -1899827.69599999813363, -71057.469599997159094 ], [ -1899800.128699997439981, -71075.687099993694574 ], [ -1899773.511300001526251, -71096.071199991274625 ], [ -1899746.972800003364682, -71116.011600001715124 ], [ -1899720.575900001684204, -71137.297499996609986 ], [ -1899694.303800003137439, -71158.153299995698035 ], [ -1899668.5219999961555, -71180.276000002399087 ], [ -1899642.26139999832958, -71198.821800000499934 ], [ -1899616.226199995959178, -71217.462100000586361 ], [ -1899588.611500000348315, -71236.212999998126179 ], [ -1899560.736200001323596, -71256.91379999788478 ], [ -1899532.279899997636676, -71279.053500000853091 ], [ -1899503.040699999080971, -71302.805399995762855 ], [ -1899472.800600000424311, -71327.163499998860061 ], [ -1899441.371599996695295, -71354.677200003527105 ], [ -1899407.630200000479817, -71384.00719999242574 ], [ -1899370.103600000962615, -71417.799800000153482 ], [ -1899351.411599999526516, -71434.370000001508743 ], [ -1899332.916600000811741, -71452.354300000704825 ], [ -1899314.055300002917647, -71469.886200001928955 ], [ -1899294.513400000985712, -71486.891300002112985 ], [ -1899275.643199996324256, -71506.426899997983128 ], [ -1899256.333499999018386, -71526.144999996293336 ], [ -1899236.779199994634837, -71546.383000001776963 ], [ -1899217.233199995942414, -71567.839400002267212 ], [ -1899197.391899995040148, -71589.291200002655387 ], [ -1899177.366099998820573, -71611.902999999001622 ], [ -1899157.160899996757507, -71635.190900003537536 ], [ -1899136.614299998385832, -71659.828599999193102 ], [ -1899115.381799996830523, -71685.113100002054125 ], [ -1899093.364400000777096, -71711.757499998901039 ], [ -1899045.992699999827892, -71770.224299997091293 ], [ -1899032.418800001265481, -71787.470999998506159 ], [ -1899018.802899998845533, -71805.26209999807179 ], [ -1899005.116099996492267, -71823.636999991722405 ], [ -1898991.320799994980916, -71842.64789999788627 ], [ -1898977.393300000345334, -71862.327399997506291 ], [ -1898963.257399999769405, -71882.785899997223169 ], [ -1898948.845500000286847, -71904.123899998608977 ], [ -1898933.518700001994148, -71925.249900000635535 ], [ -1898912.116599996574223, -71972.161600003484637 ], [ -1898894.014899998204783, -72038.025899997912347 ], [ -1898876.861600001342595, -72100.453599993605167 ], [ -1898818.956099999137223, -72203.794700001366436 ], [ -1898787.391499997349456, -72249.074799998197705 ], [ -1898757.759999998379499, -72292.363600002601743 ], [ -1898730.246199995744973, -72330.913099997211248 ], [ -1898704.595199997536838, -72365.18439999781549 ], [ -1898692.041900000767782, -72381.383600001689047 ], [ -1898679.616300001507625, -72397.03749999916181 ], [ -1898666.783900001784787, -72412.027200000826269 ], [ -1898654.021400002064183, -72426.553199999500066 ], [ -1898641.306100001093, -72440.646999998018146 ], [ -1898628.619599997764453, -72454.333499999716878 ], [ -1898616.96830000076443, -72466.513000002130866 ], [ -1898608.271599996602163, -72486.138099994976074 ], [ -1898598.739300003275275, -72504.310000000521541 ], [ -1898589.462499996414408, -72523.945099997334182 ], [ -1898579.338500001700595, -72542.140800002031028 ], [ -1898569.455899998312816, -72561.816199997439981 ], [ -1898558.160799998557195, -72578.616899997461587 ], [ -1898545.44370000064373, -72592.553399997297674 ], [ -1898532.410399996908382, -72606.525900002103299 ], [ -1898519.030099996598437, -72620.567800003569573 ], [ -1898491.285500001395121, -72649.022799999918789 ], [ -1898461.848499995889142, -72677.843200000934303 ], [ -1898430.743399995611981, -72707.434700001962483 ], [ -1898403.651599999517202, -72730.578299997840077 ], [ -1898373.662499998463318, -72751.788699992466718 ], [ -1898342.384200000669807, -72775.319200004916638 ], [ -1898308.123199998401105, -72799.146099996287376 ], [ -1898278.118999995989725, -72820.735599991865456 ], [ -1898244.110399996396154, -72843.640499994624406 ], [ -1898132.125799995148554, -72925.978999991901219 ], [ -1898097.348599998047575, -72970.924400003626943 ], [ -1898062.249300000956282, -73014.704899998381734 ], [ -1898027.708999999798834, -73047.901000001467764 ], [ -1897990.009300000732765, -73080.97379999794066 ], [ -1897955.261500002350658, -73112.429099996574223 ], [ -1897922.619599998928607, -73142.74110000114888 ], [ -1897907.018999997060746, -73157.603199996519834 ], [ -1897891.950999998720363, -73172.280300000216812 ], [ -1897875.656299999449402, -73188.429199994076043 ], [ -1897859.86600000038743, -73204.439399999566376 ], [ -1897844.626300000585616, -73220.314199996646494 ], [ -1897829.772599995136261, -73236.12029999634251 ], [ -1897815.355299998307601, -73251.858100003562868 ], [ -1897801.362499997252598, -73267.540499997790903 ], [ -1897787.780499995918944, -73283.183099997229874 ], [ -1897774.597800000105053, -73298.798899997957051 ], [ -1897761.862099998164922, -73314.394899999722838 ], [ -1897749.522399995243177, -73329.682099998928607 ], [ -1897737.642599999206141, -73344.647999995388091 ], [ -1897726.128400003304705, -73359.629699999000877 ], [ -1897714.972399997059256, -73374.636999991722405 ], [ -1897704.062100002542138, -73389.797199998982251 ], [ -1897693.428899997845292, -73405.366099995095283 ], [ -1897683.139500000979751, -73420.981099999044091 ], [ -1897674.971299996133894, -73433.83319999370724 ], [ -1897666.81290000025183, -73447.04939999897033 ], [ -1897650.431800001533702, -73474.539800001773983 ], [ -1897633.819600002840161, -73504.306400001980364 ], [ -1897616.802999994717538, -73536.434899993706495 ], [ -1897600.72560000163503, -73567.915299998130649 ], [ -1897583.380899995099753, -73603.149300004821271 ], [ -1897565.974800003925338, -73639.224399995990098 ], [ -1897519.082699997816235, -73737.739200000185519 ], [ -1897504.565299998503178, -73767.242099999915808 ], [ -1897491.179300000425428, -73794.181099999230355 ], [ -1897475.475599996745586, -73824.52279999665916 ], [ -1897460.432699997210875, -73852.932600000407547 ], [ -1897445.738699995679781, -73879.446900001261383 ], [ -1897431.406400000210851, -73905.575500001665205 ], [ -1897423.73039999557659, -73919.883200001902878 ], [ -1897415.602999999420717, -73933.524199996609241 ], [ -1897398.132799997460097, -73960.475200000219047 ], [ -1897379.054400003049523, -73988.549299999140203 ], [ -1897358.003800003090873, -74018.169099994469434 ], [ -1897338.77169999666512, -74044.233399995137006 ], [ -1897317.52070349920541, -74072.40498307812959 ], [ -1897317.00539999618195, -74073.088100002612919 ], [ -1897295.528799997409806, -74101.063199996948242 ], [ -1897241.150600000284612, -74171.313000002410263 ], [ -1897212.113399996655062, -74209.416399998124689 ], [ -1897196.195799998706207, -74227.599099998362362 ], [ -1897179.513900002697483, -74240.941700001247227 ], [ -1897163.730799997923896, -74253.373799995519221 ], [ -1897149.95909999939613, -74267.530399997252971 ], [ -1897135.968299997970462, -74286.758900003507733 ], [ -1897122.83789999759756, -74305.446799994446337 ], [ -1897110.487399999750778, -74323.718199994415045 ], [ -1897098.864799995906651, -74341.656699993181974 ], [ -1897088.146899997256696, -74359.832299997564405 ], [ -1897078.085099997930229, -74377.800299999304116 ], [ -1897068.84180000051856, -74395.996899998746812 ], [ -1897060.091899998718873, -74413.715399999637157 ], [ -1897054.375999997602776, -74426.43749999627471 ], [ -1897048.58479999913834, -74439.425900001544505 ], [ -1897042.912300000432879, -74453.49179999763146 ], [ -1897037.167699999641627, -74468.459000001195818 ], [ -1897030.25139999948442, -74483.110800002701581 ], [ -1897022.93419999955222, -74499.581200002226979 ], [ -1896995.724200000287965, -74571.365699999965727 ], [ -1896983.3125, -74602.317299997899681 ], [ -1896976.666199999861419, -74620.09789999620989 ], [ -1896969.315799997653812, -74634.683200002182275 ], [ -1896960.703000003937632, -74646.664100000634789 ], [ -1896951.187000000616536, -74655.942500001750886 ], [ -1896935.352900000754744, -74669.444500001147389 ], [ -1896917.529200000688434, -74681.705500002019107 ], [ -1896900.393699997104704, -74698.424599999096245 ], [ -1896878.78919999813661, -74711.04899999126792 ], [ -1896860.618099996354431, -74727.172600004356354 ], [ -1896844.545999995665625, -74752.713699997868389 ], [ -1896828.322799997404218, -74778.035199992824346 ], [ -1896784.936099999584258, -74844.974299999885261 ], [ -1896761.232099995948374, -74882.878799997735769 ], [ -1896748.840799996629357, -74903.43119999859482 ], [ -1896737.572999997995794, -74922.791000002995133 ], [ -1896727.059999995864928, -74941.433099993038923 ], [ -1896717.492899999488145, -74959.348100000526756 ], [ -1896701.124499997356907, -74990.970799993723631 ], [ -1896685.192699999781325, -75022.64029999403283 ], [ -1896669.531599994516, -75054.419200002681464 ], [ -1896656.232499999227002, -75089.926099997013807 ], [ -1896650.107099998975173, -75138.504500003065914 ], [ -1896644.269199998117983, -75187.230299995280802 ], [ -1896638.718399998499081, -75236.103700002655387 ], [ -1896632.545000002253801, -75283.256699999328703 ], [ -1896619.44639999885112, -75317.918600001372397 ], [ -1896605.931899999035522, -75350.908499994315207 ], [ -1896591.584199994802475, -75382.286999999079853 ], [ -1896577.523899998748675, -75413.812999994494021 ], [ -1896563.750799994915724, -75445.486500000581145 ], [ -1896550.265199997695163, -75477.30729999486357 ], [ -1896536.363500001141801, -75507.456300002522767 ], [ -1896523.45259999553673, -75539.571999999694526 ], [ -1896540.931800002232194, -75507.645799997262657 ], [ -1896541.306600003037602, -75519.6428999947384 ], [ -1896541.244600003352389, -75531.509900003205985 ], [ -1896540.745699998689815, -75543.246699997689575 ], [ -1896540.041899997275323, -75554.760500001721084 ], [ -1896539.017100000753999, -75566.097899992950261 ], [ -1896537.555399998789653, -75577.304999998770654 ], [ -1896534.83769999537617, -75586.608899997547269 ], [ -1896532.50230000144802, -75597.555700000841171 ], [ -1896530.151000002166256, -75606.102900001686066 ], [ -1896527.122300001094118, -75614.867299996316433 ], [ -1896522.67960000038147, -75622.123299994040281 ], [ -1896518.150800000643358, -75631.691500001586974 ], [ -1896513.896600001491606, -75639.901199993677437 ], [ -1896508.144999995362014, -75647.153899997938424 ], [ -1896492.266399995191023, -75679.666300000157207 ], [ -1896487.52219999814406, -75693.537599998060614 ], [ -1896484.114299998385832, -75709.01429999852553 ], [ -1896480.894599999766797, -75721.818699997849762 ], [ -1896471.7213, -75742.05499999737367 ], [ -1896462.828800002112985, -75763.203300002031028 ], [ -1896454.092499998630956, -75785.688900003675371 ], [ -1896445.362999997800216, -75809.897999999579042 ], [ -1896437.590300002368167, -75832.966299998108298 ], [ -1896429.387499997159466, -75858.488899999298155 ], [ -1896421.44000000320375, -75884.182300000451505 ], [ -1896400.689100002869964, -75952.572900002356619 ], [ -1896388.465499998768792, -75991.081099998671561 ], [ -1896380.304200001293793, -76008.594999996945262 ], [ -1896371.726799997966737, -76022.827599995303899 ], [ -1896362.563099997350946, -76034.372200003359467 ], [ -1896354.536399998003617, -76048.394299991428852 ], [ -1896332.474599999841303, -76103.033599995542318 ], [ -1896316.081499997060746, -76158.194200004916638 ], [ -1896299.267499999143183, -76207.074599997140467 ], [ -1896281.358199996640906, -76249.666199999861419 ], [ -1896272.848499997751787, -76271.183999998960644 ], [ -1896264.38269999762997, -76292.130199996754527 ], [ -1896255.023200003430247, -76310.751900000032037 ], [ -1896246.577399998903275, -76330.69170000217855 ], [ -1896238.111200000392273, -76350.187900001183152 ], [ -1896229.614400000544265, -76369.25889999885112 ], [ -1896221.074199998518452, -76387.928199992515147 ], [ -1896211.566699996823445, -76404.412600002717227 ], [ -1896201.874799997312948, -76423.699400003068149 ], [ -1896190.417499997420236, -76444.693300002720207 ], [ -1896179.355000000679865, -76464.641100002918392 ], [ -1896148.244099997682497, -76500.110900001134723 ], [ -1896132.766299999319017, -76516.983200000599027 ], [ -1896118.904399998020381, -76533.182200001552701 ], [ -1896106.835199998458847, -76547.868299996014684 ], [ -1896100.595600000815466, -76554.678299999330193 ], [ -1896095.1342, -76563.954699994064867 ], [ -1896088.747900002170354, -76571.538699998985976 ], [ -1896083.113999996101484, -76582.400999997276813 ], [ -1896076.7029, -76611.385299997404218 ], [ -1896056.175599998096004, -76667.039900003466755 ], [ -1896050.228300002869219, -76680.858299997635186 ], [ -1896044.632699995767325, -76693.203499996103346 ], [ -1896038.640599999809638, -76705.737799996975809 ], [ -1896032.681499996688217, -76717.347599999979138 ], [ -1896026.694399992935359, -76728.251600001938641 ], [ -1896020.592599995434284, -76738.511599999852479 ], [ -1896015.493399997008964, -76746.458700002171099 ], [ -1896009.492700001690537, -76755.134500002488494 ], [ -1895989.060199995990843, -76782.969000000040978 ], [ -1895981.85520000057295, -76793.091499998234212 ], [ -1895975.254299995489419, -76803.055299999658018 ], [ -1895969.744100001640618, -76812.306700000073761 ], [ -1895963.748, -76823.753799999598414 ], [ -1895958.1949, -76836.055000001098961 ], [ -1895952.994699997128919, -76849.299100001808256 ], [ -1895948.083000000566244, -76863.769499991554767 ], [ -1895944.133400001563132, -76876.919399997685105 ], [ -1895940.095099996309727, -76891.701499997638166 ], [ -1895921.233300002058968, -76931.274299999233335 ], [ -1895913.882899999851361, -76947.312099993228912 ], [ -1895909.49229999887757, -76955.063700002618134 ], [ -1895905.749700000975281, -76963.39389999769628 ], [ -1895901.899999995250255, -76971.139800002332777 ], [ -1895898.576999998884276, -76979.729699992574751 ], [ -1895885.835899999598041, -77013.115699995774776 ], [ -1895872.357500003185123, -77046.202500002458692 ], [ -1895858.192399999825284, -77079.010400002356619 ], [ -1895844.208199998131022, -77112.957899997476488 ], [ -1895828.951299999607727, -77145.135300000663847 ], [ -1895819.793499999679625, -77181.450000000186265 ], [ -1895808.169199996627867, -77224.545100001618266 ], [ -1895796.042800000635907, -77267.385899991728365 ], [ -1895783.414099995046854, -77309.972500002477318 ], [ -1895772.649299998302013, -77357.501699991989881 ], [ -1895754.192800001241267, -77389.686900003813207 ], [ -1895734.642499995883554, -77420.318799999542534 ], [ -1895713.923599994974211, -77449.301799999084324 ], [ -1895691.140799996675923, -77474.645499998237938 ], [ -1895669.950099996523932, -77504.087399998214096 ], [ -1895653.310100000118837, -77543.83139999769628 ], [ -1895635.988100001355633, -77582.78899999987334 ], [ -1895618.194699994986877, -77621.630900001619011 ], [ -1895599.868300000438467, -77660.079900002107024 ], [ -1895581.070400000549853, -77698.41340000461787 ], [ -1895561.739499998511747, -77736.35409999685362 ], [ -1895556.75040000025183, -77756.850799997802824 ], [ -1895550.5795, -77776.067900000605732 ], [ -1895544.008099998580292, -77795.644400002900511 ], [ -1895536.950500002363697, -77815.345899997279048 ], [ -1895530.190399996703491, -77836.805199992377311 ], [ -1895522.138599998317659, -77857.176900000777096 ], [ -1895513.210899998899549, -77877.02059999993071 ], [ -1895501.638700002571568, -77893.629100000020117 ], [ -1895482.27340000285767, -77922.833500002510846 ], [ -1895459.585299995960668, -77953.88990000076592 ], [ -1895437.156100000720471, -77982.966299998108298 ], [ -1895381.557900000596419, -78050.703899991232902 ], [ -1895354.075800003716722, -78085.779200000688434 ], [ -1895328.352500000735745, -78119.378799997270107 ], [ -1895305.618799996096641, -78149.872999997809529 ], [ -1895294.853099997388199, -78164.767099999822676 ], [ -1895285.157999996095896, -78180.551199997309595 ], [ -1895275.502399995923042, -78194.668899999465793 ], [ -1895266.525799998547882, -78208.611800002865493 ], [ -1895258.515500000910833, -78223.624499999452382 ], [ -1895251.45359999826178, -78239.641299998387694 ], [ -1895243.670100001152605, -78253.169200000353158 ], [ -1895237.3590000027325, -78268.869400001596659 ], [ -1895219.192099995911121, -78311.435399995185435 ], [ -1895202.277299996232614, -78355.776299990713596 ], [ -1895184.122400000225753, -78397.13329999987036 ], [ -1895164.09849999868311, -78434.113599999807775 ], [ -1895146.975399997783825, -78477.258200000040233 ], [ -1895130.519699994241819, -78520.809399998281151 ], [ -1895114.836999999592081, -78564.690100000239909 ], [ -1895099.776600000681356, -78608.892600001301616 ], [ -1895085.732299994211644, -78653.503300000913441 ], [ -1895073.304599997587502, -78698.787999998312443 ], [ -1895061.638500000117347, -78744.204199995845556 ], [ -1895053.468899996951222, -78794.781899992376566 ], [ -1895048.956499998923391, -78850.545500001404434 ], [ -1895041.805700000841171, -78900.781500000972301 ], [ -1895032.718800000613555, -78946.53259999351576 ], [ -1895024.463799997698516, -78992.137900000903755 ], [ -1895021.532999997027218, -79008.42100000102073 ], [ -1895018.893199998419732, -79024.910299998708069 ], [ -1895016.543100001756102, -79041.613899995572865 ], [ -1895014.481399999465793, -79058.540800004266202 ], [ -1895013.336199997458607, -79076.692899996414781 ], [ -1895011.847900000168011, -79094.095400000922382 ], [ -1895010.644699997501448, -79111.753900001756847 ], [ -1895011.567699999548495, -79132.880099999252707 ], [ -1895013.38880000053905, -79155.329700002446771 ], [ -1895014.248699998483062, -79176.020999994594604 ], [ -1895016.633099994855002, -79199.092699997592717 ], [ -1895018.791699997615069, -79221.477300001773983 ], [ -1895019.710199997294694, -79241.132499998901039 ], [ -1895020.910899996990338, -79261.187400000169873 ], [ -1895022.502000002190471, -79281.712100001517683 ], [ -1895024.272100001107901, -79302.680000000167638 ], [ -1895027.441900002071634, -79337.167200001887977 ], [ -1895030.821800001198426, -79373.187100002542138 ], [ -1895035.118500001030043, -79411.182299999520183 ], [ -1895040.172100001713261, -79451.968600002117455 ], [ -1895045.088699999498203, -79487.651600002776831 ], [ -1895050.76509999926202, -79527.471999997273088 ], [ -1895071.865699994610623, -79658.712799997534603 ], [ -1895080.171799997333437, -79707.550700002815574 ], [ -1895088.576899998122826, -79756.1169000021182 ], [ -1895094.679800000274554, -79799.558099998161197 ], [ -1895099.446099997265264, -79844.264399997889996 ], [ -1895101.534299996681511, -79865.564700001850724 ], [ -1895103.354600000428036, -79886.262999999336898 ], [ -1895104.914600001182407, -79906.450799999758601 ], [ -1895106.216500001261011, -79926.159800002351403 ], [ -1895107.263299999758601, -79945.436400002334267 ], [ -1895108.056999996304512, -79964.316800001077354 ], [ -1895108.612099997932091, -79983.41769999358803 ], [ -1895108.8998, -80002.159599999431521 ], [ -1895108.903755768900737, -80005.643856736365706 ], [ -1895108.920699997339398, -80020.56840000115335 ], [ -1895108.910799997625872, -80038.797300001140684 ], [ -1895109.341500001493841, -80057.133099991828203 ], [ -1895109.268599995644763, -80075.060599999967963 ], [ -1895109.163200000301003, -80092.858900000341237 ], [ -1895108.788700000150129, -80110.408799997065216 ], [ -1895107.906499999808148, -80127.605600000824779 ], [ -1895106.988799997139722, -80144.708099991548806 ], [ -1895105.523299998836592, -80161.315100002102554 ], [ -1895103.981000000145286, -80177.69929999159649 ], [ -1895101.947099995799363, -80193.825799998827279 ], [ -1895099.868799996096641, -80209.756399993784726 ], [ -1895097.281099997228011, -80225.503799994010478 ], [ -1895093.765200001653284, -80240.894800000824034 ], [ -1895091.028299999888986, -80251.898199999239296 ], [ -1895088.260899994755164, -80263.087599996477365 ], [ -1895081.448199999751523, -80286.141700002364814 ], [ -1895073.720400002785027, -80310.292399999219924 ], [ -1895064.690799997188151, -80336.014399995096028 ], [ -1895056.311699997168034, -80358.439499993342906 ], [ -1895046.536999998847023, -80383.342900003306568 ], [ -1895012.667800000403076, -80465.9472999968566 ], [ -1895000.757699996698648, -80496.773099998477846 ], [ -1894990.497900001471862, -80527.329999997280538 ], [ -1894982.157199998386204, -80555.066299994010478 ], [ -1894977.950199997983873, -80569.891800003126264 ], [ -1894974.179999997839332, -80584.258699999190867 ], [ -1894971.074399998644367, -80598.256100000347942 ], [ -1894968.110899999272078, -80611.920900000724941 ], [ -1894965.779899996006861, -80625.331999991089106 ], [ -1894963.570200000191107, -80638.49269999191165 ], [ -1894961.727799996733665, -80651.44300000090152 ], [ -1894959.995400002226233, -80664.198399990797043 ], [ -1894957.696199995931238, -80683.835299991536885 ], [ -1894954.914400002453476, -80703.363000000827014 ], [ -1894952.412299999035895, -80722.77959999628365 ], [ -1894950.1931000018958, -80742.060099997092038 ], [ -1894948.259799996623769, -80761.178199995774776 ], [ -1894946.867499998072162, -80780.125399996526539 ], [ -1894945.511000002268702, -80798.864499999210238 ], [ -1894944.444900000700727, -80817.387700000777841 ], [ -1894943.670899998862296, -80835.660999995656312 ], [ -1894943.1882, -80853.688899999950081 ], [ -1894942.997200002428144, -80871.45840000314638 ], [ -1894943.098099995171651, -80888.957799994386733 ], [ -1894943.490800000960007, -80906.175200001336634 ], [ -1894944.17490000044927, -80923.102099996525794 ], [ -1894945.150199998170137, -80939.729599999263883 ], [ -1894947.268699998501688, -80956.274199998471886 ], [ -1894948.951900001149625, -80967.280799998901784 ], [ -1894950.996800003107637, -80978.315799998585135 ], [ -1894953.757499996805564, -80989.43540000077337 ], [ -1894956.605000002076849, -81000.53649999666959 ], [ -1894959.840399996610358, -81011.732299991417676 ], [ -1894963.418999997666106, -81022.932299994397908 ], [ -1894967.365899997763336, -81034.19330000365153 ], [ -1894971.99879999901168, -81045.578900000080466 ], [ -1894976.393000000622123, -81056.967399998102337 ], [ -1894981.770599995972589, -81068.505699993111193 ], [ -1894986.923399997409433, -81080.086600000504404 ], [ -1894992.755500002065673, -81091.788999997545034 ], [ -1894999.003300000680611, -81103.66879999358207 ], [ -1895005.945900002261624, -81115.70429999474436 ], [ -1895012.381200002506375, -81127.79740000423044 ], [ -1895018.929600002476946, -81140.033999998588115 ], [ -1895030.439199998043478, -81159.980300002731383 ], [ -1895043.174400003394112, -81180.67369999922812 ], [ -1895057.271099996520206, -81202.331899999175221 ], [ -1895072.720499995863065, -81225.376099998131394 ], [ -1895086.838499998440966, -81245.386100000701845 ], [ -1895102.65739999897778, -81267.595500000752509 ], [ -1895156.396599997999147, -81340.661700000520796 ], [ -1895175.927299999631941, -81367.627399993129075 ], [ -1895194.868200001306832, -81394.004499995149672 ], [ -1895212.756599999731407, -81417.355600001756102 ], [ -1895230.039399997796863, -81441.449500000569969 ], [ -1895237.863299997989088, -81453.07230000058189 ], [ -1895245.544000000925735, -81464.27970000077039 ], [ -1895252.865400002570823, -81475.426400001626462 ], [ -1895259.792499997653067, -81486.220700001809746 ], [ -1895266.093500000424683, -81496.992899995297194 ], [ -1895272.34039999707602, -81507.618800001218915 ], [ -1895278.176200000336394, -81517.957800001837313 ], [ -1895283.692399999825284, -81528.18169999634847 ], [ -1895289.164399999659508, -81538.153799996245652 ], [ -1895294.058499998878688, -81548.184599996078759 ], [ -1895298.648899999679998, -81558.136000001337379 ], [ -1895302.938300000503659, -81568.014999997336417 ], [ -1895306.660199997015297, -81577.979300001636147 ], [ -1895309.817299994872883, -81588.035899999551475 ], [ -1895312.682999998796731, -81598.049899992067367 ], [ -1895315.25609999964945, -81608.018800003454089 ], [ -1895317.538199998205528, -81617.947999997530133 ], [ -1895319.530399999115616, -81627.842400001827627 ], [ -1895321.233600004110485, -81637.706999995745718 ], [ -1895322.648400000995025, -81647.545600002165884 ], [ -1895323.775499995565042, -81657.361999996937811 ], [ -1895437.967469986295328, -81968.963735247030854 ], [ -1895494.278700001304969, -82122.623199997469783 ], [ -1895494.472401276463643, -82122.195028179790825 ], [ -1895554.666486694477499, -81989.137508877087384 ], [ -1895704.436616284307092, -81658.074385814368725 ], [ -1895803.499043519375846, -81439.099369718693197 ], [ -1897206.716664076549932, -78337.321938732173294 ], [ -1899774.667443097336218, -72660.931011525448412 ], [ -1899943.374497512588277, -72288.008290076162666 ], [ -1899964.406099999556318, -72241.518459157086909 ], [ -1900101.243345717666671, -71939.043152214027941 ], [ -1900613.160000001778826, -70807.464199998881668 ], [ -1900607.568999995011836, -70809.459000000730157 ], [ -1900601.933399996720254, -70811.10059999814257 ], [ -1900595.997600002447143, -70812.601300004869699 ], [ -1900590.009300003061071, -70813.750899997539818 ], [ -1900583.720999996876344, -70814.760499995201826 ], [ -1900577.370099996449426, -70815.421699997968972 ], [ -1900570.6989, -70815.946400000713766 ], [ -1900563.951600002357736, -70816.123800000175834 ], [ -1900556.870099995750934, -70816.165900002233684 ], [ -1900549.693499999353662, -70815.861300001852214 ], [ -1900542.158300001174212, -70815.421299999114126 ], [ -1900534.500699997879565, -70814.633300000801682 ], [ -1900521.537199995946139, -70812.917599995154887 ], [ -1900507.77899999753572, -70810.557800000999123 ], [ -1900493.21319999685511, -70807.426299999002367 ], [ -1900479.665800002636388, -70804.235100003890693 ], [ -1900477.30719999759458, -70803.679599997121841 ], [ -1900463.289999996544793, -70800.037300004158169 ], [ -1900447.583799996878952, -70795.706999997142702 ], [ -1900396.515200000489131, -70780.588400001637638 ], [ -1900378.225099998526275, -70775.437999998684973 ], [ -1900360.474399995524436, -70770.039000002667308 ], [ -1900344.800900001311675, -70765.429599999450147 ], [ -1900329.074399998877198, -70762.178100003860891 ], [ -1900314.442299998831004, -70759.011199997272342 ], [ -1900300.986899997340515, -70757.405899999197572 ], [ -1900288.264299997361377, -70755.835099996998906 ], [ -1900282.176799997221678, -70755.671300002839416 ], [ -1900276.164399998728186, -70755.821100000292063 ], [ -1900270.629099998855963, -70756.830100003164262 ], [ -1900264.994100001873448, -70757.396399998106062 ], [ -1900259.662900001276284, -70758.066200000233948 ], [ -1900254.37959999893792, -70759.051699998322874 ], [ -1900249.3912, -70760.142299997620285 ], [ -1900244.601099997293204, -70762.307400002609938 ], [ -1900239.808699994813651, -70763.929899999406189 ], [ -1900235.459699999308214, -70766.417999998666346 ], [ -1900230.98139999830164, -70768.470199999865144 ], [ -1900226.941199998371303, -70771.390400001313537 ], [ -1900222.7664, -70773.87720000045374 ], [ -1900218.740399999544024, -70776.583099995739758 ], [ -1900214.987199995899573, -70779.403399997856468 ], [ -1900211.048500003293157, -70781.650700000114739 ], [ -1900205.446199998259544, -70787.045899999793619 ], [ -1900199.865699999267235, -70792.166900004260242 ], [ -1900194.416099999565631, -70799.079799999948591 ], [ -1900188.934800001326948, -70806.883900000713766 ], [ -1900183.442099999869242, -70814.283499994315207 ] ] ] } },
{ "type": "Feature", "properties": { "ID": 772, "YEAR": "2012-2013", "Perimtr_KM": 22.2915901322, "AREA_KM": 9.2224901964800008, "SCALE": 1, "THICKNES_M": 159.928421469, "VOLUME_KM": 1.47493829914, "MASS_GT": 1.35251842031, "RECURRANCE": "1-2", "UA_KM": 0.11145795066, "UH_M": 13.2740589165, "UC_KM": 0.11285374388, "REGION": "West", "ICESHELF": "Abbot" }, "geometry": { "type": "Polygon", "coordinates": [ [ [ -1900856.988994881743565, -60613.367380237206817 ], [ -1900926.956278512952849, -60803.859472007490695 ], [ -1901003.414658224442974, -61012.024144515395164 ], [ -1901043.269000001717359, -61120.531100003514439 ], [ -1901090.906262176111341, -61250.22773717995733 ], [ -1901191.159437214722857, -61523.175826060585678 ], [ -1901243.610925301676616, -61665.979616825468838 ], [ -1901387.771063494263217, -62058.468275624327362 ], [ -1901759.41640000231564, -63070.305399992503226 ], [ -1901914.7881, -64657.460100001189858 ], [ -1901276.418699998175725, -66005.770299998112023 ], [ -1900706.301346857100725, -65961.382001824211329 ], [ -1900531.070352760609239, -65947.73883594898507 ], [ -1900286.726899999659508, -65928.714699991047382 ], [ -1900260.921222798526287, -65926.70551602775231 ], [ -1900255.956217969767749, -65926.318949616514146 ], [ -1900115.927342299604788, -65915.41655133664608 ], [ -1900007.106910116504878, -65906.943986755330116 ], [ -1899835.152200000826269, -65893.555899997241795 ], [ -1899819.653599996119738, -65929.707500001881272 ], [ -1899816.27580000134185, -65938.097799994982779 ], [ -1899813.066599996993318, -65946.807500003371388 ], [ -1899810.053699996322393, -65955.759399999864399 ], [ -1899807.161599999759346, -65965.163700001779944 ], [ -1899804.419399998616427, -65974.940900003071874 ], [ -1899801.81389999971725, -65985.136600001249462 ], [ -1899799.368399998638779, -65995.698500001337379 ], [ -1899796.999900000635535, -66006.878099996596575 ], [ -1899793.140299995196983, -66027.545499992091209 ], [ -1899789.406100000720471, -66050.820000000763685 ], [ -1899786.116900000721216, -66074.117300001904368 ], [ -1899777.174499998334795, -66135.142600003164262 ], [ -1899774.351899996167049, -66152.821700000669807 ], [ -1899771.588099998421967, -66168.604600002523512 ], [ -1899768.094400000758469, -66186.244300003629178 ], [ -1899764.495200002798811, -66202.44469999615103 ], [ -1899760.693700002506375, -66217.422200005035847 ], [ -1899756.575399995082989, -66231.529000000562519 ], [ -1899753.916200002189726, -66239.874599997885525 ], [ -1899751.099100002087653, -66247.81440000096336 ], [ -1899748.111, -66255.560899999924004 ], [ -1899745.053800002206117, -66263.02970000077039 ], [ -1899741.703600002452731, -66270.312800004146993 ], [ -1899738.42229999601841, -66277.20319999428466 ], [ -1899734.992199998581782, -66283.904999998863786 ], [ -1899731.407299998216331, -66290.36620000237599 ], [ -1899727.656499999342486, -66296.543599997647107 ], [ -1899723.745999996550381, -66302.550099995452911 ], [ -1899719.670600001700222, -66308.331799999345094 ], [ -1899715.425299995578825, -66313.83389999717474 ], [ -1899711.011099998606369, -66319.178199999500066 ], [ -1899706.423599999397993, -66324.308499995619059 ], [ -1899701.658300002105534, -66329.168799998704344 ], [ -1899696.716899999184534, -66333.879299997352064 ], [ -1899689.906799997901544, -66339.912799995858222 ], [ -1899682.873900002334267, -66345.928299998864532 ], [ -1899675.644999996758997, -66351.781800004187971 ], [ -1899668.252300003543496, -66357.507700003217906 ], [ -1899660.730200000107288, -66363.139400000218302 ], [ -1899653.099800000200048, -66368.540499993599951 ], [ -1899645.390500002540648, -66373.75040000025183 ], [ -1899637.629599994746968, -66378.810600000899285 ], [ -1899629.861599997617304, -66383.572899998631328 ], [ -1899622.08590000262484, -66388.0989999929443 ], [ -1899614.325300002237782, -66392.43550000153482 ], [ -1899606.594199998537078, -66396.454399992246181 ], [ -1899598.9142000018619, -66400.204199998173863 ], [ -1899591.300799997989088, -66403.737299999222159 ], [ -1899583.764299999224022, -66406.929400002583861 ], [ -1899576.319699995452538, -66409.83360000140965 ], [ -1899571.114599998574704, -66411.627700001467019 ], [ -1899565.62889999570325, -66413.089599999133497 ], [ -1899559.856699999654666, -66414.339600001927465 ], [ -1899553.779799998505041, -66415.263100000564009 ], [ -1899547.393800001591444, -66415.979899992235005 ], [ -1899540.664099994348362, -66416.376100000459701 ], [ -1899533.566299997735769, -66416.571600000374019 ], [ -1899526.051999996881932, -66416.449899994768202 ], [ -1899512.716300001600757, -66415.729900001082569 ], [ -1899497.575800002319738, -66414.230499994941056 ], [ -1899482.822599997976795, -66412.408100000582635 ], [ -1899480.222901709377766, -66412.050196793861687 ], [ -1899447.965600001160055, -66407.609300000593066 ], [ -1899430.902199999662116, -66405.696599998511374 ], [ -1899422.491799999494106, -66404.991699999663979 ], [ -1899414.789500000188127, -66404.567499997559935 ], [ -1899407.65959999919869, -66404.476599995978177 ], [ -1899401.026499998988584, -66404.600699999835342 ], [ -1899393.892099995631725, -66405.09819999942556 ], [ -1899387.300300000235438, -66406.028800000902265 ], [ -1899381.205099995713681, -66407.280699998605996 ], [ -1899375.583200000459328, -66408.977500000037253 ], [ -1899370.402099998202175, -66411.010900001041591 ], [ -1899365.657099996926263, -66413.503599993884563 ], [ -1899361.3329, -66416.403599997516721 ], [ -1899357.417699998943135, -66419.658300002105534 ], [ -1899353.025300001027063, -66424.282000002451241 ], [ -1899348.917999997735023, -66429.541599997319281 ], [ -1899345.088300001109019, -66435.385799997486174 ], [ -1899341.533499998506159, -66441.942399998195469 ], [ -1899338.247099995380268, -66449.159099997021258 ], [ -1899335.214599997969344, -66457.00250000320375 ], [ -1899332.430499997222796, -66465.615100001450628 ], [ -1899329.879799996968359, -66474.978500003460795 ], [ -1899327.791000002995133, -66484.000200002454221 ], [ -1899325.860899999504909, -66493.725299996789545 ], [ -1899324.070099999196827, -66504.179699997417629 ], [ -1899322.392300000647083, -66515.660299999173731 ], [ -1899319.695599999278784, -66535.636400001123548 ], [ -1899314.315200000535697, -66577.631299996748567 ], [ -1899311.7355, -66594.60329999960959 ], [ -1899309.925399996573105, -66607.453699995297939 ], [ -1899308.188100001309067, -66620.301499996799976 ], [ -1899306.785700000356883, -66633.119699996896088 ], [ -1899305.458999994909391, -66645.904800000134856 ], [ -1899304.46970000048168, -66658.630199996754527 ], [ -1899303.557899998733774, -66671.295099996495992 ], [ -1899302.98450000048615, -66683.875799999572337 ], [ -1899302.489599994849414, -66696.371799995191395 ], [ -1899302.333299995632842, -66708.752200001850724 ], [ -1899302.292299997992814, -66720.999599997885525 ], [ -1899302.81279999925755, -66733.135599999688566 ], [ -1899303.540899995714426, -66745.141099994070828 ], [ -1899304.475999999791384, -66757.00699999788776 ], [ -1899305.617600001394749, -66768.725999992340803 ], [ -1899306.965000001247972, -66780.290600002743304 ], [ -1899308.517199999652803, -66791.693999999202788 ], [ -1899310.606399999000132, -66803.959199995268136 ], [ -1899313.395899997092783, -66816.720600004307926 ], [ -1899316.823799998965114, -66829.943199993111193 ], [ -1899321.034700000425801, -66843.996800004970282 ], [ -1899325.497399996733293, -66857.493500004522502 ], [ -1899330.809500003466383, -66872.380999999586493 ], [ -1899352.379800000693649, -66928.675199998542666 ], [ -1899360.962200002977625, -66952.418699996545911 ], [ -1899365.192199998069555, -66965.301199996378273 ], [ -1899368.850200000219047, -66977.477000000420958 ], [ -1899371.647399995941669, -66988.917499993462116 ], [ -1899374.015200001653284, -66999.954999995883554 ], [ -1899378.274700000416487, -67022.966299999970943 ], [ -1899381.898100002203137, -67046.188800000585616 ], [ -1899385.013500003376976, -67069.730999995488673 ], [ -1899387.703299997374415, -67093.605699993669987 ], [ -1899389.83669999637641, -67117.800700001884252 ], [ -1899391.405499999178573, -67142.137099997140467 ], [ -1899392.453000003471971, -67166.677100001834333 ], [ -1899393.322700003394857, -67191.547300002537668 ], [ -1899393.754299995489419, -67216.611400002613664 ], [ -1899393.659799999790266, -67241.776500000152737 ], [ -1899393.039399998728186, -67267.005499998573214 ], [ -1899391.894000000786036, -67292.26009999262169 ], [ -1899390.225200000219047, -67317.502500000409782 ], [ -1899388.035899998387322, -67342.690599999390543 ], [ -1899385.283799997298047, -67367.689899996388704 ], [ -1899382.065000000409782, -67392.645099998451769 ], [ -1899379.797299997182563, -67407.890300000086427 ], [ -1899377.220899996580556, -67423.358099993783981 ], [ -1899374.081299998098984, -67438.905299995560199 ], [ -1899370.669499997515231, -67454.745199998375028 ], [ -1899366.933400001376867, -67470.744999994058162 ], [ -1899362.875799999805167, -67487.033899997361004 ], [ -1899358.368199998047203, -67503.418099999893457 ], [ -1899353.649099999805912, -67520.362799995113164 ], [ -1899348.578600001055747, -67537.392299995291978 ], [ -1899343.134300000965595, -67554.911399994976819 ], [ -1899337.347599998116493, -67572.828199999406934 ], [ -1899331.14899999811314, -67591.36380000365898 ], [ -1899317.597399995196611, -67630.351600001566112 ], [ -1899426.194428645307198, -67810.59496702440083 ], [ -1899816.856847896240652, -68458.994934220798314 ], [ -1900384.655567098408937, -69401.395976038184017 ], [ -1900426.927799997618422, -69471.557100002653897 ], [ -1900432.613919851370156, -69441.976120675448328 ], [ -1900451.975039665121585, -69341.253501500468701 ], [ -1900455.443136116489768, -69323.211375776212662 ], [ -1900887.848600002238527, -67073.70249999826774 ], [ -1902333.80749112018384, -66327.40115958172828 ], [ -1902938.373499996960163, -66015.367099993862212 ], [ -1902651.079399995272979, -64490.498474481515586 ], [ -1902078.475899998098612, -61451.295399994589388 ], [ -1901387.502455846173689, -60968.446525143925101 ], [ -1901330.351041759829968, -60928.509395544417202 ], [ -1901054.219341176794842, -60735.549909088760614 ], [ -1901009.838831508532166, -60704.537025253754109 ], [ -1901003.265744875418022, -60699.943784352391958 ], [ -1900877.804169385926798, -60612.271846917457879 ], [ -1900849.260399996535853, -60592.32560000102967 ], [ -1900856.988994881743565, -60613.367380237206817 ] ] ] } },
{ "type": "Feature", "properties": { "ID": 773, "YEAR": "2012-2013", "Perimtr_KM": 53.388906345499997, "AREA_KM": 55.818037214299999, "SCALE": 2, "THICKNES_M": 343.57073414500002, "VOLUME_KM": 19.1774440242, "MASS_GT": 17.585716170200001, "RECURRANCE": "2-3", "UA_KM": 0.26694453173, "UH_M": 28.5163707934, "UC_KM": 1.46734704592, "REGION": "West", "ICESHELF": "Venable" }, "geometry": { "type": "Polygon", "coordinates": [ [ [ -1867352.769379376200959, 85598.41259689303115 ], [ -1867028.45740000042133, 85460.890900012571365 ], [ -1867001.300484878476709, 85075.355130248237401 ], [ -1866830.428433871595189, 82649.553546682931483 ], [ -1866740.032907446147874, 81366.244720819871873 ], [ -1866696.251299998257309, 80744.694899993482977 ], [ -1866914.979999999515712, 79936.617500005755574 ], [ -1867132.579055983806029, 78962.714298157487065 ], [ -1867385.965075394371524, 77828.640188816003501 ], [ -1867571.217681870562956, 76999.509263698942959 ], [ -1867744.435987028526142, 76224.239990352652967 ], [ -1867764.962999995565042, 76132.367699998430908 ], [ -1867792.483721658121794, 75660.275442592334002 ], [ -1867803.692691516829655, 75467.996041361708194 ], [ -1867839.525532969506457, 74853.317137968726456 ], [ -1867865.487478095805272, 74407.964235076215118 ], [ -1867867.581072269706056, 74372.05058379471302 ], [ -1867943.28539999644272, 73073.413600008469075 ], [ -1867958.927799999713898, 73052.243199997581542 ], [ -1868128.807100001489744, 72847.162599994335324 ], [ -1868162.847153331851587, 72806.198565019760281 ], [ -1868252.64409999968484, 72698.136300015263259 ], [ -1870418.001240433426574, 70139.801268571987748 ], [ -1870674.849312998354435, 69836.339354816824198 ], [ -1870997.450399997178465, 69455.191300011239946 ], [ -1871122.49577599321492, 69421.129461606498808 ], [ -1871407.040938016958535, 69343.620547348167747 ], [ -1871601.584883363218978, 69290.627588787581772 ], [ -1871917.163099996047094, 69204.665400005411357 ], [ -1871929.940601754467934, 69181.661384312901646 ], [ -1872546.928901698440313, 68070.864547644741833 ], [ -1872573.1611562743783, 68023.637225181329995 ], [ -1873368.965522957965732, 66590.908317369408906 ], [ -1875368.335197179112583, 62991.336802584584802 ], [ -1875763.5204839669168, 62279.863721982575953 ], [ -1875966.410799995297566, 61914.589500003028661 ], [ -1876039.104607617948204, 62035.517247038893402 ], [ -1876074.05973435845226, 62093.665868800133467 ], [ -1876227.881909744814038, 62349.552439082879573 ], [ -1876350.272916185669601, 62553.152568866033107 ], [ -1876509.614651529118419, 62818.221048474311829 ], [ -1876907.007921559037641, 63479.29348922194913 ], [ -1876980.870973571902141, 63602.166300000157207 ], [ -1877058.228769608773291, 63730.852694293949753 ], [ -1877280.353399999439716, 64100.36190000269562 ], [ -1876839.988911126041785, 64835.770602740347385 ], [ -1875546.15760000073351, 66996.468910905066878 ], [ -1874366.327077749650925, 68966.785900000017136 ], [ -1874236.554399149492383, 69183.506275129038841 ], [ -1874182.77330000163056, 69273.32071147672832 ], [ -1873711.974899999564514, 70059.554046245291829 ], [ -1872774.605226390063763, 71624.961414637509733 ], [ -1872324.98650958831422, 72375.824678159318864 ], [ -1871988.67619999544695, 72937.462900003883988 ], [ -1871274.175574994413182, 74604.631025006528944 ], [ -1871268.204800000647083, 74618.562833327334374 ], [ -1871246.745930989738554, 74668.633527683559805 ], [ -1870242.422699998132885, 77012.054400000255555 ], [ -1868813.669800000265241, 80292.894299995619804 ], [ -1868592.734585447702557, 81157.146499997004867 ], [ -1868329.547380870906636, 82186.679619129747152 ], [ -1868273.247200002195314, 82406.914113087113947 ], [ -1868170.89785467251204, 82807.283275819849223 ], [ -1868116.842100001638755, 83018.738045445177704 ], [ -1868018.94490883150138, 83401.691315307281911 ], [ -1868002.284799998160452, 83466.86216525034979 ], [ -1867988.230177334044129, 83521.840899998787791 ], [ -1867864.298799997661263, 84006.634443341288716 ], [ -1867644.304930245503783, 84867.204299998935312 ], [ -1867637.291361089097336, 84894.63991085300222 ], [ -1867564.782847853843123, 85178.27800000179559 ], [ -1867512.576495171058923, 85382.49829711066559 ], [ -1867494.422474565217271, 85453.513016434386373 ], [ -1867447.149799997219816, 85638.433800002560019 ], [ -1867352.769379376200959, 85598.41259689303115 ] ] ] } },
{ "type": "Feature", "properties": { "ID": 774, "YEAR": "2012-2013", "Perimtr_KM": 12.6760041456, "AREA_KM": 4.8076169143999996, "SCALE": 1, "THICKNES_M": 140.07086181599999, "VOLUME_KM": 0.67340704448, "MASS_GT": 0.61751425978999996, "RECURRANCE": "2-3", "UA_KM": 0.06338002073, "UH_M": 11.6258814734, "UC_KM": 0.05152521036, "REGION": "West", "ICESHELF": "Venable" }, "geometry": { "type": "Polygon", "coordinates": [ [ [ -1858392.569300000555813, 119207.988684439565986 ], [ -1858408.611299996264279, 119206.626200002618134 ], [ -1858427.894099997589365, 119203.608300003223121 ], [ -1858444.698600000934675, 119201.117800005711615 ], [ -1858463.250600000377744, 119197.879499996080995 ], [ -1858480.500199996400625, 119193.926800007000566 ], [ -1858495.279599997447804, 119189.267499999608845 ], [ -1858509.719900002703071, 119185.198699997738004 ], [ -1858518.338899997994304, 119182.189700005110353 ], [ -1858526.243400001898408, 119179.535200010519475 ], [ -1858534.140699997777119, 119176.221400001086295 ], [ -1858541.097899997606874, 119173.15100000333041 ], [ -1858548.333399996394292, 119169.507200000807643 ], [ -1858555.80500000086613, 119166.515500011853874 ], [ -1858562.071199993835762, 119163.025899997446686 ], [ -1858568.381200001342222, 119158.851800004951656 ], [ -1858574.147999999811873, 119154.387400003150105 ], [ -1858579.536699997493997, 119150.335199999157339 ], [ -1858584.984599997987971, 119145.58630000334233 ], [ -1858589.340599998831749, 119139.718000004068017 ], [ -1858594.781500000972301, 119135.396000002510846 ], [ -1858599.049200000474229, 119130.550100001972169 ], [ -1858602.579000001773238, 119124.071900002658367 ], [ -1858606.648099997313693, 119118.307199994567782 ], [ -1858612.083799998043105, 119111.592300015501678 ], [ -1858616.331999998539686, 119103.41089999768883 ], [ -1858621.047499996144325, 119095.110999995842576 ], [ -1858625.987500000745058, 119086.555000007152557 ], [ -1858630.458600000478327, 119077.629300000146031 ], [ -1858634.560699995374307, 119067.70190000301227 ], [ -1858638.359299994306639, 119058.819700003601611 ], [ -1858642.092799996491522, 119048.522199996747077 ], [ -1858645.573000000789762, 119038.754900002386421 ], [ -1858649.671399997314438, 119029.193300007842481 ], [ -1858652.708599999779835, 119018.693100007250905 ], [ -1858655.693599997786805, 119008.975899999029934 ], [ -1858657.582899999571964, 118998.8243000023067 ], [ -1858658.9273, 118988.123900003265589 ], [ -1858661.922700001159683, 118979.514800014905632 ], [ -1858662.644799998961389, 118969.198999998159707 ], [ -1858664.276199995772913, 118959.747700000181794 ], [ -1858664.478700001025572, 118948.963599993381649 ], [ -1858664.071499995188788, 118938.709199995268136 ], [ -1858664.603599995141849, 118928.836000002454966 ], [ -1858663.463799997232854, 118918.29549999628216 ], [ -1858663.263399996329099, 118908.132099998183548 ], [ -1858661.333699998445809, 118896.073099999222904 ], [ -1858660.157200002809986, 118886.279799996875226 ], [ -1858658.857899996684864, 118875.667499996256083 ], [ -1858657.644500000635162, 118865.907099995296448 ], [ -1858655.610199997667223, 118854.975100006442517 ], [ -1858652.963899997062981, 118844.547000000718981 ], [ -1858650.191100001335144, 118833.278299993369728 ], [ -1858647.046399999409914, 118821.831900006625801 ], [ -1858642.984099999535829, 118810.318100016098469 ], [ -1858639.784699996933341, 118798.833100002724677 ], [ -1858635.688799996627495, 118787.244800012093037 ], [ -1858630.993399999337271, 118776.128100011497736 ], [ -1858625.879299995256588, 118763.577200005762279 ], [ -1858621.393199998885393, 118751.691599993500859 ], [ -1858615.594199998071417, 118739.899200010113418 ], [ -1858609.649399999063462, 118727.165900006424636 ], [ -1858602.999699994456023, 118713.579600005410612 ], [ -1858596.919199999421835, 118700.542400000151247 ], [ -1858591.007199997082353, 118689.481898982543498 ], [ -1858582.910800000652671, 118674.334700006060302 ], [ -1858566.413700001081452, 118644.98600001540035 ], [ -1858548.624099998036399, 118614.881100002210587 ], [ -1858521.487399996491149, 118568.123999999836087 ], [ -1858514.754299998283386, 118557.356600002385676 ], [ -1858507.723299997393042, 118547.77990001346916 ], [ -1858499.392899999395013, 118537.292700002901256 ], [ -1858490.727600000333041, 118527.951600003056228 ], [ -1858480.767799998400733, 118517.690200006589293 ], [ -1858470.572700001299381, 118507.778500005137175 ], [ -1858458.538800001144409, 118498.227900001686066 ], [ -1858446.387900000438094, 118488.254000004846603 ], [ -1858435.475999998161569, 118480.561300004832447 ], [ -1858423.213100002380088, 118471.668600011151284 ], [ -1858410.46220000134781, 118463.575600012205541 ], [ -1858396.685199996223673, 118454.384400001261383 ], [ -1858369.300600001122802, 118437.768000000622123 ], [ -1858318.920099996728823, 118410.345699994359165 ], [ -1858299.106800003210083, 118399.821900004055351 ], [ -1858279.901500001549721, 118388.940999994985759 ], [ -1858263.560899997130036, 118378.907800010871142 ], [ -1858245.578299996908754, 118367.549399997573346 ], [ -1858229.55879999930039, 118356.623500005342066 ], [ -1858221.56879999791272, 118351.099899995140731 ], [ -1858214.423099996289238, 118345.516600006259978 ], [ -1858208.380399997113273, 118340.321800007484853 ], [ -1858201.495299999369308, 118334.85500000230968 ], [ -1858194.201100000878796, 118328.148500013165176 ], [ -1858188.12139999633655, 118321.791100004222244 ], [ -1858181.310799998696893, 118315.12050000904128 ], [ -1858175.452699999790639, 118308.342400000430644 ], [ -1858170.693700001807883, 118301.81430000346154 ], [ -1858165.218199999304488, 118294.974000006448478 ], [ -1858160.673699997132644, 118287.998899994883686 ], [ -1858156.516499996418133, 118280.912400010041893 ], [ -1858153.514600000111386, 118274.099300002679229 ], [ -1858150.198000001022592, 118266.82260001078248 ], [ -1858146.842299998970702, 118259.539300004951656 ], [ -1858144.402499996125698, 118252.090700001921505 ], [ -1858142.337999997194856, 118244.501699998043478 ], [ -1858140.728199996752664, 118236.830600008368492 ], [ -1858139.491899996995926, 118229.011100012343377 ], [ -1858138.708799999440089, 118221.101400013547391 ], [ -1858138.028799996711314, 118206.833900007419288 ], [ -1858137.785600001458079, 118191.883199996780604 ], [ -1858138.268399998312816, 118177.652899998705834 ], [ -1858139.308499999111518, 118164.158300003036857 ], [ -1858140.062799999024719, 118157.361400015186518 ], [ -1858141.392900002188981, 118151.159399996977299 ], [ -1858142.899399998132139, 118144.602799996268004 ], [ -1858144.942600001115352, 118138.604400007985532 ], [ -1858147.243999995989725, 118132.307699998375028 ], [ -1858150.34279999951832, 118125.996700004674494 ], [ -1858153.563599995803088, 118120.357300003059208 ], [ -1858156.966999999713153, 118114.346299995668232 ], [ -1858160.054799999110401, 118108.099700006656349 ], [ -1858164.425699998391792, 118102.758900007233024 ], [ -1858169.445399997988716, 118096.940600003115833 ], [ -1858174.401299994206056, 118091.297500010114163 ], [ -1858179.259299997007474, 118085.866400009952486 ], [ -1858185.019600000232458, 118080.371900004800409 ], [ -1858191.65140000032261, 118074.848400006536394 ], [ -1858198.043400002876297, 118069.755299997515976 ], [ -1858204.877000002190471, 118065.053999999538064 ], [ -1858211.681799996877089, 118059.99660000950098 ], [ -1858218.216899999184534, 118055.335400006733835 ], [ -1858226.197499997448176, 118050.518900005146861 ], [ -1858233.899999999208376, 118045.508199996780604 ], [ -1858242.425400000764057, 118040.635499997995794 ], [ -1858260.646199997514486, 118030.974300011061132 ], [ -1858278.568300001090392, 118021.612700005993247 ], [ -1858299.140599999576807, 118012.144900008104742 ], [ -1858319.938699998892844, 118002.427999993786216 ], [ -1858377.232499997364357, 117976.790799996815622 ], [ -1858394.133600000990555, 117968.860300005413592 ], [ -1858408.669499999377877, 117961.937399998307228 ], [ -1858425.242000001017004, 117953.443599998019636 ], [ -1858439.864599999738857, 117945.593499993905425 ], [ -1858453.502000000793487, 117937.512600011192262 ], [ -1858465.992400002898648, 117929.997200005687773 ], [ -1858473.076900001848117, 117924.922699993941933 ], [ -1858480.127700002398342, 117919.988600003533065 ], [ -1858486.461200001183897, 117915.384300004225224 ], [ -1858492.567500001052395, 117910.443500002380461 ], [ -1858498.504900003084913, 117905.394100003410131 ], [ -1858503.926900000777096, 117900.872100013308227 ], [ -1858508.972600001143292, 117895.772599993739277 ], [ -1858513.866899996297434, 117890.548400002997369 ], [ -1858518.430300003150478, 117885.247500003315508 ], [ -1858522.497600001748651, 117880.453300003893673 ], [ -1858526.204599999822676, 117875.062599999830127 ], [ -1858529.773399998899549, 117869.529900000430644 ], [ -1858532.854500000365078, 117864.49199999589473 ], [ -1858535.7725, 117858.786399999633431 ], [ -1858538.367300001904368, 117852.989900001790375 ], [ -1858540.478799996897578, 117847.679599998984486 ], [ -1858541.744699998293072, 117841.348400007002056 ], [ -1858543.533599996939301, 117834.422699996735901 ], [ -1858545.110299999825656, 117827.743700004648417 ], [ -1858546.611099997768179, 117820.195600007195026 ], [ -1858547.715899996692315, 117812.926299998071045 ], [ -1858548.753400003537536, 117804.742900000885129 ], [ -1858549.404499996919185, 117796.773999999277294 ], [ -1858549.996700001647696, 117787.814600001089275 ], [ -1858550.361299995332956, 117770.651600000448525 ], [ -1858550.576900002313778, 117751.519500005058944 ], [ -1858550.203299997141585, 117731.472099998500198 ], [ -1858548.67559999646619, 117692.373400010168552 ], [ -1858548.318300001788884, 117675.995100001338869 ], [ -1858548.25779999862425, 117658.985899996943772 ], [ -1858548.670199999120086, 117643.960700006689876 ], [ -1858549.4782, 117635.059799998067319 ], [ -1858549.743099996587262, 117626.870400002226233 ], [ -1858550.922599998302758, 117618.76520000398159 ], [ -1858551.564899996388704, 117611.272500006016344 ], [ -1858553.129199996823445, 117603.782599998172373 ], [ -1858554.163099996279925, 117596.850099998991936 ], [ -1858556.124400002183393, 117589.887600006535649 ], [ -1858557.722799999639392, 117582.867600003257394 ], [ -1858561.453499998198822, 117570.888300012331456 ], [ -1858565.72630000161007, 117557.55750001128763 ], [ -1858570.100500000873581, 117544.918699996545911 ], [ -1858575.025199994677678, 117532.042500002775341 ], [ -1858580.279499996686354, 117519.117700004950166 ], [ -1858585.765599998179823, 117505.862200000789016 ], [ -1858590.911400001263246, 117492.635500001255423 ], [ -1858597.131700002355501, 117479.626300010364503 ], [ -1858603.668000000296161, 117466.60449999384582 ], [ -1858610.2553, 117453.236400007270277 ], [ -1858616.809600000735372, 117440.057899999432266 ], [ -1858624.254199997754768, 117427.084499997552484 ], [ -1858631.732199999503791, 117413.800399999134243 ], [ -1858639.75120000122115, 117400.920200006105006 ], [ -1858647.789000002900138, 117387.755600003991276 ], [ -1858655.758999995188788, 117374.844399997964501 ], [ -1858664.442999996244907, 117362.108299997635186 ], [ -1858673.448399997781962, 117349.24610000057146 ], [ -1858682.627500000409782, 117336.740000002551824 ], [ -1858691.5153, 117323.959299997426569 ], [ -1858701.150100000901148, 117311.740200016181916 ], [ -1858711.403499999083579, 117299.759200005792081 ], [ -1858721.194899999769405, 117288.015300001483411 ], [ -1858731.499699998414144, 117276.101800000295043 ], [ -1858742.034199999179691, 117265.429800007026643 ], [ -1858752.58519999939017, 117255.239999995566905 ], [ -1858762.8187, 117243.993299996946007 ], [ -1858773.690400001825765, 117234.117700005881488 ], [ -1858784.37920000217855, 117223.952500010840595 ], [ -1858795.367799999890849, 117214.169200006406754 ], [ -1858806.646199997514486, 117205.24210000783205 ], [ -1858817.445799997309223, 117195.381599997635931 ], [ -1858829.818700002273545, 117186.367100006900728 ], [ -1858841.946199996164069, 117176.550200001802295 ], [ -1858855.7727, 117167.557999999728054 ], [ -1858869.505600003292784, 117158.190100002102554 ], [ -1858883.78689999692142, 117149.327900004573166 ], [ -1858899.140500000212342, 117140.776900007855147 ], [ -1858914.352099994663149, 117131.349499999545515 ], [ -1858931.083999999798834, 117122.857799996621907 ], [ -1858947.714900000486523, 117113.434100000187755 ], [ -1858965.268199995160103, 117104.407300004735589 ], [ -1858983.273699998855591, 117095.03159999800846 ], [ -1859002.744600003119558, 117085.729000013321638 ], [ -1859023.079600000288337, 117076.522199997212738 ], [ -1859044.474300001980737, 117066.790300006978214 ], [ -1859068.33610000112094, 117056.692300006281585 ], [ -1859095.720800000941381, 117044.72700001206249 ], [ -1859106.222499998053536, 117040.807200003881007 ], [ -1859116.591499998699874, 117036.731900000479072 ], [ -1859127.054599996190518, 117032.880000005941838 ], [ -1859138.121199996909127, 117029.068100002594292 ], [ -1859149.953199999872595, 117025.845100010745227 ], [ -1859161.606699998723343, 117022.335699996910989 ], [ -1859174.001599998911843, 117018.819600005168468 ], [ -1859186.684399996884167, 117015.611200011800975 ], [ -1859209.414999997476116, 117010.466200012713671 ], [ -1859233.925299996277317, 117005.168300005141646 ], [ -1859257.729699996067211, 117000.353700011502951 ], [ -1859315.89919999986887, 116988.688900007866323 ], [ -1859345.25990000157617, 116982.166700004599988 ], [ -1859373.882099997019395, 116976.043800014071167 ], [ -1859399.018999997992069, 116969.338900005444884 ], [ -1859411.379199999850243, 116965.863600002136081 ], [ -1859424.008800000417978, 116962.626700004562736 ], [ -1859435.632500002160668, 116958.569000004790723 ], [ -1859446.641299998154864, 116954.753699996974319 ], [ -1859456.833599998615682, 116950.838399997912347 ], [ -1859468.127900001360103, 116946.684800004586577 ], [ -1859477.659899994032457, 116942.45240000449121 ], [ -1859487.561299997149035, 116937.629700007848442 ], [ -1859509.472899999236688, 116927.25010000821203 ], [ -1859532.109700003638864, 116915.398400003556162 ], [ -1859554.924299998674542, 116902.425199998077005 ], [ -1859579.033699997700751, 116888.117899996694177 ], [ -1859603.61000000173226, 116873.013300004880875 ], [ -1859630.124799999175593, 116856.154700002167374 ], [ -1859659.480200001271442, 116837.96090000635013 ], [ -1859694.048099997686222, 116815.770500001497567 ], [ -1859714.52980000176467, 116803.145700010936707 ], [ -1859734.934600000735372, 116789.852300013415515 ], [ -1859755.372099998407066, 116776.12579999351874 ], [ -1859775.848200002452359, 116761.961399996187538 ], [ -1859796.36780000012368, 116747.355100001208484 ], [ -1859815.990400003269315, 116732.136199994012713 ], [ -1859836.6218, 116716.62560000596568 ], [ -1859857.0803, 116700.935600012075156 ], [ -1859877.797900000354275, 116684.101200006436557 ], [ -1859897.656499997712672, 116666.621400005649775 ], [ -1859917.617499997839332, 116648.648300006520003 ], [ -1859937.940499997930601, 116630.543199996463954 ], [ -1859958.393199994927272, 116611.918600005563349 ], [ -1859979.000799999805167, 116592.749699993990362 ], [ -1860001.043099998962134, 116573.279399998020381 ], [ -1860022.101399996317923, 116553.331100000999868 ], [ -1860046.40199999557808, 116530.34760000789538 ], [ -1860069.49649999756366, 116506.633300012908876 ], [ -1860093.594099994981661, 116483.27820000750944 ], [ -1860116.048599998932332, 116458.976899995468557 ], [ -1860139.439899998949841, 116434.648300002794713 ], [ -1860163.2538, 116412.096400001551956 ], [ -1860188.115199998952448, 116388.734999996609986 ], [ -1860214.175299997907132, 116365.724500003270805 ], [ -1860238.351499999174848, 116342.244600008241832 ], [ -1860262.25259999698028, 116318.00259999698028 ], [ -1860285.897900000913069, 116293.386300015728921 ], [ -1860309.15889999573119, 116268.557300007902086 ], [ -1860330.580999996513128, 116242.790100005920976 ], [ -1860351.683100001886487, 116216.729399999137968 ], [ -1860371.010400003055111, 116189.650000012479722 ], [ -1860392.276400000555441, 116164.575300007127225 ], [ -1860378.638099997537211, 116186.20799999544397 ], [ -1860376.20130000077188, 116189.341000000946224 ], [ -1860372.496700000949204, 116195.371600004844368 ], [ -1860346.405299994628876, 116234.302400002256036 ], [ -1860359.07520000054501, 116217.220099996309727 ], [ -1860372.496700000949204, 116195.371600004844368 ], [ -1860378.638099997537211, 116186.20799999544397 ], [ -1860396.142200000584126, 116163.703300000168383 ], [ -1860416.529899998800829, 116138.55790000455454 ], [ -1860437.346699999878183, 116115.159500000998378 ], [ -1860458.415300002321601, 116091.362900003790855 ], [ -1860479.930699996417388, 116068.058800006750971 ], [ -1860500.329099998343736, 116045.070700000040233 ], [ -1860522.738200000254437, 116022.751099994871765 ], [ -1860545.594300003023818, 116000.923799994401634 ], [ -1860567.333299995400012, 115979.412700000219047 ], [ -1860594.146699994802475, 115961.651099997572601 ], [ -1860623.519299995852634, 115948.96699999878183 ], [ -1860650.124400000553578, 115932.262600011657923 ], [ -1860679.148200001800433, 115916.752700002398342 ], [ -1860690.005599999334663, 115912.52950000250712 ], [ -1860700.217099998146296, 115906.796699996571988 ], [ -1860711.718199999071658, 115902.865400007925928 ], [ -1860720.609299998730421, 115896.715100004337728 ], [ -1860732.586199997924268, 115891.901400005910546 ], [ -1860742.147000001976267, 115886.020500015001744 ], [ -1860754.805799998575822, 115881.466799998190254 ], [ -1860765.061500003794208, 115875.836400001775473 ], [ -1860775.661299997009337, 115870.332400016020983 ], [ -1860789.382300001103431, 115866.139200002886355 ], [ -1860800.726799995172769, 115860.851300000213087 ], [ -1860815.399399996269494, 115858.020500010810792 ], [ -1860827.534600001294166, 115852.92180000199005 ], [ -1860839.907400001538917, 115846.743700000457466 ], [ -1860855.84370000148192, 115844.155500005465001 ], [ -1860869.309199998620898, 115839.266000006347895 ], [ -1860895.357300000265241, 115834.168900012038648 ], [ -1860919.789499998092651, 115825.592200001236051 ], [ -1860951.022000002209097, 115824.948299995157868 ], [ -1860987.707300000824034, 115829.323099995497614 ], [ -1861015.860599998384714, 115827.34419999923557 ], [ -1861048.707399998325855, 115827.286600003950298 ], [ -1861160.654700000537559, 115822.460499996319413 ], [ -1861204.803899999242276, 115821.923500001896173 ], [ -1861245.20669999695383, 115817.800600001122802 ], [ -1861279.857299994211644, 115811.784099998418242 ], [ -1861301.922600001795217, 115811.125399998389184 ], [ -1861319.756099997088313, 115807.326400014571846 ], [ -1861341.148700001183897, 115809.512400003150105 ], [ -1861357.313800001051277, 115805.752999997697771 ], [ -1861377.400100000668317, 115807.865200012456626 ], [ -1861396.89290000195615, 115809.912800006102771 ], [ -1861411.289099998772144, 115805.954400005284697 ], [ -1861428.305300001520663, 115805.141900002025068 ], [ -1861448.180900001898408, 115805.732700015418231 ], [ -1861467.389799997443333, 115806.159600002225488 ], [ -1861481.418599996948615, 115800.482699999120086 ], [ -1861497.976699996506795, 115797.854600004386157 ], [ -1861515.3189, 115797.703400001861155 ], [ -1861532.620400000130758, 115795.53060000622645 ], [ -1861546.190299999434501, 115789.892099999822676 ], [ -1861562.34159999829717, 115787.260600000154227 ], [ -1861574.791000002995133, 115781.1338000013493 ], [ -1861589.835999999893829, 115777.997499996330589 ], [ -1861604.331699998117983, 115774.603600000031292 ], [ -1861614.958499998785555, 115767.384599994402379 ], [ -1861625.218799997586757, 115760.213800000492483 ], [ -1861628.13209999888204, 115759.932499995455146 ], [ -1861039.211154199671, 116680.954729163553566 ], [ -1860911.079292585607618, 116881.342053900938481 ], [ -1860583.17043176968582, 117394.16360000288114 ], [ -1860575.386199998436496, 117406.337475883308798 ], [ -1860526.595814801752567, 117482.641485202126205 ], [ -1860298.669552798150107, 117839.098757467698306 ], [ -1859840.118827772792429, 118556.233058709651232 ], [ -1859606.15139999683015, 118922.138199996668845 ], [ -1858352.881700000260025, 119378.585747896227986 ], [ -1857740.265099998097867, 119601.703999994788319 ], [ -1857768.641199996927753, 119571.430600002873689 ], [ -1857820.775600000983104, 119515.155800005421042 ], [ -1857840.9971, 119492.595400002785027 ], [ -1857861.878699997439981, 119470.561899998690933 ], [ -1857880.547699997434393, 119451.369600007776171 ], [ -1857902.220500001916662, 119429.331600001547486 ], [ -1857912.57240000157617, 119419.771099998150021 ], [ -1857923.174800002481788, 119409.837700008880347 ], [ -1857933.493400002364069, 119401.148500013630837 ], [ -1857943.156799997901544, 119392.578500000294298 ], [ -1857953.931099995970726, 119384.077799992635846 ], [ -1857963.428699997719377, 119376.222600005567074 ], [ -1857988.857999999308959, 119356.932700014673173 ], [ -1858013.92600000044331, 119338.581200000829995 ], [ -1858038.311500002630055, 119322.222799995914102 ], [ -1858063.061899999389425, 119306.197900014929473 ], [ -1858088.747900003334507, 119291.304700001142919 ], [ -1858114.449099999852479, 119276.442999997641891 ], [ -1858140.541400000918657, 119264.022599999792874 ], [ -1858165.912199998740107, 119251.045400015544146 ], [ -1858175.748199997469783, 119247.201999995391816 ], [ -1858185.485700001707301, 119242.795400004833937 ], [ -1858196.50780000211671, 119238.97420000936836 ], [ -1858207.012299995869398, 119234.901499999687076 ], [ -1858218.952300001401454, 119232.150199995841831 ], [ -1858230.524999994318932, 119228.51039999909699 ], [ -1858243.444299996830523, 119226.018199995625764 ], [ -1858257.511100001400337, 119223.368300001136959 ], [ -1858268.925299999536946, 119220.703699997626245 ], [ -1858281.724799997638911, 119219.079699997790158 ], [ -1858310.04969999846071, 119216.114699995145202 ], [ -1858337.368700000224635, 119212.677000011783093 ], [ -1858392.569300000555813, 119207.988684439565986 ] ] ] } },
{ "type": "Feature", "properties": { "ID": 775, "YEAR": "2012-2013", "Perimtr_KM": 25.322535820900001, "AREA_KM": 13.4687597083, "SCALE": 2, "THICKNES_M": 178.47785218600001, "VOLUME_KM": 2.4038753043500001, "MASS_GT": 2.2043536540900002, "RECURRANCE": "6-8", "UA_KM": 0.1266126791, "UH_M": 14.813661658399999, "UC_KM": 0.1839306282, "REGION": "West", "ICESHELF": "Venable" }, "geometry": { "type": "Polygon", "coordinates": [ [ [ -1849046.571949004894122, 133439.455745931714773 ], [ -1849038.980300001334399, 133432.89200000371784 ], [ -1849026.474300001282245, 133421.218900001142174 ], [ -1849013.722199997631833, 133409.893299997784197 ], [ -1849002.799800001317635, 133399.297300001140684 ], [ -1848989.611099999863654, 133388.725300005637109 ], [ -1848976.232899997150525, 133378.558400011621416 ], [ -1848961.142199997790158, 133366.703900003340095 ], [ -1848945.899300002725795, 133355.288199995644391 ], [ -1848930.522799995727837, 133344.327100015245378 ], [ -1848918.122799999080598, 133336.099400000181049 ], [ -1848909.108352646697313, 133331.388273592572659 ], [ -1848906.265799995046109, 133329.902700001839548 ], [ -1848896.294599996879697, 133324.231400012504309 ], [ -1848884.094399999827147, 133318.360399994067848 ], [ -1848871.722599999280646, 133312.652399993035942 ], [ -1848861.236599997850135, 133307.469599998556077 ], [ -1848849.396100000478327, 133304.05250000488013 ], [ -1848831.314199994783849, 133285.908600006718189 ], [ -1848813.063099997583777, 133267.869299999438226 ], [ -1848797.21229999512434, 133250.040600007399917 ], [ -1848778.932799998903647, 133229.829300015699118 ], [ -1848761.710600001970306, 133211.334600003901869 ], [ -1848744.116999995429069, 133190.819600000046194 ], [ -1848740.175581474089995, 133186.338956925086677 ], [ -1848727.580899997847155, 133172.021200003102422 ], [ -1848711.387799997581169, 133153.070899998303503 ], [ -1848694.823199996026233, 133132.100500010419637 ], [ -1848679.316099996911362, 133112.846500006504357 ], [ -1848667.552199997007847, 133092.297200002707541 ], [ -1848656.131199996452779, 133071.596000011079013 ], [ -1848643.561700000427663, 133048.129700000397861 ], [ -1848631.335099997231737, 133024.51169999781996 ], [ -1848619.451499997870997, 133000.741700002457947 ], [ -1848605.062999998452142, 132970.640900000464171 ], [ -1848591.115999998059124, 132939.733000005595386 ], [ -1848577.602299995487556, 132907.998400001786649 ], [ -1848564.511699997121468, 132875.412299996707588 ], [ -1848551.836499998578802, 132841.955100006889552 ], [ -1848539.561200000112876, 132807.584299997892231 ], [ -1848527.672600001795217, 132772.259800008498132 ], [ -1848515.408799997298047, 132734.623100008815527 ], [ -1848789.317673025652766, 132039.540410029701889 ], [ -1848996.596279789693654, 131513.54148939345032 ], [ -1849227.11865410162136, 130928.558205485809594 ], [ -1849505.016366917639971, 130223.353267700411379 ], [ -1849757.672952495515347, 129582.201277251821011 ], [ -1850516.939899999648333, 127655.453499994240701 ], [ -1850531.270799997029826, 127639.944200006313622 ], [ -1850544.620999999111518, 127624.114100005477667 ], [ -1850557.185300000244752, 127608.416600002907217 ], [ -1850568.967900002142414, 127592.845499997958541 ], [ -1850579.972099997801706, 127577.396099998615682 ], [ -1850585.988099996931851, 127568.040499998722225 ], [ -1850592.038999997079372, 127558.966000000946224 ], [ -1850598.09719999646768, 127549.280200012028217 ], [ -1850603.536399999633431, 127539.704099996946752 ], [ -1850609.07219999586232, 127530.110600001178682 ], [ -1850614.677800000878051, 127520.239600003696978 ], [ -1850619.642899997765198, 127510.143199997022748 ], [ -1850625.27589999535121, 127500.677100005093962 ], [ -1850629.832800000207499, 127489.645300007425249 ], [ -1850634.320300001651049, 127479.036099997349083 ], [ -1850638.902199994074181, 127468.415000001434237 ], [ -1850643.641799997771159, 127458.114500002469867 ], [ -1850647.648099996615201, 127447.002100001089275 ], [ -1850651.40280000353232, 127435.131700008641928 ], [ -1850655.913099997211248, 127424.491800006013364 ], [ -1850659.434500001836568, 127412.886799999047071 ], [ -1850665.992699996568263, 127389.181699998211116 ], [ -1850672.634299998637289, 127365.051100008189678 ], [ -1850677.883399999234825, 127340.088600000366569 ], [ -1850873.860582485795021, 127168.608937803190202 ], [ -1851889.299818315776065, 126280.101536430884153 ], [ -1855044.845800001872703, 123519.004800005815923 ], [ -1854870.64876836608164, 124057.747781573794782 ], [ -1854631.974799999501556, 124795.89999999338761 ], [ -1851827.385799999814481, 127706.322500000242144 ], [ -1851404.051699999487028, 129981.743699996266514 ], [ -1851387.516648878110573, 130014.813800001051277 ], [ -1851367.867800001520663, 130054.11149510089308 ], [ -1851367.672847541281953, 130054.501400001347065 ], [ -1851090.054699997417629, 130609.737657613586634 ], [ -1849922.381999999051914, 132945.082900001201779 ], [ -1849507.568059707060456, 133589.689672026317567 ], [ -1849271.300199997611344, 133956.841900009196252 ], [ -1849270.437799996929243, 133948.048399995546788 ], [ -1849269.383099998114631, 133939.018900001421571 ], [ -1849265.957199995871633, 133927.784499994013458 ], [ -1849264.519499995280057, 133918.274100004229695 ], [ -1849265.184999997727573, 133909.277699993923306 ], [ -1849263.365700000664219, 133899.271299994084984 ], [ -1849259.157000001287088, 133878.477899993304163 ], [ -1849254.192499998724088, 133856.681400003843009 ], [ -1849248.473199999891222, 133833.670900003053248 ], [ -1849244.171299998415634, 133811.241000001784414 ], [ -1849238.163299997337162, 133784.675299993250519 ], [ -1849234.406299997121096, 133768.305100007914007 ], [ -1849230.041299998527393, 133753.024300005752593 ], [ -1849225.299699995201081, 133736.431600006297231 ], [ -1849221.610899996012449, 133721.858100007753819 ], [ -1849215.780699999537319, 133706.305599993094802 ], [ -1849209.584000001195818, 133689.485199998132885 ], [ -1849204.451900001149625, 133674.730600002221763 ], [ -1849197.307199999690056, 133657.838899995200336 ], [ -1849189.578899999381974, 133642.135600003413856 ], [ -1849183.047399997711182, 133627.342999995686114 ], [ -1849176.064499997533858, 133612.577700003050268 ], [ -1849166.982299995608628, 133596.957000000867993 ], [ -1849159.121699997456744, 133582.30429999763146 ], [ -1849150.837000002153218, 133567.738900009077042 ], [ -1849142.139200000325218, 133553.281700005754828 ], [ -1849131.3838, 133538.051800007931888 ], [ -1849121.865899995202199, 133523.827900006901473 ], [ -1849109.912599998759106, 133509.415800004731864 ], [ -1849099.251600002869964, 133496.10250000981614 ], [ -1849088.24189999839291, 133483.007700002752244 ], [ -1849076.898900000378489, 133470.153400006238371 ], [ -1849065.239100002218038, 133457.561900001484901 ], [ -1849053.279499999480322, 133445.255100000184029 ], [ -1849046.571949004894122, 133439.455745931714773 ] ] ] } },
{ "type": "Feature", "properties": { "ID": 776, "YEAR": "2012-2013", "Perimtr_KM": 8.6838454305900008, "AREA_KM": 3.1194065261900001, "SCALE": 1, "THICKNES_M": 277.08350699300001, "VOLUME_KM": 0.86433610001000005, "MASS_GT": 0.79259620370999995, "RECURRANCE": "1-2", "UA_KM": 0.04341922715, "UH_M": 22.997930967, "UC_KM": 0.06613399687, "REGION": "East", "ICESHELF": "West" }, "geometry": { "type": "Polygon", "coordinates": [ [ [ 2465388.785400004126132, 358117.123100006952882 ], [ 2465661.165618541650474, 357715.720718328841031 ], [ 2465702.978800008073449, 357654.10130000859499 ], [ 2465726.613710111007094, 357711.103157351259142 ], [ 2465984.099100008606911, 358332.09750000666827 ], [ 2466248.683000002987683, 358199.805500003509223 ], [ 2466843.996700006537139, 357604.491800013463944 ], [ 2467006.575258927419782, 357160.527194957248867 ], [ 2467090.102000004611909, 356932.434900005348027 ], [ 2465258.472300004214048, 356621.922999994829297 ], [ 2464957.237200001254678, 356832.144200006499887 ], [ 2464828.447901891544461, 357288.950910760089755 ], [ 2464671.188641305081546, 357846.738604452461004 ], [ 2464413.132399996742606, 358762.046199994627386 ], [ 2464634.570718535222113, 358769.682007270865142 ], [ 2464892.690700004808605, 358778.582699997816235 ], [ 2465388.785400004126132, 358117.123100006952882 ] ] ] } },
{ "type": "Feature", "properties": { "ID": 777, "YEAR": "2012-2013", "Perimtr_KM": 9.6508455561600002, "AREA_KM": 3.6538312135500002, "SCALE": 1, "THICKNES_M": 287.83503824899998, "VOLUME_KM": 1.0517006471100001, "MASS_GT": 0.9644094934, "RECURRANCE": "2-3", "UA_KM": 0.04825422778, "UH_M": 23.8903080569, "UC_KM": 0.08047004782, "REGION": "East", "ICESHELF": "West" }, "geometry": { "type": "Polygon", "coordinates": [ [ [ 2459920.489427744410932, 361911.211136574856937 ], [ 2460636.453497738577425, 361801.827732810750604 ], [ 2460725.494800005108118, 361788.224200001917779 ], [ 2460854.315576274879277, 361717.352380538824946 ], [ 2461221.510400004684925, 361515.337100005708635 ], [ 2460595.331699999049306, 361237.83199999993667 ], [ 2459785.339497985318303, 361105.723598670680076 ], [ 2459766.441844403743744, 361102.641422324348241 ], [ 2459738.701839299872518, 361098.117072933353484 ], [ 2459597.173300010152161, 361075.034000008367002 ], [ 2459683.94785641040653, 361003.902083368040621 ], [ 2459712.542572156526148, 360980.462067985441536 ], [ 2459740.723314526490867, 360957.361399995163083 ], [ 2459845.367785518057644, 360871.580935115925968 ], [ 2460145.889572559855878, 360625.23348497832194 ], [ 2460172.78759999666363, 360603.184299998916686 ], [ 2459884.45903468132019, 360567.359806959051639 ], [ 2458853.841000002808869, 360439.306700005661696 ], [ 2458219.735100005753338, 360636.661000001244247 ], [ 2457510.757500005885959, 361746.901099994312972 ], [ 2457815.072399996221066, 362019.734999999869615 ], [ 2459534.867499995976686, 361970.125600009225309 ], [ 2459920.489427744410932, 361911.211136574856937 ] ] ] } },
{ "type": "Feature", "properties": { "ID": 779, "YEAR": "2012-2013", "Perimtr_KM": 6.5081506983799997, "AREA_KM": 1.13140278119, "SCALE": 1, "THICKNES_M": 225.00813293499999, "VOLUME_KM": 0.25457482738999998, "MASS_GT": 0.23344511672000001, "RECURRANCE": "2-3", "UA_KM": 0.03254075349, "UH_M": 18.675674941499999, "UC_KM": 0.01947859269, "REGION": "East", "ICESHELF": "Sorsdal" }, "geometry": { "type": "Polygon", "coordinates": [ [ [ 2290085.357524316757917, 493205.290290117263794 ], [ 2290542.375778249464929, 492978.537770662456751 ], [ 2290741.078799999319017, 492879.950000000651926 ], [ 2290615.78332257270813, 492781.199222083203495 ], [ 2290183.903399999253452, 492440.81600000243634 ], [ 2289956.940599999390543, 492731.157199999317527 ], [ 2289299.245400005951524, 491617.492400006391108 ], [ 2288684.837599998340011, 491303.001400007400662 ], [ 2288671.295799997635186, 491379.031499998178333 ], [ 2289162.880200003273785, 491962.073400006163865 ], [ 2289335.512025813572109, 492488.600464642513543 ], [ 2289528.568351999856532, 493077.422254950273782 ], [ 2289586.21440000180155, 493253.24270000634715 ], [ 2289761.211318261921406, 493263.536633514799178 ], [ 2289946.048400005325675, 493274.409400011878461 ], [ 2290085.357524316757917, 493205.290290117263794 ] ] ] } },
{ "type": "Feature", "properties": { "ID": 781, "YEAR": "2012-2013", "Perimtr_KM": 10.231519264399999, "AREA_KM": 1.93472147816, "SCALE": 1, "THICKNES_M": 147.05995178200001, "VOLUME_KM": 0.28452004729000002, "MASS_GT": 0.26090488337000001, "RECURRANCE": "2-3", "UA_KM": 0.05115759632, "UH_M": 12.2059759377, "UC_KM": 0.02176982764, "REGION": "Peninsula", "ICESHELF": "Verdi" }, "geometry": { "type": "Polygon", "coordinates": [ [ [ -1943841.764499998651445, 532940.991899995598942 ], [ -1943848.360199995338917, 532921.328800004906952 ], [ -1943844.0435, 532932.640700011514127 ], [ -1943847.399799996288493, 532920.342300006654114 ], [ -1943847.495599999092519, 532900.970000009052455 ], [ -1943847.79950000019744, 532881.661599998362362 ], [ -1943848.311400002334267, 532862.417300005443394 ], [ -1943849.031299997819588, 532843.236900000367314 ], [ -1943849.959200000856072, 532824.120600005611777 ], [ -1943851.095199995441362, 532805.068199998233467 ], [ -1943852.439099999610335, 532786.079800004139543 ], [ -1943853.33269999595359, 532766.368500000797212 ], [ -1943855.09260000102222, 532747.508100004866719 ], [ -1943857.060599997872487, 532728.711699994280934 ], [ -1943859.236499997321516, 532709.979300003033131 ], [ -1943861.620499995304272, 532691.310999995563179 ], [ -1943864.21250000060536, 532672.706600002478808 ], [ -1943883.130600003525615, 532653.002400002907962 ], [ -1943910.034000002779067, 532632.095500004012138 ], [ -1943931.17159999650903, 532611.86020000372082 ], [ -1943952.517099999822676, 532591.688999994192272 ], [ -1943980.044599998742342, 532570.973999994341284 ], [ -1944001.806099995970726, 532550.930699998512864 ], [ -1944020.799799996893853, 532530.269500004593283 ], [ -1944043.236599998548627, 532508.586600004229695 ], [ -1944060.689899995457381, 532487.939099999610335 ], [ -1944083.542800003197044, 532466.384199997410178 ], [ -1944103.876800000434741, 532446.238100000657141 ], [ -1944108.964899996761233, 532428.40160000603646 ], [ -1944114.261000000406057, 532410.62919999519363 ], [ -1944117.17939999839291, 532393.215900002513081 ], [ -1944122.496099998708814, 532376.491300003603101 ], [ -1944128.416199997300282, 532358.910900003276765 ], [ -1944132.03520000143908, 532341.650900004431605 ], [ -1944138.285099997418001, 532324.770200001541525 ], [ -1944145.382099996786565, 532306.695800004526973 ], [ -1944150.359199997968972, 532288.606600000057369 ], [ -1944158.002000000327826, 532270.80640001129359 ], [ -1944163.959399997955188, 532251.977499998174608 ], [ -1944172.639600002439693, 532233.306900003924966 ], [ -1944183.707300000824034, 532212.807199996896088 ], [ -1944209.054999999003485, 532191.416700004134327 ], [ -1944230.724099998362362, 532168.89490000763908 ], [ -1944263.566899999277666, 532143.913300006184727 ], [ -1944290.699699999764562, 532118.656200009398162 ], [ -1944361.836500001838431, 532063.20220001321286 ], [ -1944461.195099996170029, 531979.472000005189329 ], [ -1944481.806499997619539, 531942.377800001762807 ], [ -1944501.450100002810359, 531905.355700007174164 ], [ -1944521.630499999504536, 531868.479899993631989 ], [ -1944539.950499997008592, 531832.79409999679774 ], [ -1944558.784500000299886, 531797.292500014882535 ], [ -1944588.585299995727837, 531759.829300006851554 ], [ -1944628.608999999472871, 531721.903400001581758 ], [ -1944671.49439999461174, 531683.195399998687208 ], [ -1944733.335000002291054, 531634.033000002149493 ], [ -1944791.659400000469759, 531587.577300005126745 ], [ -1944851.061299996217713, 531542.272300011944026 ], [ -1944917.311899999156594, 531496.877000011038035 ], [ -1944957.414899999508634, 531460.678500001784414 ], [ -1944980.60770000028424, 531428.635700003709644 ], [ -1945004.176300001796335, 531396.972800002899021 ], [ -1945019.279568701051176, 531377.801456069108099 ], [ -1945029.5863, 531364.718599999323487 ], [ -1945040.268999997060746, 531350.848700006958097 ], [ -1945053.127299999818206, 531335.991800006013364 ], [ -1945066.709000000730157, 531321.105900011956692 ], [ -1945086.0456000007689, 531307.504600014071912 ], [ -1945098.239731048233807, 531299.204108024947345 ], [ -1945106.170599997509271, 531293.805600005201995 ], [ -1945128.649699997389689, 531278.936100012622774 ], [ -1945150.597999997437, 531264.803700000979006 ], [ -1945163.921100001083687, 531255.991900011431426 ], [ -1945797.505899995798245, 530933.468499994836748 ], [ -1946902.482100001070648, 531009.881900008302182 ], [ -1946124.117015161551535, 531375.103921126108617 ], [ -1945560.364300002576783, 531639.626200004480779 ], [ -1945350.883247807156295, 531843.735940251965076 ], [ -1945088.014746402390301, 532099.864220009651035 ], [ -1944918.705032320693135, 532264.832657017745078 ], [ -1944802.655060403514653, 532377.906987009104341 ], [ -1944745.179147795308381, 532433.909157469402999 ], [ -1944637.138948158826679, 532539.179094078484923 ], [ -1944270.51799999573268, 532896.399499998893589 ], [ -1943696.800100000342354, 534269.968300003092736 ], [ -1943699.824999998323619, 534258.213700001593679 ], [ -1943700.356000000610948, 534246.007700001820922 ], [ -1943702.708500002045184, 534233.660400005988777 ], [ -1943704.726999997859821, 534221.005500010214746 ], [ -1943706.411100002471358, 534208.050500003155321 ], [ -1943707.764800001401454, 534194.769700004253536 ], [ -1943708.789199999533594, 534181.151900006923825 ], [ -1943709.485399994533509, 534167.183400007896125 ], [ -1943709.854099998716265, 534152.853000007104129 ], [ -1943709.895999998319894, 534138.138200005982071 ], [ -1943709.611199997365475, 534123.018200005870312 ], [ -1943708.999199999729171, 534107.466100003104657 ], [ -1943708.2148999995552, 534093.792600012384355 ], [ -1943707.1886, 534079.755600004922599 ], [ -1943705.918600001605228, 534065.327200005762279 ], [ -1943704.401299997232854, 534050.470199993811548 ], [ -1943703.430999998468906, 534019.327700003050268 ], [ -1943724.075000000651926, 533986.04610000224784 ], [ -1943744.563500000629574, 533956.74560001026839 ], [ -1943767.77859999705106, 533924.539100002031773 ], [ -1943788.265799996443093, 533822.279900009743869 ], [ -1943782.732200002297759, 533788.227799995802343 ], [ -1943778.037099998677149, 533757.434500004164875 ], [ -1943773.79770000022836, 533730.206600013654679 ], [ -1943770.816700001247227, 533711.113500002771616 ], [ -1943768.803199997637421, 533691.405900005251169 ], [ -1943764.890100000891834, 533670.744600006379187 ], [ -1943760.444199997931719, 533648.939500003587455 ], [ -1943756.077399995643646, 533625.692800006363541 ], [ -1943750.797899996396154, 533599.898100013844669 ], [ -1943757.583199999295175, 533485.749200012069196 ], [ -1943772.99030000064522, 533435.855599994771183 ], [ -1943782.109799994854257, 533408.211500014178455 ], [ -1943778.511300002923235, 533385.412600000854582 ], [ -1943775.89889999688603, 533364.427000006660819 ], [ -1943774.471799995284528, 533343.387400004547089 ], [ -1943767.257599999196827, 533294.632199993357062 ], [ -1943760.626499998383224, 533245.048800003714859 ], [ -1943754.79589999653399, 533196.081299999263138 ], [ -1943750.955999999539927, 533147.491599995177239 ], [ -1943766.565999997779727, 533095.708800001069903 ], [ -1943800.260499995667487, 533037.986800001468509 ], [ -1943829.620599996298552, 532979.944800006225705 ], [ -1943841.065800000913441, 532943.074700004421175 ], [ -1943841.45769999595359, 532942.115999997593462 ], [ -1943841.764499998651445, 532940.991899995598942 ] ] ] } },
{ "type": "Feature", "properties": { "ID": 782, "YEAR": "2012-2013", "Perimtr_KM": 5.4012380271499998, "AREA_KM": 1.26935178765, "SCALE": 1, "THICKNES_M": 160.64584655799999, "VOLUME_KM": 0.20391609251000001, "MASS_GT": 0.18699105683, "RECURRANCE": "1-2", "UA_KM": 0.02700619014, "UH_M": 13.333605198600001, "UC_KM": 0.01560247943, "REGION": "Peninsula", "ICESHELF": "Verdi" }, "geometry": { "type": "Polygon", "coordinates": [ [ [ -1942773.468417275696993, 537867.047018531244248 ], [ -1942771.181899994146079, 537860.300899998750538 ], [ -1942763.962099998025224, 537837.422200006432831 ], [ -1942756.906100002815947, 537812.694900002796203 ], [ -1942749.488899998366833, 537787.04420000500977 ], [ -1942744.045800000661984, 537760.761899999342859 ], [ -1942738.1469, 537733.502100000157952 ], [ -1942732.582499995362014, 537705.178500006906688 ], [ -1942727.57570000179112, 537676.749200003687292 ], [ -1942723.296200000680983, 537650.414199996739626 ], [ -1942718.633900000713766, 537622.38390000583604 ], [ -1942725.393499996280298, 537589.29010000731796 ], [ -1942731.253499996848404, 537557.058300004340708 ], [ -1942729.045100001152605, 537501.400200008880347 ], [ -1942716.369963715784252, 537379.799045596271753 ], [ -1942715.647899996023625, 537372.871800012420863 ], [ -1942707.744699999457225, 537317.401700001675636 ], [ -1942699.23439999925904, 537253.12430000398308 ], [ -1942689.449099995195866, 537180.664500008802861 ], [ -1942714.532000001519918, 537111.671500001568347 ], [ -1942700.07519999681972, 536948.607099996879697 ], [ -1942688.989799996372312, 536868.616900006309152 ], [ -1942678.990899998461828, 536797.132699995767325 ], [ -1942676.017499999143183, 536764.579599996563047 ], [ -1942672.889100000960752, 536733.39939999487251 ], [ -1942668.764899999368936, 536683.801299995742738 ], [ -1942672.575600000564009, 536639.017 ], [ -1942677.050900002010167, 536596.666500001214445 ], [ -1942673.87480000173673, 536558.61970000108704 ], [ -1942672.554420600645244, 536535.045202917419374 ], [ -1942671.828999998047948, 536522.093300002627075 ], [ -1942669.767499998444691, 536486.103399994783103 ], [ -1942668.256299997679889, 536451.018300004303455 ], [ -1942667.292399995960295, 536416.766600000206381 ], [ -1942666.859000000171363, 536378.690299996640533 ], [ -1942667.132599994074553, 536341.540700007230043 ], [ -1942668.113599996548146, 536305.25370000069961 ], [ -1942671.409099995624274, 536269.099499995354563 ], [ -1942684.667399996193126, 536230.711599999573082 ], [ -1942697.988999996799976, 536193.828699996694922 ], [ -1942705.031700001098216, 536155.353500006254762 ], [ -1942709.869499998865649, 536134.238699997775257 ], [ -1942712.236200000159442, 536118.009000004269183 ], [ -1942714.514600000111386, 536101.60250000609085 ], [ -1942738.033217733725905, 536095.893354933243245 ], [ -1943287.668400002643466, 535962.469399995170534 ], [ -1943289.262696377467364, 536047.547274167649448 ], [ -1943301.412877889582887, 536695.928358039353043 ], [ -1943311.4014999975916, 537228.960200011264533 ], [ -1943360.102953927125782, 538075.079800026025623 ], [ -1943363.336399995721877, 538131.256400002166629 ], [ -1943238.092562816105783, 538138.518223818391562 ], [ -1943155.404451610986143, 538143.312603392638266 ], [ -1942967.701506301760674, 538154.195899120997638 ], [ -1942824.26949999621138, 538162.512300006579608 ], [ -1942825.498000000603497, 538145.123200004454702 ], [ -1942827.217799996491522, 538127.595100007019937 ], [ -1942829.429000002332032, 538109.92790000885725 ], [ -1942832.131499999668449, 538092.121700001414865 ], [ -1942833.250099999597296, 538072.526900002732873 ], [ -1942842.468400002690032, 538052.677900004666299 ], [ -1942842.180099999299273, 538037.602100010495633 ], [ -1942828.576099995989352, 538007.702799993101507 ], [ -1942817.880100001348183, 537982.975499995984137 ], [ -1942807.923500001430511, 537959.069700000341982 ], [ -1942798.041400001384318, 537934.855900005903095 ], [ -1942787.564300000201911, 537909.227600001730025 ], [ -1942779.097699996083975, 537883.655600005760789 ], [ -1942773.468417275696993, 537867.047018531244248 ] ] ] } },
{ "type": "Feature", "properties": { "ID": 783, "YEAR": "2012-2013", "Perimtr_KM": 5.4987876391399997, "AREA_KM": 1.04368095305, "SCALE": 1, "THICKNES_M": 213.361133575, "VOLUME_KM": 0.22268095123000001, "MASS_GT": 0.20419843228000001, "RECURRANCE": "2-3", "UA_KM": 0.0274939382, "UH_M": 17.708973999400001, "UC_KM": 0.01703825784, "REGION": "Peninsula", "ICESHELF": "Verdi" }, "geometry": { "type": "Polygon", "coordinates": [ [ [ -1944074.440478994511068, 542610.167693566065282 ], [ -1944061.536999999079853, 542604.587100004311651 ], [ -1944025.554999998304993, 542590.153599995188415 ], [ -1943989.924699998926371, 542575.685000009369105 ], [ -1943986.181100001093, 542564.518700011540204 ], [ -1943980.308299999451265, 542555.782300009857863 ], [ -1943974.772199995815754, 542546.988700005225837 ], [ -1943972.031499997479841, 542535.640599997248501 ], [ -1943967.157799998996779, 542526.714600003324449 ], [ -1943962.610399995464832, 542517.713600012939423 ], [ -1943960.850000000558794, 542506.142499993555248 ], [ -1943956.94909999682568, 542496.978799993172288 ], [ -1943953.368699998827651, 542487.727199996821582 ], [ -1943949.195299998857081, 542466.027400012128055 ], [ -1943942.977699996437877, 542445.600600011181086 ], [ -1943937.140500001609325, 542423.833400002215058 ], [ -1943934.087299996055663, 542398.014800006058067 ], [ -1943928.962499995017424, 542373.545300002675503 ], [ -1943923.940299999434501, 542346.681899994146079 ], [ -1943921.357399996835738, 542314.348100000526756 ], [ -1943915.31269999127835, 542275.758099998347461 ], [ -1943911.292399995494634, 542247.618100005201995 ], [ -1943910.262099996674806, 542216.604400003328919 ], [ -1943896.366399998776615, 542184.018300004769117 ], [ -1943827.211899997666478, 542134.826700005680323 ], [ -1943797.125199997099116, 542099.952899994794279 ], [ -1943795.772300001699477, 542070.198099995963275 ], [ -1943794.95989999640733, 542040.220500002615154 ], [ -1943794.688900003442541, 542010.058299995027483 ], [ -1943794.960299995262176, 541979.726900002919137 ], [ -1943795.774000000674278, 541949.291800000704825 ], [ -1943797.12889999570325, 541918.795999999623746 ], [ -1943798.148899996187538, 541888.921999997459352 ], [ -1943800.579499998362735, 541858.439800008200109 ], [ -1943801.936599995475262, 541830.355600013397634 ], [ -1943805.427499996498227, 541800.082299998961389 ], [ -1943809.440299997571856, 541769.98889999371022 ], [ -1943810.108013376127928, 541765.645464659202844 ], [ -1943811.3027000031434, 541757.874100009910762 ], [ -1943812.569999996107072, 541746.356600000523031 ], [ -1943814.99129999987781, 541734.157899999525398 ], [ -1943814.71579999756068, 541717.557200001552701 ], [ -1943797.014299999689683, 541691.173199999146163 ], [ -1943755.607599996030331, 541666.265999999828637 ], [ -1943758.502500002738088, 541655.322299994062632 ], [ -1943762.341899996623397, 541642.820900014601648 ], [ -1943766.466899995226413, 541630.249399999156594 ], [ -1943770.482700001914054, 541617.948000001721084 ], [ -1943775.193799995118752, 541605.189900006167591 ], [ -1943779.545799996703863, 541593.808099999558181 ], [ -1943784.857000001706183, 541580.825100005138665 ], [ -1943790.075299998512492, 541568.0693000103347 ], [ -1943795.350799998734146, 541556.292900003027171 ], [ -1943801.604899996425956, 541542.869599998928607 ], [ -1943807.860499997157604, 541529.477599995210767 ], [ -1943814.207499996293336, 541517.003099997993559 ], [ -1943821.172299995785579, 541503.169400013517588 ], [ -1943828.915800001937896, 541488.710100005846471 ], [ -1943844.549400003161281, 541460.703200008254498 ], [ -1943862.027499998454005, 541431.028600014280528 ], [ -1943880.153799999505281, 541401.846100002061576 ], [ -1943900.875199996400625, 541369.513300008140504 ], [ -1943921.858199996408075, 541338.000100007280707 ], [ -1943904.267400000244379, 541205.559300006367266 ], [ -1943925.051699998322874, 541177.064100002404302 ], [ -1943943.667299998225644, 541151.417599992826581 ], [ -1943964.200699996668845, 541121.874400015454739 ], [ -1943980.414700001245365, 541097.120500002522022 ], [ -1943995.393399999011308, 541070.472199997864664 ], [ -1944008.92720000166446, 541047.968000012915581 ], [ -1944016.944099999032915, 541032.266700014006346 ], [ -1944024.346399998292327, 541019.98850000044331 ], [ -1944031.515700002666563, 541004.783500005956739 ], [ -1944038.281899997964501, 540989.783300003036857 ], [ -1944044.475299996556714, 540978.117599997203797 ], [ -1944050.466899995692074, 540963.455300001427531 ], [ -1944056.081499998923391, 540948.936800004448742 ], [ -1944061.324999999254942, 540934.547200000379235 ], [ -1944066.02680000057444, 540923.409399999771267 ], [ -1944070.548000000882894, 540909.216899997089058 ], [ -1944074.709599999245256, 540895.116900003980845 ], [ -1944078.514300001552328, 540881.099600004963577 ], [ -1944081.964899997692555, 540867.154900004621595 ], [ -1944082.481799998320639, 540856.255300007294863 ], [ -1944087.628099997760728, 540842.613700004294515 ], [ -1944090.026000001467764, 540828.844800002407283 ], [ -1943920.331799996318296, 540634.225299997255206 ], [ -1943924.641100001521409, 540607.736200000159442 ], [ -1943926.866099994629622, 540592.694999999832362 ], [ -1943928.744099998148158, 540578.670599997509271 ], [ -1943930.310199995525181, 540565.399900014977902 ], [ -1944367.41530000208877, 540367.218300001695752 ], [ -1944535.10179999936372, 540900.061299992725253 ], [ -1944270.51799999573268, 541892.250800003297627 ], [ -1944387.057200001552701, 542650.923950005322695 ], [ -1944118.232200002297759, 542629.224000009708107 ], [ -1944105.108199999434873, 542623.431099998764694 ], [ -1944074.440478994511068, 542610.167693566065282 ] ] ] } },
{ "type": "Feature", "properties": { "ID": 784, "YEAR": "2012-2013", "Perimtr_KM": 12.4175937905, "AREA_KM": 3.8820369245399999, "SCALE": 1, "THICKNES_M": 193.73605526200001, "VOLUME_KM": 0.75209052014, "MASS_GT": 0.68966700697000005, "RECURRANCE": "2-3", "UA_KM": 0.06208796895, "UH_M": 16.080092507500002, "UC_KM": 0.05754561461, "REGION": "Peninsula", "ICESHELF": "Brahms" }, "geometry": { "type": "Polygon", "coordinates": [ [ [ -1957115.972911054966971, 565301.197994560468942 ], [ -1956793.209254179382697, 564443.799406547099352 ], [ -1956750.581235560588539, 564330.561121530365199 ], [ -1956566.396599999628961, 563841.287800013553351 ], [ -1956564.773800002411008, 563818.805700014345348 ], [ -1956561.818300001090392, 563766.656700005289167 ], [ -1956591.234199999831617, 563695.582600015681237 ], [ -1956575.831699998816475, 563471.864999998360872 ], [ -1956569.855699997395277, 563375.834300001617521 ], [ -1956566.581699996720999, 563324.080899999476969 ], [ -1956563.73919999692589, 563275.720300002489239 ], [ -1956610.905599995981902, 563204.354599995538592 ], [ -1956608.792199999559671, 563160.449700003489852 ], [ -1956606.690199999138713, 563109.717000001110137 ], [ -1956605.056399997323751, 563060.938099996186793 ], [ -1956603.880499996012077, 563013.799000005237758 ], [ -1956603.157399998512119, 562968.093200003262609 ], [ -1956603.636799997417256, 562922.911500010173768 ], [ -1956603.814099998679012, 562879.545100001618266 ], [ -1956603.689899996854365, 562837.884100006893277 ], [ -1956660.016302174888551, 562765.167730666231364 ], [ -1956664.342799995327368, 562759.58230001386255 ], [ -1956676.685300001874566, 562707.942500001285225 ], [ -1956678.940299994777888, 562664.514799999073148 ], [ -1956681.747699997853488, 562621.982300000730902 ], [ -1956685.110999999102205, 562580.289900008123368 ], [ -1956687.971900000236928, 562540.109499999321997 ], [ -1956692.46029999665916, 562499.94770001526922 ], [ -1956696.453899999149144, 562461.228800006210804 ], [ -1956702.083299996098503, 562422.459400004707277 ], [ -1956708.296399996150285, 562384.300400007050484 ], [ -1956747.970300000393763, 562327.439800008200109 ], [ -1956804.212600002065301, 562260.316100007388741 ], [ -1956824.940200000302866, 562215.907800014596432 ], [ -1956832.182299999054521, 562180.923800006043166 ], [ -1956840.022500003222376, 562146.489899999927729 ], [ -1956843.184369412716478, 562133.794147547800094 ], [ -1956848.465099998749793, 562112.590599996503443 ], [ -1956857.513799997977912, 562079.212599998340011 ], [ -1956873.551200000569224, 562022.181000004522502 ], [ -1956889.166199997533113, 561971.454799997154623 ], [ -1956902.739399997051805, 561925.494000005535781 ], [ -1956951.692100000567734, 561864.829700004309416 ], [ -1957003.308400001842529, 561804.500400002114475 ], [ -1957016.20622903900221, 561789.936645238194615 ], [ -1957020.865665016695857, 561784.675381291192025 ], [ -1957054.893500000238419, 561746.252399999182671 ], [ -1957070.769699995405972, 561707.585700001101941 ], [ -1957086.795100000686944, 561670.548200004268438 ], [ -1957095.030199998989701, 561652.273199996910989 ], [ -1957102.350099997594953, 561635.110600008629262 ], [ -1957109.736099999863654, 561618.308300007134676 ], [ -1957117.193199997302145, 561601.855700007639825 ], [ -1957124.726899999659508, 561585.741700007580221 ], [ -1957131.364999998826534, 561570.699200006667525 ], [ -1957139.062599999830127, 561555.24150000885129 ], [ -1957146.847500002011657, 561540.101699995342642 ], [ -1957154.727500001434237, 561525.266400004737079 ], [ -1957162.701100001111627, 561510.737900002859533 ], [ -1957170.771499996539205, 561496.511499999091029 ], [ -1957178.908397722057998, 561482.638286088127643 ], [ -1957178.941000001970679, 561482.582699997350574 ], [ -1957188.620499998563901, 561468.251800006721169 ], [ -1957201.219700000714511, 561452.820500008296221 ], [ -1957212.949600001331419, 561438.415500002447516 ], [ -1957224.355200000107288, 561424.250500003807247 ], [ -1957235.851099999621511, 561411.788800007663667 ], [ -1957246.439199996180832, 561400.027700004633516 ], [ -1957257.546399995684624, 561388.248100015800446 ], [ -1957271.359099998604506, 561375.415700002573431 ], [ -1957287.548599998466671, 561362.452400003094226 ], [ -1957304.354199999710545, 561349.358900010120124 ], [ -1957321.82819999800995, 561336.080900001339614 ], [ -1957340.052299994509667, 561322.53739999467507 ], [ -1957371.276700002606958, 561300.313099995721132 ], [ -1957402.654299998888746, 561275.71179999737069 ], [ -1957417.087616644799709, 561263.604482573457062 ], [ -1957426.968799996888265, 561255.315700008999556 ], [ -1957486.378699997439981, 561206.240699998103082 ], [ -1957516.565999997314066, 561180.577100008260459 ], [ -1957531.421700002392754, 561167.483700006268919 ], [ -1957545.136899996781722, 561155.009400005452335 ], [ -1957557.940899997483939, 561142.945900003891438 ], [ -1957569.952100003138185, 561131.180600005667657 ], [ -1957582.208799997810274, 561118.633499996736646 ], [ -1957593.25629999791272, 561106.492000005673617 ], [ -1957603.612899995874614, 561094.453700001351535 ], [ -1957612.859800000675023, 561082.711600000504404 ], [ -1957621.956500002881512, 561070.737700000405312 ], [ -1957629.9992999965325, 561058.989399998448789 ], [ -1957637.926200000802055, 561046.962699999567121 ], [ -1957645.293400003109127, 561034.873599995858967 ], [ -1957649.712599999038503, 561026.819300001021475 ], [ -1957655.260899995919317, 561017.670300003606826 ], [ -1957661.988199998158962, 561007.335800005123019 ], [ -1957669.292400001082569, 560995.921599993482232 ], [ -1957681.823999996762723, 560974.685699994210154 ], [ -1957703.70320221176371, 560937.362037385348231 ], [ -1957712.614899997133762, 560922.159600011073053 ], [ -1957721.842599996831268, 560907.887699993792921 ], [ -1957730.281299998052418, 560895.424800002481788 ], [ -1957740.923699996899813, 560881.844299997203052 ], [ -1957750.003999997163191, 560869.952400005888194 ], [ -1957759.1717999947723, 560858.902900006156415 ], [ -1957768.486699997913092, 560848.602300002239645 ], [ -1957778.866199999582022, 560837.874499997124076 ], [ -1957789.873400001320988, 560827.402300010435283 ], [ -1957801.45589999598451, 560817.268999996595085 ], [ -1957810.681899996707216, 560808.57360000628978 ], [ -1957820.588699997169897, 560800.076199998613447 ], [ -1957831.361299996264279, 560791.529400003142655 ], [ -1957842.909299995284528, 560783.100399998947978 ], [ -1957855.304099997505546, 560774.737000001594424 ], [ -1957866.569099999265745, 560767.636000003200024 ], [ -1957878.604600000195205, 560760.478799994103611 ], [ -1957891.528900001663715, 560753.194500002544373 ], [ -1957905.574499994749203, 560745.651700004469603 ], [ -1957933.176999997114763, 560731.619600004982203 ], [ -1957985.752599999308586, 560706.020400005858392 ], [ -1958006.773999996483326, 560695.568200000561774 ], [ -1958028.123499998589978, 560684.468099997378886 ], [ -1958046.899099996313453, 560674.076900012791157 ], [ -1958057.470399999525398, 560667.875399997923523 ], [ -1958067.459600000176579, 560661.726399994920939 ], [ -1958076.932999998098239, 560655.588899998925626 ], [ -1958085.774299998069182, 560649.638299997430295 ], [ -1958094.188999997917563, 560643.638999993912876 ], [ -1958102.031399997649714, 560637.783600000198931 ], [ -1958109.482500003417954, 560631.852400006260723 ], [ -1958116.717899997252971, 560625.629100005608052 ], [ -1958126.603199999313802, 560616.555500003043562 ], [ -1958136.37669999524951, 560606.945200013928115 ], [ -1958146.059700001496822, 560596.776700012385845 ], [ -1958155.680300002684817, 560586.020500015001744 ], [ -1958165.256099996156991, 560574.658400002866983 ], [ -1958176.804599998751655, 560562.017899995669723 ], [ -1958188.410899999085814, 560548.64799999864772 ], [ -1958201.126899999100715, 560534.150899995584041 ], [ -1958210.967300002230331, 560522.122700000181794 ], [ -1958220.077426074305549, 560511.34450089931488 ], [ -1958222.157300000777468, 560508.883800014387816 ], [ -1958248.252, 560479.883799998555332 ], [ -1958273.280699995812029, 560451.488500001374632 ], [ -1958330.574700003722683, 560381.238500013481826 ], [ -1958339.756700000725687, 560370.575000001117587 ], [ -1958423.435052738990635, 560420.482582600787282 ], [ -1958435.576815050560981, 560427.724192718509585 ], [ -1958677.141071301652119, 560571.798349045682698 ], [ -1958687.775389677844942, 560578.140886939596385 ], [ -1959021.068300002487376, 560776.924000003375113 ], [ -1958161.170699996873736, 561438.383700012229383 ], [ -1957509.76225068140775, 562834.259002115111798 ], [ -1957466.63809999381192, 562926.66790000256151 ], [ -1957346.632614703383297, 564525.394872604403645 ], [ -1957294.377427293453366, 565221.544530893675983 ], [ -1957259.732699998188764, 565683.08560001058504 ], [ -1957115.972911054966971, 565301.197994560468942 ] ] ] } },
{ "type": "Feature", "properties": { "ID": 785, "YEAR": "2012-2013", "Perimtr_KM": 8.1603594138299993, "AREA_KM": 1.89709259285, "SCALE": 1, "THICKNES_M": 154.64157431500001, "VOLUME_KM": 0.29336938518, "MASS_GT": 0.26901972620999998, "RECURRANCE": "3-4", "UA_KM": 0.04080179707, "UH_M": 12.835250604900001, "UC_KM": 0.02244692776, "REGION": "Peninsula", "ICESHELF": "Brahms" }, "geometry": { "type": "Polygon", "coordinates": [ [ [ -1957674.099008635617793, 572503.430334920529276 ], [ -1957515.3487, 571811.261700002476573 ], [ -1958135.628400000743568, 569856.939400001894683 ], [ -1958683.137200003489852, 569603.009800004772842 ], [ -1958710.632387546589598, 569661.084905398543924 ], [ -1958888.776399997062981, 570037.359200003091246 ], [ -1958359.608599993865937, 570665.745899999048561 ], [ -1958194.243700002785772, 571757.154300002381206 ], [ -1958042.830799997784197, 573251.486999994609505 ], [ -1957870.316199999768287, 573166.24230000609532 ], [ -1957856.875599998980761, 573143.697900000028312 ], [ -1957845.058200000785291, 573123.34550000121817 ], [ -1957832.755999999586493, 573102.1824000030756 ], [ -1957821.541499996557832, 573082.178400012664497 ], [ -1957811.761400000657886, 573063.314900005701929 ], [ -1957802.7988000002224, 573045.120800002012402 ], [ -1957794.004399998579174, 573026.230900002643466 ], [ -1957674.099008635617793, 572503.430334920529276 ] ] ] } },
{ "type": "Feature", "properties": { "ID": 786, "YEAR": "2012-2013", "Perimtr_KM": 17.789353458800001, "AREA_KM": 9.1457933283900008, "SCALE": 1, "THICKNES_M": 108.217379, "VOLUME_KM": 0.98973378287000002, "MASS_GT": 0.9075858789, "RECURRANCE": "5-6", "UA_KM": 0.08894676729000001, "UH_M": 8.9820424127099994, "UC_KM": 0.07572870194, "REGION": "Peninsula", "ICESHELF": "Wilkins" }, "geometry": { "type": "Polygon", "coordinates": [ [ [ -2101048.803700000513345, 578368.66409999737516 ], [ -2100995.886999995913357, 575960.950900004711002 ], [ -2100863.594999999273568, 575193.657699995208532 ], [ -2101895.798500003293157, 574936.128999998327345 ], [ -2101867.840600001160055, 575384.250899998936802 ], [ -2101923.603499997407198, 575804.195800001733005 ], [ -2102333.520399997010827, 576174.724100008141249 ], [ -2102231.760899999178946, 576252.159699997399002 ], [ -2102399.652900001499802, 576234.501900009345263 ], [ -2102333.313599998597056, 576654.682499998714775 ], [ -2102311.065800001844764, 578103.27219999441877 ], [ -2102336.956300003454089, 578961.418499994557351 ], [ -2102163.674400001764297, 579629.634699994698167 ], [ -2101491.252299998421222, 580463.073300007730722 ], [ -2101155.721799994818866, 580969.769899998325855 ], [ -2100906.988699995912611, 582145.926800004672259 ], [ -2100654.626099998131394, 582528.049899997189641 ], [ -2100747.478799999691546, 582553.892400003038347 ], [ -2100159.032699994277209, 582497.925500012468547 ], [ -2099990.468299996107817, 582072.83810000680387 ], [ -2100175.676999997347593, 581067.419500011950731 ], [ -2100334.427300000563264, 580220.751099995337427 ], [ -2100334.427300000563264, 579744.500100001227111 ], [ -2101048.803700000513345, 578368.66409999737516 ] ] ] } },
{ "type": "Feature", "properties": { "ID": 787, "YEAR": "2012-2013", "Perimtr_KM": 14.1966534557, "AREA_KM": 4.0567842225400002, "SCALE": 1, "THICKNES_M": 108.217379, "VOLUME_KM": 0.43901455572999998, "MASS_GT": 0.40257634761, "RECURRANCE": "6-8", "UA_KM": 0.07098326728, "UH_M": 8.9820424127099994, "UC_KM": 0.03359085343, "REGION": "Peninsula", "ICESHELF": "Wilkins" }, "geometry": { "type": "Polygon", "coordinates": [ [ [ -2106495.240463952533901, 583661.629736047703773 ], [ -2106632.585200001485646, 583134.280400010757148 ], [ -2107007.837800001259893, 582618.501800007652491 ], [ -2107988.512899999506772, 582075.152200005017221 ], [ -2109967.386, 581479.153000003192574 ], [ -2111387.862200000323355, 581449.634900004602969 ], [ -2112169.011999998241663, 581642.90610000770539 ], [ -2112449.405399997252971, 581790.0435999953188 ], [ -2112755.846800000406802, 581568.805299995932728 ], [ -2112029.033999999519438, 582125.754900002852082 ], [ -2110891.323399994522333, 582072.83810000680387 ], [ -2108404.23509999923408, 582654.922600015066564 ], [ -2106674.238046402577311, 583628.934200000949204 ], [ -2106474.461999997496605, 583741.410799999721348 ], [ -2106495.240463952533901, 583661.629736047703773 ] ] ] } },
{ "type": "Feature", "properties": { "ID": 788, "YEAR": "2012-2013", "Perimtr_KM": 11.004661473000001, "AREA_KM": 2.54372355352, "SCALE": 1, "THICKNES_M": 108.217379, "VOLUME_KM": 0.27527509586, "MASS_GT": 0.25242726291000001, "RECURRANCE": "5-6", "UA_KM": 0.05502330737, "UH_M": 8.9820424127099994, "UC_KM": 0.02106245745, "REGION": "Peninsula", "ICESHELF": "Wilkins" }, "geometry": { "type": "Polygon", "coordinates": [ [ [ -2106206.440319129731506, 583688.625180875416845 ], [ -2106474.461999997496605, 583741.410799999721348 ], [ -2106022.98029999807477, 583924.925200002733618 ], [ -2105759.410368488170207, 583939.301731514278799 ], [ -2104567.769100000150502, 584004.300300012342632 ], [ -2102609.848499996587634, 584295.342600005213171 ], [ -2101251.411699997261167, 584346.383300005923957 ], [ -2101431.348499998450279, 583931.373700002674013 ], [ -2101993.491199998185039, 583773.280899996869266 ], [ -2103896.951900003477931, 583611.324000003747642 ], [ -2104415.312399995978922, 583223.943800005596131 ], [ -2105232.513300003483891, 583496.81480000121519 ], [ -2106206.440319129731506, 583688.625180875416845 ] ] ] } },
{ "type": "Feature", "properties": { "ID": 789, "YEAR": "2012-2013", "Perimtr_KM": 11.6046571543, "AREA_KM": 1.53751711996, "SCALE": 1, "THICKNES_M": 157.06689071700001, "VOLUME_KM": 0.24149303346000001, "MASS_GT": 0.22144911168, "RECURRANCE": "2-3", "UA_KM": 0.05802328577, "UH_M": 13.0365518652, "UC_KM": 0.01847764951, "REGION": "Peninsula", "ICESHELF": "Bach" }, "geometry": { "type": "Polygon", "coordinates": [ [ [ -1879992.35015139146708, 567567.876863358076662 ], [ -1880927.457123085157946, 566686.618976212106645 ], [ -1882009.00784975476563, 565667.350446424912661 ], [ -1882064.886585727799684, 565614.689544202759862 ], [ -1882195.959355644416064, 565491.164732851553708 ], [ -1883094.418655800865963, 564644.444123864173889 ], [ -1883704.495247262064368, 564069.499412442091852 ], [ -1883771.611200001090765, 564006.248399999924004 ], [ -1883739.255600001430139, 564063.143099995795637 ], [ -1883706.585499994922429, 564118.628500003367662 ], [ -1883691.334799997508526, 564143.90830001514405 ], [ -1883676.557599998544902, 564168.020600001793355 ], [ -1883661.300399999367073, 564193.090600009076297 ], [ -1883646.553999997442588, 564217.181699997745454 ], [ -1883632.043699994450435, 564240.617799998726696 ], [ -1883625.900874952320009, 564250.266460828948766 ], [ -1883617.76069999509491, 564263.052399998065084 ], [ -1883603.590200001141056, 564284.803400001488626 ], [ -1883589.50700000138022, 564305.693900005426258 ], [ -1883575.275999997276813, 564326.181199996266514 ], [ -1883561.275199997937307, 564345.691800004336983 ], [ -1883547.927000002237037, 564363.431000006385148 ], [ -1883533.870999999111518, 564381.63660000404343 ], [ -1883518.571900000562891, 564400.446399996522814 ], [ -1883502.206399999791756, 564420.157699999399483 ], [ -1883485.263500001747161, 564439.765600007027388 ], [ -1883466.439600000623614, 564461.271600011270493 ], [ -1883390.303899998310953, 564544.407100005075336 ], [ -1883357.929499998921528, 564580.887500000651926 ], [ -1883354.949904957320541, 564584.32152401888743 ], [ -1883340.628099997062236, 564600.827600003220141 ], [ -1883324.70269999653101, 564619.849500006996095 ], [ -1883310.065599997760728, 564637.949400001671165 ], [ -1883296.719499999424443, 564655.492200009059161 ], [ -1883285.251200001919642, 564670.808700002264231 ], [ -1883273.761599995195866, 564686.732200014870614 ], [ -1883262.254799996269867, 564703.104900002945215 ], [ -1883250.730300002032891, 564719.775599998887628 ], [ -1883239.125700000673532, 564737.13259999640286 ], [ -1883227.698600003495812, 564755.217800002079457 ], [ -1883215.953600001288578, 564773.699199995491654 ], [ -1883204.022799996193498, 564793.098699996713549 ], [ -1883191.765800001099706, 564813.540900013409555 ], [ -1883179.15669999923557, 564835.176799996756017 ], [ -1883152.311799996998161, 564882.261600013356656 ], [ -1883124.260600001551211, 564932.449800006113946 ], [ -1883066.30890000029467, 565031.601800004951656 ], [ -1883041.704499997664243, 565073.29929999448359 ], [ -1883016.355400001164526, 565116.860099998768419 ], [ -1882993.225800002226606, 565155.586799996905029 ], [ -1882979.32779999752529, 565178.217700000386685 ], [ -1882965.600699997041374, 565199.787700003478676 ], [ -1882952.23319999803789, 565220.925500000361353 ], [ -1882939.037000001873821, 565241.272099995985627 ], [ -1882925.7692, 565260.919700007420033 ], [ -1882912.740699999267235, 565279.933800002094358 ], [ -1882899.579399997135624, 565298.332900013308972 ], [ -1882886.431000001030043, 565315.940500009804964 ], [ -1882877.228700001025572, 565328.122000012081116 ], [ -1882867.183599997079, 565340.390500008128583 ], [ -1882856.489000000758097, 565353.097300007473677 ], [ -1882844.607999995350838, 565366.648000001907349 ], [ -1882820.758299998240545, 565392.769600003492087 ], [ -1882773.253099997062236, 565442.143200009595603 ], [ -1882754.033899996196851, 565462.554200002923608 ], [ -1882734.522799998521805, 565484.017899995669723 ], [ -1882717.629099998623133, 565503.484000003896654 ], [ -1882708.105900001246482, 565515.00690000411123 ], [ -1882699.220400001620874, 565526.253300001844764 ], [ -1882691.035999997984618, 565537.285099999513477 ], [ -1882683.397599999792874, 565548.165700001176447 ], [ -1882676.398299997905269, 565558.934800004586577 ], [ -1882669.7697, 565569.438900006469339 ], [ -1882663.606199996778741, 565579.90059999935329 ], [ -1882658.028700003633276, 565590.32400000654161 ], [ -1882650.987900000996888, 565604.495199999772012 ], [ -1882644.476899998029694, 565619.616899998858571 ], [ -1882638.299800003413111, 565635.843000005465001 ], [ -1882632.489399999845773, 565653.411200012546033 ], [ -1882630.564063095487654, 565659.772108915261924 ], [ -1882627.204500003252178, 565670.87139999633655 ], [ -1882621.780000002821907, 565690.458100005518645 ], [ -1882616.703799999086186, 565710.648899998515844 ], [ -1882603.127500002505258, 565766.021500000730157 ], [ -1882598.742099996190518, 565782.730900007300079 ], [ -1882594.597899999236688, 565797.60910000372678 ], [ -1882589.447099997429177, 565814.474900001194328 ], [ -1882584.216999999247491, 565830.000700002070516 ], [ -1882578.665100001962855, 565844.509100003633648 ], [ -1882572.731799996923655, 565858.1510000070557 ], [ -1882566.973100001225248, 565870.305700011085719 ], [ -1882560.806800001300871, 565882.5514000011608 ], [ -1882554.22050000121817, 565894.913000001106411 ], [ -1882547.197400000644848, 565907.422200003173202 ], [ -1882539.726299999514595, 565920.099999995902181 ], [ -1882538.603948335396126, 565921.92120793974027 ], [ -1882531.770899998256937, 565933.009000013582408 ], [ -1882523.296599996741861, 565946.205500003416091 ], [ -1882514.22209999919869, 565959.961999996099621 ], [ -1882497.4952, 565984.517000004183501 ], [ -1882478.502899997634813, 566011.14990000706166 ], [ -1882459.2374, 566037.444299994502217 ], [ -1882408.80390000063926, 566105.256700008641928 ], [ -1882394.21409999858588, 566125.265299992635846 ], [ -1882381.466200003633276, 566143.186999997589737 ], [ -1882367.257999998284504, 566163.707399999257177 ], [ -1882354.399499999824911, 566183.153899997007102 ], [ -1882342.783699998399243, 566201.667700001969934 ], [ -1882332.019900001352653, 566219.874799995683134 ], [ -1882322.231999996583909, 566237.48959999345243 ], [ -1881902.523522693663836, 566453.848122575320303 ], [ -1881522.83396106492728, 566649.577008300926536 ], [ -1881304.290893743513152, 566762.235335978213698 ], [ -1880929.227200002642348, 566955.579600004479289 ], [ -1880870.960517378291115, 566998.537446980830282 ], [ -1880456.666074958629906, 567303.981252248864621 ], [ -1879610.060899997828528, 567928.15160000231117 ], [ -1879992.35015139146708, 567567.876863358076662 ] ] ] } },
{ "type": "Feature", "properties": { "ID": 791, "YEAR": "2012-2013", "Perimtr_KM": 7.6842179001900002, "AREA_KM": 1.9367433409000001, "SCALE": 1, "THICKNES_M": 75.504539489699994, "VOLUME_KM": 0.14623291406, "MASS_GT": 0.1340955822, "RECURRANCE": "1-2", "UA_KM": 0.0384210895, "UH_M": 6.2668767467400004, "UC_KM": 0.0111888964, "REGION": "Peninsula", "ICESHELF": "Bach" }, "geometry": { "type": "Polygon", "coordinates": [ [ [ -1873462.188622541259974, 570759.265984563156962 ], [ -1873454.756399996345863, 570758.678600003477186 ], [ -1873441.791999999433756, 570757.843399999197572 ], [ -1873501.45866067474708, 570685.520178600214422 ], [ -1873532.635501419194043, 570647.730070521123707 ], [ -1873877.62837402895093, 570229.556912783067673 ], [ -1874281.030800002161413, 569740.584300006739795 ], [ -1876030.788145692786202, 568717.801798578351736 ], [ -1876108.484664413612336, 568672.385992797091603 ], [ -1876356.098199997795746, 568527.648899999447167 ], [ -1875499.595183409517631, 569973.572952060960233 ], [ -1875491.124252821551636, 569987.873336354736239 ], [ -1875455.532472857274115, 570047.958367825485766 ], [ -1875377.475381100317463, 570179.732131869532168 ], [ -1875351.938599996967241, 570222.842600009404123 ], [ -1873910.757833495736122, 570659.976513448636979 ], [ -1873570.908144922461361, 570763.058533272240311 ], [ -1873552.987700000172481, 570768.494099996518344 ], [ -1873518.493299997644499, 570764.422800005413592 ], [ -1873485.856399999698624, 570761.136500007007271 ], [ -1873462.188622541259974, 570759.265984563156962 ] ] ] } },
{ "type": "Feature", "properties": { "ID": 792, "YEAR": "2012-2013", "Perimtr_KM": 9.4206581292700005, "AREA_KM": 3.2531504521199999, "SCALE": 1, "THICKNES_M": 172.49009450299999, "VOLUME_KM": 0.56113622892000004, "MASS_GT": 0.51456192192000005, "RECURRANCE": "2-3", "UA_KM": 0.04710329065, "UH_M": 14.3166777732, "UC_KM": 0.04293489721, "REGION": "Peninsula", "ICESHELF": "Bach" }, "geometry": { "type": "Polygon", "coordinates": [ [ [ -1869937.958995322696865, 572398.27463256707415 ], [ -1869725.701871369034052, 572393.727696852758527 ], [ -1869605.983793705934659, 572391.163116724230349 ], [ -1869564.306243658298627, 572390.270307391416281 ], [ -1869435.279952745186165, 572387.506328308954835 ], [ -1868849.388660056749359, 572374.955465506762266 ], [ -1868343.717691317899153, 572364.123068721499294 ], [ -1868221.414000000571832, 572361.503100014291704 ], [ -1868170.125899995910004, 572352.534600005950779 ], [ -1868118.266300001647323, 572344.064100007992238 ], [ -1868065.838899995898828, 572336.092400009743869 ], [ -1868012.906800002790987, 572328.445200002752244 ], [ -1867993.903999999398366, 572325.897700004279613 ], [ -1867974.609700004104525, 572323.482200003229082 ], [ -1867954.799200000474229, 572321.275500006973743 ], [ -1867934.532399997347966, 572319.203100000973791 ], [ -1867892.493599995970726, 572315.54859999474138 ], [ -1867847.6872, 572312.459200001321733 ], [ -1867823.980844956822693, 572311.217305082827806 ], [ -1867803.196800000965595, 572310.12849999871105 ], [ -1867753.910900001879781, 572308.319100001361221 ], [ -1867703.129000001121312, 572306.903599998448044 ], [ -1867563.576499997870997, 572303.252799997106194 ], [ -1867520.909000003244728, 572301.520500001031905 ], [ -1867482.704799999250099, 572299.61179999820888 ], [ -1867438.79909999622032, 572296.935900009702891 ], [ -1867418.378499996848404, 572295.410299999639392 ], [ -1867499.249735324643552, 572236.695569341536611 ], [ -1867930.982245504623279, 571923.245948500465602 ], [ -1868682.817101726541296, 571377.393261800985783 ], [ -1869042.270300003001466, 571116.420400015544146 ], [ -1870175.030290303984657, 571352.930738381110132 ], [ -1871153.25141989137046, 571557.174719749484211 ], [ -1871385.074548825388774, 571605.577353260014206 ], [ -1871828.2323, 571698.104800007306039 ], [ -1871390.46611164836213, 571897.79138680966571 ], [ -1870977.636191124562174, 572086.103321246337146 ], [ -1870733.906792767811567, 572197.280230185948312 ], [ -1870665.923424260923639, 572228.290772293694317 ], [ -1870277.335599997779354, 572405.54469999531284 ], [ -1869937.958995322696865, 572398.27463256707415 ] ] ] } },
{ "type": "Feature", "properties": { "ID": 793, "YEAR": "2012-2013", "Perimtr_KM": 41.191747353499998, "AREA_KM": 14.9597518473, "SCALE": 2, "THICKNES_M": 143.445552281, "VOLUME_KM": 2.1459098657200002, "MASS_GT": 1.9677993468699999, "RECURRANCE": "2-3", "UA_KM": 0.20595873677000001, "UH_M": 11.9059807806, "UC_KM": 0.16419260556000001, "REGION": "Peninsula", "ICESHELF": "Wilkins" }, "geometry": { "type": "Polygon", "coordinates": [ [ [ -1992226.811183158773929, 611261.367380613926798 ], [ -1992912.601545328740031, 611048.868966761510819 ], [ -1993456.65799999749288, 610880.288100008387119 ], [ -1995209.526099996175617, 609061.274099995847791 ], [ -1995904.058699999237433, 606481.581399997230619 ], [ -1996102.496599995996803, 604530.27540001552552 ], [ -1995804.839799999725074, 602975.845200000330806 ], [ -1996290.925499998964369, 602343.697100006509572 ], [ -1996281.033799999859184, 602356.576600006781518 ], [ -1996271.46559999929741, 602369.522500011604279 ], [ -1996262.231399997603148, 602382.520799995865673 ], [ -1996253.340500000398606, 602395.558199997060001 ], [ -1996244.802400002721697, 602408.620799994561821 ], [ -1996236.624299998162314, 602421.697500001173466 ], [ -1996228.7093, 602434.797799996566027 ], [ -1996220.95989999989979, 602447.932100004516542 ], [ -1996213.698700000764802, 602461.018200000748038 ], [ -1996206.718199998605996, 602474.09640000294894 ], [ -1996200.231799998320639, 602487.114500007592142 ], [ -1996194.0351, 602500.106199999339879 ], [ -1996188.341099995886907, 602513.019600007683039 ], [ -1996182.944299995433539, 602525.890000005718321 ], [ -1996178.056200001388788, 602538.667200001422316 ], [ -1996173.470899997511879, 602551.386700010858476 ], [ -1996169.369099996518344, 602563.933000002522022 ], [ -1996165.518500002566725, 602576.565899996086955 ], [ -1996161.814899995690212, 602589.306700001470745 ], [ -1996158.4668, 602602.113000002223998 ], [ -1996155.26549999602139, 602615.027000005356967 ], [ -1996152.419599998509511, 602628.00629999442026 ], [ -1996149.929199998732656, 602641.050999993924052 ], [ -1996147.794100000988692, 602654.160899995360523 ], [ -1996145.910199996549636, 602667.357500004116446 ], [ -1996144.277599997352809, 602680.640599996317178 ], [ -1996142.896000002510846, 602694.010399995371699 ], [ -1996141.765699999174103, 602707.466700005345047 ], [ -1996140.886599996127188, 602721.009699995163828 ], [ -1996140.258600002154708, 602734.639300014358014 ], [ -1996139.881800001487136, 602748.355500008910894 ], [ -1996139.756299999542534, 602762.158200007397681 ], [ -1996139.881799994967878, 602776.047600005753338 ], [ -1996140.258600002154708, 602790.023599999491125 ], [ -1996140.886599996127188, 602804.0862000095658 ], [ -1996141.765699999174103, 602818.235400001052767 ], [ -1996142.896000002510846, 602832.471200014930218 ], [ -1996144.277599997352809, 602846.793600003700703 ], [ -1996145.910199996549636, 602861.202700006775558 ], [ -1996147.794100000988692, 602875.6983000067994 ], [ -1996149.721899997442961, 602890.285700003616512 ], [ -1996151.7971, 602904.962200006004423 ], [ -1996154.123500002780929, 602919.725400008261204 ], [ -1996156.701299994951114, 602934.575100007932633 ], [ -1996159.530000000493601, 602949.511400002520531 ], [ -1996162.582899998873472, 602964.40219999756664 ], [ -1996153.933499998180196, 602926.638800000306219 ], [ -1996150.809300001710653, 602946.8230000003241 ], [ -1996148.188499998766929, 602966.873500003945082 ], [ -1996146.070900000398979, 602986.790300011169165 ], [ -1996144.456700002308935, 603006.573500006925315 ], [ -1996143.449300000444055, 603026.220500010065734 ], [ -1996142.841499997768551, 603045.736400004010648 ], [ -1996142.737100002355874, 603065.118600002024323 ], [ -1996143.239500002935529, 603084.364600000437349 ], [ -1996144.556200003717095, 603103.469300003256649 ], [ -1996146.3762, 603122.440300009679049 ], [ -1996148.699499998707324, 603141.277699997648597 ], [ -1996151.526000001933426, 603159.98140000924468 ], [ -1996154.855800000950694, 603178.551500002387911 ], [ -1996158.688900002278388, 603196.987899999599904 ], [ -1996163.025299999397248, 603215.290700004901737 ], [ -1996167.864900000859052, 603233.459800006821752 ], [ -1996170.346599996322766, 603241.823400000110269 ], [ -1996173.116199996788055, 603250.289599998388439 ], [ -1996176.179499998223037, 603258.876200002618134 ], [ -1996179.5448999973014, 603267.606299997773021 ], [ -1996183.217399999499321, 603276.494999999180436 ], [ -1996187.216099998913705, 603285.588999995961785 ], [ -1996191.559399996418506, 603294.930500008165836 ], [ -1996196.276500001549721, 603304.582399995997548 ], [ -1996204.881299997214228, 603321.212800013832748 ], [ -1996214.844900002703071, 603339.586099999956787 ], [ -1996224.742600000463426, 603357.328099998645484 ], [ -1996250.012899997178465, 603401.628600011579692 ], [ -1996263.114100001286715, 603425.546800003387034 ], [ -1996269.662599998991936, 603438.056999998167157 ], [ -1996275.553599999286234, 603449.856899996753782 ], [ -1996280.893699999665841, 603461.157000015955418 ], [ -1996285.683500001672655, 603472.068900011479855 ], [ -1996293.342399998567998, 603490.155200007837266 ], [ -1996300.821700000669807, 603508.475700001697987 ], [ -1996308.224199995398521, 603527.060700000263751 ], [ -1996315.567500001285225, 603545.88209999864921 ], [ -1996322.86290000192821, 603564.952500001527369 ], [ -1996330.014899996109307, 603584.302999993786216 ], [ -1996344.023099998943508, 603623.743200010620058 ], [ -1996357.557500002905726, 603664.294100006576627 ], [ -1996370.699099996592849, 603705.997100005391985 ], [ -1996383.450599998934194, 603748.963400004431605 ], [ -1996395.621399997267872, 603793.179499996826053 ], [ -1996406.794899995904416, 603837.880300001706928 ], [ -1996417.710199996130541, 603884.211300007533282 ], [ -1996428.389299999456853, 603932.404200009070337 ], [ -1996438.914799995254725, 603982.840100006200373 ], [ -1996450.056300001218915, 604035.748499998822808 ], [ -1996461.345699996221811, 604092.055400000885129 ], [ -1996472.995200003031641, 604152.798700004816055 ], [ -1996485.581400001421571, 604221.160099996719509 ], [ -1996489.897600000258535, 604248.355600009672344 ], [ -1996493.786999996285886, 604276.159300009720027 ], [ -1996497.245499999262393, 604304.611700012348592 ], [ -1996500.229399999603629, 604333.84410000173375 ], [ -1996502.822600000537932, 604363.99909999454394 ], [ -1996504.913100000238046, 604395.09400000795722 ], [ -1996506.525500001385808, 604427.296800003852695 ], [ -1996508.095499999821186, 604461.284500013105571 ], [ -1996509.055399995762855, 604489.74840000923723 ], [ -1996509.766099997330457, 604519.538299998268485 ], [ -1996510.235300002619624, 604550.962099994067103 ], [ -1996510.472299996763468, 604584.626900012604892 ], [ -1996510.378199999686331, 604647.221299997065216 ], [ -1996507.759999997448176, 604798.726400004234165 ], [ -1996507.299899994861335, 604839.798400002997369 ], [ -1996507.071100001689047, 604876.800399997271597 ], [ -1996507.758399996440858, 604916.174100005533546 ], [ -1996508.821299996227026, 604953.038499995600432 ], [ -1996510.295599996577948, 604988.054000000469387 ], [ -1996512.1957, 605021.54879999672994 ], [ -1996514.803100000601262, 605056.868200003169477 ], [ -1996517.938900002278388, 605090.85550000006333 ], [ -1996521.655000003054738, 605123.770600005984306 ], [ -1996525.741099994629622, 605155.487400009762496 ], [ -1996530.385499996831641, 605186.317199996672571 ], [ -1996535.634399994742125, 605216.341900004539639 ], [ -1996541.500599996652454, 605245.631000007502735 ], [ -1996547.995199997909367, 605274.238100001588464 ], [ -1996553.070400001714006, 605294.213500004261732 ], [ -1996558.86410000291653, 605315.011499998625368 ], [ -1996565.513899998739362, 605336.918699996545911 ], [ -1996573.151099994545802, 605360.366400002967566 ], [ -1996580.108199996408075, 605380.763600002042949 ], [ -1996588.100900003453717, 605403.439600000157952 ], [ -1996615.143399996450171, 605477.925299995113164 ], [ -1996624.905600001104176, 605505.257999999914318 ], [ -1996634.136699998518452, 605532.034499998670071 ], [ -1996642.086699995445088, 605556.285900006070733 ], [ -1996649.677399998297915, 605581.117900012992322 ], [ -1996656.168099991511554, 605604.54680001270026 ], [ -1996661.725399999879301, 605626.968400008510798 ], [ -1996666.462800001259893, 605648.610900005791336 ], [ -1996670.287799999583513, 605669.05810001399368 ], [ -1996673.567400000523776, 605689.975700003094971 ], [ -1996676.307599995285273, 605711.400200008880347 ], [ -1996678.482900000410154, 605733.364600003231317 ], [ -1996680.161099997581914, 605755.930099995806813 ], [ -1996681.318499999586493, 605779.172600011806935 ], [ -1996682.0863, 605803.231200004462153 ], [ -1996682.3418, 605828.167500001844019 ], [ -1996682.113399998750538, 605852.69330000737682 ], [ -1996681.426199994981289, 605878.321300010662526 ], [ -1996680.274499997729436, 605905.287000003736466 ], [ -1996678.63950000051409, 605934.032200011890382 ], [ -1996676.75519999768585, 605961.549300001002848 ], [ -1996674.386099998373538, 605992.083800013177097 ], [ -1996663.955300000729039, 606106.139700002036989 ], [ -1996659.817400003084913, 606153.577799993567169 ], [ -1996657.877799998503178, 606179.173200002871454 ], [ -1996656.333599998150021, 606203.061099993996322 ], [ -1996655.081799998413771, 606225.697600004728884 ], [ -1996654.339099997188896, 606247.344599997159094 ], [ -1996653.851000000722706, 606273.271299993619323 ], [ -1996653.849099999293685, 606298.131399998907 ], [ -1996654.333600001875311, 606322.099400003906339 ], [ -1996655.306899999734014, 606345.289800006896257 ], [ -1996656.77539999736473, 606367.828200007323176 ], [ -1996658.742599997203797, 606389.752700001932681 ], [ -1996661.214199997019023, 606411.123800000641495 ], [ -1996664.195300000719726, 606431.987200006376952 ], [ -1996666.561899997293949, 606446.209900004789233 ], [ -1996669.236699994653463, 606460.690300005953759 ], [ -1996672.2253, 606475.459500006400049 ], [ -1996675.42710000090301, 606490.515799994580448 ], [ -1996678.956000000238419, 606505.927599994465709 ], [ -1996682.831499997526407, 606521.779500001110137 ], [ -1996687.072799997404218, 606538.147500005085021 ], [ -1996691.710399996954948, 606555.147800002247095 ], [ -1996700.006200001575053, 606583.989299996290356 ], [ -1996709.789299996569753, 606616.07460000179708 ], [ -1996719.467499999795109, 606646.684300006832927 ], [ -1996743.328399996971712, 606720.016000004019588 ], [ -1996755.222000000998378, 606757.291200007312 ], [ -1996766.01689999550581, 606793.029800003394485 ], [ -1996775.111000003758818, 606825.472299999091774 ], [ -1996779.2615, 606841.3875000057742 ], [ -1996783.0495, 606856.829700010828674 ], [ -1996786.526099996874109, 606871.875199997331947 ], [ -1996789.669700001366436, 606886.57159999711439 ], [ -1996792.52549999859184, 606900.978900002781302 ], [ -1996795.063799996394664, 606915.114800003357232 ], [ -1996797.323599999304861, 606929.01280000153929 ], [ -1996799.196100000757724, 606942.651400004979223 ], [ -1996802.451600002124906, 606969.92070000525564 ], [ -1996805.20450000022538, 606997.731899993494153 ], [ -1996807.527700000908226, 607026.146699996199459 ], [ -1996809.388400000985712, 607055.179600006900728 ], [ -1996810.794899999164045, 607084.857599998824298 ], [ -1996811.76149999955669, 607115.261299995705485 ], [ -1996812.377200002316386, 607146.532699992880225 ], [ -1996812.597800001502037, 607178.725800005719066 ], [ -1996812.385400003287941, 607211.285199997015297 ], [ -1996811.747399997897446, 607244.938599999528378 ], [ -1996810.680599997285753, 607279.853700015228242 ], [ -1996809.17710000067018, 607316.296600001864135 ], [ -1996807.227899996796623, 607354.165699995588511 ], [ -1996804.7334, 607394.375300006940961 ], [ -1996801.534500000765547, 607437.6280000009574 ], [ -1996797.59299999801442, 607486.702900013886392 ], [ -1996795.180099997669458, 607514.780800002627075 ], [ -1996792.447200001915917, 607543.051100007724017 ], [ -1996789.497200002893806, 607571.571699997410178 ], [ -1996786.389999995706603, 607600.398599999956787 ], [ -1996783.067099997308105, 607629.464100004639477 ], [ -1996779.458500002976507, 607658.732800013385713 ], [ -1996775.58299999916926, 607688.211500002071261 ], [ -1996771.459199996199459, 607717.907199996057898 ], [ -1996767.049400003626943, 607747.808799999766052 ], [ -1996762.371799999382347, 607777.9260000041686 ], [ -1996757.426299999468029, 607808.260900012683123 ], [ -1996752.11609999416396, 607838.754000015091151 ], [ -1996746.363900000695139, 607869.350499999709427 ], [ -1996740.323299998883158, 607900.167599997017533 ], [ -1996733.96459999633953, 607931.183000004850328 ], [ -1996727.402100001461804, 607962.467599994968623 ], [ -1996717.499099997570738, 608007.790899998042732 ], [ -1996707.60630000079982, 608052.530300002079457 ], [ -1996697.573299998883158, 608096.620200007222593 ], [ -1996687.250999993877485, 608139.989600001368672 ], [ -1996676.633599996566772, 608182.662599998060614 ], [ -1996665.717799999751151, 608224.652200001291931 ], [ -1996654.499599998351187, 608265.973700008355081 ], [ -1996642.783000001916662, 608306.610600005369633 ], [ -1996630.687800001353025, 608346.61210000468418 ], [ -1996618.2801, 608385.97969999583438 ], [ -1996605.589100001379848, 608424.727399995550513 ], [ -1996592.548099999781698, 608462.853399994317442 ], [ -1996579.378799992613494, 608500.40029999660328 ], [ -1996565.951200002804399, 608537.353800005279481 ], [ -1996552.19889999832958, 608573.709900001063943 ], [ -1996538.119999998249114, 608609.47380000539124 ], [ -1996520.333400001283735, 608652.883200011216104 ], [ -1996501.9559, 608696.051400000695139 ], [ -1996482.912099999142811, 608738.9527000146918 ], [ -1996463.079600000521168, 608781.552300002425909 ], [ -1996442.69660000060685, 608823.933099994435906 ], [ -1996421.685099996626377, 608866.061999994330108 ], [ -1996400.077500000596046, 608907.940400006249547 ], [ -1996377.94939999608323, 608949.581899994984269 ], [ -1996355.2677, 608990.985000004991889 ], [ -1996331.972199996002018, 609032.135200015734881 ], [ -1996308.066000001505017, 609073.03579999320209 ], [ -1996283.549199994187802, 609113.686999994795769 ], [ -1996258.434300001710653, 609154.102600000333041 ], [ -1996232.572700001997873, 609194.193200004752725 ], [ -1996205.873800000641495, 609233.908800005447119 ], [ -1996178.563999999314547, 609273.374900004826486 ], [ -1996230.005500001832843, 609239.46800000872463 ], [ -1996220.554799998179078, 609268.511700007133186 ], [ -1996210.837299996521324, 609297.355400010477751 ], [ -1996200.85310000134632, 609325.999100010842085 ], [ -1996190.602000003214926, 609354.442899993620813 ], [ -1996180.220299999695271, 609382.761900007259101 ], [ -1996169.707899998873472, 609410.956400005146861 ], [ -1996158.928699999814853, 609438.950800009071827 ], [ -1996147.882699995767325, 609466.745300008915365 ], [ -1996136.569900000700727, 609494.339800006244332 ], [ -1996124.990399998612702, 609521.734300001058728 ], [ -1996113.144099998287857, 609548.928800000343472 ], [ -1996101.030999999726191, 609575.923300004098564 ], [ -1996088.651200001128018, 609602.717800005804747 ], [ -1996076.004599997540936, 609629.31229999801144 ], [ -1996062.925999996252358, 609655.634500003419816 ], [ -1996049.603299998212606, 609681.711600012145936 ], [ -1996036.0162, 609707.615100011229515 ], [ -1996022.162300003692508, 609733.318599994294345 ], [ -1996008.041600002208725, 609758.822100002318621 ], [ -1995993.624800001969561, 609784.09149999730289 ], [ -1995978.97049999749288, 609809.195100004784763 ], [ -1995964.13099999842234, 609834.121599993668497 ], [ -1995949.076800000853837, 609858.837100009899586 ], [ -1995933.758099998347461, 609883.379000002518296 ], [ -1995918.17040000250563, 609907.694600005168468 ], [ -1995902.318100003991276, 609931.836500007193536 ], [ -1995886.196799998171628, 609955.752000006847084 ], [ -1995869.808799992315471, 609979.467600002419204 ], [ -1995853.156199997290969, 610003.009400005917996 ], [ -1995836.2347, 610026.325000003445894 ], [ -1995819.050699997227639, 610049.493399997241795 ], [ -1995801.60220000334084, 610072.488100004382432 ], [ -1995787.593899995554239, 610090.270900005009025 ], [ -1995772.902599999681115, 610108.06319999974221 ], [ -1995757.497799998149276, 610125.895799993071705 ], [ -1995741.351700000930578, 610143.81270000198856 ], [ -1995724.432199996197596, 610161.839500001631677 ], [ -1995706.671799995936453, 610180.05449999589473 ], [ -1995688.003900000359863, 610198.526299996767193 ], [ -1995668.334099998464808, 610217.353600002359599 ], [ -1995649.36009999923408, 610234.976400005165488 ], [ -1995629.294599999208003, 610253.131700006313622 ], [ -1995607.973499995656312, 610271.886900003068149 ], [ -1995585.046100001549348, 610291.561900000087917 ], [ -1995563.206900001969188, 610310.012800003867596 ], [ -1995538.825199996121228, 610330.303600001614541 ], [ -1995448.22359999967739, 610404.706600002013147 ], [ -1995410.960899997036904, 610435.639099999330938 ], [ -1995372.544899995904416, 610468.315200011245906 ], [ -1995355.112099997932091, 610483.5992999994196 ], [ -1995338.580499995965511, 610498.354700013063848 ], [ -1995319.036, 610516.185200009029359 ], [ -1995300.482099999208003, 610533.526300001423806 ], [ -1995282.746000001206994, 610550.463800008874387 ], [ -1995265.831999998539686, 610567.147800002247095 ], [ -1995249.60640000202693, 610583.633900004439056 ], [ -1995234.08639999711886, 610599.985599997453392 ], [ -1995219.207800001837313, 610616.229900009464473 ], [ -1995204.917399998754263, 610632.38439999660477 ], [ -1995191.728299998911098, 610647.854299994651228 ], [ -1995178.537299997638911, 610663.799299998674542 ], [ -1995165.343899997882545, 610680.195700014941394 ], [ -1995152.099800003692508, 610697.059199998620898 ], [ -1995138.808699999703094, 610714.498700014781207 ], [ -1995125.4653, 610732.544700006023049 ], [ -1995111.963699999265373, 610751.337800010107458 ], [ -1995098.24359999736771, 610770.892900011502206 ], [ -1995084.191699997987598, 610791.374099998734891 ], [ -1995069.744700002018362, 610812.875500002875924 ], [ -1995054.793499994557351, 610835.54000001354143 ], [ -1995039.060000000521541, 610859.827600008808076 ], [ -1995007.223900002427399, 610909.955800001509488 ], [ -1994944.129600000102073, 611010.433799999766052 ], [ -1994917.118999995058402, 611052.567800003103912 ], [ -1994888.3936, 611096.536200004629791 ], [ -1994862.136099999304861, 611135.564700006507337 ], [ -1994846.376999996136874, 611158.316899996716529 ], [ -1994831.164000003132969, 611180.053900003433228 ], [ -1994507.689899998018518, 611160.373000005725771 ], [ -1993542.055094970855862, 611736.458559281658381 ], [ -1993091.865499996580184, 612005.036000001244247 ], [ -1993084.614399999845773, 612001.419500006828457 ], [ -1993077.203399996738881, 611998.045100010000169 ], [ -1993069.586499996948987, 611994.910999993328005 ], [ -1993061.718199994415045, 611992.015700008254498 ], [ -1993053.681799998041242, 611989.359100002795458 ], [ -1993045.430199999827892, 611986.939399993047118 ], [ -1993036.916299999225885, 611984.755000005476177 ], [ -1993028.178499999688938, 611982.805099995806813 ], [ -1993019.264199995901436, 611981.09060000628233 ], [ -1993010.072399996686727, 611979.607400005683303 ], [ -1993000.6395, 611978.354900000151247 ], [ -1992991.000399999553338, 611977.332499994896352 ], [ -1992981.062399996677414, 611976.538300001528114 ], [ -1992970.855300002265722, 611975.97180001065135 ], [ -1992960.366900002816692, 611975.632200004532933 ], [ -1992949.581399991177022, 611975.519099998287857 ], [ -1992929.397700001019984, 611975.884399998001754 ], [ -1992908.081799999345094, 611976.919799993745983 ], [ -1992885.395499996375293, 611978.634400001727045 ], [ -1992860.993500001030043, 611981.123900006059557 ], [ -1992840.261199997738004, 611983.652999996673316 ], [ -1992817.354099999647588, 611986.762399998959154 ], [ -1992733.554699997417629, 611999.326100005768239 ], [ -1992700.374100001063198, 612003.873700005467981 ], [ -1992682.897100003436208, 612006.360700014047325 ], [ -1992665.199299997184426, 612009.529000005219132 ], [ -1992647.195899997605011, 612013.286000005435199 ], [ -1992628.873399997362867, 612017.638300007674843 ], [ -1992610.202600000426173, 612022.591999994590878 ], [ -1992591.1001, 612028.16850000154227 ], [ -1992571.461299997754395, 612034.392000011634082 ], [ -1992551.235199998365715, 612041.292499997653067 ], [ -1992532.626799999736249, 612048.025400007143617 ], [ -1992513.308399998117238, 612055.380500013940036 ], [ -1992493.06700000166893, 612063.430100003257394 ], [ -1992471.583799996413291, 612072.310100014321506 ], [ -1992429.674899994628504, 612090.250800001900643 ], [ -1992349.759000001475215, 612125.575000004377216 ], [ -1992317.065699997358024, 612139.797800007741898 ], [ -1992283.040800000540912, 612154.064799997024238 ], [ -1992252.365600000601262, 612166.263300008606166 ], [ -1992234.419799996074289, 612173.043799994979054 ], [ -1992217.090099999681115, 612179.30630000308156 ], [ -1992200.257000001147389, 612185.094199994578958 ], [ -1992183.863400002010167, 612190.408999999985099 ], [ -1992167.821499997284263, 612195.278800004161894 ], [ -1992152.10399999958463, 612199.71100000385195 ], [ -1992136.668100000824779, 612203.717700015287846 ], [ -1992121.481100001838058, 612207.307300006970763 ], [ -1992104.77809999929741, 612210.922499994281679 ], [ -1992087.872199999634176, 612214.314699998125434 ], [ -1992070.755299999844283, 612217.485300003085285 ], [ -1992053.418299997923896, 612220.436099999118596 ], [ -1992035.853200001874939, 612223.168500005733222 ], [ -1992018.046300001908094, 612225.662399994209409 ], [ -1991999.984799997182563, 612227.89780000410974 ], [ -1991981.657200000248849, 612229.920000005047768 ], [ -1991963.074900000356138, 612231.728400002699345 ], [ -1991944.195299998857081, 612233.327899997588247 ], [ -1991924.999799999175593, 612234.719899995718151 ], [ -1991905.466099998215213, 612235.906400009524077 ], [ -1991885.575599999167025, 612236.888399998191744 ], [ -1991865.292700001737103, 612237.66810000455007 ], [ -1991844.583000001497567, 612238.224800000432879 ], [ -1991823.406699996907264, 612238.603800009936094 ], [ -1991787.529199996264651, 612238.772000001743436 ], [ -1991749.974300002679229, 612238.517900006845593 ], [ -1991710.356799997854978, 612237.751800005324185 ], [ -1991667.933499998413026, 612236.43770000571385 ], [ -1991629.980599999427795, 612234.915100015699863 ], [ -1991587.723000002559274, 612232.930500007234514 ], [ -1991441.311099994927645, 612224.62179999705404 ], [ -1991384.184500002069399, 612221.603000002447516 ], [ -1991326.171100001782179, 612219.068600005935878 ], [ -1991274.170299995690584, 612217.657599998638034 ], [ -1991244.968299998436123, 612217.219400006812066 ], [ -1991216.873300001956522, 612217.079299999866635 ], [ -1991189.707399997394532, 612217.236499994061887 ], [ -1991163.351899998728186, 612217.691800000611693 ], [ -1991137.676199999870732, 612218.447900011204183 ], [ -1991112.605999996652827, 612219.468000009655952 ], [ -1991088.012999997008592, 612220.677000015042722 ], [ -1991063.943999994546175, 612222.194200007710606 ], [ -1991023.645999997621402, 612225.299700002186 ], [ -1990981.568400000687689, 612229.117600004188716 ], [ -1990937.268600000534207, 612233.690200011711568 ], [ -1990889.868099995190278, 612239.114000006113201 ], [ -1990848.942200002260506, 612244.311900001950562 ], [ -1990803.418599996250123, 612250.469700000714511 ], [ -1990656.104400001699105, 612271.132000005804002 ], [ -1990603.459999997168779, 612278.131900015752763 ], [ -1990553.235099999699742, 612284.492700002156198 ], [ -1990507.742400002200156, 612289.89060000050813 ], [ -1990464.325100002810359, 612294.607699999120086 ], [ -1990423.266800000565127, 612298.628699994180351 ], [ -1990384.111200002487749, 612302.162400010041893 ], [ -1990346.413399998098612, 612305.055600004270673 ], [ -1990318.884200000204146, 612306.80209999345243 ], [ -1990290.769399997545406, 612308.248800012283027 ], [ -1990262.008800000883639, 612309.398800010792911 ], [ -1990232.523100000340492, 612310.255200012587011 ], [ -1990202.221299995668232, 612310.782399998046458 ], [ -1990170.952700002118945, 612310.996699998155236 ], [ -1990138.595400003483519, 612310.924700000789016 ], [ -1990104.908799998927861, 612310.553800007794052 ], [ -1990047.490199997555465, 612309.364500004332513 ], [ -1989983.469999998342246, 612307.374000009149313 ], [ -1989922.289600000251085, 612305.134399997536093 ], [ -1989775.137999997707084, 612299.2851000004448 ], [ -1989699.596299997065216, 612296.608500006143004 ], [ -1989662.031800004187971, 612295.553800000809133 ], [ -1989626.723000003490597, 612294.787100004963577 ], [ -1989593.129699999000877, 612294.310700004920363 ], [ -1989560.872099997475743, 612294.094200002960861 ], [ -1989527.913299995707348, 612294.180600002408028 ], [ -1989496.212200001114979, 612294.641800003126264 ], [ -1989465.431999997468665, 612295.412999994587153 ], [ -1989435.463100001448765, 612296.497000007890165 ], [ -1989406.185400001239032, 612297.898800007533282 ], [ -1989377.5546, 612299.620799998752773 ], [ -1989349.507999998051673, 612301.666899996344 ], [ -1989321.996399997500703, 612304.040700014214963 ], [ -1989288.598900000564754, 612307.065900012850761 ], [ -1989253.818999997805804, 612310.67200000397861 ], [ -1989217.441699997521937, 612315.023500002454966 ], [ -1989178.7664, 612319.998700001742691 ], [ -1989140.939299996942282, 612325.308200007770211 ], [ -1989099.084299998823553, 612331.561100003309548 ], [ -1988940.475500000873581, 612357.862599993590266 ], [ -1988873.638799996580929, 612368.609800006728619 ], [ -1988837.057399996556342, 612373.970600015483797 ], [ -1988802.824599997373298, 612378.633399998303503 ], [ -1988770.27659999509342, 612382.658799997530878 ], [ -1988739.082800002070144, 612386.095900000073016 ], [ -1988714.17319999774918, 612388.832399996463209 ], [ -1988688.626799997640774, 612391.895300006493926 ], [ -1988662.40529999579303, 612395.270100008696318 ], [ -1988635.409899997059256, 612399.008999994490296 ], [ -1988607.756399999372661, 612403.183300002943724 ], [ -1988579.30519999936223, 612407.813800006173551 ], [ -1988549.781899998895824, 612412.835200011730194 ], [ -1988518.980799998156726, 612418.300899998284876 ], [ -1988463.840100000146776, 612428.506000007037073 ], [ -1988402.020599998999387, 612440.454599998425692 ], [ -1988340.208599999547005, 612452.682800009381026 ], [ -1988177.320900002028793, 612485.33840000256896 ], [ -1988129.550799997290596, 612494.80320000089705 ], [ -1988086.665699996054173, 612503.09590000147 ], [ -1988038.608399999327958, 612512.054600007366389 ], [ -1987993.711800000630319, 612520.064699995331466 ], [ -1987951.067200002958998, 612527.318099998869002 ], [ -1987910.254500000737607, 612533.885299998801202 ], [ -1987862.855899997055531, 612540.95200000423938 ], [ -1987817.446199994301423, 612547.060600004624575 ], [ -1987773.738500000908971, 612552.249200015328825 ], [ -1987731.489199995994568, 612556.569400006439537 ], [ -1987690.657599996076897, 612559.950900006573647 ], [ -1987651.097499997587875, 612562.442300006281585 ], [ -1987631.741099997889251, 612563.367500010412186 ], [ -1987612.6543, 612564.079700001515448 ], [ -1987593.82759999553673, 612564.579199993982911 ], [ -1987575.252699999604374, 612564.866300008725375 ], [ -1987552.704899995587766, 612564.928100005723536 ], [ -1987530.514600002672523, 612564.667599993292242 ], [ -1987508.604999999748543, 612564.02240000013262 ], [ -1987486.99810000276193, 612563.023300010710955 ], [ -1987465.68309999583289, 612561.669800000730902 ], [ -1987444.717300001531839, 612560.024099999573082 ], [ -1987424.060199997620657, 612558.054099996574223 ], [ -1987403.704700001515448, 612555.759300008416176 ], [ -1987383.637299999594688, 612553.137999995145947 ], [ -1987363.858800002373755, 612550.190099993720651 ], [ -1987344.363299995660782, 612546.914900003932416 ], [ -1987325.145599998068064, 612543.311200010590255 ], [ -1987306.200200000777841, 612539.378399998415262 ], [ -1987287.523300000466406, 612535.115400004200637 ], [ -1987269.110599997453392, 612530.521399995777756 ], [ -1987251.055399998789653, 612525.689000002574176 ], [ -1987233.232900001108646, 612520.51640000147745 ], [ -1987215.664400000590831, 612515.008900006301701 ], [ -1987198.346400000853464, 612509.165500003378838 ], [ -1987181.276199996937066, 612502.9852 ], [ -1987164.4506, 612496.466800000052899 ], [ -1987147.865599997807294, 612489.573600005824119 ], [ -1987131.5204, 612482.340600003488362 ], [ -1987115.413499996531755, 612474.784400003030896 ], [ -1987099.539600001415238, 612466.867500009946525 ], [ -1987083.89889999711886, 612458.607600006274879 ], [ -1987068.489600000437349, 612450.003500002902001 ], [ -1987053.239799998002127, 612441.008200003765523 ], [ -1987038.2410000001546, 612431.68210000731051 ], [ -1987023.468299996573478, 612422.00880000507459 ], [ -1987008.896099999081343, 612411.953999997116625 ], [ -1986994.571100002387539, 612401.583300004713237 ], [ -1986985.715099999681115, 612394.797200004570186 ], [ -1986975.957099996739998, 612386.96880000224337 ], [ -1986944.013300003251061, 612360.196599996183068 ], [ -1986932.036999998381361, 612350.43870000494644 ], [ -1986920.061099998652935, 612341.224700001534075 ], [ -1986909.011599999153987, 612333.39590001385659 ], [ -1986900.627399995690212, 612327.875900011043996 ], [ -1986892.039599996060133, 612322.518899999093264 ], [ -1986883.217500001192093, 612317.328200004063547 ], [ -1986874.206999995978549, 612312.293500001076609 ], [ -1986864.979599996935576, 612307.416900007985532 ], [ -1986855.505399995017797, 612302.699400003999472 ], [ -1986845.828400001395494, 612298.130599999800324 ], [ -1986835.893299999646842, 612293.715300011914223 ], [ -1986825.7547, 612289.447500000707805 ], [ -1986815.344000002834946, 612285.326799995265901 ], [ -1986804.72719999961555, 612281.337800006847829 ], [ -1986793.844399995636195, 612277.484600005205721 ], [ -1986782.686999998055398, 612273.764100006781518 ], [ -1986771.238400002010167, 612270.17069999827072 ], [ -1986759.483299997635186, 612266.699500012211502 ], [ -1986747.401999996043742, 612263.344800010323524 ], [ -1986724.945199998561293, 612257.624200004152954 ], [ -1986701.197599996812642, 612252.209700001403689 ], [ -1986675.923699999693781, 612247.04700000025332 ], [ -1986648.646400001365691, 612242.038099995348603 ], [ -1986625.831300002755597, 612238.20280001219362 ], [ -1986600.350900001358241, 612234.259499999228865 ], [ -1986503.94110000366345, 612220.455399995669723 ], [ -1986464.312000000383705, 612214.406599992886186 ], [ -1986428.833700000541285, 612208.557199998293072 ], [ -1986347.794500002171844, 612194.833700011949986 ], [ -1986312.097099999897182, 612188.895399994216859 ], [ -1986269.897199995815754, 612182.291299994103611 ], [ -1986232.010099999606609, 612176.919900007080287 ], [ -1986211.773699995130301, 612174.326099997851998 ], [ -1986192.288500000257045, 612172.040500010363758 ], [ -1986173.445599996950477, 612170.050299995578825 ], [ -1986155.08939999807626, 612168.327500007115304 ], [ -1986137.181800001300871, 612166.875100003555417 ], [ -1986119.740299999248236, 612165.702100003603846 ], [ -1986102.768400000873953, 612164.816199997905642 ], [ -1986086.152799997478724, 612164.195100004784763 ], [ -1986068.753199994564056, 612163.846100002061576 ], [ -1986051.717199999140576, 612163.80370000610128 ], [ -1986035.064100000774488, 612164.077899994328618 ], [ -1986018.818200001493096, 612164.679600007366389 ], [ -1986002.918200000654906, 612165.599200004711747 ], [ -1985987.31199999875389, 612166.827200005762279 ], [ -1985972.071400003973395, 612168.385000003967434 ], [ -1985957.144299996085465, 612170.263600002042949 ], [ -1985942.508399999700487, 612172.466300006490201 ], [ -1985928.127500000176951, 612174.982200003694743 ], [ -1985914.07820000173524, 612177.833500012289733 ], [ -1985900.39609999768436, 612181.031699998769909 ], [ -1985886.991099996957928, 612184.557700003962964 ], [ -1985873.858699997421354, 612188.41270001558587 ], [ -1985860.994399996008724, 612192.598100006114691 ], [ -1985848.394099996425211, 612197.115100004244596 ], [ -1985827.864299998153001, 612205.174400004558265 ], [ -1985807.515599998179823, 612213.863300006370991 ], [ -1985787.348000002559274, 612223.181800003163517 ], [ -1985767.361499997787178, 612233.129800010472536 ], [ -1985747.556099997833371, 612243.707399999257177 ], [ -1985727.931800002697855, 612254.914499998558313 ], [ -1985708.429299997165799, 612266.731599996332079 ], [ -1985689.078000001376495, 612279.168199999723583 ], [ -1985669.907999998889863, 612292.234500003047287 ], [ -1985650.918899998534471, 612305.930299996398389 ], [ -1985632.140799998305738, 612320.2655000067316 ], [ -1985613.551699995761737, 612335.218400013167411 ], [ -1985595.162399999797344, 612350.799900000914931 ], [ -1985576.973099999595433, 612367.009900005999953 ], [ -1985558.994600003119558, 612383.859300001524389 ], [ -1985541.167400000384077, 612401.328399999067187 ], [ -1985531.608300002291799, 612413.830399999860674 ], [ -1985487.739399994956329, 612431.689700006972998 ], [ -1985443.874299997929484, 612449.333600002806634 ], [ -1985400.042899999301881, 612466.771800005342811 ], [ -1985356.126199998660013, 612483.964899996761233 ], [ -1985312.105399996507913, 612500.914000003132969 ], [ -1985267.933200003113598, 612517.614100004546344 ], [ -1985223.627099996898323, 612534.034300005994737 ], [ -1985179.22610000311397, 612550.202399998437613 ], [ -1985141.575499997707084, 612563.37280000327155 ], [ -1985101.963500001933426, 612576.375400000717491 ], [ -1985059.989900002023205, 612589.343199995812029 ], [ -1985014.889099999330938, 612602.534400006756186 ], [ -1984974.567699995823205, 612613.842100005131215 ], [ -1984929.589099995326251, 612626.027500001713634 ], [ -1984775.192400001455098, 612666.447900003287941 ], [ -1984715.810599999269471, 612682.344599997159094 ], [ -1984684.8412000015378, 612690.911600004415959 ], [ -1984655.890600000275299, 612699.153700008057058 ], [ -1984628.466799997724593, 612707.211400000378489 ], [ -1984602.296399995684624, 612715.165299998596311 ], [ -1984572.463399998378009, 612724.594999993219972 ], [ -1984543.719399999128655, 612734.084799999371171 ], [ -1984515.997299995273352, 612743.663900007028133 ], [ -1984489.214200003538281, 612753.364100005012006 ], [ -1984463.23749999795109, 612763.23430000571534 ], [ -1984448.053555888589472, 612769.291063340380788 ], [ -1984438.024699998553842, 612773.291499997954816 ], [ -1984413.547300001140684, 612783.576199996285141 ], [ -1984389.792300002649426, 612794.123299995437264 ], [ -1984327.616400001803413, 612822.509100005030632 ], [ -1984286.916700001340359, 612841.54929999820888 ], [ -1984250.006099998485297, 612859.422100005671382 ], [ -1984216.733600000385195, 612876.261799997184426 ], [ -1984200.303299996536225, 612884.899300005286932 ], [ -1984526.9526, 611310.236900000832975 ], [ -1987635.812999996822327, 611905.550600004382432 ], [ -1991108.476199995260686, 611607.893700010608882 ], [ -1992226.811183158773929, 611261.367380613926798 ] ] ] } },
{ "type": "Feature", "properties": { "ID": 794, "YEAR": "2012-2013", "Perimtr_KM": 11.859655119699999, "AREA_KM": 2.05456453574, "SCALE": 1, "THICKNES_M": 75.565555572500003, "VOLUME_KM": 0.1552543106, "MASS_GT": 0.14236820282000001, "RECURRANCE": "4-5", "UA_KM": 0.0592982756, "UH_M": 6.2719410815899996, "UC_KM": 0.01187916146, "REGION": "Peninsula", "ICESHELF": "Wilkins" }, "geometry": { "type": "Polygon", "coordinates": [ [ [ -2117948.256431076675653, 691780.815182243939489 ], [ -2117951.007799997925758, 691775.647800012957305 ], [ -2117955.891999997198582, 691767.980900011025369 ], [ -2117968.182100003585219, 691759.174700001254678 ], [ -2117971.62789999647066, 691751.4471 ], [ -2117974.294700002297759, 691743.61900000507012 ], [ -2117977.841899998486042, 691737.195199998561293 ], [ -2117980.797799998428673, 691730.613000015728176 ], [ -2117991.200799997895956, 691722.680400013923645 ], [ -2117989.808374675456434, 691747.966287321411073 ], [ -2117849.878999999724329, 694289.027800003997982 ], [ -2117585.295099998358637, 695320.904899994377047 ], [ -2117869.574499995447695, 695757.724431328941137 ], [ -2118041.481636045500636, 696021.874399999156594 ], [ -2118670.088999998290092, 696987.783199998084456 ], [ -2117754.264100001193583, 696739.202199996449053 ], [ -2117752.612599997781217, 696736.770599994342774 ], [ -2117664.266600002534688, 696594.051699994597584 ], [ -2117619.527499998919666, 696510.30530000757426 ], [ -2117598.431799997575581, 696469.703800014685839 ], [ -2117577.915399995166808, 696431.998000005725771 ], [ -2117560.238000003620982, 696396.117000002413988 ], [ -2117542.81060000276193, 696361.562199994456023 ], [ -2117525.995599998161197, 696325.859400014858693 ], [ -2117507.598800000734627, 696292.105900003109127 ], [ -2117488.509299997240305, 696260.014900012873113 ], [ -2117468.746900001075119, 696228.928099995944649 ], [ -2117451.280099997296929, 696198.236999996937811 ], [ -2117433.058300000615418, 696168.38130000513047 ], [ -2117417.081499999389052, 696138.813300002366304 ], [ -2117401.09879999794066, 696108.915800002403557 ], [ -2117385.164799998048693, 696077.453000015579164 ], [ -2117369.179299999494106, 696046.60320000583306 ], [ -2117355.584499997086823, 696015.698500006459653 ], [ -2117345.014800001867115, 695984.747399998828769 ], [ -2117335.148699997924268, 695954.132300003431737 ], [ -2117325.97999999858439, 695923.834500011522323 ], [ -2117317.501499995589256, 695893.831900003366172 ], [ -2117308.413499997463077, 695864.215700001921505 ], [ -2117299.572499997913837, 695834.85289999563247 ], [ -2117290.83460000064224, 695805.777000001631677 ], [ -2117282.049000001046807, 695776.997800014447421 ], [ -2117274.653900003060699, 695748.368200001772493 ], [ -2117268.38359999936074, 695720.276300009805709 ], [ -2117262.77900000102818, 695692.379100000020117 ], [ -2117259.132399994879961, 695664.556300005875528 ], [ -2117254.85520000057295, 695637.020100003108382 ], [ -2117251.296699999831617, 695611.747199998702854 ], [ -2117248.336199999786913, 695586.229599996004254 ], [ -2117246.255500001832843, 695560.393000004347414 ], [ -2117245.792700000107288, 695534.380800003185868 ], [ -2117244.641699995379895, 695508.339400006458163 ], [ -2117243.818299999460578, 695482.300500005483627 ], [ -2117243.324000001884997, 695456.296899997163564 ], [ -2117243.159200001042336, 695430.360600001178682 ], [ -2117238.890099996235222, 695404.162999995984137 ], [ -2117231.531399995554239, 695377.721300000324845 ], [ -2117225.703199998475611, 695351.623600001912564 ], [ -2117217.986000000499189, 695325.525400000158697 ], [ -2117216.887999997474253, 695300.862600005231798 ], [ -2117216.114799999631941, 695276.437700006645173 ], [ -2117214.806699998211116, 695252.434699995908886 ], [ -2117214.677900003269315, 695228.558500001206994 ], [ -2117214.651000000536442, 695214.50900000706315 ], [ -2117215.776099995244294, 695200.224099999293685 ], [ -2117216.337399998214096, 695186.015800002962351 ], [ -2117214.82079999987036, 695171.373499995563179 ], [ -2117215.974499996751547, 695156.979800015222281 ], [ -2117217.426699997391552, 695142.480399998370558 ], [ -2117219.179400001652539, 695127.866599995177239 ], [ -2117222.951499996241182, 695112.809599994216114 ], [ -2117224.650599997490644, 695097.290399992838502 ], [ -2117229.031500001437962, 695081.967900007497519 ], [ -2117233.724500000476837, 695066.48400000622496 ], [ -2117238.734300000127405, 695050.822800002992153 ], [ -2117241.691799994558096, 695034.62639999575913 ], [ -2117247.352099999785423, 695018.559200002811849 ], [ -2117250.97610000288114, 695001.909400011412799 ], [ -2117257.321299998555332, 694985.337900002952665 ], [ -2117265.302199997007847, 694954.880400000140071 ], [ -2117274.371899998746812, 694923.178699997719377 ], [ -2117283.225900001823902, 694889.829099998343736 ], [ -2117292.832499999552965, 694854.319699994288385 ], [ -2117304.930000000167638, 694821.907300010323524 ], [ -2117313.326599999330938, 694785.382200005464256 ], [ -2117350.606200000271201, 694653.934300006367266 ], [ -2117373.197099999524653, 694601.210900012869388 ], [ -2117384.990399998147041, 694572.574300001841038 ], [ -2117393.8827, 694545.394799998961389 ], [ -2117403.664799995720387, 694520.071900012902915 ], [ -2117411.402499998919666, 694495.516200005542487 ], [ -2117419.287000000476837, 694466.416300002951175 ], [ -2117431.178599998354912, 694439.45930000115186 ], [ -2117437.84450000198558, 694412.240600004326552 ], [ -2117447.734999998472631, 694386.530200007371604 ], [ -2117452.668299998622388, 694360.476800012867898 ], [ -2117460.887499998323619, 694335.74890001444146 ], [ -2117466.744800000451505, 694311.31220000050962 ], [ -2117470.800199999473989, 694286.589299994520843 ], [ -2117474.64669999666512, 694267.618999993894249 ], [ -2117477.020399996079504, 694248.078199996612966 ], [ -2117477.655199999455363, 694227.942400011699647 ], [ -2117481.537899998016655, 694206.894799997564405 ], [ -2117482.690200002864003, 694184.533299999777228 ], [ -2117486.252500000409782, 694162.251700005959719 ], [ -2117489.677499994169921, 694139.215199998114258 ], [ -2117492.366000001318753, 694114.938999998848885 ], [ -2117497.985400000587106, 694070.049999999813735 ], [ -2117498.057999999262393, 694017.955200008582324 ], [ -2117487.049199996516109, 693963.625600001774728 ], [ -2117445.831000001169741, 693815.984300001524389 ], [ -2117448.786800002679229, 693774.170899995137006 ], [ -2117452.911899999249727, 693737.704300007782876 ], [ -2117458.104099997319281, 693696.215099998749793 ], [ -2117460.12480000173673, 693656.71010001283139 ], [ -2117465.915600001811981, 693619.88800000725314 ], [ -2117471.495700002182275, 693584.89190000994131 ], [ -2117473.583399998489767, 693564.203600003384054 ], [ -2117472.561799996998161, 693542.498600003309548 ], [ -2117474.64850000012666, 693521.313099998049438 ], [ -2117477.754599995911121, 693500.881799994967878 ], [ -2117481.146999995689839, 693479.740400004666299 ], [ -2117484.879299995489419, 693458.948400008957833 ], [ -2117488.929999996442348, 693437.954900014214218 ], [ -2117489.864999996032566, 693415.333400000818074 ], [ -2117493.977500000502914, 693393.956099993549287 ], [ -2117499.002599997445941, 693372.287300008349121 ], [ -2117503.233299998566508, 693349.711700006853789 ], [ -2117503.314000000245869, 693326.404500006232411 ], [ -2117511.120100000407547, 693303.723900007549673 ], [ -2117519.270099999848753, 693280.142800005618483 ], [ -2117525.52219999814406, 693255.918399998918176 ], [ -2117534.454300002194941, 693231.486200007610023 ], [ -2117547.64640000090003, 693190.686000006273389 ], [ -2117562.056399999186397, 693147.68140001501888 ], [ -2117577.663399998098612, 693102.757700011134148 ], [ -2117592.504799998831004, 693054.309800005983561 ], [ -2117606.113400002475828, 693011.871600000653416 ], [ -2117624.209100001957268, 692964.237199998926371 ], [ -2117689.87949999794364, 692803.30499999737367 ], [ -2117716.703300000168383, 692742.322700006887317 ], [ -2117743.014999997802079, 692680.925999995786697 ], [ -2117766.217200002167374, 692627.445099993608892 ], [ -2117779.228799997828901, 692598.306699996814132 ], [ -2117791.655599999241531, 692570.72650000359863 ], [ -2117803.316299999598414, 692543.529800001997501 ], [ -2117814.514299996197224, 692517.585300012491643 ], [ -2117824.903599999845028, 692491.302300000563264 ], [ -2117834.841700000688434, 692466.367600004188716 ], [ -2117844.011799998581409, 692440.981699998490512 ], [ -2117852.753100000321865, 692416.145899995230138 ], [ -2117861.879900000523776, 692386.229399999603629 ], [ -2117870.83799999859184, 692356.839500001631677 ], [ -2117878.750200000125915, 692327.865299997385591 ], [ -2117886.522000000812113, 692299.322100004646927 ], [ -2117893.597900000400841, 692271.568700007162988 ], [ -2117899.780199996661395, 692243.683700004126877 ], [ -2117905.938599996268749, 692216.319200002588332 ], [ -2117911.510399998165667, 692189.854999994859099 ], [ -2117916.582099999301136, 692163.706300007645041 ], [ -2117921.980699996463954, 692137.558400004170835 ], [ -2117928.404900001361966, 692112.413200004491955 ], [ -2117933.783599994610995, 692086.871000005863607 ], [ -2117938.453599992208183, 692061.849599995650351 ], [ -2117942.926800003275275, 692036.792400003410876 ], [ -2117947.185700000729412, 692012.355500000528991 ], [ -2117952.973499994724989, 691987.539800011087209 ], [ -2117955.18129999563098, 691975.500600004568696 ], [ -2117956.011500000953674, 691961.945700008422136 ], [ -2117959.605000000447035, 691916.275800007395446 ], [ -2117960.776900002732873, 691899.21180001180619 ], [ -2117961.565499995835125, 691882.548299996647984 ], [ -2117961.824599996209145, 691867.672300002537668 ], [ -2117961.715799996629357, 691858.704900005832314 ], [ -2117961.388399997260422, 691850.172200012020767 ], [ -2117960.840199995785952, 691842.015900006517768 ], [ -2117960.068500000983477, 691834.198299998883158 ], [ -2117959.068799996748567, 691826.678399997763336 ], [ -2117957.838999998755753, 691819.444099994376302 ], [ -2117956.375700003001839, 691812.476200004573911 ], [ -2117954.67600000044331, 691805.760499994270504 ], [ -2117952.25650000013411, 691798.215600005816668 ], [ -2117949.181699998211116, 691790.748300007544458 ], [ -2117946.803900001570582, 691783.543200000654906 ], [ -2117948.256431076675653, 691780.815182243939489 ] ] ] } },
{ "type": "Feature", "properties": { "ID": 795, "YEAR": "2012-2013", "Perimtr_KM": 10.2541772062, "AREA_KM": 5.4183781010200001, "SCALE": 1, "THICKNES_M": 230.447609943, "VOLUME_KM": 1.24865228315, "MASS_GT": 1.1450141436500001, "RECURRANCE": "3-4", "UA_KM": 0.05127088603, "UH_M": 19.127151531, "UC_KM": 0.09553964735000001, "REGION": "Peninsula", "ICESHELF": "Stange" }, "geometry": { "type": "Polygon", "coordinates": [ [ [ -1780307.400199994444847, 366683.27040000166744 ], [ -1779729.568699996452779, 364784.628400007728487 ], [ -1779952.285290206316859, 364849.274162840098143 ], [ -1780541.617765296017751, 365020.333927075844258 ], [ -1780816.930221722694114, 365100.246176749933511 ], [ -1780830.858861129265279, 365104.289106462150812 ], [ -1780956.222898264182732, 365140.677297407761216 ], [ -1781369.072248822310939, 365260.511033976916224 ], [ -1781514.096826116088778, 365302.605897318571806 ], [ -1781638.343876551138237, 365338.669871484860778 ], [ -1781667.611672986764461, 365347.165148039814085 ], [ -1782719.918699995614588, 365652.608000000938773 ], [ -1782160.624740247614682, 366971.891744480468333 ], [ -1782031.465240110410377, 367276.558058158960193 ], [ -1782028.099654264980927, 367284.496929331216961 ], [ -1781951.016961116110906, 367466.322501161601394 ], [ -1781856.064081987831742, 367690.300943524111062 ], [ -1781545.842899999115616, 368422.062400003895164 ], [ -1781264.741399999009445, 368180.336899998597801 ], [ -1780307.400199994444847, 366683.27040000166744 ] ] ] } },
{ "type": "Feature", "properties": { "ID": 796, "YEAR": "2012-2013", "Perimtr_KM": 24.265781031500001, "AREA_KM": 7.8371357536500001, "SCALE": 1, "THICKNES_M": 110.43720267400001, "VOLUME_KM": 0.86551134960999998, "MASS_GT": 0.79367390759000001, "RECURRANCE": "2-3", "UA_KM": 0.12132890516, "UH_M": 9.1662877767400008, "UC_KM": 0.06622392017000001, "REGION": "Peninsula", "ICESHELF": "Stange" }, "geometry": { "type": "Polygon", "coordinates": [ [ [ -1853436.446963109541684, 424696.781221529934555 ], [ -1853412.375544163864106, 424539.97592786885798 ], [ -1853388.585000000428408, 424385.000300004612654 ], [ -1854114.085499998182058, 423312.270600005052984 ], [ -1854415.991500001400709, 422631.847799996845424 ], [ -1854707.6309, 420139.831700003705919 ], [ -1856256.159399997908622, 418550.556300013326108 ], [ -1856350.037192643387243, 418339.881406819447875 ], [ -1856421.722464804537594, 418179.009632680099458 ], [ -1856483.051100002368912, 418041.379600001033396 ], [ -1858201.711004970129579, 416724.109985906630754 ], [ -1858308.607894075801596, 416761.842816779855639 ], [ -1859541.235799997579306, 417196.940100005827844 ], [ -1856826.433299997122958, 418847.525600011926144 ], [ -1855635.806000001030043, 420269.663800003938377 ], [ -1854583.692899827612564, 422294.143398898188025 ], [ -1854484.115899999625981, 422485.749799995217472 ], [ -1854483.404131210409105, 422867.072459626477212 ], [ -1854478.251599999377504, 425627.486999998800457 ], [ -1853933.556325852638111, 426011.013997634872794 ], [ -1853752.947799997404218, 426138.182800005655736 ], [ -1853599.692699998384342, 425714.714900004211813 ], [ -1853550.49709999980405, 425439.72310000192374 ], [ -1853436.446963109541684, 424696.781221529934555 ] ] ] } },
{ "type": "Feature", "properties": { "ID": 797, "YEAR": "2012-2013", "Perimtr_KM": 8.1169175366499999, "AREA_KM": 1.1353217256299999, "SCALE": 1, "THICKNES_M": 163.73679199200001, "VOLUME_KM": 0.18589393723, "MASS_GT": 0.17046474044000001, "RECURRANCE": "3-4", "UA_KM": 0.04058458768, "UH_M": 13.590153668299999, "UC_KM": 0.0142235284, "REGION": "Peninsula", "ICESHELF": "Stange" }, "geometry": { "type": "Polygon", "coordinates": [ [ [ -1854818.326271079946309, 438096.215940658468753 ], [ -1854698.08649999788031, 437922.378900009207428 ], [ -1853935.108800001675263, 437276.477599995676428 ], [ -1853810.805399994831532, 436925.695200006011873 ], [ -1853882.629400000907481, 436000.529100004583597 ], [ -1853628.405647189123556, 435610.941733066923916 ], [ -1853320.408798125572503, 435138.949324308428913 ], [ -1853256.898013220634311, 435041.621678134426475 ], [ -1853083.951100000180304, 434776.587700004689395 ], [ -1853274.630957644432783, 435008.283742622472346 ], [ -1853321.279186988715082, 435064.966237921733409 ], [ -1853630.827271301997826, 435441.099653494544327 ], [ -1854046.894148454535753, 435946.664583591278642 ], [ -1854345.959600002970546, 436310.060499995015562 ], [ -1854909.202399996574968, 438227.600400007329881 ], [ -1854818.326271079946309, 438096.215940658468753 ] ] ] } },
{ "type": "Feature", "properties": { "ID": 798, "YEAR": "2012-2013", "Perimtr_KM": 21.4927750232, "AREA_KM": 6.9137437551599996, "SCALE": 1, "THICKNES_M": 123.735512161, "VOLUME_KM": 0.8554756245, "MASS_GT": 0.78447114766000003, "RECURRANCE": "2-3", "UA_KM": 0.10746387512, "UH_M": 10.270047458700001, "UC_KM": 0.06545604455, "REGION": "Peninsula", "ICESHELF": "Stange" }, "geometry": { "type": "Polygon", "coordinates": [ [ [ -1857986.311097764177248, 447333.050307198893279 ], [ -1856648.282981445314363, 447196.516750112641603 ], [ -1856594.922499999171123, 447191.071800003759563 ], [ -1855974.587914681993425, 447148.850459618959576 ], [ -1855252.48781050555408, 447099.702733517158777 ], [ -1854912.190747122745961, 447076.541364656761289 ], [ -1853947.367999999085441, 447010.87340000551194 ], [ -1854825.593594292877242, 447040.241170956287533 ], [ -1854975.544099997496232, 447045.255499998573214 ], [ -1855736.820399998920038, 446789.666300001554191 ], [ -1856490.30640000058338, 446751.307000007480383 ], [ -1857324.219442128669471, 446459.933811427559704 ], [ -1857493.494500000262633, 446400.788300005253404 ], [ -1857693.119261343497783, 446476.315164135303348 ], [ -1857719.719050913583487, 446486.379039377439767 ], [ -1857986.303999999072403, 446587.239899999462068 ], [ -1858416.65268740686588, 446393.871381990611553 ], [ -1858595.517900003120303, 446313.501899996306747 ], [ -1857777.102999997790903, 445929.653199998661876 ], [ -1857242.196545027196407, 445489.008616122417152 ], [ -1857024.336699995677918, 445309.540299998130649 ], [ -1856917.552158891456202, 445172.732550569809973 ], [ -1856657.578872092301026, 444839.665985792409629 ], [ -1855911.548857213230804, 443883.884500168263912 ], [ -1855769.616199996788055, 443702.04650000249967 ], [ -1855732.751875882735476, 443213.798863232601434 ], [ -1855697.948300001211464, 442752.844699998386204 ], [ -1855791.81736265681684, 442848.808587965555489 ], [ -1856039.21063060220331, 443101.722798213828355 ], [ -1856636.450375999091193, 443712.290821310598403 ], [ -1857289.45509999548085, 444379.868300000671297 ], [ -1859207.688099998515099, 445041.328000002540648 ], [ -1859803.001800002297387, 445835.079500005114824 ], [ -1858308.894282866967842, 447266.93259999807924 ], [ -1858245.749852089677006, 447327.446015479974449 ], [ -1858215.498599994461983, 447356.436800005845726 ], [ -1857986.311097764177248, 447333.050307198893279 ] ] ] } },
{ "type": "Feature", "properties": { "ID": 799, "YEAR": "2012-2013", "Perimtr_KM": 5.2927426821400001, "AREA_KM": 1.34249642284, "SCALE": 1, "THICKNES_M": 130.14145507800001, "VOLUME_KM": 0.1747144379, "MASS_GT": 0.16021313956, "RECURRANCE": "3-4", "UA_KM": 0.02646371341, "UH_M": 10.8017407182, "UC_KM": 0.0133681378, "REGION": "Peninsula", "ICESHELF": "Stange" }, "geometry": { "type": "Polygon", "coordinates": [ [ [ -1819628.588099997956306, 458811.154100003652275 ], [ -1819625.206899998243898, 457399.36749999737367 ], [ -1820580.881499997805804, 457715.244600006844848 ], [ -1820690.596199524123222, 457662.351654716301709 ], [ -1821102.301599999889731, 457463.870399995241314 ], [ -1821011.157633494352922, 457626.278868493624032 ], [ -1820316.506199997849762, 458864.070899999234825 ], [ -1819628.588099997956306, 458811.154100003652275 ] ] ] } },
{ "type": "Feature", "properties": { "ID": 801, "YEAR": "2012-2013", "Perimtr_KM": 28.255214531499998, "AREA_KM": 31.7920999832, "SCALE": 2, "THICKNES_M": 122.943325937, "VOLUME_KM": 3.90862651046, "MASS_GT": 3.5842105100900001, "RECURRANCE": "6-8", "UA_KM": 0.14127607266, "UH_M": 10.2042960025, "UC_KM": 0.2990654832, "REGION": "Peninsula", "ICESHELF": "Stange" }, "geometry": { "type": "Polygon", "coordinates": [ [ [ -1821962.335976183181629, 457176.092727189417928 ], [ -1822018.865800000494346, 457021.998900007456541 ], [ -1824223.512643257156014, 454187.5774444071576 ], [ -1824505.607799998484552, 453824.899600002449006 ], [ -1825084.943400000920519, 453549.240900013130158 ], [ -1825461.8289, 453371.260099997278303 ], [ -1825901.028000002261251, 453224.522700005676597 ], [ -1826018.681699997512624, 453189.679300000425428 ], [ -1826047.945499998750165, 453154.523400007747114 ], [ -1826194.818599999882281, 452984.699700008612126 ], [ -1826527.524399996735156, 452703.944900003727525 ], [ -1827051.528400001348928, 452276.523500009439886 ], [ -1827859.369500000728294, 452159.378300004638731 ], [ -1829135.206500000320375, 451904.999600002542138 ], [ -1830602.786400001263246, 451789.360300005879253 ], [ -1830878.834, 451886.839799998793751 ], [ -1831706.04639999079518, 452204.17370000295341 ], [ -1832156.097599997883663, 452555.487899998668581 ], [ -1832116.943339182762429, 452568.254178314935416 ], [ -1832034.922643083613366, 452594.997092415113002 ], [ -1829640.44150000042282, 453375.719600005075336 ], [ -1828019.865300000179559, 455260.879600002430379 ], [ -1825126.652799996780232, 458475.815199998673052 ], [ -1824108.587999996962026, 459274.604399996809661 ], [ -1821504.487699996680021, 459328.856500003952533 ], [ -1821306.0498, 458965.053700002841651 ], [ -1821962.335976183181629, 457176.092727189417928 ] ] ] } },
{ "type": "Feature", "properties": { "ID": 802, "YEAR": "2012-2013", "Perimtr_KM": 14.941851702499999, "AREA_KM": 5.2229852622299999, "SCALE": 1, "THICKNES_M": 89.733625139500006, "VOLUME_KM": 0.46867740163, "MASS_GT": 0.42977717728999998, "RECURRANCE": "2-3", "UA_KM": 0.07470925851, "UH_M": 7.4478908498500003, "UC_KM": 0.03586048276, "REGION": "Peninsula", "ICESHELF": "George_VI" }, "geometry": { "type": "Polygon", "coordinates": [ [ [ -1779515.781900001689792, 498405.556800003163517 ], [ -1780832.624489852925763, 498002.151699486654252 ], [ -1780993.202499999664724, 497952.959799997042865 ], [ -1781518.212599999038503, 498468.009300004225224 ], [ -1778750.381399998674169, 499887.798800004180521 ], [ -1777525.633394669974223, 502843.554859979543835 ], [ -1777356.817600002046674, 503250.967899998649955 ], [ -1777383.557799994712695, 502086.89480001013726 ], [ -1777516.060199996689335, 501609.284299993887544 ], [ -1777637.771000003674999, 499796.369800006039441 ], [ -1778404.479300000471994, 498807.646900001447648 ], [ -1779515.781900001689792, 498405.556800003163517 ] ] ] } },
{ "type": "Feature", "properties": { "ID": 803, "YEAR": "2012-2013", "Perimtr_KM": 13.020987444399999, "AREA_KM": 3.9235135944000001, "SCALE": 1, "THICKNES_M": 123.836801529, "VOLUME_KM": 0.48587537429, "MASS_GT": 0.44554771822, "RECURRANCE": "4-5", "UA_KM": 0.06510493722000001, "UH_M": 10.2784544762, "UC_KM": 0.03717637211, "REGION": "Peninsula", "ICESHELF": "George_VI" }, "geometry": { "type": "Polygon", "coordinates": [ [ [ -1776242.097600000211969, 507910.890900003258139 ], [ -1776925.63409999711439, 506984.089300001040101 ], [ -1776724.835368272615597, 507544.708307903725654 ], [ -1775986.093688778346404, 509607.23442002851516 ], [ -1775863.541817847406492, 509949.392498963046819 ], [ -1775615.062600003788248, 510643.132800008635968 ], [ -1774367.613120685564354, 511981.272488698363304 ], [ -1773906.035999999381602, 512476.406499997712672 ], [ -1773997.866499998606741, 511806.537800000514835 ], [ -1773883.917899999767542, 511252.195000006817281 ], [ -1774142.068399996031076, 510650.489200002513826 ], [ -1774405.114999997895211, 510047.770500014536083 ], [ -1774917.476100002415478, 509534.793200003914535 ], [ -1775547.546599995810539, 509168.929900002665818 ], [ -1775895.921999999554828, 508830.679600005503744 ], [ -1776242.097600000211969, 507910.890900003258139 ] ] ] } },
{ "type": "Feature", "properties": { "ID": 804, "YEAR": "2012-2013", "Perimtr_KM": 13.0045761449, "AREA_KM": 4.0263129444399999, "SCALE": 1, "THICKNES_M": 193.09223302199999, "VOLUME_KM": 0.77744975729, "MASS_GT": 0.71292142742999998, "RECURRANCE": "1-2", "UA_KM": 0.06502288072, "UH_M": 16.026655261799998, "UC_KM": 0.05948595669, "REGION": "Peninsula", "ICESHELF": "George_VI" }, "geometry": { "type": "Polygon", "coordinates": [ [ [ -1772178.08233238151297, 531449.974158410448581 ], [ -1772131.760180227225646, 531362.263904827646911 ], [ -1772055.454551118891686, 531217.780417586211115 ], [ -1772045.35849661543034, 531198.663700001779944 ], [ -1771785.191427556565031, 530706.041519430000335 ], [ -1771388.583099996205419, 529955.069999999366701 ], [ -1771273.509705206844956, 529925.101532796863467 ], [ -1770348.697999994503334, 529684.25359999621287 ], [ -1770291.357199999736622, 530362.353900002781302 ], [ -1769583.509213929064572, 530559.029130813200027 ], [ -1769439.853656467748806, 530598.943760054185987 ], [ -1769177.118499998468906, 530671.944600007962435 ], [ -1768903.920199478045106, 530739.477936134207994 ], [ -1768619.143392016645521, 530809.873424766585231 ], [ -1768559.235799999674782, 530824.682300003245473 ], [ -1768616.756328639574349, 530741.573973149061203 ], [ -1768793.668497944017872, 530485.963067980948836 ], [ -1769157.111429976299405, 529960.843867878895253 ], [ -1769278.279100000159815, 529785.775199997704476 ], [ -1769294.040257947286591, 529771.274934420362115 ], [ -1769818.470060866326094, 529288.799506857059896 ], [ -1770777.395691653480753, 528406.587910308968276 ], [ -1770931.928200001362711, 528264.418000015430152 ], [ -1771791.8258, 528992.023600004147738 ], [ -1771956.22594283008948, 529829.365454563871026 ], [ -1772127.241864187875763, 530700.403558834455907 ], [ -1772225.068143780343235, 531198.663700001779944 ], [ -1772234.153605055296794, 531244.938824004027992 ], [ -1772249.523250006372109, 531323.221280375961214 ], [ -1772253.214411943452433, 531342.021534014493227 ], [ -1772331.410399997374043, 531740.298400002531707 ], [ -1772178.08233238151297, 531449.974158410448581 ] ] ] } },
{ "type": "Feature", "properties": { "ID": 805, "YEAR": "2012-2013", "Perimtr_KM": 9.74798306882, "AREA_KM": 3.6502884554400001, "SCALE": 1, "THICKNES_M": 142.54549264900001, "VOLUME_KM": 0.52033216619, "MASS_GT": 0.4771445964, "RECURRANCE": "1-2", "UA_KM": 0.04873991534, "UH_M": 11.831275831499999, "UC_KM": 0.03981280644, "REGION": "Peninsula", "ICESHELF": "George_VI" }, "geometry": { "type": "Polygon", "coordinates": [ [ [ -1762575.965471834875643, 546161.525399998296052 ], [ -1762555.934108715271577, 546119.627999507822096 ], [ -1762337.110399994300678, 545661.938499997369945 ], [ -1762437.732400000793859, 544616.792500006966293 ], [ -1762733.945700000273064, 544543.945700003765523 ], [ -1762486.669399995123968, 543756.822900004219264 ], [ -1762445.087017629994079, 542862.551248260773718 ], [ -1762404.67720000166446, 541993.496800004504621 ], [ -1763722.018000001320615, 543716.115600003860891 ], [ -1763868.554445370798931, 544888.407255277968943 ], [ -1763880.768299997784197, 544986.118099993560463 ], [ -1763834.478149387054145, 545029.405285371467471 ], [ -1763391.792068391339853, 545443.373142441734672 ], [ -1763025.93919286923483, 545785.492168514989316 ], [ -1762658.216029884992167, 546129.360151526983827 ], [ -1762590.750300003215671, 546192.449200004804879 ], [ -1762575.965471834875643, 546161.525399998296052 ] ] ] } },
{ "type": "Feature", "properties": { "ID": 806, "YEAR": "2012-2013", "Perimtr_KM": 6.7435964626100002, "AREA_KM": 2.0230972335300001, "SCALE": 1, "THICKNES_M": 76.071256637600001, "VOLUME_KM": 0.15389954886000001, "MASS_GT": 0.1411258863, "RECURRANCE": "2-3", "UA_KM": 0.03371798231, "UH_M": 6.3139142697899997, "UC_KM": 0.01177550293, "REGION": "Peninsula", "ICESHELF": "George_VI" }, "geometry": { "type": "Polygon", "coordinates": [ [ [ -1783035.160963125294074, 566639.656375225633383 ], [ -1783028.749870183411986, 566637.178437492344528 ], [ -1782821.661611253395677, 566557.137200262397528 ], [ -1782196.222060771193355, 566315.399905772414058 ], [ -1781835.053700001677498, 566175.805500014685094 ], [ -1780963.915887026814744, 566017.264335798099637 ], [ -1780847.350900002056733, 565996.0503000007011 ], [ -1780787.677099997876212, 564909.283000006340444 ], [ -1782137.054800001671538, 565147.40840000519529 ], [ -1782323.645745732821524, 565427.219467979855835 ], [ -1782574.39256475167349, 565803.238437961321324 ], [ -1782906.838465186301619, 566301.773037689737976 ], [ -1783081.226472813403234, 566563.284626393113285 ], [ -1783142.038486535428092, 566654.478089387528598 ], [ -1783165.834699996747077, 566690.162800005637109 ], [ -1783035.160963125294074, 566639.656375225633383 ] ] ] } },
{ "type": "Feature", "properties": { "ID": 807, "YEAR": "2012-2013", "Perimtr_KM": 19.792506653499998, "AREA_KM": 7.1047023811900001, "SCALE": 1, "THICKNES_M": 74.241104202299994, "VOLUME_KM": 0.52746094981000002, "MASS_GT": 0.48368169097000002, "RECURRANCE": "2-3", "UA_KM": 0.09896253327, "UH_M": 6.1620116184100002, "UC_KM": 0.04035825971, "REGION": "Peninsula", "ICESHELF": "George_VI" }, "geometry": { "type": "Polygon", "coordinates": [ [ [ -1768585.999099998734891, 574862.263200001325458 ], [ -1768684.083654132671654, 574717.560073720756918 ], [ -1768977.23165728780441, 574285.081862512975931 ], [ -1769006.90258203772828, 574241.308654708322138 ], [ -1769083.151709318626672, 574128.819107391405851 ], [ -1769198.903899999568239, 573958.051099999807775 ], [ -1769705.945048880297691, 573876.562344080768526 ], [ -1770543.199028552975506, 573742.00366903282702 ], [ -1770587.594271501991898, 573734.868719285819679 ], [ -1772112.59306319267489, 573489.779628223273903 ], [ -1772349.783042928902432, 573451.659810124430805 ], [ -1773574.030176211846992, 573254.905806932598352 ], [ -1773686.293427953030914, 573236.863498647231609 ], [ -1774169.820383641635999, 573159.153809484094381 ], [ -1774191.222464599879459, 573155.714189336169511 ], [ -1774271.675410572439432, 573142.78425161447376 ], [ -1774573.460729086538777, 573094.283039804548025 ], [ -1774594.046003728872165, 573090.974692097865045 ], [ -1774600.33239303319715, 573089.964379529934376 ], [ -1774935.050708754686639, 573036.170364601071924 ], [ -1775069.659608535002917, 573014.536791467107832 ], [ -1775125.58240000042133, 573005.549199996050447 ], [ -1776100.280553153250366, 573075.222683410625905 ], [ -1777770.662300001364201, 573194.625100002158433 ], [ -1776988.166999998502433, 573264.048399994149804 ], [ -1776606.744199998211116, 573273.848000002559274 ], [ -1775667.415470486273989, 573403.115724770817906 ], [ -1775546.7766, 573419.717700007837266 ], [ -1775421.190589840058237, 573544.897231630049646 ], [ -1774944.086399995256215, 574020.45720000565052 ], [ -1774492.607000002637506, 573917.882200005464256 ], [ -1773019.09859999967739, 574483.894500001799315 ], [ -1772213.779899999732152, 574411.207100002095103 ], [ -1771323.210599996615201, 574825.88690001424402 ], [ -1770939.457071028184146, 574685.408781212754548 ], [ -1770585.110300002386793, 574555.695399994496256 ], [ -1770494.682911050738767, 574692.955837538000196 ], [ -1770198.775499997893348, 575142.116000005975366 ], [ -1768585.999099998734891, 574862.263200001325458 ] ] ] } },
{ "type": "Feature", "properties": { "ID": 808, "YEAR": "2012-2013", "Perimtr_KM": 16.337282806699999, "AREA_KM": 8.1691122747199998, "SCALE": 1, "THICKNES_M": 152.799298, "VOLUME_KM": 1.2482346208599999, "MASS_GT": 1.1446311473299999, "RECURRANCE": "3-4", "UA_KM": 0.08168641403, "UH_M": 12.6823416715, "UC_KM": 0.09550769024, "REGION": "Peninsula", "ICESHELF": "George_VI" }, "geometry": { "type": "Polygon", "coordinates": [ [ [ -1749204.172500001033768, 582367.262400003150105 ], [ -1748952.612100001424551, 582222.289499996695668 ], [ -1748195.548499998170882, 582382.001199998427182 ], [ -1747920.546177668729797, 582203.097780183888972 ], [ -1747887.798499997705221, 582181.793699999339879 ], [ -1747274.769699997734278, 581639.267499993089586 ], [ -1746511.422500000335276, 580887.923999999649823 ], [ -1745953.192899997346103, 580331.425999993924052 ], [ -1745845.308610871667042, 579362.622509629931301 ], [ -1745805.064677493879572, 579001.231027675326914 ], [ -1745784.201299997977912, 578813.877400001510978 ], [ -1746048.844311963766813, 579030.544600016903132 ], [ -1747744.007370674051344, 580418.40000102063641 ], [ -1748122.827363055432215, 580728.545606038533151 ], [ -1748190.945199998328462, 580784.314700001850724 ], [ -1748684.483179530128837, 580876.135720462072641 ], [ -1748745.677522635087371, 580887.52071464760229 ], [ -1748769.288219958310947, 580891.913402571808547 ], [ -1749489.723510766401887, 581025.947876756079495 ], [ -1750152.551246920600533, 581149.264666229952127 ], [ -1750466.366499999305233, 581207.648899999912828 ], [ -1750591.329236605204642, 581297.120194809511304 ], [ -1751512.864901756867766, 581956.924800684209913 ], [ -1752204.510049456730485, 582452.131520660128444 ], [ -1752244.681600001640618, 582480.893700005020946 ], [ -1750899.295199999818578, 582681.607500005979091 ], [ -1749792.287099996581674, 582539.165700003039092 ], [ -1749204.172500001033768, 582367.262400003150105 ] ] ] } },
{ "type": "Feature", "properties": { "ID": 809, "YEAR": "2012-2013", "Perimtr_KM": 39.823813138600002, "AREA_KM": 10.1898422726, "SCALE": 2, "THICKNES_M": 184.28615004, "VOLUME_KM": 1.8778468019300001, "MASS_GT": 1.7219855173700001, "RECURRANCE": "4-5", "UA_KM": 0.19911906569000001, "UH_M": 15.295750377899999, "UC_KM": 0.14368197107, "REGION": "East", "ICESHELF": "Amery" }, "geometry": { "type": "Polygon", "coordinates": [ [ [ 2237653.605600001290441, 662284.848099997267127 ], [ 2236673.400000001303852, 661996.864700014702976 ], [ 2238131.438600004650652, 663567.904299998190254 ], [ 2238444.448700003325939, 664609.93030000757426 ], [ 2240583.827300006523728, 667229.928300015162677 ], [ 2241320.782000007107854, 667559.046199998818338 ], [ 2242410.8432, 669275.8708999985829 ], [ 2242464.493500010110438, 671426.713500006590039 ], [ 2242574.801899999380112, 674955.510700003243983 ], [ 2242076.102900004014373, 675991.492099997587502 ], [ 2242017.130699998699129, 678170.816900005564094 ], [ 2241866.25050000846386, 679188.095400012563914 ], [ 2242416.115200003609061, 678636.13080000737682 ], [ 2242495.490300006233156, 677101.544400002341717 ], [ 2242971.741300000809133, 676307.792800008319318 ], [ 2242839.449400002136827, 675514.041200007777661 ], [ 2243024.658100009895861, 674482.164099996909499 ], [ 2242971.741300000809133, 673529.662200006656349 ], [ 2243183.4084, 671677.575200001709163 ], [ 2242707.157400005497038, 668634.860800003167242 ], [ 2241595.905199998989701, 666809.2321000052616 ], [ 2240405.277800004929304, 666332.981200002133846 ], [ 2238764.857900005765259, 663978.1848000055179 ], [ 2237653.605600001290441, 662284.848099997267127 ] ] ] } },
{ "type": "Feature", "properties": { "ID": 810, "YEAR": "2012-2013", "Perimtr_KM": 9.6200721966499998, "AREA_KM": 2.36788454607, "SCALE": 1, "THICKNES_M": 222.512366, "VOLUME_KM": 0.52688359275999996, "MASS_GT": 0.48315225456, "RECURRANCE": "6-8", "UA_KM": 0.04810036098, "UH_M": 18.468526286900001, "UC_KM": 0.04031408369, "REGION": "East", "ICESHELF": "Amery" }, "geometry": { "type": "Polygon", "coordinates": [ [ [ 2231523.546521788462996, 749996.150217588059604 ], [ 2231884.111700003966689, 749764.262400002684444 ], [ 2228670.096799995750189, 750287.436399997677654 ], [ 2227352.704100006259978, 750517.918500004801899 ], [ 2227743.364886698313057, 750623.81591756362468 ], [ 2229716.08980000577867, 751158.567499995231628 ], [ 2231523.546521788462996, 749996.150217588059604 ] ] ] } },
{ "type": "Feature", "properties": { "ID": 811, "YEAR": "2012-2013", "Perimtr_KM": 14.989971516400001, "AREA_KM": 4.5174237067499998, "SCALE": 1, "THICKNES_M": 222.512366, "VOLUME_KM": 1.0051826372099999, "MASS_GT": 0.92175247831999996, "RECURRANCE": "4-5", "UA_KM": 0.07494985758, "UH_M": 18.468526286900001, "UC_KM": 0.07691075888, "REGION": "East", "ICESHELF": "Amery" }, "geometry": { "type": "Polygon", "coordinates": [ [ [ 2220429.196200001053512, 750563.253800012171268 ], [ 2219389.825599995441735, 749873.865600006654859 ], [ 2219906.80700000282377, 751043.320800013374537 ], [ 2220059.788299998268485, 751939.430499999318272 ], [ 2219626.406800000928342, 753095.184000005014241 ], [ 2219616.41410000436008, 753531.841800003312528 ], [ 2219766.543600008822978, 754381.690900000277907 ], [ 2219551.318400006741285, 754580.321600012015551 ], [ 2219620.267200008034706, 755384.631799998693168 ], [ 2219544.067100001499057, 755738.546899999957532 ], [ 2219496.550900009460747, 756793.072700007818639 ], [ 2220389.508600007742643, 755206.700600000564009 ], [ 2220707.009300005622208, 752309.507299995981157 ], [ 2220429.196200001053512, 750563.253800012171268 ] ] ] } },
{ "type": "Feature", "properties": { "ID": 812, "YEAR": "2012-2013", "Perimtr_KM": 22.000144776100001, "AREA_KM": 5.7571543307199997, "SCALE": 1, "THICKNES_M": 239.48618802199999, "VOLUME_KM": 1.3787589445199999, "MASS_GT": 1.26432195212, "RECURRANCE": "3-4", "UA_KM": 0.11000072388, "UH_M": 19.877353507799999, "UC_KM": 0.10549465621, "REGION": "East", "ICESHELF": "Amery" }, "geometry": { "type": "Polygon", "coordinates": [ [ [ 2215083.555345235392451, 775067.835716194473207 ], [ 2215753.574889181181788, 774740.869557932950556 ], [ 2215915.986435214988887, 774661.613542575389147 ], [ 2216803.054131465032697, 774228.728980650193989 ], [ 2218160.760392539203167, 773566.175172707531601 ], [ 2218436.555400014854968, 773431.588600004091859 ], [ 2218866.602867066860199, 773489.638062858954072 ], [ 2219159.19370000436902, 773529.133100009523332 ], [ 2219890.807717132382095, 772844.264625667128712 ], [ 2220411.26350000500679, 772357.062700013630092 ], [ 2219225.631600006483495, 772620.441599995363504 ], [ 2218593.139500002376735, 773224.869800008367747 ], [ 2218266.509604291990399, 773262.831319088116288 ], [ 2217253.783382419496775, 773380.532197980210185 ], [ 2216600.317013146355748, 773456.479244997724891 ], [ 2216408.317300008609891, 773478.793800005223602 ], [ 2215175.658767072483897, 774312.605587515048683 ], [ 2215096.204400004819036, 774366.351199993863702 ], [ 2214918.878969445824623, 774486.02225447120145 ], [ 2214881.593273577280343, 774511.185134534724057 ], [ 2214739.561900010332465, 774607.037400002591312 ], [ 2214511.870034727267921, 774723.210060150362551 ], [ 2214442.769400008954108, 774758.466500000096858 ], [ 2214382.058063182979822, 774776.201697710435838 ], [ 2213784.747986285015941, 774950.689904712606221 ], [ 2213691.609600007534027, 774977.897799993399531 ], [ 2213647.654435692355037, 774945.869994903448969 ], [ 2212886.101059815846384, 774390.966300013940781 ], [ 2212671.914261231198907, 774234.899700225796551 ], [ 2212399.818500000983477, 774036.637900003232062 ], [ 2212125.987428456544876, 774036.167935211211443 ], [ 2211249.874900002963841, 774034.664299992844462 ], [ 2210733.938800004310906, 773911.154299995396286 ], [ 2211658.241199998185039, 774640.385300002992153 ], [ 2212293.242400011047721, 774680.072900003287941 ], [ 2213682.307700001634657, 775751.637500009965152 ], [ 2215083.555345235392451, 775067.835716194473207 ] ] ] } },
{ "type": "Feature", "properties": { "ID": 813, "YEAR": "2012-2013", "Perimtr_KM": 22.355950099200001, "AREA_KM": 24.716962905, "SCALE": 2, "THICKNES_M": 14.0590813824, "VOLUME_KM": 0.34749779301, "MASS_GT": 0.31865547619000001, "RECURRANCE": "1-2", "UA_KM": 0.1117797505, "UH_M": 1.16690374899, "UC_KM": 0.02658852032, "REGION": "Peninsula", "ICESHELF": "LarsenD" }, "geometry": { "type": "Polygon", "coordinates": [ [ [ -1867386.61226159799844, 1054656.216350826434791 ], [ -1869569.919500001939014, 1057259.16510000359267 ], [ -1868844.96629227581434, 1057342.273447509855032 ], [ -1865795.385299999266863, 1057691.876200004480779 ], [ -1862488.086999998893589, 1055575.205299997702241 ], [ -1861495.897500001592562, 1053061.658599997870624 ], [ -1861495.897500001592562, 1052069.469100000336766 ], [ -1863172.988400001777336, 1051277.509500002488494 ], [ -1863397.261499998625368, 1051632.429500009864569 ], [ -1863567.268799998797476, 1051998.558899995870888 ], [ -1864148.376199998892844, 1052439.15980000467971 ], [ -1864760.840999997220933, 1053128.328000005334616 ], [ -1865206.049499998567626, 1053661.5628 ], [ -1866165.365200001979247, 1054003.365400004200637 ], [ -1866899.363100000657141, 1054075.315700009465218 ], [ -1867386.61226159799844, 1054656.216350826434791 ] ] ] } },
{ "type": "Feature", "properties": { "ID": 814, "YEAR": "2012-2013", "Perimtr_KM": 15.3129556966, "AREA_KM": 9.0051022450500007, "SCALE": 1, "THICKNES_M": 29.409484328600001, "VOLUME_KM": 0.26483541335, "MASS_GT": 0.24285407405000001, "RECURRANCE": "6-8", "UA_KM": 0.07656477848, "UH_M": 2.4409871872400002, "UC_KM": 0.02026367335, "REGION": "Peninsula", "ICESHELF": "LarsenD" }, "geometry": { "type": "Polygon", "coordinates": [ [ [ -1870365.611693741520867, 1057927.294981750659645 ], [ -1869569.919500001939014, 1057259.16510000359267 ], [ -1875917.357899997849017, 1058115.424500006251037 ], [ -1875604.384501139866188, 1058663.886438253335655 ], [ -1874460.506800001952797, 1060668.444600004702806 ], [ -1872409.981900000246242, 1059279.379299993626773 ], [ -1870557.894799997564405, 1058088.751999997533858 ], [ -1870365.611693741520867, 1057927.294981750659645 ] ] ] } },
{ "type": "Feature", "properties": { "ID": 815, "YEAR": "2012-2013", "Perimtr_KM": 28.035616707300001, "AREA_KM": 27.5749443349, "SCALE": 2, "THICKNES_M": 308.18728332500001, "VOLUME_KM": 8.4982471824099992, "MASS_GT": 7.7928926662700002, "RECURRANCE": "4-5", "UA_KM": 0.14017808354, "UH_M": 25.579544389799999, "UC_KM": 0.65023669905000003, "REGION": "Peninsula", "ICESHELF": "LarsenC" }, "geometry": { "type": "Polygon", "coordinates": [ [ [ -2204382.472199999261647, 1263228.558099995367229 ], [ -2204463.745244104415178, 1252419.247473428957164 ], [ -2204464.883591036777943, 1252267.847391036804765 ], [ -2204468.130224234890193, 1251836.045344645623118 ], [ -2204468.740299999713898, 1251754.905300000216812 ], [ -2205110.910199995618314, 1252912.80530000012368 ], [ -2205852.724599997512996, 1254316.141000004950911 ], [ -2205914.339953320100904, 1254461.589899999089539 ], [ -2206238.748999998904765, 1255227.388300009537488 ], [ -2206334.532699997536838, 1255825.807900006417185 ], [ -2206382.229399999603629, 1256176.913299997802824 ], [ -2206431.741899996064603, 1256385.895800004247576 ], [ -2206515.291699999012053, 1256685.464100013487041 ], [ -2206686.604400001931936, 1256847.965999999083579 ], [ -2206994.207899998407811, 1257375.468100005760789 ], [ -2207505.18680000025779, 1258575.425000014714897 ], [ -2207894.770399994682521, 1260811.008500012569129 ], [ -2207799.750099998898804, 1262306.998400013428181 ], [ -2206671.128299995791167, 1262939.48600001540035 ], [ -2206218.827700002584606, 1263545.529400005470961 ], [ -2204805.806399997323751, 1264604.39420000417158 ], [ -2204382.472199999261647, 1263228.558099995367229 ] ] ] } },
{ "type": "Feature", "properties": { "ID": 816, "YEAR": "2012-2013", "Perimtr_KM": 51.2890886275, "AREA_KM": 70.475651969799998, "SCALE": 2, "THICKNES_M": 186.86524049900001, "VOLUME_KM": 13.169449654699999, "MASS_GT": 12.076385333299999, "RECURRANCE": "4-5", "UA_KM": 0.25644544314000001, "UH_M": 15.509814884900001, "UC_KM": 1.0076500821800001, "REGION": "Peninsula", "ICESHELF": "LarsenC" }, "geometry": { "type": "Polygon", "coordinates": [ [ [ -2298427.475231922697276, 1294351.617852608673275 ], [ -2298186.066199999302626, 1294261.420000016223639 ], [ -2296589.948299995623529, 1292114.501300006639212 ], [ -2295346.920805643312633, 1291114.015722221694887 ], [ -2294962.757500001229346, 1290804.811099998187274 ], [ -2294897.359922716394067, 1291630.455680115614086 ], [ -2294796.241699996870011, 1292907.073500003200024 ], [ -2293414.941900000907481, 1293027.315600003115833 ], [ -2290614.765799997840077, 1291695.634700005408376 ], [ -2289446.304175373632461, 1291757.132675382774323 ], [ -2288898.542162683792412, 1291785.962252717930824 ], [ -2285563.636300003156066, 1291961.483600006904453 ], [ -2284505.300899999216199, 1291233.87800000468269 ], [ -2283555.0463000042364, 1291233.87800000468269 ], [ -2281991.754199998918921, 1291233.87800000468269 ], [ -2281781.653643192257732, 1291060.686999997589737 ], [ -2279000.431099997833371, 1288768.057600001338869 ], [ -2279100.416900002397597, 1288725.393900003284216 ], [ -2279270.236400000285357, 1288483.758600007276982 ], [ -2279377.4002, 1288448.98334211949259 ], [ -2279426.120900001842529, 1288433.173200006131083 ], [ -2279874.194699994754046, 1288375.929000004660338 ], [ -2280288.202400004956871, 1288355.387800003867596 ], [ -2280682.948899996466935, 1288401.117100003641099 ], [ -2281095.676499999128282, 1288530.482799994759262 ], [ -2281596.889700000174344, 1288591.267200007569045 ], [ -2282561.262100001331419, 1288358.040500001516193 ], [ -2282826.787700000219047, 1288055.452100004069507 ], [ -2282826.261200000531971, 1287833.507000004407018 ], [ -2283357.481899997219443, 1287551.111600002273917 ], [ -2283765.509999998379499, 1287510.962899999693036 ], [ -2284194.478699997067451, 1287693.40000000083819 ], [ -2284723.343400002922863, 1287550.275199995841831 ], [ -2285048.070699992589653, 1287226.496900002472103 ], [ -2285334.360499996226281, 1287024.993600013665855 ], [ -2285842.250899999402463, 1286932.520900014322251 ], [ -2286148.055100000929087, 1286854.341700001619756 ], [ -2286843.223800001200289, 1286665.607099993620068 ], [ -2287499.469199998769909, 1286534.366900014691055 ], [ -2288030.941500001121312, 1286460.841399996075779 ], [ -2288520.775399998296052, 1286428.093700005672872 ], [ -2289114.892999995965511, 1286404.203800008166581 ], [ -2289626.172499998938292, 1286392.864800009410828 ], [ -2290595.339499998372048, 1286417.642700002994388 ], [ -2291453.933099999558181, 1286469.076200007461011 ], [ -2292980.83729999884963, 1287310.660200005862862 ], [ -2293376.069499995559454, 1288126.219300006981939 ], [ -2293766.896699995733798, 1288707.941700004041195 ], [ -2294024.934199997223914, 1289207.123200010042638 ], [ -2294294.007900000549853, 1289417.873399996664375 ], [ -2295220.407160835340619, 1290449.216831822413951 ], [ -2295583.166500000748783, 1290853.070200014859438 ], [ -2296110.898799999151379, 1291233.593900009524077 ], [ -2296731.959800000302494, 1291606.332300010602921 ], [ -2297049.645399998873472, 1291662.8246725872159 ], [ -2297594.813099996186793, 1291759.769000004045665 ], [ -2297860.792199998162687, 1291987.672299998346716 ], [ -2298167.082399998325855, 1292401.721500015817583 ], [ -2298580.689299999736249, 1292721.119800000451505 ], [ -2298928.390799997374415, 1292721.349000005982816 ], [ -2299445.253199997358024, 1292764.75479999743402 ], [ -2299650.077699999324977, 1292928.614300003740937 ], [ -2299933.499100000597537, 1293205.729900005739182 ], [ -2298904.840700001921505, 1294529.976300015579909 ], [ -2298427.475231922697276, 1294351.617852608673275 ] ] ] } },
{ "type": "Feature", "properties": { "ID": 817, "YEAR": "2012-2013", "Perimtr_KM": 11.0817018526, "AREA_KM": 2.5916451973500001, "SCALE": 1, "THICKNES_M": 155.680343628, "VOLUME_KM": 0.40346821489000001, "MASS_GT": 0.36998035305, "RECURRANCE": "4-5", "UA_KM": 0.05540850926, "UH_M": 12.9214684574, "UC_KM": 0.03087105312, "REGION": "East", "ICESHELF": "Brunt_Stancomb" }, "geometry": { "type": "Polygon", "coordinates": [ [ [ -694467.675999998580664, 1378498.76660000346601 ], [ -694452.104699997231364, 1378498.649700007401407 ], [ -694438.795999995898455, 1378499.093199999071658 ], [ -694425.501599998679012, 1378499.451499993447214 ], [ -694411.688199996948242, 1378500.188999999780208 ], [ -694397.51280000153929, 1378501.172700000926852 ], [ -694383.056400001980364, 1378502.259800004772842 ], [ -694367.942400000523776, 1378503.736700012814254 ], [ -694336.116300000343472, 1378507.343700006138533 ], [ -694307.458099999465048, 1378511.240400007925928 ], [ -694275.670800000894815, 1378515.861600005999207 ], [ -694244.265999994706362, 1378520.938500002026558 ], [ -694164.382299996912479, 1378533.876700002234429 ], [ -693564.61290000192821, 1378200.552800003904849 ], [ -693028.821100000757724, 1378042.043000004254282 ], [ -693024.40619999775663, 1378037.400100011844188 ], [ -693019.91970000276342, 1378032.017499997280538 ], [ -693016.369800001382828, 1378027.026799998246133 ], [ -693014.504500000737607, 1378023.777200004085898 ], [ -693012.665699997916818, 1378019.991400006227195 ], [ -693007.024800000246614, 1378006.791999994777143 ], [ -693004.598700000438839, 1378001.989899994805455 ], [ -693002.133199996780604, 1377997.571800003293902 ], [ -692999.274099999573082, 1377993.70720001263544 ], [ -692997.392399997450411, 1377991.6859 ], [ -692995.320299999322742, 1377989.555700003169477 ], [ -692985.953799999784678, 1377982.028700012248009 ], [ -692982.332399997394532, 1377978.740200005006045 ], [ -692979.47499999916181, 1377975.508400010876358 ], [ -692976.357400002423674, 1377971.819500006735325 ], [ -692973.688199998345226, 1377967.859600002877414 ], [ -692970.844200002495199, 1377963.500600002706051 ], [ -692965.539199998602271, 1377954.489200002513826 ], [ -692956.454100002069026, 1377936.914300004485995 ], [ -692952.628299999982119, 1377929.773199996910989 ], [ -692948.361499995458871, 1377922.783100008964539 ], [ -692943.936099998187274, 1377916.716200012713671 ], [ -692935.927499999292195, 1377906.667700010817498 ], [ -692927.064099999610335, 1377896.535500008612871 ], [ -692917.321600003633648, 1377886.510899996384978 ], [ -692907.127099994104356, 1377876.656600001268089 ], [ -692896.00499999569729, 1377866.78860000288114 ], [ -692884.232999999541789, 1377856.969400011468679 ], [ -692871.963499997276813, 1377847.344800010789186 ], [ -692858.755299997050315, 1377837.697000006213784 ], [ -692843.89919999986887, 1377827.316599995829165 ], [ -692830.972999996971339, 1377818.803599997423589 ], [ -692819.034099996089935, 1377811.315999996382743 ], [ -692807.792500000912696, 1377804.88080000737682 ], [ -692796.938700004015118, 1377799.134700010530651 ], [ -692786.37739999871701, 1377794.254000006709248 ], [ -692775.929800000973046, 1377790.035199998412281 ], [ -692765.824999997392297, 1377786.58930000057444 ], [ -692761.277499996125698, 1377785.442299994640052 ], [ -692751.72199999820441, 1377783.781900004483759 ], [ -692747.814100002869964, 1377782.946900009643286 ], [ -692744.051900001242757, 1377781.803400013130158 ], [ -692740.899500001687557, 1377780.316100002266467 ], [ -692738.51949999621138, 1377778.810200000647455 ], [ -692735.930499996989965, 1377776.794300012756139 ], [ -692727.493899999652058, 1377768.517699999734759 ], [ -692724.01740000071004, 1377765.518299999646842 ], [ -692721.003599998541176, 1377763.455100001301616 ], [ -692717.677399999927729, 1377761.588600005488843 ], [ -692714.052200001198798, 1377759.875200006645173 ], [ -692710.073899996001273, 1377758.289299996104091 ], [ -692701.472899996675551, 1377755.580200012307614 ], [ -692683.094299997668713, 1377750.942300005350262 ], [ -692675.519599998369813, 1377748.703000008128583 ], [ -692671.410000001545995, 1377747.262899995781481 ], [ -692667.676499999593943, 1377745.731900002341717 ], [ -692664.245500000193715, 1377744.079300000797957 ], [ -692661.081399997230619, 1377742.287800001446158 ], [ -692654.379900000058115, 1377737.516500005498528 ], [ -692641.309099994599819, 1377727.227700002957135 ], [ -692636.044699996709824, 1377723.291900005191565 ], [ -692628.049699996132404, 1377718.084200000856072 ], [ -692619.399199998006225, 1377713.277199992910028 ], [ -692610.372200000099838, 1377708.82270000455901 ], [ -692600.087800001725554, 1377704.501600004732609 ], [ -692589.670299995224923, 1377700.596600010991096 ], [ -692577.585299995262176, 1377696.633400007151067 ], [ -692564.999799996148795, 1377692.810699995141476 ], [ -692529.505299997515976, 1377682.658200010191649 ], [ -692518.57960000121966, 1377679.18590001296252 ], [ -692509.037400001194328, 1377675.935600006021559 ], [ -692498.206699996720999, 1377671.738700001500547 ], [ -692488.362000000663102, 1377667.421599993947893 ], [ -692479.162300001364201, 1377662.720799999311566 ], [ -692470.605999998282641, 1377657.76020001154393 ], [ -692465.910300000105053, 1377654.584400005172938 ], [ -692452.935699996072799, 1377645.357200001832098 ], [ -692448.946600002702326, 1377642.843800007365644 ], [ -692445.418099995236844, 1377640.886400002520531 ], [ -692439.474300002679229, 1377638.355800002347678 ], [ -692432.45389999402687, 1377636.182200009934604 ], [ -692425.394400002900511, 1377634.567500001750886 ], [ -692406.875699996948242, 1377631.003799999598414 ], [ -692401.704999997280538, 1377629.879400010220706 ], [ -692396.987199999857694, 1377628.407200000714511 ], [ -692389.696699999738485, 1377625.634000006131828 ], [ -692382.165999996941537, 1377622.456600005738437 ], [ -692374.612999998498708, 1377618.668800001498312 ], [ -692366.525699998252094, 1377614.217999997548759 ], [ -692359.725099998060614, 1377610.283300004433841 ], [ -692351.871100000105798, 1377605.394800005014986 ], [ -692326.300999999046326, 1377588.738800005521625 ], [ -692316.769900001119822, 1377582.752700001467019 ], [ -692306.800700002815574, 1377576.800500012468547 ], [ -692297.771999998949468, 1377571.86200001090765 ], [ -692282.65039999736473, 1377564.473800006322563 ], [ -692265.957700000144541, 1377556.941400004550815 ], [ -692246.257700001820922, 1377548.605000014882535 ], [ -692204.344099995214492, 1377531.622499997261912 ], [ -692186.168399999849498, 1377524.05400001257658 ], [ -692167.166900003794581, 1377515.665999999269843 ], [ -692150.35050000064075, 1377507.436300004832447 ], [ -692125.463899997994304, 1377494.602100001648068 ], [ -692109.193799994885921, 1377485.929099997971207 ], [ -692094.777899996377528, 1377477.66660000057891 ], [ -692081.844199998769909, 1377469.80890000378713 ], [ -692078.783099999185652, 1377467.57820001244545 ], [ -692075.502799999434501, 1377465.115200005471706 ], [ -692068.629399998579174, 1377459.20279999775812 ], [ -692061.731800000183284, 1377452.330900006461889 ], [ -692048.919100001920015, 1377438.553200002294034 ], [ -692043.415100002661347, 1377432.991300000343472 ], [ -692037.63049999717623, 1377427.582000005990267 ], [ -692032.357899998314679, 1377423.062299995217472 ], [ -692029.059899996500462, 1377420.723599994555116 ], [ -692025.81470000045374, 1377418.695299996994436 ], [ -692022.598600002005696, 1377416.962800004985183 ], [ -692019.272999998182058, 1377415.381100009661168 ], [ -692016.284200003836304, 1377414.352600007783622 ], [ -692013.065799998585135, 1377413.465000010095537 ], [ -692009.827399997971952, 1377412.853000005707145 ], [ -692006.561800001189113, 1377412.515300001017749 ], [ -691996.19749999884516, 1377412.652600004803389 ], [ -691993.149299998767674, 1377412.328400000464171 ], [ -691990.144699996802956, 1377411.695900010876358 ], [ -691987.196500001475215, 1377410.650800011586398 ], [ -691984.258000003173947, 1377409.39660000661388 ], [ -691981.343100000638515, 1377407.828800010494888 ], [ -691978.435600002296269, 1377405.939299999270588 ], [ -691975.740299999248236, 1377403.85630000801757 ], [ -691972.675999998115003, 1377401.153099997900426 ], [ -691967.88619999634102, 1377396.186899996362627 ], [ -691962.733599997591227, 1377390.174000001512468 ], [ -691957.838400000706315, 1377383.917700001504272 ], [ -691946.755600000731647, 1377368.578000003937632 ], [ -691941.072600001003593, 1377361.386199994478375 ], [ -691935.381700001191348, 1377355.180000001564622 ], [ -691930.219900001771748, 1377350.39459999743849 ], [ -691927.672900000121444, 1377348.468599997926503 ], [ -691925.131700000725687, 1377346.795799998100847 ], [ -691922.585900001227856, 1377345.369500007480383 ], [ -691919.904799997806549, 1377344.048899998422712 ], [ -691917.325099997222424, 1377343.102700005751103 ], [ -691914.720199999865144, 1377342.393700003158301 ], [ -691912.304099997505546, 1377342.057700004428625 ], [ -691909.534600001759827, 1377341.787899999879301 ], [ -691903.472800001967698, 1377341.995700004510581 ], [ -691901.06789999967441, 1377341.787899999879301 ], [ -691898.1034000008367, 1377340.906200009863824 ], [ -691895.381099997088313, 1377339.520399999339134 ], [ -691892.857599999755621, 1377337.799300003331155 ], [ -691891.247000002302229, 1377336.076400003395975 ], [ -691889.931200003717095, 1377331.80750001501292 ], [ -691886.643299997318536, 1377323.624800003133714 ], [ -691883.235699998214841, 1377315.62850000243634 ], [ -691879.731199998874217, 1377307.923200010787696 ], [ -691877.160699998959899, 1377302.886400010436773 ], [ -691874.145199997350574, 1377297.810200006701052 ], [ -691870.925499998964369, 1377292.95869999891147 ], [ -691867.368099995423108, 1377288.155100009869784 ], [ -691863.475900002755225, 1377283.453100005630404 ], [ -691859.230499999132007, 1377278.804000012110919 ], [ -691854.494800003245473, 1377274.055699997581542 ], [ -691849.492600003257394, 1377269.45920000039041 ], [ -691844.394399997778237, 1377265.123900000937283 ], [ -691838.750500000547618, 1377260.640100004617125 ], [ -691832.4063999960199, 1377255.799200009554625 ], [ -691825.827700002584606, 1377251.074400006793439 ], [ -691811.503299999982119, 1377241.51870000641793 ], [ -691783.121199996210635, 1377223.559799993410707 ], [ -691771.363899996038526, 1377215.799600005149841 ], [ -691759.676499995868653, 1377207.717299996409565 ], [ -691749.444299995433539, 1377199.895500007085502 ], [ -691743.83130000019446, 1377195.269199999049306 ], [ -691738.563599995803088, 1377190.639800000470132 ], [ -691733.701399997808039, 1377185.763600005768239 ], [ -691729.328000002540648, 1377181.13460000557825 ], [ -691725.316600000020117, 1377176.453000002540648 ], [ -691721.4384999955073, 1377171.436799998860806 ], [ -691718.128299999982119, 1377166.619900004938245 ], [ -691715.175499997567385, 1377161.686500007286668 ], [ -691711.442299996037036, 1377154.62440000846982 ], [ -691708.268199995160103, 1377147.232800006400794 ], [ -691705.173799996264279, 1377138.885400012135506 ], [ -691702.323299998417497, 1377129.69370000436902 ], [ -691700.345800000242889, 1377121.783600000664592 ], [ -691698.164500003214926, 1377112.543000001460314 ], [ -691692.081799999345094, 1377082.241200004238635 ], [ -691689.666700003668666, 1377071.280400010757148 ], [ -691687.267299997154623, 1377061.152399996295571 ], [ -691684.774599997326732, 1377051.953899993095547 ], [ -691681.93349999608472, 1377043.226900001522154 ], [ -691678.763400000985712, 1377035.454000003635883 ], [ -691675.283599995076656, 1377028.07140000583604 ], [ -691671.674600002355874, 1377021.489700006321073 ], [ -691668.23359999852255, 1377015.258800012990832 ], [ -691659.537500002421439, 1376998.115700009744614 ], [ -691656.811299997847527, 1376993.609299996867776 ], [ -691654.169499999377877, 1376989.917100006248802 ], [ -691651.028300000354648, 1376986.032500006258488 ], [ -691649.44629999762401, 1376984.558500013314188 ], [ -691647.709700001403689, 1376983.31710000988096 ], [ -691645.9294000021182, 1376982.302500000223517 ], [ -691644.102799999061972, 1376981.513700011186302 ], [ -691642.225699997507036, 1376980.949000003747642 ], [ -691640.29469999903813, 1376980.607200002297759 ], [ -691638.393799998797476, 1376980.540900002699345 ], [ -691633.821499998681247, 1376980.779800012242049 ], [ -691631.982700002379715, 1376980.622500006109476 ], [ -691629.750299998559058, 1376979.83350000763312 ], [ -691627.869199997745454, 1376978.427000002935529 ], [ -691626.082400003448129, 1376976.391500004567206 ], [ -691624.510399998631328, 1376973.465100008063018 ], [ -691623.202599998097867, 1376970.660500008612871 ], [ -691622.084699997212738, 1376967.468400005251169 ], [ -691618.565499994903803, 1376954.716300001833588 ], [ -691617.058300000149757, 1376950.203500004950911 ], [ -691615.109599999617785, 1376944.183700009714812 ], [ -691613.646199998445809, 1376937.732799998018891 ], [ -691612.672999998554587, 1376931.161699996795505 ], [ -691610.617899996228516, 1376915.060400007292628 ], [ -691609.179799997247756, 1376907.299000002909452 ], [ -691608.191600000020117, 1376903.512100007385015 ], [ -691607.079200001433492, 1376899.55970001174137 ], [ -691605.757199994754046, 1376896.355000003241003 ], [ -691604.245900002773851, 1376893.382100007031113 ], [ -691602.310299997217953, 1376890.305100009310991 ], [ -691597.476400000508875, 1376883.208400010596961 ], [ -691595.679300000891089, 1376880.242899998091161 ], [ -691594.30650000134483, 1376877.295099994167686 ], [ -691593.218199995346367, 1376874.10650001373142 ], [ -691592.272499999031425, 1376870.436999997124076 ], [ -691591.720800002105534, 1376866.658000002149493 ], [ -691591.433600003365427, 1376862.813000014983118 ], [ -691591.216599998064339, 1376858.263700002804399 ], [ -691591.646399999968708, 1376840.963300007395446 ], [ -691591.550400000996888, 1376833.797899997327477 ], [ -691591.094800001010299, 1376829.785099996719509 ], [ -691590.557499999180436, 1376826.314799998886883 ], [ -691589.795699997805059, 1376823.10650000302121 ], [ -691588.955599999055266, 1376820.142500000540167 ], [ -691587.065699996426702, 1376815.921700012870133 ], [ -691584.764300001319498, 1376811.590200003236532 ], [ -691575.348799999337643, 1376796.256600002292544 ], [ -691571.890899997670203, 1376790.038000013213605 ], [ -691568.211800002027303, 1376781.814100008457899 ], [ -691564.967399996239692, 1376772.349700001534075 ], [ -691562.317299999296665, 1376763.331200005020946 ], [ -691556.377400001045316, 1376741.697199995629489 ], [ -691553.124000004027039, 1376731.420000012498349 ], [ -691549.733600003644824, 1376722.594500012695789 ], [ -691547.780999995302409, 1376718.417199998162687 ], [ -691546.00759999640286, 1376714.711700003128499 ], [ -691543.208499999251217, 1376709.880800005979836 ], [ -691539.923699996899813, 1376704.637399996630847 ], [ -691536.414299996569753, 1376699.540499998256564 ], [ -691532.467399996705353, 1376694.188900003675371 ], [ -691524.676999998744577, 1376683.991799993440509 ], [ -691505.345900001004338, 1376660.499100004322827 ], [ -691500.630800002254546, 1376654.408100008033216 ], [ -691495.088699999731034, 1376648.023200015537441 ], [ -691489.214599997736514, 1376641.766600008122623 ], [ -691482.609399999957532, 1376634.915600000880659 ], [ -691477.725999997463077, 1376630.08350000763312 ], [ -692086.378199999686331, 1376630.08350000763312 ], [ -693237.318000000435859, 1377542.897800004575402 ], [ -694586.695699997246265, 1377661.960599998477846 ], [ -695777.50660000089556, 1379465.820299997460097 ], [ -695392.640799997374415, 1379243.321900006383657 ], [ -695118.540699996519834, 1378849.934600002132356 ], [ -694909.764799999073148, 1378604.152200001291931 ], [ -694553.909499998670071, 1378506.527900009881705 ], [ -694540.438299996778369, 1378504.240000001620501 ], [ -694526.368199998978525, 1378502.597699998412281 ], [ -694512.281800004187971, 1378501.039400003384799 ], [ -694497.700599994976074, 1378499.981900000944734 ], [ -694482.791999999433756, 1378499.287600007839501 ], [ -694467.675999998580664, 1378498.76660000346601 ] ] ] } },
{ "type": "Feature", "properties": { "ID": 818, "YEAR": "2012-2013", "Perimtr_KM": 10.2653855735, "AREA_KM": 1.5434286645799999, "SCALE": 1, "THICKNES_M": 134.34262085, "VOLUME_KM": 0.2073482519, "MASS_GT": 0.19013834699000001, "RECURRANCE": "4-5", "UA_KM": 0.05132692787, "UH_M": 11.1504374756, "UC_KM": 0.01586508841, "REGION": "East", "ICESHELF": "Brunt_Stancomb" }, "geometry": { "type": "Polygon", "coordinates": [ [ [ -707665.867300000041723, 1385512.396800003480166 ], [ -707662.906599997077137, 1385512.081199998501688 ], [ -707659.644200001843274, 1385512.202300003264099 ], [ -707656.207300002221018, 1385512.565700001083314 ], [ -707652.595799999777228, 1385513.171400006394833 ], [ -707634.606800002045929, 1385516.72829999960959 ], [ -707612.103799999225885, 1385510.634699996095151 ], [ -707589.736000001896173, 1385504.165099996142089 ], [ -707567.336499999277294, 1385497.496700002811849 ], [ -707545.301600003615022, 1385490.355200003366917 ], [ -707523.366500003263354, 1385482.834899996872991 ], [ -707501.625899996142834, 1385474.999000005889684 ], [ -707480.073300001211464, 1385466.84549999749288 ], [ -707458.482400000561029, 1385458.480399994179606 ], [ -707437.262700000312179, 1385449.654899994842708 ], [ -707416.121399994473904, 1385440.432100002653897 ], [ -707395.234700000379235, 1385430.934500007890165 ], [ -707374.383299998939037, 1385421.280799995642155 ], [ -707353.82959999749437, 1385411.111100004985929 ], [ -707333.421000001952052, 1385400.587000007741153 ], [ -707313.083600000012666, 1385389.93089999910444 ], [ -707300.644699996337295, 1385382.955200006719679 ], [ -707287.911000000778586, 1385375.083200005814433 ], [ -707274.561599995475262, 1385366.65720000769943 ], [ -707260.406900002155453, 1385357.302299993112683 ], [ -707234.936799998860806, 1385339.265500009525567 ], [ -707176.961599999573082, 1385297.068799993954599 ], [ -707162.578899995889515, 1385287.08749999338761 ], [ -707149.378400000277907, 1385278.176500002853572 ], [ -707137.210499996319413, 1385270.293100005947053 ], [ -707125.512799997814, 1385263.021300001069903 ], [ -707114.212300000712276, 1385256.348500003572553 ], [ -707103.195800000336021, 1385250.198500014375895 ], [ -707093.671799998730421, 1385245.328299997840077 ], [ -707083.287899999413639, 1385240.860800012014806 ], [ -707072.203000002540648, 1385236.377800012938678 ], [ -707060.128600001335144, 1385232.056500010658056 ], [ -707048.713599999435246, 1385228.310100002679974 ], [ -707035.833099998999387, 1385224.426099997013807 ], [ -706989.111699994653463, 1385211.323900006711483 ], [ -706970.491599998902529, 1385205.698499995283782 ], [ -706960.609199998434633, 1385202.483800009358674 ], [ -706951.477600002195686, 1385199.490900004282594 ], [ -706943.045999997295439, 1385196.237000003922731 ], [ -706935.13769999705255, 1385192.92690001334995 ], [ -706925.832199997268617, 1385188.91290000313893 ], [ -706917.204899996519089, 1385184.499300000723451 ], [ -706909.172299996484071, 1385179.871399998199195 ], [ -706901.566300003323704, 1385175.175800004974008 ], [ -706894.547499995678663, 1385170.038000000175089 ], [ -706887.949199998285621, 1385164.605000012088567 ], [ -706881.742900000419468, 1385159.067600014619529 ], [ -706876.08960000006482, 1385153.048300008755177 ], [ -706870.881900002248585, 1385146.932800001464784 ], [ -706865.514800001401454, 1385139.551200003828853 ], [ -706860.792699996847659, 1385131.992100001778454 ], [ -706849.915199999231845, 1385114.23940000589937 ], [ -706844.36159999622032, 1385106.047900006175041 ], [ -706839.073099998757243, 1385098.869200005196035 ], [ -706833.809799998532981, 1385093.111000006087124 ], [ -706827.370599997229874, 1385087.010600007139146 ], [ -706820.299500000663102, 1385081.576000004075468 ], [ -706812.757299997378141, 1385076.431300005875528 ], [ -706804.532399999443442, 1385071.941800004336983 ], [ -706795.813199996948242, 1385067.469400004483759 ], [ -706786.410600000526756, 1385063.660200006328523 ], [ -706776.367300000507385, 1385060.021099995356053 ], [ -706765.509700000286102, 1385057.015900012571365 ], [ -706756.235299997963011, 1385055.053000005893409 ], [ -706746.42629999993369, 1385053.076699996367097 ], [ -706735.932600001338869, 1385051.332300011534244 ], [ -706724.490100001916289, 1385049.752799998503178 ], [ -706702.227000000886619, 1385047.312699994537979 ], [ -706661.048600000794977, 1385043.831200003623962 ], [ -706645.185599998105317, 1385042.162500007543713 ], [ -706629.09880000166595, 1385040.323700004722923 ], [ -706615.037700002081692, 1385038.21690000128001 ], [ -706604.752899998798966, 1385036.554800012148917 ], [ -706594.225499994587153, 1385035.126000004820526 ], [ -706583.406399995554239, 1385033.912300001364201 ], [ -706572.29340000031516, 1385032.926500002387911 ], [ -706560.775499999057502, 1385032.346300008706748 ], [ -706548.961899997200817, 1385031.623199997469783 ], [ -706536.614099998027086, 1385031.470700001344085 ], [ -706523.882800000719726, 1385031.147600001655519 ], [ -706501.761199998669326, 1385031.497299996670336 ], [ -706477.171100000385195, 1385032.213300004601479 ], [ -706453.416800000704825, 1385033.258200008422136 ], [ -706395.567999998573214, 1385036.170600007753819 ], [ -706365.600299997720867, 1385037.209899997804314 ], [ -706350.46590000204742, 1385037.386300004087389 ], [ -706336.243799997959286, 1385037.51850000442937 ], [ -706322.80229999544099, 1385037.20859999768436 ], [ -706309.926899998448789, 1385036.867699997499585 ], [ -706295.980899997986853, 1385036.200300007127225 ], [ -706282.645799997262657, 1385035.254999996162951 ], [ -706269.826000002678484, 1385033.826900008134544 ], [ -706257.315999996848404, 1385032.457899998407811 ], [ -706245.242300001904368, 1385030.462500009220093 ], [ -706233.440099996048957, 1385028.453799994662404 ], [ -706221.998199998401105, 1385025.943300001788884 ], [ -706210.8708999985829, 1385023.082300002686679 ], [ -706200.82439999608323, 1385020.166200004983693 ], [ -706190.672299996484071, 1385016.889400007668883 ], [ -706180.323999997228384, 1385013.294599993620068 ], [ -706169.814399999566376, 1385009.393500007688999 ], [ -706159.084399999119341, 1385005.246600012294948 ], [ -706148.218499999959022, 1385000.363500010222197 ], [ -706136.919599996879697, 1384995.441500008571893 ], [ -706041.483199995476753, 1384989.771999995689839 ], [ -705704.167700001504272, 1384879.090300007723272 ], [ -705395.799099996685982, 1384711.14030001219362 ], [ -705106.3114, 1384537.217799996957183 ], [ -705097.693799996282905, 1384530.015799994114786 ], [ -705089.422399998642504, 1384522.332500011194497 ], [ -705068.122800000943244, 1384502.049000005703419 ], [ -705061.783499999437481, 1384496.264100006315857 ], [ -705055.988899996038526, 1384491.258799995761365 ], [ -705049.220899997279048, 1384486.1222 ], [ -705042.668099999427795, 1384481.734199999831617 ], [ -705036.284500000532717, 1384477.884000011254102 ], [ -705029.939999997615814, 1384474.637699996586889 ], [ -705026.311199998017401, 1384473.170800006948411 ], [ -705022.41829999955371, 1384471.832700005732477 ], [ -705013.682700002100319, 1384469.352100007701665 ], [ -705005.163900000508875, 1384467.479799995198846 ], [ -704985.44269999768585, 1384463.691599999554455 ], [ -704976.406400001142174, 1384461.628599997144192 ], [ -704969.020799997262657, 1384459.348800012376159 ], [ -704962.517899997532368, 1384456.832100010942668 ], [ -704952.952399995177984, 1384452.259100005030632 ], [ -704943.690899999346584, 1384447.430600005667657 ], [ -704934.76889999769628, 1384442.548100004903972 ], [ -704926.370899999979883, 1384437.418200000654906 ], [ -704918.496699996758252, 1384432.153900000732392 ], [ -704911.111799999140203, 1384426.918400011956692 ], [ -704904.304099996108562, 1384421.48849999345839 ], [ -704898.088500000070781, 1384415.964799999259412 ], [ -704892.446399999782443, 1384410.543000004254282 ], [ -704887.368000000715256, 1384405.063099997583777 ], [ -704882.901899999473244, 1384399.542400002479553 ], [ -704879.074699998833239, 1384393.877400005701929 ], [ -704875.78499999595806, 1384388.279099999461323 ], [ -704873.161599998828024, 1384382.525800014846027 ], [ -704871.099799999035895, 1384376.877200006041676 ], [ -704869.643699997104704, 1384371.206800004933029 ], [ -704869.036900001112372, 1384366.696900009643286 ], [ -704868.967399999964982, 1384361.419599999208003 ], [ -704869.28379999473691, 1384356.248000004794449 ], [ -704870.402199998963624, 1384343.990600004326552 ], [ -704870.639699995983392, 1384338.193999995011836 ], [ -704870.360199994873255, 1384333.175400006584823 ], [ -704869.558999996632338, 1384328.836000003386289 ], [ -704868.595100001897663, 1384325.707900012843311 ], [ -704867.355999998282641, 1384322.603800009936094 ], [ -704865.839399999938905, 1384319.518200005870312 ], [ -704864.041999999899417, 1384316.444200000725687 ], [ -704861.940999999176711, 1384313.372600014321506 ], [ -704859.557599995750934, 1384310.287700003013015 ], [ -704856.926699997391552, 1384307.090600007213652 ], [ -704853.936399999540299, 1384303.960900015197694 ], [ -704848.215499999467283, 1384298.455400005914271 ], [ -704841.256399998441339, 1384292.696399996522814 ], [ -704834.243299995549023, 1384287.323300003539771 ], [ -704817.891399999614805, 1384274.972299995366484 ], [ -704810.367599997203797, 1384269.050800012424588 ], [ -704803.494000000413507, 1384263.534899999853224 ], [ -704796.225200001616031, 1384258.304600005969405 ], [ -704788.534899999853224, 1384253.504800006281585 ], [ -704780.483199999202043, 1384248.894200007431209 ], [ -704772.024699998088181, 1384244.560500002466142 ], [ -704763.071200000587851, 1384240.627900013234466 ], [ -704753.678300001658499, 1384236.684500002302229 ], [ -704743.697299994528294, 1384233.234899999108166 ], [ -704733.878500001505017, 1384230.100000005681068 ], [ -707092.134599997196347, 1384920.309800010174513 ], [ -708216.615999999456108, 1385416.404600000940263 ], [ -709320.001499998383224, 1386180.812200008891523 ], [ -709133.759100000374019, 1386230.728600011672825 ], [ -708796.89229999948293, 1386170.164800004567951 ], [ -708475.264299996197224, 1386102.486300002783537 ], [ -708464.592400000896305, 1386100.111400007735938 ], [ -708454.204799996223301, 1386097.84800000442192 ], [ -708443.974000001326203, 1386095.898900005035102 ], [ -708435.107299994677305, 1386094.495700006838888 ], [ -708425.163499995600432, 1386093.224300003610551 ], [ -708392.558499999344349, 1386090.311900004278868 ], [ -708381.01649999897927, 1386089.060600007418543 ], [ -708370.120499995071441, 1386087.513900011312217 ], [ -708360.34839999768883, 1386085.727999998256564 ], [ -708348.058500001206994, 1386083.001300010830164 ], [ -708335.669500001706183, 1386079.69740000134334 ], [ -708323.098799996543676, 1386075.868300012778491 ], [ -708310.329899999778718, 1386071.493800005875528 ], [ -708297.373999997507781, 1386066.533800012432039 ], [ -708284.161899995990098, 1386060.979700006078929 ], [ -708270.633799998089671, 1386054.806199998129159 ], [ -708256.796400001272559, 1386047.801000009290874 ], [ -708244.083599996287376, 1386041.477000005077571 ], [ -708231.139499995391816, 1386034.108200001530349 ], [ -708217.283999998122454, 1386026.565900000277907 ], [ -708202.811599995475262, 1386017.737000002991408 ], [ -708179.382800000254065, 1386003.361500000581145 ], [ -708124.924199995584786, 1385968.596699999179691 ], [ -708100.55940000154078, 1385953.264300014358014 ], [ -708074.63339999737218, 1385938.117999998852611 ], [ -708015.014300000388175, 1385904.827399999834597 ], [ -707988.711900001391768, 1385889.3632 ], [ -707974.458199996035546, 1385880.771900004707277 ], [ -707961.342000002041459, 1385872.511399999726564 ], [ -707949.174799997359514, 1385864.461700005456805 ], [ -707937.761500001419336, 1385856.505099995061755 ], [ -707925.234599996823817, 1385847.262300000991672 ], [ -707913.523200002033263, 1385837.992600003723055 ], [ -707902.651999996975064, 1385828.689200001768768 ], [ -707892.339699996635318, 1385819.470300003886223 ], [ -707882.856600001454353, 1385809.902100003324449 ], [ -707874.085799995809793, 1385800.193600012920797 ], [ -707865.936600000131875, 1385790.284900004044175 ], [ -707858.462199999019504, 1385780.194300007075071 ], [ -707854.515399997122586, 1385774.519700004253536 ], [ -707850.625099998898804, 1385768.374299994669855 ], [ -707846.758799995761365, 1385761.697100006509572 ], [ -707842.976100001949817, 1385754.147999995853752 ], [ -707836.248199998401105, 1385740.322600002866238 ], [ -707821.574199999216944, 1385707.687900000717491 ], [ -707817.841299998573959, 1385699.545000004582107 ], [ -707814.141199994366616, 1385692.49739999929443 ], [ -707810.552399999462068, 1385686.071300006471574 ], [ -707807.106900000013411, 1385679.926299995742738 ], [ -707803.448599997442216, 1385674.407100003678352 ], [ -707799.756700000725687, 1385669.263900015037507 ], [ -707795.050200001336634, 1385663.44740000134334 ], [ -707789.806799998506904, 1385657.443100012373179 ], [ -707783.89469999819994, 1385651.459500004537404 ], [ -707777.047699996735901, 1385645.543900008313358 ], [ -707770.744099999777973, 1385640.508000003173947 ], [ -707763.592599995899945, 1385634.869800004176795 ], [ -707738.935100000351667, 1385616.795300002209842 ], [ -707729.903599999845028, 1385609.876199998427182 ], [ -707721.112199997529387, 1385602.944600007962435 ], [ -707713.690000000875443, 1385596.189200000371784 ], [ -707709.946899999398738, 1385592.292400000616908 ], [ -707706.380499998573214, 1385588.609800002537668 ], [ -707703.096800000872463, 1385584.924899997655302 ], [ -707700.190399999730289, 1385581.058800003957003 ], [ -707697.430499996524304, 1385577.320700014941394 ], [ -707695.035299998242408, 1385573.334500002674758 ], [ -707692.770599994342774, 1385569.503400007728487 ], [ -707690.745799999684095, 1385565.613400003407151 ], [ -707688.963200000114739, 1385561.172800000291318 ], [ -707687.666299999225885, 1385555.503 ], [ -707686.593899998348206, 1385549.506800007540733 ], [ -707684.225099999457598, 1385533.300200006458908 ], [ -707683.304900000803173, 1385528.819300004746765 ], [ -707682.255099996458739, 1385525.106299994979054 ], [ -707680.644999995362014, 1385521.269800002221018 ], [ -707678.747000003233552, 1385518.278600003104657 ], [ -707677.661699996329844, 1385517.071500006131828 ], [ -707676.481099996715784, 1385516.052200011443347 ], [ -707675.349800000432879, 1385515.071800003759563 ], [ -707673.968599997460842, 1385514.420200013555586 ], [ -707671.518800003454089, 1385513.365900013595819 ], [ -707668.780300000682473, 1385512.760200008284301 ], [ -707665.867300000041723, 1385512.396800003480166 ] ] ] } },
{ "type": "Feature", "properties": { "ID": 820, "YEAR": "2012-2013", "Perimtr_KM": 9.5250412995900007, "AREA_KM": 1.91190368317, "SCALE": 1, "THICKNES_M": 96.510274505599995, "VOLUME_KM": 0.18451834929, "MASS_GT": 0.1692033263, "RECURRANCE": "4-5", "UA_KM": 0.0476252065, "UH_M": 8.0103527444699996, "UC_KM": 0.01411827637, "REGION": "East", "ICESHELF": "Brunt_Stancomb" }, "geometry": { "type": "Polygon", "coordinates": [ [ [ -716456.206700003240258, 1387823.580000009387732 ], [ -715548.198199997656047, 1388537.720200012437999 ], [ -715534.892299999948591, 1388543.44320000289008 ], [ -714860.33399999467656, 1388474.439900011289865 ], [ -714370.156300002709031, 1388244.852000008802861 ], [ -713127.168599999509752, 1388209.064500008244067 ], [ -712393.338599998969585, 1387834.878100001718849 ], [ -712378.325699999462813, 1387813.0237000095658 ], [ -712363.914499999023974, 1387793.020499995909631 ], [ -712349.923599999863654, 1387774.326700004283339 ], [ -712336.199099999852479, 1387756.754400006961077 ], [ -712320.907999999821186, 1387738.304600014351308 ], [ -712305.726600001100451, 1387721.009900010190904 ], [ -712290.603000000119209, 1387704.652999995276332 ], [ -712275.489899999927729, 1387689.053099999669939 ], [ -712260.139600003603846, 1387674.760899999644607 ], [ -712244.704100003000349, 1387661.283500003162771 ], [ -712229.046999996993691, 1387648.734600010793656 ], [ -712213.285799996461719, 1387636.880900006741285 ], [ -712200.481099996715784, 1387627.966900010127574 ], [ -712187.293499999679625, 1387618.807299999520183 ], [ -712173.665199994575232, 1387609.50620001135394 ], [ -712159.363100001588464, 1387600.76359999505803 ], [ -712144.634499999694526, 1387591.6628000093624 ], [ -712129.150599997956306, 1387582.931799998972565 ], [ -712113.056399997789413, 1387573.832300006877631 ], [ -712096.169699996244162, 1387564.638300012331456 ], [ -712064.317600002046674, 1387548.529400002676994 ], [ -712028.378899998962879, 1387530.940900006331503 ], [ -711998.449600002262741, 1387516.95160001469776 ], [ -713276.782300000544637, 1387533.07550001423806 ], [ -714450.873199998401105, 1387996.097200001124293 ], [ -716456.206700003240258, 1387823.580000009387732 ] ] ] } },
{ "type": "Feature", "properties": { "ID": 822, "YEAR": "2012-2013", "Perimtr_KM": 9.5971521349900009, "AREA_KM": 1.33475724462, "SCALE": 1, "THICKNES_M": 102.748844147, "VOLUME_KM": 0.1371447641, "MASS_GT": 0.12576174868000001, "RECURRANCE": "4-5", "UA_KM": 0.04798576068, "UH_M": 8.5281540221499998, "UC_KM": 0.01049352376, "REGION": "East", "ICESHELF": "Brunt_Stancomb" }, "geometry": { "type": "Polygon", "coordinates": [ [ [ -729771.59272095374763, 1399708.034366157371551 ], [ -729987.613400003407151, 1400408.578199999872595 ], [ -729325.360599413979799, 1401040.728543430566788 ], [ -728881.187100001610816, 1401464.712300004903227 ], [ -726835.975099997129291, 1401565.296500009018928 ], [ -726264.780499996151775, 1401318.644299996551126 ], [ -726266.391399994492531, 1401309.346300005447119 ], [ -726268.61119999922812, 1401298.680999996140599 ], [ -726271.661099998280406, 1401287.483500002883375 ], [ -726274.847600001841784, 1401277.659999997820705 ], [ -726279.42139999801293, 1401265.13340000808239 ], [ -726283.26949999621138, 1401254.425200006458908 ], [ -726287.572600000072271, 1401244.368499997071922 ], [ -726291.841800002381206, 1401234.518000011797994 ], [ -726296.23259999928996, 1401225.802399996202439 ], [ -726300.624299998395145, 1401216.965700003318489 ], [ -726305.092199996113777, 1401208.610500006936491 ], [ -726309.954599996563047, 1401200.753999999258667 ], [ -726314.553700001444668, 1401193.677799998782575 ], [ -726319.371799997519702, 1401186.57820001244545 ], [ -726324.709299996960908, 1401179.589200008660555 ], [ -726329.398800000548363, 1401174.228000001516193 ], [ -726334.574599996674806, 1401168.403000006452203 ], [ -726340.543499995023012, 1401162.447700006421655 ], [ -726345.852600002661347, 1401157.541500005405396 ], [ -726351.415799998212606, 1401152.957800002302974 ], [ -726360.89209999749437, 1401146.665900002233684 ], [ -726371.91949999704957, 1401139.502200011629611 ], [ -726382.870200001634657, 1401133.348699999507517 ], [ -726394.742099997587502, 1401127.340700005181134 ], [ -726403.09479999775067, 1401123.911800003610551 ], [ -726411.393899995367974, 1401121.514500007964671 ], [ -726420.575299998279661, 1401118.855000014416873 ], [ -726429.737999998964369, 1401117.033099995926023 ], [ -726439.843999997712672, 1401115.266900005284697 ], [ -726450.253800000064075, 1401114.144400004297495 ], [ -726460.741599998436868, 1401113.845600006636232 ], [ -726472.319199998863041, 1401113.590100006666034 ], [ -726482.533200000412762, 1401113.8324000001885 ], [ -726492.868399997707456, 1401114.758600011002272 ], [ -726504.375999994110316, 1401115.599100007675588 ], [ -726516.5784, 1401116.973200007807463 ], [ -726538.967599997762591, 1401120.242300014011562 ], [ -726588.711800002492964, 1401128.125800009351224 ], [ -726600.38910000026226, 1401129.948300008196384 ], [ -726611.120000002905726, 1401131.189900007564574 ], [ -726621.943799999542534, 1401133.084299999289215 ], [ -726633.230900001246482, 1401135.526400002650917 ], [ -726645.096099999733269, 1401138.700400005560368 ], [ -726657.223699998110533, 1401142.77790000429377 ], [ -726669.580999998375773, 1401146.97950000083074 ], [ -726682.585599995683879, 1401152.992199999745935 ], [ -726696.216699997894466, 1401159.6132000121288 ], [ -726710.645299999509007, 1401167.060200000181794 ], [ -726723.049099999479949, 1401173.61270001064986 ], [ -726736.640399999450892, 1401181.464400002267212 ], [ -726750.811099996324629, 1401190.23430001270026 ], [ -726765.756099995225668, 1401199.294299996923655 ], [ -726795.383799998089671, 1401218.434500008355826 ], [ -726867.374800000339746, 1401264.777200004085898 ], [ -726887.064899998251349, 1401277.07360000256449 ], [ -726905.630600000731647, 1401287.488000012002885 ], [ -726925.35850000102073, 1401297.853700005915016 ], [ -726934.894699995405972, 1401302.892700008582324 ], [ -726943.514900000300258, 1401307.635400009341538 ], [ -726951.801199996378273, 1401311.652000013273209 ], [ -726960.099099998362362, 1401315.020200002472848 ], [ -726968.071699998341501, 1401318.423999998252839 ], [ -726975.263200000394136, 1401321.369399996940047 ], [ -726984.29159999685362, 1401324.386599997058511 ], [ -726993.251299995929003, 1401326.540199994109571 ], [ -727002.067799997515976, 1401328.428300000261515 ], [ -727009.755700001493096, 1401329.715600002091378 ], [ -727017.330100000370294, 1401330.213899998925626 ], [ -727024.898999996948987, 1401329.861700001172721 ], [ -727032.112500000745058, 1401329.332200008444488 ], [ -727038.50569999916479, 1401328.122800004668534 ], [ -727044.5658999979496, 1401326.200400005560368 ], [ -727050.915700000245124, 1401323.340099999215454 ], [ -727056.426699998322874, 1401320.238700001966208 ], [ -727062.160499997437, 1401316.557600013446063 ], [ -727067.101500001735985, 1401312.182600003667176 ], [ -727071.762899999972433, 1401307.166400006506592 ], [ -727075.91640000231564, 1401301.373400011565536 ], [ -727079.763500000350177, 1401295.145500003825873 ], [ -727487.152499998919666, 1401300.407299994025379 ], [ -728197.175000002142042, 1401250.618100013118237 ], [ -728800.262199998833239, 1401174.264500003308058 ], [ -728806.753400001674891, 1401173.108100014738739 ], [ -728813.020499996840954, 1401171.397799992933869 ], [ -728818.967099999543279, 1401169.457100003957748 ], [ -728824.489800000563264, 1401166.972300011198968 ], [ -728830.009799996390939, 1401163.950700006447732 ], [ -728836.695899998303503, 1401159.959799996111542 ], [ -728843.339899998623878, 1401155.480199994985014 ], [ -728849.601599995978177, 1401150.957200004719198 ], [ -728855.828000000678003, 1401145.846600010059774 ], [ -728862.352399998810142, 1401140.32570000551641 ], [ -728868.525999997742474, 1401134.546900003217161 ], [ -728874.582099999766797, 1401128.443100005853921 ], [ -728880.520500001497567, 1401122.014600015245378 ], [ -728879.209799999371171, 1401097.218000005930662 ], [ -729120.943599997088313, 1400963.287800003308803 ], [ -729305.674400002229959, 1400549.624400004278868 ], [ -729401.099100000225008, 1400127.374800006859004 ], [ -729752.544600001070648, 1399646.262299994006753 ], [ -729771.59272095374763, 1399708.034366157371551 ] ] ] } },
{ "type": "Feature", "properties": { "ID": 824, "YEAR": "2012-2013", "Perimtr_KM": 14.723874542300001, "AREA_KM": 3.7340872671500001, "SCALE": 1, "THICKNES_M": 83.072809815400007, "VOLUME_KM": 0.31020112138, "MASS_GT": 0.2844544283, "RECURRANCE": "5-6", "UA_KM": 0.07361937271000001, "UH_M": 6.8950431806800001, "UC_KM": 0.02373479482, "REGION": "East", "ICESHELF": "Brunt_Stancomb" }, "geometry": { "type": "Polygon", "coordinates": [ [ [ -704016.347199999261647, 1490191.614100006408989 ], [ -701965.822199999820441, 1489315.180100002791733 ], [ -700082.970199997536838, 1487413.093700007069856 ], [ -700875.336300001945347, 1487883.119800006505102 ], [ -701928.078300001099706, 1488678.089100002776831 ], [ -702397.580299998633564, 1488960.63020000513643 ], [ -702420.946899998001754, 1488968.80020000692457 ], [ -702444.983900001272559, 1488977.801199997309595 ], [ -702469.440400001127273, 1488985.03490000590682 ], [ -702494.969799998216331, 1488991.262499999254942 ], [ -702521.425399999599904, 1489000.119000005535781 ], [ -702548.898699994198978, 1489007.634000005666167 ], [ -702577.544799999799579, 1489015.737600009888411 ], [ -702630.020299999974668, 1489029.229900005273521 ], [ -702830.31440000096336, 1489134.299100001342595 ], [ -703079.012200000695884, 1489145.119000004138798 ], [ -703126.637199999764562, 1489220.759899998549372 ], [ -703396.507800001651049, 1489374.829200006555766 ], [ -703717.221999996807426, 1489400.512200004421175 ], [ -703916.365299995522946, 1489431.122000000439584 ], [ -704195.943100001197308, 1489469.660200003534555 ], [ -704365.327599995303899, 1489651.40559999877587 ], [ -704547.926000001374632, 1489737.224699998740107 ], [ -704853.040800003800541, 1489862.249299995135516 ], [ -705088.473999997135252, 1489895.773700012825429 ], [ -705231.541299997828901, 1489898.956000007688999 ], [ -705403.578499996569008, 1489956.616999994032085 ], [ -705665.549300000071526, 1489941.488700001966208 ], [ -705779.331199996639043, 1489882.109300004318357 ], [ -705847.853500002063811, 1489835.034900004975498 ], [ -705818.824700002092868, 1490952.29270000802353 ], [ -705521.167899998836219, 1491068.048199994489551 ], [ -704181.71209999686107, 1490588.489900006912649 ], [ -704016.347199999261647, 1490191.614100006408989 ] ] ] } },
{ "type": "Feature", "properties": { "ID": 828, "YEAR": "2012-2013", "Perimtr_KM": 9.0036066967400004, "AREA_KM": 1.9340052777100001, "SCALE": 1, "THICKNES_M": 141.201031685, "VOLUME_KM": 0.2730835405, "MASS_GT": 0.25041760664000001, "RECURRANCE": "6-8", "UA_KM": 0.04501803348, "UH_M": 11.7196855721, "UC_KM": 0.02089477231, "REGION": "East", "ICESHELF": "Brunt_Stancomb" }, "geometry": { "type": "Polygon", "coordinates": [ [ [ -729615.156900001689792, 1522091.173500013072044 ], [ -730029.40320000005886, 1521969.513500005472451 ], [ -730173.745099999476224, 1521973.268499999307096 ], [ -730379.863499996718019, 1521659.540200003888458 ], [ -730390.421799995936453, 1521650.982099996879697 ], [ -730401.29349999781698, 1521641.955800011288375 ], [ -730416.109299995936453, 1521628.861100002191961 ], [ -730430.997900002636015, 1521614.918099994305521 ], [ -728678.732200002297759, 1525502.259200009517372 ], [ -728569.744400000665337, 1525352.898400007747114 ], [ -728580.216600000858307, 1525294.663899998180568 ], [ -728540.232900001574308, 1525075.2828000029549 ], [ -728577.578099995851517, 1524477.794000003952533 ], [ -728816.370700003113598, 1524153.705400004982948 ], [ -728822.54249999858439, 1524117.15279999608174 ], [ -728828.183299998287112, 1524081.325199999846518 ], [ -728833.497299999929965, 1524046.091299997642636 ], [ -728838.460299999453127, 1524011.36070000519976 ], [ -729026.145699996966869, 1523172.48730000667274 ], [ -729196.116399997379631, 1522647.929700003471226 ], [ -729615.156900001689792, 1522091.173500013072044 ] ] ] } },
{ "type": "Feature", "properties": { "ID": 830, "YEAR": "2012-2013", "Perimtr_KM": 15.5315054986, "AREA_KM": 4.2131778045499999, "SCALE": 1, "THICKNES_M": 24.744019556000001, "VOLUME_KM": 0.10425095399000001, "MASS_GT": 0.09559812481, "RECURRANCE": "4-5", "UA_KM": 0.07765752749, "UH_M": 2.05375361302, "UC_KM": 0.00797667975, "REGION": "East", "ICESHELF": "Nivl" }, "geometry": { "type": "Polygon", "coordinates": [ [ [ 457515.521501456387341, 2152124.886103499215096 ], [ 457865.217200005892664, 2151707.193999997805804 ], [ 458535.395766459405422, 2151353.488655260298401 ], [ 458627.218800006899983, 2151305.02650000480935 ], [ 459135.219800000078976, 2151283.859799999278039 ], [ 459346.886899999342859, 2150691.191900006029755 ], [ 459177.553199997637421, 2150119.690800003241748 ], [ 459379.246552751865238, 2149018.134757057297975 ], [ 459452.720400006510317, 2148616.854500001762062 ], [ 459359.271450342144817, 2147960.517666680272669 ], [ 459339.517900000326335, 2147821.779000006150454 ], [ 459318.605112864170223, 2148104.007752501871437 ], [ 459312.105400009080768, 2148191.724700014572591 ], [ 459259.168317445553839, 2148313.728897919412702 ], [ 459019.584800010081381, 2148865.89750001532957 ], [ 458473.820000000298023, 2149115.792100006248802 ], [ 458341.381400008685887, 2149764.155900003854185 ], [ 458267.923640877474099, 2150851.232059121597558 ], [ 458253.716699996031821, 2151061.475699997041374 ], [ 457577.092199999839067, 2151508.686000011395663 ], [ 456810.737200004979968, 2152129.648900010157377 ], [ 456422.685200005304068, 2152618.526900004129857 ], [ 456173.946500006131828, 2152418.125299996230751 ], [ 456163.668214058503509, 2152469.327950981911272 ], [ 456087.21370000205934, 2152850.1963000013493 ], [ 456171.88049999717623, 2153485.197500001173466 ], [ 456955.04869999922812, 2153718.03129999851808 ], [ 457103.215700002387166, 2152617.362500004004687 ], [ 457515.521501456387341, 2152124.886103499215096 ] ] ] } },
{ "type": "Feature", "properties": { "ID": 831, "YEAR": "2012-2013", "Perimtr_KM": 5.8689746520100003, "AREA_KM": 1.9746005198400001, "SCALE": 1, "THICKNES_M": 82.711620330800002, "VOLUME_KM": 0.1633224085, "MASS_GT": 0.1497666486, "RECURRANCE": "3-4", "UA_KM": 0.02934487326, "UH_M": 6.8650644535999996, "UC_KM": 0.01249648563, "REGION": "East", "ICESHELF": "Nivl" }, "geometry": { "type": "Polygon", "coordinates": [ [ [ 400058.934900009538978, 2165063.387299993541092 ], [ 399355.232799996621907, 2164030.796299999114126 ], [ 399032.326300000306219, 2164130.244800002779812 ], [ 398681.854399998206645, 2164480.082300006877631 ], [ 397703.086799999698997, 2164966.476100001949817 ], [ 398619.598699998110533, 2165486.721500012557954 ], [ 399614.434099996928126, 2165529.054900003131479 ], [ 400058.934900009538978, 2165063.387299993541092 ] ] ] } },
{ "type": "Feature", "properties": { "ID": 832, "YEAR": "2012-2013", "Perimtr_KM": 5.8905059950099998, "AREA_KM": 1.66925091952, "SCALE": 1, "THICKNES_M": 139.382748604, "VOLUME_KM": 0.23266478127000001, "MASS_GT": 0.21335360443000001, "RECURRANCE": "6-8", "UA_KM": 0.02945252998, "UH_M": 11.5687680771, "UC_KM": 0.01780216274, "REGION": "East", "ICESHELF": "Nivl" }, "geometry": { "type": "Polygon", "coordinates": [ [ [ 377140.785799996461719, 2165492.809500009287149 ], [ 377848.822900001890957, 2164256.802999999839813 ], [ 377671.278800002299249, 2164368.152800011914223 ], [ 377479.863200002349913, 2164250.54440000699833 ], [ 377438.541200005915016, 2163951.515700012911111 ], [ 376617.114500004332513, 2164432.268899997230619 ], [ 376186.22210000641644, 2165052.817800014745444 ], [ 375794.135800000745803, 2165510.922000009100884 ], [ 376080.239700010046363, 2165694.830200008582324 ], [ 377140.785799996461719, 2165492.809500009287149 ] ] ] } },
{ "type": "Feature", "properties": { "ID": 833, "YEAR": "2012-2013", "Perimtr_KM": 7.12527890381, "AREA_KM": 1.7279714985900001, "SCALE": 1, "THICKNES_M": 97.592528207000001, "VOLUME_KM": 0.16863710722, "MASS_GT": 0.15464022732, "RECURRANCE": "3-4", "UA_KM": 0.03562639452, "UH_M": 8.1001798012399995, "UC_KM": 0.01290313562, "REGION": "East", "ICESHELF": "Nivl" }, "geometry": { "type": "Polygon", "coordinates": [ [ [ 398958.266100001055747, 2167307.058500004466623 ], [ 397972.41820000577718, 2166175.579600004013628 ], [ 398076.343499999959022, 2166658.861999997403473 ], [ 397943.97914955066517, 2166731.64078240422532 ], [ 397687.893100003246218, 2166872.446300007868558 ], [ 397197.410813786555082, 2166841.485272769350559 ], [ 396844.768400000408292, 2166819.225200005341321 ], [ 396473.947600008919835, 2167019.699099996592849 ], [ 396141.764300005976111, 2167246.048000004608184 ], [ 396266.03876313380897, 2167265.231791932601482 ], [ 396806.404493754263967, 2167348.646062909159809 ], [ 397222.595899997279048, 2167412.892000005114824 ], [ 397857.597200008109212, 2167772.7261 ], [ 398958.266100001055747, 2167307.058500004466623 ] ] ] } },
{ "type": "Feature", "properties": { "ID": 834, "YEAR": "2012-2013", "Perimtr_KM": 9.21738141222, "AREA_KM": 3.2658533404100001, "SCALE": 1, "THICKNES_M": 124.27855682400001, "VOLUME_KM": 0.40587553993999997, "MASS_GT": 0.37218787013, "RECURRANCE": "3-4", "UA_KM": 0.04608690706, "UH_M": 10.3151201655, "UC_KM": 0.03105524771, "REGION": "East", "ICESHELF": "Nivl" }, "geometry": { "type": "Polygon", "coordinates": [ [ [ 396206.593899997416884, 2169000.395200006198138 ], [ 396231.122100007720292, 2168174.723500006366521 ], [ 395851.744100004434586, 2168449.400400002952665 ], [ 395258.466900005470961, 2168111.290600004140288 ], [ 394528.008100006729364, 2168025.96230000583455 ], [ 393577.859900007024407, 2167552.152800013776869 ], [ 392936.150700001977384, 2167795.014400004874915 ], [ 392335.481600000523031, 2168121.680299999658018 ], [ 393857.089200006332248, 2168894.561700012069196 ], [ 395211.758600009605289, 2169085.062100005801767 ], [ 396206.593899997416884, 2169000.395200006198138 ] ] ] } },
{ "type": "Feature", "properties": { "ID": 835, "YEAR": "2012-2013", "Perimtr_KM": 9.7943063812200002, "AREA_KM": 2.6269689504499998, "SCALE": 1, "THICKNES_M": 466.34098434399999, "VOLUME_KM": 1.2250632861899999, "MASS_GT": 1.1233830334399999, "RECURRANCE": "4-5", "UA_KM": 0.04897153191, "UH_M": 38.706301509699998, "UC_KM": 0.0937347538, "REGION": "East", "ICESHELF": "Vigrid" }, "geometry": { "type": "Polygon", "coordinates": [ [ [ 342923.626723751891404, 2157619.762260101269931 ], [ 343000.255226238630712, 2157591.335556718055159 ], [ 343903.683499999344349, 2157256.192800006363541 ], [ 343268.682299999985844, 2156705.858400001656264 ], [ 343352.320785948541015, 2156516.227407286409289 ], [ 343371.831040684599429, 2156471.992400731425732 ], [ 343600.176099999342114, 2155954.272600001189858 ], [ 343366.55300000263378, 2155650.195699997711927 ], [ 343362.254832815378904, 2155650.056204352062196 ], [ 342828.975700000301003, 2155632.748800004366785 ], [ 342840.178739151917398, 2155713.621409270446748 ], [ 342869.813900006935, 2155927.552000012714416 ], [ 342295.439699996262789, 2156152.484800002072006 ], [ 342450.903900010511279, 2156322.04730001045391 ], [ 342440.875724446494132, 2156368.523934154305607 ], [ 342375.151600001845509, 2156673.129300008993596 ], [ 342362.073985850904137, 2156767.284620138350874 ], [ 342295.231600004713982, 2157248.531900003086776 ], [ 340802.961499996017665, 2157296.140800000634044 ], [ 340638.334799997508526, 2157505.735500000882894 ], [ 342591.347600005101413, 2157743.027100007515401 ], [ 342923.626723751891404, 2157619.762260101269931 ] ] ] } },
{ "type": "Feature", "properties": { "ID": 836, "YEAR": "2012-2013", "Perimtr_KM": 13.4970015738, "AREA_KM": 4.5743547974199998, "SCALE": 1, "THICKNES_M": 75.584549903899998, "VOLUME_KM": 0.34575054845999997, "MASS_GT": 0.31705325293999997, "RECURRANCE": "6-8", "UA_KM": 0.06748500787, "UH_M": 6.2735176110899999, "UC_KM": 0.02645483127, "REGION": "East", "ICESHELF": "Baudouin" }, "geometry": { "type": "Polygon", "coordinates": [ [ [ 1220907.114799999631941, 1938226.040200002025813 ], [ 1226882.007799998857081, 1935865.860700007062405 ], [ 1226487.491800005547702, 1935882.262100002262741 ], [ 1225025.665300000458956, 1935891.301900001708418 ], [ 1224764.777100005652755, 1935712.666099997702986 ], [ 1224328.960600008256733, 1935793.151700004469603 ], [ 1223956.616100001614541, 1935803.835700002033263 ], [ 1223531.285100009292364, 1935753.076599999796599 ], [ 1223179.422300000209361, 1935994.359900000970811 ], [ 1222187.96780000673607, 1936671.440100002568215 ], [ 1221643.170899997465312, 1937382.132900011260062 ], [ 1221215.297600001562387, 1937997.588900002185255 ], [ 1220907.114799999631941, 1938226.040200002025813 ] ] ] } },
{ "type": "Feature", "properties": { "ID": 837, "YEAR": "2012-2013", "Perimtr_KM": 7.2943021473999998, "AREA_KM": 2.2332366514, "SCALE": 1, "THICKNES_M": 66.868946287399993, "VOLUME_KM": 0.14933418169000001, "MASS_GT": 0.13693944461, "RECURRANCE": "6-8", "UA_KM": 0.03647151074, "UH_M": 5.5501225144899999, "UC_KM": 0.01142618746, "REGION": "East", "ICESHELF": "Baudouin" }, "geometry": { "type": "Polygon", "coordinates": [ [ [ 1070224.19750000955537, 1950283.198400011751801 ], [ 1070224.19750000955537, 1950092.698000004980713 ], [ 1070711.031800004187971, 1950452.5321000139229 ], [ 1071544.69779999833554, 1949984.946100004483014 ], [ 1070656.738300007302314, 1949661.909600004088134 ], [ 1070410.756700001191348, 1949269.541300000157207 ], [ 1070172.132100010290742, 1949167.297800004016608 ], [ 1069722.08260000217706, 1949438.286600007209927 ], [ 1069081.195200005546212, 1949563.530299999285489 ], [ 1069017.695099995471537, 1950558.36560000712052 ], [ 1069292.862300004810095, 1951002.866500004660338 ], [ 1070224.19750000955537, 1950283.198400011751801 ] ] ] } },
{ "type": "Feature", "properties": { "ID": 839, "YEAR": "2012-2013", "Perimtr_KM": 4.4671253672200004, "AREA_KM": 1.03462240931, "SCALE": 1, "THICKNES_M": 173.41378021200001, "VOLUME_KM": 0.17941778309, "MASS_GT": 0.16452610709000001, "RECURRANCE": "6-8", "UA_KM": 0.02233562684, "UH_M": 14.3933436866, "UC_KM": 0.01372801056, "REGION": "East", "ICESHELF": "Baudouin" }, "geometry": { "type": "Polygon", "coordinates": [ [ [ 1056565.13730000751093, 1950609.206300005782396 ], [ 1056319.339099999051541, 1950367.82730000698939 ], [ 1055786.180400005541742, 1950736.020699995104223 ], [ 1055682.668399999849498, 1951574.367600000929087 ], [ 1056508.170099997427315, 1951849.534899994265288 ], [ 1056920.804299995303154, 1951491.918500000145286 ], [ 1056917.68599999928847, 1951448.380600005853921 ], [ 1056421.586900008842349, 1951213.736000012140721 ], [ 1056565.13730000751093, 1950609.206300005782396 ] ] ] } },
{ "type": "Feature", "properties": { "ID": 840, "YEAR": "2012-2013", "Perimtr_KM": 17.373591299800001, "AREA_KM": 13.962398085, "SCALE": 2, "THICKNES_M": 143.312846904, "VOLUME_KM": 2.0009910191700002, "MASS_GT": 1.83490876458, "RECURRANCE": "6-8", "UA_KM": 0.0868679565, "UH_M": 11.8949662344, "UC_KM": 0.153104254, "REGION": "East", "ICESHELF": "Baudouin" }, "geometry": { "type": "Polygon", "coordinates": [ [ [ 1040973.056433790829033, 1953097.159563975874335 ], [ 1039161.015300005674362, 1952555.646500003058463 ], [ 1038050.733900007791817, 1951517.35940000647679 ], [ 1036900.987500007729977, 1950703.1938 ], [ 1036629.197493917774409, 1950747.66799646941945 ], [ 1036564.610200001392514, 1950758.236700009088963 ], [ 1035739.108600001782179, 1951541.404900011140853 ], [ 1036839.777399996761233, 1954166.076800010632724 ], [ 1038406.113899999298155, 1954695.244500003289431 ], [ 1038892.948200006969273, 1954356.577200004365295 ], [ 1039612.616299999412149, 1954906.91160001559183 ], [ 1039633.782999998424202, 1955203.245600007940084 ], [ 1041115.452700005378574, 1956028.747200007084757 ], [ 1041263.619600010104477, 1953404.075300007592887 ], [ 1041123.77860000077635, 1953142.20160000724718 ], [ 1040973.056433790829033, 1953097.159563975874335 ] ] ] } },
{ "type": "Feature", "properties": { "ID": 841, "YEAR": "2012-2013", "Perimtr_KM": 4.30607182397, "AREA_KM": 1.0405250781299999, "SCALE": 1, "THICKNES_M": 166.935511271, "VOLUME_KM": 0.17370058591000001, "MASS_GT": 0.15928343728, "RECURRANCE": "6-8", "UA_KM": 0.02153035912, "UH_M": 13.8556473672, "UC_KM": 0.01329056371, "REGION": "East", "ICESHELF": "Baudouin" }, "geometry": { "type": "Polygon", "coordinates": [ [ [ 981818.263999997638166, 1955756.545300001744181 ], [ 981404.042500005103648, 1955689.6511 ], [ 980594.539899997413158, 1956203.372600014787167 ], [ 981763.233000008389354, 1956812.27049999544397 ], [ 982380.739399996120483, 1956243.743100005667657 ], [ 982071.020900009199977, 1956106.774700007867068 ], [ 981818.263999997638166, 1955756.545300001744181 ] ] ] } },
{ "type": "Feature", "properties": { "ID": 842, "YEAR": "2012-2013", "Perimtr_KM": 8.4266066828999993, "AREA_KM": 2.3920859247499999, "SCALE": 1, "THICKNES_M": 207.147914886, "VOLUME_KM": 0.49551561154000001, "MASS_GT": 0.45438781577999998, "RECURRANCE": "6-8", "UA_KM": 0.04213303341, "UH_M": 17.1932768508, "UC_KM": 0.03791398728, "REGION": "East", "ICESHELF": "Baudouin" }, "geometry": { "type": "Polygon", "coordinates": [ [ [ 1154430.421200003474951, 1962323.52100000763312 ], [ 1154111.904599995352328, 1962139.116600001696497 ], [ 1153424.487100006081164, 1962198.977900001686066 ], [ 1153063.749900006689131, 1962266.33900000853464 ], [ 1152833.3240000102669, 1962371.770300002302974 ], [ 1152352.529900005087256, 1962880.801699998322874 ], [ 1152067.287699997425079, 1963030.807100005913526 ], [ 1151947.093099996913224, 1963098.527900005225092 ], [ 1151809.738599999342114, 1963238.837299995590001 ], [ 1151704.647700002416968, 1963782.072700008284301 ], [ 1151587.517000004183501, 1964116.857899995986372 ], [ 1151326.819299996830523, 1964247.75909999711439 ], [ 1151513.479400001466274, 1964486.08129999646917 ], [ 1151899.05220000166446, 1964519.609399999026209 ], [ 1152569.613500006496906, 1963413.183200002182275 ], [ 1154111.904599995352328, 1962742.621800005901605 ], [ 1154430.421200003474951, 1962323.52100000763312 ] ] ] } },
{ "type": "Feature", "properties": { "ID": 843, "YEAR": "2012-2013", "Perimtr_KM": 9.0829755859199999, "AREA_KM": 3.23924464085, "SCALE": 1, "THICKNES_M": 144.70614624000001, "VOLUME_KM": 0.46873860871, "MASS_GT": 0.42983330418, "RECURRANCE": "6-8", "UA_KM": 0.04541487793, "UH_M": 12.010610078699999, "UC_KM": 0.03586516597, "REGION": "East", "ICESHELF": "Baudouin" }, "geometry": { "type": "Polygon", "coordinates": [ [ [ 1148227.728800002019852, 1968677.08970000455156 ], [ 1148730.649800001643598, 1968174.168700005393475 ], [ 1147587.33610000135377, 1968202.893499998841435 ], [ 1147294.637099996674806, 1968410.935200003441423 ], [ 1146956.51900000590831, 1968701.509599998127669 ], [ 1146427.304300004150718, 1969178.167600009124726 ], [ 1146501.03340000519529, 1969917.628200002480298 ], [ 1145947.820300000254065, 1971124.638600009959191 ], [ 1146920.134200003463775, 1970822.886000004131347 ], [ 1147188.358699999283999, 1970152.324599994812161 ], [ 1147976.268300001975149, 1969548.819400004576892 ], [ 1148227.728800002019852, 1968677.08970000455156 ] ] ] } },
{ "type": "Feature", "properties": { "ID": 844, "YEAR": "2012-2013", "Perimtr_KM": 17.2547658312, "AREA_KM": 2.6698379843, "SCALE": 1, "THICKNES_M": 160.282901001, "VOLUME_KM": 0.42792937733000003, "MASS_GT": 0.39241123901000002, "RECURRANCE": "6-8", "UA_KM": 0.08627382916, "UH_M": 13.303480717499999, "UC_KM": 0.03274267973, "REGION": "East", "ICESHELF": "Baudouin" }, "geometry": { "type": "Polygon", "coordinates": [ [ [ 984191.362889639101923, 1971156.56941318931058 ], [ 985358.483400004450232, 1970467.648600002285093 ], [ 981421.632300001569092, 1971939.590500003192574 ], [ 978840.037400002591312, 1972053.762600002344698 ], [ 977420.468800001777709, 1971243.25060001341626 ], [ 978421.465632570907474, 1972233.975228121969849 ], [ 978451.410699997562915, 1972263.613000011537224 ], [ 978475.972549653612077, 1972265.589240749832243 ], [ 979273.570275522768497, 1972329.763769224751741 ], [ 980753.290299998130649, 1972448.821700006257743 ], [ 982764.127599999774247, 1971999.029199994634837 ], [ 984191.362889639101923, 1971156.56941318931058 ] ] ] } },
{ "type": "Feature", "properties": { "ID": 845, "YEAR": "2012-2013", "Perimtr_KM": 12.7635715281, "AREA_KM": 4.0998491161399997, "SCALE": 1, "THICKNES_M": 68.760278463399999, "VOLUME_KM": 0.28190676688, "MASS_GT": 0.25850850523000002, "RECURRANCE": "6-8", "UA_KM": 0.06381785764, "UH_M": 5.7071030843199999, "UC_KM": 0.02156987454, "REGION": "East", "ICESHELF": "Baudouin" }, "geometry": { "type": "Polygon", "coordinates": [ [ [ 890247.022356022149324, 1973135.058593397494406 ], [ 891562.070200009271502, 1973083.82299999659881 ], [ 892347.836500006727874, 1972798.87420000275597 ], [ 891872.202900007367134, 1972684.953300003428012 ], [ 891272.432199998758733, 1972791.266600008588284 ], [ 890502.04819999774918, 1972813.888099994976074 ], [ 890014.425100007560104, 1972600.120500005315989 ], [ 889612.951699998695403, 1972136.569299998227507 ], [ 888925.322200009599328, 1971637.769999997224659 ], [ 888093.705500001087785, 1970952.67060001147911 ], [ 887965.469100006856024, 1970556.230400003027171 ], [ 887869.548412868753076, 1970488.044613026548177 ], [ 887731.191099999472499, 1970389.692500005010515 ], [ 887461.020300008356571, 1972422.363299994263798 ], [ 889524.774500003550202, 1973163.198099999222904 ], [ 890247.022356022149324, 1973135.058593397494406 ] ] ] } },
{ "type": "Feature", "properties": { "ID": 848, "YEAR": "2012-2013", "Perimtr_KM": 31.9900862567, "AREA_KM": 26.7684746262, "SCALE": 2, "THICKNES_M": 38.53646811, "VOLUME_KM": 1.03156246879, "MASS_GT": 0.94594278387999997, "RECURRANCE": "6-8", "UA_KM": 0.15995043128, "UH_M": 3.1985268373600002, "UC_KM": 0.07892919095000001, "REGION": "East", "ICESHELF": "Baudouin" }, "geometry": { "type": "Polygon", "coordinates": [ [ [ 1125478.976408649701625, 1977511.18207116285339 ], [ 1126456.579100004862994, 1976613.421300007496029 ], [ 1125746.042300001252443, 1976496.424700011033565 ], [ 1123651.887200005818158, 1975641.585200008470565 ], [ 1123381.045299998484552, 1975641.941900002304465 ], [ 1123183.097100005950779, 1975580.88080001110211 ], [ 1122457.720600007567555, 1975194.182000007946044 ], [ 1122126.632799997925758, 1975039.216300006490201 ], [ 1121594.368800005409867, 1974853.319400008302182 ], [ 1121254.711199998855591, 1974809.79000000981614 ], [ 1120719.998000000137836, 1974627.263200002256781 ], [ 1119811.588499997276813, 1974287.998400006908923 ], [ 1118407.673400002066046, 1973713.610699995886534 ], [ 1117342.989399997517467, 1973381.930299995932728 ], [ 1116205.170099997427315, 1972942.073500014375895 ], [ 1115103.142400002107024, 1972414.947100010234863 ], [ 1114242.080800008028746, 1972064.645500004757196 ], [ 1113230.260899998713285, 1971549.432200002949685 ], [ 1112899.047000005841255, 1972326.301700002979487 ], [ 1112621.626500003039837, 1973006.67150000249967 ], [ 1112266.739200008101761, 1973618.999400008935481 ], [ 1112527.52553744520992, 1973513.734263171907514 ], [ 1112753.848500001709908, 1973422.38010000390932 ], [ 1113790.176599998492748, 1974186.422400012146682 ], [ 1119996.831799998413771, 1976498.167500008363277 ], [ 1121319.751100004650652, 1976928.116300001274794 ], [ 1124296.319499998353422, 1977721.86790000135079 ], [ 1125321.582000001333654, 1977655.721900003496557 ], [ 1125478.976408649701625, 1977511.18207116285339 ] ] ] } },
{ "type": "Feature", "properties": { "ID": 850, "YEAR": "2012-2013", "Perimtr_KM": 18.251096149399999, "AREA_KM": 3.60046346172, "SCALE": 1, "THICKNES_M": 122.104338582, "VOLUME_KM": 0.43963220958, "MASS_GT": 0.40314273619000002, "RECURRANCE": "4-5", "UA_KM": 0.09125548075000001, "UH_M": 10.134660052299999, "UC_KM": 0.03363811273, "REGION": "East", "ICESHELF": "Baudouin" }, "geometry": { "type": "Polygon", "coordinates": [ [ [ 942085.672961091157049, 1982168.252843313384801 ], [ 942155.07926906645298, 1982104.535575492773205 ], [ 942441.54700000397861, 1981841.548799997661263 ], [ 943281.759456439409405, 1981164.710985430050641 ], [ 943296.310356822330505, 1981152.989426746498793 ], [ 943394.048900007735938, 1981074.255600008647889 ], [ 943342.456400488037616, 1980931.116288452874869 ], [ 943218.787500008009374, 1980588.006700016092509 ], [ 943161.332900000736117, 1980864.215900000650436 ], [ 941849.834722380619496, 1981417.773015049751848 ], [ 941654.684300004504621, 1981500.14210000121966 ], [ 941401.900300007779151, 1982119.841300013940781 ], [ 940910.655400003306568, 1982923.898500003386289 ], [ 940075.349900002591312, 1983555.281500002834946 ], [ 939399.036000005435199, 1984041.21780000301078 ], [ 938842.083400005940348, 1984408.490200016181916 ], [ 938245.263899998739362, 1984827.925100004766136 ], [ 937595.460199998691678, 1985339.075500005390495 ], [ 937012.378300006501377, 1985547.300599994603544 ], [ 936443.037300002761185, 1986033.129599997308105 ], [ 937546.745500002522022, 1985969.057100003119558 ], [ 940827.58539999788627, 1983323.218500004615635 ], [ 942085.672961091157049, 1982168.252843313384801 ] ] ] } },
{ "type": "Feature", "properties": { "ID": 851, "YEAR": "2012-2013", "Perimtr_KM": 7.3565618940800004, "AREA_KM": 1.26699835617, "SCALE": 1, "THICKNES_M": 103.381382751, "VOLUME_KM": 0.130984042, "MASS_GT": 0.12011236652, "RECURRANCE": "3-4", "UA_KM": 0.03678280947, "UH_M": 8.5806547260200006, "UC_KM": 0.01002214095, "REGION": "East", "ICESHELF": "Baudouin" }, "geometry": { "type": "Polygon", "coordinates": [ [ [ 932890.06950000487268, 1987053.850900012534112 ], [ 934695.641099999193102, 1986381.788000005763024 ], [ 933945.572800005786121, 1986340.551500007044524 ], [ 933048.768700001295656, 1986495.848000005353242 ], [ 932481.704200002364814, 1986625.767799998167902 ], [ 931888.441900009289384, 1986319.293199999723583 ], [ 931558.794100000523031, 1986159.36210000840947 ], [ 931408.399900008924305, 1986789.26710000121966 ], [ 932890.06950000487268, 1987053.850900012534112 ] ] ] } },
{ "type": "Feature", "properties": { "ID": 853, "YEAR": "2012-2013", "Perimtr_KM": 18.226728922500001, "AREA_KM": 8.2837424664799997, "SCALE": 1, "THICKNES_M": 162.739924344, "VOLUME_KM": 1.34809562228, "MASS_GT": 1.23620368563, "RECURRANCE": "3-4", "UA_KM": 0.09113364461, "UH_M": 13.5074136539, "UC_KM": 0.10314847622, "REGION": "East", "ICESHELF": "Borchgrevink" }, "geometry": { "type": "Polygon", "coordinates": [ [ [ 871217.553000008221716, 1991049.913600012194365 ], [ 870866.276700005866587, 1991011.181900008115917 ], [ 870623.992795815225691, 1990840.988095646258444 ], [ 870442.75450246501714, 1990713.676152480300516 ], [ 870246.283499998040497, 1990575.663900001440197 ], [ 869892.34580000070855, 1990964.101800004485995 ], [ 870034.206054547801614, 1991291.262486455496401 ], [ 870108.1642, 1991461.826099996920675 ], [ 869989.449860733933747, 1991502.255994592327625 ], [ 869767.870700006373227, 1991577.718000012915581 ], [ 869472.554900004062802, 1992313.390300005208701 ], [ 869179.010911775287241, 1992390.7771115177311 ], [ 869088.884799994528294, 1992414.537000000942498 ], [ 869067.890799996908754, 1992731.92589999968186 ], [ 868820.721607346087694, 1992813.581279908772558 ], [ 868640.790900001302361, 1992873.023599995765835 ], [ 868481.834397259633988, 1992729.447255396749824 ], [ 868321.584100003819913, 1992584.702299999538809 ], [ 868157.397400001063943, 1992439.501100003253669 ], [ 867495.278900001198053, 1992487.412700006272644 ], [ 867386.44348955526948, 1992556.505925591569394 ], [ 867057.958500001579523, 1992765.041800004895777 ], [ 867110.013900003395975, 1993004.595800008159131 ], [ 866665.531500012613833, 1994295.858599997591227 ], [ 866772.359399997629225, 1995692.150099995080382 ], [ 867340.299499996937811, 1995111.311500005889684 ], [ 868107.592700006440282, 1995164.228300015907735 ], [ 868583.843700000550598, 1994476.310200009029359 ], [ 868160.509500002022833, 1993603.183500005397946 ], [ 870965.098500001709908, 1993126.932500011753291 ], [ 870965.098500001709908, 1992703.598299992736429 ], [ 870621.139400006271899, 1992386.097700006794184 ], [ 870832.806500005535781, 1992015.680300005245954 ], [ 871229.68229999858886, 1991989.221900007221848 ], [ 871217.553000008221716, 1991049.913600012194365 ] ] ] } },
{ "type": "Feature", "properties": { "ID": 854, "YEAR": "2012-2013", "Perimtr_KM": 45.936289498000001, "AREA_KM": 39.358799591599997, "SCALE": 2, "THICKNES_M": 182.74264249399999, "VOLUME_KM": 7.1925310427599998, "MASS_GT": 6.5955509662100003, "RECURRANCE": "6-8", "UA_KM": 0.22968144749, "UH_M": 15.167639252200001, "UC_KM": 0.55033085560999995, "REGION": "East", "ICESHELF": "Borchgrevink" }, "geometry": { "type": "Polygon", "coordinates": [ [ [ 660060.832600009161979, 2124242.512600007932633 ], [ 659877.043500001076609, 2123886.375299996230751 ], [ 659873.719099999405444, 2124150.954999996814877 ], [ 659799.776537885889411, 2124194.357274788897485 ], [ 659611.081899998709559, 2124305.115900012198836 ], [ 658916.808599998708814, 2124608.194700013380498 ], [ 657117.320407224819064, 2125846.104415512178093 ], [ 657005.459400000050664, 2125923.056200014892966 ], [ 655042.28640000987798, 2127241.370300013106316 ], [ 653738.787299999501556, 2128014.844100012909621 ], [ 651647.715200007427484, 2129094.041799997445196 ], [ 650224.350300000980496, 2129644.260300006251782 ], [ 648292.414100001100451, 2130203.9307 ], [ 646561.830000000540167, 2130825.11250000493601 ], [ 644954.06520000519231, 2131433.039100000169128 ], [ 643406.280900004785508, 2132038.88460001302883 ], [ 642029.233700000215322, 2132400.548700009007007 ], [ 641351.862600008025765, 2132553.9334 ], [ 642015.112800003029406, 2133283.616400014143437 ], [ 648629.709400003775954, 2132225.280900004785508 ], [ 656699.51720000943169, 2129129.649700003210455 ], [ 657969.519700006116182, 2127542.146600007545203 ], [ 660403.691200005356222, 2126960.062100005801767 ], [ 661382.651500000152737, 2125425.475700000766665 ], [ 661435.568300009705126, 2124949.22470000712201 ], [ 660615.358300004620105, 2124790.474400003906339 ], [ 660197.588700000196695, 2124347.308200003113598 ], [ 660060.832600009161979, 2124242.512600007932633 ] ] ] } },
{ "type": "Feature", "properties": { "ID": 858, "YEAR": "2012-2013", "Perimtr_KM": 6.9538906572999997, "AREA_KM": 1.48872577157, "SCALE": 1, "THICKNES_M": 66.878089904800007, "VOLUME_KM": 0.09956313599, "MASS_GT": 0.09129939571, "RECURRANCE": "3-4", "UA_KM": 0.03476945329, "UH_M": 5.55088143473, "UC_KM": 0.00761799504, "REGION": "East", "ICESHELF": "Baudouin" }, "geometry": { "type": "Polygon", "coordinates": [ [ [ 513272.612899999599904, 2172223.714600007515401 ], [ 513258.183243046980351, 2172000.524118167813867 ], [ 513246.660030862782151, 2171822.289023100864142 ], [ 513225.475200006738305, 2171494.612999996636063 ], [ 512894.114300000015646, 2171721.387700000312179 ], [ 512663.794899996370077, 2172106.55530001455918 ], [ 512143.459300003945827, 2172073.494499994907528 ], [ 511898.261400002986193, 2171776.834900000598282 ], [ 511683.243900008499622, 2171630.137400001753122 ], [ 511658.793000008445233, 2171290.904300005640835 ], [ 511402.941600000020117, 2171110.613000012468547 ], [ 511491.646150698885322, 2171538.274332361761481 ], [ 511639.600254543591291, 2172251.588910693768412 ], [ 511725.199400007724762, 2172664.278499997686595 ], [ 512551.759400004521012, 2172810.455799995455891 ], [ 512903.804100001696497, 2172894.275900012347847 ], [ 513272.612899999599904, 2172223.714600007515401 ] ] ] } },
{ "type": "Feature", "properties": { "ID": 862, "YEAR": "2012-2013", "Perimtr_KM": 28.956540079, "AREA_KM": 24.5170398064, "SCALE": 2, "THICKNES_M": 201.19810277, "VOLUME_KM": 4.9327818945799997, "MASS_GT": 4.5233609973300002, "RECURRANCE": "6-8", "UA_KM": 0.14478270039, "UH_M": 16.699442447599999, "UC_KM": 0.37742792689, "REGION": "East", "ICESHELF": "Jelbart" }, "geometry": { "type": "Polygon", "coordinates": [ [ [ -212495.398499997798353, 2142939.149299996439368 ], [ -212131.595699996687472, 2142095.788200000766665 ], [ -212423.802799995522946, 2141618.507000005338341 ], [ -213609.995800001081079, 2140987.004100004676729 ], [ -214434.268700000364333, 2140633.165500003378838 ], [ -215096.134099998511374, 2139589.480199994985014 ], [ -215968.044399999082088, 2139153.974899997469038 ], [ -216351.632399995345622, 2139872.576300000306219 ], [ -217532.343500001356006, 2139673.845899998676032 ], [ -217687.856800002045929, 2140210.628199996892363 ], [ -216612.984799996949732, 2140822.478400010149926 ], [ -216083.817099998239428, 2140243.701200002338737 ], [ -215571.185899995733052, 2140739.795900009106845 ], [ -215422.357500000856817, 2141087.0622 ], [ -215835.769699999596924, 2142046.178700005169958 ], [ -215835.769699999596924, 2142343.835600005928427 ], [ -216431.083399996627122, 2142492.664000007789582 ], [ -216861.032200002577156, 2142906.076300004031509 ], [ -216464.156399995554239, 2143220.269600003492087 ], [ -215703.477800000924617, 2142922.612799993250519 ], [ -215587.72239999845624, 2144245.532100006472319 ], [ -214578.996399998664856, 2145551.914900002535433 ], [ -214545.923399999272078, 2146577.177400005515665 ], [ -211949.6942999958992, 2147106.345100004691631 ], [ -211189.01570000173524, 2147734.731800007168204 ], [ -210643.311400001868606, 2147288.24650001199916 ], [ -210792.139900001231581, 2145899.181200000923127 ], [ -211883.548299998044968, 2144807.772799997124821 ], [ -212048.913199995644391, 2144179.386100007686764 ], [ -212230.814599995967001, 2144113.240200001280755 ], [ -212330.033600000198931, 2143550.999500009696931 ], [ -212181.205100000835955, 2143319.488600006792694 ], [ -212495.398499997798353, 2142939.149299996439368 ] ] ] } },
{ "type": "Feature", "properties": { "ID": 863, "YEAR": "2012-2013", "Perimtr_KM": 13.672193351200001, "AREA_KM": 3.42355681532, "SCALE": 1, "THICKNES_M": 198.61020660400001, "VOLUME_KM": 0.67995332640999995, "MASS_GT": 0.62351720032000002, "RECURRANCE": "3-4", "UA_KM": 0.06836096676, "UH_M": 16.484647066800001, "UC_KM": 0.05202609397, "REGION": "East", "ICESHELF": "Ekstrom" }, "geometry": { "type": "Polygon", "coordinates": [ [ [ -175933.215999994426966, 2150463.252900006715208 ], [ -177492.805700002238154, 2149559.232600013259798 ], [ -177799.517199996393174, 2149448.327900001313537 ], [ -178458.36119999922812, 2148908.137099995743483 ], [ -179574.873199997004122, 2148377.813400013837963 ], [ -179213.557500002440065, 2148665.740400002803653 ], [ -179835.430799997411668, 2148850.980099997017533 ], [ -181474.498599998187274, 2148736.00340000865981 ], [ -181736.690300001297146, 2148710.682500015478581 ], [ -179965.165599998552352, 2149483.094300003256649 ], [ -179078.497899997979403, 2149984.654900013003498 ], [ -178909.784400001633912, 2149669.501300006639212 ], [ -176627.748599997721612, 2150512.862300004344434 ], [ -175933.215999994426966, 2150463.252900006715208 ] ] ] } },
{ "type": "Feature", "properties": { "ID": 866, "YEAR": "2012-2013", "Perimtr_KM": 10.098898974900001, "AREA_KM": 5.0176242541000002, "SCALE": 1, "THICKNES_M": 221.64746093799999, "VOLUME_KM": 1.1121436758600001, "MASS_GT": 1.01983575077, "RECURRANCE": "4-5", "UA_KM": 0.05049449487, "UH_M": 18.396739167100002, "UC_KM": 0.08509479863, "REGION": "East", "ICESHELF": "Fimbul" }, "geometry": { "type": "Polygon", "coordinates": [ [ [ 23877.587799998465925, 2199289.187499994877726 ], [ 23628.242600010707974, 2198475.22640000609681 ], [ 23231.624899997375906, 2197635.211600002367049 ], [ 22815.64380000019446, 2198472.232700003776699 ], [ 21991.77720000455156, 2199203.396099994424731 ], [ 21671.920200008898973, 2199038.542700007092208 ], [ 21426.834530168678612, 2199429.210714891087264 ], [ 21106.016099997796118, 2199940.597199999261647 ], [ 21533.331666516140103, 2200096.93214952154085 ], [ 22462.008400009945035, 2200436.691899998579174 ], [ 22783.217136269435287, 2200505.522355046588928 ], [ 23221.290544513147324, 2200599.395244017709047 ], [ 23851.073700000531971, 2200734.348800005856901 ], [ 24380.241400005761534, 2200436.691899998579174 ], [ 24344.665200005751103, 2199628.950099997688085 ], [ 23877.587799998465925, 2199289.187499994877726 ] ] ] } },
{ "type": "Feature", "properties": { "ID": 867, "YEAR": "2012-2013", "Perimtr_KM": 8.6511690025700005, "AREA_KM": 3.0480898389800002, "SCALE": 1, "THICKNES_M": 244.39352417000001, "VOLUME_KM": 0.74493341773, "MASS_GT": 0.68310394405999997, "RECURRANCE": "3-4", "UA_KM": 0.04325584501, "UH_M": 20.284662406100001, "UC_KM": 0.05699799455, "REGION": "East", "ICESHELF": "Fimbul" }, "geometry": { "type": "Polygon", "coordinates": [ [ [ 14932.833600000943989, 2215692.156500010285527 ], [ 14932.833600000943989, 2214697.321100004483014 ], [ 14932.833600000943989, 2214083.486600011121482 ], [ 14739.044000007677823, 2213613.512600005138665 ], [ 14699.840300001669675, 2213719.781400009524077 ], [ 14336.982499997597188, 2213893.882599996868521 ], [ 14443.17480000294745, 2213940.073500002268702 ], [ 14464.478300008922815, 2214143.808500002603978 ], [ 14435.700400001835078, 2214440.799200001638383 ], [ 14293.149300009012222, 2214890.325900001917034 ], [ 14004.452199998311698, 2215061.112900001462549 ], [ 13785.93340000603348, 2215262.002800007816404 ], [ 13347.111900001764297, 2215183.774600013624877 ], [ 13079.024428817909211, 2215874.512099639046937 ], [ 12985.496399995870888, 2216115.490600004326552 ], [ 13251.005730704870075, 2216260.691029322799295 ], [ 14340.165799999143928, 2216856.325500006321818 ], [ 14932.833600000943989, 2215692.156500010285527 ] ] ] } },
{ "type": "Feature", "properties": { "ID": 870, "YEAR": "2012-2013", "Perimtr_KM": 6.3579459105599998, "AREA_KM": 2.543814743, "SCALE": 1, "THICKNES_M": 240.67079301300001, "VOLUME_KM": 0.61222191148000005, "MASS_GT": 0.56140749282000002, "RECURRANCE": "4-5", "UA_KM": 0.03178972955, "UH_M": 19.975675721599998, "UC_KM": 0.04684367803, "REGION": "Peninsula", "ICESHELF": "Rydberg_Peninsula_2" }, "geometry": { "type": "Polygon", "coordinates": [ [ [ -1795767.228933942969888, 347347.417960958089679 ], [ -1795743.699399999342859, 347087.126850009895861 ], [ -1795668.090819120174274, 346905.012206613551825 ], [ -1795553.957599998917431, 346630.1050999998115 ], [ -1796012.794499996583909, 346140.08340000687167 ], [ -1796579.110899996710941, 345865.339599995873868 ], [ -1796915.485199996968731, 345705.005000003613532 ], [ -1797248.004094367846847, 345904.516309381462634 ], [ -1797374.576900002546608, 345980.460000006016344 ], [ -1797577.337335622403771, 346350.288923906162381 ], [ -1797700.302499998128042, 346574.573700002394617 ], [ -1797665.996175488689914, 346610.337739303242415 ], [ -1797105.88679999532178, 347194.246800016146153 ], [ -1796259.218499996932223, 347511.747500000521541 ], [ -1795995.849614046281204, 347664.239995626267046 ], [ -1795805.815200002165511, 347774.271300001069903 ], [ -1795767.228933942969888, 347347.417960958089679 ] ] ] } },
{ "type": "Feature", "properties": { "ID": 2886, "YEAR": "2012-2013", "Perimtr_KM": 50.976791287700003, "AREA_KM": 62.616685971000003, "SCALE": 2, "THICKNES_M": 338.96342764500002, "VOLUME_KM": 21.2247665045, "MASS_GT": 19.463110884599999, "RECURRANCE": "2-3", "UA_KM": 0.25488395644, "UH_M": 28.1339643558, "UC_KM": 1.6239963152200001, "REGION": "West", "ICESHELF": "Getz" }, "geometry": { "type": "Polygon", "coordinates": [ [ [ -1217017.215999999083579, -1172447.06679999618791 ], [ -1216711.569228177657351, -1172729.778052854817361 ], [ -1215917.9182, -1172374.426000000908971 ], [ -1215864.051399994408712, -1172378.719799999380484 ], [ -1215836.155400000745431, -1172380.623900001868606 ], [ -1215554.151900000637397, -1172557.791099996073171 ], [ -1213908.819400003179908, -1173591.462300000479445 ], [ -1210407.212600002065301, -1177284.125599996419623 ], [ -1204819.568498907610774, -1183785.117080550407991 ], [ -1204595.400435627670959, -1184133.534858223982155 ], [ -1204285.397451034514233, -1184615.363281178520992 ], [ -1204201.902815682580695, -1184745.136510719778016 ], [ -1203981.759899999015033, -1185087.298099996522069 ], [ -1204615.661702915094793, -1185368.255107345525175 ], [ -1204883.897168534807861, -1185224.388534694211558 ], [ -1205655.377286067698151, -1184810.609569093678147 ], [ -1205696.773892735596746, -1184788.406734957825392 ], [ -1205756.605685642920434, -1184756.316293718293309 ], [ -1206050.248773262603208, -1184598.822496672160923 ], [ -1206089.772160794120282, -1184577.624352954793721 ], [ -1206337.396279567852616, -1184444.812567670363933 ], [ -1206392.075943405739963, -1184415.485441506374627 ], [ -1211589.100369782419875, -1181628.090999999083579 ], [ -1212510.654299999587238, -1181133.820799998007715 ], [ -1213743.867847775574774, -1179848.934300002176315 ], [ -1216258.661267125047743, -1177228.76837607845664 ], [ -1216880.3720055767335, -1176581.007299998076633 ], [ -1217277.54489999753423, -1176167.192441151710227 ], [ -1217379.206807171925902, -1176061.270783181069419 ], [ -1217331.920999997295439, -1175890.552598033333197 ], [ -1217327.396651613060385, -1175874.218125065788627 ], [ -1217264.131270236102864, -1175209.931979236193001 ], [ -1217252.978740614140406, -1175092.830481458920985 ], [ -1217252.217840267345309, -1175084.841032153461128 ], [ -1217249.904387106187642, -1175060.549787104129791 ], [ -1217242.337356417672709, -1174981.096007724991068 ], [ -1217236.220799996750429, -1174916.872200002195314 ], [ -1217198.763262980384752, -1174858.604914961615577 ], [ -1216930.511411011684686, -1174441.324218780733645 ], [ -1216875.385200973134488, -1174242.29940667678602 ], [ -1216831.822749656159431, -1174085.023789822589606 ], [ -1216941.348793524550274, -1173946.290800004499033 ], [ -1217116.338221802841872, -1173724.637522717704996 ], [ -1217423.183310700347647, -1173335.967074207263067 ], [ -1217503.126215387834236, -1173234.706060937605798 ], [ -1217627.27073655067943, -1173154.274424355011433 ], [ -1218884.181500000879169, -1172874.960906699066982 ], [ -1219458.72529999515973, -1172747.284499999834225 ], [ -1220746.238681793678552, -1171561.416903075762093 ], [ -1221469.562600003089756, -1170895.19749999511987 ], [ -1221543.425923500210047, -1170674.912745911628008 ], [ -1221990.232500002253801, -1169342.388399998424575 ], [ -1220704.502300000749528, -1169994.256499999435619 ], [ -1217017.215999999083579, -1172447.06679999618791 ] ] ] } },
{ "type": "Feature", "properties": { "ID": 2887, "YEAR": "2012-2013", "Perimtr_KM": 253.100316007, "AREA_KM": 1456.6857214500001, "SCALE": 4, "THICKNES_M": 336.256806058, "VOLUME_KM": 489.820488125, "MASS_GT": 449.16538761100003, "RECURRANCE": "5-6", "UA_KM": 1.26550158004, "UH_M": 27.909314765200001, "UC_KM": 37.478229391399999, "REGION": "West", "ICESHELF": "Thwaites" }, "geometry": { "type": "Polygon", "coordinates": [ [ [ -1564880.644399998243898, -459228.458500005304813 ], [ -1562843.348600001307204, -460339.710699998307973 ], [ -1561520.429299995070323, -460815.961699992418289 ], [ -1560091.67650000215508, -460763.044900003354996 ], [ -1558557.090100003872067, -461107.003900001291186 ], [ -1558080.839099996257573, -461133.462299992330372 ], [ -1558239.589399999473244, -460154.501999997533858 ], [ -1558186.672699994640425, -459598.875899993814528 ], [ -1557340.004299998283386, -458963.874700001440942 ], [ -1556969.586899996036664, -459122.624999997671694 ], [ -1556228.752099998062477, -459837.001400004606694 ], [ -1555514.375600000377744, -460286.794000000692904 ], [ -1554720.624099997803569, -460472.002700001932681 ], [ -1554085.622800000477582, -459678.251100001391023 ], [ -1553900.414099999237806, -459678.251100001391023 ], [ -1552736.245099996449426, -459969.293299996294081 ], [ -1551889.5767, -460683.669800000730902 ], [ -1550222.698399996617809, -462112.422599994111806 ], [ -1549402.488399998052046, -463303.050000001210719 ], [ -1549005.612599997781217, -463858.67609999794513 ], [ -1548476.444899999070913, -463885.134500002954155 ], [ -1548035.263500002678484, -463505.764700000640005 ], [ -1546866.038200000533834, -464207.300000003539026 ], [ -1545696.812800000421703, -465103.706099995877594 ], [ -1544761.432500001275912, -466428.828200004063547 ], [ -1544215.793999997666106, -467325.234299996867776 ], [ -1544123.184599995845929, -467510.45310000050813 ], [ -1543995.818494002567604, -467765.18531197309494 ], [ -1542597.890700000105426, -467170.719600002281368 ], [ -1542219.511100000934675, -466881.084700002800673 ], [ -1542136.5533, -466635.427600000984967 ], [ -1541096.78919999813661, -465428.9840999962762 ], [ -1539871.016399999149144, -464943.218399999663234 ], [ -1539359.347600002074614, -464841.630400000605732 ], [ -1537736.299800002016127, -464109.949299992062151 ], [ -1537013.128600001800805, -463810.65610000025481 ], [ -1536740.237199998926371, -467656.051199997309595 ], [ -1537174.620900003472343, -469535.247499997727573 ], [ -1538281.111400000285357, -468985.949800002854317 ], [ -1538775.7954, -469691.715099994558841 ], [ -1539090.349199995864183, -470121.306200000457466 ], [ -1539471.357309342129156, -470805.333910126704723 ], [ -1539471.390000001061708, -470805.392599997576326 ], [ -1539496.669354239478707, -470863.181129318196326 ], [ -1539406.992390653584152, -470924.161459036637098 ], [ -1538681.460499997483566, -471417.523100002668798 ], [ -1537317.364300000946969, -471144.703899999614805 ], [ -1536343.009799995226786, -470482.142799996770918 ], [ -1534717.775499996729195, -469819.824900002684444 ], [ -1534699.934199999319389, -469849.983600000385195 ], [ -1534676.400600003544241, -469874.450000000186265 ], [ -1534649.116099997190759, -469895.165500002913177 ], [ -1534620.601899997796863, -469914.6512999990955 ], [ -1534593.306400000816211, -469935.355799997691065 ], [ -1534569.750699998578057, -469959.800099997781217 ], [ -1534551.875599997816607, -469989.924999999348074 ], [ -1534538.746799998451024, -470024.796200002543628 ], [ -1534528.92130000074394, -470062.970700000412762 ], [ -1534521.173200001008809, -470103.222600002773106 ], [ -1534507.654800000134856, -470185.704199993051589 ], [ -1534499.86599999666214, -470225.915399991907179 ], [ -1534489.975299997255206, -470264.024700001813471 ], [ -1534476.76130000106059, -470298.810700000729412 ], [ -1534458.788600000552833, -470328.837999995797873 ], [ -1534435.134500001324341, -470353.183999997097999 ], [ -1534407.757599997101352, -470373.806999997235835 ], [ -1534379.205099998740479, -470393.254499994218349 ], [ -1534351.9631, -470414.012499997857958 ], [ -1534328.607000001473352, -470438.656400001607835 ], [ -1534311.153999998467043, -470469.203499998897314 ], [ -1534298.776299997232854, -470504.825700002256781 ], [ -1534290.176299997605383, -470544.225699997972697 ], [ -1534284.325599995674565, -470586.374999998603016 ], [ -1534280.40659999824129, -470630.456100000999868 ], [ -1534277.75959999859333, -470675.808999998960644 ], [ -1534272.214200003072619, -470814.263599996920675 ], [ -1534269.567099998705089, -470859.616499994881451 ], [ -1534265.648199999006465, -470903.697599997743964 ], [ -1534259.797600001795217, -470945.847000002861023 ], [ -1534251.19779999810271, -470985.247199994511902 ], [ -1534238.820200001820922, -471020.86960000032559 ], [ -1534221.367499999236315, -471051.41690000006929 ], [ -1534198.01170000131242, -471076.061099997721612 ], [ -1534170.770100001012906, -471096.819499999750406 ], [ -1534142.217999994521961, -471116.267400002572685 ], [ -1534114.841699998127297, -471136.89119999948889 ], [ -1534091.188499994110316, -471161.237899993080646 ], [ -1534073.21680000028573, -471191.266200001817197 ], [ -1534060.00420000241138, -471226.053599999286234 ], [ -1534050.115099997259676, -471264.164500003214926 ], [ -1534042.328399997903034, -471304.377799999434501 ], [ -1534028.816100000403821, -471386.865599997807294 ], [ -1534021.072399998316541, -471427.121799999848008 ], [ -1534011.252399995923042, -471465.301800000015646 ], [ -1533998.13049999717623, -471500.17990000359714 ], [ -1533980.264100000727922, -471530.3134999955073 ], [ -1533956.719399995636195, -471554.768799999728799 ], [ -1533929.437600001925603, -471575.487000001594424 ], [ -1533900.940699999220669, -471594.990100001450628 ], [ -1533873.677600000286475, -471615.727000004611909 ], [ -1533850.170900000492111, -471640.220299993641675 ], [ -1533832.362899996107444, -471670.412300005089492 ], [ -1533819.32160000083968, -471705.370999991893768 ], [ -1533809.606499997200444, -471743.656000001821667 ], [ -1533801.99470000131987, -471784.04410000378266 ], [ -1533788.83860000083223, -471866.888000001199543 ], [ -1533781.281899997033179, -471907.331299999728799 ], [ -1533771.660199998179451, -471945.709600002970546 ], [ -1533758.752599999308586, -471980.8019999996759 ], [ -1533741.121399999829009, -472011.170800002291799 ], [ -1533717.837599999038503, -472035.88699999731034 ], [ -1533690.84659999795258, -472056.896099996287376 ], [ -1533662.673599998932332, -472076.723000001627952 ], [ -1533635.76839999598451, -472097.817899999208748 ], [ -1533612.651500000385568, -472122.700900000985712 ], [ -1533595.257700000191107, -472153.307100003119558 ], [ -1533582.639999998966232, -472188.689399997703731 ], [ -1533573.33199999644421, -472227.381399997044355 ], [ -1533566.068499997025356, -472268.117900000419468 ], [ -1533553.144999999785796, -472351.194399993866682 ], [ -1533545.238799996906891, -472391.288200000301003 ], [ -1533534.715399998705834, -472428.764799997676164 ], [ -1533520.080399997299537, -472462.129799998365343 ], [ -1533499.520500001497567, -472489.569899991154671 ], [ -1533477.451463227393106, -472505.436058193910867 ], [ -1533282.490129513898864, -472545.156836631707847 ], [ -1533267.934000000823289, -472545.983399991411716 ], [ -1533128.918900004122406, -472550.968300001230091 ], [ -1533083.399300003657117, -472553.44869999634102 ], [ -1533039.198599999537691, -472557.24800000153482 ], [ -1532996.986499995691702, -472563.035900000017136 ], [ -1532957.584999996470287, -472571.634399996139109 ], [ -1532922.022599997464567, -472584.071999999694526 ], [ -1532891.591899999883026, -472601.641299997456372 ], [ -1532867.110900002066046, -472625.160399992950261 ], [ -1532863.019441991578788, -472630.618409554008394 ], [ -1532100.950246351072565, -472785.879871370270848 ], [ -1531645.385499997530133, -472781.317299992777407 ], [ -1531546.4352, -472781.190499996766448 ], [ -1531449.370999995153397, -472782.949800000991672 ], [ -1531402.207300001522526, -472785.197900000493973 ], [ -1531356.523399997036904, -472788.92580000218004 ], [ -1531312.93989999871701, -472794.753999999258667 ], [ -1531272.287799995625392, -472803.513700002804399 ], [ -1531235.664900001836941, -472816.30249999742955 ], [ -1531204.500699996482581, -472834.55009999172762 ], [ -1531180.390800001099706, -472858.440199998673052 ], [ -1531160.439899996621534, -472886.489400001242757 ], [ -1531123.422599998302758, -472945.471999996341765 ], [ -1531101.7884, -472971.837799993343651 ], [ -1531075.711999997263774, -472993.761399992741644 ], [ -1530987.389999996637926, -473049.439399999100715 ], [ -1530961.413299997802824, -473071.462800000794232 ], [ -1530940.013400001451373, -473098.062800001818687 ], [ -1530921.702799993799999, -473127.752200003713369 ], [ -1530904.368199996650219, -473158.417699993122369 ], [ -1530885.955899999244139, -473188.005299999844283 ], [ -1530864.356799997622147, -473214.406200000550598 ], [ -1530838.09310000250116, -473236.142500001005828 ], [ -1530808.647300001699477, -473254.696699995547533 ], [ -1530778.13279999839142, -473272.182200001552701 ], [ -1530748.607999995118007, -473290.657499998342246 ], [ -1530722.190600001486018, -473312.239999995566905 ], [ -1530700.371800002641976, -473338.421199999283999 ], [ -1530681.689199997577816, -473367.738700001034886 ], [ -1530664.058800002094358, -473398.108199996408075 ], [ -1530645.464400000171736, -473427.51379999704659 ], [ -1530623.849599995883182, -473453.899099999573082 ], [ -1530597.809999995864928, -473475.859400004148483 ], [ -1530539.465899995993823, -473513.515399993397295 ], [ -1530511.668399997055531, -473533.717799991834909 ], [ -1530487.915800003102049, -473557.965200000442564 ], [ -1530470.046199997887015, -473588.095600003842264 ], [ -1530457.053100001299754, -473623.102499996311963 ], [ -1530447.443399999523535, -473661.492800003383309 ], [ -1530439.957499997457489, -473702.00690000411123 ], [ -1530427.021499999566004, -473785.070900003891438 ], [ -1530419.529399996390566, -473825.578900000546128 ], [ -1530409.929600001312792, -473863.978999996557832 ], [ -1530396.994799998821691, -473899.044299994595349 ], [ -1530379.282699995208532, -473929.332100002095103 ], [ -1530355.86029999749735, -473953.909699999727309 ], [ -1530328.670300000347197, -473974.719699998386204 ], [ -1530300.23569999798201, -473994.285199996083975 ], [ -1530273.006700003053993, -474015.056099998764694 ], [ -1530249.506000001681969, -474039.555399999488145 ], [ -1530231.675999995553866, -474069.725400002673268 ], [ -1530218.58390000090003, -474104.633299996610731 ], [ -1530208.787999997846782, -474142.837400002870709 ], [ -1530201.063499994110316, -474183.112900001462549 ], [ -1530187.577300002332777, -474265.626700000371784 ], [ -1530179.798500003293157, -474305.847899997141212 ], [ -1530169.91429999913089, -474343.963800000026822 ], [ -1530156.703700000885874, -474378.753199997358024 ], [ -1530138.731399999000132, -474408.780799992848188 ], [ -1530115.07469999906607, -474433.12410000199452 ], [ -1530087.69190000067465, -474453.741299999412149 ], [ -1530059.130099997157231, -474473.179499998223037 ], [ -1530031.87499999650754, -474493.924399999901652 ], [ -1530008.501399998553097, -474518.550799997057766 ], [ -1529991.025799999246374, -474549.075299998279661 ], [ -1529978.61939999833703, -474584.668800001963973 ], [ -1529969.983600002946332, -474624.033000001683831 ], [ -1529964.088400000706315, -474666.137899999972433 ], [ -1529960.114999996498227, -474710.16439999314025 ], [ -1529957.401599999517202, -474755.450999998487532 ], [ -1529951.565200001932681, -474893.614699999336153 ], [ -1529948.783300003502518, -474938.832699998281896 ], [ -1529944.707199995871633, -474982.756599992979318 ], [ -1529938.67589999944903, -475024.725400003604591 ], [ -1529929.871899998513982, -475063.92139999801293 ], [ -1529917.268699997337535, -475099.31809999467805 ], [ -1529899.573799999430776, -475129.623300003819168 ], [ -1529875.968999996548519, -475154.018500003032386 ], [ -1529848.488099995302036, -475174.537599997594953 ], [ -1529819.732599995331839, -475193.782099992968142 ], [ -1529792.228699999395758, -475214.278199999593198 ], [ -1529768.582899999106303, -475238.632400001399219 ], [ -1529750.838900000555441, -475268.888500003144145 ], [ -1529738.195499998982996, -475304.245200002100319 ], [ -1529729.385999995749444, -475343.435700001195073 ], [ -1529723.4216, -475385.471399998757988 ], [ -1529719.538899994920939, -475429.588800000492483 ], [ -1529717.152700001373887, -475475.202799991704524 ], [ -1529715.182500002440065, -475569.232999995816499 ], [ -1529714.834335662657395, -475649.62730456655845 ], [ -1529556.265799997374415, -475848.29250000230968 ], [ -1529630.849438896402717, -476120.855582562275231 ], [ -1529610.169499996351078, -476136.252400000113994 ], [ -1529581.395399999339134, -476155.487400001380593 ], [ -1529553.891199995996431, -476175.994600003119558 ], [ -1529530.257399999536574, -476200.375099999830127 ], [ -1529512.526399998227134, -476230.662099996581674 ], [ -1529499.878299998352304, -476266.036499997600913 ], [ -1529491.018799999728799, -476305.205200004391372 ], [ -1529484.919099999824539, -476347.140599996782839 ], [ -1529480.758800001814961, -476391.024099994916469 ], [ -1529477.873899999307469, -476436.193500003777444 ], [ -1529471.576900002546608, -476574.148399999830872 ], [ -1529468.644299998180941, -476619.340399998240173 ], [ -1529464.410700002452359, -476663.258300000801682 ], [ -1529458.209399996791035, -476705.240799994207919 ], [ -1529449.217500002356246, -476744.470100002363324 ], [ -1529436.402300001354888, -476779.919400001876056 ], [ -1529418.465599999763072, -476810.296600001398474 ], [ -1529394.583000001264736, -476834.782900005578995 ], [ -1529366.782799996668473, -476855.411200005095452 ], [ -1529337.661899999249727, -476874.781399991828948 ], [ -1529309.743499998236075, -476895.415999997407198 ], [ -1529285.633799998788163, -476919.914900000207126 ], [ -1529267.381299996515736, -476950.31150000076741 ], [ -1529254.196199995698407, -476985.788100001402199 ], [ -1529244.834199998527765, -477025.053400001488626 ], [ -1529238.344300002325326, -477067.0820999937132 ], [ -1529234.0225999946706, -477111.057999996934086 ], [ -1529231.374799997778609, -477156.32160000083968 ], [ -1529230.086900001624599, -477202.321400003973395 ], [ -1529230.005699996836483, -477248.56910000089556 ], [ -1529231.129499998409301, -477294.597400001250207 ], [ -1529233.607799995923415, -477339.917900001164526 ], [ -1529237.751399998553097, -477383.978900003246963 ], [ -1529244.052299996605143, -477426.120299996808171 ], [ -1529253.213100002380088, -477465.524399996735156 ], [ -1529266.185600002296269, -477501.162900003604591 ], [ -1529284.217499998863786, -477531.739000000990927 ], [ -1529308.106299998704344, -477556.425500003155321 ], [ -1529335.817399998195469, -477577.240599998738617 ], [ -1529364.766300000716001, -477596.761300002690405 ], [ -1529392.463799995137379, -477617.47509999293834 ], [ -1529416.363200000487268, -477641.930699997581542 ], [ -1529434.50879999785684, -477672.087999997660518 ], [ -1529447.827599995071068, -477707.024999996647239 ], [ -1529457.760599998990074, -477745.306200003717095 ], [ -1529465.536699999356642, -477785.708399993367493 ], [ -1529478.90619999775663, -477868.607299991417676 ], [ -1529486.549499996704981, -477909.062999999616295 ], [ -1529496.282199997920543, -477947.410999995656312 ], [ -1529509.367600001394749, -477982.391100003384054 ], [ -1529527.301699995761737, -478012.509999999310821 ], [ -1529534.400062640430406, -478019.745306240394711 ], [ -1529528.299499998334795, -478040.477599998936057 ], [ -1528826.565199999837205, -480223.770700000692159 ], [ -1529009.094799996819347, -481055.627099995035678 ], [ -1528618.715499999467283, -482666.791099999565631 ], [ -1528514.255899424664676, -483546.191799923311919 ], [ -1528306.882549996487796, -485291.978899993468076 ], [ -1527761.113450000528246, -486227.665249997284263 ], [ -1527103.833499098662287, -486996.526499222265556 ], [ -1526815.520006125094369, -487386.443162208190188 ], [ -1525749.580699995858595, -488828.024999998044223 ], [ -1525500.3984, -489216.723799998406321 ], [ -1525266.067300000227988, -491711.768200000748038 ], [ -1524936.514899995876476, -492624.471599993295968 ], [ -1525840.237600000808015, -493101.040099993580952 ], [ -1526340.906100003514439, -493365.062299993820488 ], [ -1527846.642218814929947, -492774.07588350167498 ], [ -1527934.489899997366592, -494762.80619999486953 ], [ -1527872.000699998810887, -495378.125299994135275 ], [ -1527660.333599999779835, -496701.044600000372157 ], [ -1527607.416900001699105, -498553.131599998334423 ], [ -1528427.626800002297387, -499373.341600003419444 ], [ -1529618.254199996124953, -499955.426099998177961 ], [ -1530200.338699997635558, -499082.299299997044727 ], [ -1530252.817541459109634, -498158.589778796769679 ], [ -1530746.915103376144543, -498415.683318269671872 ], [ -1530778.848599997116253, -498456.558200002182275 ], [ -1531020.353399998741224, -498879.191499993670732 ], [ -1531271.249894425738603, -498688.510180189274251 ], [ -1531301.455599998123944, -498704.227100001648068 ], [ -1531297.920799997868016, -498708.728600000031292 ], [ -1531420.949799995170906, -499036.586900002323091 ], [ -1531354.033899998990819, -499218.363599997712299 ], [ -1531047.586099999025464, -499585.061800002120435 ], [ -1530786.857799996854737, -500470.829399997135624 ], [ -1530963.687900001415983, -500700.163600003346801 ], [ -1531196.923699996899813, -500779.945199999026954 ], [ -1531503.8177672510501, -500830.78868759283796 ], [ -1531533.551000001141801, -502109.317400002619252 ], [ -1531594.280371747910976, -502161.765500431880355 ], [ -1528269.93479999830015, -502649.71769999852404 ], [ -1526887.251599996816367, -506174.455300000729039 ], [ -1527403.853300002403557, -510053.424000000581145 ], [ -1527403.949399998877198, -511208.498900002101436 ], [ -1527238.095600001048297, -511764.114199997158721 ], [ -1526988.363600001204759, -512599.679700000444427 ], [ -1532729.105299997841939, -513039.834900001995265 ], [ -1531538.477899997029454, -509071.076999997254461 ], [ -1531935.353699997300282, -505697.632699998561293 ], [ -1532633.563701112521812, -502682.891199991805479 ], [ -1533314.648400000296533, -502682.891199991805479 ], [ -1533556.153200001921505, -502622.51499999826774 ], [ -1534371.23160000378266, -503014.960199999623001 ], [ -1535035.369699996896088, -503105.524500003783032 ], [ -1535112.293518498772755, -502942.627000228734687 ], [ -1535548.567299999296665, -502018.753099998692051 ], [ -1535963.639034726889804, -501458.406209991080686 ], [ -1536548.436735117109492, -501473.748009265167639 ], [ -1536816.46709999628365, -501656.496000000741333 ], [ -1536981.506151778856292, -501485.109312599524856 ], [ -1541936.62370000150986, -501615.103699999162927 ], [ -1545098.526794879464433, -496325.747327351244166 ], [ -1545476.578699994366616, -496001.702800001017749 ], [ -1546111.673599998932332, -495615.123300004983321 ], [ -1546967.670999999856576, -495477.059199996991083 ], [ -1546636.317200002958998, -496029.315600001718849 ], [ -1545504.191500001819804, -497465.182299999287352 ], [ -1544786.258200001902878, -499011.500199992442504 ], [ -1544234.001799997175112, -500640.656699997372925 ], [ -1543847.422300001140684, -500916.784899999620393 ], [ -1543267.553100002463907, -501607.105399998836219 ], [ -1542914.461800002725795, -502320.63410000083968 ], [ -1543940.85700000054203, -502864.019699995173141 ], [ -1544937.06399999675341, -503105.524500003783032 ], [ -1545752.142499989597127, -502562.138799997745082 ], [ -1546521.002900000894442, -502108.922999998088926 ], [ -1546716.210599998012185, -501792.188899998320267 ], [ -1548443.125600000610575, -498990.184700002893806 ], [ -1549157.502099998528138, -496608.929899994749576 ], [ -1549946.345199997536838, -496851.650899996049702 ], [ -1550886.732000003103167, -493022.933100001420826 ], [ -1553483.561476910486817, -484570.336365905823186 ], [ -1554081.022999996552244, -483358.817200002027676 ], [ -1554594.348499999148771, -480954.760199994314462 ], [ -1560681.253782019950449, -482095.654024988412857 ], [ -1562130.400663661770523, -482367.273616914637387 ], [ -1562199.734787521185353, -482380.269198431633413 ], [ -1563954.667001295136288, -482709.203399511985481 ], [ -1565733.952312692767009, -483042.702219757717103 ], [ -1567633.367118733469397, -481874.051873163785785 ], [ -1568677.109234140953049, -481231.870106304530054 ], [ -1568916.044578502187505, -481084.860687653534114 ], [ -1569073.576080055907369, -480987.936498705297709 ], [ -1572149.357330820057541, -479095.504825265612453 ], [ -1572471.063207127852365, -478897.569295970723033 ], [ -1573093.217791284900159, -478514.777106002438813 ], [ -1574517.775785964680836, -477638.291280128993094 ], [ -1575331.339816071791574, -477137.730865256860852 ], [ -1577266.684437564108521, -475946.97405840922147 ], [ -1577756.236092201899737, -475645.768308909144253 ], [ -1578008.087271895259619, -475335.214742513373494 ], [ -1578252.845757180824876, -475033.406895634718239 ], [ -1578578.718590600881726, -474631.578219119925052 ], [ -1579063.830308507196605, -474033.394573295023292 ], [ -1579705.486421968555078, -473242.178490172605962 ], [ -1583713.363878987031057, -468300.127699045930058 ], [ -1584846.993861410999671, -466902.26635933900252 ], [ -1586006.951387941138819, -465471.940931510645896 ], [ -1586011.457100002095103, -465460.226099994499236 ], [ -1586021.764932387508452, -465451.737297108862549 ], [ -1586948.059500001603737, -464688.906500000040978 ], [ -1588711.075599996373057, -463642.115599998738617 ], [ -1588380.510099998675287, -463091.173099991399795 ], [ -1587717.855680485954508, -463138.505555462092161 ], [ -1586837.871000000275671, -463201.361599999479949 ], [ -1585074.854800000553951, -462540.23059999756515 ], [ -1584193.346699997549877, -461713.816699999384582 ], [ -1582986.759899997152388, -461252.474699999205768 ], [ -1582509.867100001545623, -461358.358600000385195 ], [ -1581874.865899995202199, -461146.691500001586974 ], [ -1580266.195999995572492, -461252.525099999736995 ], [ -1579588.861300000688061, -461506.525600003544241 ], [ -1578657.526099995709956, -461697.026000003796071 ], [ -1579419.527599999215454, -461146.691500001586974 ], [ -1579762.029800002695993, -460906.211299993563443 ], [ -1579455.240800002356991, -460336.460399998817593 ], [ -1577912.601699996972457, -459730.4236000017263 ], [ -1577721.285999996587634, -459709.166300001554191 ], [ -1576858.35579999582842, -460342.356600000523031 ], [ -1576181.021100000943989, -460511.690200004260987 ], [ -1575588.353299999143928, -460511.690200004260987 ], [ -1575270.852699999464676, -460067.189399998169392 ], [ -1574741.68490000278689, -460046.022699999623001 ], [ -1574241.626099997432902, -459863.074299997650087 ], [ -1573027.181499995756894, -459876.688999997917563 ], [ -1572349.846800000872463, -459982.522499998565763 ], [ -1571886.851800000527874, -460261.244199995882809 ], [ -1571355.01149999955669, -459834.355600000359118 ], [ -1570825.843800000846386, -459834.355600000359118 ], [ -1570051.40029999660328, -459793.744999998249114 ], [ -1569894.508599995868281, -459785.517799993045628 ], [ -1568822.049600002588704, -459785.517799993045628 ], [ -1568455.172399997711182, -460194.189599997829646 ], [ -1567693.170799996471033, -460151.856200000271201 ], [ -1567354.503499998012558, -459728.522000002209097 ], [ -1567058.169599997112527, -459199.354300003033131 ], [ -1567037.002899998333305, -458649.019899998791516 ], [ -1565965.438200000440702, -458831.582699998281896 ], [ -1564880.644399998243898, -459228.458500005304813 ] ] ] } },
{ "type": "Feature", "properties": { "ID": 742, "YEAR": "2012-2013", "Perimtr_KM": 8.2560468771799993, "AREA_KM": 4.0058116931500001, "SCALE": 1, "THICKNES_M": 238.67020161900001, "VOLUME_KM": 0.95606788445000002, "MASS_GT": 0.87671425004000003, "RECURRANCE": "5-6", "UA_KM": 0.04128023439, "UH_M": 19.809626636699999, "UC_KM": 0.0731527822, "REGION": "Peninsula", "ICESHELF": "Rydberg_Peninsula_1" }, "geometry": { "type": "Polygon", "coordinates": [ [ [ -1817962.436085232300684, 337323.844048203434795 ], [ -1817670.520146225579083, 336918.10344039555639 ], [ -1817527.563900001114234, 336719.405300000216812 ], [ -1817617.150900001171976, 336444.251200006809086 ], [ -1817629.766499998047948, 336441.317000008188188 ], [ -1817652.793900003656745, 336433.755200000945479 ], [ -1817676.2483000010252, 336427.586599993985146 ], [ -1817698.716800001915544, 336418.543800001963973 ], [ -1817721.852600001962855, 336411.736000007949769 ], [ -1817744.588999998522922, 336403.766800012439489 ], [ -1817760.497599998721853, 336379.717800005339086 ], [ -1817770.510999996913597, 336342.173000007402152 ], [ -1817783.104699996765703, 336307.480699999723583 ], [ -1817792.214599998667836, 336261.921800001058728 ], [ -1817803.903299999190494, 336224.877200001385063 ], [ -1817815.432700001168996, 336187.513099995441735 ], [ -1817829.395299999509007, 336156.769999994896352 ], [ -1817843.26210000179708, 336127.833700011484325 ], [ -1817857.320099997567013, 336097.922200001310557 ], [ -1817870.868299995781854, 336068.346700003370643 ], [ -1817892.27049999893643, 336056.805499999783933 ], [ -1817913.162999995984137, 336045.600499997846782 ], [ -1817935.868900002911687, 336032.643200004007667 ], [ -1817957.501400002278388, 336020.486199999693781 ], [ -1817978.83799999859184, 336007.776300003286451 ], [ -1817999.10179999563843, 335995.646900000981987 ], [ -1818019.121399990748614, 335983.953500002156943 ], [ -1818038.315400001127273, 335971.902600005734712 ], [ -1818057.303399996832013, 335960.264599999878556 ], [ -1818075.508099999278784, 335948.24330000532791 ], [ -1818093.581399998627603, 335936.587500012479722 ], [ -1818110.896499997004867, 335924.531200005672872 ], [ -1818123.343899995321408, 335906.752199994400144 ], [ -1818133.125200000358745, 335886.115499998442829 ], [ -1818144.571900001261383, 335868.13930000225082 ], [ -1818155.589199998648837, 335850.133799998089671 ], [ -1818166.182000000262633, 335832.095099999103695 ], [ -1818177.133399996906519, 335814.350200012326241 ], [ -1818188.399500003550202, 335795.993499997071922 ], [ -1818198.939299996709451, 335777.899599994067103 ], [ -1818209.37269999505952, 335759.457000009249896 ], [ -1818219.209899996174499, 335741.423400013707578 ], [ -1818228.819999996339902, 335722.886699998285621 ], [ -1818239.502399999648333, 335707.597200005780905 ], [ -1818248.051099996315315, 335689.163500014226884 ], [ -1818256.691599996993318, 335670.422200002707541 ], [ -1818266.34540000022389, 335655.023999994620681 ], [ -1818274.11639999691397, 335635.921700003556907 ], [ -1818282.961699996143579, 335620.414500006474555 ], [ -1818289.925699998391792, 335601.201399995479733 ], [ -1818297.965499999467283, 335585.58179999794811 ], [ -1818305.851000000955537, 335569.348200003616512 ], [ -1818313.087199998786673, 335553.61359999794513 ], [ -1818318.739400001475587, 335534.171199997421354 ], [ -1818323.932599999243394, 335525.94680000282824 ], [ -1818329.245399998268113, 335517.355000004172325 ], [ -1818334.345600003376603, 335507.818900014273822 ], [ -1818339.046500002965331, 335498.427900003269315 ], [ -1818343.838899998692796, 335488.358200003858656 ], [ -1818348.587999996962026, 335477.754900007974356 ], [ -1818353.227400000207126, 335466.927599994465709 ], [ -1818357.753500001039356, 335454.937200001440942 ], [ -1818364.8146, 335434.807200005743653 ], [ -1818372.463499998906627, 335411.95280000846833 ], [ -1818378.79069999861531, 335389.781800012104213 ], [ -1818394.39390000118874, 335335.600299996789545 ], [ -1818402.906200000783429, 335307.759500000160187 ], [ -1818407.578799999319017, 335293.779700003098696 ], [ -1818411.964499999303371, 335281.031100002117455 ], [ -1818416.605900002177805, 335268.797200006432831 ], [ -1818421.075700001558289, 335257.468800006434321 ], [ -1818426.320299999788404, 335245.45369999948889 ], [ -1818431.478899997193366, 335234.296199996955693 ], [ -1818437.108300000894815, 335223.68750001071021 ], [ -1818442.577000000746921, 335213.334300010465086 ], [ -1818448.325800003251061, 335203.699300000444055 ], [ -1818454.598499998217449, 335194.517000002786517 ], [ -1818460.757299996446818, 335185.512700005434453 ], [ -1818467.23050000378862, 335177.175700007472187 ], [ -1818475.598399996524677, 335167.213500007521361 ], [ -1818484.402900001034141, 335157.293999996967614 ], [ -1818493.950700000859797, 335147.083899996709079 ], [ -1818503.969, 335135.967799996957183 ], [ -1818514.375699998112395, 335125.321299994364381 ], [ -1818526.062199996551499, 335113.337600006256253 ], [ -1818564.775699994759634, 335080.191400000359863 ], [ -1818592.090699997497723, 335057.710200003348291 ], [ -1818618.704399995040148, 335035.962400001939386 ], [ -1818645.54610000224784, 335015.741800005082041 ], [ -1818671.984799998346716, 334997.305100000463426 ], [ -1818698.675499998964369, 334979.303499998059124 ], [ -1818724.982400000561029, 334962.603999997954816 ], [ -1818751.818699996452779, 334946.488200007937849 ], [ -1818779.46769999852404, 334931.306700004264712 ], [ -1818805.523799998452887, 334915.240800011903048 ], [ -1818830.550200000638142, 334899.365099999587983 ], [ -1818856.500399995129555, 334884.893900006078184 ], [ -1818881.410399997839704, 334870.619500006083399 ], [ -1818907.233699998818338, 334857.755799999460578 ], [ -1818932.007800003048033, 334845.093800007365644 ], [ -1818957.687299998244271, 334833.846600005403161 ], [ -1818983.08039999846369, 334828.474800006020814 ], [ -1818991.82279999833554, 334828.837500005029142 ], [ -1819000.612100003287196, 334827.46460001450032 ], [ -1819009.722500001778826, 334826.239500008057803 ], [ -1819019.177000001771376, 334825.154199994169176 ], [ -1819029.247499998426065, 334826.0931999925524 ], [ -1819039.468499998562038, 334825.261700007598847 ], [ -1819051.521999995457008, 334830.589500003028661 ], [ -1819064.096699999878183, 334836.007300005760044 ], [ -1819085.010100000770763, 334843.708800001069903 ], [ -1819110.714199998648837, 334858.088600003160536 ], [ -1819133.548900000983849, 334866.256600005086511 ], [ -1819203.443900001002476, 334914.793200002983212 ], [ -1819237.53090000199154, 334928.520499999634922 ], [ -1819251.483600000618026, 334925.802700005006045 ], [ -1819265.163199994945899, 334925.506599999032915 ], [ -1819279.502399997785687, 334925.073100005276501 ], [ -1819290.945300002349541, 334922.104000012855977 ], [ -1819303.645699997898191, 334918.430800004396588 ], [ -1819315.634300000732765, 334914.53119999403134 ], [ -1819326.986000002594665, 334910.380900000687689 ], [ -1819337.749799999641255, 334905.961800002958626 ], [ -1819348.736900001298636, 334903.714100001845509 ], [ -1819360.664299994707108, 334901.119799996260554 ], [ -1819369.881299997447059, 334895.796200002543628 ], [ -1819378.623900000238791, 334890.148500001989305 ], [ -1819387.318299997365102, 334883.782599998638034 ], [ -1819398.722399999853224, 334881.621999996248633 ], [ -1819406.898099999409169, 334873.897400001063943 ], [ -1819414.837000000989065, 334865.472900006454438 ], [ -1819425.526500000385568, 334861.216100006364286 ], [ -1819433.04210000182502, 334851.338299999013543 ], [ -1819443.3588, 334845.566900000441819 ], [ -1819450.555699999444187, 334834.099499998148531 ], [ -1819458.552499996498227, 334823.948600000701845 ], [ -1819467.947700002696365, 334812.748100007884204 ], [ -1819479.25849999813363, 334814.828400000464171 ], [ -1819488.620399997569621, 334807.144999998621643 ], [ -1819500.542799999006093, 334807.948900002520531 ], [ -1819513.043000003090128, 334805.527199993375689 ], [ -1819561.205400001257658, 334798.177500003948808 ], [ -1819579.361699995584786, 334790.785600001458079 ], [ -1819590.339499998372048, 334785.010900002438575 ], [ -1819601.033500000368804, 334785.364700015168637 ], [ -1819611.212799996836111, 334786.893599997740239 ], [ -1819624.452399995643646, 334799.363499994389713 ], [ -1819642.803799998015165, 334824.545800011139363 ], [ -1819661.280699996044859, 334850.871200005058199 ], [ -1819674.7148999995552, 334860.989500015508384 ], [ -1819685.007199997780845, 334852.583199998363853 ], [ -1819689.360299997031689, 334847.456300006713718 ], [ -1819695.571600000374019, 334845.110000006388873 ], [ -1819700.065499999094754, 334840.445400006137788 ], [ -1819704.634599997196347, 334836.006700004450977 ], [ -1819711.072000001790002, 334834.338399993721396 ], [ -1819715.800799997057766, 334830.343099999241531 ], [ -1819720.613099997164682, 334826.566200001165271 ], [ -1819725.51150000304915, 334823.006000014953315 ], [ -1819737.708599996054545, 334818.733300003223121 ], [ -1819748.730500000761822, 334812.386100008152425 ], [ -1819762.179299995535985, 334809.04620000673458 ], [ -1819774.507300001801923, 334803.602299998514354 ], [ -1819787.524599995696917, 334798.591700001619756 ], [ -1819803.086899998597801, 334796.535000005271286 ], [ -1819817.6774, 334792.316300014965236 ], [ -1819833.180800000438467, 334788.455500000156462 ], [ -1819846.899900002870709, 334785.486400007270277 ], [ -1819861.454699999187142, 334782.719899997115135 ], [ -1819878.781200000317767, 334782.675300012808293 ], [ -1819895.58659999887459, 334780.209599999710917 ], [ -1819928.181499999249354, 334776.136299995705485 ], [ -1819968.967599999392405, 334773.469900015275925 ], [ -1820156.729413447668776, 335494.921125125605613 ], [ -1820199.289000002434477, 335658.451000008266419 ], [ -1820124.813518687849864, 335756.999193997122347 ], [ -1819375.716100001009181, 336748.227400006726384 ], [ -1818010.231800000881776, 337390.276400014292449 ], [ -1817962.436085232300684, 337323.844048203434795 ] ] ] } }
]
}
