{
"type": "FeatureCollection",
"name": "2013",
"crs": { "type": "name", "properties": { "name": "urn:ogc:def:crs:EPSG::3031" } },
"features": [
{ "type": "Feature", "properties": { "ID": 611, "YEAR": "2013-2014", "Perimtr_KM": 6.7110797607599997, "AREA_KM": 1.71487460946, "SCALE": 1, "THICKNES_M": 329.80198160800001, "VOLUME_KM": 0.56556904441, "MASS_GT": 0.51862681371999997, "RECURRANCE": ">8", "UA_KM": 0.0335553988, "UH_M": 27.3735643385, "UC_KM": 0.0432740706, "REGION": "West", "ICESHELF": "Eltanin_Bay" }, "geometry": { "type": "Polygon", "coordinates": [ [ [ -1762270.687929714564234, 274017.625629715621471 ], [ -1762405.902000000700355, 273823.419500004034489 ], [ -1762411.163344476604834, 273783.992189741693437 ], [ -1762450.113999996334314, 273492.104900001082569 ], [ -1762579.724700000137091, 273485.035100004635751 ], [ -1762812.228199997218326, 273715.55339999916032 ], [ -1763013.8795, 274147.516300003509969 ], [ -1763318.58279999694787, 274168.315100001636893 ], [ -1763654.195000001695007, 274213.042400003876537 ], [ -1763704.679900001501665, 274213.042400003876537 ], [ -1764061.109799995552748, 274319.248499996494502 ], [ -1764418.615200001280755, 274636.431900003924966 ], [ -1764477.726700002793223, 274868.362699995283037 ], [ -1764407.5094, 274869.846000000368804 ], [ -1764419.493999996921048, 274906.084600012283772 ], [ -1764142.302099997876212, 274890.182200013659894 ], [ -1763888.388900002464652, 274894.524900002870709 ], [ -1763907.13129999814555, 274996.751200007740408 ], [ -1761917.0929, 274549.713600000366569 ], [ -1762076.516299998620525, 274296.511700001079589 ], [ -1762270.687929714564234, 274017.625629715621471 ] ] ] } },
{ "type": "Feature", "properties": { "ID": 735, "YEAR": "2013-2014", "Perimtr_KM": 183.960745234, "AREA_KM": 919.72598435800001, "SCALE": 3, "THICKNES_M": 357.41692989699999, "VOLUME_KM": 328.72563767600002, "MASS_GT": 301.441409749, "RECURRANCE": "2-3", "UA_KM": 0.91980372616999995, "UH_M": 29.665605035199999, "UC_KM": 25.1521836149, "REGION": "West", "ICESHELF": "Pine_Island" }, "geometry": { "type": "Polygon", "coordinates": [ [ [ -1624186.710900001227856, -305684.043599993921816 ], [ -1625156.61819999688305, -306822.913099997211248 ], [ -1624430.814699999755248, -306145.277299997862428 ], [ -1624801.049861286301166, -306743.660778800956905 ], [ -1624982.450224883854389, -307036.84465752216056 ], [ -1625017.103399998042732, -307092.852000004611909 ], [ -1625906.488701017340645, -308133.354518429841846 ], [ -1626638.153900000499561, -308989.338400002103299 ], [ -1625993.735204482451081, -308402.798226668965071 ], [ -1624924.833472059573978, -307429.899997974280268 ], [ -1624355.758999997982755, -306911.936999997124076 ], [ -1624167.231490281410515, -306864.889265120960772 ], [ -1623564.724800000200048, -306714.531499996781349 ], [ -1623526.066817074082792, -306718.811654882505536 ], [ -1623006.204900001175702, -306776.369999993592501 ], [ -1622708.327633322915062, -306831.890882643405348 ], [ -1622140.441499999258667, -306937.738299996126443 ], [ -1622482.190199999604374, -307300.047199999913573 ], [ -1623301.380799998762086, -307659.047300000209361 ], [ -1623301.82168641849421, -307659.296130641363561 ], [ -1624344.676582602551207, -308247.870060321874917 ], [ -1624459.440600000321865, -308312.641399991698563 ], [ -1626078.909255105769262, -309702.022592110093683 ], [ -1626523.215699999593198, -310083.203799993731081 ], [ -1627316.802499999292195, -311147.749400003813207 ], [ -1627771.313599999062717, -311651.343499999027699 ], [ -1627556.016099999658763, -311757.111399999354035 ], [ -1626078.513899998506531, -311133.776199999731034 ], [ -1628165.563100001076236, -312854.254600001499057 ], [ -1627024.340699997730553, -312802.846099991817027 ], [ -1627056.836021263850853, -313950.888813697267324 ], [ -1627064.217199997976422, -314211.661999997682869 ], [ -1626284.803151673870161, -314302.066503421403468 ], [ -1624742.517899999627843, -314480.956699998583645 ], [ -1624356.524899996817112, -316263.261200001463294 ], [ -1621498.726300002075732, -316978.852500000502914 ], [ -1621256.189200464636087, -316879.870403768029064 ], [ -1619005.856199998175725, -315961.484399999026209 ], [ -1619454.034499998437241, -317235.655599996913224 ], [ -1613276.669560011476278, -319428.171672783326358 ], [ -1607059.599452080670744, -321634.780197568237782 ], [ -1602767.283599998569116, -323158.240700000431389 ], [ -1602578.942764273611829, -323176.557305102236569 ], [ -1602549.553931648144498, -323179.415440670214593 ], [ -1597266.829099998809397, -323693.173300003167242 ], [ -1595931.496353831375018, -325650.075416552834213 ], [ -1595191.889799999538809, -326733.953299998771399 ], [ -1595687.002106127329171, -327454.562299997545779 ], [ -1595974.416646262863651, -327872.878511879593134 ], [ -1595993.521773814689368, -327900.68498465931043 ], [ -1596430.49989999900572, -328536.682851480785757 ], [ -1596702.322297815233469, -328932.305549290496856 ], [ -1596867.159500000998378, -329172.217120786663145 ], [ -1596981.139978233259171, -329338.109499995131046 ], [ -1596986.248400000622496, -329345.544529693201184 ], [ -1597057.082928280811757, -329448.640328279696405 ], [ -1597853.919042178429663, -330608.391899998765439 ], [ -1599142.54723814339377, -332483.920066403225064 ], [ -1599216.917833628831431, -332592.162418249528855 ], [ -1599479.970015624538064, -332975.020544523838907 ], [ -1600220.965526789193973, -334053.499159788712859 ], [ -1600377.414407423697412, -334281.2019860628061 ], [ -1600407.893399996450171, -334325.562500000465661 ], [ -1601395.1128216504585, -334209.419064447283745 ], [ -1601532.374799998942763, -334193.270599995274097 ], [ -1601542.477815868798643, -334203.373615865129977 ], [ -1602188.059773662593216, -334848.955573651939631 ], [ -1602524.564300002995878, -335185.460099992342293 ], [ -1604310.505399993853644, -334457.854499997105449 ], [ -1604651.552586904959753, -335621.481021758168936 ], [ -1605258.432502940297127, -337692.108175178524107 ], [ -1606555.972500001545995, -342119.213900000788271 ], [ -1610138.115523590240628, -341765.16407641209662 ], [ -1612574.141973667545244, -341524.393473668489605 ], [ -1622500.645899999653921, -340543.283299994654953 ], [ -1624747.561263946350664, -340352.696736057754606 ], [ -1637317.342199997976422, -339286.510000000242144 ], [ -1636060.568899996811524, -336045.357700004708022 ], [ -1636486.422400003764778, -335799.309001573361456 ], [ -1639037.137400002218783, -334325.562500000465661 ], [ -1639558.336941997520626, -333266.48549999948591 ], [ -1640104.65012392308563, -332156.377606264781207 ], [ -1640302.176350418711081, -331755.004491887055337 ], [ -1640554.55510000186041, -331242.17110000224784 ], [ -1640526.919600000139326, -331240.58099999697879 ], [ -1640501.685700000729412, -331238.526300000026822 ], [ -1640477.78359999647364, -331236.084799997974187 ], [ -1640455.282099996227771, -331233.174800003413111 ], [ -1640442.058599998708814, -331231.14210000121966 ], [ -1640429.269799997331575, -331228.919300003442913 ], [ -1640417.118799998657778, -331226.49930000025779 ], [ -1640405.13160000089556, -331223.883799996692687 ], [ -1640393.515499998815358, -331221.065599999390543 ], [ -1640382.260699997423217, -331218.042099999729544 ], [ -1640371.582399998093024, -331214.807399997487664 ], [ -1640361.016199998557568, -331211.364000002853572 ], [ -1640350.767000002088025, -331207.701299995649606 ], [ -1640340.841899998253211, -331203.82100000185892 ], [ -1640332.009400000330061, -331199.802000000141561 ], [ -1640323.809399998746812, -331195.647300002165139 ], [ -1640315.36709999688901, -331191.182999997865409 ], [ -1640308.002399997320026, -331186.5730000003241 ], [ -1640300.160299998475239, -331181.652100002858788 ], [ -1640293.160999996587634, -331176.58389999717474 ], [ -1640271.999599997419864, -331160.96279999660328 ], [ -1640255.783699997933581, -331148.750199996866286 ], [ -1640240.787999997381121, -331137.379000002983958 ], [ -1640227.786799997789785, -331126.778699999209493 ], [ -1640214.91429999563843, -331116.203299992252141 ], [ -1640203.849499998847023, -331106.985599997453392 ], [ -1640192.739999999059364, -331097.794799991417676 ], [ -1640183.199599995976314, -331089.313499991316348 ], [ -1640174.025499999290332, -331080.611699997447431 ], [ -1640164.24639999633655, -331070.918799998238683 ], [ -1640156.450599994510412, -331062.311400001402944 ], [ -1640148.492699997266755, -331053.144799992907792 ], [ -1640141.981400000629947, -331044.534699997864664 ], [ -1640134.785200000507757, -331034.849200002383441 ], [ -1640128.942678986117244, -331025.982961047440767 ], [ -1640128.697900003055111, -331025.611499998252839 ], [ -1640122.402599998284131, -331015.758399998303503 ], [ -1640117.982700003311038, -331008.454300000332296 ], [ -1640114.174600003054366, -331001.330400004517287 ], [ -1640110.477400000207126, -330993.891899997368455 ], [ -1640106.388599996222183, -330985.640399997122586 ], [ -1640102.891699996311218, -330977.532000003382564 ], [ -1640099.477600002195686, -330969.052899999078363 ], [ -1640095.639499995158985, -330959.691500002983958 ], [ -1640092.349099999759346, -330950.372900001704693 ], [ -1640085.77360000112094, -330930.967499999329448 ], [ -1640079.568499999120831, -330909.603299994487315 ], [ -1640073.326000000117347, -330886.284699997399002 ], [ -1640063.812899998389184, -330847.527199995703995 ], [ -1640060.29029999836348, -330833.681599997915328 ], [ -1640055.885000001173466, -330817.827799996361136 ], [ -1640034.250600000144914, -330747.311499999836087 ], [ -1640029.679999999003485, -330731.840900002978742 ], [ -1640025.747299998532981, -330717.718400004785508 ], [ -1640023.827891590772197, -330709.980582751799375 ], [ -1640021.177099995780736, -330699.2942999987863 ], [ -1640017.290600001113489, -330682.233300002291799 ], [ -1640014.222499996889383, -330666.218699999153614 ], [ -1640011.943500002380461, -330651.102999998256564 ], [ -1640011.077599999029189, -330642.824399999342859 ], [ -1640010.460900003090501, -330634.787999996449798 ], [ -1640009.884799999417737, -330626.993800002150238 ], [ -1640009.763700001640245, -330619.406599995214492 ], [ -1640009.681799997808412, -330612.041399999056011 ], [ -1640010.054599999217317, -330604.867599999532104 ], [ -1640010.674600001657382, -330597.891500001773238 ], [ -1640011.334399999352172, -330591.120600001420826 ], [ -1640012.450900001684204, -330584.517500001005828 ], [ -1640013.608800000278279, -330578.111400003544986 ], [ -1640015.016500000841916, -330571.885800002608448 ], [ -1640016.881999996956438, -330565.825199991930276 ], [ -1640018.79130000108853, -330559.951699997764081 ], [ -1640021.160099999746308, -330554.237999998964369 ], [ -1640023.574099997757003, -330548.707199994474649 ], [ -1640026.449400000739843, -330543.331999997608364 ], [ -1640029.988400002708659, -330537.026299996301532 ], [ -1640034.173799999756739, -330530.637400004547089 ], [ -1640038.589800000656396, -330524.191499998793006 ], [ -1640043.651099998736754, -330517.664000003132969 ], [ -1640048.941799998283386, -330511.081100000534207 ], [ -1640054.876699997344986, -330504.41800000006333 ], [ -1640061.039999997941777, -330497.700899998657405 ], [ -1640067.846400000620633, -330490.904800001066178 ], [ -1640074.872199999867007, -330484.0632000034675 ], [ -1640081.317069245036691, -330478.246881176717579 ], [ -1640082.539800001075491, -330477.143400000873953 ], [ -1640090.434099997626618, -330470.170099992770702 ], [ -1640098.972199995536357, -330463.116699998266995 ], [ -1640107.735899998107925, -330456.010700000915676 ], [ -1640117.152099999366328, -330448.816899999044836 ], [ -1640126.81529999920167, -330441.55319999717176 ], [ -1640136.376999997999519, -330433.442599994130433 ], [ -1640142.25370000093244, -330428.237900002393872 ], [ -1640148.770599997602403, -330423.290699996985495 ], [ -1640154.738399998284876, -330417.884499999694526 ], [ -1640161.959500001743436, -330413.463500000070781 ], [ -1640170.07319999486208, -330409.041899999137968 ], [ -1640178.497800001408905, -330405.081700001843274 ], [ -1640186.485099997604266, -330400.614300000481308 ], [ -1640195.881299996515736, -330397.074099996127188 ], [ -1640203.442899994319305, -330393.222900000866503 ], [ -1640211.905699994880706, -330390.445199997164309 ], [ -1640230.298800000920892, -330384.325999998487532 ], [ -1640248.328800002578646, -330378.649300004821271 ], [ -1640290.065100001171231, -330366.323899992275983 ], [ -1640309.1212, -330359.597400000784546 ], [ -1640318.870999995153397, -330356.764699995983392 ], [ -1640324.183663459727541, -330354.342162337619811 ], [ -1640327.3992000001017, -330352.875900001265109 ], [ -1640335.609299997333437, -330349.85410000057891 ], [ -1640343.212999997194856, -330346.698400001041591 ], [ -1640350.052600001916289, -330342.518400001339614 ], [ -1640357.31749999942258, -330338.817500000353903 ], [ -1640364.47679999913089, -330335.734200003556907 ], [ -1640371.157600001664832, -330332.440899999812245 ], [ -1640377.621899995254353, -330328.747299997135997 ], [ -1640383.825800001621246, -330324.753099993802607 ], [ -1640389.18610000028275, -330320.765999999828637 ], [ -1640394.128699998836964, -330316.532199994660914 ], [ -1640401.624899999238551, -330309.297199999447912 ], [ -1640408.379900001222268, -330301.664999995846301 ], [ -1640415.220899997511879, -330293.147599992342293 ], [ -1640421.311799995368347, -330284.243500002659857 ], [ -1640427.480199999641627, -330274.465799998026341 ], [ -1640433.304799995850772, -330264.069499996025115 ], [ -1640438.780999997630715, -330253.063399998936802 ], [ -1640443.488000000361353, -330241.704799996223301 ], [ -1640448.258299996610731, -330229.495000000111759 ], [ -1640452.664099996909499, -330216.710399993695319 ], [ -1640456.700399995781481, -330203.366500004194677 ], [ -1640460.362100003287196, -330189.481699992436916 ], [ -1640463.644899999024346, -330175.073099999688566 ], [ -1640466.543299994897097, -330160.167500004172325 ], [ -1640469.052800002042204, -330144.791199999861419 ], [ -1640471.16919999779202, -330128.974799995310605 ], [ -1640473.334200004581362, -330112.066600001882762 ], [ -1640474.661399999400601, -330095.017799998633564 ], [ -1640475.56400000071153, -330077.627500001341105 ], [ -1640476.040600002976134, -330059.948900000192225 ], [ -1640476.506299999076873, -330041.783900002017617 ], [ -1640476.131000001681969, -330023.697599998675287 ], [ -1640475.33320000115782, -330005.512599997688085 ], [ -1640474.118299995083362, -329987.305399999488145 ], [ -1640472.8999, -329968.835899998433888 ], [ -1640471.110899996710941, -329950.723399998620152 ], [ -1640468.931099996203557, -329932.848000003956258 ], [ -1640466.624299996998161, -329915.269299996085465 ], [ -1640464.126199999824166, -329897.904800003394485 ], [ -1640460.875399996526539, -329881.312600000295788 ], [ -1640457.310499998508021, -329865.341899995692074 ], [ -1640453.040499998722225, -329850.331400001421571 ], [ -1640450.381599999731407, -329841.627799996640533 ], [ -1640447.427399998763576, -329832.887599999085069 ], [ -1640443.928399994736537, -329824.144800000358373 ], [ -1640440.3806999954395, -329815.324999992270023 ], [ -1640436.286599998828024, -329806.498099994380027 ], [ -1640432.141399995191023, -329797.589199994690716 ], [ -1640427.695400001248345, -329788.63099999865517 ], [ -1640422.698100002249703, -329779.656300002709031 ], [ -1640417.648299991153181, -329770.595599999185652 ], [ -1640412.2916999978479, -329761.47459999518469 ], [ -1640406.377199999289587, -329752.324800000526011 ], [ -1640400.398100000573322, -329743.068899997510016 ], [ -1640393.854499997105449, -329733.774300004355609 ], [ -1640387.237799998372793, -329724.361000004224479 ], [ -1640380.293900002958253, -329714.857399996835738 ], [ -1640373.362599999411032, -329706.986000004224479 ], [ -1640359.409900000784546, -329691.685899992007762 ], [ -1640344.367300001904368, -329675.849300002679229 ], [ -1640328.225399999413639, -329661.119099999777973 ], [ -1640310.426899996353313, -329645.534400003496557 ], [ -1640291.796699998434633, -329629.888399992603809 ], [ -1640270.981100006727502, -329611.013200002722442 ], [ -1640248.382499996572733, -329592.015500003006309 ], [ -1640217.49333734344691, -329564.833749087527394 ], [ -1640212.298599996371195, -329560.262499997857958 ], [ -1640204.778100000927225, -329553.649500004481524 ], [ -1640196.777899998938665, -329547.136299999430776 ], [ -1640188.62720000045374, -329542.439399992115796 ], [ -1640179.60850000125356, -329536.076899999752641 ], [ -1640170.400300000561401, -329531.499999999534339 ], [ -1640160.257299996446818, -329525.208500004839152 ], [ -1640150.076000000350177, -329520.23339999653399 ], [ -1640138.33420000015758, -329514.266399999614805 ], [ -1640117.710499994223937, -329503.752099997363985 ], [ -1640092.782799995969981, -329489.747299992013723 ], [ -1640068.144499999238178, -329476.493599992245436 ], [ -1640006.405699999537319, -329444.507699996698648 ], [ -1639989.229799999855459, -329435.909800001420081 ], [ -1639974.068100002827123, -329427.569900002330542 ], [ -1639957.674799997359514, -329418.224699998274446 ], [ -1639952.373251745710149, -329413.882603867445141 ], [ -1639942.284899994730949, -329405.619999994058162 ], [ -1639928.103500001132488, -329392.714100000914186 ], [ -1639914.916799999307841, -329379.884599995799363 ], [ -1639900.428599996259436, -329364.965300003997982 ], [ -1639887.021199997514486, -329350.438800001982599 ], [ -1639874.850000000558794, -329337.798099998850375 ], [ -1639869.027199994307011, -329330.633199999108911 ], [ -1639863.525800002506003, -329322.954900001175702 ], [ -1639858.186599997105077, -329315.6769999996759 ], [ -1639853.160299997776747, -329307.876399994827807 ], [ -1639848.46299999859184, -329302.495400001760572 ], [ -1639843.904299997026101, -329294.56349999178201 ], [ -1639839.668400001013651, -329289.043699991889298 ], [ -1639835.56599999871105, -329280.966400002595037 ], [ -1639831.614999994868413, -329273.274800000246614 ], [ -1639828.127999994670972, -329267.061299994587898 ], [ -1639821.652500000782311, -329253.51499999826774 ], [ -1639815.445300001418218, -329240.125399992801249 ], [ -1639809.261900000507012, -329226.469300003256649 ], [ -1639803.400699997553602, -329212.28279999922961 ], [ -1639797.847899998305365, -329199.476300002541393 ], [ -1639792.417199996532872, -329184.669699997641146 ], [ -1639787.230299998307601, -329169.618999996222556 ], [ -1639786.057618433842435, -329165.988376911729574 ], [ -1639782.304299997165799, -329154.36809999588877 ], [ -1639777.766399994725361, -329140.695899998769164 ], [ -1639773.415899996180087, -329125.196799997705966 ], [ -1639769.333300000289455, -329111.48769999993965 ], [ -1639765.600499997381121, -329095.876200005412102 ], [ -1639762.295799997635186, -329081.978800001554191 ], [ -1639759.221000002231449, -329066.403200000990182 ], [ -1639756.512199998833239, -329052.19840000057593 ], [ -1639754.149399998830631, -329038.088700003456324 ], [ -1639752.064199998509139, -329022.596099997404963 ], [ -1639750.425999999279156, -329008.958899999037385 ], [ -1639749.135099996812642, -328995.488599998876452 ], [ -1639748.193499997491017, -328982.205499999690801 ], [ -1639747.4648, -328969.285099999979138 ], [ -1639747.225799999432638, -328956.434999998193234 ], [ -1639747.338899999158457, -328943.825099999085069 ], [ -1639747.6659, -328931.623600001446903 ], [ -1639748.358599998988211, -328919.601100004278123 ], [ -1639749.463099997257814, -328908.366400002967566 ], [ -1639750.854400002863258, -328896.913799994625151 ], [ -1639752.593399997102097, -328885.761299998033792 ], [ -1639754.765800000866875, -328876.732600000686944 ], [ -1639757.256700003752485, -328866.716000000480562 ], [ -1639760.115699996473268, -328858.329199996311218 ], [ -1639763.289600001415238, -328848.968299997039139 ], [ -1639765.532000002684072, -328842.65079999435693 ], [ -1639768.315099996747449, -328838.635399999562651 ], [ -1639771.345600001513958, -328832.26519999653101 ], [ -1639774.931499994825572, -328828.167499999050051 ], [ -1639778.8409, -328822.196399998385459 ], [ -1639783.208000002894551, -328817.437099993228912 ], [ -1639788.002799996873364, -328811.24979999801144 ], [ -1639793.311000002548099, -328806.20039999904111 ], [ -1639803.043299998156726, -328799.199399998411536 ], [ -1639814.404399996856228, -328788.844899997580796 ], [ -1639825.812399993650615, -328780.936400001868606 ], [ -1639853.945199999026954, -328760.865699999965727 ], [ -1639867.883799995994195, -328750.131600002292544 ], [ -1639874.480400001164526, -328744.52579999435693 ], [ -1639880.434899997198954, -328737.953099992591888 ], [ -1639885.97219999670051, -328733.323600003030151 ], [ -1639890.961399999679998, -328728.46199999935925 ], [ -1639895.781500002136454, -328723.874400002416223 ], [ -1639899.975599996745586, -328717.272900003008544 ], [ -1639903.923799997195601, -328712.864200001116842 ], [ -1639907.356299999402836, -328706.797799994237721 ], [ -1639910.414199996506795, -328702.067300000227988 ], [ -1639913.050299996510148, -328696.053199995774776 ], [ -1639915.218499998329207, -328689.641799998935312 ], [ -1639917.179900002200156, -328685.34719999646768 ], [ -1639919.312099998584017, -328676.969299999065697 ], [ -1639921.083799998508766, -328667.831999991089106 ], [ -1639922.572200000518933, -328658.344000002369285 ], [ -1639923.956799994688481, -328650.625600001774728 ], [ -1639924.876899995142594, -328640.443599999882281 ], [ -1639925.512299999827519, -328629.919299999717623 ], [ -1639925.862700000638142, -328619.056399999652058 ], [ -1639925.956499997293577, -328608.126900000032037 ], [ -1639925.687699999427423, -328596.453399999067187 ], [ -1639925.182299999520183, -328584.593699996359646 ], [ -1639924.357899996917695, -328572.174400003161281 ], [ -1639923.248599995626137, -328559.443099998869002 ], [ -1639921.767299996921793, -328544.592699999921024 ], [ -1639920.1523999995552, -328531.769299991428852 ], [ -1639918.193400000687689, -328518.152599998749793 ], [ -1639916.015900000231341, -328504.770899993367493 ], [ -1639914.287700000917539, -328494.479799997527152 ], [ -1639912.301600003382191, -328486.060600002296269 ], [ -1639910.017799999099225, -328477.83410000288859 ], [ -1639907.249699994921684, -328467.704999991226941 ], [ -1639904.269199999282137, -328459.573700000531971 ], [ -1639900.800999999046326, -328449.529899997171015 ], [ -1639897.067099998239428, -328441.333999992348254 ], [ -1639892.938100000610575, -328431.491000001784414 ], [ -1639888.49479999858886, -328423.355399997904897 ], [ -1639883.601099997758865, -328413.419899998232722 ], [ -1639878.388700001873076, -328403.628499997314066 ], [ -1639872.841499995905906, -328395.508299995213747 ], [ -1639866.827799996826798, -328385.562800004146993 ], [ -1639860.473599996417761, -328375.72960000205785 ], [ -1639853.670800001127645, -328365.71809999877587 ], [ -1639846.454500000691041, -328355.650499996729195 ], [ -1639833.639399997889996, -328338.361099998932332 ], [ -1639820.280000001890585, -328321.542800001334399 ], [ -1639806.959199998527765, -328305.839200002141297 ], [ -1639791.943299999693409, -328289.410599997267127 ], [ -1639778.18589999852702, -328274.685099999420345 ], [ -1639762.277899999637157, -328258.614899993874133 ], [ -1639705.26349999755621, -328201.232100002001971 ], [ -1639682.598299994366243, -328178.254300000146031 ], [ -1639670.823299999115989, -328166.891299992799759 ], [ -1639659.758299999404699, -328158.125800000037998 ], [ -1639649.219300003256649, -328148.776199998799711 ], [ -1639639.020599998999387, -328140.059599997010082 ], [ -1639628.193900000536814, -328130.306600000243634 ], [ -1639617.887599998619407, -328119.801000001840293 ], [ -1639607.957399998093024, -328109.78919999813661 ], [ -1639599.409000001847744, -328100.536000000778586 ], [ -1639591.521400002995506, -328091.340200002770871 ], [ -1639583.30609999736771, -328080.55480000237003 ], [ -1639576.69249999593012, -328071.41090000141412 ], [ -1639570.690599998226389, -328062.258000002242625 ], [ -1639565.054299994139001, -328052.87669999524951 ], [ -1639560.509599996032193, -328044.775699998717755 ], [ -1639555.394699994940311, -328035.657799998298287 ], [ -1639550.069999996339902, -328025.161300003062934 ], [ -1639545.126099997432902, -328015.232599998824298 ], [ -1639540.234700003638864, -328004.831800001207739 ], [ -1639535.371299996506423, -327993.905699999537319 ], [ -1639530.200499999336898, -327981.390699994750321 ], [ -1639521.788400000194088, -327958.511799999512732 ], [ -1639512.349300001980737, -327929.767700002528727 ], [ -1639504.097599999280646, -327904.81670000217855 ], [ -1639483.749299997463822, -327841.085599997080863 ], [ -1639473.354899997357279, -327810.729999993927777 ], [ -1639467.418900000397116, -327793.423299999441952 ], [ -1639461.644999998621643, -327777.185199995525181 ], [ -1639456.471799996448681, -327764.853299994952977 ], [ -1639451.029999999329448, -327747.932799997273833 ], [ -1639444.441799997584894, -327730.265499994158745 ], [ -1639438.200899999588728, -327713.144700000528246 ], [ -1639431.331300001824275, -327697.912799996323884 ], [ -1639424.820399996824563, -327686.241099991835654 ], [ -1639421.489690302405506, -327679.100550536997616 ], [ -1639417.900799996685237, -327671.40649999352172 ], [ -1639410.543899999465793, -327657.696899992413819 ], [ -1639402.822599997743964, -327643.915199995972216 ], [ -1639395.317600002046674, -327630.445799997542053 ], [ -1639390.040899999439716, -327620.163699992932379 ], [ -1639384.566299998899922, -327614.737099994905293 ], [ -1639378.749499998055398, -327605.018100003711879 ], [ -1639372.390399996889755, -327594.771100002806634 ], [ -1639365.390599998645484, -327585.157400002237409 ], [ -1639359.067300000227988, -327578.91539999935776 ], [ -1639351.2068, -327569.185299999080598 ], [ -1639342.853499998338521, -327559.342399999964982 ], [ -1639328.390799999702722, -327540.798099991399795 ], [ -1639312.75840000086464, -327523.887999997008592 ], [ -1639296.804600001545623, -327506.190700000617653 ], [ -1639257.114899996900931, -327465.527699998114258 ], [ -1639236.524599995696917, -327442.484700001310557 ], [ -1639226.204999996116385, -327431.463999999221414 ], [ -1639216.942699996056035, -327425.621499998494983 ], [ -1639208.378499999176711, -327418.509100003633648 ], [ -1639200.467800000915304, -327411.541400002781302 ], [ -1639191.934199998620898, -327404.921100003644824 ], [ -1639184.113100001821294, -327396.874799993820488 ], [ -1639177.035999999847263, -327390.32309999410063 ], [ -1639170.591599996900186, -327382.259700003545731 ], [ -1639164.829099998110905, -327375.615100002381951 ], [ -1639159.659300000639632, -327367.404200001154095 ], [ -1639155.108899997547269, -327359.090999995358288 ], [ -1639151.208900002529845, -327352.143700002226979 ], [ -1639145.441799996653572, -327339.082199994940311 ], [ -1639140.018199997954071, -327324.873800000641495 ], [ -1639134.983699997887015, -327308.279899998567998 ], [ -1639130.498799996916205, -327292.535699993837625 ], [ -1639126.598700004164129, -327276.446899997536093 ], [ -1639123.335400000214577, -327260.25149999698624 ], [ -1639121.253599997842684, -327247.566299994010478 ], [ -1639119.886699998984113, -327235.236099992413074 ], [ -1639119.270800000289455, -327223.752199997194111 ], [ -1639119.375099997734651, -327212.947999997064471 ], [ -1639120.203400001628324, -327202.954799997154623 ], [ -1639121.753299999749288, -327193.874399998690933 ], [ -1639122.526599995559081, -327187.286499997600913 ], [ -1639123.47719999961555, -327180.956299998797476 ], [ -1639125.142499997513369, -327179.746399998664856 ], [ -1639126.444099996937439, -327173.954800001345575 ], [ -1639127.918999998597428, -327168.442799997050315 ], [ -1639130.104399999137968, -327168.069700001738966 ], [ -1639131.921599998837337, -327163.131400003097951 ], [ -1639133.907699996372685, -327158.486499997787178 ], [ -1639138.517799998866394, -327155.197700003162026 ], [ -1639143.074099995661527, -327147.403900000732392 ], [ -1639148.11530000041239, -327139.959499999415129 ], [ -1639154.17990000359714, -327137.719099997542799 ], [ -1639160.190900004003197, -327130.973599996883422 ], [ -1639166.726900001289323, -327126.063100002706051 ], [ -1639174.20600000070408, -327123.385699997656047 ], [ -1639181.671599999768659, -327117.68879999872297 ], [ -1639190.120299998903647, -327115.710399998817593 ], [ -1639198.595999998738989, -327112.197799996472895 ], [ -1639207.516199996462092, -327107.549299997277558 ], [ -1639216.921300002140924, -327103.250300004146993 ], [ -1639227.309699997073039, -327102.669799996074289 ], [ -1639236.877999995835125, -327098.448099999688566 ], [ -1639246.931200002552941, -327094.575800004415214 ], [ -1639256.662899997085333, -327090.431499996222556 ], [ -1639267.685899999458343, -327087.258299997076392 ], [ -1639278.387299998197705, -327083.812799997627735 ], [ -1639290.379999998025596, -327081.33859999710694 ], [ -1639302.549499996006489, -327081.961299998220056 ], [ -1639314.705599998356774, -327079.56430000346154 ], [ -1639327.34639999922365, -327077.516899998765439 ], [ -1639342.196000000927597, -327080.407100000418723 ], [ -1639358.06019999878481, -327087.588899998459965 ], [ -1639374.520099997287616, -327098.464999997988343 ], [ -1639390.935099997092038, -327105.74849999928847 ], [ -1639408.253999998560175, -327113.978800001554191 ], [ -1639425.63880000077188, -327121.961199996527284 ], [ -1639443.927399999694899, -327130.890500003937632 ], [ -1639462.81169999926351, -327143.514099999330938 ], [ -1639482.070099993841723, -327153.142299999948591 ], [ -1639501.923000000184402, -327166.464800002519041 ], [ -1639455.961800003191456, -327122.195199998095632 ], [ -1639474.262200003489852, -327134.931100002489984 ], [ -1639492.737100001890212, -327150.882699992973357 ], [ -1639509.907999995863065, -327161.568299998063594 ], [ -1639527.142499997513369, -327172.124699995853007 ], [ -1639530.81349579943344, -327172.699540692381561 ], [ -1639543.381099997786805, -327174.667500002775341 ], [ -1639559.264500000746921, -327176.483700002543628 ], [ -1639574.792499997420236, -327177.57349999807775 ], [ -1639590.384100001072511, -327178.533999995328486 ], [ -1639604.782599998172373, -327177.57349999807775 ], [ -1639619.244699995731935, -327176.483700002543628 ], [ -1639633.3514, -327174.667500002775341 ], [ -1639647.102800002787262, -327172.124699995853007 ], [ -1639660.498899996513501, -327168.855400000233203 ], [ -1639673.539700002176687, -327164.859600002411753 ], [ -1639679.507900001248345, -327161.991899998858571 ], [ -1639685.347999997437, -327158.999300001189113 ], [ -1639691.09940000064671, -327155.825299998279661 ], [ -1639696.761799996951595, -327152.469400000758469 ], [ -1639704.602600002195686, -327146.743999998550862 ], [ -1639712.77119999867864, -327140.822999997995794 ], [ -1639720.8611, -327134.101100000087172 ], [ -1639728.469700000947341, -327125.969299999531358 ], [ -1639736.025999999139458, -327117.01780000096187 ], [ -1639743.523199999239296, -327107.274999997578561 ], [ -1639751.067800001008436, -327096.598299992270768 ], [ -1639758.661200002301484, -327084.998599992133677 ], [ -1639765.452300000935793, -327073.657799996435642 ], [ -1639772.798799995100126, -327062.049099998082966 ], [ -1639779.933699994813651, -327048.877700000535697 ], [ -1639787.416100000962615, -327034.530900004785508 ], [ -1639799.861299997195601, -327008.580599998589605 ], [ -1639824.142200001515448, -326957.033499998040497 ], [ -1639833.991899996297434, -326936.398699996527284 ], [ -1639840.257200001040474, -326923.164999992121011 ], [ -1639846.34789999644272, -326909.673999997321516 ], [ -1639852.723299994599074, -326896.464099998120219 ], [ -1639858.468699999153614, -326882.451499997172505 ], [ -1639864.043299997691065, -326868.174699992407113 ], [ -1639869.448699997505173, -326853.630100003443658 ], [ -1639874.686800000723451, -326838.814399996306747 ], [ -1639880.217099994886667, -326824.264500000979751 ], [ -1639885.172800002153963, -326808.785099994856864 ], [ -1639889.966299995547161, -326793.022399997804314 ], [ -1639894.599700000137091, -326776.971299998927861 ], [ -1639899.53330000070855, -326761.166800000704825 ], [ -1639903.8524999988731, -326744.522499997634441 ], [ -1639908.05759999784641, -326727.513399998191744 ], [ -1639912.072799996705726, -326710.24539999384433 ], [ -1639916.409200000343844, -326693.133199999574572 ], [ -1639920.943100003758445, -326676.588999999221414 ], [ -1639924.881699998164549, -326659.165700002107769 ], [ -1639928.686599996406585, -326641.390599992591888 ], [ -1639932.819999998435378, -326623.787299995310605 ], [ -1639936.418900002492592, -326605.145799999590963 ], [ -1639940.305900000501424, -326586.750599996186793 ], [ -1639947.335200002416968, -326547.959499993361533 ], [ -1639954.311600000597537, -326508.148599999956787 ], [ -1639961.028899998171255, -326465.727999999187887 ], [ -1639967.543099996400997, -326420.154200001619756 ], [ -1639974.184900000924245, -326369.321899999864399 ], [ -1639977.23299999628216, -326339.56229999801144 ], [ -1639979.83619999489747, -326309.759300000499934 ], [ -1639981.9904, -326279.956999995280057 ], [ -1639983.691899999277666, -326250.197000001557171 ], [ -1639984.837800000561401, -326220.754500000737607 ], [ -1639985.526199999731034, -326191.432399998418987 ], [ -1639985.755900001619011, -326162.267399999313056 ], [ -1639985.525699996622279, -326133.293599993921816 ], [ -1639984.835999996867031, -326104.566499999724329 ], [ -1639983.687499994877726, -326076.093299997970462 ], [ -1639982.080600002547726, -326047.903099999763072 ], [ -1639980.016600000206381, -326020.022499994374812 ], [ -1639977.497099995613098, -325992.479299993254244 ], [ -1639974.523699996294454, -325965.294900002889335 ], [ -1639971.0985, -325938.491700004320592 ], [ -1639967.453800002345815, -325912.036299998871982 ], [ -1639963.338100002380088, -325891.795200002845377 ], [ -1639958.862899998668581, -325871.28010000102222 ], [ -1639953.116299998247996, -325850.592100001871586 ], [ -1639946.994600003352389, -325829.556899997405708 ], [ -1639939.584900000365451, -325808.278399999253452 ], [ -1639931.969099998474121, -325786.225599999073893 ], [ -1639923.251099998597056, -325763.734499995131046 ], [ -1639913.84239999903366, -325740.686599997803569 ], [ -1639902.948199998820201, -325716.116200000979006 ], [ -1639890.969999999040738, -325690.6803999976255 ], [ -1639877.8389999975916, -325664.42749999742955 ], [ -1639863.484199996804819, -325636.131299996282905 ], [ -1639848.721099999500439, -325608.748099999502301 ], [ -1639831.999699995387346, -325578.579299998935312 ], [ -1639814.782399999676272, -325546.725399993825704 ], [ -1639768.101900001522154, -325460.398900000844151 ], [ -1639754.137699995422736, -325434.038599999155849 ], [ -1639742.037600000854582, -325410.254200001712888 ], [ -1639728.348799999104813, -325382.93229999858886 ], [ -1639716.113899996737018, -325357.056000002659857 ], [ -1639705.065200001001358, -325332.482599993236363 ], [ -1639695.135300001129508, -325309.301100004464388 ], [ -1639689.349899998633191, -325294.959800004027784 ], [ -1639683.737700000638142, -325281.055400001816452 ], [ -1639678.597600002540275, -325267.184799996204674 ], [ -1639673.637899996247143, -325254.034700001124293 ], [ -1639668.975199997425079, -325241.057000000029802 ], [ -1639664.604899999452755, -325228.239300002809614 ], [ -1639660.521400001598522, -325215.565899994689971 ], [ -1639656.7203, -325203.023799998220056 ], [ -1639653.036899998085573, -325190.769599999301136 ], [ -1639649.785299997776747, -325178.437900001648813 ], [ -1639646.80739999609068, -325166.206099996808916 ], [ -1639644.100999997695908, -325154.065800001379102 ], [ -1639641.663999998010695, -325142.008199993986636 ], [ -1639639.339600001461804, -325130.214399998541921 ], [ -1639637.437600003322586, -325118.304399999789894 ], [ -1639635.80159999942407, -325106.4590999991633 ], [ -1639630.982000000309199, -325067.139999994076788 ], [ -1639626.801099998643622, -325030.131600002292544 ], [ -1639623.483199999202043, -324994.368499994743615 ], [ -1639621.026099999435246, -324959.776499999221414 ], [ -1639619.094700002344325, -324926.438900004606694 ], [ -1639617.846200002590194, -324894.152400000952184 ], [ -1639617.120199996745214, -324863.007199998013675 ], [ -1639616.914399998495355, -324832.939499992877245 ], [ -1639617.388300002086908, -324803.515199997462332 ], [ -1639618.547400003066286, -324774.90000000083819 ], [ -1639620.392700001131743, -324747.060700000263751 ], [ -1639622.859700000844896, -324720.153600002638996 ], [ -1639626.083199995802715, -324693.789199996739626 ], [ -1639629.998799995519221, -324668.138100000564009 ], [ -1639632.216699999058619, -324655.575199997983873 ], [ -1639634.608399994671345, -324643.185499992687255 ], [ -1639637.108300002291799, -324631.148800002876669 ], [ -1639639.848499997286126, -324619.10140000237152 ], [ -1639642.328800001414493, -324609.34479999775067 ], [ -1639645.113799996906891, -324599.641099996864796 ], [ -1639648.340999997220933, -324589.606800001580268 ], [ -1639651.953400001628324, -324579.396199997980148 ], [ -1639655.890400002012029, -324569.173400000669062 ], [ -1639659.551999997813255, -324558.208699999842793 ], [ -1639664.397799993865192, -324547.257099993526936 ], [ -1639668.956200001761317, -324535.619800000451505 ], [ -1639677.781799999298528, -324516.201799992937595 ], [ -1639688.316900001140311, -324496.429900002200156 ], [ -1639699.206299998331815, -324476.923099997453392 ], [ -1639726.6885, -324431.847499998752028 ], [ -1639739.720799997216091, -324408.14139999775216 ], [ -1639745.979900000616908, -324396.163700001314282 ], [ -1639752.350399997783825, -324385.21509999409318 ], [ -1639757.428199995774776, -324374.471699998248369 ], [ -1639761.647999997250736, -324363.148199999239296 ], [ -1639766.173900002380833, -324352.18320000404492 ], [ -1639770.94589999737218, -324341.843899996485561 ], [ -1639774.113799996906891, -324330.457299993373454 ], [ -1639777.18109999736771, -324320.274700003676116 ], [ -1639779.425099999643862, -324309.269299991894513 ], [ -1639781.970699996454641, -324298.726799999829382 ], [ -1639783.686999996658415, -324288.990099993068725 ], [ -1639784.593699994729832, -324278.371099994517863 ], [ -1639785.976700001629069, -324267.744099997915328 ], [ -1639786.423499999800697, -324256.57629999704659 ], [ -1639786.686099989339709, -324245.181299997493625 ], [ -1639786.76439999951981, -324233.560900002252311 ], [ -1639787.120000001974404, -324209.962499996647239 ], [ -1639785.984699999680743, -324185.175400002393872 ], [ -1639784.862700002035126, -324159.837100000586361 ], [ -1639781.881299997679889, -324132.364499998278916 ], [ -1639777.902199995471165, -324104.908499999903142 ], [ -1639772.943999998969957, -324075.837999996729195 ], [ -1639770.26379999727942, -324064.606099998578429 ], [ -1639767.890799996908754, -324053.52989999903366 ], [ -1639764.199499994749203, -324041.272400000598282 ], [ -1639761.305900001898408, -324030.291500000283122 ], [ -1639756.967799999052659, -324017.977799998130649 ], [ -1639752.672499997541308, -324006.616500003729016 ], [ -1639749.06209999974817, -323994.702499999199063 ], [ -1639743.741300002206117, -323982.253199999220669 ], [ -1639738.461500002536923, -323970.747099992353469 ], [ -1639733.461000001290813, -323958.791200002189726 ], [ -1639728.749799996614456, -323946.924699996598065 ], [ -1639723.296400000806898, -323935.093499997630715 ], [ -1639717.494799999287352, -323923.158599996007979 ], [ -1639711.336000001057982, -323911.101000001654029 ], [ -1639705.209600001107901, -323898.774599996395409 ], [ -1639698.308299997355789, -323886.414700001943856 ], [ -1639685.776799999643117, -323863.979800001718104 ], [ -1639671.902099997038022, -323842.35220000334084 ], [ -1639657.21530000353232, -323820.374099992215633 ], [ -1639640.525599998421967, -323797.213700003456324 ], [ -1639625.14330000244081, -323776.08449999243021 ], [ -1639607.302299998700619, -323752.833999998867512 ], [ -1639543.080799996852875, -323669.885900001972914 ], [ -1639517.511330581502989, -323637.351954389829189 ], [ -1639516.910599997732788, -323636.587599998805672 ], [ -1639503.319800001103431, -323618.726399996783584 ], [ -1639490.818599997088313, -323601.946999999228865 ], [ -1639479.186000002315268, -323585.929299991577864 ], [ -1639468.312399998772889, -323570.508500000927597 ], [ -1639455.347899997141212, -323552.464900000952184 ], [ -1639444.02699999907054, -323534.695200002286583 ], [ -1639433.886000001104549, -323517.091599997598678 ], [ -1639425.278700002701953, -323499.445300003979355 ], [ -1639417.095800001872703, -323482.317600002512336 ], [ -1639409.991099998122081, -323465.157899995334446 ], [ -1639403.278700001304969, -323448.444099997635931 ], [ -1639397.277999999234453, -323431.88090000115335 ], [ -1639388.164000000339001, -323407.221799998544157 ], [ -1639377.545699994312599, -323378.590099995024502 ], [ -1639341.169599996414036, -323284.957899996079504 ], [ -1639328.811199998250231, -323252.163299993611872 ], [ -1639318.497299996903166, -323224.799600002821535 ], [ -1639309.12809999845922, -323200.065300000365824 ], [ -1639302.932099999161437, -323183.557500003837049 ], [ -1639297.191599995596334, -323167.749999999068677 ], [ -1639291.874699999345466, -323152.545800001360476 ], [ -1639286.962199998786673, -323137.882799999788404 ], [ -1639282.43419999605976, -323123.692599997390062 ], [ -1639278.286, -323109.956000002101064 ], [ -1639274.252000001259148, -323096.932100001722574 ], [ -1639270.841400003060699, -323084.016700000502169 ], [ -1639267.995000002207235, -323069.94779999833554 ], [ -1639265.501799999037758, -323056.424199995584786 ], [ -1639263.656800001626834, -323043.143399997148663 ], [ -1639262.604800001485273, -323030.311999997124076 ], [ -1639261.493999997153878, -323018.087600002530962 ], [ -1639260.841899997089058, -323006.271799998823553 ], [ -1639260.647999998182058, -322994.85459999460727 ], [ -1639261.097699997713789, -322983.621799995191395 ], [ -1639261.821599999209866, -322972.967500003986061 ], [ -1639263.005499998573214, -322962.691300000064075 ], [ -1639264.317800001706928, -322952.772100003436208 ], [ -1639266.423899999354035, -322943.236799997277558 ], [ -1639268.474799999734387, -322934.255599999800324 ], [ -1639271.692499998956919, -322925.238299998920411 ], [ -1639274.67170000099577, -322916.975199999753386 ], [ -1639278.302100001135841, -322908.860700002871454 ], [ -1639281.048799998126924, -322903.916600001044571 ], [ -1639283.735999998170882, -322899.029100001789629 ], [ -1639287.215399998473004, -322894.020900002680719 ], [ -1639290.453499998431653, -322889.269900002982467 ], [ -1639293.784599997801706, -322884.789500004611909 ], [ -1639297.582899996079504, -322880.163199996575713 ], [ -1639301.665700001409277, -322875.593700000084937 ], [ -1639306.369500002358109, -322871.09279999602586 ], [ -1639311.025699999183416, -322866.632000001147389 ], [ -1639315.979200004134327, -322862.215000000782311 ], [ -1639321.050400002161041, -322858.043099997099489 ], [ -1639326.100000003585592, -322853.888399992138147 ], [ -1639331.984099996741861, -322849.571299998555332 ], [ -1639338.197399999480695, -322845.273500001057982 ], [ -1639351.22169999871403, -322837.198000001721084 ], [ -1639363.395900001749396, -322830.585199997294694 ], [ -1639375.940499994205311, -322824.281299999915063 ], [ -1639390.407800000160933, -322817.414799992460757 ], [ -1639405.684999994933605, -322810.63329999987036 ], [ -1639419.830999997910112, -322804.783100001513958 ], [ -1639436.270900001050904, -322797.522199996281415 ], [ -1639495.205400001723319, -322772.485699998214841 ], [ -1639517.936599996872246, -322762.584300002083182 ], [ -1639540.35280000208877, -322752.90140000032261 ], [ -1639560.464399996679276, -322743.811400003265589 ], [ -1639570.98239999753423, -322738.412000001873821 ], [ -1639581.359200000530109, -322732.975099998526275 ], [ -1639590.995900002773851, -322728.169799997005612 ], [ -1639599.914999996079132, -322722.891399995423853 ], [ -1639608.836999997729436, -322717.496300000697374 ], [ -1639617.115299995755777, -322712.677000002004206 ], [ -1639624.752499998314306, -322707.337999992538244 ], [ -1639632.441299997270107, -322701.850699995178729 ], [ -1639732.179999998770654, -322637.777500001713634 ], [ -1639763.14989999961108, -322619.683100002352148 ], [ -1639790.663100000936538, -322603.971500005107373 ], [ -1639818.375999997369945, -322586.281500001437962 ], [ -1639843.923500002129003, -322569.503100003115833 ], [ -1639867.668600001139566, -322553.335000004153699 ], [ -1639888.530499996617436, -322535.380699998233467 ], [ -1639898.794100002152845, -322525.857299991417676 ], [ -1639908.64879999589175, -322516.413599999621511 ], [ -1639918.295799996703863, -322506.570900002960116 ], [ -1639927.36819999688305, -322497.251499997451901 ], [ -1639936.064600000390783, -322487.978099995292723 ], [ -1639944.578899999614805, -322478.278699994087219 ], [ -1639952.5406, -322469.078299995977432 ], [ -1639960.143099997425452, -322459.904700002167374 ], [ -1639967.585899997502565, -322450.277599999215454 ], [ -1639974.488999997964129, -322441.132900001015514 ], [ -1639981.044200000353158, -322431.999500001315027 ], [ -1639987.442899994086474, -322422.407599999569356 ], [ -1639993.310999997425824, -322413.284899996593595 ], [ -1639998.838699997635558, -322404.162300005089492 ], [ -1640004.216499995673075, -322394.570599992293864 ], [ -1640009.06910000112839, -322385.439199991989881 ], [ -1640012.451699998928234, -322378.406300003174692 ], [ -1640015.389099999563769, -322371.609299996867776 ], [ -1640018.25929999910295, -322364.112699998077005 ], [ -1640020.687, -322356.845100001897663 ], [ -1640022.861899999668822, -322349.336899997666478 ], [ -1640024.973999995971099, -322341.11650000186637 ], [ -1640026.647799995262176, -322333.111099998466671 ], [ -1640028.261399999028072, -322324.382100000977516 ], [ -1640029.437699998728931, -322315.867899999488145 ], [ -1640030.440299997804686, -322308.869199992157519 ], [ -1640031.315299997106194, -322299.337299997452646 ], [ -1640031.830199998104945, -322291.767100000288337 ], [ -1640032.10259999637492, -322283.897000000812113 ], [ -1640032.321600001305342, -322275.24269999936223 ], [ -1640032.039100000634789, -322264.932799996808171 ], [ -1640031.586499999510124, -322256.052900004200637 ], [ -1640030.414999996079132, -322239.508699996862561 ], [ -1640028.673999995458871, -322223.601999998092651 ], [ -1640026.3924, -322204.093999997712672 ], [ -1640023.481000000378117, -322184.622299996204674 ], [ -1640020.502599995350465, -322165.994500003289431 ], [ -1640016.948700001696125, -322146.711899998132139 ], [ -1640004.239799998002127, -322080.15790000371635 ], [ -1639999.817899996414781, -322056.347700001206249 ], [ -1639995.88469999935478, -322033.250899998936802 ], [ -1639992.871700000949204, -322013.130699997767806 ], [ -1639990.322299994062632, -321990.488499996252358 ], [ -1639989.443999995011836, -321980.840699998661876 ], [ -1639988.79999999771826, -321971.642599993385375 ], [ -1639988.38740000128746, -321962.843699996359646 ], [ -1639988.134100003633648, -321952.639699999243021 ], [ -1639988.182599995983765, -321944.57860000198707 ], [ -1639988.461300000315532, -321936.854300001170486 ], [ -1639989.026199996937066, -321928.564299999270588 ], [ -1639989.798400001833215, -321918.854900000616908 ], [ -1639990.922399999108166, -321911.283399995882064 ], [ -1639992.256599999265745, -321902.263800001703203 ], [ -1639993.946100001456216, -321895.356199991889298 ], [ -1639995.920999998692423, -321888.766699996776879 ], [ -1639998.111499996157363, -321880.699899994768202 ], [ -1640000.662599995033816, -321874.722399997059256 ], [ -1640003.436500002164394, -321867.246299996972084 ], [ -1640006.034799999790266, -321865.014599999412894 ], [ -1640009.398400001926348, -321858.116399992723018 ], [ -1640012.590499998768792, -321856.453400001861155 ], [ -1640016.552400002256036, -321850.115499998442829 ], [ -1640020.8881, -321845.839500000234693 ], [ -1640024.915499998955056, -321843.21539999730885 ], [ -1640029.790199997136369, -321837.694599997717887 ], [ -1640034.299300002167001, -321835.650700002443045 ], [ -1640039.636999997543171, -321830.532299991697073 ], [ -1640044.723100001225248, -321828.670000004582107 ], [ -1640050.642400002572685, -321823.72890000231564 ], [ -1640056.855799996526912, -321818.873599998187274 ], [ -1640062.8261, -321817.267399998381734 ], [ -1640069.638599999248981, -321812.575199996121228 ], [ -1640076.756799996597692, -321807.960199999623001 ], [ -1640083.635200003394857, -321806.591300001367927 ], [ -1640091.369900000747293, -321802.126699996646494 ], [ -1640098.885099996812642, -321800.895299997646362 ], [ -1640107.271099997218698, -321796.560100003145635 ], [ -1640124.523799997288734, -321791.226599995512515 ], [ -1640145.017700001364574, -321776.804999999236315 ], [ -1640163.416299995966256, -321766.864400002174079 ], [ -1640183.847800001734868, -321755.584699997678399 ], [ -1640194.771693055983633, -321751.896213842090219 ], [ -1640205.315099995117635, -321748.336200001649559 ], [ -1640228.639999998034909, -321740.927900003734976 ], [ -1640249.373099998338148, -321734.665700003504753 ], [ -1640273.588399995584041, -321725.015899999067187 ], [ -1640368.777099999599159, -321699.141899996902794 ], [ -1640389.544399994658306, -321692.963500001933426 ], [ -1640407.31349999899976, -321689.498000000137836 ], [ -1640418.164400001522154, -321686.27389999711886 ], [ -1640429.537599995266646, -321683.379500000271946 ], [ -1640441.45329999900423, -321680.809600001666695 ], [ -1640453.300099995685741, -321680.829700001981109 ], [ -1640466.3727999960538, -321678.893299999181181 ], [ -1640480.088799994438887, -321677.262699999380857 ], [ -1640494.499799998709932, -321675.931799999438226 ], [ -1640508.229490347206593, -321674.992754212580621 ], [ -1640509.683600002434105, -321674.893299999646842 ], [ -1640523.91950000077486, -321674.209699996281415 ], [ -1640538.954899998614565, -321673.74680000403896 ], [ -1640554.930199996568263, -321673.499899996444583 ], [ -1640572.117499999003485, -321673.464699994772673 ], [ -1640608.429000003496185, -321664.565400001127273 ], [ -1640676.974399994825944, -321646.7104999916628 ], [ -1640701.333499997621402, -321643.468999993987381 ], [ -1640726.271500000962988, -321639.911299997009337 ], [ -1640748.303999998373911, -321638.110499999020249 ], [ -1640761.027199999429286, -321636.216799999587238 ], [ -1640772.837599999038503, -321633.399600001983345 ], [ -1640784.470800002105534, -321631.885199998971075 ], [ -1640795.768900001421571, -321630.926300003193319 ], [ -1640806.578499998897314, -321629.773599999025464 ], [ -1640816.918499999213964, -321628.424599998164922 ], [ -1640826.794199994998053, -321628.334199999924749 ], [ -1640836.275899998610839, -321626.581299999728799 ], [ -1640847.732199998572469, -321624.059099996462464 ], [ -1640858.576499994378537, -321621.196800003759563 ], [ -1640868.834299996960908, -321617.987599999643862 ], [ -1640878.500600000843406, -321615.88439999660477 ], [ -1640887.643699998036027, -321611.961799998302013 ], [ -1640896.249000003794208, -321607.674299999140203 ], [ -1640904.327900000847876, -321603.016100002918392 ], [ -1640911.865300001343712, -321599.440800001844764 ], [ -1640918.928399999625981, -321594.016499997116625 ], [ -1640925.462799995904788, -321589.663699998520315 ], [ -1640931.522499998100102, -321583.459600002970546 ], [ -1640937.063600000692531, -321578.317299996037036 ], [ -1640942.139099998399615, -321571.313599996268749 ], [ -1640946.703099999809638, -321565.362300002481788 ], [ -1640950.806900000432506, -321557.541499999351799 ], [ -1640954.404399999184534, -321550.764400004409254 ], [ -1640957.871999998344108, -321541.559600001201034 ], [ -1640961.17039999878034, -321533.092399996239692 ], [ -1640964.29530000127852, -321523.98870000243187 ], [ -1640967.212000000290573, -321514.36499999742955 ], [ -1640969.893299999879673, -321504.315599993802607 ], [ -1640972.31100000301376, -321492.597500001080334 ], [ -1640974.375699997646734, -321482.32570000179112 ], [ -1640976.070199998561293, -321472.273500001523644 ], [ -1640977.275700001278892, -321461.653099997900426 ], [ -1640977.690899998648092, -321451.056299997027963 ], [ -1640977.316099997609854, -321440.479400000534952 ], [ -1640976.151200000662357, -321429.917800001334399 ], [ -1640974.195799995679408, -321419.367799994070083 ], [ -1640970.63179999939166, -321409.187400000169873 ], [ -1640966.251000000163913, -321400.465899997390807 ], [ -1640961.075700000626966, -321391.737799994647503 ], [ -1640955.133799995994195, -321381.550800000783056 ], [ -1640948.393199996324256, -321371.342199996579438 ], [ -1640940.849800003925338, -321361.103500001132488 ], [ -1640932.497599999886006, -321350.824400002602488 ], [ -1640923.332100002560765, -321340.496399999596179 ], [ -1640913.342, -321330.102800003252923 ], [ -1640902.515900002559647, -321319.628700001165271 ], [ -1640890.83839999535121, -321309.054699999280274 ], [ -1640880.881299998844042, -321298.356800002977252 ], [ -1640869.430200000293553, -321289.375999996904284 ], [ -1640857.307900001294911, -321280.270300003699958 ], [ -1640844.488400000613183, -321271.014300003182143 ], [ -1640830.956099994014949, -321261.592700004577637 ], [ -1640816.652400000253692, -321251.952700002118945 ], [ -1640801.522100001573563, -321242.047499995678663 ], [ -1640785.478099999250844, -321231.80499999737367 ], [ -1640757.221199996769428, -321214.573100003413856 ], [ -1640722.769799998030066, -321204.723499999381602 ], [ -1640689.601199998753145, -321194.583099996205419 ], [ -1640579.69340000115335, -321215.130899996962398 ], [ -1640542.726900002220646, -321200.854799997992814 ], [ -1640526.050999998115003, -321192.87150000128895 ], [ -1640510.612099999794737, -321185.558300000149757 ], [ -1640496.188600001623854, -321178.747800000477582 ], [ -1640482.661699999356642, -321172.347000002861023 ], [ -1640467.485800002701581, -321164.686299995519221 ], [ -1640451.980199999874458, -321157.249299997929484 ], [ -1640436.1395, -321150.03129999851808 ], [ -1640419.956999998539686, -321143.02809999557212 ], [ -1640403.427099995547906, -321136.235299997963011 ], [ -1640386.54079999960959, -321129.647100002970546 ], [ -1640369.290000001201406, -321123.258299995679408 ], [ -1640353.70599999697879, -321114.249599994160235 ], [ -1640335.71260000183247, -321108.250500000081956 ], [ -1640319.364100004080683, -321099.61819999339059 ], [ -1640302.605599996866658, -321091.158900002017617 ], [ -1640285.421099997591227, -321082.864500002935529 ], [ -1640267.796999994665384, -321074.728199992794544 ], [ -1640249.708500002743676, -321066.738499998580664 ], [ -1640231.132199994521216, -321058.885100001934916 ], [ -1640203.957099996274337, -321078.175600000657141 ], [ -1640177.857500002952293, -321098.194999999832362 ], [ -1640151.262800001073629, -321118.295399994123727 ], [ -1640124.945500003173947, -321135.761599997058511 ], [ -1640105.325100002111867, -321128.960999996867031 ], [ -1640085.096099994610995, -321122.200199992395937 ], [ -1640064.165900000138208, -321115.447699999902397 ], [ -1640042.449600002029911, -321108.676100000273436 ], [ -1640019.821999998530373, -321101.846400002017617 ], [ -1639977.451799998292699, -321089.581800000276417 ], [ -1639930.116500001400709, -321076.508100000210106 ], [ -1639882.141800000797957, -321063.711500003468245 ], [ -1639753.274000000907108, -321029.905500000342727 ], [ -1639699.944300001254305, -321055.501200003549457 ], [ -1639658.074499995447695, -321063.914699994027615 ], [ -1639619.029800001299009, -321052.626400003675371 ], [ -1639582.807199999457225, -321041.631499999668449 ], [ -1639548.70809999643825, -321030.717899998649955 ], [ -1639516.381600001826882, -321019.772199993021786 ], [ -1639497.011300003388897, -321012.894000002648681 ], [ -1639478.178299999563023, -321005.951600003521889 ], [ -1639459.842500001890585, -320998.930299999658018 ], [ -1639441.972700000507757, -320991.818000003229827 ], [ -1639424.535499998135492, -320984.601299997419119 ], [ -1639407.514100000727922, -320977.27320000436157 ], [ -1639390.870399998966604, -320970.73999999742955 ], [ -1639374.587200000416487, -320964.994399996474385 ], [ -1639358.644399998709559, -320959.102299998514354 ], [ -1639343.052700003609061, -320953.068700002040714 ], [ -1639327.800399998435751, -320946.887200003024191 ], [ -1639312.877100000623614, -320940.552599999587983 ], [ -1639298.272099999245256, -320934.05890000006184 ], [ -1639283.978699997067451, -320927.402300001587719 ], [ -1639271.719599997624755, -320909.639300000853837 ], [ -1639260.369699999224395, -320885.257599995005876 ], [ -1639233.117199999280274, -320871.298499999102205 ], [ -1639203.687800000188872, -320860.13260000012815 ], [ -1639177.14743115613237, -320851.356999963987619 ], [ -1639109.540199996670708, -320829.002599996514618 ], [ -1639077.68459999980405, -320808.967999991495162 ], [ -1639048.876699999440461, -320790.489199998788536 ], [ -1639022.935699998633936, -320773.419999994337559 ], [ -1639006.395599995274097, -320762.263400000520051 ], [ -1638990.652299999259412, -320751.406700002029538 ], [ -1638975.599599997978657, -320740.776699999347329 ], [ -1638961.169800000498071, -320730.325500001199543 ], [ -1638947.289199997205287, -320719.999099999200553 ], [ -1638933.936700001591817, -320709.781299994327128 ], [ -1638921.078200003132224, -320699.64590000314638 ], [ -1638908.688299995381385, -320689.573000001721084 ], [ -1638895.179199999896809, -320678.204700001981109 ], [ -1638882.218999997712672, -320666.872499992139637 ], [ -1638869.7864, -320655.557599999476224 ], [ -1638857.8646, -320644.244699999690056 ], [ -1638846.436200002208352, -320632.917200001422316 ], [ -1638835.492499996442348, -320621.566100000869483 ], [ -1638825.023099999409169, -320610.18069999339059 ], [ -1638820.714400002267212, -320584.308699997607619 ], [ -1638815.429400000954047, -320561.982000002637506 ], [ -1638812.021399996709079, -320535.984799998346716 ], [ -1638806.558400001609698, -320517.61230000294745 ], [ -1638800.100499998312443, -320504.607399997767061 ], [ -1638794.080699995858595, -320491.522799991536885 ], [ -1638785.324299999047071, -320467.259700000751764 ], [ -1638773.71609999705106, -320440.675199999473989 ], [ -1638763.497999998508021, -320434.794900002889335 ], [ -1638751.708300000289455, -320424.969900001771748 ], [ -1638738.394299999345094, -320417.993699999060482 ], [ -1638727.296900001820177, -320407.705899996683002 ], [ -1638716.545599998440593, -320397.186500004027039 ], [ -1638704.269699998898432, -320389.516099999658763 ], [ -1638694.210599998245016, -320378.533800001256168 ], [ -1638684.497599998721853, -320367.320100001990795 ], [ -1638678.871800002409145, -320349.714399999938905 ], [ -1638673.592099993722513, -320331.877300004474819 ], [ -1638668.658599997870624, -320313.808699996210635 ], [ -1638664.071099998429418, -320295.508700001519173 ], [ -1638659.829700000351295, -320276.977200001012534 ], [ -1638655.934399996884167, -320258.214299992658198 ], [ -1638652.385299999266863, -320239.219899999909103 ], [ -1638649.182199998293072, -320219.99400000134483 ], [ -1638646.325299996417016, -320200.536799999885261 ], [ -1638512.815199998673052, -320136.219899993855506 ], [ -1638376.244799999054521, -319604.906099999789149 ], [ -1637830.352500001201406, -318048.811299999244511 ], [ -1637817.064498674590141, -317999.662564924918115 ], [ -1637732.081002881051973, -317685.33152166614309 ], [ -1637614.812299996148795, -317251.586199992336333 ], [ -1637648.75333648500964, -317027.548749887850136 ], [ -1637716.11510000214912, -316582.908300001639873 ], [ -1636962.771200000308454, -315554.326899999286979 ], [ -1635805.659999996190891, -314888.169199992436916 ], [ -1635486.181899998569861, -314526.469300000462681 ], [ -1635474.015499997884035, -314561.280200002714992 ], [ -1634484.195300002582371, -313516.405699995346367 ], [ -1633753.20839999592863, -312986.377900002989918 ], [ -1633146.087399996817112, -312518.60799999255687 ], [ -1632537.066773746162653, -312456.08453709539026 ], [ -1632406.713799997465685, -312442.702200001571327 ], [ -1632382.02442811569199, -312400.09703004732728 ], [ -1632129.901699998183176, -311965.021899996791035 ], [ -1632869.626999998698011, -311801.379700003191829 ], [ -1632448.0787, -311281.4455999978818 ], [ -1632284.890000002225861, -311061.995399993378669 ], [ -1632165.749400001484901, -310801.500799992121756 ], [ -1631545.418699998641387, -310571.301199999637902 ], [ -1631394.94790000282228, -310075.181000002659857 ], [ -1630299.041699999477714, -309833.001700000371784 ], [ -1629857.337200001114979, -309625.130500001367182 ], [ -1629295.374299998860806, -309495.354699996300042 ], [ -1628955.929399998160079, -308943.894700000062585 ], [ -1629115.931200000690296, -308372.056699996814132 ], [ -1628461.820500002242625, -308083.512400003150105 ], [ -1627646.903499996522442, -307088.678100001532584 ], [ -1627263.864770720945671, -306608.519124945625663 ], [ -1626616.907139592338353, -305797.524075822439045 ], [ -1626595.045999997993931, -305770.119999997783452 ], [ -1626413.639099915977567, -305717.673044102732092 ], [ -1625822.333999999798834, -305546.71950000198558 ], [ -1626208.909285062458366, -306098.66104229958728 ], [ -1626248.807699998375028, -306155.62689999723807 ], [ -1626268.873640703968704, -306244.471321313176304 ], [ -1626301.95030000153929, -306390.922299997415394 ], [ -1626692.292825275100768, -306850.301209987606853 ], [ -1626902.042177872965112, -307097.147051093168557 ], [ -1627369.132200000807643, -307646.847100003156811 ], [ -1627546.481907222187147, -307854.780719115398824 ], [ -1627840.827300003264099, -308199.885899999644607 ], [ -1628162.246200001332909, -308845.422899999655783 ], [ -1627470.331109320512041, -308237.259464646689594 ], [ -1627328.379963227082044, -308112.490547442808747 ], [ -1627060.736746951239184, -307877.243737460579723 ], [ -1627021.174633933231235, -307842.470351411961019 ], [ -1626533.835713875014335, -307414.120520922355354 ], [ -1626380.048599996604025, -307278.948300003539771 ], [ -1625290.657050240552053, -305898.215116669423878 ], [ -1624565.316199996275827, -304978.892599993385375 ], [ -1625354.007613982306793, -306195.73941935878247 ], [ -1625783.352599998936057, -306858.162100000306964 ], [ -1626301.218599997926503, -307568.152399994898587 ], [ -1625703.6206, -306974.365099998190999 ], [ -1625461.381668861024082, -306700.018922496587038 ], [ -1623563.151599999750033, -304550.190399999264628 ], [ -1623190.58150000218302, -304560.278899998404086 ], [ -1623351.112699999008328, -304764.920000002719462 ], [ -1624186.710900001227856, -305684.043599993921816 ] ] ] } },
{ "type": "Feature", "properties": { "ID": 753, "YEAR": "2013-2014", "Perimtr_KM": 10.9666630842, "AREA_KM": 5.2007277868699999, "SCALE": 1, "THICKNES_M": 346.35146901500002, "VOLUME_KM": 1.8012797089299999, "MASS_GT": 1.6517734930900001, "RECURRANCE": "3-4", "UA_KM": 0.05483331542, "UH_M": 28.747171786500001, "UC_KM": 0.13782350017, "REGION": "East", "ICESHELF": "Totten" }, "geometry": { "type": "Polygon", "coordinates": [ [ [ 2299597.995800007134676, -1141714.39239999698475 ], [ 2297920.893899995833635, -1144077.813299991190434 ], [ 2296703.808099997229874, -1144712.814599995035678 ], [ 2295509.639499998651445, -1143876.364199999487028 ], [ 2297863.232200003229082, -1141773.432600000407547 ], [ 2298521.095900002866983, -1142309.452600000193343 ], [ 2298876.615399999544024, -1142068.393400001106784 ], [ 2299597.995800007134676, -1141714.39239999698475 ] ] ] } },
{ "type": "Feature", "properties": { "ID": 871, "YEAR": "2013-2014", "Perimtr_KM": 7.26272600277, "AREA_KM": 2.3121738592000001, "SCALE": 1, "THICKNES_M": 108.171255112, "VOLUME_KM": 0.25011074839000003, "MASS_GT": 0.22935155627000001, "RECURRANCE": ">8", "UA_KM": 0.03631363001, "UH_M": 8.9782141300199996, "UC_KM": 0.01913702719, "REGION": "East", "ICESHELF": "SmithInlet" }, "geometry": { "type": "Polygon", "coordinates": [ [ [ 440587.669200001750141, -2036630.008900000946596 ], [ 440654.444000004790723, -2036671.257200001273304 ], [ 440669.943600002210587, -2036681.1255 ], [ 440683.24309999588877, -2036689.87759999721311 ], [ 440696.589400004129857, -2036699.117000000318512 ], [ 440708.139300004579127, -2036707.614100000821054 ], [ 440718.078600001055747, -2036715.528799998108298 ], [ 440726.520200003869832, -2036722.951400000136346 ], [ 440731.166299998294562, -2036727.445700004231185 ], [ 440735.21349999634549, -2036731.775699997320771 ], [ 440738.755900003015995, -2036735.968199997674674 ], [ 440741.717800001613796, -2036740.016799994278699 ], [ 440744.189600004348904, -2036743.946600000374019 ], [ 440746.132500008679926, -2036747.755099999019876 ], [ 440747.549500007648021, -2036751.448300002841279 ], [ 440748.442799997050315, -2036755.031599995214492 ], [ 440748.813600005581975, -2036758.515299995429814 ], [ 440748.660299998708069, -2036761.897200000938028 ], [ 440747.982800005935133, -2036765.181199999526143 ], [ 440746.78049999801442, -2036768.370499999495223 ], [ 440745.051900006830692, -2036771.468199991621077 ], [ 440742.795700004789978, -2036774.47679999936372 ], [ 440740.05179999768734, -2036777.406399997649714 ], [ 440736.734700008761138, -2036780.243700002552941 ], [ 440732.156500001437962, -2036783.597999999299645 ], [ 440726.898299997672439, -2036787.090999998152256 ], [ 440720.985899996943772, -2036790.670699996873736 ], [ 440714.460899997502565, -2036794.279299997957423 ], [ 440707.497800003737211, -2036797.881500001996756 ], [ 440700.161300000268966, -2036801.415000001434237 ], [ 440692.560299999080598, -2036804.827799995429814 ], [ 440684.760099999606609, -2036808.064399992115796 ], [ 440677.054500007536262, -2036811.05759999784641 ], [ 440669.347099997568876, -2036813.801799998618662 ], [ 440664.97850000532344, -2036816.260899998014793 ], [ 440662.412300005089492, -2036818.418699996778741 ], [ 440658.510200005490333, -2036820.266999994171783 ], [ 440654.916499996557832, -2036821.789999996544793 ], [ 440650.872400002088398, -2036822.980999992229044 ], [ 440647.215199996717274, -2036823.830400002654642 ], [ 440643.586400004569441, -2036824.148000000510365 ], [ 440640.706300005316734, -2036824.253299997653812 ], [ 440636.163500001654029, -2036824.156299998983741 ], [ 440632.367300007957965, -2036823.847000000532717 ], [ 440621.385599996894598, -2036822.614699999801815 ], [ 440609.357100007589906, -2036820.547699998132885 ], [ 440595.470500005874783, -2036817.648199997842312 ], [ 440580.50539999967441, -2036813.905200001085177 ], [ 440571.671500010415912, -2036809.278500001179054 ], [ 440562.508000005502254, -2036803.778500000946224 ], [ 440553.301199996378273, -2036797.610399997327477 ], [ 440543.689900007564574, -2036790.564800005173311 ], [ 440533.599400001578033, -2036782.587199999485165 ], [ 440522.880499996244907, -2036773.560200001113117 ], [ 440512.942400002386421, -2036764.7727 ], [ 440501.989900001324713, -2036754.727400000207126 ], [ 440464.796599994879216, -2036720.688599997898564 ], [ 440449.441999998874962, -2036708.902399995597079 ], [ 440435.33190000988543, -2036697.656599991954863 ], [ 440422.993199999909848, -2036688.795400001108646 ], [ 440415.215100007131696, -2036684.116300000809133 ], [ 440407.884099999442697, -2036680.20430000172928 ], [ 440400.945900008548051, -2036677.024099997710437 ], [ 440395.665200007148087, -2036674.527 ], [ 440389.405099996831268, -2036672.754600001033396 ], [ 440383.453600000124425, -2036671.674999999115244 ], [ 440379.093000005930662, -2036671.255399997346103 ], [ 440373.71030000038445, -2036671.552200002362952 ], [ 440371.000000007450581, -2036672.092200002633035 ], [ 440368.343299997039139, -2036672.863400001078844 ], [ 440364.440800006035715, -2036673.894799997564405 ], [ 440361.892699999734759, -2036675.128399998648092 ], [ 440359.399400005117059, -2036676.59279999230057 ], [ 440356.961399998981506, -2036678.287900001276284 ], [ 440353.279200006276369, -2036680.2423 ], [ 440350.953300000168383, -2036682.397600002586842 ], [ 440345.171499998308718, -2036687.425799996824935 ], [ 440340.920400002971292, -2036693.339099999517202 ], [ 440335.604000003542751, -2036700.189599996898323 ], [ 440331.826600002124906, -2036707.912300003925338 ], [ 440326.986300001852214, -2036716.573199991602451 ], [ 440323.694700003601611, -2036726.089599993545562 ], [ 440320.656599999405444, -2036736.477200004737824 ], [ 440316.577000002842396, -2036747.748100000666454 ], [ 440314.059700000099838, -2036759.829099994851276 ], [ 440311.810900008305907, -2036772.721299991942942 ], [ 440309.835399996489286, -2036786.396900000516325 ], [ 440306.838200005237013, -2036800.850200003013015 ], [ 440307.119499996304512, -2036816.343500001123175 ], [ 440322.694900007918477, -2036831.018499993253499 ], [ 440321.855999998748302, -2036848.306400001747534 ], [ 440321.342000006232411, -2036866.181299992837012 ], [ 440321.155200010165572, -2036884.575299994088709 ], [ 440321.297400001436472, -2036903.369900000980124 ], [ 440321.767800008878112, -2036922.453799997456372 ], [ 440322.563100006431341, -2036941.696999999694526 ], [ 440323.688100003637373, -2036961.119900001212955 ], [ 440325.128600007854402, -2036980.405599996913224 ], [ 440328.389800007455051, -2036999.492899998091161 ], [ 440330.420800003223121, -2037018.002699997276068 ], [ 440332.720700001809746, -2037035.86949999933131 ], [ 440335.267000004649162, -2037052.916600003838539 ], [ 440339.552800004836172, -2037069.083299997961149 ], [ 440342.516899998765439, -2037084.013600001111627 ], [ 440347.956700010225177, -2037100.595700001809746 ], [ 440352.742199998814613, -2037117.296699998201802 ], [ 440359.916800009086728, -2037134.350900005782023 ], [ 440366.457900003064424, -2037151.590200003469363 ], [ 440375.408300010487437, -2037169.2443 ], [ 440385.281499996781349, -2037187.286100002937019 ], [ 440396.108900007791817, -2037205.783300003735349 ], [ 440409.458699997980148, -2037224.939700000919402 ], [ 440421.059800003655255, -2037242.483100002631545 ], [ 440433.593300007283688, -2037260.708800000138581 ], [ 440439.317000010982156, -2037277.06010000128299 ], [ 440453.197600000537932, -2037297.331899996614084 ], [ 440478.608699996955693, -2037332.177399999462068 ], [ 440527.995300006587058, -2037402.15779999922961 ], [ 440548.364300009328872, -2037431.551700002979487 ], [ 440556.868000003043562, -2037443.586800005519763 ], [ 440565.973400009330362, -2037455.625100003089756 ], [ 440575.698500003665686, -2037467.690600004279986 ], [ 440586.067799997981638, -2037479.813700000522658 ], [ 440597.097200004383922, -2037492.014199998229742 ], [ 440608.840100008994341, -2037504.352400004863739 ], [ 440621.346800008323044, -2037516.881499997805804 ], [ 440634.695600005332381, -2037529.679700002307072 ], [ 440646.587399998679757, -2037540.667600000975654 ], [ 440659.237099999561906, -2037552.002200002316386 ], [ 440672.769200010225177, -2037563.79520000028424 ], [ 440688.041699999943376, -2037576.229200002970174 ], [ 440718.209299997892231, -2037599.578600003849715 ], [ 440795.174599997699261, -2037658.419799990952015 ], [ 440816.931299998890609, -2037675.499500002944842 ], [ 440836.269599997904152, -2037691.005099999019876 ], [ 440857.255300003569573, -2037708.602500002132729 ], [ 440862.919300000648946, -2037727.882899998454377 ], [ 440879.538200004026294, -2037743.949200002942234 ], [ 440894.646800001617521, -2037759.747800000943244 ], [ 440903.322299994528294, -2037769.250499999616295 ], [ 440911.55060000391677, -2037778.68659999826923 ], [ 440919.348200002685189, -2037788.076099999481812 ], [ 440926.728200006298721, -2037797.434799996670336 ], [ 440933.566300007980317, -2037806.8819 ], [ 440940.006400004029274, -2037816.324899998959154 ], [ 440946.0562, -2037825.775099999271333 ], [ 440951.721700007095933, -2037835.24219999788329 ], [ 440957.015700006391853, -2037844.748399999225512 ], [ 440961.934100000653416, -2037854.288400003686547 ], [ 440966.480800005141646, -2037863.869500003755093 ], [ 440970.658899996429682, -2037873.498100003227592 ], [ 440974.471400008071214, -2037883.181500001111999 ], [ 440977.920000004582107, -2037892.924299997743219 ], [ 440981.006799997296184, -2037902.731799999717623 ], [ 440983.733099999837577, -2037912.608800002839416 ], [ 440990.683200003579259, -2037941.028400001814589 ], [ 440996.376800002064556, -2037967.31299999402836 ], [ 440998.77519999537617, -2037979.760200003394857 ], [ 441000.875300008337945, -2037991.74870000150986 ], [ 441002.678300001658499, -2038003.285500000230968 ], [ 441004.184500010218471, -2038014.373299998929724 ], [ 441005.396700004115701, -2038025.037099991226569 ], [ 441006.311100006569177, -2038035.252199997426942 ], [ 441006.927800002507865, -2038045.018400001106784 ], [ 441007.246599995531142, -2038054.335400001611561 ], [ 441007.267700009047985, -2038063.202700002584606 ], [ 441006.9909000066109, -2038071.619199999608099 ], [ 441006.416399997193366, -2038079.584100001957268 ], [ 441005.544100010301918, -2038087.096599999349564 ], [ 441004.708200006745756, -2038092.24610000057146 ], [ 441003.657599998172373, -2038097.297799999825656 ], [ 441002.392400009557605, -2038102.251999997068197 ], [ 441000.912300006486475, -2038107.109099997906014 ], [ 440999.21720000449568, -2038111.869500000961125 ], [ 440997.307100003119558, -2038116.533700002823025 ], [ 440995.181599997915328, -2038121.10219999961555 ], [ 440992.840700001921505, -2038125.575299998978153 ], [ 440990.284200005233288, -2038129.953200003597885 ], [ 440987.511700003407896, -2038134.23669999698177 ], [ 440984.522900002077222, -2038138.426400000462309 ], [ 440981.317500007804483, -2038142.522600001422688 ], [ 440977.895000003278255, -2038146.525999998906627 ], [ 440974.254999997094274, -2038150.436999998288229 ], [ 440970.396999999415129, -2038154.25620000064373 ], [ 440966.320400008931756, -2038157.98419999377802 ], [ 440962.02970000077039, -2038161.617500002495944 ], [ 440957.974099998828024, -2038165.182199997827411 ], [ 440949.655799996107817, -2038172.066300002625212 ], [ 440939.631000008899719, -2038178.560099999886006 ], [ 440927.841400001663715, -2038184.849699999671429 ], [ 440915.146200001239777, -2038190.798000001348555 ], [ 440901.527999998535961, -2038196.413399994606152 ], [ 440886.647699997294694, -2038201.870399997802451 ], [ 440871.12600001366809, -2038206.842499999795109 ], [ 440857.192199999466538, -2038210.909899996593595 ], [ 440842.884100001305342, -2038214.605599996400997 ], [ 440827.534300000872463, -2038218.270300003234297 ], [ 440811.431400003377348, -2038221.744200001470745 ], [ 440794.876800006721169, -2038224.864799997303635 ], [ 440777.154900001361966, -2038227.980400001164526 ], [ 440758.520399996545166, -2038230.934600002132356 ], [ 440738.868999995756894, -2038233.742699997266755 ], [ 440703.182499999646097, -2038238.266999994404614 ], [ 440663.585700010415167, -2038242.246399997500703 ], [ 440625.350899998098612, -2038245.339300000341609 ], [ 440534.582400003448129, -2038252.144599998369813 ], [ 440489.732599998824298, -2038256.02589999162592 ], [ 440467.902900007087737, -2038257.805700001306832 ], [ 440448.928100004326552, -2038259.149599998258054 ], [ 440431.660700008273125, -2038260.639199995901436 ], [ 440415.147400002460927, -2038262.837499995715916 ], [ 440403.736099998932332, -2038263.7838 ], [ 440391.327400004956871, -2038264.929000002332032 ], [ 440378.666000000666827, -2038265.739499999210238 ], [ 440366.495799996890128, -2038265.681099993176758 ], [ 440353.310699996072799, -2038265.823500000406057 ], [ 440339.851799998432398, -2038265.632699998794124 ], [ 440326.861099999863654, -2038264.574099998921156 ], [ 440312.828099998645484, -2038263.717200000304729 ], [ 440299.261999995447695, -2038261.993300000671297 ], [ 440284.631000007037073, -2038260.471000004094094 ], [ 440270.422000004444271, -2038258.080299994908273 ], [ 440255.117900000419468, -2038255.889000000199303 ], [ 440240.205499995034188, -2038252.826399997808039 ], [ 440224.157600005622953, -2038249.958900003926829 ], [ 440206.949300000909716, -2038247.282799992477521 ], [ 440189.299099999014288, -2038244.258800003211945 ], [ 440158.548300007823855, -2038238.376799994148314 ], [ 440126.207800002768636, -2038231.448699999367818 ], [ 440091.965600006747991, -2038223.408300003735349 ], [ 440055.207600004971027, -2038214.1119 ], [ 440021.322800001595169, -2038204.261100000469014 ], [ 439982.965400002431124, -2038192.02110000140965 ], [ 439836.086799999233335, -2038156.659999998286366 ], [ 439184.422900002449751, -2036513.448900002520531 ], [ 439744.8062, -2036020.249800001969561 ], [ 439752.982800001744181, -2036024.232699993997812 ], [ 439761.530500005465001, -2036028.052799998316914 ], [ 439770.459500005468726, -2036031.714499998837709 ], [ 439780.011199999600649, -2036035.305600000545382 ], [ 439792.155700003262609, -2036039.107900004833937 ], [ 439804.746200001332909, -2036042.761399997863919 ], [ 439816.72440000763163, -2036046.090600002091378 ], [ 439830.271299998741597, -2036049.466800002846867 ], [ 439844.352800006512552, -2036052.720100002130494 ], [ 439859.013700003735721, -2036055.861499997321516 ], [ 439874.320400008931756, -2036058.905599993653595 ], [ 439905.516100003384054, -2036064.490000000689179 ], [ 439939.026099998969585, -2036069.805000002030283 ], [ 439973.593100007157773, -2036074.775800003670156 ], [ 440055.982300005853176, -2036085.679799999110401 ], [ 440080.546399996150285, -2036089.273400003556162 ], [ 440102.25660000462085, -2036092.786900000879541 ], [ 440126.63890000525862, -2036097.265200001886114 ], [ 440148.783100010361522, -2036101.987299999222159 ], [ 440169.127300001680851, -2036107.046999996528029 ], [ 440178.693600007798523, -2036109.720799994189292 ], [ 440187.885700006969273, -2036112.498599995626137 ], [ 440198.964599998667836, -2036116.155900005484 ], [ 440209.50569999916479, -2036119.996399996802211 ], [ 440219.532300003804266, -2036124.028500000946224 ], [ 440229.062399995047599, -2036128.259600000455976 ], [ 440239.546400003600866, -2036132.877300002612174 ], [ 440250.993400005158037, -2036137.88610000256449 ], [ 440260.550000007264316, -2036142.933500001905486 ], [ 440269.657100005540997, -2036148.204000003170222 ], [ 440278.332599998451769, -2036153.710700001101941 ], [ 440286.571000003255904, -2036159.450799999758601 ], [ 440294.377500009257346, -2036165.428599997889251 ], [ 440300.324799997266382, -2036171.46899999724701 ], [ 440307.281100009102374, -2036177.93510000128299 ], [ 440313.817300008609891, -2036184.650700000114739 ], [ 440319.936099995858967, -2036191.61970000131987 ], [ 440324.207999996840954, -2036198.666099997237325 ], [ 440329.007100004237145, -2036205.132900000549853 ], [ 440332.163600001018494, -2036211.737199996598065 ], [ 440335.114999998360872, -2036218.6695 ], [ 440339.299400009214878, -2036226.123500000452623 ], [ 440341.857499999925494, -2036233.751699998043478 ], [ 440344.231000003404915, -2036241.761700002010912 ], [ 440347.859900007490069, -2036250.359400001354516 ], [ 440349.890400000382215, -2036259.224800000665709 ], [ 440351.749000003095716, -2036268.497300001094118 ], [ 440354.900899999309331, -2036278.504500004462898 ], [ 440356.497800000477582, -2036288.976999998791143 ], [ 440357.997400009538978, -2036300.261099994415417 ], [ 440360.604399997740984, -2036323.867400000337511 ], [ 440366.514799999073148, -2036372.418600003002211 ], [ 440391.754299998749048, -2036384.98319999803789 ], [ 440395.716800003312528, -2036406.138300004880875 ], [ 440398.691100004594773, -2036424.788300002459437 ], [ 440400.763199996203184, -2036435.517499998910353 ], [ 440404.322800001595169, -2036445.6313 ], [ 440406.785599999595433, -2036455.257100002840161 ], [ 440409.463100002612919, -2036464.410699994303286 ], [ 440413.670099996030331, -2036473.11139999749139 ], [ 440416.811799998860806, -2036481.430500003974885 ], [ 440420.196800001431257, -2036489.361400000751019 ], [ 440425.131800007075071, -2036496.891600000206381 ], [ 440427.525300006382167, -2036501.336800003889948 ], [ 440430.188799999188632, -2036505.814900001976639 ], [ 440434.423100000713021, -2036510.298299999674782 ], [ 440437.629200007766485, -2036514.84650000045076 ], [ 440446.161600000690669, -2036524.027899996377528 ], [ 440455.799300002865493, -2036533.376300001982599 ], [ 440466.549900006968528, -2036542.901799992658198 ], [ 440478.448300000280142, -2036552.641100000590086 ], [ 440490.229899995494634, -2036562.655799998901784 ], [ 440503.253900000825524, -2036572.967700000852346 ], [ 440515.232200005557388, -2036581.920199999120086 ], [ 440528.231000000145286, -2036591.190900002606213 ], [ 440542.360900002066046, -2036600.859800000209361 ], [ 440557.85529999807477, -2036611.086499998345971 ], [ 440587.669200001750141, -2036630.008900000946596 ] ] ] } },
{ "type": "Feature", "properties": { "ID": 872, "YEAR": "2013-2014", "Perimtr_KM": 11.611492871699999, "AREA_KM": 3.9013634082299999, "SCALE": 1, "THICKNES_M": 317.93440385299999, "VOLUME_KM": 1.2403776494100001, "MASS_GT": 1.1374263045099999, "RECURRANCE": "4-5", "UA_KM": 0.05805746436, "UH_M": 26.388555389699999, "UC_KM": 0.09490652025, "REGION": "East", "ICESHELF": "Dennistoun" }, "geometry": { "type": "Polygon", "coordinates": [ [ [ 425852.756884096190333, -2023709.220441265031695 ], [ 425854.149400008842349, -2023717.938399993814528 ], [ 425857.778800002299249, -2023735.691500001586974 ], [ 425856.972200006712228, -2023757.40940000070259 ], [ 425857.239599999040365, -2023776.91719999210909 ], [ 425861.829500010237098, -2023791.269000000320375 ], [ 425866.104699997697026, -2023805.6245 ], [ 425869.175700003746897, -2023812.680900000501424 ], [ 425870.718400007579476, -2023822.213599999202415 ], [ 425873.525699998717755, -2023829.829400001093745 ], [ 425874.817900001537055, -2023839.956499999854714 ], [ 425877.387100008316338, -2023848.199400000739843 ], [ 425879.853100007865578, -2023856.804399999091402 ], [ 425883.13170000212267, -2023877.48170000128448 ], [ 425885.377400003373623, -2023896.343599993502721 ], [ 425889.014400003477931, -2023915.132399997673929 ], [ 425890.861900004092604, -2023935.699800002155825 ], [ 425897.138800007291138, -2023983.381700003519654 ], [ 425900.140300005208701, -2024009.391199999023229 ], [ 425900.266300003509969, -2024011.029600001173094 ], [ 425469.180348509456962, -2024043.198907341342419 ], [ 425022.085850397590548, -2024076.562834582291543 ], [ 425002.727899994701147, -2024078.007399998838082 ], [ 424992.338962113019079, -2024059.53817806718871 ], [ 424526.476900000590831, -2023231.339000002481043 ], [ 424276.781909957993776, -2022894.748608073452488 ], [ 422723.968795731198043, -2020801.546919799409807 ], [ 422197.361999998800457, -2020091.677700000349432 ], [ 422233.873199997935444, -2020107.663400001591071 ], [ 422266.864400004502386, -2020118.194000001065433 ], [ 422297.054900006391108, -2020128.634399997536093 ], [ 422325.827400002628565, -2020137.750899999402463 ], [ 422353.403299995698035, -2020146.699499996379018 ], [ 422379.963999998290092, -2020153.456300002057105 ], [ 422404.189999999478459, -2020160.871199999470264 ], [ 422426.22909999685362, -2020166.526700002141297 ], [ 422447.368200007360429, -2020174.653200003318489 ], [ 422469.173100007232279, -2020182.511399996466935 ], [ 422491.703500002622604, -2020190.122599998023361 ], [ 422514.997100005391985, -2020197.500699993222952 ], [ 422539.179600005969405, -2020204.686500004027039 ], [ 422564.365900001488626, -2020211.714299995917827 ], [ 422590.73250000923872, -2020218.633399999700487 ], [ 422612.807700009550899, -2020224.125599997583777 ], [ 422635.972099998034537, -2020229.633900003507733 ], [ 422660.465799998957664, -2020235.215700003318489 ], [ 422686.525599997490644, -2020239.949600002029911 ], [ 422733.653500001877546, -2020242.977700001792982 ], [ 422846.721399996429682, -2020250.291799997910857 ], [ 422877.254900008905679, -2020254.777399990940467 ], [ 422905.150199996773154, -2020260.88180000288412 ], [ 422934.06689999718219, -2020267.495700004976243 ], [ 422961.116999996360391, -2020274.010200003627688 ], [ 422986.740099999122322, -2020280.531499997945502 ], [ 423011.170900005381554, -2020287.119600001722574 ], [ 423035.623300001490861, -2020294.128500002902001 ], [ 423059.115599999204278, -2020301.30490000336431 ], [ 423082.71650000102818, -2020308.391399994958192 ], [ 423105.549100005533546, -2020315.70589999621734 ], [ 423126.743299994617701, -2020323.570400002412498 ], [ 423150.141699998173863, -2020328.907799997366965 ], [ 423172.933200007304549, -2020334.533399997744709 ], [ 423193.563900005072355, -2020341.589099992532283 ], [ 423223.478000009432435, -2020350.514600003371015 ], [ 423253.427900009788573, -2020359.980499999597669 ], [ 423283.18810000596568, -2020370.206099999835715 ], [ 423311.673700003884733, -2020382.4655 ], [ 423340.197799996007234, -2020395.26669999724254 ], [ 423367.540900004096329, -2020410.459499998716637 ], [ 423394.924899998120964, -2020426.195500002475455 ], [ 423423.080500002484769, -2020442.402599999681115 ], [ 423450.548700000159442, -2020459.22630000161007 ], [ 423478.062200002372265, -2020476.595899997744709 ], [ 423506.351999999489635, -2020494.439500002190471 ], [ 423533.961600005161017, -2020512.904299998190254 ], [ 423561.621800000313669, -2020531.918399999383837 ], [ 423590.388500007335097, -2020550.977300001773983 ], [ 423619.506099998019636, -2020569.451699996832758 ], [ 423649.297400005627424, -2020589.206400002120063 ], [ 423678.325500006321818, -2020609.466100002173334 ], [ 423707.418200007639825, -2020630.284099998883903 ], [ 423736.174000008031726, -2020651.302499996498227 ], [ 423764.626000005286187, -2020673.228300005197525 ], [ 423793.154200008139014, -2020695.721700002206489 ], [ 423821.388100002426654, -2020719.130800002254546 ], [ 423849.934000007808208, -2020744.178599998354912 ], [ 423878.574299996718764, -2020769.81009999779053 ], [ 423907.301400004420429, -2020796.017799998633564 ], [ 423936.138300004880875, -2020822.823100001784042 ], [ 423965.094400008674711, -2020850.234400003682822 ], [ 423994.180600007530302, -2020878.262499992735684 ], [ 424023.406000005546957, -2020906.916000002063811 ], [ 424053.096900003030896, -2020936.196600003633648 ], [ 424083.449800000991672, -2020966.325099999085069 ], [ 424113.302899998612702, -2020996.273800003807992 ], [ 424138.093700005207211, -2021021.159099992364645 ], [ 424161.621400007046759, -2021045.736399996094406 ], [ 424184.920299995224923, -2021069.758999996818602 ], [ 424206.617100008297712, -2021093.56109999679029 ], [ 424227.682100010104477, -2021117.058000001590699 ], [ 424248.131999996956438, -2021140.269200003705919 ], [ 424267.990399998612702, -2021163.221599998883903 ], [ 424287.480700003914535, -2021186.4434 ], [ 424306.265700004994869, -2021209.494399994844571 ], [ 424324.632800003048033, -2021232.508900001179427 ], [ 424342.465000004973263, -2021255.335000004153699 ], [ 424359.64330000244081, -2021277.81859999941662 ], [ 424376.434500001836568, -2021300.305100002791733 ], [ 424392.7154999980703, -2021322.63559999410063 ], [ 424408.36430000513792, -2021344.65250000054948 ], [ 424423.643100000917912, -2021366.696000002324581 ], [ 424433.915600006468594, -2021382.110100002028048 ], [ 424443.920800003688782, -2021397.907499997410923 ], [ 424453.663400004152209, -2021414.095599998952821 ], [ 424463.276600008364767, -2021430.849199998192489 ], [ 424472.50830000732094, -2021447.843099998310208 ], [ 424481.493299994617701, -2021465.255699998233467 ], [ 424490.087700000964105, -2021483.490200005006045 ], [ 424498.548799995798618, -2021502.353999998886138 ], [ 424506.614900005050004, -2021521.501699991989881 ], [ 424514.3608000096865, -2021540.9378 ], [ 424521.895400006789714, -2021560.867199999280274 ], [ 424529.405000002589077, -2021580.90169999981299 ], [ 424536.542699999175966, -2021601.88279999839142 ], [ 424543.499400002416223, -2021623.437399999704212 ], [ 424550.040399998426437, -2021646.279300003079697 ], [ 424556.604200000409037, -2021669.364999996032566 ], [ 424561.668799998238683, -2021688.607900004368275 ], [ 424566.831700009293854, -2021707.930799994617701 ], [ 424576.667799999006093, -2021748.971299996832386 ], [ 424586.219899998512119, -2021792.892000003252178 ], [ 424595.910300001967698, -2021839.751699997577816 ], [ 424603.852700006216764, -2021881.211399996187538 ], [ 424612.241700005717576, -2021927.739500002935529 ], [ 424640.265500008594245, -2022079.268199999351054 ], [ 424649.121600002516061, -2022136.919399997685105 ], [ 424658.590999994426966, -2022193.305499998154119 ], [ 424663.602800007443875, -2022218.83350000390783 ], [ 424668.560999996960163, -2022243.211599995614961 ], [ 424674.190699994564056, -2022269.438200001139194 ], [ 424679.893000003881752, -2022294.759899998549372 ], [ 424685.659399996977299, -2022319.16020000167191 ], [ 424691.471300003584474, -2022342.577399997971952 ], [ 424697.445399996824563, -2022365.428800002438948 ], [ 424703.548900000285357, -2022387.592700002714992 ], [ 424710.046399995684624, -2022408.79589999653399 ], [ 424716.658299998380244, -2022429.246800003573298 ], [ 424724.244799999054521, -2022450.314399999566376 ], [ 424732.042000006418675, -2022470.766699998173863 ], [ 424740.062000000849366, -2022490.635300000198185 ], [ 424748.314900006167591, -2022509.945500000845641 ], [ 424756.812300000339746, -2022528.724100004415959 ], [ 424765.561200002208352, -2022546.985899998806417 ], [ 424773.602600004523993, -2022565.995099999243394 ], [ 424782.394699999596924, -2022583.895999998319894 ], [ 424790.987399999983609, -2022601.965800001751631 ], [ 424800.34509999724105, -2022618.95089999306947 ], [ 424809.990400006063282, -2022635.485299998428673 ], [ 424819.44539999589324, -2022652.201400002930313 ], [ 424829.683899995405227, -2022667.861599999479949 ], [ 424840.226600003428757, -2022683.095800003968179 ], [ 424851.078599996864796, -2022697.910700000589713 ], [ 424862.244900008197874, -2022712.312199996784329 ], [ 424869.471500006970018, -2022721.642800002358854 ], [ 424876.925400009378791, -2022730.923699999693781 ], [ 424893.011900005396456, -2022748.727800002787262 ], [ 424909.568799995351583, -2022767.003900001291186 ], [ 424927.604900007136166, -2022784.5458 ], [ 424945.702400004025549, -2022804.467799995094538 ], [ 424965.393400004133582, -2022823.758499996736646 ], [ 424986.221000006888062, -2022842.117899997392669 ], [ 425008.814399994909763, -2022860.097899996675551 ], [ 425030.252300003077835, -2022877.022699994267896 ], [ 425053.400700008496642, -2022894.166799996979535 ], [ 425078.132999997586012, -2022911.798599997768179 ], [ 425104.87569999974221, -2022930.197899998165667 ], [ 425130.284500002861023, -2022947.338199997786433 ], [ 425158.863099999725819, -2022965.606400002958253 ], [ 425265.310800000093877, -2023029.11339999968186 ], [ 425307.789700002409518, -2023055.275699998717755 ], [ 425330.512699996586889, -2023069.581600001547486 ], [ 425351.521800009068102, -2023083.115299992728978 ], [ 425371.235800010617822, -2023096.141199999721721 ], [ 425389.305000006221235, -2023109.054699999280274 ], [ 425412.311400002799928, -2023126.033499998040497 ], [ 425433.781900004949421, -2023142.219700004905462 ], [ 425453.6159000066109, -2023158.498199998168275 ], [ 425473.028700005728751, -2023174.420899999793619 ], [ 425491.275600008200854, -2023190.926100002368912 ], [ 425506.939800010528415, -2023208.974700001301244 ], [ 425521.827299999073148, -2023228.19230000092648 ], [ 425537.086899996269494, -2023246.037000003270805 ], [ 425560.930399998556823, -2023277.4023999995552 ], [ 425643.515900001395494, -2023363.1961 ], [ 425671.551400007680058, -2023390.153899999335408 ], [ 425696.420600002165884, -2023414.580899995751679 ], [ 425723.093300006818026, -2023441.523600000422448 ], [ 425747.533900001551956, -2023467.098700000206009 ], [ 425770.171300006564707, -2023491.755900001619011 ], [ 425787.905200009699911, -2023521.31550000119023 ], [ 425795.44879999756813, -2023539.74229999887757 ], [ 425802.585599998943508, -2023558.040800004499033 ], [ 425810.987899996340275, -2023573.436200002208352 ], [ 425817.355400008149445, -2023591.532200002809986 ], [ 425823.357500008307397, -2023609.551899999380112 ], [ 425830.657200009096414, -2023624.710000002756715 ], [ 425835.21990000968799, -2023645.027199999894947 ], [ 425841.094900006894022, -2023662.503199997590855 ], [ 425845.713499997276813, -2023680.327199998311698 ], [ 425850.924299999140203, -2023697.747399997897446 ], [ 425852.756884096190333, -2023709.220441265031695 ] ] ] } },
{ "type": "Feature", "properties": { "ID": 873, "YEAR": "2013-2014", "Perimtr_KM": 24.46366821, "AREA_KM": 32.304186658399999, "SCALE": 2, "THICKNES_M": 93.139119341500006, "VOLUME_KM": 3.00878349641, "MASS_GT": 2.7590544662099998, "RECURRANCE": ">8", "UA_KM": 0.12231834105, "UH_M": 7.7305468672300002, "UC_KM": 0.23021470274, "REGION": "East", "ICESHELF": "Moubray" }, "geometry": { "type": "Polygon", "coordinates": [ [ [ 334119.489699999336153, -1943775.88049999717623 ], [ 334102.232399999164045, -1943776.552999997977167 ], [ 334083.865600008517504, -1943776.83549999864772 ], [ 334064.093999998178333, -1943776.732800002209842 ], [ 334044.575500003062189, -1943776.304999992949888 ], [ 334020.123700008261949, -1943803.960600001737475 ], [ 333927.660400005523115, -1943877.034300002967939 ], [ 333891.258200001902878, -1943875.701999997720122 ], [ 333871.672199998516589, -1943875.308800002327189 ], [ 333853.477000004146248, -1943875.22480000089854 ], [ 333836.325000007636845, -1943875.448599995113909 ], [ 333820.0425999998115, -1943875.982799999415874 ], [ 333800.774299998767674, -1943877.089400002034381 ], [ 333782.484100005589426, -1943878.694200003519654 ], [ 333765.048800004646182, -1943880.808200001250952 ], [ 333748.38940000673756, -1943883.441099999472499 ], [ 333732.420000002719462, -1943886.607800003373995 ], [ 333717.11620000610128, -1943890.314499993808568 ], [ 333702.438200007658452, -1943894.570799997309223 ], [ 333688.356600002385676, -1943899.385400004452094 ], [ 333649.12830000044778, -1943914.220700001809746 ], [ 333613.815700003411621, -1943928.311999997589737 ], [ 333597.136600004509091, -1943935.27430000109598 ], [ 333581.055300009902567, -1943942.204300004523247 ], [ 333565.936000002082437, -1943975.755600004922599 ], [ 333551.272699999623001, -1944005.506399997975677 ], [ 333536.629099999088794, -1944012.501600002637133 ], [ 333522.464199997950345, -1944019.521699997130781 ], [ 333508.762699999846518, -1944026.574300001375377 ], [ 333495.514100003056228, -1944033.665000001434237 ], [ 333482.70660000666976, -1944040.800099997315556 ], [ 333470.336199997924268, -1944047.981799997389317 ], [ 333458.397300010547042, -1944055.213599997572601 ], [ 333446.885499998927116, -1944062.497900003101677 ], [ 333435.686100003775209, -1944069.912400002125651 ], [ 333424.915899996180087, -1944077.384999999543652 ], [ 333414.572200004011393, -1944084.917300003115088 ], [ 333404.653199996799231, -1944092.510999998543411 ], [ 333395.156599994748831, -1944100.167500004172325 ], [ 333386.081699998583645, -1944107.88760000327602 ], [ 333377.427200008183718, -1944115.672400000970811 ], [ 333369.192299998831004, -1944123.522600002819672 ], [ 333361.37470000423491, -1944131.440500002354383 ], [ 333354.097300006076694, -1944139.090400001266971 ], [ 333347.237600001506507, -1944146.807899999897927 ], [ 333340.795400007627904, -1944154.593200000701472 ], [ 333334.769999998155981, -1944162.446899991482496 ], [ 333329.039599996991456, -1944170.703999998513609 ], [ 333323.847600001841784, -1944178.695300000486895 ], [ 333319.071999999228865, -1944186.75590000115335 ], [ 333313.736499999184161, -1944196.590399996843189 ], [ 333308.505000002682209, -1944206.953300000634044 ], [ 333303.526700005866587, -1944217.454700004076585 ], [ 333298.584900004789233, -1944228.7068 ], [ 333293.827899999450892, -1944240.314000002108514 ], [ 333289.278499996289611, -1944252.220000001834705 ], [ 333285.08120000641793, -1944264.031199998687953 ], [ 333281.012300007045269, -1944276.360400000587106 ], [ 333277.224400004837662, -1944288.775199991185218 ], [ 333273.840999996289611, -1944300.930699998978525 ], [ 333270.632599995937198, -1944313.446299998322502 ], [ 333267.732800008263439, -1944325.941900002071634 ], [ 333265.274599997326732, -1944338.034100003074855 ], [ 333263.02140000090003, -1944350.358900000806898 ], [ 333261.101700007449836, -1944362.544700002297759 ], [ 333259.520999998319894, -1944374.559099996695295 ], [ 333258.188900009728968, -1944386.429099997971207 ], [ 333257.186999996192753, -1944398.081999995745718 ], [ 333256.517300005536526, -1944409.49480000231415 ], [ 333256.180900007952005, -1944420.64729999890551 ], [ 333256.178400005213916, -1944431.518900002818555 ], [ 333256.509600000921637, -1944442.095700001344085 ], [ 333257.174000005703419, -1944452.36309999646619 ], [ 333258.170900006778538, -1944462.308300000382587 ], [ 333259.497000004164875, -1944471.906399996485561 ], [ 333261.152000003494322, -1944481.161400004290044 ], [ 333263.134299997705966, -1944490.0639 ], [ 333265.442200008314103, -1944498.606100001838058 ], [ 333268.073200004640967, -1944506.779899999732152 ], [ 333271.025800004601479, -1944514.57999999448657 ], [ 333274.297700000926852, -1944522.000700001604855 ], [ 333277.886799996253103, -1944529.0371 ], [ 333281.06300000846386, -1944534.258000004338101 ], [ 333284.80310000339523, -1944539.348199998028576 ], [ 333289.115300002973527, -1944544.318999999668449 ], [ 333294.011700002476573, -1944549.184399992693216 ], [ 333299.500000006519258, -1944553.953499999828637 ], [ 333305.609499994665384, -1944558.65309999906458 ], [ 333312.369800009764731, -1944563.306000002659857 ], [ 333319.829200007487088, -1944567.945699999574572 ], [ 333326.334000002127141, -1944571.669899996370077 ], [ 333333.383200001902878, -1944575.444100002292544 ], [ 333349.485300002153963, -1944583.337300001177937 ], [ 333365.673900000285357, -1944590.376600001007318 ], [ 333405.870499994140118, -1944607.296699999831617 ], [ 333416.640000002924353, -1944611.942500000353903 ], [ 333426.054800005629659, -1944616.451100002042949 ], [ 333435.788800007198006, -1944621.157499996945262 ], [ 333444.501800001598895, -1944625.969 ], [ 333452.504900004714727, -1944630.5236000046134 ], [ 333459.703300000634044, -1944635.30710000032559 ], [ 333466.791200004052371, -1944640.285399997141212 ], [ 333473.065400009043515, -1944645.567200003191829 ], [ 333478.724100006744266, -1944650.737199996598065 ], [ 333483.703700003679842, -1944656.035600000526756 ], [ 333487.939699997659773, -1944661.706099999602884 ], [ 333491.604600007180125, -1944667.315699996892363 ], [ 333494.539000001270324, -1944673.318799996981397 ], [ 333496.915200003888458, -1944679.284100001677871 ], [ 333499.101100001018494, -1944686.389099992346019 ], [ 333501.050500007811934, -1944694.002900001592934 ], [ 333502.746300009079278, -1944702.0537 ], [ 333504.172600006684661, -1944710.459100001491606 ], [ 333505.316000004764646, -1944719.134300000499934 ], [ 333506.164500006940216, -1944727.982500000856817 ], [ 333506.710199998226017, -1944736.907699997536838 ], [ 333506.948199999053031, -1944745.815199992153794 ], [ 333506.879200007766485, -1944754.553299999330193 ], [ 333506.423200001940131, -1944763.320900002960116 ], [ 333505.751100006513298, -1944771.598299999488518 ], [ 333504.785599997267127, -1944779.539400003151968 ], [ 333503.536099997349083, -1944787.074499996844679 ], [ 333502.01020000083372, -1944794.163499997928739 ], [ 333500.217599996831268, -1944800.762400003615767 ], [ 333498.084400000516325, -1944807.057499998714775 ], [ 333496.421900006011128, -1944811.073900000192225 ], [ 333494.402100009843707, -1944815.204300002893433 ], [ 333492.107600008603185, -1944819.229400001466274 ], [ 333489.537399995606393, -1944823.15099999983795 ], [ 333486.690600003115833, -1944826.970500003080815 ], [ 333483.56540000019595, -1944830.6904 ], [ 333480.160100008361042, -1944834.312800002051517 ], [ 333476.472500004805624, -1944837.839799999725074 ], [ 333472.50539999967441, -1944841.269700001226738 ], [ 333468.251100002322346, -1944844.609799998579547 ], [ 333463.705699998419732, -1944847.862999999895692 ], [ 333458.864799996372312, -1944851.032500000204891 ], [ 333453.724500009324402, -1944854.121200001332909 ], [ 333448.276400005910546, -1944857.133899999316782 ], [ 333442.512600000016391, -1944860.075200001010671 ], [ 333436.422600003890693, -1944862.950499997474253 ], [ 333425.930100007448345, -1944867.44380000163801 ], [ 333414.487300001084805, -1944871.814999994821846 ], [ 333401.991600005887449, -1944876.103700003121048 ], [ 333388.232800006400794, -1944880.382400000467896 ], [ 333375.38270000461489, -1944884.065200001001358 ], [ 333360.876100006978959, -1944887.963399992324412 ], [ 333310.855000001378357, -1944900.582499998854473 ], [ 333292.230999998282641, -1944905.48240000102669 ], [ 333273.851100005675107, -1944910.779699993319809 ], [ 333258.247199996840209, -1944915.891399999149144 ], [ 333240.202900004573166, -1944922.031200001714751 ], [ 333221.870499997865409, -1944927.836200001183897 ], [ 333203.242999998852611, -1944933.308599992655218 ], [ 333184.312399995047599, -1944938.450699997134507 ], [ 333165.071599998045713, -1944943.264599998481572 ], [ 333145.5095000048168, -1944947.753000001888722 ], [ 333125.615799997001886, -1944951.918200000654906 ], [ 333106.394400008022785, -1944982.4962 ], [ 333085.822500007692724, -1944986.019199998583645 ], [ 333064.87929999595508, -1944989.227400003001094 ], [ 333043.548600006848574, -1944992.123400000855327 ], [ 333021.810500002931803, -1944994.709799999371171 ], [ 332999.648499997332692, -1944996.988699995912611 ], [ 332977.031100001186132, -1944998.963500001933426 ], [ 332953.931600006762892, -1945000.636399999726564 ], [ 332930.311800007708371, -1945002.010400001890957 ], [ 332908.221499998588115, -1945003.007199998013675 ], [ 332885.623499996494502, -1945003.757599996868521 ], [ 332862.473600008524954, -1945004.263100001495332 ], [ 332838.71359999710694, -1945004.525100003462285 ], [ 332814.306400007102638, -1945004.54439999978058 ], [ 332789.131600006017834, -1945004.321500000543892 ], [ 332763.080099999904633, -1945003.855600001756102 ], [ 332735.986200006213039, -1945003.143699997570366 ], [ 332687.623800005298108, -1945001.382300002966076 ], [ 332637.859899999108166, -1945015.391799999633804 ], [ 332586.589200009591877, -1945012.590899998787791 ], [ 332468.720100009813905, -1945005.741700001526624 ], [ 332412.811500006821007, -1945002.801099998876452 ], [ 332342.980199998244643, -1944999.115299999015406 ], [ 332281.062199995853007, -1944995.183699996210635 ], [ 332251.898099998477846, -1944993.051800000481308 ], [ 332224.811799997463822, -1944992.900299997068942 ], [ 332201.97439999692142, -1944999.347900002263486 ], [ 332175.482799996621907, -1944996.809899998363107 ], [ 332149.395100002642721, -1944994.087499996647239 ], [ 332123.945400000549853, -1944991.201200002804399 ], [ 332099.076699995901436, -1944988.144599999301136 ], [ 332074.745300006121397, -1944984.912199997343123 ], [ 332050.903600007295609, -1944981.497699997853488 ], [ 332027.529199998825788, -1944977.89770000288263 ], [ 332004.593900004401803, -1944974.10780000127852 ], [ 331982.074700008612126, -1944970.124200003454462 ], [ 331961.881400005891919, -1944966.215000001015142 ], [ 331941.402400007471442, -1944961.82089999737218 ], [ 331920.601300002075732, -1944956.934099996928126 ], [ 331899.432300010230392, -1944951.543900003191084 ], [ 331877.863000005949289, -1944945.642599997576326 ], [ 331855.805800001136959, -1944939.206700003007427 ], [ 331833.181399999652058, -1944932.213300001807511 ], [ 331809.876600010320544, -1944924.627400001976639 ], [ 331787.317200000863522, -1944916.947799996938556 ], [ 331767.657800002023578, -1944920.010099998675287 ], [ 331743.099900005850941, -1944911.018800005316734 ], [ 331717.029299999121577, -1944901.185199990868568 ], [ 331664.85680000577122, -1944880.834199990611523 ], [ 331563.078200001269579, -1944840.488700001034886 ], [ 331520.75390000641346, -1944824.055100004188716 ], [ 331476.468900006730109, -1944807.25099999923259 ], [ 331436.549999997019768, -1944792.951699996134266 ], [ 331413.087200002744794, -1944784.776299997232854 ], [ 331390.43760000448674, -1944777.338900001253933 ], [ 331368.46959999576211, -1944770.459200000856072 ], [ 331347.1056999983266, -1944763.976999995298684 ], [ 331327.367400008253753, -1944762.220100003294647 ], [ 331311.809099997393787, -1944760.860699999146163 ], [ 331291.699600006919354, -1944755.814200001768768 ], [ 331271.622699996922165, -1944751.487699997611344 ], [ 331248.3295, -1944746.484799998579547 ], [ 331224.493100000545382, -1944741.719200000632554 ], [ 331199.770799995400012, -1944737.44669999810867 ], [ 331174.683800005353987, -1944733.123800001572818 ], [ 331148.89700000686571, -1944729.008400002028793 ], [ 331121.984000008087605, -1944725.344100000802428 ], [ 331094.409400001633912, -1944721.581700003240258 ], [ 331065.697299997322261, -1944717.961800003889948 ], [ 331015.177100004628301, -1944712.515200003515929 ], [ 330959.15350000699982, -1944706.870399998035282 ], [ 330904.218200001865625, -1944702.126999997999519 ], [ 330768.648700002580881, -1944696.123199998633936 ], [ 330729.567400001455098, -1944692.535399996908382 ], [ 330694.460400007199496, -1944689.033099999651313 ], [ 330655.812099996488541, -1944684.855299995280802 ], [ 330619.648200001101941, -1944680.630900000222027 ], [ 330585.378600005991757, -1944676.159499999601394 ], [ 330552.601300007198006, -1944671.518900000955909 ], [ 330527.167900008615106, -1944667.571300001814961 ], [ 330501.522600001655519, -1944663.355400001164526 ], [ 330475.621899999212474, -1944658.930700003169477 ], [ 330449.515600008424371, -1944654.1722999997437 ], [ 330426.194699997548014, -1944652.031699999701232 ], [ 330400.220699997618794, -1944646.991200000746176 ], [ 330373.311500002164394, -1944641.398599999491125 ], [ 330345.88720001000911, -1944635.685500002000481 ], [ 330318.383600007742643, -1944629.525299998465925 ], [ 330290.318900005426258, -1944623.235200002323836 ], [ 330262.084700003731996, -1944616.478100002743304 ], [ 330233.22969999583438, -1944609.576799998991191 ], [ 330174.361599999014288, -1944594.64799999888055 ], [ 330113.326200002338737, -1944578.348900001961738 ], [ 330061.499699998181313, -1944563.736099998466671 ], [ 330007.451400003395975, -1944547.990600000135601 ], [ 329951.399300009012222, -1944536.828700000187382 ], [ 329890.75150000071153, -1944518.182199998525903 ], [ 329836.723100003320724, -1944501.246799995191395 ], [ 329776.685699997935444, -1944482.157000004779547 ], [ 329569.948200007434934, -1944416.436299999477342 ], [ 329490.973900006618351, -1944400.966499999398366 ], [ 329409.323100009467453, -1944375.969799996586516 ], [ 329335.692899994552135, -1944354.095700002741069 ], [ 329294.372199998237193, -1944342.103000002913177 ], [ 329254.521900001447648, -1944330.800400001462549 ], [ 329216.208199998363853, -1944319.913299997569993 ], [ 329178.630000002682209, -1944309.79790000198409 ], [ 329141.918500000145286, -1944300.201499998103827 ], [ 329106.013500009197742, -1944291.108299998566508 ], [ 329077.64780000038445, -1944284.946800001896918 ], [ 329044.287400006316602, -1944277.366599999833852 ], [ 329004.094900009222329, -1944268.173500000499189 ], [ 328964.955000007059425, -1944259.444999992847443 ], [ 328926.156000004149973, -1944251.45239999727346 ], [ 328888.276000004261732, -1944243.895500004524365 ], [ 328850.613500006496906, -1944237.0493 ], [ 328813.772200001869351, -1944230.619999998249114 ], [ 328777.073899999726564, -1944224.888199998764321 ], [ 328741.121700002811849, -1944219.560800001490861 ], [ 328705.200600004289299, -1944214.914799998514354 ], [ 328669.967599997296929, -1944210.666100001428276 ], [ 328637.092900008428842, -1944207.672300001140684 ], [ 328608.171000006608665, -1944205.726100003579631 ], [ 328573.397400003392249, -1944203.292699997778982 ], [ 328539.410499997902662, -1944201.184099997393787 ], [ 328505.688700005412102, -1944199.606899997685105 ], [ 328472.216600003652275, -1944198.560499997809529 ], [ 328454.736599999945611, -1944197.835799999302253 ], [ 328434.527200002688915, -1944196.400399998761714 ], [ 328414.844000005163252, -1944194.62400000076741 ], [ 328366.813900004606694, -1944190.137700001709163 ], [ 328343.306100000161678, -1944188.161000000778586 ], [ 328322.018500006757677, -1944186.9221 ], [ 328303.379700009245425, -1944186.514499995857477 ], [ 328291.930200004950166, -1944186.70110000250861 ], [ 328281.296900002285838, -1944187.262300000758842 ], [ 328271.406800010707229, -1944188.201999998185784 ], [ 328262.214400003664196, -1944189.52480000234209 ], [ 328254.176399999763817, -1944191.0305999990087 ], [ 328246.271399999037385, -1944193.13880000077188 ], [ 328238.98289999878034, -1944195.647000000812113 ], [ 328232.296000006608665, -1944198.560499997809529 ], [ 328227.386700001079589, -1944201.279500001575798 ], [ 328223.274700006470084, -1944204.295399994589388 ], [ 328218.950500009581447, -1944208.024400001391768 ], [ 328214.917400005739182, -1944212.259599998127669 ], [ 328211.678700004704297, -1944216.793999997898936 ], [ 328208.22459999890998, -1944222.044799997471273 ], [ 328205.058200002647936, -1944227.805899997707456 ], [ 328202.682799997273833, -1944233.871599991805851 ], [ 328200.090500005055219, -1944240.654399998486042 ], [ 328199.060700002592057, -1944247.651399993337691 ], [ 328197.809399999212474, -1944255.377000001724809 ], [ 328196.956600004807115, -1944263.467600002419204 ], [ 328196.384500000160187, -1944272.087299996521324 ], [ 328195.587300000712276, -1944281.452200002036989 ], [ 328195.572600004728884, -1944291.154900003224611 ], [ 328195.835000005550683, -1944301.413699998520315 ], [ 328196.00539999967441, -1944311.344500000588596 ], [ 328196.407699997536838, -1944321.766199995297939 ], [ 328196.537499999627471, -1944332.901599991135299 ], [ 328197.403600005432963, -1944344.355800000485033 ], [ 328198.114400005433708, -1944356.396300000604242 ], [ 328199.446400003042072, -1944368.974599998444319 ], [ 328202.051400005351752, -1944396.178100002696738 ], [ 328204.681199999526143, -1944421.595499997958541 ], [ 328208.126200002152473, -1944450.167100003454834 ], [ 328212.954100000206381, -1944477.794299999484792 ], [ 328221.770800004713237, -1944539.996200001100078 ], [ 328225.47330000018701, -1944568.01499999826774 ], [ 328228.931500002741814, -1944593.849100000690669 ], [ 328230.452799999155104, -1944604.761100000934675 ], [ 328231.684100006707013, -1944614.649800000712276 ], [ 328232.190100001171231, -1944626.400899999309331 ], [ 328232.748699998483062, -1944636.454300002194941 ], [ 328232.845300005283207, -1944645.205600002082065 ], [ 328232.477300006896257, -1944652.713100000517443 ], [ 328231.122200009413064, -1944659.332600002642721 ], [ 328230.266000003553927, -1944662.200800002552569 ], [ 328229.289600001182407, -1944664.778699999675155 ], [ 328228.706600003875792, -1944666.767699998337775 ], [ 328227.486700005829334, -1944668.772099999245256 ], [ 328226.143800001591444, -1944670.492300000507385 ], [ 328224.676600004080683, -1944671.929499997757375 ], [ 328222.335400000680238, -1944673.616500003729016 ], [ 328219.909300007391721, -1944674.781700001331046 ], [ 328217.395699996501207, -1944675.426299999700859 ], [ 328214.791500004939735, -1944675.551100002601743 ], [ 328212.580200001131743, -1944674.915999998804182 ], [ 328210.271600005216897, -1944673.761000001803041 ], [ 328208.348000010475516, -1944671.844300000695512 ], [ 328205.83260000962764, -1944669.644300001906231 ], [ 328203.700000001117587, -1944666.683599999174476 ], [ 328200.937000007368624, -1944663.495400003623217 ], [ 328198.56680000340566, -1944659.47129999101162 ], [ 328196.067200003191829, -1944654.904599991161376 ], [ 328192.917200008407235, -1944650.089500001166016 ], [ 328190.134400001261383, -1944644.408700003521517 ], [ 328183.563800003845245, -1944631.587200003443286 ], [ 328178.724200002383441, -1944620.562800002750009 ], [ 328172.024900007527322, -1944608.9367000029888 ], [ 328164.321800004225224, -1944596.033599999733269 ], [ 328155.911400010809302, -1944581.276199993444607 ], [ 328140.27190000237897, -1944550.331699999049306 ], [ 328103.61640000063926, -1944475.845200000330806 ], [ 328084.7777000060305, -1944441.394800001289696 ], [ 328064.290100007783622, -1944406.419900001958013 ], [ 328045.665699999313802, -1944374.912600001785904 ], [ 328035.36430000513792, -1944358.016800004523247 ], [ 328024.645100006368011, -1944342.376300002913922 ], [ 328014.674900007899851, -1944327.121900000376627 ], [ 328004.825000003445894, -1944312.61129999672994 ], [ 327995.065900003071874, -1944298.797900001518428 ], [ 327985.389999999664724, -1944285.670500000473112 ], [ 327975.783899998757988, -1944273.209000000730157 ], [ 327966.237300008069724, -1944261.399300000164658 ], [ 327957.032800005748868, -1944250.598900003358722 ], [ 327947.869700006209314, -1944240.388700004899874 ], [ 327939.345500007271767, -1944230.361199998296797 ], [ 327930.249300001654774, -1944221.312100000679493 ], [ 327921.179200001992285, -1944212.835499999113381 ], [ 327912.73600000469014, -1944204.528200000524521 ], [ 327903.710200002416968, -1944197.188400004291907 ], [ 327895.305599998217076, -1944190.012500000186265 ], [ 327886.309299998916686, -1944183.796400000574067 ], [ 327877.929699996020645, -1944177.741200000746176 ], [ 327868.958700005430728, -1944172.646600002422929 ], [ 327860.600999999325722, -1944167.710400001145899 ], [ 327851.648400010541081, -1944163.732800001977012 ], [ 327843.306299995165318, -1944159.911999998614192 ], [ 327834.970300003886223, -1944156.648199998307973 ], [ 327826.63940000301227, -1944153.940900004701689 ], [ 327809.689800006803125, -1944149.940199999138713 ], [ 327792.343899997882545, -1944145.9794 ], [ 327774.075199996586889, -1944142.476299999048933 ], [ 327755.427700001746416, -1944139.102900001686066 ], [ 327740.699500005226582, -1944132.44240000215359 ], [ 327739.355300000868738, -1944131.890987006016076 ], [ 327725.608200004789978, -1944126.25169999548234 ], [ 327704.920300003606826, -1944124.782700001262128 ], [ 327684.165999998804182, -1944123.874400002183393 ], [ 327673.0615000044927, -1944123.777100003091618 ], [ 327661.967499997932464, -1944124.154399999883026 ], [ 327650.878900002222508, -1944125.006599993444979 ], [ 327639.789999999571592, -1944126.333999997936189 ], [ 327628.695699999108911, -1944128.137299998663366 ], [ 327617.588600004091859, -1944130.41739999782294 ], [ 327606.461699996143579, -1944133.176000000908971 ], [ 327595.307000003755093, -1944136.414900004630908 ], [ 327584.817900005262345, -1944139.604000002145767 ], [ 327573.595100003294647, -1944143.805700002936646 ], [ 327562.316000006627291, -1944148.495999996550381 ], [ 327551.656599998474121, -1944153.152399996062741 ], [ 327540.230700010433793, -1944158.834700003499165 ], [ 327529.395900002215058, -1944164.496499998494983 ], [ 327517.75880000507459, -1944171.2024 ], [ 327506.674500002060086, -1944177.909200003603473 ], [ 327496.379700007848442, -1944184.594299999065697 ], [ 327486.635300003457814, -1944191.168900002259761 ], [ 327476.044600006192923, -1944198.703100000973791 ], [ 327465.956400007475168, -1944206.160300003364682 ], [ 327455.664600005373359, -1944214.081200002226979 ], [ 327444.427800006698817, -1944223.034200003370643 ], [ 327433.57389999832958, -1944232.00199999846518 ], [ 327422.343799997121096, -1944241.570700002834201 ], [ 327401.555499999783933, -1944259.889600002206862 ], [ 327034.065489300061017, -1943291.543294646777213 ], [ 326069.530000003986061, -1940749.965700000990182 ], [ 328821.202200008090585, -1940009.130900003248826 ], [ 333689.545300004538149, -1940538.29860000195913 ], [ 334642.047200008295476, -1940749.965700000990182 ], [ 334382.490500007756054, -1943639.695199996698648 ], [ 334377.994600002653897, -1943646.439800002612174 ], [ 334367.702500007115304, -1943660.618799997959286 ], [ 334357.105199996381998, -1943673.99309999961406 ], [ 334345.982800004072487, -1943685.821200001286343 ], [ 334334.41170000564307, -1943696.510400000261143 ], [ 334322.502300008200109, -1943706.429900004062802 ], [ 334316.365499997977167, -1943710.915000000502914 ], [ 334310.244800009764731, -1943715.588899999391288 ], [ 334304.035000009462237, -1943720.074499999405816 ], [ 334297.734900008421391, -1943724.372799993492663 ], [ 334291.342899999115616, -1943728.484800001606345 ], [ 334284.754300005733967, -1943732.03299999749288 ], [ 334278.176700002979487, -1943735.773799998685718 ], [ 334271.504999996162951, -1943739.329900001408532 ], [ 334264.737899998668581, -1943742.701900000218302 ], [ 334257.978999995626509, -1943746.268300001509488 ], [ 334251.019100003875792, -1943749.273499997565523 ], [ 334243.961100009270012, -1943752.096099999733269 ], [ 334232.459600002970546, -1943756.420600004028529 ], [ 334220.426599998027086, -1943760.264400002313778 ], [ 334207.841399999335408, -1943763.635199998738244 ], [ 334194.676300007849932, -1943766.540999998338521 ], [ 334180.911600007675588, -1943768.987700001802295 ], [ 334166.598600001540035, -1943771.365000002086163 ], [ 334151.58370000263676, -1943773.30310000339523 ], [ 334135.79610000224784, -1943774.8112999915611 ], [ 334119.489699999336153, -1943775.88049999717623 ] ] ] } },
{ "type": "Feature", "properties": { "ID": 874, "YEAR": "2013-2014", "Perimtr_KM": 8.5936238333299997, "AREA_KM": 4.1127745409000003, "SCALE": 1, "THICKNES_M": 96.978081, "VOLUME_KM": 0.39884898256000001, "MASS_GT": 0.36574451701, "RECURRANCE": ">8", "UA_KM": 0.04296811917, "UH_M": 8.0491806833100004, "UC_KM": 0.03051761619, "REGION": "East", "ICESHELF": "Quatermain_Point" }, "geometry": { "type": "Polygon", "coordinates": [ [ [ 335912.049700004979968, -1934399.953000001842156 ], [ 337960.602000009268522, -1935883.7805999990087 ], [ 337947.939200006891042, -1935883.464099992532283 ], [ 337935.128999997861683, -1935883.684099996928126 ], [ 337906.071500005200505, -1935884.750999995740131 ], [ 337887.822700001299381, -1935885.443100000265986 ], [ 337869.604600003454834, -1935886.596900001866743 ], [ 337851.41600000904873, -1935888.2124 ], [ 337833.256100007332861, -1935890.2897 ], [ 337815.123700009658933, -1935892.828999997582287 ], [ 337797.017900007311255, -1935895.830400004284456 ], [ 337778.937400000169873, -1935899.294100002152845 ], [ 337760.881099996622652, -1935903.220300000626594 ], [ 337742.848600005730987, -1935907.609000000171363 ], [ 337725.511400007642806, -1935913.253799999132752 ], [ 337710.215800005011261, -1935921.741500002797693 ], [ 337694.265400003641844, -1935929.899800001177937 ], [ 337679.006000001914799, -1935939.315499992109835 ], [ 337663.762300003319979, -1935949.196100002620369 ], [ 337648.532699998933822, -1935959.542300004279241 ], [ 337633.315399999730289, -1935970.354600000660866 ], [ 337616.774199998471886, -1935980.041500001214445 ], [ 337598.893899996299297, -1935988.609500001184642 ], [ 337581.019899999722838, -1935997.645699993008748 ], [ 337563.150199996307492, -1936007.15120000205934 ], [ 337545.282500006258488, -1936017.127099998295307 ], [ 337527.414200001396239, -1936027.574899998726323 ], [ 337509.747000016737729, -1936038.593899995088577 ], [ 337491.971500008367002, -1936050.039199997670949 ], [ 337474.292200008407235, -1936062.008300001733005 ], [ 337456.600600003730506, -1936074.456500003812835 ], [ 337438.893199998419732, -1936087.386100004427135 ], [ 337421.16639999859035, -1936100.799699997995049 ], [ 337403.51880001090467, -1936114.748900000471622 ], [ 337385.741300010122359, -1936129.139600002206862 ], [ 337367.931600006762892, -1936144.024200002662838 ], [ 337350.186500003561378, -1936159.455699997022748 ], [ 337333.362200007308275, -1936174.39840000285767 ], [ 337316.494999998249114, -1936189.790799994720146 ], [ 337299.477099996991456, -1936205.588900002650917 ], [ 337282.344600006472319, -1936221.795999993104488 ], [ 337265.166400006506592, -1936238.467499999795109 ], [ 337247.919999998994172, -1936255.612000001128763 ], [ 337230.583800007589161, -1936273.23810000368394 ], [ 337213.176900005433708, -1936291.353300002403557 ], [ 337195.693099998403341, -1936309.94940000353381 ], [ 337178.104000001214445, -1936329.056300001684576 ], [ 337160.341500003356487, -1936348.6899000024423 ], [ 337142.447100006509572, -1936368.863099997863173 ], [ 337124.409200004301965, -1936389.589100001845509 ], [ 337106.204799995757639, -1936410.893999999389052 ], [ 337087.813100001774728, -1936432.802200003759935 ], [ 337069.207900004927069, -1936455.344900004100055 ], [ 337035.192400005180389, -1936497.492400000803173 ], [ 337000.390900006052107, -1936541.798800000920892 ], [ 336964.307500008959323, -1936588.900500001618639 ], [ 336926.257399995345622, -1936639.69109999970533 ], [ 336893.773900002241135, -1936683.791399993933737 ], [ 336858.244900007732213, -1936732.647799998521805 ], [ 336728.97000000718981, -1936907.906100000953302 ], [ 336679.315600006375462, -1936973.210900003090501 ], [ 336669.262000001035631, -1936986.382399998605251 ], [ 336659.143800009042025, -1936999.862799994647503 ], [ 336649.254099995829165, -1937014.152099993079901 ], [ 336639.411799997556955, -1937029.052800001576543 ], [ 336629.444400009699166, -1937044.354200000409037 ], [ 336619.460299998987466, -1937060.371399997733533 ], [ 334642.047200008295476, -1935669.955499998293817 ], [ 335912.049700004979968, -1934399.953000001842156 ] ] ] } },
{ "type": "Feature", "properties": { "ID": 875, "YEAR": "2013-2014", "Perimtr_KM": 12.191048116899999, "AREA_KM": 7.4225425427099996, "SCALE": 1, "THICKNES_M": 242.599391814, "VOLUME_KM": 1.8007043065699999, "MASS_GT": 1.6512458491299999, "RECURRANCE": "3-4", "UA_KM": 0.06095524058, "UH_M": 20.135749421300002, "UC_KM": 0.13777947371, "REGION": "East", "ICESHELF": "Mariner" }, "geometry": { "type": "Polygon", "coordinates": [ [ [ 344824.045299998950213, -1790171.854200000176206 ], [ 344766.93093787599355, -1790336.067254744935781 ], [ 344667.057600006461143, -1790623.219300004420802 ], [ 344120.79960294207558, -1790333.545740863541141 ], [ 343373.314600004348904, -1789937.1641 ], [ 345066.651399997062981, -1786497.573900000890717 ], [ 346482.000300007406622, -1786114.540099997771904 ], [ 346995.11980000231415, -1786934.29309999756515 ], [ 346232.481100004166365, -1787884.063300000969321 ], [ 345558.220000002533197, -1789338.100599997211248 ], [ 345445.001499999780208, -1789431.490800003055483 ], [ 345317.917999998200685, -1789816.82950000371784 ], [ 344824.045299998950213, -1790171.854200000176206 ] ] ] } },
{ "type": "Feature", "properties": { "ID": 877, "YEAR": "2013-2014", "Perimtr_KM": 50.556628013500003, "AREA_KM": 49.056289975600002, "SCALE": 2, "THICKNES_M": 119.491317395, "VOLUME_KM": 5.8618007157000003, "MASS_GT": 5.3752712562899996, "RECURRANCE": "1-2", "UA_KM": 0.25278314007000002, "UH_M": 9.9177792948800008, "UC_KM": 0.44851107129000001, "REGION": "West", "ICESHELF": "Swinburne" }, "geometry": { "type": "Polygon", "coordinates": [ [ [ -641591.285199995618314, -1230228.82479999656789 ], [ -641266.205799999181181, -1230460.370600000256673 ], [ -641214.48319999454543, -1230626.302799999481067 ], [ -641306.081363019067794, -1230731.332380044274032 ], [ -641418.40229999832809, -1230860.123400002485141 ], [ -641598.29499999852851, -1230788.277600004337728 ], [ -641771.776900002732873, -1230969.810300000477582 ], [ -641756.393299999646842, -1231261.42999999737367 ], [ -641608.500516290776432, -1231573.842873666668311 ], [ -641605.553799999412149, -1231580.067599998321384 ], [ -641356.056899998802692, -1231756.253800003789365 ], [ -641074.301900000311434, -1231998.10709999804385 ], [ -640273.10923560988158, -1232209.909483389230445 ], [ -640213.94489999813959, -1232225.550100000808015 ], [ -640233.270129327662289, -1232247.977963656419888 ], [ -640427.656800000928342, -1232473.573099999688566 ], [ -640790.237100003287196, -1232339.579599997028708 ], [ -641115.710334185976535, -1232328.883937784470618 ], [ -641470.791600001510233, -1232317.215300002600998 ], [ -641707.839699998497963, -1232669.947799997869879 ], [ -641753.45186515012756, -1232821.739774970104918 ], [ -641757.854099999647588, -1232836.389899992616847 ], [ -641576.217099999077618, -1233125.9753 ], [ -641478.335723203141242, -1233125.630775469820946 ], [ -641362.228700000792742, -1233125.222099997801706 ], [ -641282.75056164804846, -1232972.509172076592222 ], [ -641234.357899999711663, -1232879.525299998931587 ], [ -641039.880775764584541, -1232784.74224046850577 ], [ -640974.801899998448789, -1232753.024499994236976 ], [ -640508.722000000067055, -1232981.33829999435693 ], [ -640521.701716816984117, -1233065.273797875270247 ], [ -640529.357299997936934, -1233114.779899997403845 ], [ -640521.620641979854554, -1233138.363015141570941 ], [ -640425.926399999298155, -1233430.061099997255951 ], [ -640355.909899996127933, -1233621.383800002746284 ], [ -640396.87329999729991, -1234179.784499998670071 ], [ -640599.155200001783669, -1234301.097800003830343 ], [ -640635.974932546261698, -1234539.380479573970661 ], [ -640650.700923289172351, -1234634.681240626145154 ], [ -640661.942799999378622, -1234707.434200000716373 ], [ -640560.096798344980925, -1234930.927249399712309 ], [ -640495.684899999760091, -1235072.274099996546283 ], [ -640386.396899995394051, -1235253.055700001539662 ], [ -640137.389099997468293, -1235270.812299998477101 ], [ -640041.458992571104318, -1235253.503882889635861 ], [ -639957.180764809716493, -1235238.297783801797777 ], [ -639894.195400001946837, -1235226.933499998180196 ], [ -639815.658099997323006, -1235318.669899993576109 ], [ -639764.645699997898191, -1235517.871299997670576 ], [ -639743.679494304116815, -1235564.871269328985363 ], [ -639664.067400000989437, -1235743.337800002191216 ], [ -639330.144557144492865, -1236042.988169372314587 ], [ -639280.791199999861419, -1236087.276099991519004 ], [ -639059.240200004074723, -1235938.933400001842529 ], [ -639051.613728432916105, -1235912.500249571399763 ], [ -638919.142400001175702, -1235453.358100001467392 ], [ -638810.74207958439365, -1235489.072210747748613 ], [ -638457.773199997376651, -1235605.363099999725819 ], [ -638201.107500002253801, -1235618.670699996640906 ], [ -638100.033900001551956, -1235831.775999999605119 ], [ -638083.162000000942498, -1236081.425200000405312 ], [ -638051.967147587332875, -1236146.757127136690542 ], [ -638002.77930000051856, -1236249.772100003669038 ], [ -637888.403175530955195, -1236301.599400487495586 ], [ -637827.268899995833635, -1236329.30119999172166 ], [ -637714.809300000313669, -1236529.869900000281632 ], [ -637663.289560931734741, -1236578.67942410800606 ], [ -637469.40850000269711, -1236762.361300002085045 ], [ -637521.942942221648991, -1237029.434806809062138 ], [ -637541.39649999840185, -1237128.332400002982467 ], [ -637354.95709999743849, -1237443.428400001255795 ], [ -637305.76051433943212, -1237456.579449310200289 ], [ -636999.977999999187887, -1237538.320099997567013 ], [ -636143.595400000922382, -1238233.101300000213087 ], [ -635999.431999998167157, -1239137.528699994785711 ], [ -635994.035999994724989, -1240261.49170000012964 ], [ -636124.881600000429899, -1240890.446900000330061 ], [ -636506.27979999827221, -1241045.932399996789172 ], [ -636507.251721480395645, -1241048.871726821642369 ], [ -636621.161999998148531, -1241393.364100003847852 ], [ -636487.776249597780406, -1241494.238271779613569 ], [ -636436.551299997605383, -1241532.97759999986738 ], [ -636054.583099999465048, -1241519.531699999701232 ], [ -635934.43279999634251, -1242025.987000003224239 ], [ -635876.779500001110137, -1242347.936199997551739 ], [ -635547.655699995812029, -1242538.879299998981878 ], [ -635135.424600000493228, -1242469.25020000198856 ], [ -634852.848899997770786, -1242499.742400002665818 ], [ -634240.156599999871105, -1242738.284299999475479 ], [ -633734.187400000169873, -1242900.03080000076443 ], [ -633224.955200003925711, -1243119.90029999287799 ], [ -633311.675240209791809, -1243703.517744070151821 ], [ -633546.373599998652935, -1245283.014899999368936 ], [ -634698.503035866655409, -1243948.970188723411411 ], [ -634803.146899999585003, -1243827.803599996957928 ], [ -636687.824065014254302, -1242571.352214217418805 ], [ -636985.963799997698516, -1242372.59239999926649 ], [ -639036.48869999917224, -1241512.69479999365285 ], [ -640623.991900000255555, -1240189.775500001152977 ], [ -643071.392600001767278, -1238337.688499996438622 ], [ -641815.371834268793464, -1236378.296026459662244 ], [ -641662.423761022742838, -1236139.697022580076009 ], [ -641571.039782986510545, -1235997.13801109069027 ], [ -641417.743500000797212, -1235757.995799998287112 ], [ -641974.405954258982092, -1235368.33209884702228 ], [ -642079.203099997714162, -1235294.974100004415959 ], [ -643931.290200000628829, -1233972.054700000444427 ], [ -644394.311900001019239, -1231723.091899995459244 ], [ -643387.576086233835667, -1230435.793271432397887 ], [ -643115.514400001615286, -1230087.911899996455759 ], [ -642998.166200001724064, -1230238.78819999913685 ], [ -642554.548999994527549, -1230420.201799997128546 ], [ -642467.317052705679089, -1230406.212009927257895 ], [ -642380.47220000019297, -1230392.284299998078495 ], [ -642218.540954471100122, -1230366.405130789615214 ], [ -642112.2195999994874, -1230349.413299998501316 ], [ -641994.156937667634338, -1230224.942750046262518 ], [ -641858.691799997352064, -1230082.125200000591576 ], [ -641591.285199995618314, -1230228.82479999656789 ] ] ] } },
{ "type": "Feature", "properties": { "ID": 878, "YEAR": "2013-2014", "Perimtr_KM": 25.9429650045, "AREA_KM": 16.8728136302, "SCALE": 2, "THICKNES_M": 33.192044992600003, "VOLUME_KM": 0.56004318915999995, "MASS_GT": 0.51355960447000004, "RECURRANCE": "1-2", "UA_KM": 0.12971482502000001, "UH_M": 2.7549397208, "UC_KM": 0.04285126413, "REGION": "West", "ICESHELF": "Sulzberger" }, "geometry": { "type": "Polygon", "coordinates": [ [ [ -647291.390332131180912, -1236305.543442403664812 ], [ -647304.734400001354516, -1236353.309500002069399 ], [ -650149.011000001337379, -1238668.418299991637468 ], [ -650786.15512533346191, -1239064.480866507161409 ], [ -651888.244298278354108, -1239749.56332901888527 ], [ -652596.411699996329844, -1240189.775500001152977 ], [ -656366.731699997093529, -1239925.191699997521937 ], [ -656820.337241540197283, -1239296.066183464135975 ], [ -657204.93939999723807, -1238762.644499999005347 ], [ -657036.953400002792478, -1238341.153800002066419 ], [ -656673.395600000862032, -1238329.035100003471598 ], [ -655857.108899999875575, -1238300.240599998738617 ], [ -655451.627400001976639, -1238201.622900002170354 ], [ -654755.540199995506555, -1238681.254099996061996 ], [ -654267.051900001242757, -1238370.139899998670444 ], [ -653845.342999996151775, -1238388.802700004307553 ], [ -653808.623500002548099, -1238392.042600000975654 ], [ -653810.606999999377877, -1238368.328099996550009 ], [ -653845.081300001591444, -1237992.646700001787394 ], [ -653584.221100000198931, -1237882.641399995423853 ], [ -652941.762600000482053, -1237837.861900002462789 ], [ -652892.229173939209431, -1237832.890505768125877 ], [ -652621.736652640625834, -1237805.742677145870402 ], [ -652308.450599995907396, -1237774.299899997888133 ], [ -652000.621219402179122, -1237646.275888063013554 ], [ -651311.964399999007583, -1237359.868500002659857 ], [ -650818.883299998939037, -1236862.859299995703623 ], [ -650800.609599998686463, -1236844.651399998227134 ], [ -650782.559500003699213, -1236856.770999998552725 ], [ -650051.634700001217425, -1237274.687199991429225 ], [ -648215.394239086657763, -1235760.900517986156046 ], [ -647624.120800000149757, -1235273.457899999804795 ], [ -646876.396400002297014, -1234820.042600000975654 ], [ -647291.390332131180912, -1236305.543442403664812 ] ] ] } },
{ "type": "Feature", "properties": { "ID": 879, "YEAR": "2013-2014", "Perimtr_KM": 19.2425686865, "AREA_KM": 7.7522066693099996, "SCALE": 1, "THICKNES_M": 416.63584899900002, "VOLUME_KM": 3.2298472072800002, "MASS_GT": 2.9617698890800002, "RECURRANCE": "1-2", "UA_KM": 0.09621284343, "UH_M": 34.580775296399999, "UC_KM": 0.2471292187, "REGION": "East", "ICESHELF": "Vincennes_Bay" }, "geometry": { "type": "Polygon", "coordinates": [ [ [ 2420264.993700005114079, -895928.000145787606016 ], [ 2420648.728000009432435, -896189.486200004350394 ], [ 2420903.570646315813065, -897014.495572045212612 ], [ 2420910.236096790991724, -897036.073825089028105 ], [ 2421059.325899997726083, -897518.726500001735985 ], [ 2421138.701099998317659, -898550.6034999943804 ], [ 2421542.651613723486662, -898606.968694011447951 ], [ 2422095.522250685840845, -898684.113442342262715 ], [ 2422459.631318837404251, -898734.919364282861352 ], [ 2422595.785938926041126, -898753.917685405816883 ], [ 2422845.267000009305775, -898788.728999991435558 ], [ 2422891.597672082483768, -899101.460917812073603 ], [ 2422894.064100005663931, -899118.109299996169284 ], [ 2422922.737834903411567, -899130.800332361832261 ], [ 2424703.393046932294965, -899918.920645513106138 ], [ 2424750.270800002850592, -899939.668799998704344 ], [ 2424959.601708527654409, -900264.131713491398841 ], [ 2425498.586787841282785, -901099.558600001269951 ], [ 2425503.332800005562603, -901106.914918976370245 ], [ 2425518.974142342805862, -901131.158999998820946 ], [ 2425544.022400002926588, -901169.983799999812618 ], [ 2425547.362038969062269, -901260.268038966460153 ], [ 2425558.573210129514337, -901563.352314561372623 ], [ 2425562.232264674268663, -901662.271676449105144 ], [ 2425564.655026185326278, -901727.768929765792564 ], [ 2425574.996700008399785, -902007.347100001759827 ], [ 2425124.127800003625453, -901840.007951176958159 ], [ 2425112.380917843431234, -901835.6481178405229 ], [ 2424406.238822252489626, -901573.564800002612174 ], [ 2424371.623794160783291, -901560.717497079167515 ], [ 2424321.096536722034216, -901541.96439999807626 ], [ 2424291.551737872883677, -901530.998903176514432 ], [ 2423858.722927838563919, -901370.355300002498552 ], [ 2423656.393199997954071, -901295.261000001337379 ], [ 2422942.071600009687245, -900958.122699996922165 ], [ 2422938.672811836004257, -900954.48249999480322 ], [ 2422791.509359274990857, -900796.866204816615209 ], [ 2422230.246200003661215, -900195.737199998926371 ], [ 2422145.640199999324977, -899767.69009999698028 ], [ 2422138.406040891073644, -899710.49205063492991 ], [ 2422092.108000008389354, -899344.42909999191761 ], [ 2421536.43200000654906, -898889.649299999000505 ], [ 2421535.276495768688619, -898889.457158542005345 ], [ 2420845.440158119425178, -898774.748658114345744 ], [ 2420437.583099996671081, -898706.928699997486547 ], [ 2420450.550778878852725, -898498.175299998372793 ], [ 2420510.183600014075637, -897538.207500001648441 ], [ 2420385.794670649804175, -897112.810750202508643 ], [ 2420124.475525233894587, -896219.127400000346825 ], [ 2420029.461101497523487, -895894.188297721324489 ], [ 2419983.199500005692244, -895735.978599998401478 ], [ 2420264.993700005114079, -895928.000145787606016 ] ] ] } },
{ "type": "Feature", "properties": { "ID": 880, "YEAR": "2013-2014", "Perimtr_KM": 5.53931187376, "AREA_KM": 1.7227809837400001, "SCALE": 1, "THICKNES_M": 182.87660217300001, "VOLUME_KM": 0.31505633259, "MASS_GT": 0.28890665699000001, "RECURRANCE": "3-4", "UA_KM": 0.02769655937, "UH_M": 15.178757905499999, "UC_KM": 0.02410628749, "REGION": "East", "ICESHELF": "Underwood" }, "geometry": { "type": "Polygon", "coordinates": [ [ [ 2406849.283614424057305, -825507.51911159651354 ], [ 2406891.401000001467764, -825512.595150120556355 ], [ 2407327.423400008119643, -825565.145099999150261 ], [ 2407312.294593189842999, -825948.616393178934231 ], [ 2407311.352293510921299, -825972.500951960217208 ], [ 2407306.719255635514855, -826089.934999997960404 ], [ 2407283.642047766596079, -826674.875164006371051 ], [ 2407269.791800007224083, -827025.938700004480779 ], [ 2406743.363899998366833, -826833.95820000092499 ], [ 2406376.647999998182058, -826534.31239999900572 ], [ 2405877.2571, -826153.416099998634309 ], [ 2405506.918299995362759, -825938.298300005495548 ], [ 2405898.148785952478647, -825665.627765003126115 ], [ 2406130.081976629793644, -825503.980476627824828 ], [ 2406231.785599997267127, -825433.097499993629754 ], [ 2406849.283614424057305, -825507.51911159651354 ] ] ] } },
{ "type": "Feature", "properties": { "ID": 881, "YEAR": "2013-2014", "Perimtr_KM": 13.993212253399999, "AREA_KM": 7.6787334719800002, "SCALE": 1, "THICKNES_M": 229.76048278799999, "VOLUME_KM": 1.7642695097200001, "MASS_GT": 1.61783514042, "RECURRANCE": "2-3", "UA_KM": 0.06996606127, "UH_M": 19.070119977400001, "UC_KM": 0.13499169389, "REGION": "East", "ICESHELF": "Underwood" }, "geometry": { "type": "Polygon", "coordinates": [ [ [ 2450582.169226872734725, -797453.363824632484466 ], [ 2450486.195400001481175, -797476.642200003610924 ], [ 2450499.224004476331174, -797516.083199996966869 ], [ 2450527.496710771694779, -797601.672091074055061 ], [ 2450665.055699997581542, -798018.099199997726828 ], [ 2450838.167271602898836, -798228.139601297443733 ], [ 2450896.706628403626382, -798299.166800003265962 ], [ 2451098.826200009323657, -798544.403299996629357 ], [ 2451604.109400001354516, -798300.358223813585937 ], [ 2451899.924000003375113, -798157.483699997887015 ], [ 2451743.612645891495049, -798800.482756544137374 ], [ 2451547.229082388803363, -799608.322000003652647 ], [ 2451525.893742298707366, -799696.086600498994812 ], [ 2451524.678964058868587, -799701.083686380181462 ], [ 2451371.017990012653172, -800333.180195935070515 ], [ 2451192.12049999460578, -801069.089099997887388 ], [ 2450317.384950909763575, -800967.157054275274277 ], [ 2449879.235708945430815, -800916.099967810092494 ], [ 2449682.498313743621111, -800893.174358826363459 ], [ 2449543.984102194197476, -800877.033438341226429 ], [ 2449401.214884389191866, -800860.396686291322112 ], [ 2449134.005400000140071, -800829.259036282543093 ], [ 2449076.277201298624277, -800822.532027879729867 ], [ 2448707.027200003154576, -800779.50369999720715 ], [ 2449057.979024177417159, -800474.866163371130824 ], [ 2449269.539300006814301, -800291.225000004284084 ], [ 2449233.349628365598619, -799656.878864161670208 ], [ 2449221.544599996879697, -799449.955899997847155 ], [ 2449177.204897758550942, -799293.311433507828042 ], [ 2449165.761456493288279, -799252.883743152953684 ], [ 2449044.578300006687641, -798824.764699996216223 ], [ 2448963.938199997879565, -798440.039899994852021 ], [ 2448995.677500006742775, -798439.412970006000251 ], [ 2449236.432977116666734, -798434.657451521139592 ], [ 2449247.143100003711879, -798434.445900002028793 ], [ 2449257.429900006391108, -797888.721299999626353 ], [ 2449423.656967635266483, -797729.135953533230349 ], [ 2449654.394399999640882, -797507.617800002451986 ], [ 2450049.113516719080508, -797343.284383033635095 ], [ 2450395.509500479325652, -797199.069336879067123 ], [ 2450726.750229706987739, -797061.163878114661202 ], [ 2450768.612400006502867, -797043.735400000121444 ], [ 2451141.10869999602437, -797317.793499996652827 ], [ 2450582.169226872734725, -797453.363824632484466 ] ] ] } },
{ "type": "Feature", "properties": { "ID": 882, "YEAR": "2013-2014", "Perimtr_KM": 21.4213576655, "AREA_KM": 10.0683286902, "SCALE": 2, "THICKNES_M": 140.07336493099999, "VOLUME_KM": 1.41030467887, "MASS_GT": 1.29324939052, "RECURRANCE": "5-6", "UA_KM": 0.10710678833, "UH_M": 11.6260892319, "UC_KM": 0.10790835326000001, "REGION": "West", "ICESHELF": "Abbot_4" }, "geometry": { "type": "Polygon", "coordinates": [ [ [ -1965100.474399995990098, -255290.549299998674542 ], [ -1965098.439899997320026, -255319.478199992328882 ], [ -1966355.686528489924967, -253505.803532628808171 ], [ -1966434.588699999731034, -253391.981099999044091 ], [ -1966453.050574062624946, -253170.438615868333727 ], [ -1966831.464499999769032, -248629.471600000746548 ], [ -1967823.086899998132139, -245380.8436000039801 ], [ -1967773.1505, -245428.605899999383837 ], [ -1967723.567299999296665, -245476.667900001164526 ], [ -1967674.897399996872991, -245523.818300004117191 ], [ -1967626.660799999255687, -245571.095400004647672 ], [ -1967578.697299998719245, -245618.845100001432002 ], [ -1967530.846599997486919, -245667.413699992466718 ], [ -1967476.527499998454005, -245717.662199999205768 ], [ -1967418.22719999961555, -245768.669299999717623 ], [ -1967360.280000000726432, -245819.976000001188368 ], [ -1967313.521499999798834, -245870.435299998614937 ], [ -1967267.207399998791516, -245921.147100003901869 ], [ -1967221.702999997884035, -245971.922600000631064 ], [ -1967176.551699996460229, -246022.997699991799891 ], [ -1967131.753400003770366, -246074.37249999679625 ], [ -1967087.308300001779571, -246126.047000000718981 ], [ -1967037.259099997812882, -246179.007300003897399 ], [ -1966986.096299999626353, -246232.501999993342906 ], [ -1966936.66200000140816, -246286.108900001272559 ], [ -1966893.081299999728799, -246339.265199993737042 ], [ -1966849.853799995733425, -246392.721199999563396 ], [ -1966807.214000001084059, -246446.46030000038445 ], [ -1966765.279399998951703, -246500.474099999759346 ], [ -1966723.698099999222904, -246554.787599998526275 ], [ -1966680.848500000312924, -246609.624199999496341 ], [ -1966634.835699999704957, -246665.172600000165403 ], [ -1966588.8819, -246721.037100001703948 ], [ -1966548.125999995740131, -246776.59080000128597 ], [ -1966478.918000003322959, -246872.096700004301965 ], [ -1966416.024399995571002, -246959.96529999980703 ], [ -1966357.590100000146776, -247042.935199995990843 ], [ -1966295.564699995797127, -247123.60280000185594 ], [ -1966265.620199999772012, -247162.853299994487315 ], [ -1966239.097299999324605, -247200.984599999152124 ], [ -1966214.134599995799363, -247238.370699999853969 ], [ -1966189.726499997079372, -247275.233500002883375 ], [ -1966165.974499997682869, -247311.574900002218783 ], [ -1966142.7911, -247347.449800002388656 ], [ -1966119.945899996906519, -247382.973200003150851 ], [ -1966097.628400002606213, -247418.093400004319847 ], [ -1966075.546099998988211, -247453.27840000204742 ], [ -1966053.973200000822544, -247488.100399999879301 ], [ -1966031.61359999794513, -247522.860999999102205 ], [ -1966009.524599996395409, -247557.345600000116974 ], [ -1965987.908199997851625, -247591.527299999259412 ], [ -1965966.970500001683831, -247625.372300000395626 ], [ -1965947.771699995268136, -247658.661800001747906 ], [ -1965929.022300001000986, -247691.687999993562698 ], [ -1965910.750999998766929, -247724.389199998229742 ], [ -1965892.959800001699477, -247756.762400001753122 ], [ -1965875.600099998526275, -247788.904599996749312 ], [ -1965858.667100000195205, -247820.824700003024191 ], [ -1965842.155999996932223, -247852.532099996693432 ], [ -1965826.020300002768636, -247884.120499996934086 ], [ -1965810.34199999878183, -247915.423299999441952 ], [ -1965794.874699994456023, -247946.545999996829778 ], [ -1965780.61680000112392, -247974.3838000013493 ], [ -1965766.533000000286847, -248002.568199996370822 ], [ -1965752.888799996580929, -248031.002799998503178 ], [ -1965739.831199997570366, -248059.594199996907264 ], [ -1965727.4019, -248088.509400000795722 ], [ -1965715.842999994521961, -248117.653099997434765 ], [ -1965704.623100000666454, -248147.062399995978922 ], [ -1965693.807599995750934, -248176.653499998617917 ], [ -1965683.262499996228144, -248206.602899996098131 ], [ -1965672.98569999774918, -248236.916999998036772 ], [ -1965663.042199999559671, -248267.512399998959154 ], [ -1965653.430700001074001, -248298.393500002101064 ], [ -1965644.149699999019504, -248329.564699999056756 ], [ -1965635.197799995541573, -248361.031400000210851 ], [ -1965626.573500000871718, -248392.798599998001009 ], [ -1965617.201400001067668, -248424.849199992138892 ], [ -1965607.983699999283999, -248457.1715999962762 ], [ -1965599.26709999749437, -248489.815499999094754 ], [ -1965590.692399999592453, -248522.779399998020381 ], [ -1965583.689599995268509, -248556.100900005549192 ], [ -1965577.004499999806285, -248589.75990000134334 ], [ -1965570.635499998927116, -248623.765099996235222 ], [ -1965564.580999998142943, -248658.124900000635535 ], [ -1965558.839499994646758, -248692.848099996335804 ], [ -1965553.410599996568635, -248727.93559999903664 ], [ -1965548.291299997828901, -248763.406399996951222 ], [ -1965543.479999997420236, -248799.271400003693998 ], [ -1965538.975100001320243, -248835.542799999006093 ], [ -1965533.823800002923235, -248872.307199997827411 ], [ -1965528.817000002600253, -248909.517299997620285 ], [ -1965523.953299995046109, -248947.188100001309067 ], [ -1965519.865300001576543, -248985.286000001244247 ], [ -1965517.142399996519089, -249020.096499998588115 ], [ -1965514.6624, -249055.316399996634573 ], [ -1965512.424199993722141, -249090.961300001014024 ], [ -1965510.42679999792017, -249127.048599992413074 ], [ -1965508.669100001920015, -249163.594300000928342 ], [ -1965507.150099998572841, -249200.622100000269711 ], [ -1965505.868699997430667, -249238.154800002928823 ], [ -1965504.824100001249462, -249276.218299998901784 ], [ -1965503.496899999445304, -249314.994900001212955 ], [ -1965501.885000001639128, -249354.561999998055398 ], [ -1965500.507399999070913, -249394.753999998327345 ], [ -1965499.623299997067079, -249435.51209999807179 ], [ -1965499.752300001680851, -249476.670399998314679 ], [ -1965500.115099991904572, -249518.594899997580796 ], [ -1965500.712299995590001, -249561.346299996133894 ], [ -1965501.544899998931214, -249604.999700000975281 ], [ -1965503.560999996494502, -249683.405499997548759 ], [ -1965505.658100002910942, -249765.507599995471537 ], [ -1965506.228200001176447, -249852.315400002524257 ], [ -1965509.907400001306087, -249944.739799991715699 ], [ -1965514.346599999349564, -250030.16259999293834 ], [ -1965519.648299996275455, -250125.111299996264279 ], [ -1965533.944099996704608, -250467.114399992395192 ], [ -1965541.864499999210238, -250606.67920000012964 ], [ -1965545.095199995208532, -250681.96779999230057 ], [ -1965547.280900003388524, -250752.844199993647635 ], [ -1965549.874600000679493, -250819.338500001933426 ], [ -1965552.385400001425296, -250882.612099998630583 ], [ -1965554.921900002285838, -250957.494700000621378 ], [ -1965556.856299998471513, -251029.403599996119738 ], [ -1965557.7862000009045, -251098.610899996478111 ], [ -1965553.149099997943267, -251163.063599996268749 ], [ -1965548.34710000292398, -251225.921700001694262 ], [ -1965547.948099997825921, -251289.668900001328439 ], [ -1965546.966899999417365, -251351.886000002268702 ], [ -1965545.401599999517202, -251412.703099993057549 ], [ -1965544.132499996107072, -251449.860400000587106 ], [ -1965542.635699997190386, -251486.544000000692904 ], [ -1965540.910300001502037, -251522.77529999287799 ], [ -1965537.858399996068329, -251558.4682 ], [ -1965534.027499997057021, -251593.695099996868521 ], [ -1965529.690899997251108, -251628.495900003705174 ], [ -1965525.121799999382347, -251662.912000002805144 ], [ -1965521.690100000938401, -251697.088200000114739 ], [ -1965518.571199997328222, -251730.970299997832626 ], [ -1965515.21629999903962, -251764.5046999999322 ], [ -1965511.624599996255711, -251797.702200001105666 ], [ -1965507.794799994910136, -251830.572700002230704 ], [ -1965503.725900001823902, -251863.126400002278388 ], [ -1965499.416799999540672, -251895.370900001842529 ], [ -1965494.866399996448308, -251927.314499999396503 ], [ -1965490.073799998033792, -251958.964500000700355 ], [ -1965485.030099997296929, -251990.373900000937283 ], [ -1965477.38349999813363, -252021.111399994231761 ], [ -1965469.4904999951832, -252051.574499996844679 ], [ -1965462.042800000868738, -252081.914599993266165 ], [ -1965454.346599991433322, -252111.992299996316433 ], [ -1965447.619199997978285, -252142.08119999896735 ], [ -1965441.950399997644126, -252172.11699999589473 ], [ -1965435.168100001290441, -252201.683099997229874 ], [ -1965428.99460000032559, -252231.23050000378862 ], [ -1965422.567299998132512, -252260.53870000038296 ], [ -1965415.023599998326972, -252289.390100000891834 ], [ -1965408.086199998157099, -252318.232099991291761 ], [ -1965400.892099995398894, -252346.846799998544157 ], [ -1965392.578499997733161, -252375.015499997884035 ], [ -1965384.868299998342991, -252403.185300001874566 ], [ -1965376.898399997036904, -252431.137499992270023 ], [ -1965365.463700000196695, -252461.794599991757423 ], [ -1965352.265900002792478, -252492.703100001439452 ], [ -1965338.680900001898408, -252524.374699999112636 ], [ -1965326.104499998968095, -252557.515099995303899 ], [ -1965312.707899995148182, -252591.08020000346005 ], [ -1965299.219399996101856, -252625.545400002971292 ], [ -1965284.742499997839332, -252661.013299999758601 ], [ -1965270.251899996772408, -252698.030999996699393 ], [ -1965256.426099998643622, -252730.036400004755706 ], [ -1965241.622899998677894, -252763.360400001518428 ], [ -1965226.757699999259785, -252798.65610000025481 ], [ -1965209.376700000371784, -252835.901000002864748 ], [ -1965174.755099996458739, -252906.872500000987202 ], [ -1965100.770699997898191, -253036.172299998346716 ], [ -1965074.35050000064075, -253087.595000001136214 ], [ -1965047.613899995107204, -253140.417199996765703 ], [ -1965024.040300001390278, -253188.004099999088794 ], [ -1965011.633999998681247, -253215.706099995877594 ], [ -1964999.925299995578825, -253242.428200001828372 ], [ -1964988.831199998036027, -253268.34449999500066 ], [ -1964978.29759999923408, -253293.570399996358901 ], [ -1964968.266399994492531, -253318.233799999114126 ], [ -1964958.719900001306087, -253342.375699994154274 ], [ -1964949.543900003191084, -253366.949700004886836 ], [ -1964940.782899999059737, -253391.335999997332692 ], [ -1964930.452300002099946, -253420.547699992079288 ], [ -1964920.894299994688481, -253449.236100002191961 ], [ -1964911.972099997568876, -253477.262399994302541 ], [ -1964903.551699999487028, -253503.822399998083711 ], [ -1964894.821199998725206, -253529.611200003419071 ], [ -1964887.487599997082725, -253555.513199998997152 ], [ -1964880.683800002094358, -253581.128199998755008 ], [ -1964873.544899996370077, -253606.051099993754178 ], [ -1964867.770000001648441, -253631.199399997945875 ], [ -1964862.5071, -253656.12810000218451 ], [ -1964856.893699999433011, -253680.425400001462549 ], [ -1964852.64119999925606, -253704.967699999921024 ], [ -1964848.031099996995181, -253728.911899992264807 ], [ -1964843.918800001498312, -253752.699499998707324 ], [ -1964841.159499999368563, -253776.772999996785074 ], [ -1964838.036599996499717, -253800.283599991351366 ], [ -1964827.725400000577793, -253876.507299994118512 ], [ -1964823.127999994438142, -253935.379299991764128 ], [ -1964817.901000000536442, -253986.434899997897446 ], [ -1964813.734800001606345, -254033.387400002684444 ], [ -1964811.693500000517815, -254079.53559999819845 ], [ -1964810.403899998404086, -254101.365199998486787 ], [ -1964809.352000003214926, -254122.657700000330806 ], [ -1964808.535100002307445, -254143.473900000099093 ], [ -1964807.952399998670444, -254163.836899997666478 ], [ -1964807.603100002277642, -254183.778600001707673 ], [ -1964807.486699996050447, -254203.324200002010912 ], [ -1964807.611199998296797, -254223.139500001445413 ], [ -1964807.984499996062368, -254242.575799998827279 ], [ -1964808.607199997408316, -254261.651099995709956 ], [ -1964807.350799997337162, -254279.858000000473112 ], [ -1964807.460100000491366, -254298.162399993278086 ], [ -1964808.192399998661131, -254316.2881 ], [ -1964809.0162, -254334.115200004540384 ], [ -1964810.253299997188151, -254351.628699997439981 ], [ -1964810.107599996728823, -254368.083599997218698 ], [ -1964812.336300001945347, -254384.992199995554984 ], [ -1964814.9814, -254401.608899996615946 ], [ -1964817.883200000505894, -254417.951100002042949 ], [ -1964819.4048999955412, -254433.248799995519221 ], [ -1964822.82329999608919, -254449.058199994731694 ], [ -1964826.501200002618134, -254464.607500000856817 ], [ -1964830.439599994570017, -254479.900699991732836 ], [ -1964833.511799995787442, -254495.26739999698475 ], [ -1964839.020899998955429, -254511.559200001414865 ], [ -1964843.702799995895475, -254527.258899999316782 ], [ -1964850.850900002289563, -254543.96439999807626 ], [ -1964857.200099996756762, -254560.152299996931106 ], [ -1964864.430599996820092, -254576.691599996294826 ], [ -1964872.5847, -254593.665500001050532 ], [ -1964881.73149999557063, -254611.199299996718764 ], [ -1964891.114299998851493, -254626.322000002488494 ], [ -1964899.632199998479337, -254641.257499993778765 ], [ -1964909.028699998278171, -254656.94610000308603 ], [ -1964919.518800003454089, -254673.708900002762675 ], [ -1964938.767800001427531, -254704.202900000382215 ], [ -1964980.480699999723583, -254774.913999997545034 ], [ -1964991.386400000657886, -254793.907699991483241 ], [ -1965001.09270000224933, -254811.185199996922165 ], [ -1965011.275999997975305, -254829.496699993032962 ], [ -1965021.105099996319041, -254847.029699997976422 ], [ -1965031.890000000130385, -254864.776400002185255 ], [ -1965041.73269999679178, -254881.939399995841086 ], [ -1965051.030000002356246, -254899.271300001069903 ], [ -1965059.444400001782924, -254916.210999997332692 ], [ -1965067.015500000678003, -254932.838399995584041 ], [ -1965073.769200002308935, -254949.210499995853752 ], [ -1965079.730599998962134, -254965.390400003641844 ], [ -1965084.907699995674193, -254981.4023999995552 ], [ -1965089.311500003095716, -254997.280600001104176 ], [ -1965092.949300000444055, -255013.052000002004206 ], [ -1965097.269199997652322, -255035.625800000037998 ], [ -1965101.018899998627603, -255058.875399998854846 ], [ -1965104.196399997454137, -255082.787700003944337 ], [ -1965106.799499998334795, -255107.347200000658631 ], [ -1965108.826699997996911, -255132.540399996563792 ], [ -1965108.992799999192357, -255157.53530000243336 ], [ -1965108.2589, -255182.916600001510233 ], [ -1965106.944999995874241, -255208.860399991739541 ], [ -1965105.049499999731779, -255235.399699993897229 ], [ -1965102.571399997919798, -255262.440099996048957 ], [ -1965100.474399995990098, -255290.549299998674542 ] ] ] } },
{ "type": "Feature", "properties": { "ID": 885, "YEAR": "2013-2014", "Perimtr_KM": 36.620308030499999, "AREA_KM": 24.918831029300001, "SCALE": 2, "THICKNES_M": 227.173921466, "VOLUME_KM": 5.6609085632699996, "MASS_GT": 5.1910531525200003, "RECURRANCE": "1-2", "UA_KM": 0.18310154015, "UH_M": 18.855435388699998, "UC_KM": 0.43313996626000001, "REGION": "East", "ICESHELF": "Helen" }, "geometry": { "type": "Polygon", "coordinates": [ [ [ 2573052.392138339579105, -164659.562747161835432 ], [ 2573068.728151846677065, -164752.747362056281418 ], [ 2573265.032528438605368, -165872.515518892090768 ], [ 2573387.090600001625717, -166568.764600000344217 ], [ 2573632.980527178384364, -166591.118227181024849 ], [ 2573795.186088176444173, -166605.864185580052435 ], [ 2573860.309217172674835, -166611.784469356760383 ], [ 2573942.591134031303227, -166619.264642762951553 ], [ 2574482.290818170644343, -166668.328244790900499 ], [ 2576879.597600010223687, -166886.265199993271381 ], [ 2577053.747224331833422, -167234.564448636490852 ], [ 2577178.913431256078184, -167484.896862485446036 ], [ 2577181.078668951056898, -167489.227337883319706 ], [ 2577247.731008596718311, -167622.532017167191952 ], [ 2577363.313058904372156, -167853.696117775049061 ], [ 2577670.237217176705599, -168467.544434327166528 ], [ 2577822.764127208851278, -168772.598254390526563 ], [ 2577841.308293267153203, -168809.686586501542479 ], [ 2577990.849800010211766, -169108.7695999937132 ], [ 2577990.58312573749572, -169114.236423195805401 ], [ 2577946.138250383548439, -170025.356465961784124 ], [ 2577940.594199734739959, -170139.009516433347017 ], [ 2577927.917293104343116, -170398.886130329221487 ], [ 2577927.150327950716019, -170414.608917735051364 ], [ 2577924.854757910594344, -170461.668108538258821 ], [ 2577920.187069613486528, -170557.35572894802317 ], [ 2577907.380665383301675, -170819.887043902184814 ], [ 2577900.847626760601997, -170953.814350018743426 ], [ 2577899.663575668819249, -170978.087400001473725 ], [ 2577898.930695546790957, -170993.111444090493023 ], [ 2577898.206318187527359, -171007.961181593127549 ], [ 2577890.7879090718925, -171160.03858477761969 ], [ 2577876.215097270905972, -171458.781258809380233 ], [ 2577873.786201545968652, -171508.573626521043479 ], [ 2577863.107516187243164, -171727.486699996516109 ], [ 2577862.668187830597162, -171736.49293219903484 ], [ 2577858.181875763460994, -171828.462339440826327 ], [ 2577852.050514437258244, -171954.155260081402957 ], [ 2577843.478839955292642, -172129.874605944845825 ], [ 2577834.415572154335678, -172315.671615779399872 ], [ 2577832.099500000476837, -172363.151099991519004 ], [ 2577739.330300758592784, -172432.688040577340871 ], [ 2577647.662570482119918, -172501.399353872984648 ], [ 2577534.447430042549968, -172586.261943596880883 ], [ 2577254.893794742412865, -172795.806756816804409 ], [ 2576920.962996580637991, -173046.111020090058446 ], [ 2575924.541699999012053, -173792.997799997683614 ], [ 2575789.900846993550658, -173642.964682017918676 ], [ 2575437.320550259202719, -173250.077084553427994 ], [ 2575382.039900005795062, -173188.476699997205287 ], [ 2574639.112900002859533, -173309.398600003682077 ], [ 2574560.195200003683567, -173064.003699999768287 ], [ 2574834.203200000338256, -172376.180499994195998 ], [ 2575695.006700000725687, -171902.937700002454221 ], [ 2576663.697500009089708, -171229.136700003407896 ], [ 2576205.20620000269264, -170708.747099995613098 ], [ 2576172.716300006024539, -170150.129899997729808 ], [ 2575506.914700004272163, -169865.001800002530217 ], [ 2574813.669799995608628, -169752.101199997588992 ], [ 2574859.0926, -169349.239799996837974 ], [ 2575985.432700010016561, -168711.946299998555332 ], [ 2575161.604850520379841, -168223.324599090032279 ], [ 2574910.689600004814565, -168074.503899998031557 ], [ 2574783.797718926332891, -167948.733075644820929 ], [ 2574744.328822930343449, -167909.612877065781504 ], [ 2574604.817698359489441, -167771.334296952933073 ], [ 2574298.719100004062057, -167467.939999999944121 ], [ 2574210.310877183452249, -167626.411522313021123 ], [ 2574114.730863016098738, -167797.738463015295565 ], [ 2573936.376400010660291, -168117.438399993348867 ], [ 2573395.84914359357208, -167819.67362328665331 ], [ 2573194.324400006793439, -167708.657999998424202 ], [ 2572620.314933823421597, -167954.120789676439017 ], [ 2572525.669200003147125, -167994.594000003300607 ], [ 2572152.071500006131828, -168184.370499995537102 ], [ 2571401.732234896160662, -168152.723872557282448 ], [ 2570981.360599998384714, -168134.994099999777973 ], [ 2570391.72029753960669, -168106.734150427393615 ], [ 2570194.867500005289912, -168097.299499997403473 ], [ 2570050.706600004807115, -168896.095999994315207 ], [ 2569600.779300006106496, -167415.228100000414997 ], [ 2570306.502799996174872, -166516.793699996545911 ], [ 2570978.530099995434284, -166051.377600002102554 ], [ 2572461.871900003403425, -165178.530693667475134 ], [ 2572586.628199998289347, -165105.119999994058162 ], [ 2572661.015084161423147, -164997.168699999339879 ], [ 2573020.197700007818639, -164475.917800002265722 ], [ 2573052.392138339579105, -164659.562747161835432 ] ] ] } },
{ "type": "Feature", "properties": { "ID": 886, "YEAR": "2013-2014", "Perimtr_KM": 25.7649835235, "AREA_KM": 42.606991697399998, "SCALE": 2, "THICKNES_M": 285.49939409900003, "VOLUME_KM": 12.164270314, "MASS_GT": 11.154635877900001, "RECURRANCE": "2-3", "UA_KM": 0.12882491762000001, "UH_M": 23.696449593400001, "UC_KM": 0.93073957552999997, "REGION": "West", "ICESHELF": "Ferrigno" }, "geometry": { "type": "Polygon", "coordinates": [ [ [ -1780076.036551674362272, 205747.458486952353269 ], [ -1779942.897963139927015, 205634.362667438108474 ], [ -1779718.065643661888316, 205443.376750395167619 ], [ -1779660.671913861297071, 205394.623109712265432 ], [ -1778942.366366025526077, 204784.451742499135435 ], [ -1778865.710479518864304, 204719.335717057809234 ], [ -1778685.87980000115931, 204920.185500014107674 ], [ -1778652.975839282618836, 204082.462226385716349 ], [ -1778600.201341425301507, 202738.842061986215413 ], [ -1778583.969433817546815, 202325.583400003612041 ], [ -1778581.250844512833282, 202256.369071896653622 ], [ -1778524.48450382752344, 200811.117992343381047 ], [ -1778515.304845203878358, 200577.407110579777509 ], [ -1778512.043682074407116, 200494.379448020365089 ], [ -1778520.001643458148465, 200491.635499021504074 ], [ -1778509.969142269110307, 200441.561611574608833 ], [ -1778857.843281908659264, 200071.01258660806343 ], [ -1779683.164252308895811, 199191.896011896431446 ], [ -1779914.247995744692162, 198945.749898699577898 ], [ -1781031.13190000038594, 197756.065900007728487 ], [ -1781727.956405139993876, 198217.914698563981801 ], [ -1782385.252043473301455, 198653.564131988678128 ], [ -1782886.216901959385723, 198985.598979075439274 ], [ -1782914.074868513504043, 199004.062980107963085 ], [ -1783408.8243, 199331.978300008457154 ], [ -1783325.066297497134656, 199465.991110850591213 ], [ -1783511.611509886104614, 199789.23585915286094 ], [ -1783926.177937006577849, 200507.594829464331269 ], [ -1785002.812563368817791, 202373.18280523782596 ], [ -1785373.563704028725624, 203015.618830496910959 ], [ -1785535.164678985485807, 203295.640323734842241 ], [ -1785661.489196784328669, 203514.534919612109661 ], [ -1785764.029518343275413, 203692.216359770856798 ], [ -1786040.590590542647988, 204171.440228510182351 ], [ -1786212.538296571699902, 204469.390523633453995 ], [ -1786193.383722251281142, 204477.827630735933781 ], [ -1786176.682561530265957, 204485.184090279508382 ], [ -1786147.18136528483592, 204498.178657565731555 ], [ -1786141.407779616769403, 204500.721783164422959 ], [ -1786121.18586009577848, 204509.629052266012877 ], [ -1786093.755274362396449, 204521.711565433070064 ], [ -1786090.463560972129926, 204523.16148599749431 ], [ -1786064.199387850938365, 204534.730222466867417 ], [ -1786052.541531615192071, 204539.865227706264704 ], [ -1784142.609094144077972, 205381.144522339105606 ], [ -1782761.136018811957911, 205989.650180215481669 ], [ -1781180.675999995786697, 206685.804800000973046 ], [ -1780076.036551674362272, 205747.458486952353269 ] ] ] } },
{ "type": "Feature", "properties": { "ID": 887, "YEAR": "2013-2014", "Perimtr_KM": 13.5110686834, "AREA_KM": 6.1631236768599997, "SCALE": 1, "THICKNES_M": 291.62852926800002, "VOLUME_KM": 1.7973426935800001, "MASS_GT": 1.6481632500100001, "RECURRANCE": "2-3", "UA_KM": 0.06755534342, "UH_M": 24.205167809900001, "UC_KM": 0.13752226254, "REGION": "East", "ICESHELF": "Sorsdal" }, "geometry": { "type": "Polygon", "coordinates": [ [ [ 2290615.78332257270813, 492781.199222083203495 ], [ 2290124.650000006891787, 492663.275700009427965 ], [ 2290542.375778249464929, 492978.537770662456751 ], [ 2291539.57209999486804, 493731.132399995811284 ], [ 2292809.574600004591048, 490159.250300005543977 ], [ 2293074.711099998094141, 488349.174800007604063 ], [ 2291817.987900004722178, 488864.016500003170222 ], [ 2290894.40400000102818, 491846.324400014709681 ], [ 2290765.086300006136298, 492817.047600004356354 ], [ 2290615.78332257270813, 492781.199222083203495 ] ] ] } },
{ "type": "Feature", "properties": { "ID": 888, "YEAR": "2013-2014", "Perimtr_KM": 19.6281355546, "AREA_KM": 6.9314085545, "SCALE": 1, "THICKNES_M": 210.24088668799999, "VOLUME_KM": 1.45726548049, "MASS_GT": 1.33631244561, "RECURRANCE": "2-3", "UA_KM": 0.09814067777, "UH_M": 17.4499935091, "UC_KM": 0.11150152206, "REGION": "Peninsula", "ICESHELF": "Brahms" }, "geometry": { "type": "Polygon", "coordinates": [ [ [ -1957674.099008635617793, 572503.430334920529276 ], [ -1957658.449799997266382, 572495.144700006116182 ], [ -1957640.226899996399879, 572484.90739999525249 ], [ -1957632.305899999802932, 572480.066800000611693 ], [ -1957624.939399996772408, 572475.305799996480346 ], [ -1957616.074700003257021, 572469.339899997692555 ], [ -1957608.190299999434501, 572463.452499997802079 ], [ -1957600.63869999954477, 572457.464100000448525 ], [ -1957593.976399996317923, 572451.485399993602186 ], [ -1957587.575800001155585, 572445.345400008838624 ], [ -1957582.018700002226979, 572439.172000012360513 ], [ -1957576.697999995900318, 572432.809799993410707 ], [ -1957572.194199997466058, 572426.384300015401095 ], [ -1957564.821699995547533, 572415.106300002895296 ], [ -1957558.14350000070408, 572403.228399994783103 ], [ -1957551.556699997279793, 572390.59300000499934 ], [ -1957545.639400002080947, 572377.312500006984919 ], [ -1957539.791000000201166, 572363.231699998490512 ], [ -1957534.57880000025034, 572348.432800005190074 ], [ -1957529.391699999105185, 572332.724800008349121 ], [ -1957522.133100000675768, 572315.537600003648549 ], [ -1957507.061999998288229, 572296.4990000044927 ], [ -1957491.183799996506423, 572276.215999995358288 ], [ -1957487.462499994551763, 572258.207700002007186 ], [ -1957483.671999998390675, 572238.803800002671778 ], [ -1957477.457299997331575, 572203.178800003137439 ], [ -1957467.217399999499321, 572137.726000007241964 ], [ -1957463.042999999830499, 572112.605800001416355 ], [ -1957460.234100000699982, 572095.033599995542318 ], [ -1957457.81599999894388, 572077.051599996630102 ], [ -1957455.783599997637793, 572058.622100013773888 ], [ -1957454.131400001468137, 572039.696100010536611 ], [ -1957452.855900000780821, 572020.241700006183237 ], [ -1957451.949600001331419, 572000.158400005660951 ], [ -1957451.40830000070855, 571979.354500010609627 ], [ -1957451.228300000540912, 571957.691900006495416 ], [ -1957451.349300000350922, 571939.151800006628036 ], [ -1957451.713600000366569, 571919.759400001261383 ], [ -1957452.324500000104308, 571899.318399994168431 ], [ -1957453.1932, 571877.446100004017353 ], [ -1957441.59409999428317, 571831.931000012904406 ], [ -1957445.126099997665733, 571726.821800005622208 ], [ -1957446.534300001338124, 571697.111800014507025 ], [ -1957447.509799994993955, 571670.398499997332692 ], [ -1957448.162099997745827, 571640.945500008761883 ], [ -1957448.272700001252815, 571613.406599993351847 ], [ -1957447.8432, 571587.282700004987419 ], [ -1957446.868900001980364, 571562.316000001970679 ], [ -1957445.756099998019636, 571542.799900005571544 ], [ -1957444.390999996103346, 571522.897500006947666 ], [ -1957442.770799999358132, 571502.566199994646013 ], [ -1957440.890900000929832, 571481.749699993990362 ], [ -1957438.748699999880046, 571460.412699999287724 ], [ -1957436.332800000440329, 571438.438700005877763 ], [ -1957424.382099997717887, 571390.501299997325987 ], [ -1957413.521899996791035, 571348.935700013767928 ], [ -1957406.929999996675178, 571304.176200009416789 ], [ -1957384.118499998468906, 571158.618000005371869 ], [ -1957376.168499995023012, 571106.217900000978261 ], [ -1957369.041999998502433, 571055.766000000294298 ], [ -1957363.235599994193763, 571010.083600005600601 ], [ -1957360.6302, 570987.342699999921024 ], [ -1957358.406199999852106, 570965.42790000885725 ], [ -1957352.161100000143051, 570942.752400000579655 ], [ -1957344.683099991641939, 570920.263999995775521 ], [ -1957343.180699999444187, 570899.825600009411573 ], [ -1957341.940799999050796, 570879.805800004862249 ], [ -1957340.960600000573322, 570860.161300004459918 ], [ -1957340.238399998052046, 570840.857900006696582 ], [ -1957338.531500001437962, 570785.647600009571761 ], [ -1957337.631999997422099, 570751.025099996943027 ], [ -1957337.072599995881319, 570719.127999999094754 ], [ -1957336.888700001640245, 570690.236499995924532 ], [ -1957337.094499999890104, 570661.84880000539124 ], [ -1957337.715500002261251, 570635.106700004544109 ], [ -1957338.760499997064471, 570609.63809999730438 ], [ -1957340.238399998052046, 570585.237899999134243 ], [ -1957341.890799996908754, 570565.756599998567253 ], [ -1957344.105799999088049, 570545.96609999705106 ], [ -1957346.828399996738881, 570525.7169000050053 ], [ -1957350.183600001968443, 570505.184500006493181 ], [ -1957348.168299994897097, 570483.03449999820441 ], [ -1957350.484199996571988, 570461.081700002308935 ], [ -1957355.624899995978922, 570438.991099993232638 ], [ -1957361.369000000180677, 570416.087100005708635 ], [ -1957367.030299998819828, 570395.234099996741861 ], [ -1957373.265899997204542, 570373.525200008880347 ], [ -1957380.134900000877678, 570350.752599997445941 ], [ -1957387.756199997849762, 570326.522200005594641 ], [ -1957403.337600001366809, 570279.193900006823242 ], [ -1957434.114499998278916, 570189.60170000558719 ], [ -1957446.512800002936274, 570153.299400008283556 ], [ -1957458.768799998331815, 570115.260000011883676 ], [ -1957469.313100000843406, 570081.337200003676116 ], [ -1957475.171100001782179, 570061.696100001223385 ], [ -1957478.490899995900691, 570041.957099998835474 ], [ -1957479.435800001956522, 570022.321200004313141 ], [ -1957483.786699999123812, 570004.207500001881272 ], [ -1957487.895300002768636, 569986.8230000003241 ], [ -1957491.437199999112636, 569969.50630000140518 ], [ -1957494.5872999986168, 569952.525999999605119 ], [ -1957497.352200001012534, 569935.845899993553758 ], [ -1957503.283899998059496, 569897.554900004994124 ], [ -1957508.575399994384497, 569858.89650001283735 ], [ -1957513.391700000502169, 569820.186500003561378 ], [ -1957517.89809999987483, 569781.740400004666299 ], [ -1957521.76419999380596, 569742.926899994723499 ], [ -1957525.1552000020165, 569704.061800002586097 ], [ -1957528.071199995232746, 569665.14490000391379 ], [ -1957530.511999998008832, 569626.176300011109561 ], [ -1957530.059799995739013, 569586.973000003956258 ], [ -1957529.009299998637289, 569547.360800012480468 ], [ -1957530.024699998786673, 569508.237100015860051 ], [ -1957530.565099990926683, 569469.061700004152954 ], [ -1957530.630399997113273, 569429.834500014316291 ], [ -1957530.220499999355525, 569390.555700006894767 ], [ -1957529.335600000340492, 569351.225199998822063 ], [ -1957527.97549999714829, 569311.843000002671033 ], [ -1957525.9274, 569272.076899996493012 ], [ -1957523.617099998518825, 569232.591299998108298 ], [ -1957520.831699997186661, 569193.053900007158518 ], [ -1957517.571199997095391, 569153.464799995068461 ], [ -1957509.454999994020909, 569113.666599997784942 ], [ -1957504.996299996972084, 569073.643600000068545 ], [ -1957500.310499998740852, 569033.899400004185736 ], [ -1957495.149600001284853, 568994.103500007651746 ], [ -1957489.265699997311458, 568953.925400006119162 ], [ -1957483.154499996453524, 568914.026099999900907 ], [ -1957476.568199996370822, 568874.075099999085069 ], [ -1957469.259099999442697, 568833.741900007706136 ], [ -1957461.72260000067763, 568793.687399993184954 ], [ -1957453.462999997660518, 568753.250700008124113 ], [ -1957453.435500000370666, 568753.120399995706975 ], [ -1957453.918400002177805, 568746.800299999304116 ], [ -1957454.523899997584522, 568735.59580000769347 ], [ -1957454.872399996966124, 568724.476400001440197 ], [ -1957454.9639, 568713.442299996968359 ], [ -1957454.798300002235919, 568702.493300004862249 ], [ -1957452.998599995160475, 568691.243600007146597 ], [ -1957449.810700000263751, 568679.894299996551126 ], [ -1957447.909499999135733, 568668.981400007847697 ], [ -1957446.715899995760992, 568658.373100006487221 ], [ -1957445.265299996128306, 568647.850100006442517 ], [ -1957443.557599995518103, 568637.412200006190687 ], [ -1957441.592999996617436, 568627.059500015806407 ], [ -1957439.067999996477738, 568616.473000006750226 ], [ -1957436.58939999807626, 568606.290700003970414 ], [ -1957433.853699998930097, 568596.193500000517815 ], [ -1957430.861000003293157, 568586.181600005365908 ], [ -1957428.934599998407066, 568580.391800011973828 ], [ -1957426.766699997009709, 568574.557800012640655 ], [ -1957424.352999999653548, 568568.667800012044609 ], [ -1957421.383999997982755, 568562.387699999846518 ], [ -1957415.269600002095103, 568550.191500001586974 ], [ -1957408.010400002356619, 568537.429400007240474 ], [ -1957400.566499997861683, 568525.678000001236796 ], [ -1957392.182799997739494, 568513.132900005206466 ], [ -1957383.580899996450171, 568500.845000001601875 ], [ -1957360.858099997974932, 568469.065600003581494 ], [ -1957348.680399999488145, 568451.240999994799495 ], [ -1957342.532899999292567, 568441.647399994079024 ], [ -1957337.101799998898059, 568432.524900000542402 ], [ -1957332.256499999435619, 568423.741099997889251 ], [ -1957327.948500001337379, 568415.207200001459569 ], [ -1957323.489000000525266, 568405.699999993667006 ], [ -1957319.232599998824298, 568395.868000007700175 ], [ -1957315.142999997828156, 568385.732200011610985 ], [ -1957311.210899998433888, 568375.270100006833673 ], [ -1957307.401099999435246, 568364.504400001373142 ], [ -1957303.755800000391901, 568353.314400002826005 ], [ -1957300.232999997679144, 568341.69830001424998 ], [ -1957296.814700001850724, 568329.597700003068894 ], [ -1957290.59800000092946, 568305.432700001634657 ], [ -1957284.472699998412281, 568278.361700004898012 ], [ -1957278.686999995494261, 568250.147700001485646 ], [ -1957262.902299996465445, 568194.14829999441281 ], [ -1957258.288900000974536, 568171.24960000673309 ], [ -1957253.204900001874194, 568147.458400006406009 ], [ -1957248.244, 568126.272400004789233 ], [ -1957245.111099999397993, 568113.941300007980317 ], [ -1957241.876200001453981, 568102.170400002971292 ], [ -1957238.597299999790266, 568090.862199994269758 ], [ -1957235.218400000594556, 568079.970199996605515 ], [ -1957231.720800001407042, 568069.435400008689612 ], [ -1957228.057999996235594, 568059.247600010596216 ], [ -1957224.300199999008328, 568049.363900010008365 ], [ -1957220.3994, 568039.770400000270456 ], [ -1957216.020699998363853, 568029.624200007878244 ], [ -1957211.326099998084828, 568019.367000013124198 ], [ -1957201.151400001719594, 567998.398499999660999 ], [ -1957189.70070000179112, 567976.683900000527501 ], [ -1957176.823299998650327, 567953.8520000083372 ], [ -1957164.179199997801334, 567932.520200001541525 ], [ -1957149.661099999444559, 567909.067900001537055 ], [ -1957134.7316, 567885.626999997533858 ], [ -1957094.576299997512251, 567823.430100015364587 ], [ -1957082.824299997184426, 567804.753200001548976 ], [ -1957070.257599997799844, 567787.208399994764477 ], [ -1957056.301999997813255, 567767.381499995943159 ], [ -1957045.951600001193583, 567749.172300004865974 ], [ -1957036.495500000193715, 567731.759500002488494 ], [ -1957027.867100001778454, 567714.92560000019148 ], [ -1957020.021199999377131, 567698.660699998028576 ], [ -1957012.383899999083951, 567682.174799998756498 ], [ -1957005.013900000136346, 567665.388800001237541 ], [ -1956997.87719999672845, 567648.331800004001707 ], [ -1956990.94009999698028, 567631.033299996517599 ], [ -1956984.260499997064471, 567613.411299997474998 ], [ -1956977.772999999113381, 567595.528800006955862 ], [ -1956971.535499998833984, 567577.302899999544024 ], [ -1956965.518899998627603, 567558.775700005702674 ], [ -1956959.682100002188236, 567539.953600008506328 ], [ -1956954.082399997860193, 567520.749900000635535 ], [ -1956948.684099994366989, 567501.184200007002801 ], [ -1956943.452399995177984, 567481.278299999423325 ], [ -1956938.442199996905401, 567460.934900005348027 ], [ -1956933.616999997757375, 567440.166400014422834 ], [ -1956928.970099999569356, 567418.944200004450977 ], [ -1956924.639700001105666, 567397.962200004141778 ], [ -1956920.462000001687557, 567376.490100000984967 ], [ -1956916.429100000532344, 567354.487599996849895 ], [ -1956909.394499999238178, 567331.448899999726564 ], [ -1956904.291900002863258, 567308.202000006567687 ], [ -1956900.634799995692447, 567284.278700004331768 ], [ -1956897.075099999085069, 567259.54130000481382 ], [ -1956893.592999999877065, 567233.853200003039092 ], [ -1956887.5486000017263, 567185.172600003890693 ], [ -1956881.3814, 567130.84580000070855 ], [ -1956875.55679999710992, 567075.498100008349866 ], [ -1956860.428700000513345, 566925.789599997457117 ], [ -1956852.755599997239187, 566880.307299996260554 ], [ -1956847.254100000718608, 566839.557400004006922 ], [ -1956841.459000001195818, 566793.432800004724413 ], [ -1956835.576799996197224, 566750.648600003216416 ], [ -1956829.355200001271442, 566710.12390001071617 ], [ -1956822.864699997007847, 566671.68200000654906 ], [ -1956818.55939999781549, 566648.37279999954626 ], [ -1956814.089699996402487, 566625.648799998685718 ], [ -1956809.446099998196587, 566603.460799999069422 ], [ -1956804.688499998534098, 566581.892599999438971 ], [ -1956799.671599995810539, 566560.658400005660951 ], [ -1956794.4582, 566539.859700012020767 ], [ -1956789.110100001329556, 566519.59330000076443 ], [ -1956783.485599998384714, 566499.593899996951222 ], [ -1956777.638499997090548, 566479.935600002296269 ], [ -1956771.640099995303899, 566460.754200011026114 ], [ -1956764.696400002576411, 566441.794699998572469 ], [ -1956755.638600000645965, 566422.834199999924749 ], [ -1956748.886899998411536, 566404.510099998675287 ], [ -1956741.898799996823072, 566386.490300003904849 ], [ -1956734.75220000022091, 566368.84080000128597 ], [ -1956727.280299995094538, 566351.40160000603646 ], [ -1956721.026299995370209, 566337.520600004121661 ], [ -1956714.056300001218915, 566323.071299994364381 ], [ -1956706.384400000330061, 566307.988200007937849 ], [ -1956697.955500000854954, 566292.078000000212342 ], [ -1956680.931600000709295, 566261.571799995843321 ], [ -1956648.125599995721132, 566204.936100009363145 ], [ -1956635.196600002935156, 566182.198400005698204 ], [ -1956622.223900000331923, 566158.540600000880659 ], [ -1956611.212300000712276, 566137.180100007914007 ], [ -1956605.208099996205419, 566124.802100006490946 ], [ -1956599.601799998898059, 566112.740800006780773 ], [ -1956594.437300000805408, 566100.990799999330193 ], [ -1956589.69079999672249, 566089.497900012880564 ], [ -1956585.419900001958013, 566078.277399997226894 ], [ -1956581.454099997412413, 566067.158400009851903 ], [ -1956577.864599996712059, 566056.186899999622256 ], [ -1956574.64380000019446, 566045.339900005143136 ], [ -1956571.790899997577071, 566034.775300006382167 ], [ -1956569.181899996008724, 566023.998699994757771 ], [ -1956566.648100000806153, 566012.8368000080809 ], [ -1956564.264699997147545, 566001.336499997414649 ], [ -1956561.902400000486523, 565989.977299993857741 ], [ -1956559.016600003000349, 565977.616300008725375 ], [ -1956555.01649999874644, 565951.557799997273833 ], [ -1956552.099499999079853, 565927.489600005093962 ], [ -1956549.3117, 565900.528899997938424 ], [ -1956546.995499997399747, 565874.929100004490465 ], [ -1956542.080299998167902, 565816.755400012247264 ], [ -1956539.601799997733906, 565790.155700004659593 ], [ -1956531.918800001498312, 565711.116399998310953 ], [ -1956526.167499996256083, 565647.848599997814745 ], [ -1956521.468600003048778, 565590.377700000535697 ], [ -1956518.483100001700222, 565536.959600008558482 ], [ -1956516.272000000812113, 565484.960500008426607 ], [ -1956514.181099995505065, 565436.273799998685718 ], [ -1956512.931499998085201, 565389.639500006567687 ], [ -1956512.619599998462945, 565366.999199999962002 ], [ -1956512.515699999639764, 565344.768400005530566 ], [ -1956512.625899997772649, 565322.271400014869869 ], [ -1956512.956799999810755, 565300.156800004187971 ], [ -1956513.508600001456216, 565278.403100002091378 ], [ -1956514.281799999298528, 565256.99220000160858 ], [ -1956515.277099999133497, 565235.904899996705353 ], [ -1956516.495200000470504, 565215.129800006281585 ], [ -1956517.936699997400865, 565194.653900011442602 ], [ -1956519.602599996607751, 565174.465800003614277 ], [ -1956521.523899998050183, 565154.757999996654689 ], [ -1956523.642499996116385, 565135.103099999949336 ], [ -1956525.988399997819215, 565115.708399994764477 ], [ -1956528.562400000635535, 565096.56630000192672 ], [ -1956535.956899997312576, 565074.027600000612438 ], [ -1956538.990199998719618, 565055.369500007014722 ], [ -1956542.240799999330193, 565037.241699995938689 ], [ -1956545.737099997699261, 565019.045100010465831 ], [ -1956549.596700003370643, 565001.244400004856288 ], [ -1956554.117400000104681, 564983.178399997763336 ], [ -1956559.295, 564965.105399998836219 ], [ -1956565.170999996829778, 564946.381600007414818 ], [ -1956571.740600001532584, 564927.272100008092821 ], [ -1956579.024299998767674, 564907.970500014256686 ], [ -1956587.083799994783476, 564887.790699997916818 ], [ -1956595.947799995774403, 564867.185799998696893 ], [ -1956603.7092, 564849.782000001054257 ], [ -1956612.098099994938821, 564831.946500006131828 ], [ -1956621.228600000496954, 564812.898200002964586 ], [ -1956631.249599998118356, 564792.862300003878772 ], [ -1956650.380099999019876, 564755.54759999923408 ], [ -1956697.389100001193583, 564665.851599996909499 ], [ -1956710.77649999782443, 564640.36770000634715 ], [ -1956727.498199995607138, 564613.070999993477017 ], [ -1956738.513099994743243, 564589.906800000928342 ], [ -1956748.427999997977167, 564568.097100011538714 ], [ -1956757.560799996834248, 564546.994799997191876 ], [ -1956765.696600003400818, 564526.959200012497604 ], [ -1956771.484929795842618, 564511.726411203388125 ], [ -1956773.80329999839887, 564505.625300007872283 ], [ -1956780.88789999531582, 564485.180800004862249 ], [ -1956787.287700000219047, 564464.96180001553148 ], [ -1956792.8764, 564445.171300007496029 ], [ -1956793.209254179382697, 564443.799406547099352 ], [ -1956797.526700002839789, 564426.004600005224347 ], [ -1956801.544600000604987, 564406.874700005166233 ], [ -1956804.789300000295043, 564388.016600009053946 ], [ -1956807.266800000797957, 564369.395899998955429 ], [ -1956809.086199996061623, 564350.707000001333654 ], [ -1956810.364999996498227, 564331.561100005172193 ], [ -1956810.955999998841435, 564312.194899997208267 ], [ -1956811.161200002767146, 564291.997200003359467 ], [ -1956810.83209999743849, 564271.211899998597801 ], [ -1956810.117999997921288, 564249.446800007484853 ], [ -1956808.714999995660037, 564227.155199996195734 ], [ -1956806.763199997832999, 564203.901000003796071 ], [ -1956809.310899998992682, 564182.724300000350922 ], [ -1956814.499600000912324, 564158.984700003638864 ], [ -1956811.754000001819804, 564137.538700005970895 ], [ -1956808.552699997555465, 564114.550700003746897 ], [ -1956802.096700002904981, 564071.901100000366569 ], [ -1956785.996899995487183, 563968.330400015693158 ], [ -1956782.18620000127703, 563940.092500008642673 ], [ -1956778.696399997919798, 563915.016600000672042 ], [ -1956775.379799998831004, 563888.701799998991191 ], [ -1956772.663800001144409, 563864.00699999788776 ], [ -1956770.504199998453259, 563840.526400010567158 ], [ -1957178.212313514202833, 564915.313710246235132 ], [ -1957294.377427293453366, 565221.544530893675983 ], [ -1957329.828550996724516, 565314.999668600503355 ], [ -1957392.54607503907755, 565480.333633610513061 ], [ -1957643.295896499417722, 566141.352429206948727 ], [ -1957944.82008068729192, 566936.221003458369523 ], [ -1958220.141699999570847, 567662.015199994668365 ], [ -1958881.601299996953458, 569580.248200004454702 ], [ -1958710.632387546589598, 569661.084905398543924 ], [ -1958334.094399995636195, 569839.117800006177276 ], [ -1957698.674099998082966, 571794.63740000827238 ], [ -1957933.495900001842529, 572999.564600008539855 ], [ -1957924.980000001611188, 572980.877600005827844 ], [ -1957917.229699999559671, 572962.609800006262958 ], [ -1957910.219799998681992, 572944.701299994252622 ], [ -1957903.924999997252598, 572927.08519999589771 ], [ -1957898.337699995609, 572909.73860000167042 ], [ -1957893.447199996793643, 572892.627199997659773 ], [ -1957889.245699998456985, 572875.724599997512996 ], [ -1957887.957900000270456, 572869.653299996629357 ], [ -1957886.836099998094141, 572863.378700000233948 ], [ -1957885.081499999389052, 572850.164799995254725 ], [ -1957883.963599998503923, 572835.952500006183982 ], [ -1957883.461199997924268, 572820.478700007312 ], [ -1957883.498000000603497, 572806.569200008176267 ], [ -1957883.940100000472739, 572790.945600004866719 ], [ -1957842.173099996056408, 572731.426699995063245 ], [ -1957837.105700001120567, 572710.944399996194988 ], [ -1957837.226000001654029, 572691.618000003509223 ], [ -1957836.990499997278675, 572682.881000007968396 ], [ -1957836.55499999714084, 572674.618599994573742 ], [ -1957835.780000002589077, 572665.398699996992946 ], [ -1957834.716200001072139, 572656.672800003550947 ], [ -1957833.356799996923655, 572648.385800001211464 ], [ -1957831.695700000971556, 572640.501399997621775 ], [ -1957829.723999998532236, 572632.980600001756102 ], [ -1957827.43769999826327, 572625.810700009576976 ], [ -1957824.830699996557087, 572618.972899995278567 ], [ -1957821.897599995601922, 572612.452999998815358 ], [ -1957818.206099997507408, 572605.535100004635751 ], [ -1957813.945099995704368, 572598.78160001244396 ], [ -1957809.402800002600998, 572592.249700005631894 ], [ -1957803.976300002541393, 572585.785499996040016 ], [ -1957798.2494999950286, 572579.516999996267259 ], [ -1957791.606199994217604, 572573.278799996711314 ], [ -1957784.613400001078844, 572567.186100008897483 ], [ -1957776.64199999673292, 572561.068600002210587 ], [ -1957768.872499996330589, 572555.458100002724677 ], [ -1957760.40819999948144, 572549.809300004970282 ], [ -1957750.871500001521781, 572543.999299999792129 ], [ -1957740.695599996019155, 572538.069899995811284 ], [ -1957730.75760000012815, 572532.565499998163432 ], [ -1957719.486699997447431, 572526.580100006889552 ], [ -1957676.139699996449053, 572504.5108000067994 ], [ -1957674.099008635617793, 572503.430334920529276 ] ] ] } },
{ "type": "Feature", "properties": { "ID": 889, "YEAR": "2013-2014", "Perimtr_KM": 33.306974325200002, "AREA_KM": 47.782646697399997, "SCALE": 2, "THICKNES_M": 191.46872222900001, "VOLUME_KM": 9.1488823078700001, "MASS_GT": 8.38952507632, "RECURRANCE": ">8", "UA_KM": 0.16653487163, "UH_M": 15.8919038666, "UC_KM": 0.70001953394000005, "REGION": "East", "ICESHELF": "Publications" }, "geometry": { "type": "Polygon", "coordinates": [ [ [ 2179263.468837103806436, 591895.132978389970958 ], [ 2179810.437200007028878, 589328.589200003072619 ], [ 2181304.676800008863211, 588886.898100007325411 ], [ 2180871.984454083256423, 588423.407706297002733 ], [ 2173404.299830666743219, 580424.190436136908829 ], [ 2173368.668937250971794, 580386.023417535703629 ], [ 2173065.830000001937151, 580061.629100008867681 ], [ 2172998.643339858390391, 580753.021617132239044 ], [ 2172930.863534280098975, 581450.517969660460949 ], [ 2172666.672900007106364, 584169.203900004737079 ], [ 2175114.073600009083748, 589990.048900005407631 ], [ 2178950.539600001648068, 593363.493200010620058 ], [ 2179263.468837103806436, 591895.132978389970958 ] ] ] } },
{ "type": "Feature", "properties": { "ID": 890, "YEAR": "2013-2014", "Perimtr_KM": 5.5800462807700004, "AREA_KM": 1.34581331504, "SCALE": 1, "THICKNES_M": 82.829236984299996, "VOLUME_KM": 0.11147269001, "MASS_GT": 0.10222045674000001, "RECURRANCE": "2-3", "UA_KM": 0.0279002314, "UH_M": 6.8748266358, "UC_KM": 0.0085292452, "REGION": "Peninsula", "ICESHELF": "Bach" }, "geometry": { "type": "Polygon", "coordinates": [ [ [ -1875297.280988989630714, 570060.900982877705246 ], [ -1875330.13890319573693, 570004.658996066544205 ], [ -1876108.484664413612336, 568672.385992797091603 ], [ -1876264.408300002105534, 568405.495800009928644 ], [ -1876742.580737817799672, 568654.334402580745518 ], [ -1877309.420600002864376, 568949.315099994186312 ], [ -1877226.251800002297387, 568960.986500004772097 ], [ -1877191.458699999842793, 568966.314000013284385 ], [ -1877169.9871, 568970.000900004524738 ], [ -1877150.13359999936074, 568973.782600012142211 ], [ -1877131.518999999156222, 568977.731500004883856 ], [ -1877113.957399999024346, 568981.887700005900115 ], [ -1877094.986799997743219, 568986.93680000398308 ], [ -1877077.072900001890957, 568992.336699995212257 ], [ -1877060.113799997838214, 568998.118100005201995 ], [ -1877044.043500001076609, 569004.303899997379631 ], [ -1877028.791099997935817, 569010.922399999573827 ], [ -1877014.335799996042624, 569017.984100006520748 ], [ -1877000.585499998182058, 569025.574300012551248 ], [ -1876987.516399998217821, 569033.706300009507686 ], [ -1876976.927499997895211, 569041.102400000207126 ], [ -1876966.569599999347702, 569049.135300001129508 ], [ -1876956.301199997775257, 569057.96099999640137 ], [ -1876946.212499995715916, 569067.465400000568479 ], [ -1876936.166399998823181, 569077.802299997303635 ], [ -1876926.225599999306723, 569088.888900006655604 ], [ -1876916.282699995441362, 569100.847900001332164 ], [ -1876906.207599998451769, 569113.833599993959069 ], [ -1876898.097499998984858, 569124.909500013571233 ], [ -1876889.654199997428805, 569136.690200007054955 ], [ -1876880.95180000201799, 569149.371000005863607 ], [ -1876871.603899999521673, 569163.198000005912036 ], [ -1876854.956999995745718, 569189.252099992707372 ], [ -1876814.686500002862886, 569252.83240000763908 ], [ -1876803.658200001111254, 569269.73970000538975 ], [ -1876793.483099999371916, 569284.739799996837974 ], [ -1876782.765299998922274, 569300.276500004343688 ], [ -1876772.208900001132861, 569314.404299995396286 ], [ -1876762.02580000134185, 569327.563099994324148 ], [ -1876751.746500000124797, 569339.666800003498793 ], [ -1876739.303299996769056, 569354.048500000033528 ], [ -1876726.195400001714006, 569368.431699999608099 ], [ -1876712.962699996773154, 569383.158100006170571 ], [ -1876699.190200001001358, 569398.061600004322827 ], [ -1876684.855099995154887, 569413.16810000455007 ], [ -1876669.87939999694936, 569428.560500002931803 ], [ -1876654.191299997735769, 569444.31270000571385 ], [ -1876641.177580555900931, 569457.099431845825166 ], [ -1876637.679600000148639, 569460.536400000564754 ], [ -1876609.237300000153482, 569487.782200003042817 ], [ -1876577.096199996303767, 569517.768700003158301 ], [ -1876546.031100000720471, 569546.155600003432482 ], [ -1876469.906599998474121, 569613.301200001500547 ], [ -1876431.492400001268834, 569647.360100003890693 ], [ -1876395.109299998031929, 569680.438899999018759 ], [ -1876378.41479999688454, 569695.952700002584606 ], [ -1876363.033799994271249, 569710.884099996648729 ], [ -1876347.783200001809746, 569725.703600007109344 ], [ -1876333.408699999330565, 569740.265100001357496 ], [ -1876322.404731978429481, 569751.437966938596219 ], [ -1876319.362099999561906, 569754.527300001122057 ], [ -1876305.839899995597079, 569768.592199997510761 ], [ -1876293.035300000570714, 569782.567500005941838 ], [ -1876280.446500001475215, 569796.365400007925928 ], [ -1876175.567284785909578, 569828.352821910753846 ], [ -1875455.532472857274115, 570047.958367825485766 ], [ -1875272.170099996263161, 570103.882599995937198 ], [ -1875297.280988989630714, 570060.900982877705246 ] ] ] } },
{ "type": "Feature", "properties": { "ID": 891, "YEAR": "2013-2014", "Perimtr_KM": 13.9311101253, "AREA_KM": 6.4467824450100002, "SCALE": 1, "THICKNES_M": 377.56703587599998, "VOLUME_KM": 2.4340925387, "MASS_GT": 2.2320628579899999, "RECURRANCE": "4-5", "UA_KM": 0.06965555063, "UH_M": 31.338063823199999, "UC_KM": 0.18624267612000001, "REGION": "East", "ICESHELF": "Rayner_Thyer" }, "geometry": { "type": "Polygon", "coordinates": [ [ [ 1845846.03396768309176, 1637536.196660292800516 ], [ 1845849.505455104634166, 1637393.865635426249355 ], [ 1845850.863862789236009, 1637338.170904607977718 ], [ 1845865.711201272904873, 1636729.429853153880686 ], [ 1845867.888664593920112, 1636640.153831553179771 ], [ 1845868.375099998898804, 1636620.209974172059447 ], [ 1845870.418083863332868, 1636536.447611820418388 ], [ 1845873.007017707452178, 1636430.301293839234859 ], [ 1845876.694878168404102, 1636279.098971924278885 ], [ 1845878.848945686593652, 1636190.782178435940295 ], [ 1845883.544841693714261, 1635998.250387297477573 ], [ 1845892.251462289132178, 1635641.278840990271419 ], [ 1845892.479604574851692, 1635631.925004573073238 ], [ 1845902.774564484134316, 1635209.831528061535209 ], [ 1845908.91470000334084, 1634958.08590000635013 ], [ 1845572.16539999935776, 1634710.904100003186613 ], [ 1844706.703200006857514, 1634121.059600010048598 ], [ 1844578.946897561661899, 1635290.319899997208267 ], [ 1844573.554120533168316, 1635339.676056723576039 ], [ 1844557.508000009693205, 1635486.534500013571233 ], [ 1844655.991340064443648, 1636540.82694733934477 ], [ 1844766.389392014592886, 1637722.669808284845203 ], [ 1844831.726222784258425, 1638422.119351475965232 ], [ 1844880.85780000127852, 1638948.086999996099621 ], [ 1844685.331800000742078, 1640189.929800011683255 ], [ 1844969.425123157911003, 1640197.608001432847232 ], [ 1845780.586800006218255, 1640219.531299996655434 ], [ 1845846.03396768309176, 1637536.196660292800516 ] ] ] } },
{ "type": "Feature", "properties": { "ID": 892, "YEAR": "2013-2014", "Perimtr_KM": 12.160757735100001, "AREA_KM": 5.8201508443699996, "SCALE": 1, "THICKNES_M": 120.487564882, "VOLUME_KM": 0.70125580247999997, "MASS_GT": 0.64305157087999998, "RECURRANCE": ">8", "UA_KM": 0.06080378868, "UH_M": 10.0004678359, "UC_KM": 0.05365603617, "REGION": "East", "ICESHELF": "Zubchatyy" }, "geometry": { "type": "Polygon", "coordinates": [ [ [ 1886505.660500003956258, 1638914.609900008421391 ], [ 1886846.772100008092821, 1638320.505300000775605 ], [ 1883642.537499997764826, 1638632.028100002091378 ], [ 1882848.78589999768883, 1639743.280400007497519 ], [ 1883308.907700005918741, 1641250.639600000809878 ], [ 1883815.407600007019937, 1641248.162600003648549 ], [ 1884054.471600006334484, 1640458.134800001513213 ], [ 1883565.09910000488162, 1640328.02270000288263 ], [ 1884787.864400007762015, 1640165.559300012420863 ], [ 1885937.740600009448826, 1639770.278800005558878 ], [ 1886505.660500003956258, 1638914.609900008421391 ] ] ] } },
{ "type": "Feature", "properties": { "ID": 893, "YEAR": "2013-2014", "Perimtr_KM": 38.289567911699997, "AREA_KM": 49.143921594200002, "SCALE": 2, "THICKNES_M": 225.98940143499999, "VOLUME_KM": 11.106005425199999, "MASS_GT": 10.1842069749, "RECURRANCE": ">8", "UA_KM": 0.19144783956, "UH_M": 18.757120226600001, "UC_KM": 0.84976726991999996, "REGION": "East", "ICESHELF": "Prince_Harald" }, "geometry": { "type": "Polygon", "coordinates": [ [ [ 1328770.490300005301833, 1926499.270500001963228 ], [ 1333809.6820168197155, 1923478.705555852968246 ], [ 1334087.963799996301532, 1923311.899400002788752 ], [ 1328330.288700002245605, 1923620.220800015609711 ], [ 1317746.126883736811578, 1921132.071597204077989 ], [ 1317432.14070000872016, 1921058.25900001404807 ], [ 1322976.103700010105968, 1928245.524000006262213 ], [ 1328770.490300005301833, 1926499.270500001963228 ] ] ] } },
{ "type": "Feature", "properties": { "ID": 894, "YEAR": "2013-2014", "Perimtr_KM": 10.286270622, "AREA_KM": 4.7770292880099996, "SCALE": 1, "THICKNES_M": 123.763145447, "VOLUME_KM": 0.59122017057999998, "MASS_GT": 0.54214889641999997, "RECURRANCE": ">8", "UA_KM": 0.05143135311, "UH_M": 10.272341021400001, "UC_KM": 0.04523674634, "REGION": "East", "ICESHELF": "Nivl" }, "geometry": { "type": "Polygon", "coordinates": [ [ [ 451351.752800000365824, 2149392.653800009284168 ], [ 452496.672500004526228, 2147117.730600010138005 ], [ 452643.09389999974519, 2146386.115700002294034 ], [ 451977.224999999627471, 2146719.87620000494644 ], [ 450479.928100001998246, 2147425.385099994484335 ], [ 450290.509500005748123, 2147441.143400000873953 ], [ 449811.477900000289083, 2147128.40900000045076 ], [ 450346.334100001025945, 2149815.988000001292676 ], [ 451351.752800000365824, 2149392.653800009284168 ] ] ] } },
{ "type": "Feature", "properties": { "ID": 895, "YEAR": "2013-2014", "Perimtr_KM": 22.050002264100002, "AREA_KM": 26.545784928, "SCALE": 2, "THICKNES_M": 231.422175396, "VOLUME_KM": 6.1432832956299999, "MASS_GT": 5.6333907820900002, "RECURRANCE": "4-5", "UA_KM": 0.11025001132, "UH_M": 19.2080404632, "UC_KM": 0.4700484895, "REGION": "East", "ICESHELF": "Drygalski" }, "geometry": { "type": "Polygon", "coordinates": [ [ [ 457577.597000005189329, -1543449.936799998395145 ], [ 457678.580000004731119, -1544253.007500003557652 ], [ 457882.725600008387119, -1544666.091799999354407 ], [ 458003.817499997094274, -1544905.915100004058331 ], [ 458071.660700008738786, -1545914.289800001308322 ], [ 458249.28000000724569, -1546746.677400000859052 ], [ 456780.572699997574091, -1549483.3498 ], [ 455193.069499996490777, -1550118.351100004278123 ], [ 454796.193700002972037, -1551388.353600000729784 ], [ 453288.065700002480298, -1548372.0976 ], [ 453892.77785019017756, -1546692.34153321152553 ], [ 454002.442100002430379, -1546387.718599998624995 ], [ 453881.703915347810835, -1545536.800382218789309 ], [ 453686.523347702343017, -1544161.239690744783729 ], [ 453637.26680000917986, -1543814.09769999794662 ], [ 453751.395100000780076, -1543600.585499996785074 ], [ 453769.53621603641659, -1543561.500939934048802 ], [ 453852.362999998964369, -1543383.05279999691993 ], [ 454521.947756746318191, -1543397.380714504979551 ], [ 454613.216400005854666, -1543399.333700001938269 ], [ 454685.34380104392767, -1543450.68646333203651 ], [ 454805.397700001951307, -1543536.161599994404241 ], [ 455042.308015073649585, -1543515.21183363487944 ], [ 455506.058037834707648, -1543474.202835683245212 ], [ 455600.698100002948195, -1543465.833899997640401 ], [ 456278.486000007018447, -1543296.436700000194833 ], [ 456622.466800003778189, -1543100.691700001712888 ], [ 456826.294800003059208, -1543237.470699996221811 ], [ 457088.274600004311651, -1543246.779800003394485 ], [ 457515.344899998512119, -1543375.408000001683831 ], [ 457577.597000005189329, -1543449.936799998395145 ] ] ] } },
{ "type": "Feature", "properties": { "ID": 896, "YEAR": "2013-2014", "Perimtr_KM": 11.1000135057, "AREA_KM": 4.3583490524700004, "SCALE": 1, "THICKNES_M": 167.59903958000001, "VOLUME_KM": 0.73045511534999996, "MASS_GT": 0.66982734076999995, "RECURRANCE": "3-4", "UA_KM": 0.05550006753, "UH_M": 13.9107202165, "UC_KM": 0.05589019863, "REGION": "East", "ICESHELF": "Drygalski" }, "geometry": { "type": "Polygon", "coordinates": [ [ [ 401646.244343893136829, -1541165.815150891430676 ], [ 401671.651929499115795, -1541182.398713637609035 ], [ 401993.479700006078929, -1541392.45610000193119 ], [ 402275.483260787092149, -1541567.789128605276346 ], [ 402671.155700006056577, -1541813.794700001366436 ], [ 403516.72390001732856, -1541748.589000002015382 ], [ 404418.592300005722791, -1542065.265599997714162 ], [ 405389.187900002580136, -1542482.154199997195974 ], [ 401059.211300008930266, -1543133.337100000819191 ], [ 401184.059802849777043, -1541907.674403498647735 ], [ 401223.793989337515086, -1541517.595956089207903 ], [ 401232.236324590630829, -1541434.715864171972498 ], [ 401235.967083996161819, -1541398.090253683272749 ], [ 401243.156604310963303, -1541327.509296354372054 ], [ 401283.729099997319281, -1540929.200999994296581 ], [ 401646.244343893136829, -1541165.815150891430676 ] ] ] } },
{ "type": "Feature", "properties": { "ID": 897, "YEAR": "2013-2014", "Perimtr_KM": 17.2230100632, "AREA_KM": 4.9475220992800004, "SCALE": 1, "THICKNES_M": 80.2600855827, "VOLUME_KM": 0.39708854711000002, "MASS_GT": 0.3641301977, "RECURRANCE": "1-2", "UA_KM": 0.08611505032, "UH_M": 6.6615870705200004, "UC_KM": 0.03038291786, "REGION": "West", "ICESHELF": "Getz_1" }, "geometry": { "type": "Polygon", "coordinates": [ [ [ -1466913.188711165450513, -1020744.948572116438299 ], [ -1466910.581799998413771, -1020759.516199997626245 ], [ -1466906.4146, -1020776.0646 ], [ -1466903.445299997692928, -1020787.700399996945634 ], [ -1466900.781599995680153, -1020799.506200002972037 ], [ -1466898.422200000379235, -1020811.487700002733618 ], [ -1466896.365799997700378, -1020823.651399997761473 ], [ -1466894.61140000144951, -1020836.003300000680611 ], [ -1466893.157599999802187, -1020848.552299998002127 ], [ -1466892.003399999812245, -1020861.3071 ], [ -1466891.147999997483566, -1020874.277500002644956 ], [ -1466890.591200003633276, -1020887.454599991440773 ], [ -1466890.330900000641122, -1020900.870299995876849 ], [ -1466890.366999997291714, -1020914.538299998268485 ], [ -1466890.699400002369657, -1020928.47549999691546 ], [ -1466891.328400002792478, -1020942.695500003639609 ], [ -1466892.254900000756606, -1020957.225500001572073 ], [ -1466893.480600001523271, -1020972.090900003677234 ], [ -1466895.008199997479096, -1020987.324000003514811 ], [ -1466898.074199997587129, -1021012.441500003682449 ], [ -1466901.941799994325265, -1021038.798699994571507 ], [ -1466906.650300000328571, -1021066.670399999711663 ], [ -1466912.291700001340359, -1021096.602699995972216 ], [ -1466916.772899996954948, -1021122.865499996114522 ], [ -1466923.043699997011572, -1021152.0784 ], [ -1466933.245627894066274, -1021239.584841767791659 ], [ -1466934.145599996903911, -1021247.304299998097122 ], [ -1466941.884099997580051, -1021282.609600002877414 ], [ -1466949.022999996552244, -1021317.0835 ], [ -1466954.454699998022988, -1021348.287100001703948 ], [ -1466959.816499999724329, -1021379.945100001292303 ], [ -1466964.085599997546524, -1021409.609800002304837 ], [ -1466965.833400000818074, -1021423.853500002995133 ], [ -1466967.328699996462092, -1021437.747800002340227 ], [ -1466968.574900002917275, -1021451.325000000884756 ], [ -1466969.574099997058511, -1021464.610199997434393 ], [ -1466970.322699999203905, -1021477.513600001344457 ], [ -1466970.831399999093264, -1021490.16960000153631 ], [ -1466971.100799997802824, -1021502.594299998832867 ], [ -1466971.131199996452779, -1021514.800800001947209 ], [ -1466970.922499996842816, -1021526.803400001721457 ], [ -1466970.474699998740107, -1021538.610200000694022 ], [ -1466969.787200001301244, -1021550.230700000422075 ], [ -1466968.859700003638864, -1021561.673199999611825 ], [ -1466967.690299997571856, -1021572.954499998595566 ], [ -1466966.279199999058619, -1021584.071699995780364 ], [ -1466964.625499999849126, -1021595.030999992741272 ], [ -1466962.728399995947257, -1021605.837699995609 ], [ -1466960.586900000926107, -1021616.49769999156706 ], [ -1466948.14420000067912, -1021626.892600002000108 ], [ -1466945.511300002690405, -1021637.271099996985868 ], [ -1466942.631000000750646, -1021647.514999994076788 ], [ -1466938.6304, -1021661.981199995381758 ], [ -1466934.264100000727922, -1021678.509300001664087 ], [ -1466929.379999999189749, -1021698.070999996270984 ], [ -1466913.945300002815202, -1021762.082700000610203 ], [ -1466908.55680000083521, -1021782.850700001697987 ], [ -1466903.431000000331551, -1021801.297800002386793 ], [ -1466897.163199999602512, -1021821.956400002352893 ], [ -1466890.948400000343099, -1021840.646099996985868 ], [ -1466884.405399997951463, -1021857.926699992734939 ], [ -1466877.610099997604266, -1021873.835800003027543 ], [ -1466875.094536156626418, -1021879.172569153830409 ], [ -1466873.570599996717647, -1021882.4056 ], [ -1466869.560099995927885, -1021890.458200002321973 ], [ -1466865.301799999782816, -1021898.239200003445148 ], [ -1466909.316335940500721, -1022182.671004250645638 ], [ -1467015.069653949467465, -1022866.072666934458539 ], [ -1467243.047399999573827, -1024339.315999991958961 ], [ -1466672.285399997374043, -1025177.570900705177337 ], [ -1466440.621999998576939, -1025517.805500002577901 ], [ -1466287.89349999721162, -1027157.754799997899681 ], [ -1465577.169899997999892, -1027547.561999997589737 ], [ -1466490.78362596151419, -1027231.400842427276075 ], [ -1467267.763199995970353, -1026962.522699994035065 ], [ -1467356.121616013813764, -1026112.886599996360019 ], [ -1467361.567100002896041, -1026060.523961701896042 ], [ -1467450.02925805025734, -1025209.890299995895475 ], [ -1467535.723400465678424, -1024385.873299287399277 ], [ -1467549.855509258806705, -1024249.981888610403985 ], [ -1467792.752264470094815, -1021914.337350167101249 ], [ -1467861.204045883147046, -1021256.119296697434038 ], [ -1467922.144499995512888, -1020670.128599998774007 ], [ -1467917.595099999103695, -1020679.934300003806129 ], [ -1467912.8866, -1020689.508999992860481 ], [ -1467908.017799995606765, -1020698.855300001101568 ], [ -1467902.987399999285117, -1020707.9759 ], [ -1467897.878300000913441, -1020716.796799992211163 ], [ -1467891.7282, -1020725.402300000889227 ], [ -1467878.690000002039596, -1020732.646799997426569 ], [ -1467872.993200001306832, -1020740.895599992247298 ], [ -1467867.046200000215322, -1020748.882699992274866 ], [ -1467861.011999995447695, -1020756.699899994768202 ], [ -1467854.807399996789172, -1020764.303699999349192 ], [ -1467848.431200001621619, -1020771.69539999961853 ], [ -1467841.800400001229718, -1020778.830999998608604 ], [ -1467835.077799997292459, -1020785.80209999717772 ], [ -1467828.180599997518584, -1020792.564600001089275 ], [ -1467821.024800000479445, -1020799.074899997795001 ], [ -1467813.774299998302013, -1020805.423600002890453 ], [ -1467810.139723124913871, -1020808.429205827414989 ], [ -1467806.345900000305846, -1020811.566500002518296 ], [ -1467798.65659999800846, -1020817.459399997722358 ], [ -1467790.869500000262633, -1020823.193099998869002 ], [ -1467782.90170000330545, -1020828.723399999784306 ], [ -1467774.670100000686944, -1020834.005600004456937 ], [ -1467766.337800001027063, -1020839.13080000388436 ], [ -1467736.660599999595433, -1020856.434199998620898 ], [ -1467712.168199998792261, -1020870.318999996874481 ], [ -1467689.406199999852106, -1020882.779800004558638 ], [ -1467668.074099999153987, -1020893.973599999444559 ], [ -1467647.425500003620982, -1020904.285200000740588 ], [ -1467627.764399998821318, -1020913.542100003222004 ], [ -1467609.153600001940504, -1020921.959200001321733 ], [ -1467591.209399998420849, -1020929.229400005191565 ], [ -1467573.808800002560019, -1020935.698900000425056 ], [ -1467557.208900001831353, -1020941.173500001197681 ], [ -1467541.47430000314489, -1020945.779400001745671 ], [ -1467526.425999999511987, -1020949.280099997995421 ], [ -1467519.227599997073412, -1020950.722099998267367 ], [ -1467512.134899997152388, -1020951.798400000203401 ], [ -1467505.314799998188391, -1020952.749100002227351 ], [ -1467498.68299999833107, -1020953.454199997009709 ], [ -1467492.238700000103563, -1020953.913900001207367 ], [ -1467485.897799997590482, -1020954.008100003004074 ], [ -1467479.827699998859316, -1020953.976899993605912 ], [ -1467473.943999997572973, -1020953.700299993623048 ], [ -1467467.701400000834838, -1020953.022099994821474 ], [ -1467461.492699998198077, -1020951.736700001405552 ], [ -1467455.482299999101087, -1020950.083299995865673 ], [ -1467449.582499996758997, -1020947.940999996848404 ], [ -1467443.789999997941777, -1020945.308499997481704 ], [ -1467438.016099996399134, -1020942.063900002278388 ], [ -1467432.423999998485669, -1020938.444600004237145 ], [ -1467426.9249, -1020934.327400001231581 ], [ -1467421.522299996577203, -1020929.716399997007102 ], [ -1467416.11739999987185, -1020924.480200002435595 ], [ -1467410.871800001943484, -1020918.853000000817701 ], [ -1467405.694399997824803, -1020912.706899999175221 ], [ -1467400.579300001030788, -1020906.035400002030656 ], [ -1467395.515599997714162, -1020898.824499998940155 ], [ -1467390.40940000093542, -1020890.9402 ], [ -1467385.416400001384318, -1020882.603600000729784 ], [ -1467377.618699997896329, -1020868.334500000346452 ], [ -1467369.705699999351054, -1020852.355900002410635 ], [ -1467361.7578, -1020834.733000001870096 ], [ -1467353.527700000442564, -1020814.98409999255091 ], [ -1467346.470900001237169, -1020797.087000003550202 ], [ -1467338.847299997229129, -1020776.770400000736117 ], [ -1467332.255688290344551, -1020720.449852960417047 ], [ -1467330.858700000680983, -1020708.5136 ], [ -1467321.007099997252226, -1020681.824100001947954 ], [ -1467315.240443750983104, -1020666.499453564407304 ], [ -1467311.240999998291954, -1020655.871100004063919 ], [ -1467307.401103715645149, -1020646.181637702509761 ], [ -1467302.251299999188632, -1020633.18680000025779 ], [ -1467297.127499998081475, -1020621.617499998537824 ], [ -1467292.340299997013062, -1020610.641799999866635 ], [ -1467287.281299998983741, -1020600.309600001899526 ], [ -1467282.223, -1020590.529499999247491 ], [ -1467277.601399996783584, -1020581.279699993086979 ], [ -1467272.494200000306591, -1020572.510599999688566 ], [ -1467267.638700000243261, -1020564.167999994941056 ], [ -1467262.443799996981397, -1020556.344199999468401 ], [ -1467257.414899996714666, -1020549.274999997811392 ], [ -1467252.785599995870143, -1020542.631599999032915 ], [ -1467247.635400002123788, -1020536.369800003711134 ], [ -1467242.708100000862032, -1020530.448900001356378 ], [ -1467237.416400001617149, -1020524.969900002935901 ], [ -1467232.505399997346103, -1020519.89449999644421 ], [ -1467227.056600001640618, -1020515.182499994523823 ], [ -1467221.815199998673052, -1020510.795899999560788 ], [ -1467216.191800000378862, -1020506.836300002876669 ], [ -1467210.936000001849607, -1020503.270100004505366 ], [ -1467205.130299996584654, -1020500.058699997840449 ], [ -1467199.520599994575605, -1020497.165900002000853 ], [ -1467193.522199999541044, -1020494.697099992074072 ], [ -1467187.881700000260025, -1020492.616599996807054 ], [ -1467181.682100000558421, -1020490.886799996485934 ], [ -1467175.669899997767061, -1020489.472299993271008 ], [ -1467164.926999998046085, -1020487.53249999973923 ], [ -1467153.72080000047572, -1020485.80360000114888 ], [ -1467143.09430000022985, -1020484.342099995119497 ], [ -1467132.212900001322851, -1020483.121699993731454 ], [ -1467122.08299999916926, -1020482.188600002788007 ], [ -1467111.807599999010563, -1020481.506800003349781 ], [ -1467101.881200001807883, -1020481.096999996807426 ], [ -1467092.787599996896461, -1020480.978700002422556 ], [ -1467083.697200000751764, -1020481.113399998517707 ], [ -1467075.472199998097494, -1020481.53590000141412 ], [ -1467067.2115999951493, -1020482.208599998150021 ], [ -1467059.38310000137426, -1020483.149199997540563 ], [ -1467052.454900001641363, -1020484.3745 ], [ -1467045.517200000816956, -1020485.846800000872463 ], [ -1467039.033300003502518, -1020487.583299999125302 ], [ -1467033.007999998750165, -1020489.582700001075864 ], [ -1467028.378199994796887, -1020491.67329999874346 ], [ -1467023.435499998275191, -1020494.09639999945648 ], [ -1467018.635600000852719, -1020496.871200001332909 ], [ -1467013.976600000634789, -1020499.998799995752051 ], [ -1467009.456899996846914, -1020503.480200002435595 ], [ -1467005.531599999871105, -1020507.335499994689599 ], [ -1467001.283599995309487, -1020511.529999994672835 ], [ -1466997.167800004128367, -1020516.084299998823553 ], [ -1466993.186400001635775, -1020520.995499999029562 ], [ -1466989.33169999695383, -1020526.271900000981987 ], [ -1466986.058100001653656, -1020531.936100000748411 ], [ -1466982.447399996453896, -1020537.956399993039668 ], [ -1466978.954299999633804, -1020544.355400000698864 ], [ -1466975.573700001463294, -1020551.142299997620285 ], [ -1466972.301199997076765, -1020558.326000004075468 ], [ -1466969.131399995880201, -1020565.918200002983212 ], [ -1466964.034200003836304, -1020579.594399992609397 ], [ -1466959.629999997559935, -1020594.572899994440377 ], [ -1466954.960399998584762, -1020610.949300001608208 ], [ -1466950.403099995106459, -1020629.020299994153902 ], [ -1466946.660199996549636, -1020645.461399999679998 ], [ -1466942.764500001212582, -1020664.017999992473051 ], [ -1466931.564899996621534, -1020724.180899999570101 ], [ -1466914.026399995898828, -1020740.267499993555248 ], [ -1466913.188711165450513, -1020744.948572116438299 ] ] ] } },
{ "type": "Feature", "properties": { "ID": 898, "YEAR": "2013-2014", "Perimtr_KM": 15.6612221033, "AREA_KM": 7.1731830688300002, "SCALE": 1, "THICKNES_M": 193.13206024199999, "VOLUME_KM": 1.3853716245800001, "MASS_GT": 1.27038577974, "RECURRANCE": ">8", "UA_KM": 0.07830611052, "UH_M": 16.029960921000001, "UC_KM": 0.10600062022, "REGION": "West", "ICESHELF": "Getz_1" }, "geometry": { "type": "Polygon", "coordinates": [ [ [ -1467180.102196975145489, -1012483.123358379350975 ], [ -1467182.623599994927645, -1012492.549499998567626 ], [ -1467184.630399993853644, -1012501.69040000019595 ], [ -1467188.239199997624382, -1012510.095799994654953 ], [ -1467192.34889999893494, -1012517.819400003412738 ], [ -1467196.965099998051301, -1012524.871399999596179 ], [ -1467202.486999995540828, -1012531.823399997781962 ], [ -1467207.615400003734976, -1012538.467999999178573 ], [ -1467214.5764, -1012544.739699994213879 ], [ -1467222.279099997831509, -1012550.692400000290945 ], [ -1467230.152199996402487, -1012556.260499996831641 ], [ -1467239.397299997741356, -1012561.620800002245232 ], [ -1467248.883699999423698, -1012566.642199993832037 ], [ -1467259.831099997041747, -1012571.503499996382743 ], [ -1467270.147899999748915, -1012575.715799996396527 ], [ -1467281.934399995952845, -1012579.864500002469867 ], [ -1467294.135399997001514, -1012583.837400003569201 ], [ -1467307.024399998830631, -1012587.893399997148663 ], [ -1467321.167399995727465, -1012591.372200003126636 ], [ -1467337.059900001622736, -1012595.045200001914054 ], [ -1467397.503100000554696, -1012608.247599999653175 ], [ -1467422.499499995959923, -1012614.093600003281608 ], [ -1467435.470599997555837, -1012617.520300002768636 ], [ -1467447.92069999454543, -1012620.790100001497194 ], [ -1467459.552700001746416, -1012624.08269999246113 ], [ -1467469.955400001024827, -1012627.547900000354275 ], [ -1467481.610399996163324, -1012632.030899999430403 ], [ -1467491.887699997751042, -1012636.799999999813735 ], [ -1467501.911599996965379, -1012641.656300003640354 ], [ -1467510.681200000224635, -1012646.851899999426678 ], [ -1467519.294700000202283, -1012652.18379999906756 ], [ -1467526.792999997967854, -1012657.952400001231581 ], [ -1467533.722099999431521, -1012664.057300002779812 ], [ -1467540.227900000754744, -1012670.541400002781302 ], [ -1467544.634199997643009, -1012675.79670000472106 ], [ -1467548.897299996810034, -1012681.27149999444373 ], [ -1467553.019400000805035, -1012686.968300001928583 ], [ -1467557.003299999283627, -1012692.890099999494851 ], [ -1467561.845199994044378, -1012698.839799999259412 ], [ -1467566.34909999743104, -1012704.928999998373911 ], [ -1467570.723199998727068, -1012711.254199998220429 ], [ -1467574.97129999473691, -1012717.819999999599531 ], [ -1467579.090899995760992, -1012724.622599999187514 ], [ -1467583.691799997584894, -1012731.622999998740852 ], [ -1467587.57829999900423, -1012738.93569999630563 ], [ -1467591.354600002290681, -1012746.515599997481331 ], [ -1467595.024499997030944, -1012754.369799998356029 ], [ -1467598.594499998725951, -1012762.511999995447695 ], [ -1467606.058799997437745, -1012779.66350000211969 ], [ -1467611.529000000562519, -1012795.013199997367337 ], [ -1467616.823199995793402, -1012811.425500005250797 ], [ -1467621.995499996002764, -1012829.066100001335144 ], [ -1467627.74150000186637, -1012848.207099996507168 ], [ -1467632.129799996037036, -1012865.843000001041219 ], [ -1467636.780099998926744, -1012885.666499994928017 ], [ -1467653.153800000436604, -1012956.866499999072403 ], [ -1467659.736599998082966, -1012985.389899992384017 ], [ -1467667.60929999826476, -1013014.2736 ], [ -1467671.192499999655411, -1013027.389700002735481 ], [ -1467675.080499997362494, -1013039.913500002818182 ], [ -1467679.525299995671958, -1013054.21219999785535 ], [ -1467684.081899999873713, -1013067.765100001124665 ], [ -1467688.972600001376122, -1013080.664100000634789 ], [ -1467693.365799996536225, -1013093.53620000439696 ], [ -1467698.256499997805804, -1013106.298800002085045 ], [ -1467703.147899998584762, -1013118.261399997165427 ], [ -1467708.248200001660734, -1013129.7301 ], [ -1467714.283799997763708, -1013140.826600002590567 ], [ -1467722.142899999627843, -1013153.035699999658391 ], [ -1467730.114700002595782, -1013165.202799999620765 ], [ -1467739.91649999958463, -1013177.403999996371567 ], [ -1467749.232999996747822, -1013189.67660000314936 ], [ -1467760.416099994676188, -1013202.035700000356883 ], [ -1467771.179000003496185, -1013214.550299999769777 ], [ -1467783.191900001605973, -1013227.17120000300929 ], [ -1467795.624999995576218, -1013240.189199995948002 ], [ -1467806.919699996942654, -1013250.979200003435835 ], [ -1467818.497899998677894, -1013262.228500002762303 ], [ -1467831.382499996107072, -1013273.844300004187971 ], [ -1467845.353700000559911, -1013286.150000001303852 ], [ -1467871.565499998629093, -1013309.019400001736358 ], [ -1467936.767599997576326, -1013364.56179999676533 ], [ -1467954.544199996627867, -1013380.007300001569092 ], [ -1467969.847000000532717, -1013394.120199993951246 ], [ -1467986.525199997937307, -1013409.52650000480935 ], [ -1468001.701899998355657, -1013424.152200000826269 ], [ -1468015.639800003031269, -1013438.260600004112348 ], [ -1468028.018099998589605, -1013452.09540000022389 ], [ -1468035.220400002086535, -1013459.931899999035522 ], [ -1468041.640999999595806, -1013467.797599993878976 ], [ -1468047.744999999413267, -1013475.603699994273484 ], [ -1468053.541499997256324, -1013483.362000001128763 ], [ -1468059.493199996650219, -1013490.982299991883337 ], [ -1468064.698699999134988, -1013498.677800002275035 ], [ -1468069.616799999726936, -1013506.353899997891858 ], [ -1468074.252199997194111, -1013514.017700002528727 ], [ -1468079.067300000693649, -1013521.582400004379451 ], [ -1468083.27170000039041, -1013529.179000000935048 ], [ -1468087.44000000343658, -1013536.638300000689924 ], [ -1468091.117700000526384, -1013544.116099999751896 ], [ -1468094.188499996671453, -1013551.689000002574176 ], [ -1468096.891199996694922, -1013559.21760000102222 ], [ -1468099.561799999326468, -1013566.673999999416992 ], [ -1468101.735199995804578, -1013574.253299999283627 ], [ -1468104.354800003115088, -1013584.917699999641627 ], [ -1468106.55489999987185, -1013595.950199996354058 ], [ -1468108.746100003365427, -1013607.629299997817725 ], [ -1468110.52840000204742, -1013619.728199996752664 ], [ -1468111.905299998586997, -1013632.266699992818758 ], [ -1468112.884199996944517, -1013645.303300003521144 ], [ -1468113.469200000632554, -1013658.892100000753999 ], [ -1468113.66370000061579, -1013673.113100000424311 ], [ -1468113.515799998072907, -1013686.112199995666742 ], [ -1468113.070900001563132, -1013699.773899991996586 ], [ -1468112.324900000356138, -1013714.230899999383837 ], [ -1468111.264899995177984, -1013729.736900000832975 ], [ -1468108.606100000906736, -1013760.260899991728365 ], [ -1468102.626100000459701, -1013819.0898999995552 ], [ -1468100.356399997603148, -1013843.182199997361749 ], [ -1468098.178799999179319, -1013868.172800003783777 ], [ -1468096.958399997791275, -1013890.413499997463077 ], [ -1468096.541799995582551, -1013903.229299999540672 ], [ -1468096.376600003102794, -1013915.498100002994761 ], [ -1468096.4618, -1013927.302600001916289 ], [ -1468096.797799998894334, -1013938.696699999738485 ], [ -1468097.386799994856119, -1013949.739500001538545 ], [ -1468098.230399995809421, -1013960.449199999216944 ], [ -1468099.564199997344986, -1013970.758400002494454 ], [ -1468100.845299997832626, -1013980.744199991924688 ], [ -1468102.670200001914054, -1013993.731400001328439 ], [ -1468104.671599996741861, -1014006.926700002513826 ], [ -1468107.087200002511963, -1014020.322799996472895 ], [ -1468109.92350000073202, -1014033.948100002249703 ], [ -1468113.302099999506027, -1014047.880899996496737 ], [ -1468117.588399996282533, -1014062.347699999110773 ], [ -1468122.483600000152364, -1014077.080999999307096 ], [ -1468127.699000002350658, -1014092.320099997799844 ], [ -1468132.856299999170005, -1014107.114799996139482 ], [ -1468138.9408, -1014123.035799992270768 ], [ -1468145.75529999868013, -1014139.608299993909895 ], [ -1468152.688699999824166, -1014156.737300002248958 ], [ -1468168.399099994683638, -1014192.469899999443442 ], [ -1468199.496000000741333, -1014261.959300001617521 ], [ -1468212.705099995946512, -1014291.477899996796623 ], [ -1468225.430899997940287, -1014322.033100003842264 ], [ -1468236.115699999267235, -1014349.512299992609769 ], [ -1468242.250799996778369, -1014366.059400001307949 ], [ -1468247.828299996443093, -1014382.019800000591204 ], [ -1468252.887399999424815, -1014397.50669999467209 ], [ -1468257.044999998761341, -1014412.060799998696893 ], [ -1468261.1402, -1014426.831999999005347 ], [ -1468263.628900000825524, -1014440.258900003740564 ], [ -1468265.854299999307841, -1014453.610199996735901 ], [ -1468267.442600001115352, -1014466.565799998352304 ], [ -1468268.820199996698648, -1014479.451000003842637 ], [ -1468270.63339999737218, -1014493.689099997514859 ], [ -1468272.376299999654293, -1014508.724800002761185 ], [ -1468273.450399999273941, -1014523.546299999114126 ], [ -1468274.548700003186241, -1014539.348299994831905 ], [ -1468275.330400002421811, -1014555.601800000760704 ], [ -1468275.798000000184402, -1014572.35939999925904 ], [ -1468275.953600000357255, -1014589.695300003513694 ], [ -1468275.798999999882653, -1014607.64300000295043 ], [ -1468275.334100001025945, -1014626.38820000202395 ], [ -1468274.554899997776374, -1014646.099099999526516 ], [ -1468273.449299994856119, -1014667.087799997767434 ], [ -1468270.856400001328439, -1014710.814199999673292 ], [ -1468263.907999996794388, -1014796.958900002529845 ], [ -1468261.248000000137836, -1014833.162999998545274 ], [ -1468259.055600000778213, -1014871.028299995465204 ], [ -1468257.141299997922033, -1014887.068100002827123 ], [ -1468254.987099999794737, -1014901.820099998032674 ], [ -1468252.562099997419864, -1014919.228300000308082 ], [ -1468251.458999997470528, -1014936.59030000353232 ], [ -1468251.928, -1014954.947299999184906 ], [ -1468252.768099998589605, -1014972.702900003176183 ], [ -1468253.984700003406033, -1014989.954000002238899 ], [ -1468255.580800000810996, -1015006.729899997357279 ], [ -1468257.560699997004122, -1015023.076899998821318 ], [ -1468259.928900001337752, -1015039.030299999751151 ], [ -1468261.998499996960163, -1015051.095800000941381 ], [ -1468264.316799996653572, -1015063.36370000243187 ], [ -1468269.371800002641976, -1015087.938799997325987 ], [ -1468275.835699997609481, -1015114.321899998001754 ], [ -1468283.467099997447804, -1015142.276100001530722 ], [ -1468291.018299998948351, -1015168.273200001101941 ], [ -1468300.289400001056492, -1015197.744600004516542 ], [ -1468310.055399995064363, -1015227.522399998037145 ], [ -1468336.102000000653788, -1015306.177100001834333 ], [ -1468342.571399997919798, -1015329.561799995368347 ], [ -1468342.691199995344505, -1015347.606199999339879 ], [ -1468342.174600001890212, -1015367.646999992197379 ], [ -1468348.369499996770173, -1015390.272499998332933 ], [ -1468353.972200000425801, -1015412.425000002607703 ], [ -1468358.824000001884997, -1015433.696200001519173 ], [ -1468363.147199999075383, -1015454.609799998346716 ], [ -1468365.403599997283891, -1015466.746364308521152 ], [ -1468366.96180000109598, -1015475.127500001108274 ], [ -1468370.702300001634285, -1015496.537000003503636 ], [ -1468374.154400000814348, -1015518.210500000510365 ], [ -1468377.319600001676008, -1015540.158100001281127 ], [ -1468380.200300002004951, -1015562.395200001541525 ], [ -1468382.798200001241639, -1015584.936200002906844 ], [ -1468385.115500001469627, -1015607.797899998957291 ], [ -1468387.151199996005744, -1015630.966699998360127 ], [ -1468388.694500001147389, -1015653.855700002750382 ], [ -1468390.179400000488386, -1015677.76509999926202 ], [ -1468391.39130000048317, -1015702.083699994254857 ], [ -1468392.331699997186661, -1015726.833999999798834 ], [ -1468393.002199998358265, -1015752.05950000253506 ], [ -1468392.73070000205189, -1015777.473100001458079 ], [ -1468380.980999994790182, -1015799.157600002828985 ], [ -1468376.318999995244667, -1015843.5632000034675 ], [ -1468375.214699999662116, -1015890.612299994565547 ], [ -1468373.362999997567385, -1015940.214099999051541 ], [ -1468370.729799998924136, -1015993.286400003824383 ], [ -1468367.8988, -1016041.025699997786433 ], [ -1468364.361199996434152, -1016094.14809999614954 ], [ -1468344.814300002530217, -1016276.707799998112023 ], [ -1468339.805299999890849, -1016349.510899998014793 ], [ -1468337.432600000174716, -1016387.886200002161786 ], [ -1468335.439599995268509, -1016423.792299997527152 ], [ -1468333.789500003447756, -1016457.891700001200661 ], [ -1468332.466099998215213, -1016490.525500001618639 ], [ -1468331.28949999762699, -1016528.314599999692291 ], [ -1468330.746000001672655, -1016564.991899993270636 ], [ -1468330.465500000398606, -1016600.133499995106831 ], [ -1468330.62970000016503, -1016634.224699997808784 ], [ -1468331.0573, -1016667.108399998396635 ], [ -1468332.765399999218062, -1016697.15759999724105 ], [ -1468334.233499998226762, -1016728.495600001187995 ], [ -1468336.197200002148747, -1016759.471599998651072 ], [ -1468338.208699999377131, -1016789.472599999047816 ], [ -1468340.056299997493625, -1016820.925899998052046 ], [ -1468341.757900001714006, -1016854.135199994081631 ], [ -1468343.343300002161413, -1016889.677700002444908 ], [ -1468345.949800000758842, -1016959.881300002336502 ], [ -1468350.204, -1017095.904299997957423 ], [ -1468352.128699999069795, -1017148.138300001388416 ], [ -1468354.506499995710328, -1017206.269999996060506 ], [ -1468356.851500002667308, -1017258.103300002403557 ], [ -1468358.642700001364574, -1017288.243599999230355 ], [ -1468360.583500001579523, -1017317.156800003489479 ], [ -1468362.686900000553578, -1017345.038100001169369 ], [ -1468364.962799997767434, -1017372.015200003515929 ], [ -1468367.423400000203401, -1017398.228799998527393 ], [ -1468370.073399999178946, -1017423.721700000576675 ], [ -1468372.919700002064928, -1017448.561399998143315 ], [ -1468375.968300000531599, -1017472.798999997787178 ], [ -1468379.669699998339638, -1017501.230300000403076 ], [ -1468383.963300000876188, -1017529.138299998128787 ], [ -1468388.580400001723319, -1017556.3452 ], [ -1468393.789099999237806, -1017582.006399998907 ], [ -1468400.817899997811764, -1017606.650199991185218 ], [ -1468406.255399995483458, -1017631.817000000970438 ], [ -1468412.23859999794513, -1017656.606799994362518 ], [ -1468418.578400002792478, -1017680.860500002047047 ], [ -1468425.095299999462441, -1017704.448899996234104 ], [ -1468432.175299996044487, -1017727.722099998034537 ], [ -1468439.6288, -1017750.514400004409254 ], [ -1468447.265799999702722, -1017772.657299995888025 ], [ -1468455.481199996545911, -1017794.531100002583116 ], [ -1468464.083900001598522, -1017815.96299999859184 ], [ -1468472.883400000166148, -1017836.7811 ], [ -1468482.273299999767914, -1017857.359900000505149 ], [ -1468486.136300003388897, -1017865.311699994141236 ], [ -1468490.25329999695532, -1017873.294200000818819 ], [ -1468494.431599997682497, -1017881.128300001611933 ], [ -1468499.062699995236471, -1017889.18309999932535 ], [ -1468509.108300002291799, -1017905.42290000198409 ], [ -1468520.025499997194856, -1017921.688799996860325 ], [ -1468532.235399998258799, -1017938.402299993904307 ], [ -1468545.374699998646975, -1017955.218599998857826 ], [ -1468559.921399998711422, -1017972.637000001501292 ], [ -1468575.561500001931563, -1017990.370699994731694 ], [ -1468589.522999995620921, -1018005.469500004081056 ], [ -1468604.77589999511838, -1018021.341000000946224 ], [ -1469050.22242759517394, -1016387.744617794407532 ], [ -1469197.977709304541349, -1015845.878246193053201 ], [ -1469255.483366639120504, -1015634.986415278399363 ], [ -1469384.434099995763972, -1015162.082400003448129 ], [ -1469407.194318160647526, -1014376.855281832860783 ], [ -1469414.938172669848427, -1014109.692440236685798 ], [ -1469423.384089154889807, -1013818.308473069453612 ], [ -1469490.267700000898913, -1011510.825099998619407 ], [ -1467068.502900002989918, -1012115.053000001469627 ], [ -1467074.560699996771291, -1012114.218199995812029 ], [ -1467087.892599995713681, -1012113.074699999531731 ], [ -1467099.63289999961853, -1012112.595800003735349 ], [ -1467110.667299997992814, -1012112.784500001231208 ], [ -1467121.879299998283386, -1012113.644200003240258 ], [ -1467131.524099996779114, -1012115.170099993469194 ], [ -1467136.525400001788512, -1012116.185799994040281 ], [ -1467141.353699998231605, -1012117.368900003377348 ], [ -1467146.009499996434897, -1012118.719700000947341 ], [ -1467149.614399999147281, -1012120.23479999625124 ], [ -1467153.92589999968186, -1012121.920999998459592 ], [ -1467158.065699998987839, -1012123.775099998572841 ], [ -1467162.034300000173971, -1012125.797199994791299 ], [ -1467165.831599998753518, -1012127.987500003306195 ], [ -1467168.579499998129904, -1012130.342800001613796 ], [ -1467172.035000001778826, -1012132.869700003182516 ], [ -1467175.319899995345622, -1012135.565099997445941 ], [ -1467178.434300003573298, -1012138.429200000362471 ], [ -1467181.378299997188151, -1012141.462000005180016 ], [ -1467184.152099999366328, -1012144.663700001081452 ], [ -1467186.273699996992946, -1012147.443100003525615 ], [ -1467187.379500002367422, -1012150.423999997554347 ], [ -1467189.227899997727945, -1012153.614999996731058 ], [ -1467190.941499999258667, -1012157.0148 ], [ -1467192.521299999440089, -1012160.625300002750009 ], [ -1467193.968699997058138, -1012164.449600002029911 ], [ -1467196.471199998864904, -1012172.752900001360103 ], [ -1467197.623499997425824, -1012182.040900001768023 ], [ -1467197.439400000264868, -1012192.370000002440065 ], [ -1467195.200100002810359, -1012203.957699998747557 ], [ -1467192.472899998305365, -1012216.631400001002476 ], [ -1467189.945899998536333, -1012227.375300000421703 ], [ -1467186.480200001271442, -1012239.045400003902614 ], [ -1467185.296899996232241, -1012251.304699999280274 ], [ -1467184.451199997682124, -1012264.682999999728054 ], [ -1467183.463799997931346, -1012290.023699999554083 ], [ -1467177.289700002642348, -1012355.284099992830306 ], [ -1467175.860799997346476, -1012373.409899997292086 ], [ -1467174.855300003895536, -1012389.574999997392297 ], [ -1467174.183499995386228, -1012406.165900000138208 ], [ -1467173.983599997591227, -1012421.4249999942258 ], [ -1467174.252800000598654, -1012435.585200003581122 ], [ -1467174.993999999016523, -1012448.764699997380376 ], [ -1467176.191399998730049, -1012460.8855000003241 ], [ -1467177.857899999246001, -1012472.196499998681247 ], [ -1467180.000000002328306, -1012482.741300004301593 ], [ -1467180.102196975145489, -1012483.123358379350975 ] ] ] } },
{ "type": "Feature", "properties": { "ID": 899, "YEAR": "2013-2014", "Perimtr_KM": 10.872402837199999, "AREA_KM": 5.5534827207699999, "SCALE": 1, "THICKNES_M": 346.35146901500002, "VOLUME_KM": 1.92345689849, "MASS_GT": 1.7638099759100001, "RECURRANCE": "3-4", "UA_KM": 0.05436201419, "UH_M": 28.747171786500001, "UC_KM": 0.14717179174, "REGION": "East", "ICESHELF": "Totten" }, "geometry": { "type": "Polygon", "coordinates": [ [ [ 2312434.217140391469002, -1142055.79607862001285 ], [ 2312095.488493883982301, -1142444.830503722187132 ], [ 2312073.707299999892712, -1142469.846499054692686 ], [ 2312008.346667823381722, -1142544.914067818317562 ], [ 2311992.929124520160258, -1142562.621324520558119 ], [ 2311527.817741632461548, -1143096.8080291794613 ], [ 2311521.373400002717972, -1143104.209442577790469 ], [ 2311488.785400594584644, -1143141.637200004654005 ], [ 2311479.766400002874434, -1143151.995643984992057 ], [ 2311452.558573645539582, -1143183.244199997745454 ], [ 2311005.061093052849174, -1143697.201099992264062 ], [ 2310779.344983627088368, -1143956.439100004499778 ], [ 2310671.889400002546608, -1144079.853289005812258 ], [ 2310669.720111750997603, -1144082.344745861366391 ], [ 2310616.078553458675742, -1144143.952800001017749 ], [ 2310609.478899999521673, -1144151.532591126859188 ], [ 2310557.672315870411694, -1144211.033152658026665 ], [ 2310246.756947919726372, -1144568.123651721747592 ], [ 2310138.053700005635619, -1144692.970800005132332 ], [ 2309960.804903953336179, -1144583.173757551936433 ], [ 2309955.909599998965859, -1144580.141353899613023 ], [ 2309941.095600889064372, -1144570.964799109846354 ], [ 2309601.236760035157204, -1144360.438711444148794 ], [ 2309535.710336103104055, -1144319.848266202723607 ], [ 2309437.144699997268617, -1144258.79162958287634 ], [ 2309300.923055863007903, -1144174.408920215675607 ], [ 2309055.383600004948676, -1144022.309122316306457 ], [ 2309019.751800002530217, -1144000.236948375590146 ], [ 2308785.881967811845243, -1143855.365917008602992 ], [ 2308518.849396942183375, -1143689.952175583457574 ], [ 2308362.19042579177767, -1143592.909532201942056 ], [ 2308322.043650314211845, -1143568.040549679426476 ], [ 2308206.673900000751019, -1143496.574578374158591 ], [ 2307978.662400007247925, -1143355.332499996526167 ], [ 2308260.187836640514433, -1143123.719469339353964 ], [ 2308398.939852161332965, -1143009.567173870047554 ], [ 2308606.985958538018167, -1142838.406124302651733 ], [ 2308934.467099995352328, -1142568.984999998705462 ], [ 2309247.967815686948597, -1142520.997200003126636 ], [ 2309361.268500001169741, -1142503.654175547184423 ], [ 2309567.477051593363285, -1142472.089671114925295 ], [ 2309617.791509252972901, -1142464.387997687794268 ], [ 2309647.528063819743693, -1142459.836199999321252 ], [ 2309691.315168289467692, -1142453.133673635777086 ], [ 2310239.2983458917588, -1142369.253459614003077 ], [ 2310247.472800005227327, -1142368.002189521677792 ], [ 2310247.533004158176482, -1142367.992974024731666 ], [ 2310322.781013089232147, -1142356.474702385021374 ], [ 2310647.713000005111098, -1142306.737108753994107 ], [ 2311022.089299998246133, -1142249.431035403162241 ], [ 2311069.718789910897613, -1142242.140352094080299 ], [ 2311826.994855904020369, -1142126.223511783638969 ], [ 2311881.516340264119208, -1142117.877865487942472 ], [ 2312137.836110390722752, -1142078.642797598848119 ], [ 2312416.414758012630045, -1142036.000545899616554 ], [ 2312456.840800014324486, -1142029.812500001396984 ], [ 2312434.217140391469002, -1142055.79607862001285 ] ] ] } },
{ "type": "Feature", "properties": { "ID": 900, "YEAR": "2013-2014", "Perimtr_KM": 30.657157183100001, "AREA_KM": 30.767220104100002, "SCALE": 2, "THICKNES_M": 346.35146901500002, "VOLUME_KM": 10.6562718806, "MASS_GT": 9.7718013144799993, "RECURRANCE": "1-2", "UA_KM": 0.15328578592, "UH_M": 28.747171786500001, "UC_KM": 0.81535626148999996, "REGION": "East", "ICESHELF": "Totten" }, "geometry": { "type": "Polygon", "coordinates": [ [ [ 2294520.891600006259978, -1142406.664700000779703 ], [ 2294402.305984043516219, -1142481.977582144550979 ], [ 2292474.004427466541529, -1143706.6282 ], [ 2292377.741417398676276, -1143767.764153738273308 ], [ 2291944.000300006009638, -1144043.230055631138384 ], [ 2291657.814661519601941, -1144224.984521262347698 ], [ 2291576.468327545560896, -1144276.646999997552484 ], [ 2291306.297300008125603, -1144448.230700000189245 ], [ 2291110.630757641978562, -1144397.736116506159306 ], [ 2290947.18847671430558, -1144355.557470111409202 ], [ 2290545.910526155494153, -1144252.001886535901576 ], [ 2290345.138691528700292, -1144200.189808472525328 ], [ 2289667.824900000356138, -1144025.399180568289012 ], [ 2289665.877399995923042, -1144024.896599999861792 ], [ 2289156.26006902102381, -1144180.613000000594184 ], [ 2287876.351100003346801, -1144571.696279295021668 ], [ 2287760.873500003479421, -1144606.981100001372397 ], [ 2287653.461410433985293, -1144625.778215296566486 ], [ 2287486.389833162538707, -1144655.015740724280477 ], [ 2287317.651682123541832, -1144684.544916562503204 ], [ 2287259.304411243647337, -1144694.755688759963959 ], [ 2287097.543111418373883, -1144723.063915655948222 ], [ 2286531.171760831959546, -1144822.178899996681139 ], [ 2286378.068534807302058, -1144848.971964007476345 ], [ 2286236.73646186478436, -1144873.705076272366568 ], [ 2285829.173599998466671, -1144945.028575653443113 ], [ 2285644.202599997632205, -1144977.398499996867031 ], [ 2285587.568508344702423, -1144961.991550046717748 ], [ 2284829.67714512348175, -1144755.811951176729053 ], [ 2284738.827469708397985, -1144731.096865948056802 ], [ 2284692.945148090831935, -1144718.61486769746989 ], [ 2284443.751705488190055, -1144650.823352279607207 ], [ 2283788.102507119998336, -1144472.458094033645466 ], [ 2283039.53600000217557, -1144268.815263859694824 ], [ 2282870.517300099134445, -1144222.834785076789558 ], [ 2281930.39209043700248, -1143967.079609565902501 ], [ 2281841.859600004740059, -1143942.9949000030756 ], [ 2282055.39337464235723, -1143411.11970000131987 ], [ 2282434.292500009760261, -1142467.348400003043935 ], [ 2283002.602808941155672, -1142605.510891062440351 ], [ 2283570.025400000624359, -1142743.457568139536306 ], [ 2283604.078699301928282, -1142751.736299999523908 ], [ 2283865.894899998791516, -1142815.386700003407896 ], [ 2284059.979106137529016, -1142601.328200002433732 ], [ 2285264.557399997487664, -1141272.780000002821907 ], [ 2286508.018100009299815, -1141171.499699995154515 ], [ 2288243.887300002388656, -1141937.259400001028553 ], [ 2289130.145300000905991, -1141074.168499996419996 ], [ 2289717.885445954278111, -1142255.059383319690824 ], [ 2289800.454300001263618, -1142420.957200001226738 ], [ 2290601.12550000846386, -1142204.714999998686835 ], [ 2291451.740721380338073, -1141592.045913317706436 ], [ 2292746.899899997748435, -1140659.18699999852106 ], [ 2293662.183100001886487, -1141130.259000001242384 ], [ 2294520.891600006259978, -1142406.664700000779703 ] ] ] } },
{ "type": "Feature", "properties": { "ID": 901, "YEAR": "2013-2014", "Perimtr_KM": 7.8656573463499999, "AREA_KM": 2.1755956313199998, "SCALE": 1, "THICKNES_M": 176.08054828600001, "VOLUME_KM": 0.38308007161000002, "MASS_GT": 0.35128442567000001, "RECURRANCE": "2-3", "UA_KM": 0.03932828673, "UH_M": 14.6146854357, "UC_KM": 0.02931107038, "REGION": "West", "ICESHELF": "Getz_2" }, "geometry": { "type": "Polygon", "coordinates": [ [ [ -1462812.620099995285273, -994850.267000000923872 ], [ -1462802.957099998136982, -994850.589299996616319 ], [ -1462791.767700000898913, -994850.364300000015646 ], [ -1462781.163499996298924, -994850.018199991900474 ], [ -1462768.989199995528907, -994849.123700000578538 ], [ -1462756.971999997738749, -994848.087899999460205 ], [ -1462744.714400001335889, -994846.726200002245605 ], [ -1462731.078, -994844.816499999724329 ], [ -1462705.499499995494261, -994840.761799999512732 ], [ -1462675.62569999624975, -994835.117300001205876 ], [ -1462644.966599997133017, -994828.791899998439476 ], [ -1462583.27939999406226, -994815.368300000671297 ], [ -1462557.353699997300282, -994809.863700000103563 ], [ -1462531.200399996479973, -994804.687400000635535 ], [ -1462507.438199996482581, -994800.37199999880977 ], [ -1462494.038299999432638, -994798.210499994689599 ], [ -1462480.606899999314919, -994796.165699997683987 ], [ -1462468.471400000387803, -994794.617600003024563 ], [ -1462456.863400001311675, -994793.361300000920892 ], [ -1462445.009599999291822, -994792.192900001304224 ], [ -1462434.309699996607378, -994791.504599993117154 ], [ -1462423.314700001617894, -994790.900600000517443 ], [ -1462413.420800000429153, -994790.773099998943508 ], [ -1462401.435099998954684, -994790.956699999514967 ], [ -1462389.288600002648309, -994791.377000000327826 ], [ -1462378.37470000074245, -994792.428600001847371 ], [ -1462367.255799997830763, -994793.719399999594316 ], [ -1462357.330600003013387, -994795.645399992121384 ], [ -1462347.393099996494129, -994797.952599996700883 ], [ -1462338.405499994987622, -994800.761900001205504 ], [ -1462329.384600000223145, -994803.957299997797236 ], [ -1462321.283499998506159, -994807.665300002321601 ], [ -1462313.135299996007234, -994811.766299999319017 ], [ -1462305.197999995667487, -994816.184799996204674 ], [ -1462297.911800002213567, -994821.198900002287701 ], [ -1462290.826400001300499, -994826.536499999929219 ], [ -1462284.161300001433119, -994832.337899998761714 ], [ -1462278.135599998291582, -994838.743499999633059 ], [ -1462272.301500000758097, -994845.481000002240762 ], [ -1462262.629000002518296, -994857.935999993467703 ], [ -1462253.35409999708645, -994871.244799999520183 ], [ -1462244.17500000144355, -994884.933599994517863 ], [ -1462235.665899996878579, -994899.085000001825392 ], [ -1462227.5138, -994913.20859999768436 ], [ -1462220.242299995850772, -994927.440099998377264 ], [ -1462213.488300000317395, -994941.350100000621751 ], [ -1462207.536099997581914, -994954.948800004320219 ], [ -1462204.749299998395145, -994961.998099994845688 ], [ -1462202.368600000161678, -994969.33790000481531 ], [ -1462199.948499999009073, -994976.694699997082353 ], [ -1462197.710999998496845, -994984.207599999848753 ], [ -1462195.655600002268329, -994991.878200000151992 ], [ -1462193.781699995743111, -994999.708900002995506 ], [ -1462192.0886, -995007.702000001911074 ], [ -1462190.575899996096268, -995015.860200002091005 ], [ -1462189.24359999736771, -995024.181499997153878 ], [ -1462188.09039999707602, -995032.673800001386553 ], [ -1462185.90080000157468, -995048.61210000095889 ], [ -1462183.077599998097867, -995062.149900002870709 ], [ -1462181.017699999734759, -995076.331999995745718 ], [ -1462181.348799997474998, -995095.574299996020272 ], [ -1462182.343799996888265, -995115.70160000002943 ], [ -1462184.007899999152869, -995136.825799998128787 ], [ -1462186.12900000018999, -995159.028500000480562 ], [ -1462189.084699997445568, -995182.066199997672811 ], [ -1462192.787500000325963, -995207.100000003818423 ], [ -1462197.281000000424683, -995234.546899999026209 ], [ -1462203.414799997583032, -995270.866599997505546 ], [ -1462205.358799999812618, -995280.91530000185594 ], [ -1462207.653000000398606, -995291.08030000096187 ], [ -1462210.301199995679781, -995301.378600004827604 ], [ -1462213.309099997393787, -995311.831799995852634 ], [ -1462216.680599999846891, -995322.455499992473051 ], [ -1462220.428099998738617, -995333.289900002069771 ], [ -1462224.336199996760115, -995344.247900005429983 ], [ -1462228.879999999888241, -995355.627699999138713 ], [ -1462233.728299998678267, -995367.074200004106387 ], [ -1462239.024500000290573, -995378.949600002728403 ], [ -1462244.587999996263534, -995391.238100000889972 ], [ -1462250.968099999707192, -995404.385699999984354 ], [ -1462264.266800003359094, -995430.927099999506027 ], [ -1462291.401599996490404, -995483.222699997248128 ], [ -1462299.154100000625476, -995502.3789999964647 ], [ -1462306.580100000603124, -995522.236200002254918 ], [ -1462315.976600000169128, -995542.979399998206645 ], [ -1462321.067199999233708, -995555.19459999888204 ], [ -1462325.964500000467524, -995567.21550000179559 ], [ -1462330.414499993668869, -995578.900399999227375 ], [ -1462334.438399996608496, -995590.305200000759214 ], [ -1462337.768999999389052, -995601.265700000338256 ], [ -1462340.988699998008087, -995612.254100002115592 ], [ -1462343.817900000140071, -995623.074099995894358 ], [ -1462346.262599997222424, -995633.749000004259869 ], [ -1462349.234700002940372, -995649.691999995149672 ], [ -1462351.568999999202788, -995666.562199996784329 ], [ -1462353.290999997174367, -995684.534899997292086 ], [ -1462354.434599998407066, -995703.961399999214336 ], [ -1462354.957899996312335, -995721.018599999370053 ], [ -1462355.084099997766316, -995739.989700003759935 ], [ -1462354.605799996294081, -995802.962499996181577 ], [ -1462354.641999997664243, -995825.737700001802295 ], [ -1462355.091599999461323, -995847.631900002481416 ], [ -1462355.931999998399988, -995867.255300002871081 ], [ -1462356.754499999340624, -995877.326000002445653 ], [ -1462357.7556000018958, -995887.001199999358505 ], [ -1462358.940499994438142, -995896.331799991428852 ], [ -1462360.313799997325987, -995905.352799997664988 ], [ -1462361.881699998164549, -995914.102200002875179 ], [ -1462363.646899996092543, -995922.593699996359646 ], [ -1462366.289000001735985, -995930.355499999132007 ], [ -1462367.9434, -995937.554099997505546 ], [ -1462370.531799997901544, -995947.004899999126792 ], [ -1462373.872, -995956.438700004480779 ], [ -1462377.397100002970546, -995966.045799998566508 ], [ -1462381.533300001639873, -995975.974900001427159 ], [ -1462386.675799997989088, -995986.867100002011284 ], [ -1462392.617499999701977, -995997.856699992902577 ], [ -1462398.806999997003004, -996009.158799997996539 ], [ -1462405.567200000630692, -996020.753800000064075 ], [ -1462412.279100000858307, -996031.125499999383464 ], [ -1462419.228899996960536, -996041.952300002565607 ], [ -1462426.770299996715039, -996053.253899997565895 ], [ -1462435.322200002381578, -996065.142499995650724 ], [ -1462452.259199999738485, -996088.292500002076849 ], [ -1462485.036600003018975, -996132.258600003551692 ], [ -1462498.429399996995926, -996150.204199998639524 ], [ -1462511.970600003609434, -996168.945200002752244 ], [ -1462523.442999998107553, -996186.019600001629442 ], [ -1462530.148899999679998, -996195.934600003063679 ], [ -1462536.127799995709211, -996205.625900001032278 ], [ -1462541.707700000377372, -996215.074500000569969 ], [ -1462546.914300000527874, -996224.324200002010912 ], [ -1462552.061900000320747, -996233.339000000152737 ], [ -1462556.583799999440089, -996242.304299992509186 ], [ -1462560.779200001154095, -996251.158999995095655 ], [ -1462564.65699999849312, -996259.921899993671104 ], [ -1462569.650599999120459, -996271.353999996557832 ], [ -1462574.105800000485033, -996283.256000004010275 ], [ -1462578.319499998819083, -996295.568100005155429 ], [ -1462582.303099996643141, -996308.324099996127188 ], [ -1462586.063999997917563, -996321.545300000347197 ], [ -1462589.910500001860783, -996335.217600002419204 ], [ -1462593.285100001376122, -996349.576299997512251 ], [ -1462596.498500000685453, -996364.636400002753362 ], [ -1462604.700399997178465, -996388.771800002316013 ], [ -1462614.254600001266226, -996415.011399998096749 ], [ -1462619.638600000645965, -996442.219699998386204 ], [ -1462628.98449999676086, -996510.36249999795109 ], [ -1462634.592700002482161, -996545.027300001587719 ], [ -1462637.532800001790747, -996562.241100001614541 ], [ -1462640.541599998483434, -996578.30490000336431 ], [ -1462643.669399995589629, -996593.485700000775978 ], [ -1462646.945399995660409, -996607.924699998693541 ], [ -1462651.007399994879961, -996622.754800001392141 ], [ -1462654.96199999935925, -996636.98500000173226 ], [ -1462659.161899996688589, -996650.645100003806874 ], [ -1462663.622499995399266, -996663.785200001206249 ], [ -1462668.362899996107444, -996676.459499998018146 ], [ -1462673.723200001521036, -996688.644299999810755 ], [ -1462679.050200000172481, -996700.453200003132224 ], [ -1462684.685799998464063, -996711.864300003973767 ], [ -1462688.217799995094538, -996718.464499996276572 ], [ -1462692.358300000429153, -996725.075600001728162 ], [ -1462696.450500002363697, -996731.797899998258799 ], [ -1462700.837600000668317, -996738.60629999358207 ], [ -1462710.874300000956282, -996752.509199999272823 ], [ -1462721.989700001431629, -996767.138600000413135 ], [ -1462732.567100001266226, -996779.721199998166412 ], [ -1462744.382399994879961, -996793.6081000007689 ], [ -1462790.339800002286211, -996836.462200002046302 ], [ -1462808.571899997070432, -996851.569100000662729 ], [ -1462825.074899997329339, -996866.970099998638034 ], [ -1462832.688299994217232, -996874.074800002621487 ], [ -1462838.342799997190014, -996881.670700000133365 ], [ -1462844.261300001293421, -996890.038299999199808 ], [ -1462849.882300001569092, -996898.185200001113117 ], [ -1462854.879099997458979, -996906.210999998729676 ], [ -1462859.45069999829866, -996914.121699996991083 ], [ -1462863.61730000237003, -996921.953300001798198 ], [ -1462867.564199995715171, -996929.692400003550574 ], [ -1462870.942599998554215, -996937.410799997160211 ], [ -1462873.937999999616295, -996945.09679999272339 ], [ -1462877.632799997692928, -996955.644800000358373 ], [ -1462881.12939999694936, -996966.532600003294647 ], [ -1462884.599499998614192, -996977.711700002197176 ], [ -1462887.678500002715737, -996989.21120000211522 ], [ -1462890.538800002308562, -997000.981099993921816 ], [ -1462893.173599995207042, -997012.993599993409589 ], [ -1462895.57690000301227, -997025.221200003288686 ], [ -1462897.743099998682737, -997037.635300001595169 ], [ -1462899.667699999874458, -997050.211200001416728 ], [ -1462901.345199997769669, -997062.913799999281764 ], [ -1462902.9503, -997075.68600000301376 ], [ -1462904.121999999508262, -997088.549599998164922 ], [ -1462905.036199999274686, -997101.446699996246025 ], [ -1462905.690800002310425, -997114.346499999519438 ], [ -1462906.084100002422929, -997127.218300002627075 ], [ -1462906.215300002600998, -997140.032200003042817 ], [ -1462906.085599998710677, -997152.686099992133677 ], [ -1462905.696699996246025, -997165.225499996682629 ], [ -1462905.049600001657382, -997177.623399995965883 ], [ -1462904.145399999571964, -997189.853899993700907 ], [ -1462902.986299998592585, -997201.890799999935552 ], [ -1462901.395599998766556, -997213.73889999720268 ], [ -1462899.733499995898455, -997225.32309999759309 ], [ -1462897.824100000783801, -997236.649300002027303 ], [ -1462895.673399998340756, -997247.68570000003092 ], [ -1462894.47610000311397, -997258.75340000493452 ], [ -1462897.815699997125193, -997270.812800002750009 ], [ -1462896.794299998320639, -997280.327799999155104 ], [ -1462896.15769999823533, -997289.304999997839332 ], [ -1462894.683899994241074, -997298.12609999277629 ], [ -1462892.230300003895536, -997306.087100001052022 ], [ -1462890.320099998032674, -997314.169100002152845 ], [ -1462888.83370000240393, -997319.390699998708442 ], [ -1462887.077099997317418, -997324.505699997767806 ], [ -1462883.823300001444295, -997329.909600001526996 ], [ -1462882.2818, -997332.226900001522154 ], [ -1463548.303545832633972, -996967.092777600744739 ], [ -1463563.58919999981299, -996958.71269999537617 ], [ -1463161.192444520071149, -994841.048062044894323 ], [ -1463013.605499997269362, -994064.352800001157448 ], [ -1463008.958699997048825, -994077.069400002481416 ], [ -1463004.7845, -994090.442699997453019 ], [ -1463000.933899999363348, -994104.531599994981661 ], [ -1462997.906799999298528, -994118.793599999044091 ], [ -1462995.443199997534975, -994133.544799997238442 ], [ -1462993.538299998035654, -994148.808200004510581 ], [ -1462991.774999995017424, -994163.406799994874746 ], [ -1462987.302200003061444, -994172.664500001585111 ], [ -1462985.451500000664964, -994187.222300003981218 ], [ -1462985.687800002284348, -994204.062700001290068 ], [ -1462986.398600002052262, -994221.752999992109835 ], [ -1462987.590199999045581, -994240.458199993474409 ], [ -1462989.281899996567518, -994260.487599997315556 ], [ -1462991.232299995841458, -994279.73690000269562 ], [ -1462993.685199993895367, -994301.164699994726107 ], [ -1463004.455800000345334, -994382.122299996437505 ], [ -1463008.416200000792742, -994416.075300000375137 ], [ -1463010.261000002268702, -994434.357700004940853 ], [ -1463011.731400001561269, -994451.39600000041537 ], [ -1463012.855399998836219, -994467.517999998526648 ], [ -1463013.644399997312576, -994482.888999996474013 ], [ -1463014.1681999983266, -994501.188099996652454 ], [ -1463014.185900000622496, -994518.677799997385591 ], [ -1463013.697500003501773, -994535.478499997872859 ], [ -1463012.700599995907396, -994551.668000004487112 ], [ -1463011.188899998553097, -994567.331999997375533 ], [ -1463009.158599994610995, -994582.496099999174476 ], [ -1463006.604399998439476, -994597.200599994976074 ], [ -1463001.466499995673075, -994607.873799997614697 ], [ -1462987.691599995130673, -994645.975800001528114 ], [ -1462980.522799994098023, -994674.397799991769716 ], [ -1462972.962300000945106, -994700.328800001647323 ], [ -1462969.398699996294454, -994712.093499998562038 ], [ -1462965.817099995911121, -994723.195699999341741 ], [ -1462961.990799997234717, -994734.275799993425608 ], [ -1462957.743499998468906, -994744.725399997550994 ], [ -1462953.779099998995662, -994754.61720000137575 ], [ -1462949.727999999187887, -994763.960399998817593 ], [ -1462945.577699998859316, -994772.782599998405203 ], [ -1462941.32400000304915, -994781.0921999970451 ], [ -1462936.600999996997416, -994788.885200002230704 ], [ -1462932.122000003699213, -994796.204499999759719 ], [ -1462927.992999999085441, -994802.203800003509969 ], [ -1462923.533099999418482, -994807.840400001499802 ], [ -1462918.740599998971447, -994813.116500002797693 ], [ -1462913.254099998855963, -994818.017600000603124 ], [ -1462907.790099997306243, -994822.579199996776879 ], [ -1462901.986399998422712, -994826.787199997110292 ], [ -1462895.480400001164526, -994830.627000002888963 ], [ -1462888.98730000318028, -994834.134500001790002 ], [ -1462882.149799995822832, -994837.292399996658787 ], [ -1462874.598300000652671, -994840.089500001166016 ], [ -1462867.046099999221042, -994842.561299996916205 ], [ -1462859.127500000642613, -994844.693099994910881 ], [ -1462850.477599996840581, -994846.469800000311807 ], [ -1462841.804900000803173, -994847.927399998297915 ], [ -1462832.381400000536814, -994849.033799991477281 ], [ -1462822.913499997928739, -994849.823900001123548 ], [ -1462812.620099995285273, -994850.267000000923872 ] ] ] } },
{ "type": "Feature", "properties": { "ID": 902, "YEAR": "2013-2014", "Perimtr_KM": 7.2786461650899996, "AREA_KM": 1.95358413198, "SCALE": 1, "THICKNES_M": 79.995269775400004, "VOLUME_KM": 0.15627748967, "MASS_GT": 0.14330645802, "RECURRANCE": "2-3", "UA_KM": 0.03639323083, "UH_M": 6.6396073586200002, "UC_KM": 0.0119574492, "REGION": "West", "ICESHELF": "Getz_2" }, "geometry": { "type": "Polygon", "coordinates": [ [ [ -1462581.532161244656891, -991290.826185053214431 ], [ -1462597.186599999433383, -991287.056200001155958 ], [ -1462618.379699997836724, -991281.642900001024827 ], [ -1462687.468400002922863, -991262.35830000275746 ], [ -1462713.314699998358265, -991255.658300001872703 ], [ -1462737.565900003304705, -991249.463499998208135 ], [ -1462759.73149999580346, -991244.632699998794124 ], [ -1462770.788300001295283, -991242.341700000222772 ], [ -1462781.319099996471778, -991240.353699994273484 ], [ -1462792.155899997334927, -991238.806200000923127 ], [ -1462801.798599998466671, -991237.398599998326972 ], [ -1462811.063599997200072, -991236.273099998012185 ], [ -1462820.7372, -991235.57589999656193 ], [ -1462830.071099998895079, -991235.15809999848716 ], [ -1462839.082899997709319, -991235.019000004976988 ], [ -1462846.471099995309487, -991234.729199998313561 ], [ -1462854.957600003341213, -991235.154999994440004 ], [ -1462861.756399999605492, -991235.433699998771772 ], [ -1462869.673999998485669, -991236.429400004213676 ], [ -1462875.922699998831376, -991237.279899998800829 ], [ -1462883.304799999808893, -991238.849700001301244 ], [ -1462890.428100000834092, -991240.708400001749396 ], [ -1462895.899099994217977, -991242.425699994899333 ], [ -1462902.525499996729195, -991244.868699999758974 ], [ -1462908.906599999638274, -991247.605300001101568 ], [ -1462913.647399999201298, -991250.205699996324256 ], [ -1462919.548200001241639, -991253.534500002162531 ], [ -1462925.213700001593679, -991257.162099999142811 ], [ -1462929.247499997494742, -991260.658200001809746 ], [ -1462934.448899996234104, -991264.88770000054501 ], [ -1462939.421399996848777, -991269.42059999727644 ], [ -1462945.344200000865385, -991276.33370000240393 ], [ -1462952.667700000107288, -991284.24979999801144 ], [ -1462958.585000001825392, -991292.295000003417954 ], [ -1462965.8812, -991301.318899997510016 ], [ -1462973.147999999113381, -991310.877799999900162 ], [ -1462978.96959999599494, -991320.517999998060986 ], [ -1462986.127499997382984, -991331.080899997614324 ], [ -1462991.806400000117719, -991341.676299993181601 ], [ -1462998.822799996007234, -991353.202700002584606 ], [ -1463005.714800001122057, -991365.129700004355982 ], [ -1463011.059299999149516, -991376.983299996936694 ], [ -1463017.624999995809048, -991389.574700003489852 ], [ -1463023.989200000651181, -991402.427200003294274 ], [ -1463028.712800001027063, -991415.028099997667596 ], [ -1463034.557300001615658, -991428.165299993474036 ], [ -1463040.085000001825392, -991441.318800000241026 ], [ -1463042.179500000784174, -991450.298900000052527 ], [ -1463045.16080000018701, -991460.154200001852587 ], [ -1463047.636399999260902, -991470.472599999047816 ], [ -1463047.379999997327104, -991480.936400002567098 ], [ -1463044.954100000206381, -991491.648300002561882 ], [ -1463043.039000000106171, -991501.912999992026016 ], [ -1463042.754499999806285, -991513.766799994045869 ], [ -1463042.788700001779944, -991526.960199993569404 ], [ -1463042.466600001789629, -991538.219299994874746 ], [ -1463041.828899997053668, -991550.099699998972937 ], [ -1463040.869700000621378, -991562.72049999772571 ], [ -1463039.571100000524893, -991576.319699997780845 ], [ -1463036.606699999189004, -991601.790800000773743 ], [ -1463029.708700002171099, -991663.225799997104332 ], [ -1463027.890399998053908, -991679.293499999912456 ], [ -1463026.528000001562759, -991693.620099997613579 ], [ -1463025.457900000968948, -991708.623999999137595 ], [ -1463024.887299999361858, -991722.474000001093373 ], [ -1463024.806699995882809, -991735.408699998632073 ], [ -1463025.215799996396527, -991747.553399997996166 ], [ -1463026.260099998908117, -991760.342599997995421 ], [ -1463027.93079999438487, -991772.350200003245845 ], [ -1463030.237500002374873, -991783.645100000547245 ], [ -1463033.189999997615814, -991794.273199994815513 ], [ -1463034.913600003346801, -991799.355099996551871 ], [ -1463035.763099998235703, -991803.777500001247972 ], [ -1463037.819400002947077, -991808.555200001224875 ], [ -1463040.043800001731142, -991813.18550000176765 ], [ -1463042.438099998049438, -991817.671599998138845 ], [ -1463045.003100002650172, -991822.015300001017749 ], [ -1463047.740400003036484, -991826.219000001437962 ], [ -1463050.650999998673797, -991830.284499996341765 ], [ -1463053.388500001747161, -991834.500500001711771 ], [ -1463057.57470000279136, -991839.138000003295019 ], [ -1463062.179000002332032, -991843.701500001130626 ], [ -1463067.213999999221414, -991848.203200002200902 ], [ -1463071.647599997231737, -991852.145500001963228 ], [ -1463077.588500001933426, -991856.564200001535937 ], [ -1463084.024999997811392, -991860.974700000137091 ], [ -1463089.962799998465925, -991864.902399994898587 ], [ -1463102.378300001844764, -991872.125799998408183 ], [ -1463115.82399999955669, -991879.310000001452863 ], [ -1463129.019099998055026, -991885.895600002259016 ], [ -1463161.019999996758997, -991901.367199999280274 ], [ -1463176.509499998530373, -991909.271699996432289 ], [ -1463190.3437, -991917.021800002548844 ], [ -1463196.918599997414276, -991920.995500000659376 ], [ -1463203.014500000979751, -991924.923300000373274 ], [ -1463206.640600001439452, -991927.878800001461059 ], [ -1463211.3053999976255, -991930.800299996975809 ], [ -1463216.036400001961738, -991933.692400000290945 ], [ -1463220.388699997449294, -991936.369700000621378 ], [ -1463223.820800001034513, -991938.784999998984858 ], [ -1463227.497499998193234, -991941.560100001515821 ], [ -1463230.914299997966737, -991945.13540000282228 ], [ -1463234.054199996870011, -991949.270699992775917 ], [ -1463237.248900001170114, -991953.993099997751415 ], [ -1463239.599299998488277, -991958.326699991244823 ], [ -1463242.310999996494502, -991963.383400002727285 ], [ -1463244.78359999624081, -991968.611199994105846 ], [ -1463247.018199995392933, -991974.012899995548651 ], [ -1463249.016599997645244, -991979.592400001594797 ], [ -1463250.780099996365607, -991985.353500002063811 ], [ -1463252.31019999505952, -991991.300900001777336 ], [ -1463253.971399996196851, -991996.984999999403954 ], [ -1463255.037499997764826, -992003.311499999603257 ], [ -1463255.874400000786409, -992009.840999994892627 ], [ -1463256.483199996408075, -992016.581399999093264 ], [ -1463256.864400001242757, -992023.539299997966737 ], [ -1463257.01909999968484, -992030.727299997350201 ], [ -1463256.947399996221066, -992038.157299996353686 ], [ -1463256.649199999636039, -992045.844599999021739 ], [ -1463255.653299998492002, -992059.208000000799075 ], [ -1463254.023999999044463, -992073.439100003102794 ], [ -1463251.380299999378622, -992089.129699998069555 ], [ -1463248.409899999387562, -992105.672400002367795 ], [ -1463245.32759999553673, -992120.871500003151596 ], [ -1463241.5730000003241, -992137.935799999628216 ], [ -1463227.521699995500967, -992200.561000001383945 ], [ -1463221.857600000221282, -992225.807700002100319 ], [ -1463219.699200000381097, -992239.711399998050183 ], [ -1463217.328800000716001, -992252.143400001339614 ], [ -1463215.305200001457706, -992263.886700004572049 ], [ -1463213.608700000913814, -992275.056499998085201 ], [ -1463211.972999997669831, -992287.942899998975918 ], [ -1463210.7844, -992300.220899996347725 ], [ -1463210.03549999720417, -992311.967599997296929 ], [ -1463209.72319999919273, -992323.23350000102073 ], [ -1463209.84679999970831, -992334.073599995113909 ], [ -1463210.407299998914823, -992344.504099992103875 ], [ -1463211.406100001418963, -992354.551100004231557 ], [ -1463212.845200000330806, -992364.233900001039729 ], [ -1463215.000600000843406, -992375.490700002061203 ], [ -1463215.045199999120086, -992383.314399999566376 ], [ -1463216.911499999230728, -992392.268499998608604 ], [ -1463220.302999997045845, -992404.055400000186637 ], [ -1463223.851699996041134, -992415.508499991614372 ], [ -1463228.106399998534471, -992427.792200000258163 ], [ -1463232.817799999145791, -992440.400199997704476 ], [ -1463238.012599997688085, -992453.4039000000339 ], [ -1463242.766799999633804, -992464.738599999109283 ], [ -1463248.231699996162206, -992477.100299997255206 ], [ -1463251.987089954782277, -992484.786067902110517 ], [ -1463260.837799998698756, -992502.899900004034862 ], [ -1463274.509100001072511, -992529.434899999527261 ], [ -1463300.968100000172853, -992580.261300000362098 ], [ -1463311.824900003382936, -992600.808599997777492 ], [ -1463322.7562, -992622.210000003920868 ], [ -1463331.842199998209253, -992641.833299999590963 ], [ -1463341.91939999954775, -992663.985199995804578 ], [ -1463346.242799999658018, -992674.713399999542162 ], [ -1463350.236899998504668, -992685.164100001333281 ], [ -1463353.922399997944012, -992695.39319999772124 ], [ -1463357.305300003150478, -992705.418000005418435 ], [ -1463360.744199995649979, -992714.902000002097338 ], [ -1463363.546500001801178, -992724.593600000953302 ], [ -1463372.141900000860915, -992756.799500000895932 ], [ -1463379.858099523000419, -992786.310596599942073 ], [ -1463380.553499996894971, -992788.970199999632314 ], [ -1463388.06639999942854, -992821.767899998929352 ], [ -1463390.327099997550249, -992848.548900000052527 ], [ -1463397.043400002177805, -992881.368200002936646 ], [ -1463402.829099998343736, -992914.588699999265373 ], [ -1463408.018399994820356, -992947.838699999032542 ], [ -1463412.946999996667728, -992980.750300002051517 ], [ -1463416.916400001849979, -993013.869199999608099 ], [ -1463420.27039999794215, -993046.871399997035041 ], [ -1463423.004799996968359, -993079.713300002971664 ], [ -1463425.116099996026605, -993112.354699996300042 ], [ -1463426.60179999936372, -993144.75350000243634 ], [ -1463427.460499994689599, -993176.878199997823685 ], [ -1463427.691199996275827, -993208.695099997334182 ], [ -1463924.160390921635553, -992215.869288688059896 ], [ -1464039.840100002707914, -991984.536099997814745 ], [ -1463510.67239999724552, -990502.866399997612461 ], [ -1462875.6711, -990449.949600001564249 ], [ -1462353.313399997772649, -991246.388500000117347 ], [ -1462357.499299998162314, -991252.405299996491522 ], [ -1462361.437399995978922, -991257.991700003156438 ], [ -1462365.712400001473725, -991263.094600000185892 ], [ -1462370.050599995302036, -991267.762799994088709 ], [ -1462374.463700001593679, -991272.008699994534254 ], [ -1462378.960799995344132, -991275.841199994785711 ], [ -1462384.848799996310845, -991280.262299999129027 ], [ -1462391.0047, -991284.332499999087304 ], [ -1462397.431499998783693, -991288.053800001274794 ], [ -1462404.132700002053753, -991291.428300003055483 ], [ -1462411.111299995798618, -991294.457500000484288 ], [ -1462417.601400001440197, -991296.996300001628697 ], [ -1462425.149999995250255, -991299.341399999335408 ], [ -1462432.221000000601634, -991301.199900004081428 ], [ -1462440.350399996386841, -991302.865800003288314 ], [ -1462448.015500001376495, -991304.049299997277558 ], [ -1462456.766800001496449, -991305.046400001039729 ], [ -1462465.072899997467175, -991305.563600002322346 ], [ -1462474.484700001077726, -991305.896499997004867 ], [ -1462483.478000000584871, -991305.751299993135035 ], [ -1462492.840500001097098, -991305.275200000964105 ], [ -1462503.364999997196719, -991304.614899993175641 ], [ -1462520.262100001564249, -991302.723200000124052 ], [ -1462538.368700000923127, -991299.968300002394244 ], [ -1462557.10899999900721, -991296.176700002048165 ], [ -1462578.420300000347197, -991291.575599997537211 ], [ -1462581.532161244656891, -991290.826185053214431 ] ] ] } },
{ "type": "Feature", "properties": { "ID": 903, "YEAR": "2013-2014", "Perimtr_KM": 10.660797989000001, "AREA_KM": 3.68263972995, "SCALE": 1, "THICKNES_M": 201.350475311, "VOLUME_KM": 0.74150126003000005, "MASS_GT": 0.67995665543999995, "RECURRANCE": "2-3", "UA_KM": 0.05330398994, "UH_M": 16.712089368400001, "UC_KM": 0.0567353857, "REGION": "West", "ICESHELF": "Getz" }, "geometry": { "type": "Polygon", "coordinates": [ [ [ -1202311.852675951318815, -1182841.979589813854545 ], [ -1202267.611977466149256, -1183249.327065464807674 ], [ -1202259.179645415162668, -1183326.967999999411404 ], [ -1202234.392983234720305, -1183555.191889188019559 ], [ -1202176.781699998071417, -1184085.649400000926107 ], [ -1202616.626461527775973, -1184240.189462886890396 ], [ -1202811.295374812325463, -1184308.586653739213943 ], [ -1203024.625839155633003, -1184383.540606269147247 ], [ -1203587.962863823864609, -1184581.469845924992114 ], [ -1204134.702300001401454, -1184773.567500000819564 ], [ -1204201.902815682580695, -1184745.136510719778016 ], [ -1204320.730725761502981, -1184694.863160824170336 ], [ -1205239.260366648435593, -1184306.254440917400643 ], [ -1205510.538299998501316, -1184191.48299999255687 ], [ -1205540.216299997176975, -1184140.713516348041594 ], [ -1205746.124962988542393, -1183788.470221686642617 ], [ -1206085.098999997833744, -1183208.594999996013939 ], [ -1206065.999699999112636, -1183233.182500000344589 ], [ -1206047.262899996945634, -1183256.186999995494261 ], [ -1206036.568799996981397, -1183268.669499997515231 ], [ -1206025.911899998318404, -1183281.155299999285489 ], [ -1206015.297199999680743, -1183292.773600003682077 ], [ -1206004.697199996793643, -1183303.987499998649582 ], [ -1205994.087300001177937, -1183315.035699998028576 ], [ -1205983.469400000292808, -1183325.710800002096221 ], [ -1205972.833000000333413, -1183335.794400000711903 ], [ -1205962.164300000295043, -1183345.520799995632842 ], [ -1205951.43360000057146, -1183355.130300001474097 ], [ -1205940.656899997731671, -1183364.401299998862669 ], [ -1205929.827599998563528, -1183373.110500003676862 ], [ -1205918.934699998702854, -1183381.488499998813495 ], [ -1205907.963299999712035, -1183389.761699993396178 ], [ -1205896.919599995948374, -1183397.717099994653836 ], [ -1205885.799099998781458, -1183405.128999999724329 ], [ -1205874.592500002821907, -1183412.225900001358241 ], [ -1205870.162000001873821, -1183446.136100004194304 ], [ -1205850.48060000105761, -1183457.379500002833083 ], [ -1205830.102299999445677, -1183468.45359999826178 ], [ -1205808.796399995451793, -1183479.836900001391768 ], [ -1205786.9514, -1183490.612099994439632 ], [ -1205764.31390000320971, -1183501.267699999501929 ], [ -1205740.838099998421967, -1183511.825500002363697 ], [ -1205716.256699997466058, -1183522.777800000971183 ], [ -1205691.400299997534603, -1183533.028099995106459 ], [ -1205665.501300001051277, -1183543.285400001099333 ], [ -1205638.230000001378357, -1183554.063299999805167 ], [ -1205609.7215, -1183564.76729999948293 ], [ -1205580.026000001933426, -1183575.315200002398342 ], [ -1205548.232299999799579, -1183586.267899999395013 ], [ -1205513.422999998321757, -1183598.56899999617599 ], [ -1205473.806899998802692, -1183611.564699993468821 ], [ -1205450.083699996815994, -1183619.154899992980063 ], [ -1205426.234999999636784, -1183626.536600002320483 ], [ -1205414.618599996902049, -1183656.406700002960861 ], [ -1205390.540400000521913, -1183663.364799998002127 ], [ -1205366.358299998333678, -1183670.107800002675503 ], [ -1205341.903000000864267, -1183676.890900003025308 ], [ -1205317.535100002773106, -1183683.197799999732524 ], [ -1205292.947099995100871, -1183689.573300002608448 ], [ -1205268.423100000247359, -1183695.436500005191192 ], [ -1205243.832100000232458, -1183701.075200000777841 ], [ -1205219.181400000816211, -1183706.487700003897771 ], [ -1205194.301800003275275, -1183711.929299998329952 ], [ -1205169.553899995982647, -1183716.884600000223145 ], [ -1205144.768599998438731, -1183721.608899993123487 ], [ -1205119.814899999415502, -1183726.390299991238862 ], [ -1205094.976600000169128, -1183730.648800003807992 ], [ -1205070.127700001932681, -1183734.671600002562627 ], [ -1205045.270599996205419, -1183738.458399999886751 ], [ -1205020.412399999331683, -1183742.008300001500174 ], [ -1204995.560299999080598, -1183745.319999999599531 ], [ -1204978.802099999506027, -1183766.659000000916421 ], [ -1204956.413799996953458, -1183773.489100004313514 ], [ -1204931.622400002554059, -1183776.081299998797476 ], [ -1204906.86509999865666, -1183778.432099994737655 ], [ -1204881.932399994926527, -1183780.892899999860674 ], [ -1204857.26460000150837, -1183782.759100002003834 ], [ -1204832.651200000895187, -1183784.381999997422099 ], [ -1204819.568498907610774, -1183785.117080550407991 ], [ -1204808.098700002301484, -1183785.761500001419336 ], [ -1204783.613699998706579, -1183786.89699999964796 ], [ -1204759.202500002924353, -1183787.788499998627231 ], [ -1204734.871499998262152, -1183788.435400004032999 ], [ -1204710.626599999610335, -1183788.837799993110821 ], [ -1204624.909300000639632, -1183790.201600001426414 ], [ -1204576.299999999580905, -1183790.546500000404194 ], [ -1204535.119900000281632, -1183805.5106 ], [ -1204497.355799996759742, -1183811.487399998586625 ], [ -1204456.157900004182011, -1183810.208700002869591 ], [ -1204417.53909999737516, -1183808.285999996354803 ], [ -1204399.025299998931587, -1183807.074700004421175 ], [ -1204380.996199999004602, -1183805.69370000413619 ], [ -1204363.418000001227483, -1183804.140499999048188 ], [ -1204346.264500001911074, -1183802.41260000038892 ], [ -1204328.678500001551583, -1183800.406999997096136 ], [ -1204311.5144000032451, -1183798.203800003044307 ], [ -1204295.049100000644103, -1183795.351700004190207 ], [ -1204279.088400000706315, -1183792.286699997028336 ], [ -1204263.085899999365211, -1183789.476000001188368 ], [ -1204247.44579999614507, -1183786.458800000837073 ], [ -1204232.15759999724105, -1183783.232899994123727 ], [ -1204217.212800000794232, -1183779.796599995577708 ], [ -1204202.591999999014661, -1183776.145100001944229 ], [ -1204188.300299995578825, -1183772.279199997195974 ], [ -1204174.3313, -1183768.197399991564453 ], [ -1204160.679499996593222, -1183763.897999999811873 ], [ -1204148.048599995672703, -1183758.471199999330565 ], [ -1204135.016699997009709, -1183753.731800005072728 ], [ -1204122.288699999451637, -1183748.770199997117743 ], [ -1204109.86129999672994, -1183743.585100002586842 ], [ -1204100.186299995519221, -1183746.36409999942407 ], [ -1204090.808799998369068, -1183748.327799996593967 ], [ -1204081.804999997839332, -1183746.937600002391264 ], [ -1204072.744300001068041, -1183742.989199999254197 ], [ -1204062.182999995769933, -1183736.435399995185435 ], [ -1204052.237700000638142, -1183728.783399998908862 ], [ -1204041.818900000303984, -1183721.397700004046783 ], [ -1204031.4611, -1183713.588899998227134 ], [ -1204021.515099998796359, -1183704.809199999319389 ], [ -1204011.809500003233552, -1183695.462799993110821 ], [ -1204001.598399996291846, -1183686.358899996848777 ], [ -1203991.413299996871501, -1183676.804000000236556 ], [ -1203981.592099998844787, -1183666.238299997290596 ], [ -1203971.967999994987622, -1183655.066300001461059 ], [ -1203961.790099996607751, -1183644.090300002135336 ], [ -1203951.929699998116121, -1183632.055700002936646 ], [ -1203943.328499996103346, -1183620.685999998357147 ], [ -1203934.131099997088313, -1183609.561599999899045 ], [ -1203924.861199997365475, -1183597.976399999577552 ], [ -1203917.04849999723956, -1183584.318800000473857 ], [ -1203907.57170000160113, -1183571.735000000335276 ], [ -1203898.480699997395277, -1183557.899000001838431 ], [ -1203879.579899998148903, -1183528.747799996985123 ], [ -1203862.842700000386685, -1183500.099599993787706 ], [ -1203844.393900000955909, -1183467.941500000655651 ], [ -1203826.093299997970462, -1183435.295199999585748 ], [ -1203776.574099996592849, -1183348.889299998758361 ], [ -1203762.257899995194748, -1183322.658099999651313 ], [ -1203749.413899996783584, -1183299.14629999618046 ], [ -1203733.399399998132139, -1183273.897799992002547 ], [ -1203718.684899997897446, -1183250.44000000343658 ], [ -1203705.042000001529232, -1183227.871799998683855 ], [ -1203690.220300002256408, -1183208.246299993945286 ], [ -1203682.691899999743327, -1183197.0841 ], [ -1203673.59110000054352, -1183190.662200002232566 ], [ -1203664.546999994665384, -1183184.650500002782792 ], [ -1203656.242299997014925, -1183176.150100002530962 ], [ -1203648.582700001075864, -1183165.447899999795482 ], [ -1203639.904999999329448, -1183156.949299996253103 ], [ -1203631.233700001612306, -1183148.803000002168119 ], [ -1203622.504699997371063, -1183140.636500003281981 ], [ -1203614.123800000641495, -1183130.822100000921637 ], [ -1203605.242800003383309, -1183122.580500000622123 ], [ -1203596.337099998956546, -1183114.661699992371723 ], [ -1203587.4008, -1183107.060200001578778 ], [ -1203578.909600000362843, -1183098.527100002625957 ], [ -1203569.895100002642721, -1183091.5465000027325 ], [ -1203560.834600002039224, -1183084.870799996890128 ], [ -1203551.72379999817349, -1183078.497099997708574 ], [ -1203539.401000000303611, -1183071.001799999270588 ], [ -1203528.444100001361221, -1183062.076099992496893 ], [ -1203516.059800000395626, -1183054.901200001593679 ], [ -1203503.330999999074265, -1183047.996800000779331 ], [ -1203490.251799996709451, -1183041.359600003343076 ], [ -1203476.204700000584126, -1183035.216999997384846 ], [ -1203463.485899996943772, -1183027.623799991793931 ], [ -1203449.296999994898215, -1183021.759799998952076 ], [ -1203434.738000003620982, -1183016.152200001291931 ], [ -1203419.774099999805912, -1183010.786600003251806 ], [ -1203404.389799997443333, -1183005.657499995781109 ], [ -1203387.958700003335252, -1183000.990999993868172 ], [ -1203372.770699997898191, -1182994.841100002638996 ], [ -1203356.007299996679649, -1182990.383699998958036 ], [ -1203338.729399999603629, -1182986.134700001217425 ], [ -1203331.565499999560416, -1182984.507547222776338 ], [ -1203320.899700000649318, -1182982.085 ], [ -1203291.082600001711398, -1182975.98910000314936 ], [ -1203259.48779999720864, -1182970.328200003132224 ], [ -1203221.969, -1182976.899800000479445 ], [ -1203167.540699995821342, -1183002.628200000384822 ], [ -1203135.443499997723848, -1182998.00240000220947 ], [ -1203099.264800001401454, -1182993.953799998620525 ], [ -1203054.78814960969612, -1182989.418415325228125 ], [ -1203045.027261890936643, -1182988.423075523460284 ], [ -1202977.328699996927753, -1182981.51969999098219 ], [ -1202931.562099998118356, -1182976.582599994726479 ], [ -1202886.286200003232807, -1182970.574499995680526 ], [ -1202846.080199999036267, -1182964.318600001046434 ], [ -1202824.488400003407151, -1182960.967800000216812 ], [ -1202803.802499995101243, -1182957.476099994964898 ], [ -1202783.903099996037781, -1182953.823500003898516 ], [ -1202763.378499999642372, -1182954.328899997053668 ], [ -1202735.965000002179295, -1182975.45619999920018 ], [ -1202714.846399997128174, -1182978.731400002259761 ], [ -1202697.406999999191612, -1182974.297399998875335 ], [ -1202680.480099997483194, -1182969.643900000955909 ], [ -1202662.605999996652827, -1182964.320500002708286 ], [ -1202645.37129999930039, -1182958.057799991918728 ], [ -1202628.554299995070323, -1182952.168600002070889 ], [ -1202612.207600001012906, -1182945.324099996592849 ], [ -1202596.355599996168166, -1182938.836800001328811 ], [ -1202580.96219999785535, -1182932.040700003737584 ], [ -1202566.110599996522069, -1182924.268899996299297 ], [ -1202551.570500003173947, -1182916.17640000092797 ], [ -1202537.460700001334772, -1182908.409699997399002 ], [ -1202523.763500002911314, -1182900.3107 ], [ -1202510.567799996351823, -1182891.213599999435246 ], [ -1202497.648100002203137, -1182881.774499994469807 ], [ -1202485.140899999765679, -1182872.648499991511926 ], [ -1202473.115099995862693, -1182862.510899991495535 ], [ -1202461.346900003030896, -1182852.017700002761558 ], [ -1202449.975999995600432, -1182841.825800000922754 ], [ -1202444.866976655554026, -1182836.86366766388528 ], [ -1202422.923300002235919, -1182815.550899998750538 ], [ -1202408.393299997784197, -1182800.80000000144355 ], [ -1202401.546199998119846, -1182793.786800000583753 ], [ -1202395.351300003239885, -1182786.453100000973791 ], [ -1202389.756899998523295, -1182780.013200000394136 ], [ -1202384.690999999875203, -1182773.750300000421703 ], [ -1202378.348699999041855, -1182765.133299998007715 ], [ -1202372.385699994629249, -1182755.448599999770522 ], [ -1202366.850100001087412, -1182746.018899998161942 ], [ -1202361.719300001394004, -1182736.185299997450784 ], [ -1202356.97069999971427, -1182725.288699992466718 ], [ -1202352.652299998793751, -1182714.6526 ], [ -1202348.741500002099201, -1182703.618700004881248 ], [ -1202345.016200000885874, -1182690.939599991543218 ], [ -1202341.922500000800937, -1182679.114500002702698 ], [ -1202339.239299999782816, -1182666.899799991864711 ], [ -1202336.7443, -1182653.049099997617304 ], [ -1202334.884299998870119, -1182640.066200001398101 ], [ -1202334.318899998907, -1182635.121199997840449 ], [ -1202311.852675951318815, -1182841.979589813854545 ] ] ] } },
{ "type": "Feature", "properties": { "ID": 904, "YEAR": "2013-2014", "Perimtr_KM": 11.260304464900001, "AREA_KM": 3.79145886396, "SCALE": 1, "THICKNES_M": 286.61886596699998, "VOLUME_KM": 1.0867036399500001, "MASS_GT": 0.99650723782999995, "RECURRANCE": "4-5", "UA_KM": 0.05630152232, "UH_M": 23.789365758, "UC_KM": 0.08314827429, "REGION": "West", "ICESHELF": "Getz" }, "geometry": { "type": "Polygon", "coordinates": [ [ [ -1227641.054498673649505, -1168263.881284763803706 ], [ -1227445.496499999891967, -1168417.138099999399856 ], [ -1228392.023390689399093, -1168994.223354660905898 ], [ -1228582.251200001453981, -1169110.202799999387935 ], [ -1228809.73363614291884, -1168833.974131927359849 ], [ -1229323.085999999195337, -1168210.617699998430908 ], [ -1230461.656500002136454, -1168041.794652459677309 ], [ -1231359.282299996819347, -1167908.697999148629606 ], [ -1231746.848158599343151, -1167851.231158604845405 ], [ -1231786.360420278739184, -1167845.372425721026957 ], [ -1232161.121596418321133, -1167789.804216415155679 ], [ -1232489.384499996900558, -1167741.130599999567494 ], [ -1232021.540199997834861, -1167361.171199993230402 ], [ -1231723.942907345248386, -1167355.999592652078718 ], [ -1230623.675999996252358, -1167336.879296345403418 ], [ -1228862.965700000757352, -1167306.281899998197332 ], [ -1227641.054498673649505, -1168263.881284763803706 ] ] ] } },
{ "type": "Feature", "properties": { "ID": 905, "YEAR": "2013-2014", "Perimtr_KM": 12.5248411943, "AREA_KM": 4.8391435176900002, "SCALE": 1, "THICKNES_M": 345.95808846599999, "VOLUME_KM": 1.6741408411900001, "MASS_GT": 1.5351871513699999, "RECURRANCE": "2-3", "UA_KM": 0.06262420597, "UH_M": 28.714521201099998, "UC_KM": 0.1280955697, "REGION": "West", "ICESHELF": "Getz" }, "geometry": { "type": "Polygon", "coordinates": [ [ [ -1237012.276100881397724, -1166086.132470263401046 ], [ -1236439.287985943024978, -1166197.678726656595245 ], [ -1235838.51208805013448, -1166314.63455975940451 ], [ -1235603.444800002966076, -1166360.396200003335252 ], [ -1235591.622000000672415, -1166371.476899998728186 ], [ -1235580.371499998960644, -1166383.7580999978818 ], [ -1235568.763999996241182, -1166395.50089999800548 ], [ -1235556.762500001117587, -1166406.418300002347678 ], [ -1235544.858399996068329, -1166417.793299999786541 ], [ -1235531.92480000318028, -1166427.035999996121973 ], [ -1235519.984300001058728, -1166438.433299995958805 ], [ -1235507.239600001135841, -1166448.320100000826642 ], [ -1235494.308499997481704, -1166457.977799998596311 ], [ -1235481.953899995656684, -1166468.844899993157014 ], [ -1235468.752199997426942, -1166478.177699994295835 ], [ -1235455.646600002422929, -1166487.681000001030043 ], [ -1235442.211799997603521, -1166496.683999997796491 ], [ -1235428.810600000200793, -1166505.811000000452623 ], [ -1235415.52650000131689, -1166515.418400001944974 ], [ -1235387.997699995292351, -1166532.527199991745874 ], [ -1235360.387600000249222, -1166548.83280000416562 ], [ -1235333.271299999440089, -1166565.351000003749505 ], [ -1235305.706699997419491, -1166579.963199992431328 ], [ -1235278.691700001480058, -1166594.657699997304007 ], [ -1235251.304499998921528, -1166607.438299997709692 ], [ -1235224.104899995727465, -1166619.29600000102073 ], [ -1235197.817000003531575, -1166631.636599992169067 ], [ -1235171.028099995339289, -1166641.562100001145154 ], [ -1235145.176399995572865, -1166651.903599997749552 ], [ -1235132.125899999635294, -1166656.247 ], [ -1235119.346599999582395, -1166660.943500001914799 ], [ -1235106.191300002858043, -1166664.407899999059737 ], [ -1235093.808700000867248, -1166669.012200005352497 ], [ -1235081.055399994831532, -1166672.41790000279434 ], [ -1235068.320199996465817, -1166675.51530000125058 ], [ -1235055.709800001000986, -1166678.428799998247996 ], [ -1235043.613999999128282, -1166682.047999998321757 ], [ -1235030.839799995999783, -1166683.997800003504381 ], [ -1235018.454599999822676, -1166686.169399996520951 ], [ -1235006.588100001448765, -1166689.045600001467392 ], [ -1234994.307, -1166690.658100000349805 ], [ -1234970.733848405536264, -1166693.647554831812158 ], [ -1234954.303399996599182, -1166695.7312 ], [ -1234919.530299996491522, -1166700.19279999868013 ], [ -1234886.918099999194965, -1166703.179800003068522 ], [ -1234857.010099998209625, -1166706.509099998744205 ], [ -1234827.665899996180087, -1166707.486699996516109 ], [ -1234813.757100003305823, -1166707.848400002345443 ], [ -1234747.010478915646672, -1166780.556350605096668 ], [ -1234289.433822219492868, -1167279.000472758430988 ], [ -1233746.053977732080966, -1167870.911108091473579 ], [ -1233672.420499995816499, -1167951.120999997947365 ], [ -1233586.988968685269356, -1167963.419070608215407 ], [ -1233403.652947457507253, -1167989.810723656788468 ], [ -1232975.210665807360783, -1168051.486001518089324 ], [ -1232887.136400000890717, -1168064.164499999489635 ], [ -1232955.809825139585882, -1168104.145435545826331 ], [ -1233154.484930581878871, -1168219.811962579144165 ], [ -1233214.195089985616505, -1168254.574580428190529 ], [ -1233573.492288528708741, -1168463.753576638642699 ], [ -1234138.51230000029318, -1168792.702199999708682 ], [ -1234372.392442563781515, -1168620.36945052142255 ], [ -1236149.349599994719028, -1167311.032499999273568 ], [ -1236412.482078340137377, -1167176.923347151838243 ], [ -1238315.547700000694022, -1166206.999299991410226 ], [ -1237549.9094, -1165981.468899999512359 ], [ -1237012.276100881397724, -1166086.132470263401046 ] ] ] } },
{ "type": "Feature", "properties": { "ID": 906, "YEAR": "2013-2014", "Perimtr_KM": 14.1336122383, "AREA_KM": 4.85089866611, "SCALE": 1, "THICKNES_M": 343.339182, "VOLUME_KM": 1.66550357999, "MASS_GT": 1.5272667828499999, "RECURRANCE": "2-3", "UA_KM": 0.07066806119000001, "UH_M": 28.497151965499999, "UC_KM": 0.12743469646, "REGION": "West", "ICESHELF": "Getz" }, "geometry": { "type": "Polygon", "coordinates": [ [ [ -1293776.624158804770559, -1113873.080770631786436 ], [ -1293777.318500001216307, -1113885.649000000907108 ], [ -1293778.668200001353398, -1113907.288300002925098 ], [ -1293778.99790000077337, -1113929.321700002066791 ], [ -1293778.351899997331202, -1113951.335600002435967 ], [ -1293777.870799999451265, -1113973.347900001564994 ], [ -1293776.372199997073039, -1113995.479200001107529 ], [ -1293773.90809999871999, -1114017.29700000025332 ], [ -1293773.232999997213483, -1114038.870299996808171 ], [ -1293769.956500000553206, -1114060.269400002900511 ], [ -1293767.592700000619516, -1114081.1266 ], [ -1293763.298500003758818, -1114101.55990000301972 ], [ -1293759.501100000459701, -1114120.912199998740107 ], [ -1293753.799099998082966, -1114139.752399996621534 ], [ -1293750.178899998310953, -1114158.270999998087063 ], [ -1293744.403599998448044, -1114175.796899993438274 ], [ -1293737.256899997126311, -1114192.669599997811019 ], [ -1293732.037900001276284, -1114208.81159999826923 ], [ -1293724.432600000407547, -1114224.558800002327189 ], [ -1293715.991299998247996, -1114239.517099992372096 ], [ -1293709.797400003299117, -1114254.18210000032559 ], [ -1293702.909600000130013, -1114267.116099992068484 ], [ -1293698.642099996330217, -1114273.1541 ], [ -1293693.93540000077337, -1114279.46189999836497 ], [ -1293689.229800003115088, -1114285.179900003829971 ], [ -1293684.263499996857718, -1114290.841999999480322 ], [ -1293679.3729, -1114296.12549999775365 ], [ -1293674.391699995379895, -1114301.189500001491979 ], [ -1293669.538600000320002, -1114306.001899999566376 ], [ -1293668.167499999748543, -1114312.640799995977432 ], [ -1293662.922600000863895, -1114317.03889999864623 ], [ -1293657.592300002230331, -1114321.212899999693036 ], [ -1293650.343799999682233, -1114326.611699999775738 ], [ -1293642.305799995316193, -1114332.210599993355572 ], [ -1293633.694099999032915, -1114338.231299997773021 ], [ -1293624.762499998323619, -1114343.883100001839921 ], [ -1293618.780599996214733, -1114350.258000003406778 ], [ -1293609.222499997820705, -1114355.794199998257682 ], [ -1293599.44579999987036, -1114361.217099997680634 ], [ -1293589.510600000619888, -1114366.493299996946007 ], [ -1293580.652299997396767, -1114372.674699998227879 ], [ -1293573.693300000857562, -1114378.938199999276549 ], [ -1293563.893300000578165, -1114383.547499997774139 ], [ -1293553.91999999829568, -1114387.942799997050315 ], [ -1293544.036299997474998, -1114392.073399995686486 ], [ -1293534.270300003234297, -1114395.927700001746416 ], [ -1293524.653599996352568, -1114399.493299999041483 ], [ -1293518.394599997671321, -1114404.502000001026317 ], [ -1293509.451900001615286, -1114407.370400003623217 ], [ -1293500.716299997409806, -1114409.945199996465817 ], [ -1293492.606099999742582, -1114412.11189999547787 ], [ -1293484.333899998338893, -1114414.085199998458847 ], [ -1293476.316000001039356, -1114415.752399998018518 ], [ -1293466.162799996556714, -1114415.529100000392646 ], [ -1293458.682299998821691, -1114416.578299996908754 ], [ -1293451.48439999949187, -1114417.316500002751127 ], [ -1293444.586500000674278, -1114417.742500001564622 ], [ -1293437.984799998579547, -1114417.857099997345358 ], [ -1293431.685299998847768, -1114417.660199992358685 ], [ -1293425.693000000435859, -1114417.151999995810911 ], [ -1293417.613899993943051, -1114414.75040000048466 ], [ -1293412.249400000320747, -1114413.621100003598258 ], [ -1293407.203899995656684, -1114412.182100002653897 ], [ -1293402.079199999570847, -1114410.543799998471513 ], [ -1293399.348499999148771, -1114409.294399996986613 ], [ -1293396.697500000474975, -1114407.855999997118488 ], [ -1293394.124799998244271, -1114406.227900000289083 ], [ -1293391.628899996401742, -1114404.409199997549877 ], [ -1293392.632100003305823, -1114402.772100002737716 ], [ -1293388.154299998888746, -1114397.780800002161413 ], [ -1293383.956300003221259, -1114392.003199995262548 ], [ -1293380.0168, -1114385.412000001175329 ], [ -1293376.318700002273545, -1114377.978800000157207 ], [ -1293372.328600002452731, -1114369.008800002746284 ], [ -1293366.380300000775605, -1114358.715300001902506 ], [ -1293363.162099998444319, -1114349.752700001467019 ], [ -1293366.217499999562278, -1114342.341299999738112 ], [ -1293363.558799996506423, -1114331.265899996971712 ], [ -1293361.186599999899045, -1114320.274500002618879 ], [ -1293357.599199996562675, -1114306.647399999666959 ], [ -1293350.857000002637506, -1114258.710999998031184 ], [ -1293345.450000001583248, -1114235.663700001547113 ], [ -1293342.520799995167181, -1114224.177900004899129 ], [ -1293340.068499998189509, -1114213.154499997152016 ], [ -1293334.537400000263005, -1114203.3932000012137 ], [ -1293331.834199996897951, -1114194.154399999184534 ], [ -1293327.253899998730049, -1114182.5075 ], [ -1293323.591199998278171, -1114172.776299995370209 ], [ -1293319.310599999502301, -1114163.895899992669001 ], [ -1293317.9678, -1114156.139500000746921 ], [ -1293314.203800001414493, -1114148.986400002380833 ], [ -1293306.660500000230968, -1114142.160700003383681 ], [ -1293301.76570000173524, -1114135.840799996163696 ], [ -1293295.479699995368719, -1114129.035900003276765 ], [ -1293285.254500000504777, -1114119.127099996432662 ], [ -1293276.290100003127009, -1114111.155638632830232 ], [ -1293274.575099996523932, -1114109.630599999101833 ], [ -1293265.7155, -1114101.558600002666935 ], [ -1293254.823500002035871, -1114092.977999997325242 ], [ -1293242.781399994390085, -1114084.718700001714751 ], [ -1293227.366499997442588, -1114077.007299999706447 ], [ -1293213.303900001337752, -1114068.457700000843033 ], [ -1293203.175299999536946, -1114062.803300002822652 ], [ -1293189.316299999365583, -1114056.193600002676249 ], [ -1293175.003099997527897, -1114049.996199991321191 ], [ -1293160.218699997290969, -1114044.816500000888482 ], [ -1293152.593799999682233, -1114042.017800002126023 ], [ -1293153.5698999944143, -1114053.490600001998246 ], [ -1293155.312800003448501, -1114073.6304 ], [ -1293158.542599997716025, -1114092.395699999062344 ], [ -1293152.764200000558048, -1114108.595899995882064 ], [ -1293152.836799999000505, -1114127.139099999796599 ], [ -1293155.461199995828792, -1114146.273299999302253 ], [ -1293148.723600002005696, -1114162.1011 ], [ -1293147.837099994998425, -1114180.271800003247336 ], [ -1293146.583700001239777, -1114199.169000002089888 ], [ -1293147.575300002703443, -1114217.065300000598654 ], [ -1293140.801500000758097, -1114232.192500001983717 ], [ -1293138.234999999869615, -1114249.97600000188686 ], [ -1293138.621300001628697, -1114268.241099995793775 ], [ -1293129.645500001264736, -1114283.200099998619407 ], [ -1293127.362500000977889, -1114300.407000005012378 ], [ -1293126.003499995451421, -1114319.363600002601743 ], [ -1293121.838299996452406, -1114336.526499998522922 ], [ -1293111.58359999791719, -1114350.988799998769537 ], [ -1293108.021699999226257, -1114367.699199998285621 ], [ -1293103.251200000522658, -1114385.230900003341958 ], [ -1293097.807100003119558, -1114401.897100003436208 ], [ -1293087.51609999849461, -1114415.658799997530878 ], [ -1293082.117100002476946, -1114432.073300000978634 ], [ -1293077.515599999576807, -1114450.040400001220405 ], [ -1293070.792499999050051, -1114466.210100001422688 ], [ -1293064.09990000189282, -1114481.759700001217425 ], [ -1293056.737399997888133, -1114497.681200000457466 ], [ -1293049.408899999689311, -1114514.219800001010299 ], [ -1293033.215300002833828, -1114570.361799997510388 ], [ -1293027.095699998550117, -1114586.158299997914582 ], [ -1293021.502200002316386, -1114598.872699996922165 ], [ -1293017.536099997116253, -1114615.457500003278255 ], [ -1293010.33529999665916, -1114628.439399999799207 ], [ -1293003.235599998384714, -1114640.100200004642829 ], [ -1292995.299400002462789, -1114650.710299996193498 ], [ -1292990.93809999525547, -1114661.485600000945851 ], [ -1292986.86079999897629, -1114674.68009999813512 ], [ -1292986.082799998112023, -1114687.394399999408051 ], [ -1292978.395299992756918, -1114696.212599992984906 ], [ -1292970.60130000137724, -1114704.399000003235415 ], [ -1292961.799299999838695, -1114711.670299998018891 ], [ -1292956.035599998664111, -1114718.374699996551499 ], [ -1292948.742499998072162, -1114724.853000000584871 ], [ -1292940.75760000012815, -1114730.459100002190098 ], [ -1292937.820899998536333, -1114743.141900000162423 ], [ -1292928.959700000938028, -1114748.86119999922812 ], [ -1292919.653200001455843, -1114753.928200002294034 ], [ -1292909.921599998138845, -1114758.806500001111999 ], [ -1292900.663100001402199, -1114763.61670000385493 ], [ -1292892.147100003203377, -1114772.321300001582131 ], [ -1292881.702199997380376, -1114776.93650000076741 ], [ -1292870.371599995298311, -1114781.008099999045953 ], [ -1292858.695899998536333, -1114784.854700000723824 ], [ -1292848.956800000276417, -1114789.229599999263883 ], [ -1292838.69769999734126, -1114796.823900002520531 ], [ -1292826.148899995954707, -1114799.944799999007955 ], [ -1292812.061999998055398, -1114807.03510000067763 ], [ -1292801.394599998136982, -1114810.380199996754527 ], [ -1292790.373000001069158, -1114816.182600002270192 ], [ -1292775.800799996592104, -1114818.308399994624779 ], [ -1292762.97729999688454, -1114820.732599993003532 ], [ -1292749.933699994813651, -1114822.092099994886667 ], [ -1292734.099599994719028, -1114822.802600000752136 ], [ -1292720.285299997543916, -1114823.790399999124929 ], [ -1292706.545699996408075, -1114823.700300001073629 ], [ -1292690.322799998568371, -1114822.9566 ], [ -1292674.866599996807054, -1114822.416200001258403 ], [ -1292663.658899996196851, -1114821.655900002457201 ], [ -1292648.024199997307733, -1114819.505699996603653 ], [ -1292633.460399996256456, -1114817.592699994100258 ], [ -1292620.947900001192465, -1114815.328199999639764 ], [ -1292609.208400001050904, -1114812.060499998275191 ], [ -1292596.970899998210371, -1114803.99659999110736 ], [ -1292584.794100001221523, -1114800.472699997248128 ], [ -1292574.953299999469891, -1114796.671600002329797 ], [ -1292570.139799996744841, -1114793.64310000394471 ], [ -1292565.540773534681648, -1114791.282037995290011 ], [ -1292563.119699995499104, -1114790.039099996211007 ], [ -1292556.349699996877462, -1114786.027099999366328 ], [ -1292549.825800001621246, -1114781.604899997357279 ], [ -1292543.065299997571856, -1114776.427800000878051 ], [ -1292537.705499995267019, -1114771.85959999775514 ], [ -1292532.752899999031797, -1114760.093900000909343 ], [ -1292527.173199997050688, -1114753.999400002649054 ], [ -1292524.29219999583438, -1114747.904899997171015 ], [ -1292521.883099998813123, -1114743.329000003403053 ], [ -1292516.967699996894225, -1114735.93849999899976 ], [ -1292513.926298101432621, -1114730.8728779675439 ], [ -1292512.26019999734126, -1114728.09789999620989 ], [ -1292507.755899995565414, -1114719.799700000556186 ], [ -1292501.3995, -1114711.067000004462898 ], [ -1292497.278400002513081, -1114701.8102 ], [ -1292494.663500000489876, -1114687.816000000573695 ], [ -1292492.144199998350814, -1114679.824600000632927 ], [ -1292491.315300000132993, -1114671.518199997255579 ], [ -1292488.339600000763312, -1114662.037599998293445 ], [ -1292483.418699996545911, -1114652.156799998832867 ], [ -1292480.641999999759719, -1114641.783400000538677 ], [ -1292479.274499999592081, -1114626.671200002543628 ], [ -1292476.542300002882257, -1114603.346099996939301 ], [ -1292470.174799998290837, -1114581.064800004241988 ], [ -1292467.1058999968227, -1114551.500400001648813 ], [ -1292460.937100000912324, -1114525.7256 ], [ -1292448.069599997485057, -1114455.426099999574944 ], [ -1292444.601500001968816, -1114434.500799999106675 ], [ -1292439.916899999603629, -1114416.325200001941994 ], [ -1292435.872900003101677, -1114395.214600001927465 ], [ -1292434.00609999964945, -1114376.770500000799075 ], [ -1292426.958899999735877, -1114358.516500002006069 ], [ -1292422.461099999723956, -1114341.476899999426678 ], [ -1292419.111399996560067, -1114322.430000001098961 ], [ -1292416.054000002797693, -1114313.196400000713766 ], [ -1292412.890500000910833, -1114304.275799997616559 ], [ -1292406.861499997787178, -1114295.558900002157316 ], [ -1292403.4723, -1114287.226799991680309 ], [ -1292399.964999997057021, -1114279.17620000243187 ], [ -1292396.34330000099726, -1114271.650799999246374 ], [ -1292388.985500002047047, -1114264.353399998741224 ], [ -1292386.489999998593703, -1114257.912000001873821 ], [ -1292382.474499999079853, -1114250.913599994964898 ], [ -1292380.583299995865673, -1114244.930199996568263 ], [ -1292373.545999995665625, -1114238.340100000146776 ], [ -1292369.125700002070516, -1114232.090799998492002 ], [ -1292367.026499998290092, -1114226.254000002285466 ], [ -1292362.325899999355897, -1114220.489000000758097 ], [ -1292319.804099998204038, -1114177.285199997480959 ], [ -1292309.395400000503287, -1114162.709399999119341 ], [ -1292297.566299998899922, -1114149.815200002631173 ], [ -1292283.328000002540648, -1114137.994300001999363 ], [ -1292269.02240000013262, -1114126.102500001667067 ], [ -1292260.258200000971556, -1114115.380700001958758 ], [ -1292249.280399997951463, -1114105.31879999791272 ], [ -1292239.322599995415658, -1114096.628399999812245 ], [ -1292224.521499999798834, -1114087.904499999014661 ], [ -1292216.810099998023361, -1114080.674299999838695 ], [ -1292205.807199995964766, -1114073.266600003233179 ], [ -1292192.583200001856312, -1114066.844899994553998 ], [ -1292183.066599997458979, -1114061.7220000019297 ], [ -1292173.103500002296641, -1114057.274799991864711 ], [ -1292164.698699995409697, -1114052.947700000368059 ], [ -1292154.181499998318031, -1114049.149999996414408 ], [ -1292144.519099995726719, -1114046.381800001021475 ], [ -1292133.042100000893697, -1114043.298399999504909 ], [ -1292124.613699997775257, -1114041.180399995762855 ], [ -1292112.603700001258403, -1114038.436600000364706 ], [ -1292100.49749999656342, -1114036.027800003997982 ], [ -1292089.08849999983795, -1114034.658599991351366 ], [ -1292075.973499994724989, -1114033.371700001647696 ], [ -1292065.223700001602992, -1114032.857899998081848 ], [ -1292053.851500000571832, -1114031.967900002142414 ], [ -1292043.533399997511879, -1114032.157299991929904 ], [ -1292035.428599997423589, -1114032.233000001404434 ], [ -1292025.366799998097122, -1114032.538999993354082 ], [ -1292016.762499998789281, -1114034.00960000208579 ], [ -1292007.824999997392297, -1114035.108199999667704 ], [ -1292002.516600002767518, -1114037.080099997809157 ], [ -1291996.060300000244752, -1114038.696600002702326 ], [ -1291992.3019999996759, -1114040.950300002237782 ], [ -1291986.317799997515976, -1114043.503799999365583 ], [ -1291980.564100000774488, -1114046.527900000102818 ], [ -1291974.677099999506027, -1114050.561299997614697 ], [ -1291969.373699996853247, -1114054.532699995441362 ], [ -1291964.289099996443838, -1114058.982199998805299 ], [ -1291960.101699999766424, -1114064.596200000494719 ], [ -1291955.448499995516613, -1114070.005100003210828 ], [ -1291952.56699999794364, -1114075.524700000416487 ], [ -1291948.316699999850243, -1114081.921999995596707 ], [ -1291946.719999994616956, -1114088.994599995203316 ], [ -1291945.181000002659857, -1114096.211699999636039 ], [ -1291941.492899995762855, -1114104.157699997536838 ], [ -1291937.97119999723509, -1114112.396500001195818 ], [ -1291934.267400001408532, -1114122.23889999720268 ], [ -1291931.742599997203797, -1114129.77239999640733 ], [ -1291930.876799998572096, -1114137.305099998833612 ], [ -1291928.803000001236796, -1114154.622099998639897 ], [ -1291924.470600003376603, -1114173.192700001876801 ], [ -1291922.598199999891222, -1114194.479799999156967 ], [ -1291921.884599996730685, -1114213.642699998337775 ], [ -1291919.778100000461563, -1114235.131799997529015 ], [ -1291914.630399995949119, -1114309.6801 ], [ -1291912.143499998841435, -1114338.300199997844175 ], [ -1291908.671100003644824, -1114366.124800002202392 ], [ -1291906.181099995737895, -1114391.044200001517311 ], [ -1291903.333199998596683, -1114403.703299998771399 ], [ -1291901.612699996680021, -1114415.626300001516938 ], [ -1291898.519800000824034, -1114426.952799999620765 ], [ -1291897.623300002887845, -1114438.822700002929196 ], [ -1291896.376499995356426, -1114450.383799996925518 ], [ -1291892.823199996026233, -1114460.041599999414757 ], [ -1291890.341899998951703, -1114469.152100002393126 ], [ -1291886.442400000290945, -1114477.806500001810491 ], [ -1291883.975400000810623, -1114487.174899996258318 ], [ -1291879.03799999691546, -1114496.660599998664111 ], [ -1291873.963499998906627, -1114506.74140000063926 ], [ -1291868.312600003555417, -1114516.490200002910569 ], [ -1291863.531300003174692, -1114526.361299998359755 ], [ -1291857.106699999654666, -1114536.478900002781302 ], [ -1291854.523200002731755, -1114548.880100002046674 ], [ -1291847.1969, -1114559.568399992305785 ], [ -1291834.532999999588355, -1114578.712700001196936 ], [ -1291820.392599996645004, -1114599.878199997358024 ], [ -1291809.650899999542162, -1114621.96329999784939 ], [ -1291775.693599995691329, -1114675.150700001744553 ], [ -1291755.786599996965379, -1114704.273400003090501 ], [ -1291746.379299995722249, -1114719.678899996681139 ], [ -1291739.003699996741489, -1114734.633199994219467 ], [ -1291729.68659999826923, -1114749.934099996695295 ], [ -1291722.284399996977299, -1114762.760899996152148 ], [ -1291713.1192, -1114778.347500001080334 ], [ -1291705.05279999691993, -1114794.012299997964874 ], [ -1291703.638095991220325, -1114797.335754542611539 ], [ -1291698.583000001031905, -1114809.211299994029105 ], [ -1291695.112100002123043, -1114824.362299994099885 ], [ -1291689.549500000895932, -1114838.874000002164394 ], [ -1291683.396299995947629, -1114855.197699994780123 ], [ -1291680.313099997118115, -1114869.806899997871369 ], [ -1291678.108300002058968, -1114883.723299997160211 ], [ -1291675.987200001254678, -1114895.921499994583428 ], [ -1291673.805700001539662, -1114909.030699996976182 ], [ -1291672.814300002763048, -1114921.985599999548867 ], [ -1291671.544100001920015, -1114935.227899996796623 ], [ -1291671.435199997154996, -1114948.495200002100319 ], [ -1291670.385799997951835, -1114963.016600000672042 ], [ -1291669.963000001152977, -1114977.337500000139698 ], [ -1291670.384199996944517, -1114992.094999997410923 ], [ -1291671.402799999108538, -1115006.801700002280995 ], [ -1291671.478900000220165, -1115022.794499999610707 ], [ -1291672.74240000336431, -1115038.69129999843426 ], [ -1291674.398999997181818, -1115054.582000000635162 ], [ -1291675.627500001573935, -1115073.664699994726107 ], [ -1291676.833399996161461, -1115091.413600000785664 ], [ -1291679.235399996861815, -1115109.193899998441339 ], [ -1291682.010199998738244, -1115129.540599999250844 ], [ -1291683.695799999637529, -1115143.970200000563636 ], [ -1291688.102399997180328, -1115157.598299996461719 ], [ -1291692.172699995106086, -1115171.463799991644919 ], [ -1291696.637899994151667, -1115187.709500001743436 ], [ -1291701.086399997817352, -1115203.013299998594448 ], [ -1291705.108300001360476, -1115217.341799997957423 ], [ -1291711.378899998730049, -1115232.839699996402487 ], [ -1291718.064499997533858, -1115251.815299996407703 ], [ -1291724.321799997240305, -1115265.084399991668761 ], [ -1291731.741700000362471, -1115278.954599998658523 ], [ -1291743.075399999739602, -1115293.553299993975088 ], [ -1291751.077499996637926, -1115309.569099999731407 ], [ -1291763.286399997770786, -1115338.451800000853837 ], [ -1291802.047400002367795, -1115407.24230000260286 ], [ -1291814.043199999490753, -1115427.014899992384017 ], [ -1291823.428100000368431, -1115443.378400000510737 ], [ -1291832.225200000684708, -1115460.354100001975894 ], [ -1291842.759499998763204, -1115476.967 ], [ -1291845.115099997725338, -1115493.252400000579655 ], [ -1291851.991199997486547, -1115508.1176 ], [ -1291858.973600001074374, -1115523.093400003155693 ], [ -1291866.330099999671802, -1115538.788199999835342 ], [ -1291870.391300001880154, -1115553.538599994033575 ], [ -1291874.6844999990426, -1115567.522500001825392 ], [ -1291879.337599998572841, -1115580.713399998610839 ], [ -1291884.011899995850399, -1115595.430599997518584 ], [ -1291885.428399998461828, -1115609.355599996168166 ], [ -1291887.102499998640269, -1115622.640599996782839 ], [ -1291892.326800000853837, -1115647.240699999732897 ], [ -1291897.852999997790903, -1115709.302700003609061 ], [ -1291899.819700001273304, -1115724.523600003682077 ], [ -1291900.681099995272234, -1115738.304900001501665 ], [ -1291902.530399999348447, -1115754.948300002608448 ], [ -1291904.959799999371171, -1115771.212799999164417 ], [ -1291905.399999997578561, -1115784.973299997625872 ], [ -1291904.553999998606741, -1115797.639600002905354 ], [ -1291903.003499999176711, -1115810.5097 ], [ -1291903.159399999771267, -1115816.561499995412305 ], [ -1291904.240299995522946, -1115823.401799992425367 ], [ -1291902.895900001749396, -1115828.739200000884011 ], [ -1291905.743400000268593, -1115833.400299998465925 ], [ -1291904.845799997914582, -1115838.080200002761558 ], [ -1291903.004000002285466, -1115842.517000003019348 ], [ -1291900.992700000992045, -1115846.662100001703948 ], [ -1291898.812599999830127, -1115850.513300003716722 ], [ -1291896.462799996836111, -1115854.07220000308007 ], [ -1291893.942499994998798, -1115857.339899997692555 ], [ -1291891.250700001372024, -1115860.31770000141114 ], [ -1291888.386899999110028, -1115863.006299999775365 ], [ -1291885.350199999753386, -1115865.406299994327128 ], [ -1291882.139899997739121, -1115867.51820000144653 ], [ -1291878.787900001043454, -1115870.351899998961017 ], [ -1291872.855300002032891, -1115872.738899996271357 ], [ -1291866.236799999838695, -1115874.76770000369288 ], [ -1291862.8167, -1115878.247499995864928 ], [ -1291854.860100003425032, -1115879.549799994565547 ], [ -1291846.264099996071309, -1115880.482999996980652 ], [ -1291837.765599997481331, -1115881.039900002069771 ], [ -1291827.974099998828024, -1115881.227299992460757 ], [ -1291819.053500002482906, -1115881.648500001756474 ], [ -1291808.023499995004386, -1115881.065799998352304 ], [ -1291796.568799995817244, -1115880.098799992585555 ], [ -1291785.507999998051673, -1115878.752000000793487 ], [ -1291774.171399997314438, -1115877.654500000877306 ], [ -1291759.8705, -1115874.404999998165295 ], [ -1291748.745500000426546, -1115872.045200004242361 ], [ -1291738.972699996782467, -1115868.358900001039729 ], [ -1291736.115500001236796, -1115867.772899997420609 ], [ -1291730.774400000926107, -1115866.37360000051558 ], [ -1291726.39519999595359, -1115864.776 ], [ -1291722.057400000747293, -1115862.979400004027411 ], [ -1291713.49749999679625, -1115858.785799992270768 ], [ -1291704.291599996387959, -1115854.321500001940876 ], [ -1291695.991700001759455, -1115848.502499998779967 ], [ -1291688.470299997599795, -1115842.4588 ], [ -1291680.310799997067079, -1115834.932899993145838 ], [ -1291671.383799996692687, -1115826.554299996700138 ], [ -1291662.427999998675659, -1115816.898500000592321 ], [ -1291656.49989999528043, -1115806.505400000838563 ], [ -1291648.834199995733798, -1115796.256600002991036 ], [ -1291641.565599999623373, -1115785.508599999593571 ], [ -1291633.448800002457574, -1115774.52070000092499 ], [ -1291625.441799998050556, -1115761.974599998444319 ], [ -1291596.2296, -1115712.865899995900691 ], [ -1291584.778299998724833, -1115690.681099998299032 ], [ -1291578.042699997778982, -1115680.527699997881427 ], [ -1291570.846299994969741, -1115671.806800003396347 ], [ -1291564.632299999706447, -1115663.264000000432134 ], [ -1291557.7763, -1115655.40510000125505 ], [ -1291549.41809999756515, -1115646.351599992020056 ], [ -1291542.851700001629069, -1115635.264499992597848 ], [ -1291535.494600001955405, -1115627.738599992822856 ], [ -1291527.336499999742955, -1115621.452200001804158 ], [ -1291519.125899998936802, -1115615.699099999619648 ], [ -1291511.622399999760091, -1115610.196199997793883 ], [ -1291503.109999995213002, -1115605.335200002649799 ], [ -1291494.63179999939166, -1115601.159999998984858 ], [ -1291487.152000000933185, -1115597.517300000879914 ], [ -1291478.6058, -1115594.53630000189878 ], [ -1291470.564099997282028, -1115591.141600002069026 ], [ -1291461.330699999583885, -1115587.874200001358986 ], [ -1291451.981499996734783, -1115582.995900002541021 ], [ -1291444.709600000875071, -1115578.904199997195974 ], [ -1291434.827999997418374, -1115576.570899993879721 ], [ -1291425.483199998969212, -1115573.835800002561882 ], [ -1291405.151500001782551, -1115568.781099997228011 ], [ -1291384.0850999946706, -1115564.844799996120855 ], [ -1291363.3903, -1115562.311500004259869 ], [ -1291340.895199997117743, -1115559.599000002257526 ], [ -1291318.78810000163503, -1115559.529299998423085 ], [ -1291295.078099999576807, -1115558.110399997560307 ], [ -1291273.243599998066202, -1115559.021699996199459 ], [ -1291249.469899997347966, -1115559.020599991781637 ], [ -1291228.600800000829622, -1115561.521299996646121 ], [ -1291206.922999997157604, -1115563.767599999206141 ], [ -1291186.216299996478483, -1115566.756300002336502 ], [ -1291176.12319999653846, -1115567.822999998461455 ], [ -1291166.384000000543892, -1115569.057299998821691 ], [ -1291159.7402000031434, -1115571.500700002303347 ], [ -1291154.065900000743568, -1115573.687500001396984 ], [ -1291147.383299994515255, -1115575.289499999489635 ], [ -1291142.201899998355657, -1115577.756400001002476 ], [ -1291135.840300001204014, -1115579.85889999801293 ], [ -1291129.637599997222424, -1115582.212300001643598 ], [ -1291123.592899998417124, -1115584.816800000611693 ], [ -1291118.068799998611212, -1115589.01399999926798 ], [ -1291112.337499995715916, -1115592.121800000779331 ], [ -1291107.931400001514703, -1115596.317200002493337 ], [ -1291103.825300000607967, -1115602.832700000843033 ], [ -1291100.614799995906651, -1115607.986999998567626 ], [ -1291095.49659999483265, -1115612.109500000951812 ], [ -1291090.528899997239932, -1115616.487500003539026 ], [ -1291086.777099998667836, -1115620.725399998947978 ], [ -1291082.795000003650784, -1115626.367400001268834 ], [ -1291078.278599999845028, -1115631.51089999708347 ], [ -1291073.907900003250688, -1115636.913899992126971 ], [ -1291069.681499994825572, -1115642.577700000489131 ], [ -1291066.768500000936911, -1115649.339200004469603 ], [ -1291062.827399996807799, -1115655.529700001468882 ], [ -1291060.667599998647347, -1115664.296700004022568 ], [ -1291059.066099996911362, -1115672.3084 ], [ -1291055.543300000950694, -1115679.304199999198318 ], [ -1291052.158399996114895, -1115686.570799995912239 ], [ -1291048.908999998122454, -1115694.113399997819215 ], [ -1291046.481499999761581, -1115702.684799995739013 ], [ -1291043.49879999505356, -1115710.789199997205287 ], [ -1291042.288099997676909, -1115721.490099999587983 ], [ -1291041.333999997936189, -1115731.4236 ], [ -1291038.740699999034405, -1115740.400600002845749 ], [ -1291036.274, -1115749.678599998587742 ], [ -1291032.4659, -1115765.710699994582683 ], [ -1291032.401099996874109, -1115786.178100001299754 ], [ -1291029.255499999737367, -1115803.992999999318272 ], [ -1291027.306899997172877, -1115823.56780000240542 ], [ -1291028.200899998890236, -1115846.897799995262176 ], [ -1291025.98579999897629, -1115867.758999991696328 ], [ -1291024.059799999231473, -1115889.80870000156574 ], [ -1291025.818599999882281, -1115916.750599995488301 ], [ -1291024.615200001513585, -1115937.981699998723343 ], [ -1291027.003699995111674, -1115964.063299996312708 ], [ -1291026.156899998895824, -1115988.0973 ], [ -1291029.079599996795878, -1116017.733000000705943 ], [ -1291031.312099998351187, -1116072.951399994082749 ], [ -1291031.38313561421819, -1116075.22824290394783 ], [ -1291034.768699999898672, -1116183.742800004081801 ], [ -1291035.183600003365427, -1116229.764899996109307 ], [ -1291036.417099999729544, -1116278.526500004343688 ], [ -1291037.267200002446771, -1116322.442899997346103 ], [ -1291037.104699995135888, -1116346.348200003616512 ], [ -1291037.852800000691786, -1116370.888500002212822 ], [ -1291036.700399997411296, -1116393.057899998035282 ], [ -1291036.329099999042228, -1116414.676199991023168 ], [ -1291035.896899998886511, -1116436.756200001575053 ], [ -1291033.915899998275563, -1116455.781199995893985 ], [ -1291033.707100000698119, -1116476.685899992706254 ], [ -1291031.91639999835752, -1116495.655299991369247 ], [ -1291029.203000001376495, -1116517.364300004206598 ], [ -1291027.695899997605011, -1116539.919799992116168 ], [ -1291024.493299999739975, -1116560.393700000597164 ], [ -1291020.822999999858439, -1116579.914500002516434 ], [ -1291017.21260000183247, -1116599.223400002578273 ], [ -1291013.019199999747798, -1116617.671900001354516 ], [ -1291008.342799997888505, -1116635.227599994046614 ], [ -1291006.049299996579066, -1116654.579000001540408 ], [ -1291000.816399995004758, -1116671.169799999799579 ], [ -1290995.087200002977625, -1116686.902900002198294 ], [ -1290989.392299997154623, -1116702.499799998709932 ], [ -1290983.088899996131659, -1116717.305599999381229 ], [ -1290975.823199994629249, -1116730.392499999376014 ], [ -1290969.881100001279265, -1116744.770000000949949 ], [ -1290963.822299994062632, -1116759.042899997904897 ], [ -1290955.4449, -1116770.423299999441952 ], [ -1290945.351899998029694, -1116785.703100001672283 ], [ -1290933.885499995434657, -1116803.175499998964369 ], [ -1290890.813700003083795, -1116886.275600002380088 ], [ -1290880.616299998946488, -1116902.572000000393018 ], [ -1290871.478100002976134, -1116918.857900004368275 ], [ -1290858.718799998285249, -1116937.83499999390915 ], [ -1290847.270699999062344, -1116956.359399997862056 ], [ -1290836.958900001831353, -1116974.604099998017773 ], [ -1290825.562300001038238, -1116988.979800002882257 ], [ -1290820.3781999994535, -1116998.418999998830259 ], [ -1290813.762500000419095, -1117005.831799992360175 ], [ -1290807.922999998787418, -1117013.112299994565547 ], [ -1290800.885799996554852, -1117018.945099998498335 ], [ -1290793.874300001421943, -1117024.405299996957183 ], [ -1290788.801999998977408, -1117031.784 ], [ -1290783.070299997227266, -1117037.652500001946464 ], [ -1290776.103999994695187, -1117042.017899999162182 ], [ -1290769.135300000896677, -1117046.029199996963143 ], [ -1290763.400499995099381, -1117050.751000000629574 ], [ -1290763.195824463386089, -1117050.902096012141556 ], [ -1290757.172699999064207, -1117055.348499997751787 ], [ -1290750.196199996164069, -1117058.295200003543869 ], [ -1290744.454199996078387, -1117062.031999998958781 ], [ -1290738.004899998893961, -1117065.21260000159964 ], [ -1290730.992399997310713, -1117067.106499996967614 ], [ -1290725.195999997435138, -1117069.7180999990087 ], [ -1290714.500100000761449, -1117071.531500002369285 ], [ -1290712.785499999532476, -1117071.99779999954626 ], [ -1290816.837900418788195, -1117111.109372640959918 ], [ -1291002.106334704440087, -1117180.748706249985844 ], [ -1291530.46959999599494, -1117379.351700003491715 ], [ -1291547.37704044021666, -1117360.965558370808139 ], [ -1291887.530947953695431, -1116991.062263957457617 ], [ -1292684.495733556570485, -1116124.396048421273008 ], [ -1293165.091415982227772, -1115601.768137103645131 ], [ -1293341.151225309818983, -1115410.310382116120309 ], [ -1293611.694316163426265, -1115116.105969419470057 ], [ -1294229.207100781612098, -1114444.58637688215822 ], [ -1294299.201099997386336, -1114368.470800001872703 ], [ -1294127.143392700934783, -1114165.481232824269682 ], [ -1294112.466035505523905, -1114148.165237912675366 ], [ -1293680.689999999478459, -1113638.766199998557568 ], [ -1293688.314599996432662, -1113649.192000003997236 ], [ -1293696.614999994402751, -1113659.077399996807799 ], [ -1293702.686400000238791, -1113668.677499999292195 ], [ -1293711.53590000118129, -1113677.964799993671477 ], [ -1293717.892100000986829, -1113687.1484999966342 ], [ -1293725.48910000291653, -1113696.07200000109151 ], [ -1293730.945499998051673, -1113705.1438 ], [ -1293735.734900001436472, -1113713.861499999416992 ], [ -1293740.283799994504079, -1113722.469199996674433 ], [ -1293742.876100000459701, -1113730.993500000331551 ], [ -1293746.349800002761185, -1113739.773400001926348 ], [ -1293749.245999996550381, -1113748.231399999698624 ], [ -1293756.27739999582991, -1113765.740999998059124 ], [ -1293761.726599996909499, -1113783.813400002429262 ], [ -1293765.861799995880574, -1113803.113699996378273 ], [ -1293770.581399997230619, -1113822.792500003241003 ], [ -1293773.717599997762591, -1113843.13419999810867 ], [ -1293776.139600000577047, -1113864.309799996903166 ], [ -1293776.624158804770559, -1113873.080770631786436 ] ] ] } },
{ "type": "Feature", "properties": { "ID": 907, "YEAR": "2013-2014", "Perimtr_KM": 55.967640031400002, "AREA_KM": 26.030280656799999, "SCALE": 2, "THICKNES_M": 343.339182, "VOLUME_KM": 8.9372152679399992, "MASS_GT": 8.1954264007000006, "RECURRANCE": "4-5", "UA_KM": 0.27983820016, "UH_M": 28.497151965499999, "UC_KM": 0.68382399685999995, "REGION": "West", "ICESHELF": "Getz" }, "geometry": { "type": "Polygon", "coordinates": [ [ [ -1311265.095738387899473, -1105254.88576498022303 ], [ -1311737.240600001066923, -1105666.114499999210238 ], [ -1310698.979949160013348, -1106341.730775786098093 ], [ -1309664.3969999961555, -1107014.953899994958192 ], [ -1309353.962625324958935, -1106972.671792231732979 ], [ -1308900.109400001820177, -1106910.855599992210045 ], [ -1308394.040218527661636, -1107219.354975074296817 ], [ -1307851.221400001319125, -1107550.256900000851601 ], [ -1307460.171899996232241, -1108160.608000001870096 ], [ -1306729.754454735899344, -1108143.212743922835216 ], [ -1306449.967679219553247, -1108136.549482197966427 ], [ -1306435.330899996450171, -1108136.200899996096268 ], [ -1306421.20397479692474, -1108154.558765048859641 ], [ -1305836.691321899183095, -1108914.129885793663561 ], [ -1305578.931899996474385, -1109249.086899998132139 ], [ -1305283.2584337759763, -1109184.966157930903137 ], [ -1304606.262299999129027, -1109038.150499996263534 ], [ -1304320.849538177251816, -1109270.980201677186415 ], [ -1303957.821400000946596, -1109567.125799992121756 ], [ -1302879.310844272607937, -1109422.049950797110796 ], [ -1302825.140299732098356, -1109414.763199910288677 ], [ -1302382.929399999324232, -1109355.279199996264651 ], [ -1301769.087799995671958, -1109802.795999993104488 ], [ -1301766.679499995661899, -1109795.748899997910485 ], [ -1301762.86569999740459, -1109789.276800001971424 ], [ -1301759.439999997848645, -1109783.21540000080131 ], [ -1301754.991799994837493, -1109777.668500002240762 ], [ -1301750.930500001646578, -1109772.545000001788139 ], [ -1301746.54870000272058, -1109767.886600002879277 ], [ -1301741.910299999173731, -1109763.704400000860915 ], [ -1301735.44420000188984, -1109758.765700003365055 ], [ -1301728.527199995471165, -1109754.117400000104681 ], [ -1301720.459299996029586, -1109749.80999999656342 ], [ -1301713.057500000111759, -1109745.707699998980388 ], [ -1301704.774599994765595, -1109741.922200002009049 ], [ -1301696.030399997951463, -1109738.421300002839416 ], [ -1301687.210999995004386, -1109735.1695 ], [ -1301677.532199997454882, -1109732.233199997106567 ], [ -1301668.180199997965246, -1109729.51110000279732 ], [ -1301656.854399998905137, -1109727.198200000450015 ], [ -1301646.433599999174476, -1109725.020599995274097 ], [ -1301634.828499994706362, -1109723.195399997290224 ], [ -1301623.110899998573586, -1109721.609700002940372 ], [ -1301610.486000003060326, -1109720.32929999474436 ], [ -1301597.671399996615946, -1109719.279000000562519 ], [ -1301583.965399995911866, -1109718.536999998381361 ], [ -1301572.060400002868846, -1109718.016599995084107 ], [ -1301558.915099997073412, -1109717.792199999559671 ], [ -1301545.665500000817701, -1109717.744300001533702 ], [ -1301531.501299998955801, -1109717.940899999113753 ], [ -1301502.587299997685477, -1109718.842199993319809 ], [ -1301470.231499995337799, -1109720.693900002166629 ], [ -1301443.892799997003749, -1109722.648900002008304 ], [ -1301415.086599995614961, -1109725.13249999913387 ], [ -1301383.481699995463714, -1109728.16989999753423 ], [ -1301298.21989999897778, -1109736.779200002318248 ], [ -1301272.845899999374524, -1109739.072099995799363 ], [ -1301250.54050000035204, -1109740.84279999579303 ], [ -1301242.070799999171868, -1109741.586099998326972 ], [ -1301233.298399999272078, -1109742.600299996091053 ], [ -1301225.007999998982996, -1109743.800499999430031 ], [ -1301215.577699996298179, -1109745.363100000889972 ], [ -1301206.224200000520796, -1109747.167300003347918 ], [ -1301196.297200002009049, -1109749.220199996838346 ], [ -1301175.706099996808916, -1109754.268199997255579 ], [ -1301155.314499997533858, -1109759.74419999634847 ], [ -1301133.393199997954071, -1109766.349199998192489 ], [ -1301110.819799998542294, -1109773.353300003102049 ], [ -1301053.837699996773154, -1109791.755799998762086 ], [ -1301021.983099999604747, -1109801.236200001789257 ], [ -1301005.402800002368167, -1109805.770099998451769 ], [ -1300990.697300000116229, -1109809.481699996627867 ], [ -1300976.309199999319389, -1109812.615099993767217 ], [ -1300964.129699996905401, -1109814.997000000905246 ], [ -1300956.105999996885657, -1109816.236499995924532 ], [ -1300948.40900000394322, -1109817.225600001402199 ], [ -1300941.430299998726696, -1109817.912200003862381 ], [ -1300934.336299998452887, -1109818.406799995340407 ], [ -1300927.9846000012476, -1109818.619899992831051 ], [ -1300926.243721365462989, -1109818.620778205804527 ], [ -1300921.442999996943399, -1109818.623199999565259 ], [ -1300915.529799998970702, -1109818.3057 ], [ -1300909.508400002494454, -1109817.817600003443658 ], [ -1300904.167400000151247, -1109817.03950000484474 ], [ -1300898.632599996868521, -1109816.055900001432747 ], [ -1300893.338499999605119, -1109814.823600000701845 ], [ -1300888.281100002350286, -1109813.341600002720952 ], [ -1300882.674899996258318, -1109811.66209999169223 ], [ -1300878.079799997154623, -1109809.677300001261756 ], [ -1300874.12150000105612, -1109807.384599996963516 ], [ -1300869.977999996393919, -1109804.892300002509728 ], [ -1300866.0507, -1109802.115699996706098 ], [ -1300862.774399999296293, -1109798.97650000359863 ], [ -1300859.222099999664351, -1109795.544600002700463 ], [ -1300855.854700001189485, -1109791.782600003760308 ], [ -1300851.848599998280406, -1109787.754799992544577 ], [ -1300849.210000002058223, -1109783.250799998175353 ], [ -1300846.385400000493973, -1109778.484299991745502 ], [ -1300842.967399998335168, -1109773.422600001795217 ], [ -1300840.497399999527261, -1109767.97689999663271 ], [ -1300837.28149999724701, -1109762.272999999579042 ], [ -1300835.153099997201934, -1109756.122999996645376 ], [ -1300832.850100001320243, -1109749.621999998344108 ], [ -1300831.054400000255555, -1109742.741999997291714 ], [ -1300829.420899999095127, -1109735.482199996476993 ], [ -1300827.946899999165908, -1109727.831199993146583 ], [ -1300825.80799999833107, -1109719.840400001266971 ], [ -1300824.655867445282638, -1109713.529856794280931 ], [ -1300823.170299997087568, -1109705.393 ], [ -1300822.653869598871097, -1109702.82343145692721 ], [ -1300820.022499997867271, -1109689.730699999025092 ], [ -1300818.977600001031533, -1109672.452799995196983 ], [ -1300816.725099997129291, -1109653.50059999525547 ], [ -1300815.535899998154491, -1109635.806800001766533 ], [ -1300814.731499997898936, -1109615.713900002185255 ], [ -1300811.513700000941753, -1109542.774799992330372 ], [ -1300810.667799999704584, -1109513.606100001605228 ], [ -1300808.636399998096749, -1109484.348199994303286 ], [ -1300808.098900000797585, -1109471.213299998315051 ], [ -1300806.45619999896735, -1109458.987499998882413 ], [ -1300804.574000000488013, -1109445.000500000780448 ], [ -1300803.133499996503815, -1109431.910200002836064 ], [ -1300800.63030000240542, -1109419.751699995715171 ], [ -1300798.570799995679408, -1109408.33819999685511 ], [ -1300795.726799999596551, -1109397.712899998994544 ], [ -1300792.275899996282533, -1109387.84609999647364 ], [ -1300789.226599998539314, -1109378.638000000501052 ], [ -1300785.835100000491366, -1109370.123999994946644 ], [ -1300781.42179999849759, -1109362.207699996652082 ], [ -1300777.531599998706952, -1109354.487199998693541 ], [ -1300773.8365, -1109346.991999998223037 ], [ -1300769.728899996262044, -1109339.720299998065457 ], [ -1300764.328200001269579, -1109332.868800000753254 ], [ -1300758.758600001689047, -1109326.241099997889251 ], [ -1300753.689899999648333, -1109319.816700003808364 ], [ -1300747.918800001498312, -1109313.626800001133233 ], [ -1300742.374200003221631, -1109307.714499998139217 ], [ -1300735.833099995506927, -1109302.122799998847768 ], [ -1300729.808600001502782, -1109296.718099998077378 ], [ -1300723.542599997716025, -1109291.56579999323003 ], [ -1300717.379199999151751, -1109286.610499998321757 ], [ -1300710.626799997873604, -1109281.960200002184138 ], [ -1300702.823800001759082, -1109277.647999995620921 ], [ -1300695.831700000911951, -1109273.423399997875094 ], [ -1300688.348399999784306, -1109269.523800001479685 ], [ -1300680.147199995582923, -1109265.8239 ], [ -1300672.559400001075119, -1109262.373100001132116 ], [ -1300664.322599996812642, -1109259.209699997212738 ], [ -1300655.830699998186901, -1109256.290299999294803 ], [ -1300647.426399994408712, -1109253.559199993498623 ], [ -1300637.287099995650351, -1109251.24670000327751 ], [ -1300628.014799997908995, -1109249.053800000809133 ], [ -1300618.73149999580346, -1109247.029600000241771 ], [ -1300608.927099998109043, -1109245.317999998573214 ], [ -1300599.515600001905113, -1109243.702199992723763 ], [ -1300589.162599997594953, -1109242.468599998392165 ], [ -1300578.117999998852611, -1109241.4851 ], [ -1300567.200199995888397, -1109240.727700002491474 ], [ -1300556.357099995715544, -1109240.13259999640286 ], [ -1300544.853700001491234, -1109239.850000004516914 ], [ -1300524.279999997932464, -1109239.790100002428517 ], [ -1300502.389399997657165, -1109240.571400003274903 ], [ -1300480.296399996848777, -1109242.0195 ], [ -1300456.578200000571087, -1109244.223900003125891 ], [ -1300431.457799999276176, -1109247.278199999826029 ], [ -1300405.025699996156618, -1109251.086699998471886 ], [ -1300378.687899999320507, -1109255.496499998029321 ], [ -1300349.377599998610094, -1109260.93449999880977 ], [ -1300323.166999996174127, -1109266.300900000846013 ], [ -1300315.597692898940295, -1109267.913424461847171 ], [ -1300293.912599998293445, -1109272.533099994529039 ], [ -1300263.577799994498491, -1109279.529500001808628 ], [ -1300230.498900001635775, -1109287.319699996849522 ], [ -1300198.137199998600408, -1109295.276399998459965 ], [ -1300163.175599996931851, -1109304.271200001239777 ], [ -1300027.769299997016788, -1109339.859799996949732 ], [ -1299968.190400000661612, -1109354.912599996197969 ], [ -1299937.193899997510016, -1109362.676800003973767 ], [ -1299907.1354, -1109369.865900001022965 ], [ -1299879.124600000912324, -1109376.353600001661107 ], [ -1299853.124399997293949, -1109381.970300002256408 ], [ -1299821.928100001532584, -1109388.634899998782203 ], [ -1299791.926899998448789, -1109394.507099999347702 ], [ -1299764.745299998205155, -1109399.4529 ], [ -1299736.618599996203557, -1109404.082899999804795 ], [ -1299710.137099998537451, -1109407.929500001482666 ], [ -1299683.792899997904897, -1109411.396799993002787 ], [ -1299658.860399996861815, -1109414.120599999791011 ], [ -1299634.451499994378537, -1109416.198299998417497 ], [ -1299619.937800000421703, -1109417.244900000980124 ], [ -1299605.195600000210106, -1109418.162699994631112 ], [ -1299591.786399997770786, -1109418.629499995149672 ], [ -1299577.569200001424178, -1109419.103300001006573 ], [ -1299564.89979999884963, -1109418.989500002237037 ], [ -1299551.182999996701255, -1109419.020200001308694 ], [ -1299537.708999997936189, -1109418.82930000172928 ], [ -1299525.540699995588511, -1109418.188000003341585 ], [ -1299512.535499996971339, -1109417.553599991835654 ], [ -1299500.554599998518825, -1109416.424800005042925 ], [ -1299488.509199997643009, -1109415.252399992663413 ], [ -1299476.186199997086078, -1109413.951100000878796 ], [ -1299464.668199998093769, -1109412.25690000038594 ], [ -1299453.26780000096187, -1109410.450600000331178 ], [ -1299441.600400002906099, -1109408.479700002120808 ], [ -1299431.18919999548234, -1109405.891600004862994 ], [ -1299420.434699997073039, -1109403.375300002051517 ], [ -1299409.388499997323379, -1109400.727300002705306 ], [ -1299402.298199995653704, -1109395.803300001192838 ], [ -1299390.67509999522008, -1109392.786899998085573 ], [ -1299380.248800000175834, -1109389.46009999839589 ], [ -1299370.026199999032542, -1109385.906199997989461 ], [ -1299361.550000002840534, -1109381.63749999855645 ], [ -1299350.860199995804578, -1109377.66489999811165 ], [ -1299341.23950000340119, -1109373.425999996252358 ], [ -1299335.564800002379343, -1109366.907400000374764 ], [ -1299326.955600002314895, -1109362.076999992830679 ], [ -1299317.927499999757856, -1109357.148900001076981 ], [ -1299308.086199994664639, -1109352.0017 ], [ -1299300.490899998228997, -1109346.218399995006621 ], [ -1299292.548799994867295, -1109340.502800001297146 ], [ -1299284.298000000650063, -1109334.648700001416728 ], [ -1299273.727500001434237, -1109328.069799998309463 ], [ -1299268.223299999255687, -1109318.502100000623614 ], [ -1299252.033300003036857, -1109313.538299997337162 ], [ -1299241.89259999897331, -1109304.339400002034381 ], [ -1299223.780399999581277, -1109286.006499998737127 ], [ -1299186.556799999438226, -1109254.826800000621006 ], [ -1299174.027000000700355, -1109242.540000001201406 ], [ -1299160.335700002964586, -1109230.542899996973574 ], [ -1299150.3021, -1109219.626200005412102 ], [ -1299136.0366, -1109209.183500001672655 ], [ -1299127.637099999468774, -1109197.734100002096966 ], [ -1299109.235899997409433, -1109192.785199997480959 ], [ -1299097.638399999123067, -1109185.577199995750561 ], [ -1299090.706500001018867, -1109181.722800005460158 ], [ -1299083.610699997283518, -1109178.127599999774247 ], [ -1299077.89220000221394, -1109174.302900002105162 ], [ -1299069.450299998745322, -1109171.233000000938773 ], [ -1299061.843599999556318, -1109168.406099999090657 ], [ -1299054.058800002094358, -1109165.832100003259256 ], [ -1299050.454299998003989, -1109161.326599998865277 ], [ -1299042.299099997151643, -1109159.254099995130673 ], [ -1299033.959400000516325, -1109157.431899996474385 ], [ -1299025.420199998188764, -1109155.8562 ], [ -1299017.717199999606237, -1109154.132699999026954 ], [ -1299009.28139999974519, -1109152.978100000414997 ], [ -1299000.098899999400601, -1109152.134799999883398 ], [ -1298990.681399997789413, -1109151.533300003502518 ], [ -1298985.379700000863522, -1109148.989900002023205 ], [ -1298975.452899998053908, -1109148.869800004176795 ], [ -1298956.404399998951703, -1109149.278199998894706 ], [ -1298936.778200001921505, -1109150.289499995065853 ], [ -1298919.712500000372529, -1109150.16580000333488 ], [ -1298896.640799997374415, -1109153.089999997522682 ], [ -1298875.035799995064735, -1109156.220400002086535 ], [ -1298854.6885, -1109158.244099999079481 ], [ -1298829.5687, -1109162.86020000022836 ], [ -1298767.457700000144541, -1109173.372499996330589 ], [ -1298748.050099995918572, -1109176.642900003120303 ], [ -1298730.069900000467896, -1109179.746300000231713 ], [ -1298710.8847999968566, -1109182.490800001658499 ], [ -1298692.488299999851733, -1109184.996000002138317 ], [ -1298674.99549999483861, -1109186.808899995405227 ], [ -1298658.632000000448897, -1109188.163500003051013 ], [ -1298639.189199994551018, -1109188.856699998490512 ], [ -1298629.379000000888482, -1109189.02119999867864 ], [ -1298620.497299990849569, -1109188.849499997450039 ], [ -1298611.148599998326972, -1109188.595500000519678 ], [ -1298602.342400001827627, -1109188.171200000680983 ], [ -1298593.976399997016415, -1109187.429999995511025 ], [ -1298586.203899997286499, -1109186.2802 ], [ -1298577.636799999047071, -1109185.181700000306591 ], [ -1298569.248599996557459, -1109183.869900000514463 ], [ -1298561.032899999059737, -1109182.343899992061779 ], [ -1298552.828100001439452, -1109180.421599997906014 ], [ -1298544.940699998289347, -1109178.463700003456324 ], [ -1298537.540199996205047, -1109176.327899992931634 ], [ -1298529.963999993400648, -1109173.93379999930039 ], [ -1298522.537799997720867, -1109171.320000001462176 ], [ -1298509.060899997595698, -1109165.279099999228492 ], [ -1298493.953499995870516, -1109158.495700004743412 ], [ -1298479.365600002231076, -1109150.570400001714006 ], [ -1298463.727499998640269, -1109141.66450000111945 ], [ -1298442.25480000115931, -1109133.467100000474602 ], [ -1298423.739199999021366, -1109122.078200004063547 ], [ -1298405.679799998644739, -1109109.385999995749444 ], [ -1298348.169499997980893, -1109075.236599996685982 ], [ -1298332.506599996006116, -1109064.358300001826137 ], [ -1298318.052799997152761, -1109055.095700001344085 ], [ -1298301.807499999180436, -1109044.649599999655038 ], [ -1298284.876199999824166, -1109035.544100002385676 ], [ -1298270.250900002429262, -1109027.952300001867115 ], [ -1298262.597100002458319, -1109024.511800001375377 ], [ -1298256.5713000013493, -1109019.839799997396767 ], [ -1298230.382899996824563, -1109015.194199999561533 ], [ -1298210.234999995911494, -1109007.552599999587983 ], [ -1298191.004099998623133, -1109000.323000001488253 ], [ -1298170.996399996103719, -1108993.355199995916337 ], [ -1298151.611800000304356, -1108986.427700002212077 ], [ -1298131.660099998582155, -1108979.970199997536838 ], [ -1298111.713899999158457, -1108974.070400001946837 ], [ -1298092.496699998155236, -1108968.243599996669218 ], [ -1298073.680799995316193, -1108961.546300001209602 ], [ -1298049.740799997700378, -1108961.669600001303479 ], [ -1298028.419499998446554, -1108956.481700003147125 ], [ -1298025.142000002088025, -1108955.732066008727998 ], [ -1298009.886900000274181, -1108952.242899999022484 ], [ -1297985.394699995405972, -1108953.265700002899393 ], [ -1297967.281199995661154, -1108950.837900003883988 ], [ -1297949.091200002934784, -1108948.09840000141412 ], [ -1297930.564499998698011, -1108945.768600000767037 ], [ -1297908.059600000735372, -1108948.726099994732067 ], [ -1297890.358800001908094, -1108947.698599999304861 ], [ -1297873.442000002833083, -1108946.627000002423301 ], [ -1297851.018499998608604, -1108950.552800002507865 ], [ -1297834.939499997533858, -1108950.570099999196827 ], [ -1297818.4901, -1108951.193899998208508 ], [ -1297802.85919999750331, -1108951.774600002216175 ], [ -1297786.964999999618158, -1108952.763199997600168 ], [ -1297766.210400000913069, -1108958.753300000680611 ], [ -1297753.575999997323379, -1108962.105999996419996 ], [ -1297739.344699999084696, -1108964.334199991542846 ], [ -1297724.871499999426305, -1108966.967800002312288 ], [ -1297705.552000000374392, -1108974.600399997550994 ], [ -1297691.814000000245869, -1108978.052200003061444 ], [ -1297679.380800001323223, -1108982.641100000590086 ], [ -1297666.995299997972324, -1108986.912499998696148 ], [ -1297659.88630000106059, -1108989.517199993599206 ], [ -1297651.369399994378909, -1108994.317699999315664 ], [ -1297639.059799995971844, -1109001.997699995990843 ], [ -1297631.962399997981265, -1109005.333199993008748 ], [ -1297624.861499997321516, -1109008.915600004140288 ], [ -1297619.78669999865815, -1109012.458199993008748 ], [ -1297612.663399997632951, -1109016.542200000723824 ], [ -1297608.539900002302602, -1109021.198399997549132 ], [ -1297603.942899994784966, -1109026.132899993099272 ], [ -1297596.753199996659532, -1109030.987099999561906 ], [ -1297582.24570000381209, -1109041.505000002449378 ], [ -1297567.313199998578057, -1109053.905299999751151 ], [ -1297556.250499999150634, -1109065.091500001959503 ], [ -1297545.652399997925386, -1109075.679299991112202 ], [ -1297536.034299999475479, -1109088.047799998428673 ], [ -1297525.125100002856925, -1109101.768999998224899 ], [ -1297514.258099999278784, -1109115.371499998494983 ], [ -1297502.093999998643994, -1109128.932099999394268 ], [ -1297493.402499996125698, -1109143.344800002640113 ], [ -1297452.4006, -1109195.446699997177348 ], [ -1297436.765099997166544, -1109215.973099997267127 ], [ -1297422.143899996997789, -1109235.248899993253872 ], [ -1297404.59160000202246, -1109253.74519999907352 ], [ -1297399.774899997515604, -1109263.161600003018975 ], [ -1297390.703499997034669, -1109272.434799995739013 ], [ -1297382.172600000398234, -1109281.107700001215562 ], [ -1297373.071400002576411, -1109289.227700000628829 ], [ -1297366.040100001264364, -1109297.325699998065829 ], [ -1297357.174199998611584, -1109304.63519999361597 ], [ -1297348.396899997722358, -1109311.563499998068437 ], [ -1297343.059799996437505, -1109318.108100001467392 ], [ -1297330.711999997496605, -1109328.976699999300763 ], [ -1297315.46629999903962, -1109339.328299998305738 ], [ -1297300.4791999978479, -1109350.412799996789545 ], [ -1297286.074999995995313, -1109360.561499998904765 ], [ -1297269.358399994904175, -1109370.743100002640858 ], [ -1297254.311, -1109380.898600000422448 ], [ -1297235.630399994552135, -1109391.686600001528859 ], [ -1297216.130000000353903, -1109402.195000003091991 ], [ -1297201.79909999622032, -1109410.255700001725927 ], [ -1297185.215799999656156, -1109418.950599995441735 ], [ -1297166.490400000242516, -1109428.484099997906014 ], [ -1297148.440200000302866, -1109438.305300002684817 ], [ -1297113.295099996030331, -1109455.260899997316301 ], [ -1297027.384800000116229, -1109497.111900003161281 ], [ -1297003.962999996729195, -1109508.386700000148267 ], [ -1296981.155199997127056, -1109519.366999999154359 ], [ -1296960.597499996656552, -1109531.087699999334291 ], [ -1296938.612199997995049, -1109542.648400001926348 ], [ -1296917.746299996506423, -1109554.393900000490248 ], [ -1296898.576200003037229, -1109564.985400001751259 ], [ -1296878.446100002387539, -1109578.246100000338629 ], [ -1296859.388800001237541, -1109590.819300001487136 ], [ -1296839.722399997059256, -1109604.004400002304465 ], [ -1296823.0178, -1109617.34779999521561 ], [ -1296807.006699999328703, -1109630.91240000189282 ], [ -1296789.732899999246001, -1109644.653299996629357 ], [ -1296783.110500002512708, -1109651.020700003486127 ], [ -1296775.004999996628612, -1109658.09619999746792 ], [ -1296768.66319999890402, -1109665.495600002119318 ], [ -1296760.964599998202175, -1109672.751100003253669 ], [ -1296756.470300000859424, -1109678.998799996916205 ], [ -1296751.377999996067956, -1109685.051599998725578 ], [ -1296745.862799996510148, -1109692.109800003003329 ], [ -1296739.876899995142594, -1109699.36779999313876 ], [ -1296734.668000001693144, -1109706.665399996330962 ], [ -1296729.579100001603365, -1109714.589899995597079 ], [ -1296723.520499997073784, -1109723.247799997683614 ], [ -1296717.374299997230992, -1109732.460099995369092 ], [ -1296711.519299995619804, -1109749.584900001995265 ], [ -1296701.101799995871261, -1109768.557699998607859 ], [ -1296691.6494, -1109788.244600001489744 ], [ -1296666.047099996823817, -1109838.142799998866394 ], [ -1296657.842599999625236, -1109852.489399991929531 ], [ -1296651.512499998789281, -1109864.515699999174103 ], [ -1296644.810600002994761, -1109878.557999999029562 ], [ -1296638.274599998956546, -1109890.944600000279024 ], [ -1296631.245700002415106, -1109902.722600001841784 ], [ -1296623.301500001456589, -1109913.243200003402308 ], [ -1296614.693300001090392, -1109924.416700002271682 ], [ -1296609.806599998613819, -1109929.852599998703226 ], [ -1296604.9046999970451, -1109934.992100002476946 ], [ -1296599.978500000201166, -1109939.844799992162734 ], [ -1296595.022999995620921, -1109944.415600002743304 ], [ -1296590.032000002684072, -1109948.710000002291054 ], [ -1296585.739399999845773, -1109952.397799995029345 ], [ -1296582.54729999625124, -1109956.318799992091954 ], [ -1296578.38160000089556, -1109959.973500001244247 ], [ -1296573.753199995029718, -1109963.3788 ], [ -1296568.969399998662993, -1109966.472600004868582 ], [ -1296563.661199999740347, -1109969.185099992901087 ], [ -1296558.288600003346801, -1109971.640599998645484 ], [ -1296552.84859999618493, -1109973.840499999467283 ], [ -1296547.338599998038262, -1109975.785800002049655 ], [ -1296537.321199994068593, -1109978.503899997333065 ], [ -1296525.475399997085333, -1109981.436499994946644 ], [ -1296515.866700001992285, -1109984.265500000910833 ], [ -1296503.852899995399639, -1109986.632800003280863 ], [ -1296490.302699997555465, -1109988.257200001738966 ], [ -1296476.32520000054501, -1109989.424699992639944 ], [ -1296462.002900002757087, -1109990.128299998119473 ], [ -1296450.189899995690212, -1109990.930799996713176 ], [ -1296435.387999996077269, -1109990.693299999460578 ], [ -1296420.543799998704344, -1109989.982299997238442 ], [ -1296405.770999997155741, -1109988.803399996599182 ], [ -1296392.519100000616163, -1109987.38229999365285 ], [ -1296378.682699996978045, -1109985.392300001811236 ], [ -1296364.825500000733882, -1109982.880699997302145 ], [ -1296351.498500002780929, -1109979.960299999685958 ], [ -1296338.890700001269579, -1109977.413199999835342 ], [ -1296330.364699998637661, -1109974.480500004254282 ], [ -1296322.240899995900691, -1109970.854500001529232 ], [ -1296313.260999998776242, -1109966.240499997977167 ], [ -1296304.411899996455759, -1109960.828099992824718 ], [ -1296295.679899999639019, -1109954.61030000122264 ], [ -1296286.69819999858737, -1109947.953699995996431 ], [ -1296278.106600002618507, -1109940.0572999950964 ], [ -1296269.532100000651553, -1109931.274499998660758 ], [ -1296262.780600001337007, -1109921.960600002203137 ], [ -1296252.928399996599182, -1109912.246099999872968 ], [ -1296244.142200002446771, -1109900.551300002727658 ], [ -1296234.711800001794472, -1109887.9762 ], [ -1296226.053500001085922, -1109874.924599999561906 ], [ -1296216.635399998165667, -1109860.085799992550164 ], [ -1296181.582699998747557, -1109803.691099999472499 ], [ -1296166.529200000455603, -1109780.445400001714006 ], [ -1296157.794700000667945, -1109768.230800002347678 ], [ -1296148.199899997795001, -1109757.347900000400841 ], [ -1296140.406899999128655, -1109746.874399999622256 ], [ -1296134.059200000949204, -1109738.142100002150983 ], [ -1296123.822899996768683, -1109727.465999991400167 ], [ -1296114.39209999749437, -1109717.582199999364093 ], [ -1296104.602999997092411, -1109709.121600001119077 ], [ -1296098.276, -1109705.6158999921754 ], [ -1296093.503099996363744, -1109701.809299995191395 ], [ -1296088.696100002620369, -1109698.23779999720864 ], [ -1296083.858399995835498, -1109694.904199995100498 ], [ -1296078.986200000392273, -1109691.805999999633059 ], [ -1296074.076099997851998, -1109688.941000001505017 ], [ -1296070.456499999389052, -1109686.523699996760115 ], [ -1296065.902399997925386, -1109684.212899998761714 ], [ -1296059.624699997249991, -1109682.934699999401346 ], [ -1296054.534000000217929, -1109680.987399997189641 ], [ -1296037.147599996998906, -1109674.991400000406429 ], [ -1296019.942800001939759, -1109669.530499995918944 ], [ -1296004.403199999826029, -1109664.868900001747534 ], [ -1295987.069099999032915, -1109660.828499999130145 ], [ -1295971.137300001457334, -1109657.190700001781806 ], [ -1295955.406799999764189, -1109654.576300002867356 ], [ -1295941.35239999787882, -1109652.324900003615767 ], [ -1295926.371700000716373, -1109650.852700000628829 ], [ -1295912.840000002179295, -1109649.789899998810142 ], [ -1295899.943400000687689, -1109649.370999996550381 ], [ -1295887.696599999209866, -1109649.596600001212209 ], [ -1295876.878599998075515, -1109650.576400001300499 ], [ -1295865.205299999332055, -1109652.332399998325855 ], [ -1295854.96949999849312, -1109654.487400000682101 ], [ -1295850.107799997320399, -1109655.805400001583621 ], [ -1295845.752200002083555, -1109656.894199997419491 ], [ -1295841.234700000379235, -1109658.531999998260289 ], [ -1295836.89009999576956, -1109660.329300000332296 ], [ -1295832.148400001460686, -1109662.55100000044331 ], [ -1295827.385899994056672, -1109665.044199996860698 ], [ -1295822.6066, -1109667.807000001426786 ], [ -1295817.814599995967001, -1109670.836899998132139 ], [ -1295813.013900001300499, -1109674.131399997742847 ], [ -1295809.541700002038851, -1109677.903499999083579 ], [ -1295802.16079999669455, -1109681.490000000456348 ], [ -1295797.277799999574199, -1109684.795899996068329 ], [ -1295787.721099999500439, -1109693.67750000115484 ], [ -1295778.269400002900511, -1109703.504200001480058 ], [ -1295770.556199997197837, -1109713.671999997226521 ], [ -1295761.830599997658283, -1109724.803499998757616 ], [ -1295752.955299998400733, -1109737.211899992311373 ], [ -1295745.71589999855496, -1109749.698300002142787 ], [ -1295736.230199995916337, -1109763.200500003993511 ], [ -1295729.115899999625981, -1109776.327100001042709 ], [ -1295722.324400002369657, -1109790.376799997873604 ], [ -1295718.367700000526384, -1109803.526800001971424 ], [ -1295713.134400000330061, -1109817.399099999573082 ], [ -1295708.785399998072535, -1109830.916500000748783 ], [ -1295705.736599996918812, -1109841.822299999417737 ], [ -1295702.983999999240041, -1109853.729699997697026 ], [ -1295702.693599998252466, -1109865.110199997201562 ], [ -1295700.706899999640882, -1109877.611299996264279 ], [ -1295699.143599998904392, -1109890.163200001697987 ], [ -1295698.051499996334314, -1109902.187299999874085 ], [ -1295697.37159999855794, -1109914.49769999505952 ], [ -1295699.238400002010167, -1109925.624799998942763 ], [ -1295699.459399999585003, -1109937.123599999584258 ], [ -1295700.121300001395866, -1109948.1879 ], [ -1295701.254800000227988, -1109958.287700004409999 ], [ -1295702.785299997311085, -1109968.310400001239032 ], [ -1295704.739299997454509, -1109977.737599999876693 ], [ -1295709.205200002528727, -1109985.645500001730397 ], [ -1295711.987199998693541, -1109993.806600003270432 ], [ -1295715.1721000012476, -1110001.299099998315796 ], [ -1295718.021899999817833, -1110006.541200000559911 ], [ -1295721.5211, -1110011.049800002016127 ], [ -1295725.605899997986853, -1110015.769999997923151 ], [ -1295730.320099995238706, -1110020.243799996329471 ], [ -1295735.669999997597188, -1110024.478399991989136 ], [ -1295744.216199998278171, -1110028.575800002086908 ], [ -1295750.899399999063462, -1110032.380700000328943 ], [ -1295756.401600001612678, -1110035.86230000294745 ], [ -1295766.20799999893643, -1110038.237799999536946 ], [ -1295774.656600000103936, -1110041.386800001142547 ], [ -1295783.918499994557351, -1110044.438300001202151 ], [ -1295794.144899999024346, -1110047.442099992185831 ], [ -1295804.220499999355525, -1110050.124599993927404 ], [ -1295817.121199997840449, -1110052.950100004440174 ], [ -1295859.853399997577071, -1110062.750999999465421 ], [ -1295878.427799997152761, -1110066.875799995381385 ], [ -1295885.906700000632554, -1110069.240399999078363 ], [ -1295894.47359999618493, -1110071.250699993921444 ], [ -1295902.33399999840185, -1110073.757399997441098 ], [ -1295909.604099997552112, -1110076.318700003437698 ], [ -1295917.963799996301532, -1110079.633900004206225 ], [ -1295925.569600000511855, -1110083.098099998664111 ], [ -1295932.475199996959418, -1110086.735900002764538 ], [ -1295938.713399996282533, -1110090.564599999692291 ], [ -1295943.255800001090392, -1110094.540400001918897 ], [ -1295949.498399998061359, -1110097.833099997602403 ], [ -1295953.864100002683699, -1110102.32629999727942 ], [ -1295957.626999996835366, -1110107.061099997954443 ], [ -1295961.021299998043105, -1110112.11720000137575 ], [ -1295964.196499996585771, -1110117.456900003366172 ], [ -1295967.911199998809025, -1110122.890000003157184 ], [ -1295970.648400001227856, -1110128.796500003430992 ], [ -1295973.201199999079108, -1110134.518299998482689 ], [ -1295975.500199995934963, -1110140.991599997039884 ], [ -1295977.580099996645004, -1110147.7482 ], [ -1295979.44079999672249, -1110154.788099993951619 ], [ -1295983.176399996271357, -1110161.210399997187778 ], [ -1295984.598999995505437, -1110168.816399997333065 ], [ -1295985.802499998593703, -1110176.706100000301376 ], [ -1295987.545599996810779, -1110184.689699997892603 ], [ -1295988.346099995775148, -1110192.679300000891089 ], [ -1295988.777981268009171, -1110199.583161829272285 ], [ -1295988.892999996664003, -1110201.421799998730421 ], [ -1295989.221199999796227, -1110210.44979999656789 ], [ -1295991.424600003287196, -1110218.863899995340034 ], [ -1295991.317099997075275, -1110228.384100000374019 ], [ -1295990.994399996008724, -1110238.188700000755489 ], [ -1295990.496899996185675, -1110258.001300001749769 ], [ -1295988.83269999595359, -1110279.318600001977757 ], [ -1295986.571800002129748, -1110301.980900003807619 ], [ -1295982.743900002446026, -1110325.46500000054948 ], [ -1295978.480600000359118, -1110350.526199999032542 ], [ -1295973.596100000198931, -1110376.895300002768636 ], [ -1295967.247400002088398, -1110406.360700000543147 ], [ -1295963.151900000404567, -1110425.829800001112744 ], [ -1295957.817099999403581, -1110445.119799996726215 ], [ -1295952.701000002678484, -1110464.522800000617281 ], [ -1295947.657700000330806, -1110483.867600001394749 ], [ -1295942.368099998682737, -1110502.570099997334182 ], [ -1295937.049399998737499, -1110520.924099993659183 ], [ -1295930.436300000641495, -1110539.328300002031028 ], [ -1295924.22210000269115, -1110556.410900001879781 ], [ -1295920.317486191401258, -1110567.38439661054872 ], [ -1295918.157999996095896, -1110573.453399999067187 ], [ -1295911.294799995375797, -1110589.642100001918152 ], [ -1295904.734099997440353, -1110605.344099999638274 ], [ -1295897.29649999900721, -1110620.083900001831353 ], [ -1295891.165300002554432, -1110634.1586 ], [ -1295884.717399997171015, -1110648.02770000230521 ], [ -1295877.677699998952448, -1110661.00269999820739 ], [ -1295869.7934, -1110672.954799999250099 ], [ -1295862.865299998316914, -1110684.436199998483062 ], [ -1295855.207899997709319, -1110694.952700003050268 ], [ -1295847.247000001138076, -1110705.138299998827279 ], [ -1295839.2072, -1110714.600300000514835 ], [ -1295832.029700001701713, -1110723.073899996001273 ], [ -1295823.839899993734434, -1110730.983600001549348 ], [ -1295814.457399997860193, -1110738.069799999473616 ], [ -1295808.730199998477474, -1110744.502199998358265 ], [ -1295800.352499997010455, -1110750.288800003239885 ], [ -1295790.056100001791492, -1110754.784600003389642 ], [ -1295781.561299994820729, -1110759.087700000498444 ], [ -1295773.01129999756813, -1110762.64729999913834 ], [ -1295764.676299999235198, -1110765.411999998614192 ], [ -1295754.889199998229742, -1110767.210099997930229 ], [ -1295747.91679999907501, -1110768.607000003568828 ], [ -1295739.166000002296641, -1110769.185700001195073 ], [ -1295731.494899998884648, -1110769.160300001502037 ], [ -1295723.380199998850003, -1110768.735099999699742 ], [ -1295714.845499998889863, -1110767.911299998406321 ], [ -1295706.187700001522899, -1110766.64139999798499 ], [ -1295696.892199999652803, -1110764.937399995978922 ], [ -1295687.885099998908117, -1110762.832500000717118 ], [ -1295678.003199994796887, -1110760.459799994016066 ], [ -1295667.903399997390807, -1110757.724599991226569 ], [ -1295657.546000002184883, -1110754.611900002462789 ], [ -1295649.226399999111891, -1110751.667299994034693 ], [ -1295638.764699999708682, -1110747.826099996455014 ], [ -1295628.985799999674782, -1110743.694600002840161 ], [ -1295617.903200002619997, -1110739.596700002904981 ], [ -1295607.946499997982755, -1110735.131399998907 ], [ -1295598.352599996840581, -1110730.511200000997633 ], [ -1295589.218499997630715, -1110725.782699999399483 ], [ -1295585.341600002255291, -1110723.37389999628067 ], [ -1295581.228799996897578, -1110720.769099996658042 ], [ -1295576.684599995147437, -1110718.217200000537559 ], [ -1295572.628699999302626, -1110715.026299999561161 ], [ -1295569.208399997092783, -1110711.571299992268905 ], [ -1295565.214400002965704, -1110707.975000002654269 ], [ -1295557.306400003144518, -1110700.030899999430403 ], [ -1295551.359700002707541, -1110691.631300000939518 ], [ -1295542.778900001430884, -1110681.826600002590567 ], [ -1295535.129400001140311, -1110670.810200000181794 ], [ -1295525.041200002189726, -1110659.368500004755333 ], [ -1295516.592199995880947, -1110645.715799999656156 ], [ -1295510.444100001361221, -1110630.9083 ], [ -1295502.111599999014288, -1110614.28690000064671 ], [ -1295490.909599996404722, -1110596.915399996098131 ], [ -1295489.489680350059643, -1110593.570131534012035 ], [ -1295483.415699996287003, -1110579.260099997278303 ], [ -1295476.396099998382851, -1110560.172900000819936 ], [ -1295449.681299998657778, -1110497.662700000219047 ], [ -1295444.747459043748677, -1110489.618246938800439 ], [ -1295437.217000002041459, -1110477.340099998982623 ], [ -1295430.306000001262873, -1110457.155299997655675 ], [ -1295428.227000002283603, -1110449.196700001368299 ], [ -1295424.46339999535121, -1110441.590000002179295 ], [ -1295419.60869999951683, -1110432.645100003806874 ], [ -1295412.445000002160668, -1110425.715700001921505 ], [ -1295407.436999999219552, -1110419.726899999193847 ], [ -1295402.987500002607703, -1110414.680300003616139 ], [ -1295400.785099999047816, -1110412.608100000536069 ], [ -1295398.596600000979379, -1110410.836499998578802 ], [ -1295396.419100000523031, -1110409.363300002878532 ], [ -1295394.250299997394904, -1110408.18680000025779 ], [ -1295392.0875, -1110407.305500001879409 ], [ -1295389.928700001211837, -1110406.718899997184053 ], [ -1295387.772099998081103, -1110406.426299993880093 ], [ -1295385.615699997637421, -1110406.427600000984967 ], [ -1295383.353799997130409, -1110406.639600000809878 ], [ -1295381.139899999601766, -1110407.237799997441471 ], [ -1295378.968299999833107, -1110408.130799999460578 ], [ -1295375.708400000585243, -1110409.139100003289059 ], [ -1295373.616600000532344, -1110410.623899997910485 ], [ -1295373.29280000180006, -1110412.478599992347881 ], [ -1295371.273600000189617, -1110414.560199999017641 ], [ -1295369.287699998589233, -1110416.943000001134351 ], [ -1295365.875400001183152, -1110422.314299997407943 ], [ -1295364.59499999973923, -1110428.577399999834597 ], [ -1295359.174299995880574, -1110436.688199998578057 ], [ -1295355.547799996798858, -1110446.215499999700114 ], [ -1295352.510099997743964, -1110455.353700002655387 ], [ -1295347.603799998294562, -1110465.037300003226846 ], [ -1295345.35385426832363, -1110473.365208474453539 ], [ -1295344.51390000176616, -1110476.474200002383441 ], [ -1295344.277299999492243, -1110488.370700000785291 ], [ -1295336.887500000884756, -1110516.058400000212714 ], [ -1295324.432999999495223, -1110583.689499993575737 ], [ -1295320.31769999791868, -1110614.862500000977889 ], [ -1295317.766500001074746, -1110631.622799998149276 ], [ -1295314.014800000470132, -1110646.798700001556426 ], [ -1295311.780799995642155, -1110661.208900002064183 ], [ -1295311.644999995129183, -1110674.442999998573214 ], [ -1295307.800299995113164, -1110689.626599999377504 ], [ -1295303.047499998472631, -1110703.348499991698191 ], [ -1295297.576599996304139, -1110716.644799997098744 ], [ -1295294.048299998044968, -1110728.638500003609806 ], [ -1295288.634599999291822, -1110739.968600002350286 ], [ -1295284.032399997115135, -1110750.177500000456348 ], [ -1295278.445500000845641, -1110759.11049999948591 ], [ -1295272.591599996900186, -1110767.587799993343651 ], [ -1295266.865099996794015, -1110774.93590000201948 ], [ -1295262.544299997622147, -1110781.773999996948987 ], [ -1295259.741099996725097, -1110789.042399997124448 ], [ -1295252.701699999161065, -1110796.195800002897158 ], [ -1295246.192899998510256, -1110803.1172 ], [ -1295237.818900002166629, -1110810.262899994617328 ], [ -1295229.508199999108911, -1110816.820999991614372 ], [ -1295220.443300000624731, -1110823.984400001820177 ], [ -1295211.44080000044778, -1110830.72100000269711 ], [ -1295201.817899998975918, -1110837.548500005388632 ], [ -1295196.868700000457466, -1110844.516100001521409 ], [ -1295185.5489, -1110852.007400000933558 ], [ -1295162.959000000962988, -1110866.551700002979487 ], [ -1295121.44379999791272, -1110893.75810000160709 ], [ -1295101.026099999668077, -1110904.580699996091425 ], [ -1295081.679399997228757, -1110916.764199997764081 ], [ -1295064.99720000079833, -1110927.517099995166063 ], [ -1295056.577900000382215, -1110934.38709999830462 ], [ -1295049.352000000886619, -1110940.536199999507517 ], [ -1295042.197499997448176, -1110947.151299997232854 ], [ -1295034.408499998040497, -1110953.834700000472367 ], [ -1295024.05329999839887, -1110959.520000000251457 ], [ -1295017.185199996689335, -1110966.213199998717755 ], [ -1295010.045999997295439, -1110972.50040000048466 ], [ -1295004.033599998569116, -1110979.268099999055266 ], [ -1294996.984600001713261, -1110989.635700001381338 ], [ -1294990.390899997903034, -1111000.037199998041615 ], [ -1294983.808400000911206, -1111011.358900000108406 ], [ -1294973.787099995883182, -1111022.400199998868629 ], [ -1294967.027299997629598, -1111034.611799998674542 ], [ -1294961.1098, -1111046.747800000943244 ], [ -1294956.921100002946332, -1111059.129199993796647 ], [ -1294952.723100000526756, -1111072.468199995812029 ], [ -1294944.365100000519305, -1111085.115700001129881 ], [ -1294941.61120000272058, -1111099.116599998204038 ], [ -1294937.652899999637157, -1111113.873500001151115 ], [ -1294936.910300003131852, -1111128.35130000137724 ], [ -1294934.181399999419227, -1111143.4971 ], [ -1294931.825899998424575, -1111159.663899991894141 ], [ -1294929.644199996255338, -1111176.424699992407113 ], [ -1294929.320999998599291, -1111193.664199999533594 ], [ -1294928.48599999723956, -1111208.602599998936057 ], [ -1294927.903999999631196, -1111224.531299999216571 ], [ -1294928.802099998341873, -1111240.944200001657009 ], [ -1294928.593499996699393, -1111258.000100001227111 ], [ -1294929.03429999621585, -1111275.072099995333701 ], [ -1294929.723700002068654, -1111293.323299997486174 ], [ -1294931.892799999099225, -1111312.293599997879937 ], [ -1294933.292699997313321, -1111331.647799995262176 ], [ -1294937.596599998185411, -1111368.212499999441206 ], [ -1294943.227099999552593, -1111408.758500001393259 ], [ -1294946.451699999161065, -1111449.551900000544265 ], [ -1294964.804899998474866, -1111561.234900000505149 ], [ -1294970.058400003472343, -1111594.225799993146211 ], [ -1294975.886999998940155, -1111624.274899994023144 ], [ -1294978.355299999006093, -1111657.682800001231954 ], [ -1294983.081800000742078, -1111689.139899996574968 ], [ -1294984.016599997412413, -1111718.308399998117238 ], [ -1294987.702100003603846, -1111746.234399998793378 ], [ -1294987.458300000289455, -1111762.90929999621585 ], [ -1294986.924599999329075, -1111778.587599993450567 ], [ -1294987.845899995649233, -1111794.125600001076236 ], [ -1294988.51320000179112, -1111809.53170000272803 ], [ -1294987.591699996031821, -1111824.386000002734363 ], [ -1294987.245600001420826, -1111838.566599999321625 ], [ -1294987.023999995784834, -1111852.644100000848994 ], [ -1294986.541100000962615, -1111866.660700000589713 ], [ -1294984.005800002720207, -1111880.379099996993318 ], [ -1294982.490099999355152, -1111893.297799998195842 ], [ -1294979.362700000870973, -1111906.419499994255602 ], [ -1294977.663800002308562, -1111918.99540000082925 ], [ -1294975.692400000756606, -1111931.559300003573298 ], [ -1294971.661400001496077, -1111943.848200000356883 ], [ -1294968.640099997399375, -1111955.375700000673532 ], [ -1294963.996899997582659, -1111967.140299999620765 ], [ -1294959.626400003675371, -1111980.001200003083795 ], [ -1295118.172539226477966, -1111912.867465794319287 ], [ -1295544.326753314118832, -1111732.41952880914323 ], [ -1295994.903071328997612, -1111541.630456799408421 ], [ -1295995.825664543546736, -1111541.239799996605143 ], [ -1296031.349199997726828, -1111526.197947832522914 ], [ -1296227.48018229031004, -1111443.149534926051274 ], [ -1296533.330640418687835, -1111313.642228951910511 ], [ -1296541.977430881466717, -1111309.980888882651925 ], [ -1296787.263900000136346, -1111206.118400000501424 ], [ -1297024.093953285831958, -1111017.101263652322814 ], [ -1297180.541589245432988, -1110892.238376843277365 ], [ -1297870.562217058148235, -1110341.523966741515324 ], [ -1298045.100499999243766, -1110202.222700003301725 ], [ -1298609.739670723676682, -1110204.373698842944577 ], [ -1298809.576190826715901, -1110205.134978161659092 ], [ -1299101.077045595739037, -1110206.245453723939136 ], [ -1299789.1637161988765, -1110208.866727111395448 ], [ -1300533.294200001517311, -1110211.701499991584569 ], [ -1300713.283439717022702, -1110243.34488082351163 ], [ -1302646.878105162410066, -1110583.284493167186156 ], [ -1302697.496700002113357, -1110592.183600001502782 ], [ -1302801.514004989061505, -1110564.477431662147865 ], [ -1304525.256157033145428, -1110105.339500325033441 ], [ -1305318.919509806903079, -1109893.938421836588532 ], [ -1305574.706900000106543, -1109825.806599998380989 ], [ -1308855.546799995936453, -1108344.136999995913357 ], [ -1309392.364295437932014, -1108188.537708054995164 ], [ -1310681.175500000827014, -1107814.969199992483482 ], [ -1312693.923953763674945, -1106523.772075083572417 ], [ -1312768.191100002732128, -1106476.129000002052635 ], [ -1312698.202749098883942, -1106210.675273241242394 ], [ -1312252.813505990197882, -1104521.390800712630153 ], [ -1312242.220299996901304, -1104481.212599998805672 ], [ -1313771.356881905114278, -1103382.145586244296283 ], [ -1314493.571199997095391, -1102863.054000003961846 ], [ -1314457.211654086131603, -1102741.003992588026449 ], [ -1314356.956098783528432, -1102404.470876980572939 ], [ -1314225.71039114985615, -1101963.911480891052634 ], [ -1313780.165999997640029, -1100468.329100005095825 ], [ -1313779.893100003013387, -1100474.368900002911687 ], [ -1313778.899399997200817, -1100480.755200000712648 ], [ -1313777.448199996491894, -1100488.056900000898167 ], [ -1313775.141199994599447, -1100495.463400001637638 ], [ -1313772.10239999787882, -1100503.265399998053908 ], [ -1313768.175500000128523, -1100511.237299998989329 ], [ -1313763.478599999798462, -1100519.693199992412701 ], [ -1313758.050499998731539, -1100528.835299996426329 ], [ -1313753.10069999913685, -1100536.648199999239296 ], [ -1313747.480399998137727, -1100544.79029999836348 ], [ -1313734.55720000131987, -1100563.75769999739714 ], [ -1313720.720300001092255, -1100582.280299997888505 ], [ -1313682.51639999775216, -1100632.6850999975577 ], [ -1313671.522299997741356, -1100647.522599997231737 ], [ -1313661.890799996908754, -1100660.604000001680106 ], [ -1313651.931400000117719, -1100674.884999994654208 ], [ -1313643.594599998323247, -1100688.71389999683015 ], [ -1313636.631399999838322, -1100702.035099998582155 ], [ -1313630.449499995214865, -1100714.028299994999543 ], [ -1313620.987599998246878, -1100733.834199998294935 ], [ -1313612.137200002325699, -1100754.835299999220297 ], [ -1313603.624600002076477, -1100776.517299997620285 ], [ -1313595.207099998602644, -1100798.522899999050424 ], [ -1313587.503799999598414, -1100822.105500004254282 ], [ -1313579.558699996676296, -1100845.586300001014024 ], [ -1313571.844700000714511, -1100869.997699999716133 ], [ -1313564.747699994361028, -1100896.264300002949312 ], [ -1313557.962300000712276, -1100921.166099997935817 ], [ -1313551.671899996930733, -1100948.09370000124909 ], [ -1313545.119199997279793, -1100975.981699996860698 ], [ -1313538.243999999249354, -1101005.379900000290945 ], [ -1313532.486499999416992, -1101034.727699995972216 ], [ -1313525.678099997108802, -1101066.332899996545166 ], [ -1313503.812300002202392, -1101179.938499991549179 ], [ -1313497.302699997555465, -1101215.514299993170425 ], [ -1313490.589600001694635, -1101250.102799999527633 ], [ -1313484.672600000631064, -1101285.525699992896989 ], [ -1313478.697500000940636, -1101320.23189999233 ], [ -1313473.603099998552352, -1101355.901500003878027 ], [ -1313468.449400002136827, -1101390.870099997147918 ], [ -1313464.147299998207018, -1101426.765699998475611 ], [ -1313459.647899997187778, -1101461.707599998451769 ], [ -1313456.083699998212978, -1101497.720899992855266 ], [ -1313452.891799997538328, -1101533.786800003843382 ], [ -1313449.499299999792129, -1101568.905599999707192 ], [ -1313447.048199998680502, -1101605.083400001050904 ], [ -1313444.393699997337535, -1101640.320000001695007 ], [ -1313442.767999998526648, -1101676.733199996175244 ], [ -1313440.8513999953866, -1101712.087699999334291 ], [ -1313439.729200001806021, -1101748.238199999323115 ], [ -1313438.550500003853813, -1101783.710500000510365 ], [ -1313438.166299999691546, -1101819.979000000981614 ], [ -1313438.154300002381206, -1101856.29949999647215 ], [ -1313438.215099999448285, -1101892.174899999517947 ], [ -1313439.073899999726564, -1101928.839499996742234 ], [ -1313439.739899998763576, -1101964.606400000629947 ], [ -1313441.339499998604879, -1102001.382399991853163 ], [ -1313442.420799999497831, -1102029.019800001755357 ], [ -1311204.791700000641868, -1103664.453999993624166 ], [ -1311026.085700003430247, -1105046.712799997301772 ], [ -1311265.095738387899473, -1105254.88576498022303 ] ] ] } },
{ "type": "Feature", "properties": { "ID": 908, "YEAR": "2013-2014", "Perimtr_KM": 37.779126409, "AREA_KM": 56.2368566018, "SCALE": 2, "THICKNES_M": 295.337507, "VOLUME_KM": 16.608853030300001, "MASS_GT": 15.2303182288, "RECURRANCE": "3-4", "UA_KM": 0.18889563205000001, "UH_M": 24.513012960099999, "UC_KM": 1.2708133262900001, "REGION": "West", "ICESHELF": "Getz" }, "geometry": { "type": "Polygon", "coordinates": [ [ [ -1324276.207133938325569, -1078753.63454178115353 ], [ -1324254.385600002715364, -1078768.071700000669807 ], [ -1324223.1903, -1078785.186200002208352 ], [ -1324192.243599996436387, -1078802.950899995164946 ], [ -1324159.173000002279878, -1078819.262499992735684 ], [ -1324126.043100000359118, -1078835.797399994684383 ], [ -1324090.686599997570738, -1078850.987000000895932 ], [ -1324057.126699997810647, -1078868.465599999530241 ], [ -1324019.37659999798052, -1078882.556000000331551 ], [ -1323982.283899997361004, -1078898.114100001519546 ], [ -1323943.824499994050711, -1078913.309600001666695 ], [ -1323903.974700000602752, -1078927.859900002367795 ], [ -1323871.471499999053776, -1078940.840499998535961 ], [ -1323837.731299998471513, -1078953.532600001897663 ], [ -1323804.105599995935336, -1078967.19629999785684 ], [ -1323766.559300001477823, -1078977.970700000645593 ], [ -1323729.885799997486174, -1078990.909400004195049 ], [ -1323691.834900000365451, -1079003.718100002966821 ], [ -1323650.89270000369288, -1079015.471299999160692 ], [ -1323608.581799997715279, -1079027.59059999207966 ], [ -1323535.887099999003112, -1079048.983900002203882 ], [ -1323452.978099998086691, -1079070.613299997756258 ], [ -1323376.201900001149625, -1079094.321199995465577 ], [ -1323193.805379087803885, -1079144.587424976984039 ], [ -1323183.721199992345646, -1079147.366499999770895 ], [ -1323132.001600000541657, -1079163.125599996186793 ], [ -1323084.870200000237674, -1079177.046599995810539 ], [ -1323032.744199999608099, -1079190.839100000681356 ], [ -1322983.837400001240894, -1079203.851099994964898 ], [ -1322941.940099998144433, -1079220.376199995167553 ], [ -1322898.384500002488494, -1079233.180600001011044 ], [ -1322874.964600000530481, -1079241.721299999859184 ], [ -1322848.417699998943135, -1079248.017000003019348 ], [ -1322823.706900001503527, -1079256.297699992544949 ], [ -1322796.836100002983585, -1079263.341599999228492 ], [ -1322768.677299996605143, -1079269.615900001954287 ], [ -1322741.156399997649714, -1079277.303400000557303 ], [ -1322710.227699996903539, -1079282.727999998955056 ], [ -1322681.608999997377396, -1079291.2237000009045 ], [ -1322651.146600000793114, -1079295.537299999035895 ], [ -1322622.891099996399134, -1079302.872500001685694 ], [ -1322590.046300002839416, -1079307.709699998376891 ], [ -1322557.759100000141189, -1079315.139400003477931 ], [ -1322491.535199997015297, -1079327.050499999895692 ], [ -1322366.694699998246506, -1079350.920899991644546 ], [ -1322313.533599995775148, -1079359.425599998561665 ], [ -1322260.994800002779812, -1079370.589799998793751 ], [ -1322212.553399999625981, -1079379.595500000985339 ], [ -1322184.753600000403821, -1079385.259499998297542 ], [ -1322159.1182, -1079391.585900000762194 ], [ -1322132.14039999851957, -1079396.351899997098371 ], [ -1322107.316599999321625, -1079401.857500004349276 ], [ -1322083.703000001143664, -1079408.038299997569993 ], [ -1322060.999899997841567, -1079414.368600001093 ], [ -1322037.657600000267848, -1079419.516100003151223 ], [ -1322016.275099998572841, -1079426.181399998953566 ], [ -1321990.34129999880679, -1079434.696500001940876 ], [ -1321964.59809999843128, -1079442.717099997913465 ], [ -1321940.1187999995891, -1079451.682100003352389 ], [ -1321916.570500000845641, -1079460.7972 ], [ -1321893.745399997802451, -1079470.015900001628324 ], [ -1321870.777699998347089, -1079479.230400001630187 ], [ -1321848.18349999957718, -1079488.420800002291799 ], [ -1321827.007900000782683, -1079498.347899998771027 ], [ -1321805.892900003353134, -1079508.704799997387454 ], [ -1321785.557799994479865, -1079519.284600001992658 ], [ -1321763.925399999832734, -1079529.3175999969244 ], [ -1321743.795399997150525, -1079539.972600000910461 ], [ -1321724.518900001887232, -1079551.338600000366569 ], [ -1321705.70569999772124, -1079562.954700002446771 ], [ -1321685.741799996234477, -1079575.018800005083904 ], [ -1321667.472899999003857, -1079587.054299992509186 ], [ -1321648.797900000354275, -1079599.136399998096749 ], [ -1321601.771799997426569, -1079628.164500005543232 ], [ -1321581.449, -1079641.685100001981482 ], [ -1321559.244999997317791, -1079655.846999996574596 ], [ -1321541.598299997858703, -1079669.773200004594401 ], [ -1321531.648899998981506, -1079677.362200001487508 ], [ -1321523.137800001772121, -1079685.360200001392514 ], [ -1321514.848499999381602, -1079692.892099999589846 ], [ -1321506.162400000961497, -1079699.566499998094514 ], [ -1321499.142600000137463, -1079707.387200003257021 ], [ -1321490.951199997914955, -1079714.299099999247119 ], [ -1321484.821499997982755, -1079722.116000001085922 ], [ -1321479.117699998896569, -1079729.954899997916073 ], [ -1321475.341199999675155, -1079735.611700000939891 ], [ -1321471.932099997764453, -1079741.087000000756234 ], [ -1321468.485500000650063, -1079747.306899996707216 ], [ -1321463.958000001497567, -1079752.76169999781996 ], [ -1321460.817200000630692, -1079759.587200000882149 ], [ -1321457.360299998428673, -1079766.167999998666346 ], [ -1321454.789900003233925, -1079773.814700002549216 ], [ -1321452.035399997141212, -1079781.710299999453127 ], [ -1321449.380099998787045, -1079790.04529999778606 ], [ -1321447.008499996736646, -1079798.409700001589954 ], [ -1321440.452399999136105, -1079816.144199998816475 ], [ -1321435.803500001551583, -1079837.070799999637529 ], [ -1321426.879299997817725, -1079877.059599995613098 ], [ -1321422.558899997267872, -1079893.777099998435006 ], [ -1321418.569600001210347, -1079910.956500000786036 ], [ -1321413.667399998987094, -1079925.262299998896196 ], [ -1321410.9136999968905, -1079934.152099998202175 ], [ -1321408.051900001009926, -1079942.511600001249462 ], [ -1321405.061000002315268, -1079950.401999996742234 ], [ -1321401.926100002136081, -1079957.86219999846071 ], [ -1321398.828299998305738, -1079964.475700001930818 ], [ -1321394.325299996882677, -1079970.086900000227615 ], [ -1321390.274300002027303, -1079975.837100001052022 ], [ -1321386.744399996008724, -1079981.969599997624755 ], [ -1321382.036299995379522, -1079988.636899993056431 ], [ -1321377.027099997038022, -1079995.111000002129003 ], [ -1321370.939199998276308, -1080000.725800001062453 ], [ -1321365.319799999240786, -1080006.82350000157021 ], [ -1321359.39119999925606, -1080012.737600001273677 ], [ -1321351.584600002504885, -1080016.542000003159046 ], [ -1321344.744500001193956, -1080021.578099997481331 ], [ -1321337.862100002123043, -1080026.966400003293529 ], [ -1321330.254699997138232, -1080031.592699998058379 ], [ -1321321.502999998629093, -1080035.492899995762855 ], [ -1321312.825299996882677, -1080039.46169999288395 ], [ -1321304.598199996631593, -1080044.207799998577684 ], [ -1321295.237499999813735, -1080048.138300003716722 ], [ -1321286.278299997327849, -1080052.600600001402199 ], [ -1321276.245299995411187, -1080056.467700001783669 ], [ -1321266.490999997826293, -1080060.677499998826534 ], [ -1321248.508900000946596, -1080066.889100002823398 ], [ -1321227.470800001639873, -1080070.284100003307685 ], [ -1321206.401400001952425, -1080075.564099998911843 ], [ -1321183.325899995630607, -1080080.572899998864159 ], [ -1321161.755100002046674, -1080084.361699996050447 ], [ -1321137.423199995653704, -1080088.794500003801659 ], [ -1321051.500499997055158, -1080105.067499994998798 ], [ -1321016.66590000060387, -1080111.524099997943267 ], [ -1320998.580100000603124, -1080115.829599999822676 ], [ -1320982.385499997297302, -1080120.251200000755489 ], [ -1320965.658299997216091, -1080123.143400002038106 ], [ -1320950.939799997955561, -1080127.315200000768527 ], [ -1320933.465700001688674, -1080132.058900001458824 ], [ -1320917.959199996897951, -1080137.788799999514595 ], [ -1320902.569099998567253, -1080143.120399998500943 ], [ -1320888.200599994743243, -1080149.2764 ], [ -1320875.028700000606477, -1080155.719600000651553 ], [ -1320861.982299994910136, -1080162.245499995304272 ], [ -1320850.160400001332164, -1080169.263199998531491 ], [ -1320838.974199999123812, -1080176.590499994112179 ], [ -1320825.432300000218675, -1080183.191000000573695 ], [ -1320813.896299998508766, -1080191.931000002427027 ], [ -1320802.385999996913597, -1080201.186899998458102 ], [ -1320790.312600002391264, -1080210.781899997266009 ], [ -1320778.789700002409518, -1080221.121499999193475 ], [ -1320767.209599999012426, -1080232.04720000247471 ], [ -1320753.589299998711795, -1080241.880500002531335 ], [ -1320741.767799996770918, -1080254.100399994291365 ], [ -1320729.793299995595589, -1080266.996000002836809 ], [ -1320716.958000001264736, -1080280.521400002064183 ], [ -1320703.868700003484264, -1080294.493700004415587 ], [ -1320688.573499999241903, -1080308.921100003644824 ], [ -1320675.801099999574944, -1080324.555200001224875 ], [ -1320661.789799999212846, -1080342.056000004289672 ], [ -1320605.045999998692423, -1080405.218400002922863 ], [ -1320581.403400000417605, -1080432.214999997522682 ], [ -1320568.450899995863438, -1080446.5285 ], [ -1320556.444599997717887, -1080459.6721 ], [ -1320543.482999997446314, -1080472.052899998379871 ], [ -1320532.6823, -1080484.247600000118837 ], [ -1320519.469999995781109, -1080498.639600001974031 ], [ -1320505.033500000601634, -1080510.644999998388812 ], [ -1320490.854400000302121, -1080521.348299998790026 ], [ -1320478.1806, -1080534.518800001591444 ], [ -1320465.011500002583489, -1080545.632999999448657 ], [ -1320452.422299998113886, -1080556.282500001136214 ], [ -1320439.166199999861419, -1080567.767899999627843 ], [ -1320425.399099994683638, -1080575.618299997178838 ], [ -1320417.851699996506795, -1080582.105299998773262 ], [ -1320410.092200000537559, -1080588.181699996581301 ], [ -1320401.225800001528114, -1080592.359500000718981 ], [ -1320396.473743207287043, -1080594.887031948659569 ], [ -1320392.51389999804087, -1080596.993199999211356 ], [ -1320383.294599995017052, -1080601.51790000195615 ], [ -1320373.289200002094731, -1080608.100200003013015 ], [ -1320362.250499997287989, -1080611.792400000151247 ], [ -1320351.250399998622015, -1080616.112400002079085 ], [ -1320329.692600002046674, -1080624.230599997797981 ], [ -1320305.360299997031689, -1080631.07680000225082 ], [ -1320279.82230000034906, -1080641.118599999463186 ], [ -1320214.337799998698756, -1080660.040400000754744 ], [ -1320197.188611475052312, -1080666.424798003630713 ], [ -1320196.174599997233599, -1080666.802299996372312 ], [ -1320179.587700000265613, -1080671.42849999316968 ], [ -1320161.743299998575822, -1080679.8066 ], [ -1320145.2177000020165, -1080685.136199999600649 ], [ -1320130.7582999963779, -1080690.250099994009361 ], [ -1320123.657524931943044, -1080692.256814117077738 ], [ -1320116.281199995428324, -1080694.341400000965223 ], [ -1320108.711699997540563, -1080698.519100000383332 ], [ -1320101.32559999730438, -1080704.104400002630427 ], [ -1320094.125399998156354, -1080707.200100002111867 ], [ -1320087.198299996322021, -1080710.372600001748651 ], [ -1320081.382399997208267, -1080714.995700001250952 ], [ -1320075.979299997445196, -1080719.748599995858967 ], [ -1320070.982099996414036, -1080724.637500000419095 ], [ -1320066.38529999833554, -1080729.667599996319041 ], [ -1320062.05829999782145, -1080733.668099992442876 ], [ -1320058.243800000520423, -1080739.00459999917075 ], [ -1320054.819199998630211, -1080744.497399998363107 ], [ -1320051.339700000360608, -1080749.262700002407655 ], [ -1320048.318500000983477, -1080754.17020000400953 ], [ -1320045.267900002654642, -1080758.911399995209649 ], [ -1320042.392599999671802, -1080760.309699999168515 ], [ -1320040.887299999361858, -1080766.641600003698841 ], [ -1320038.888700001407415, -1080778.293999998364598 ], [ -1320037.436999997124076, -1080791.039400004083291 ], [ -1320035.979499997105449, -1080803.128400003071874 ], [ -1320034.049199997913092, -1080813.055700002470985 ], [ -1320034.3491, -1080827.745999998645857 ], [ -1320035.517000003019348, -1080841.06529999896884 ], [ -1320036.40000000060536, -1080853.658299999777228 ], [ -1320038.011499999789521, -1080865.996400001691654 ], [ -1320038.413199996808544, -1080867.834000002127141 ], [ -1320040.225200001616031, -1080874.186900001950562 ], [ -1320043.241599997971207, -1080881.543900003889576 ], [ -1320045.522399996174499, -1080886.757299999706447 ], [ -1320048.605599995004013, -1080892.397699994035065 ], [ -1320052.115799999563023, -1080897.807300002779812 ], [ -1320055.480400001397356, -1080901.429299999494106 ], [ -1320059.851699999300763, -1080906.387900001136586 ], [ -1320064.771899997489527, -1080912.305699999444187 ], [ -1320069.64240000071004, -1080915.913300000829622 ], [ -1320075.324599996674806, -1080920.219999998342246 ], [ -1320080.467300002230331, -1080919.561100002611056 ], [ -1320087.745399999665096, -1080924.783999999752268 ], [ -1320094.795699996873736, -1080928.484200001694262 ], [ -1320102.320499998750165, -1080931.992899996228516 ], [ -1320110.231600002618507, -1080933.344500004779547 ], [ -1320118.6006, -1080937.407699999632314 ], [ -1320122.901453424245119, -1080938.848429740406573 ], [ -1320126.603299997979775, -1080940.088500002399087 ], [ -1320135.157200003042817, -1080943.8211000028532 ], [ -1320144.748199996072799, -1080947.207099998369813 ], [ -1320154.10329999960959, -1080949.507400002330542 ], [ -1320164.66209999541752, -1080953.0232 ], [ -1320175.081199996173382, -1080955.111700000241399 ], [ -1320186.321600002236664, -1080956.795399999478832 ], [ -1320207.509300003061071, -1080961.3143999974709 ], [ -1320232.948799998266622, -1080966.841400005156174 ], [ -1320258.248799994355068, -1080970.121299999766052 ], [ -1320328.575499998172745, -1080977.6503000035882 ], [ -1320349.463199998950586, -1080981.412199997808784 ], [ -1320368.588400000473484, -1080984.837700001662597 ], [ -1320389.825099996989593, -1080989.422800002852455 ], [ -1320409.202599996468052, -1080993.469199997372925 ], [ -1320427.294100001221523, -1080999.281999999191612 ], [ -1320443.953899997519329, -1081004.680700001306832 ], [ -1320452.835499995853752, -1081006.795900001656264 ], [ -1320461.676900000544265, -1081009.62190000154078 ], [ -1320470.761799994623289, -1081013.165199996437877 ], [ -1320478.804799997713417, -1081016.286499998299405 ], [ -1320486.588799998164177, -1081020.747699998319149 ], [ -1320493.439400000497699, -1081023.295200003311038 ], [ -1320501.078099999111146, -1081027.766700001666322 ], [ -1320507.650299997534603, -1081031.530300001846626 ], [ -1320514.117299996782094, -1081033.322599998209625 ], [ -1320519.46499999682419, -1081036.146100002340972 ], [ -1320525.003400000743568, -1081040.432399998884648 ], [ -1320530.201899997889996, -1081044.896800000919029 ], [ -1320535.063999997684732, -1081049.542399992002174 ], [ -1320540.240800000494346, -1081054.943300003185868 ], [ -1320544.436300000175834, -1081059.957699996419251 ], [ -1320547.918000000761822, -1081064.588500000303611 ], [ -1320561.634900000877678, -1081085.580899996915832 ], [ -1320574.626500001177192, -1081102.476300002308562 ], [ -1320587.206000001635402, -1081123.732500004582107 ], [ -1320597.931599997682497, -1081142.894999998388812 ], [ -1320607.576099995523691, -1081158.328299996675923 ], [ -1320612.750899998703972, -1081168.351799997035414 ], [ -1320616.585900001693517, -1081177.05700000282377 ], [ -1320620.051399996504188, -1081185.262299997033551 ], [ -1320623.646300001302734, -1081194.167400000384077 ], [ -1320625.937499995809048, -1081198.119900000514463 ], [ -1320628.900600003544241, -1081206.6332 ], [ -1320631.52599999983795, -1081214.879700001329184 ], [ -1320633.453699998324737, -1081222.352299998747185 ], [ -1320635.449700002558529, -1081230.190499996533617 ], [ -1320637.264300001319498, -1081237.13379999762401 ], [ -1320638.627900000428781, -1081244.55229999567382 ], [ -1320639.674699998926371, -1081251.757700003217906 ], [ -1320639.415800001006573, -1081253.989100000355393 ], [ -1320639.82820000150241, -1081260.762699999613687 ], [ -1320639.923299998277798, -1081267.316299994243309 ], [ -1320639.701200003037229, -1081273.650099993683398 ], [ -1320638.778499994892627, -1081279.191699999617413 ], [ -1320637.922199997352436, -1081285.082499997224659 ], [ -1320636.748899996979162, -1081290.750100001692772 ], [ -1320634.684200002346188, -1081294.633499999297783 ], [ -1320632.174100000876933, -1081298.888099997071549 ], [ -1320630.051399998832494, -1081303.881200001109391 ], [ -1320627.194499996956438, -1081309.420800000661984 ], [ -1320622.430699996184558, -1081309.779700003098696 ], [ -1320618.478000000119209, -1081315.36740000336431 ], [ -1320613.967199996346608, -1081320.993999996921048 ], [ -1320608.516199998557568, -1081326.004799996269867 ], [ -1320602.079100001370534, -1081330.500700001372024 ], [ -1320595.82289999932982, -1081336.328700002282858 ], [ -1320588.297799996798858, -1081341.508499997667968 ], [ -1320581.101599996443838, -1081345.307800002396107 ], [ -1320573.215299997944385, -1081349.500700001372024 ], [ -1320556.071099997265264, -1081360.305699998512864 ], [ -1320540.250199997099116, -1081363.630300002638251 ], [ -1320504.887599997688085, -1081382.188300000503659 ], [ -1320490.766899996204302, -1081391.631499995710328 ], [ -1320483.859799996716902, -1081395.489500000141561 ], [ -1320476.53910000086762, -1081400.095100000267848 ], [ -1320469.049999996786937, -1081404.538399995537475 ], [ -1320461.389100000495091, -1081408.82130000111647 ], [ -1320452.4406999994535, -1081411.293999998830259 ], [ -1320444.425800001481548, -1081415.262099996674806 ], [ -1320435.329799998551607, -1081417.108300003455952 ], [ -1320427.599400000879541, -1081418.808299992932007 ], [ -1320419.026199999498203, -1081422.31789999618195 ], [ -1320410.697999996831641, -1081425.667800002032891 ], [ -1320401.717400000430644, -1081428.8872 ], [ -1320392.521499997703359, -1081431.965799998724833 ], [ -1320372.664799995021895, -1081436.40840000147 ], [ -1320351.707599999848753, -1081439.662700000451878 ], [ -1320332.6288, -1081444.778000000165775 ], [ -1320310.807199997827411, -1081447.538899996550754 ], [ -1320287.546300000976771, -1081449.270599998533726 ], [ -1320264.362799998605624, -1081453.394699995173141 ], [ -1320240.404300001682714, -1081454.909399998607114 ], [ -1320213.364500000607222, -1081455.368500001495704 ], [ -1320115.478699996834621, -1081460.288999993586913 ], [ -1320072.276200000662357, -1081463.658999999752268 ], [ -1320046.865499996347353, -1081457.057800000999123 ], [ -1320024.811299997847527, -1081460.98910000314936 ], [ -1320005.984399997396395, -1081463.962999999057502 ], [ -1319987.241700001293793, -1081465.20089999306947 ], [ -1319960.981400003889576, -1081462.808099993038923 ], [ -1319939.51569999800995, -1081465.274199997540563 ], [ -1319919.291099994909018, -1081468.273400001926348 ], [ -1319897.258599997498095, -1081464.84240000275895 ], [ -1319878.586100001819432, -1081473.636200003325939 ], [ -1319861.225799997569993, -1081479.423199993092567 ], [ -1319852.967500001657754, -1081482.957499996758997 ], [ -1319843.926899998448789, -1081484.457300001522526 ], [ -1319836.209000001195818, -1081488.398099998245016 ], [ -1319824.813199997646734, -1081483.258200002834201 ], [ -1319788.0896, -1081504.021799999754876 ], [ -1319762.81150000100024, -1081514.009000001009554 ], [ -1319736.328400002559647, -1081519.703199994051829 ], [ -1319716.812500001629815, -1081531.234799998346716 ], [ -1319691.31079999753274, -1081528.802499996963888 ], [ -1319675.621699998620898, -1081544.496000000275671 ], [ -1319655.531300002010539, -1081546.489599992521107 ], [ -1319642.780699994647875, -1081566.025999999139458 ], [ -1319626.962999996496364, -1081576.346999996807426 ], [ -1319612.271899996325374, -1081586.757000001845881 ], [ -1319599.082600000547245, -1081594.607099992223084 ], [ -1319586.819900000700727, -1081606.252599999774247 ], [ -1319575.492500000633299, -1081619.641899997834116 ], [ -1319567.229499999666587, -1081638.275599998421967 ], [ -1319557.621799997519702, -1081651.32040000311099 ], [ -1319546.468499996699393, -1081654.54400000278838 ], [ -1319540.551299999700859, -1081661.124599998118356 ], [ -1319535.503800002392381, -1081668.935999997891486 ], [ -1319530.549999996786937, -1081677.100200003478676 ], [ -1319524.857200002064928, -1081684.229799997061491 ], [ -1319523.43379999906756, -1081698.659800003748387 ], [ -1319518.687099998816848, -1081708.007800004212186 ], [ -1319513.971900001866743, -1081717.820999997202307 ], [ -1319509.319599999580532, -1081730.031899997964501 ], [ -1319501.064199998276308, -1081749.399500004481524 ], [ -1319495.612399996491149, -1081778.565600001253188 ], [ -1319487.659000001614913, -1081799.838499999139458 ], [ -1319470.792390034766868, -1081837.179831304587424 ], [ -1319468.42100000125356, -1081842.429899999639019 ], [ -1319461.627199996961281, -1081860.540899996645749 ], [ -1319454.958900001831353, -1081876.790299998596311 ], [ -1319444.238800001097843, -1081891.706400002120063 ], [ -1319441.623899999074638, -1081920.835199993103743 ], [ -1319436.608299996471033, -1081939.760899995453656 ], [ -1319432.455800000810996, -1081960.483399996766821 ], [ -1319425.835699997376651, -1081978.480600001988932 ], [ -1319422.342399998102337, -1081998.506300000473857 ], [ -1319419.351100000785664, -1082018.927299998467788 ], [ -1319414.5929, -1082039.524500000290573 ], [ -1319412.599999999860302, -1082060.756799999158829 ], [ -1319411.453399999532849, -1082083.884200002532452 ], [ -1319407.823800003156066, -1082104.396800001617521 ], [ -1319407.245900002541021, -1082127.277800000971183 ], [ -1319407.571299995761365, -1082151.9216 ], [ -1319407.582399997860193, -1082169.814100002171472 ], [ -1319408.4737000009045, -1082194.44600000185892 ], [ -1319412.013500000117347, -1082212.793399998452514 ], [ -1319413.451999997720122, -1082233.345000002300367 ], [ -1319415.151199996704236, -1082254.641900001559407 ], [ -1319420.010400001890957, -1082275.159799993503839 ], [ -1319422.365700000431389, -1082297.653399993199855 ], [ -1319424.566600000951439, -1082314.124000002397224 ], [ -1319431.008999997517094, -1082343.368999996921048 ], [ -1319434.550999998813495, -1082368.70410000346601 ], [ -1319439.415799997281283, -1082411.302700004773214 ], [ -1319450.430699996650219, -1082464.789000004529953 ], [ -1319461.317599997622892, -1082515.597700003301725 ], [ -1319476.784306013956666, -1082592.229231107747182 ], [ -1319485.815400002524257, -1082636.974800004856661 ], [ -1319495.048099994193763, -1082698.823200001381338 ], [ -1319498.738699997309595, -1082731.1228 ], [ -1319502.993299995083362, -1082759.491499994881451 ], [ -1319505.670499997446314, -1082788.441200001165271 ], [ -1319509.033199997618794, -1082814.355499995173886 ], [ -1319511.21310000307858, -1082839.193800001172349 ], [ -1319514.148300001397729, -1082867.255300001706928 ], [ -1319516.39210000121966, -1082893.046099999686703 ], [ -1319518.296199996955693, -1082918.733399997232482 ], [ -1319519.667100001592189, -1082943.329999997280538 ], [ -1319520.493799997493625, -1082966.939300002530217 ], [ -1319521.058199997758493, -1082991.294799991417676 ], [ -1319520.960299997357652, -1083013.4128 ], [ -1319520.456700001144782, -1083037.92439999897033 ], [ -1319519.285999994724989, -1083061.278900003293529 ], [ -1319517.573700000531971, -1083083.660299998708069 ], [ -1319515.456899999175221, -1083106.248300003120676 ], [ -1319512.65709999599494, -1083128.0906 ], [ -1319509.307899996172637, -1083149.03379999822937 ], [ -1319504.707099999068305, -1083165.000399992102757 ], [ -1319500.031599999172613, -1083185.28939999290742 ], [ -1319495.01280000153929, -1083204.982699999818578 ], [ -1319488.654199996963143, -1083220.971799998776987 ], [ -1319482.28649999643676, -1083240.093700000317767 ], [ -1319475.220000000204891, -1083258.428400000557303 ], [ -1319467.938099999679253, -1083276.288000001339242 ], [ -1319459.563299999339506, -1083294.233199997805059 ], [ -1319451.124299997463822, -1083311.391499993391335 ], [ -1319441.772899999283254, -1083328.429400003980845 ], [ -1319432.162999994819984, -1083344.952999994158745 ], [ -1319408.5021, -1083389.1467 ], [ -1319395.843199998605996, -1083411.251399997388944 ], [ -1319388.168200000654906, -1083423.86490000365302 ], [ -1319381.308499995619059, -1083435.292499997420236 ], [ -1319374.641599998809397, -1083446.387399998959154 ], [ -1319367.767199998022988, -1083456.235199999064207 ], [ -1319360.107399999164045, -1083467.413500000955537 ], [ -1319352.280599997611716, -1083479.384400001727045 ], [ -1319345.112199995201081, -1083488.72009999724105 ], [ -1319337.925600000889972, -1083497.508100001839921 ], [ -1319330.260099997511134, -1083506.260299996938556 ], [ -1319322.966299997642636, -1083514.0356 ], [ -1319315.598499994026497, -1083521.326299995882437 ], [ -1319307.8019999996759, -1083527.962899998994544 ], [ -1319302.539299994008616, -1083532.707200000993907 ], [ -1319296.569500000681728, -1083537.011099995113909 ], [ -1319290.031899995636195, -1083543.220199996139854 ], [ -1319283.412499998230487, -1083547.657499999506399 ], [ -1319276.888300002552569, -1083551.554199994541705 ], [ -1319270.014600000809878, -1083555.34109999681823 ], [ -1319262.766499996650964, -1083559.031800004653633 ], [ -1319254.782899999059737, -1083562.574900003615767 ], [ -1319238.854199998779222, -1083569.714099996257573 ], [ -1319220.688999997684732, -1083576.401100000133738 ], [ -1319203.687799998559058, -1083588.029299997491762 ], [ -1319165.884200000436977, -1083600.116899998160079 ], [ -1319149.427600001916289, -1083607.30799999483861 ], [ -1319133.125100000528619, -1083613.366200000746176 ], [ -1319115.376699997577816, -1083617.827000002376735 ], [ -1319107.3542, -1083621.216400002595037 ], [ -1319099.774699997389689, -1083624.642999997362494 ], [ -1319092.585299999685958, -1083628.130800001323223 ], [ -1319085.394799997564405, -1083632.343299997039139 ], [ -1319078.880999998189509, -1083636.006100002210587 ], [ -1319072.292900001164526, -1083639.779099998762831 ], [ -1319066.379899999126792, -1083643.659999993396923 ], [ -1319059.973299998324364, -1083647.760999997379258 ], [ -1319039.415299997199327, -1083659.932100003119558 ], [ -1319016.1831, -1083669.707100002095103 ], [ -1318999.668999997433275, -1083683.646399998106062 ], [ -1318983.159299999242648, -1083698.601400001905859 ], [ -1318963.383899999316782, -1083712.59149999730289 ], [ -1318948.882399998372421, -1083728.079100004397333 ], [ -1318934.962399998679757, -1083743.478200000710785 ], [ -1318921.216799998888746, -1083759.459799997974187 ], [ -1318908.586799999698997, -1083775.07610000227578 ], [ -1318896.421799997333437, -1083791.139300002949312 ], [ -1318882.055999998934567, -1083806.00010000471957 ], [ -1318871.896599999861792, -1083821.922700001625344 ], [ -1318863.154399995924905, -1083837.8004 ], [ -1318855.232600002083927, -1083853.260900001507252 ], [ -1318851.405699995113537, -1083860.89020000374876 ], [ -1318851.176499996799976, -1083870.735200000461191 ], [ -1318848.040899997344241, -1083878.346700002672151 ], [ -1318845.144099995726719, -1083885.917299998225644 ], [ -1318842.191399998031557, -1083894.293300000950694 ], [ -1318839.20919999666512, -1083903.228200001642108 ], [ -1318836.617400000803173, -1083912.017599997809157 ], [ -1318834.208899998106062, -1083921.004899998661131 ], [ -1318835.129200001480058, -1083932.379500004462898 ], [ -1318833.091999997152016, -1083941.743100002640858 ], [ -1318831.243099998449907, -1083951.283599996706471 ], [ -1318829.909599997568876, -1083961.758800003211945 ], [ -1318828.440900004003197, -1083971.634700001915917 ], [ -1318827.164999998174608, -1083981.662200001534075 ], [ -1318829.372000002069399, -1083994.046200001845136 ], [ -1318828.485299999359995, -1084004.347999994643033 ], [ -1318827.794500001939014, -1084014.771799993701279 ], [ -1318827.887500001350418, -1084025.835199999157339 ], [ -1318827.491999998921528, -1084047.184799992479384 ], [ -1318831.180300001753494, -1084071.144299996085465 ], [ -1318833.029100002488121, -1084093.621699996758252 ], [ -1318838.304299995303154, -1084117.823799994541332 ], [ -1318841.330500000156462, -1084139.509099999675527 ], [ -1318845.511499999789521, -1084161.790199996670708 ], [ -1318849.978999999118969, -1084183.379600001033396 ], [ -1318852.382699998561293, -1084193.909500001231208 ], [ -1318854.960900003090501, -1084204.304800003534183 ], [ -1318858.530199998756871, -1084215.052000002702698 ], [ -1318861.444800000404939, -1084225.128300002310425 ], [ -1318865.036399998469278, -1084236.619600001256913 ], [ -1318869.132999998051673, -1084248.366199997719377 ], [ -1318873.478599995840341, -1084259.983500002184883 ], [ -1318878.610299997031689, -1084272.119300001533702 ], [ -1318883.362400001380593, -1084283.673699998063967 ], [ -1318888.374899999704212, -1084295.167099994374439 ], [ -1318893.833299994468689, -1084306.762999998405576 ], [ -1318899.326400001300499, -1084318.043599998112768 ], [ -1318905.936899998458102, -1084328.869899997953326 ], [ -1318911.88699999707751, -1084339.906700001331046 ], [ -1318918.250900001265109, -1084350.408900001551956 ], [ -1318924.726899998495355, -1084361.109300000593066 ], [ -1318931.331399996997789, -1084371.309999997960404 ], [ -1318937.913699998054653, -1084381.279399999184534 ], [ -1318945.141199998790398, -1084391.23220000276342 ], [ -1318952.12400000100024, -1084400.612699999241158 ], [ -1318957.576799995498732, -1084407.5326 ], [ -1318963.447599997743964, -1084414.30849999259226 ], [ -1318969.893599994946271, -1084421.171099998755381 ], [ -1318976.633600000292063, -1084427.695600002072752 ], [ -1318984.249800000805408, -1084433.623099997406825 ], [ -1318992.179299999028444, -1084439.71889999625273 ], [ -1319000.350999999558553, -1084445.988000004319474 ], [ -1319009.74610000080429, -1084452.46049999888055 ], [ -1319018.735899997875094, -1084458.493800001684576 ], [ -1319028.496599999256432, -1084464.606799999251962 ], [ -1319038.811700003221631, -1084470.787999997846782 ], [ -1319049.999000003095716, -1084477.170600003795698 ], [ -1319074.032200002809986, -1084489.154800002230331 ], [ -1319121.31709999893792, -1084513.269100002013147 ], [ -1319141.164300000295043, -1084522.645100002875552 ], [ -1319160.932700001867488, -1084533.535899998387322 ], [ -1319178.23479999625124, -1084544.080599999288097 ], [ -1319188.071299998322502, -1084550.478900001151487 ], [ -1319197.105000001145527, -1084556.781700000865385 ], [ -1319205.845699995290488, -1084562.350600001169369 ], [ -1319214.674500001594424, -1084569.041199998697266 ], [ -1319222.092999999644235, -1084575.503700002329424 ], [ -1319229.19529999862425, -1084582.017200001282617 ], [ -1319235.664800000842661, -1084588.695800001500174 ], [ -1319241.683599996613339, -1084595.506200003437698 ], [ -1319247.759300002129748, -1084602.785100004635751 ], [ -1319253.43610000051558, -1084610.03259999374859 ], [ -1319259.173199999611825, -1084617.57539999182336 ], [ -1319264.654799998737872, -1084625.271999999880791 ], [ -1319270.078599999891594, -1084633.288799999281764 ], [ -1319275.371800002176315, -1084641.443799997447059 ], [ -1319285.88549999659881, -1084658.652599998749793 ], [ -1319296.056699997046962, -1084676.408699999097735 ], [ -1319305.898499998496845, -1084695.422299997415394 ], [ -1319315.23420000099577, -1084715.440800001611933 ], [ -1319324.601000001188368, -1084736.832399999024346 ], [ -1319333.263000000268221, -1084758.365900000557303 ], [ -1319341.891399998683482, -1084781.110799998510629 ], [ -1319350.089899997459725, -1084805.093600004212931 ], [ -1319358.321199999423698, -1084830.846099996706471 ], [ -1319366.629499997477978, -1084857.130800000624731 ], [ -1319375.00989999785088, -1084886.223400003742427 ], [ -1319383.942099999636412, -1084917.884599991841242 ], [ -1319397.649499998660758, -1084967.775300001027063 ], [ -1319403.144599998136982, -1084988.659799999557436 ], [ -1319408.268599994946271, -1085009.576299997745082 ], [ -1319413.403700001072139, -1085030.668499996419996 ], [ -1319417.88349999813363, -1085051.72119999374263 ], [ -1319422.047299998812377, -1085072.78660000115633 ], [ -1319425.897299998439848, -1085093.952200002269819 ], [ -1319429.493299994152039, -1085115.217599998461083 ], [ -1319432.74869999778457, -1085136.477499992353842 ], [ -1319435.773700000252575, -1085157.674400000600144 ], [ -1319438.46139999688603, -1085179.134300003759563 ], [ -1319440.797300000907853, -1085200.624000004259869 ], [ -1319442.841499996837229, -1085222.14320000144653 ], [ -1319444.620600000489503, -1085243.797700002789497 ], [ -1319446.04810000048019, -1085265.481899996753782 ], [ -1319447.304099995177239, -1085287.273899997584522 ], [ -1319448.054599998984486, -1085309.044599995715544 ], [ -1319448.447199999820441, -1085330.8757999970112 ], [ -1319448.837899999227375, -1085352.781700001331046 ], [ -1319448.762399999191985, -1085374.754700002027676 ], [ -1319448.285199995618314, -1085396.766300002112985 ], [ -1319447.767599995713681, -1085418.866500003961846 ], [ -1319446.684799998765811, -1085441.007800001185387 ], [ -1319445.398099998012185, -1085463.240200002910569 ], [ -1319443.990699998103082, -1085485.541399993235245 ], [ -1319441.999499996891245, -1085507.877099999692291 ], [ -1319439.740700000664219, -1085530.302600003313273 ], [ -1319437.242899997159839, -1085552.794300001580268 ], [ -1319434.397600000724196, -1085575.428000001702458 ], [ -1319431.230499998433515, -1085598.047900000819936 ], [ -1319427.737599997781217, -1085620.720899992855266 ], [ -1319424.028600000310689, -1085643.471900001168251 ], [ -1319419.95310000074096, -1085666.286200002534315 ], [ -1319486.080499995034188, -1085491.8165 ], [ -1319475.799400003626943, -1085524.223000003490597 ], [ -1319466.221700001507998, -1085556.773699997691438 ], [ -1319456.99889999604784, -1085589.359800003003329 ], [ -1319448.41959999804385, -1085622.049700002418831 ], [ -1319440.443799996050075, -1085654.797499997541308 ], [ -1319433.020900000119582, -1085687.689800004241988 ], [ -1319426.112899998668581, -1085720.569099993444979 ], [ -1319419.712699995143339, -1085753.456599996890873 ], [ -1319416.040800001006573, -1085773.801100002136081 ], [ -1319413.05799999833107, -1085794.668199999490753 ], [ -1319410.457700001075864, -1085815.966300001135096 ], [ -1319408.206700000213459, -1085837.784899997292086 ], [ -1319406.414699997520074, -1085860.149499999126419 ], [ -1319405.290600002277642, -1085883.274000001139939 ], [ -1319404.410700001986697, -1085907.06620000093244 ], [ -1319404.100299998885021, -1085931.742699998663738 ], [ -1319404.092300000600517, -1085955.755300001706928 ], [ -1319404.571399999083951, -1085980.874699996551499 ], [ -1319405.500300001818687, -1086007.316000000340864 ], [ -1319406.878400000743568, -1086035.474400001345202 ], [ -1319408.376899998402223, -1086062.286899992031977 ], [ -1319410.195099997799844, -1086091.996599996229634 ], [ -1319417.896499995375052, -1086202.273899995489046 ], [ -1319420.704499999294057, -1086247.855600000126287 ], [ -1319422.039999999804422, -1086272.441300000762567 ], [ -1319422.92949999938719, -1086295.319499996490777 ], [ -1319423.607900000875816, -1086317.038700002944097 ], [ -1319424.125999997137114, -1086337.834699997678399 ], [ -1319424.390399997355416, -1086362.685300001641735 ], [ -1319424.186899999156594, -1086386.528200003085658 ], [ -1319423.521299998741597, -1086409.471399997826666 ], [ -1319422.592099995352328, -1086431.73479999252595 ], [ -1319421.401999994646758, -1086453.429899999639019 ], [ -1319419.50349999894388, -1086474.426300002261996 ], [ -1319417.331200000131503, -1086494.954000002704561 ], [ -1319414.886199995642528, -1086515.053299999563023 ], [ -1319412.504700000397861, -1086529.409600003156811 ], [ -1319410.099700000369921, -1086543.98979999916628 ], [ -1319407.225599999772385, -1086558.633199997246265 ], [ -1319404.180799997644499, -1086573.456099998904392 ], [ -1319400.398799996357411, -1086588.272599996533245 ], [ -1319396.707800001604483, -1086603.370099998544902 ], [ -1319392.540199997602031, -1086618.565599998692051 ], [ -1319388.097799997543916, -1086633.972000000998378 ], [ -1319383.096999995643273, -1086649.427099998341873 ], [ -1319378.086899995338172, -1086665.184600000735372 ], [ -1319372.319099997170269, -1086680.991500004194677 ], [ -1319366.465100002009422, -1086697.149999997345731 ], [ -1319360.223000001627952, -1086713.525099997408688 ], [ -1319353.445200000656769, -1086730.051000001374632 ], [ -1319346.654999997001141, -1086747.042600001441315 ], [ -1319339.138800001237541, -1086764.254800000460818 ], [ -1319326.132499998202547, -1086792.98150000278838 ], [ -1319312.002700001001358, -1086822.998599997488782 ], [ -1319296.569299997994676, -1086854.499800001271069 ], [ -1319279.785799996461719, -1086888.223399997223169 ], [ -1319264.374400002183393, -1086917.865699997870252 ], [ -1319247.014199995901436, -1086950.875100003322586 ], [ -1319187.191099997377023, -1087061.812899999087676 ], [ -1319164.678599999751896, -1087103.750899998936802 ], [ -1319142.55999999679625, -1087145.752499999478459 ], [ -1319123.269400000106543, -1087183.595299998298287 ], [ -1319113.350799998268485, -1087204.602099996991456 ], [ -1319103.58179999794811, -1087224.703400000231341 ], [ -1319094.411799998022616, -1087244.117899998091161 ], [ -1319086.0791, -1087263.220300000859424 ], [ -1319077.787900002673268, -1087281.736600002041087 ], [ -1319070.06749999593012, -1087299.757800001651049 ], [ -1319063.181399998255074, -1087317.677199999801815 ], [ -1319056.587400000542402, -1087335.117499992717057 ], [ -1319049.751500001177192, -1087355.050899997819215 ], [ -1319043.043799995910376, -1087374.338299999479204 ], [ -1319037.113200003281236, -1087393.419000000692904 ], [ -1319031.954699997091666, -1087412.325599995907396 ], [ -1319026.846999997040257, -1087430.732200002297759 ], [ -1319022.509799996158108, -1087449.010900001507252 ], [ -1319018.928499996429309, -1087467.182100001256913 ], [ -1319015.386200001230463, -1087484.905800003558397 ], [ -1319012.703000000445172, -1087502.682999997166917 ], [ -1319010.433199999621138, -1087520.170200002146885 ], [ -1319008.432300001382828, -1087537.369900000514463 ], [ -1319007.422999997856095, -1087554.648399998899549 ], [ -1319006.434399995720014, -1087571.47770000086166 ], [ -1319006.448899995768443, -1087588.47 ], [ -1319006.449199996422976, -1087605.089600002393126 ], [ -1319007.487500000279397, -1087621.828299996443093 ], [ -1319008.323699997505173, -1087635.899000002304092 ], [ -1319010.09529999922961, -1087650.528700004098937 ], [ -1319011.78819999913685, -1087665.198800002224743 ], [ -1319014.592000001575798, -1087680.437100003706291 ], [ -1319017.196899999165908, -1087695.69260000390932 ], [ -1319020.791000000201166, -1087711.65859999647364 ], [ -1319024.339200002606958, -1087727.838699999731034 ], [ -1319028.656299996422604, -1087744.614199996227399 ], [ -1319033.249800001271069, -1087761.270600001327693 ], [ -1319038.363100001355633, -1087778.602400002069771 ], [ -1319044.304099997039884, -1087796.958999992348254 ], [ -1319050.385999997146428, -1087816.17170000472106 ], [ -1319064.267999998759478, -1087855.536299996543676 ], [ -1319092.31339999800548, -1087933.254000001354143 ], [ -1319103.979800003115088, -1087966.107100000604987 ], [ -1319115.366799997864291, -1088000.382799998857081 ], [ -1319124.796700001927093, -1088031.118500002427027 ], [ -1319129.791099999798462, -1088049.033799996832386 ], [ -1319134.695499997353181, -1088066.638799999607727 ], [ -1319138.657000002451241, -1088083.283399996347725 ], [ -1319142.56519999820739, -1088099.856700001982972 ], [ -1319145.470500001451001, -1088115.726700002560392 ], [ -1319148.29499999829568, -1088131.329100001370534 ], [ -1319150.556400002213195, -1088146.680799996247515 ], [ -1319152.630100001813844, -1088161.90599999576807 ], [ -1319155.095999996876344, -1088186.97830000333488 ], [ -1319157.052700002444908, -1088212.381199998548254 ], [ -1319158.902600000845268, -1088238.381599998101592 ], [ -1319160.059899998130277, -1088264.587699991185218 ], [ -1319161.289899998577312, -1088291.442500000121072 ], [ -1319161.675699996994808, -1088318.484099998138845 ], [ -1319161.964699999662116, -1088346.148400004021823 ], [ -1320551.601799994241446, -1089787.960800002561882 ], [ -1321479.890045884996653, -1089204.037557228235528 ], [ -1322941.527243367629126, -1088284.620624071918428 ], [ -1323832.441699996823445, -1087724.206699998583645 ], [ -1323991.192, -1086189.620300000300631 ], [ -1325073.190257496200502, -1084837.122449732618406 ], [ -1325896.195800000801682, -1083808.365499998675659 ], [ -1326960.207638813648373, -1082165.442317000590265 ], [ -1328244.27320000086911, -1080182.737799998372793 ], [ -1326644.23978986684233, -1081217.538865688722581 ], [ -1326166.810699998401105, -1081526.309999999823049 ], [ -1325995.994234069017693, -1081003.911553436890244 ], [ -1325525.313800000119954, -1079564.455899992026389 ], [ -1326114.14917049696669, -1079063.935720330104232 ], [ -1326493.147299998439848, -1078741.780800002394244 ], [ -1325734.969821068225428, -1078552.984503349056467 ], [ -1324790.024399997899309, -1078317.680500002577901 ], [ -1324780.482599996495992, -1078331.783500001998618 ], [ -1324770.527599997352809, -1078345.442199999000877 ], [ -1324759.741000001551583, -1078357.994600000558421 ], [ -1324747.120200003031641, -1078375.121599995763972 ], [ -1324733.46629999531433, -1078392.179500001948327 ], [ -1324719.434600000968203, -1078409.402999999001622 ], [ -1324702.618199998280033, -1078425.100800001993775 ], [ -1324686.45019999681972, -1078441.88150000013411 ], [ -1324669.78829999640584, -1078459.458099996903911 ], [ -1324652.617999996757135, -1078477.402900001499802 ], [ -1324631.879199998453259, -1078493.235199997900054 ], [ -1324611.5311999975238, -1078509.368200000375509 ], [ -1324592.873999998904765, -1078528.447600001469254 ], [ -1324569.726799995871261, -1078544.994299997808412 ], [ -1324545.822699998971075, -1078563.083799996413291 ], [ -1324522.540499999187887, -1078582.464899996528402 ], [ -1324495.59109999681823, -1078602.635799998883158 ], [ -1324423.079500002320856, -1078655.815000002039596 ], [ -1324397.132800003513694, -1078675.8582 ], [ -1324369.867900000885129, -1078694.703100002836436 ], [ -1324341.537599995965138, -1078713.116700000828132 ], [ -1324313.540899998508394, -1078732.002099991310388 ], [ -1324283.163499996298924, -1078749.032199999550357 ], [ -1324276.207133938325569, -1078753.63454178115353 ] ] ] } },
{ "type": "Feature", "properties": { "ID": 909, "YEAR": "2013-2014", "Perimtr_KM": 99.035492677700006, "AREA_KM": 150.91137308399999, "SCALE": 3, "THICKNES_M": 329.58117748699999, "VOLUME_KM": 49.7375480372, "MASS_GT": 45.609331550100002, "RECURRANCE": "4-5", "UA_KM": 0.49517746339000002, "UH_M": 27.3552375965, "UC_KM": 3.8056293681, "REGION": "West", "ICESHELF": "Getz" }, "geometry": { "type": "Polygon", "coordinates": [ [ [ -1377190.203438523458317, -1058250.598999997135252 ], [ -1377189.047299998812377, -1058254.550099992193282 ], [ -1377187.196199998026714, -1058262.938799998024479 ], [ -1377185.247700000181794, -1058271.859599997056648 ], [ -1377181.346999999135733, -1058291.335199999623001 ], [ -1377178.089400000171736, -1058312.465200000442564 ], [ -1377175.274999998975545, -1058335.246399997966364 ], [ -1377173.04630000051111, -1058356.863699998008087 ], [ -1377171.015599998179823, -1058381.034500002162531 ], [ -1377164.38109999941662, -1058472.703500000294298 ], [ -1377161.220100000500679, -1058510.7889 ], [ -1377159.026299996068701, -1058530.988800002494827 ], [ -1377157.205399997998029, -1058549.60120000038296 ], [ -1377154.916900002164766, -1058566.934300001244992 ], [ -1377152.20579999871552, -1058583.452499994076788 ], [ -1377149.026799996849149, -1058602.416800002800301 ], [ -1377145.5657, -1058619.754600001964718 ], [ -1377140.761799996485934, -1058637.177800000878051 ], [ -1377136.386599997291341, -1058653.096699999412522 ], [ -1377131.190000001806766, -1058668.037900001974776 ], [ -1377125.524999998044223, -1058682.473800002830103 ], [ -1377119.772799997590482, -1058695.92470000195317 ], [ -1377112.718800002010539, -1058709.2939 ], [ -1377097.055699997348711, -1058737.00929999910295 ], [ -1377085.066699995892122, -1058758.348800003528595 ], [ -1377074.010299995774403, -1058776.755299998447299 ], [ -1377062.649599995696917, -1058794.446700000436977 ], [ -1377052.054899999406189, -1058810.511100003495812 ], [ -1377041.702199995750561, -1058824.778499991400167 ], [ -1377030.436599999433383, -1058839.011200001230463 ], [ -1377020.010699996026233, -1058851.743900003843009 ], [ -1377010.962400001939386, -1058861.807300004176795 ], [ -1377002.200499996077269, -1058870.923799992306158 ], [ -1376993.033900001086295, -1058880.151799999410287 ], [ -1376983.284799998393282, -1058889.585700002731755 ], [ -1376974.237199996598065, -1058898.335800000233576 ], [ -1376964.143500002333894, -1058907.322800000663847 ], [ -1376954.500799994682893, -1058915.481600002152845 ], [ -1376944.138199998065829, -1058923.954400000395253 ], [ -1376934.059800001094118, -1058931.738100000424311 ], [ -1376930.348924042191356, -1058934.561024043476209 ], [ -1376923.545499998610467, -1058939.736499991733581 ], [ -1376912.92610000167042, -1058947.321800003992394 ], [ -1376903.133799999020994, -1058954.120900000911206 ], [ -1376892.41929999855347, -1058961.060199995990843 ], [ -1376881.997699994826689, -1058967.096900003263727 ], [ -1376870.96970000048168, -1058973.3667000036221 ], [ -1376861.182299998821691, -1058978.85539999906905 ], [ -1378608.163707323139533, -1059639.293800000101328 ], [ -1378653.980782396160066, -1059656.614737490192056 ], [ -1378710.201169707346708, -1059677.868600003188476 ], [ -1379398.244718084810302, -1059937.980343788862228 ], [ -1379526.502191317733377, -1059986.467500004451722 ], [ -1379708.354663436766714, -1060055.21600254625082 ], [ -1379851.578542227391154, -1060109.361140529392287 ], [ -1380321.09629999473691, -1060286.860199995571747 ], [ -1381445.577699997229502, -1060816.027900001266971 ], [ -1383659.252734458772466, -1061429.719978920184076 ], [ -1384244.624298116425052, -1061592.001201887847856 ], [ -1386361.394017287995666, -1062178.828441352117807 ], [ -1388126.320199998561293, -1062668.114899999229237 ], [ -1388127.653473024722189, -1062699.446799999801442 ], [ -1388140.104761983500794, -1062992.051939961966127 ], [ -1388161.062379772774875, -1063484.555704663973302 ], [ -1388161.977716218680143, -1063506.066099999472499 ], [ -1388193.820046958979219, -1064254.360487372148782 ], [ -1388206.750160534167662, -1064558.217999998247251 ], [ -1388207.548158816061914, -1064576.970949918963015 ], [ -1388258.61219999496825, -1065776.975299996091053 ], [ -1389449.239599995780736, -1066703.018799995072186 ], [ -1392139.515500000678003, -1067023.289816563483328 ], [ -1392227.370099999476224, -1067033.748700001975521 ], [ -1392271.826628677314147, -1067090.060300002340227 ], [ -1393219.559599996777251, -1068290.5219999961555 ], [ -1394542.478899996029213, -1069018.127599998377264 ], [ -1394939.354699996300042, -1070010.317100002430379 ], [ -1395472.58178107556887, -1070181.116400000406429 ], [ -1403406.038300001993775, -1072722.301699999254197 ], [ -1406250.314799997257069, -1072523.863800002494827 ], [ -1408102.401900000171736, -1073648.345199991483241 ], [ -1410480.945615943288431, -1073922.792557153152302 ], [ -1411541.992099998984486, -1074045.220999998506159 ], [ -1414616.621048894012347, -1075886.293452758574858 ], [ -1415229.678797888569534, -1076253.389369821641594 ], [ -1415427.609808970475569, -1076371.909470326965675 ], [ -1415688.992299997480586, -1076528.424000001512468 ], [ -1415675.586299997055903, -1076505.987299997592345 ], [ -1415662.14169999724254, -1076484.076299996580929 ], [ -1415649.147399998037145, -1076458.607700003078207 ], [ -1415636.183399999747053, -1076432.806100003654137 ], [ -1415622.903999999165535, -1076409.04419999755919 ], [ -1415609.8830999978818, -1076383.367799999425188 ], [ -1415596.453599999425933, -1076361.334300002316013 ], [ -1415582.934899997897446, -1076339.952100001275539 ], [ -1415569.378199998289347, -1076318.91340000089258 ], [ -1415555.2787000015378, -1076300.926200000336394 ], [ -1415542.813499996438622, -1076285.243199998047203 ], [ -1415529.92239999724552, -1076269.402499998221174 ], [ -1415516.578899999614805, -1076253.375000002561137 ], [ -1415513.347256737062708, -1076249.577563897939399 ], [ -1415502.74799999804236, -1076237.12260000128299 ], [ -1415473.48349999752827, -1076203.794499993789941 ], [ -1415441.591399998636916, -1076168.864599997876212 ], [ -1415412.269400001037866, -1076137.270100001012906 ], [ -1415379.263400000520051, -1076102.755899998825043 ], [ -1415346.00989999785088, -1076071.644000002881512 ], [ -1415261.139100001426414, -1075986.087000002386048 ], [ -1415254.822347133187577, -1075979.461404160130769 ], [ -1415214.942000001436099, -1075937.631200003903359 ], [ -1415191.42879999964498, -1075908.560099999187514 ], [ -1415170.068299999693409, -1075878.965800001518801 ], [ -1415150.129299994558096, -1075852.605700002284721 ], [ -1415131.459600002272055, -1075826.566499993903562 ], [ -1415108.637400000588968, -1075800.32719999877736 ], [ -1415087.161999997450039, -1075774.228500000433996 ], [ -1415066.621999999275431, -1075749.675900003872812 ], [ -1415058.447413112502545, -1075739.506429654778913 ], [ -1415047.159199997782707, -1075725.463500001002103 ], [ -1415028.908899997593835, -1075700.37130000279285 ], [ -1415011.367299999576062, -1075676.558100000955164 ], [ -1414994.723700002534315, -1075652.864100001985207 ], [ -1414979.17929999763146, -1075628.143299999879673 ], [ -1414965.104200000874698, -1075604.526299997232854 ], [ -1414951.035799995297566, -1075581.236099992645904 ], [ -1414937.181999996770173, -1075557.129300001310185 ], [ -1414923.771500000730157, -1075531.219200002495199 ], [ -1414910.252899997169152, -1075505.324900004081428 ], [ -1414896.823499996680766, -1075478.399099997477606 ], [ -1414883.689900001278147, -1075449.4041999920737 ], [ -1414870.505899998126552, -1075419.105700001120567 ], [ -1414858.867999996989965, -1075392.53300000121817 ], [ -1414847.2866, -1075363.708099997835234 ], [ -1414835.115699996938929, -1075334.22620000038296 ], [ -1414822.66169999865815, -1075301.722299999790266 ], [ -1414798.936299994587898, -1075239.195999991381541 ], [ -1414757.990499997278675, -1075113.208700002869591 ], [ -1414749.487516580848023, -1075086.762983015505597 ], [ -1414741.570300002815202, -1075062.1391 ], [ -1414724.392899999860674, -1075009.273299992550164 ], [ -1414707.70569999772124, -1074964.046599996043369 ], [ -1414697.491700002923608, -1074938.908599997172132 ], [ -1414687.717200000304729, -1074914.293900003191084 ], [ -1414677.723600002005696, -1074891.262899997178465 ], [ -1414667.671800000360236, -1074869.351399992825463 ], [ -1414657.619999998714775, -1074848.122700001113117 ], [ -1414647.550500001758337, -1074827.542699998244643 ], [ -1414637.4354, -1074807.558100002119318 ], [ -1414627.252900001592934, -1074788.128699998604134 ], [ -1414619.862900000298396, -1074774.151299999561161 ], [ -1414611.798900001915172, -1074760.692699996056035 ], [ -1414603.688699997728691, -1074746.347899993183091 ], [ -1414595.188599997898564, -1074731.770800001220778 ], [ -1414577.284699999727309, -1074701.549600000260398 ], [ -1414557.713799997698516, -1074669.052800002740696 ], [ -1414539.953600000124425, -1074639.422299996716902 ], [ -1414518.607399997767061, -1074608.60459999833256 ], [ -1414497.99499999685213, -1074577.503399999113753 ], [ -1414443.364200000884011, -1074499.917600000509992 ], [ -1414414.004199998453259, -1074456.701100000878796 ], [ -1414399.398099999409169, -1074432.784300000406802 ], [ -1414385.416899997275323, -1074411.085099996300414 ], [ -1414372.461799998767674, -1074390.294400000944734 ], [ -1414360.395299997879192, -1074370.210700002033263 ], [ -1414346.891399997286499, -1074344.742299997713417 ], [ -1414334.329500000923872, -1074320.538200000766665 ], [ -1414321.952100000344217, -1074297.221700001275167 ], [ -1414309.9347, -1074275.4472 ], [ -1414298.637699998449534, -1074254.338500001700595 ], [ -1414288.16179999965243, -1074233.465100005269051 ], [ -1414278.480499999364838, -1074212.772199998609722 ], [ -1414269.574800001457334, -1074192.216899996157736 ], [ -1414258.999799999874085, -1074165.783099994063377 ], [ -1414249.159599999431521, -1074138.216600004117936 ], [ -1414240.010899995453656, -1074109.682400002377108 ], [ -1414232.774318270618096, -1074085.549142284784466 ], [ -1414231.4862, -1074081.2534 ], [ -1414223.202199996914715, -1074052.58889999310486 ], [ -1414215.384300002129748, -1074024.2277 ], [ -1414208.173799997661263, -1073995.400800003902987 ], [ -1414201.229300000937656, -1073966.42740000365302 ], [ -1414194.904699995415285, -1073937.035499999532476 ], [ -1414188.86210000095889, -1073907.56189999403432 ], [ -1414183.283399998676032, -1073877.896400002762675 ], [ -1414178.350300001213327, -1073847.930700002005324 ], [ -1414173.719700000248849, -1073817.988600003765896 ], [ -1414170.09629999822937, -1073787.766200000420213 ], [ -1414167.136499997228384, -1073757.590599997434765 ], [ -1414164.321999998064712, -1073727.467199998907745 ], [ -1414161.536699995165691, -1073694.634800001047552 ], [ -1414152.940899997251108, -1073615.63059999817051 ], [ -1414150.996999999741092, -1073594.943999990820885 ], [ -1414149.482199998339638, -1073576.236900001531467 ], [ -1414147.932099997298792, -1073553.676799999782816 ], [ -1414146.945399996824563, -1073532.693900004262105 ], [ -1414146.497800001641735, -1073512.898699997924268 ], [ -1414146.581900000805035, -1073494.09879999817349 ], [ -1414147.263799998210743, -1073474.032299998216331 ], [ -1414148.613700001034886, -1073454.89749999740161 ], [ -1414150.636999999638647, -1073436.591999993426725 ], [ -1414153.340199996018782, -1073419.048300004797056 ], [ -1414154.776199997635558, -1073410.562399997841567 ], [ -1414156.73439999949187, -1073402.193199997767806 ], [ -1414158.5176, -1073394.0451 ], [ -1414160.475899999728426, -1073386.059099997626618 ], [ -1414162.959199996199459, -1073378.17579999845475 ], [ -1414165.270700000459328, -1073370.501800000201911 ], [ -1414167.760100000537932, -1073362.979100002441555 ], [ -1414170.777300000656396, -1073355.549999998649582 ], [ -1414172.640900002093986, -1073350.342200002865866 ], [ -1414175.265699997311458, -1073344.547500001965091 ], [ -1414178.573500001104549, -1073338.584700000239536 ], [ -1414181.441599996294826, -1073333.033799995668232 ], [ -1414185.087399998679757, -1073326.861900002462789 ], [ -1414189.096200000261888, -1073320.523200002033263 ], [ -1414193.833900002297014, -1073313.935999993467703 ], [ -1414198.198600000469014, -1073307.652699992759153 ], [ -1414207.308499995386228, -1073295.962399997981265 ], [ -1414217.170800002524629, -1073283.57729999977164 ], [ -1414227.30399999814108, -1073271.743400002131239 ], [ -1414249.885100001934916, -1073249.194799994351342 ], [ -1414260.554699997184798, -1073237.564700002083555 ], [ -1414269.605599998729303, -1073227.085999999893829 ], [ -1414277.256299994653091, -1073216.882000002777204 ], [ -1414280.69179999618791, -1073211.936999992467463 ], [ -1414283.688700000289828, -1073207.230899998219684 ], [ -1414286.732999999308959, -1073201.613799999235198 ], [ -1414288.725999997230247, -1073197.730100001208484 ], [ -1414290.969200002495199, -1073192.452699999324977 ], [ -1414292.821199998492375, -1073187.323299998184666 ], [ -1414293.820300001651049, -1073183.445299998158589 ], [ -1414294.723600002005696, -1073179.009599995799363 ], [ -1414295.825800000224262, -1073170.924300001468509 ], [ -1414296.126899997936562, -1073162.898499997332692 ], [ -1414295.798300002934411, -1073159.341299996711314 ], [ -1414295.448199995793402, -1073155.363299992168322 ], [ -1414294.147000001743436, -1073147.4463000013493 ], [ -1414292.33169999695383, -1073138.896299997344613 ], [ -1414289.425999995321035, -1073131.073100002948195 ], [ -1414286.181899996707216, -1073122.173099996522069 ], [ -1414281.44520000112243, -1073113.842500002589077 ], [ -1414276.337899999693036, -1073105.066699997987598 ], [ -1414270.418199999723583, -1073096.313600001158193 ], [ -1414263.461199995828792, -1073086.994199995649979 ], [ -1414255.898100001737475, -1073078.264400000916794 ], [ -1414247.28389999596402, -1073068.953699999721721 ], [ -1414238.256100000813603, -1073059.14639999368228 ], [ -1414228.3681, -1073049.315399993909523 ], [ -1414216.741900002351031, -1073042.063599998131394 ], [ -1414207.550099996617064, -1073036.09660000144504 ], [ -1414197.812399996677414, -1073030.087699998402968 ], [ -1414187.511999995447695, -1073024.0265 ], [ -1414176.193999998737127, -1073018.384099999209866 ], [ -1414164.707499995827675, -1073012.182499999878928 ], [ -1414152.572500000474975, -1073005.880000000819564 ], [ -1414125.722399996593595, -1072993.352900000754744 ], [ -1414098.872699998086318, -1072981.560000000521541 ], [ -1414068.747099997242913, -1072968.177799998782575 ], [ -1414037.427299998700619, -1072955.378399998415262 ], [ -1413956.364999994169921, -1072921.712999998824671 ], [ -1413932.782800001325086, -1072912.142399993026629 ], [ -1413912.019400000339374, -1072903.363700000569224 ], [ -1413888.285200000973418, -1072890.345199997536838 ], [ -1413868.565200000768527, -1072876.86929999710992 ], [ -1413851.238699999637902, -1072864.717599992407486 ], [ -1413835.073599999770522, -1072852.95550000295043 ], [ -1413818.349499996984378, -1072839.664600001648068 ], [ -1413801.512899996014312, -1072827.011900001671165 ], [ -1413783.897199996281415, -1072814.215499993879348 ], [ -1413765.98560000048019, -1072803.825900003314018 ], [ -1413747.072500003268942, -1072794.802699994761497 ], [ -1413728.447700002929196, -1072785.551699999719858 ], [ -1413709.514299995964393, -1072776.402099993778393 ], [ -1413689.673799999291077, -1072767.682300003711134 ], [ -1413670.106899996288121, -1072758.727000002283603 ], [ -1413649.605399999301881, -1072750.188299996312708 ], [ -1413629.325100002810359, -1072741.389899995410815 ], [ -1413608.0742, -1072732.992199991596863 ], [ -1413587.008599996799603, -1072724.319400004576892 ], [ -1413565.511999995680526, -1072715.693399997195229 ], [ -1413520.520699999062344, -1072698.868800000287592 ], [ -1413477.655999998562038, -1072683.606999994022772 ], [ -1413431.34890000289306, -1072662.947400000877678 ], [ -1413381.816500001819804, -1072637.840400001965463 ], [ -1413332.441000001272187, -1072610.517100000288337 ], [ -1413285.095000000670552, -1072594.406499998411164 ], [ -1413232.095199996372685, -1072578.392399998148903 ], [ -1413036.641800001030788, -1072520.4480999938678 ], [ -1412956.745700000785291, -1072484.393699997104704 ], [ -1412915.575500001199543, -1072459.144999996991828 ], [ -1412876.872699999716133, -1072435.534900001483038 ], [ -1412838.673500001430511, -1072423.224499999312684 ], [ -1412802.569999997736886, -1072410.772300004726276 ], [ -1412759.312599998433143, -1072395.796599999768659 ], [ -1412718.260200003394857, -1072380.84389999625273 ], [ -1412678.563599998364225, -1072365.544100005179644 ], [ -1412640.28260000096634, -1072350.459399997489527 ], [ -1412603.554800001671538, -1072334.798700004583225 ], [ -1412567.683099996997043, -1072319.276600002078339 ], [ -1412532.775399998761714, -1072295.883300002431497 ], [ -1412498.810399997513741, -1072266.147599996998906 ], [ -1412431.196999999228865, -1072206.5713000013493 ], [ -1412269.219699998386204, -1072125.975600001402199 ], [ -1412227.700800003716722, -1072105.480200001038611 ], [ -1412190.279599999310449, -1072086.697800000896677 ], [ -1412144.921199999283999, -1072063.3316 ], [ -1412102.930300002451986, -1072041.020500002894551 ], [ -1412064.579900001641363, -1072004.892800001893193 ], [ -1412026.143299997318536, -1071963.931899996474385 ], [ -1412005.583400001283735, -1071942.444800003431737 ], [ -1411985.580900000408292, -1071920.46680000401102 ], [ -1411967.0939, -1071904.089999998221174 ], [ -1411948.180200001690537, -1071891.72639999864623 ], [ -1411930.259099997580051, -1071880.028499997453764 ], [ -1411912.573600003030151, -1071868.103100003441796 ], [ -1411895.16770000080578, -1071855.874599998351187 ], [ -1411878.304299995070323, -1071843.869100004201755 ], [ -1411861.672100000781938, -1071831.525800000643358 ], [ -1411845.557599997613579, -1071819.387000001966953 ], [ -1411829.471400002250448, -1071806.702999994624406 ], [ -1411814.284699997166172, -1071794.618099999148399 ], [ -1411799.246399998199195, -1071782.241399997845292 ], [ -1411784.412100000539795, -1071769.504399995552376 ], [ -1411770.052600001450628, -1071756.937799994368106 ], [ -1411755.88430000282824, -1071743.999499996192753 ], [ -1411733.849499998381361, -1071723.645200002705678 ], [ -1411713.92519999621436, -1071704.96960000297986 ], [ -1411695.332999996375293, -1071687.225699995644391 ], [ -1411677.63100000214763, -1071669.977899996563792 ], [ -1411660.941199999069795, -1071653.359999992884696 ], [ -1411646.047600000631064, -1071633.524700004374608 ], [ -1411631.676999999443069, -1071613.816899997415021 ], [ -1411622.199485433287919, -1071598.482202161801979 ], [ -1411618.66859999881126, -1071592.769199998816475 ], [ -1411606.116799998097122, -1071571.759499998530373 ], [ -1411592.930799995549023, -1071549.617400004295632 ], [ -1411580.322900003055111, -1071530.180599997052923 ], [ -1411568.559199998853728, -1071508.852999998489395 ], [ -1411557.032799996202812, -1071489.653599997516721 ], [ -1411545.873399998992682, -1071470.19099999894388 ], [ -1411535.57779999403283, -1071450.522299994481727 ], [ -1411525.626800000900403, -1071430.560199996689335 ], [ -1411509.387800002004951, -1071406.219299999065697 ], [ -1411494.745999998180196, -1071383.656599996611476 ], [ -1411481.276200001360849, -1071362.226599995512515 ], [ -1411468.559799995971844, -1071341.63370000012219 ], [ -1411456.91619999660179, -1071321.638300002319738 ], [ -1411446.099800003459677, -1071302.2105 ], [ -1411435.803599997190759, -1071283.221200003754348 ], [ -1411426.504299998749048, -1071264.684499994851649 ], [ -1411417.825899997958913, -1071246.309799996903166 ], [ -1411409.608100003097206, -1071228.23509999923408 ], [ -1411402.489800000796095, -1071210.670599997509271 ], [ -1411395.663599998457357, -1071193.182799991453066 ], [ -1411389.917100002989173, -1071176.155899998964742 ], [ -1411384.847899997606874, -1071159.373899993719533 ], [ -1411380.052799996454269, -1071142.617600002326071 ], [ -1411376.325900000985712, -1071126.285700001986697 ], [ -1411367.379000002983958, -1071083.977500001667067 ], [ -1411362.095899996347725, -1071056.089199998648837 ], [ -1411357.746199995046481, -1071030.136899993056431 ], [ -1411354.451199999079108, -1071006.481299997540191 ], [ -1411351.439100002404302, -1070983.102200004272163 ], [ -1411350.637499998789281, -1070972.262100003426895 ], [ -1411349.550599997863173, -1070961.411299998871982 ], [ -1411349.104799999389797, -1070951.094600000651553 ], [ -1411349.03209999599494, -1070941.260699999518692 ], [ -1411348.670800002291799, -1070931.369900002144277 ], [ -1411348.949100001249462, -1070921.984600002877414 ], [ -1411349.608299997635186, -1070912.723099999828264 ], [ -1411349.996100002434105, -1070903.402700001373887 ], [ -1411351.04149999585934, -1070894.5885 ], [ -1411352.477099998854101, -1070886.232000003335997 ], [ -1411353.642599997110665, -1070877.801099997479469 ], [ -1411355.068099997704849, -1070869.65950000169687 ], [ -1411357.153099995106459, -1070862.009499998064712 ], [ -1411359.630099999252707, -1070854.804800003068522 ], [ -1411361.839999997988343, -1070847.512899991357699 ], [ -1411364.312299996847287, -1070840.501699996879324 ], [ -1411367.44609999936074, -1070833.974800002295524 ], [ -1411370.974500002339482, -1070827.887099999701604 ], [ -1411374.236999995307997, -1070821.709999998100102 ], [ -1411377.76379999727942, -1070815.809099998092279 ], [ -1411381.555500002577901, -1070810.183399999514222 ], [ -1411386.011200000531971, -1070805.037400000728667 ], [ -1411391.973199998261407, -1070798.975799996871501 ], [ -1411397.951100001344457, -1070792.532199997920543 ], [ -1411404.451299995882437, -1070786.098000002093613 ], [ -1411411.444800001801923, -1070779.70200000051409 ], [ -1411419.433699998771772, -1070773.73619999946095 ], [ -1411427.314500001724809, -1070767.505900000454858 ], [ -1411435.574000000255182, -1070761.411399994976819 ], [ -1411444.162799999583513, -1070755.489000003319234 ], [ -1411453.060799999628216, -1070749.755000001518056 ], [ -1411462.70789999817498, -1070744.635400002123788 ], [ -1411471.982900001574308, -1070739.435199999250472 ], [ -1411481.351300002774224, -1070734.556500001810491 ], [ -1411490.747399996966124, -1070730.033499998040497 ], [ -1411500.107199998805299, -1070725.896999998716637 ], [ -1411509.36699999589473, -1070722.174999997485429 ], [ -1411518.466800002148375, -1070718.891699998173863 ], [ -1411525.666499997954816, -1070716.647700002649799 ], [ -1411533.384399995207787, -1070717.513999997638166 ], [ -1411540.85379999736324, -1070718.32249999511987 ], [ -1411548.347900000400841, -1070721.866799996467307 ], [ -1411556.434500001603737, -1070723.280299999751151 ], [ -1411564.880500002065673, -1070724.98860000167042 ], [ -1411573.449499994982034, -1070729.420299998018891 ], [ -1411582.482000002171844, -1070734.140500000678003 ], [ -1411597.533100002445281, -1070739.333999992115423 ], [ -1411614.170099999755621, -1070747.711199997225776 ], [ -1411630.89799999888055, -1070758.992800003616139 ], [ -1411678.807599995750934, -1070781.109400000423193 ], [ -1411693.962900002254173, -1070782.216100001009181 ], [ -1411707.409800002351403, -1070782.849599997047335 ], [ -1411734.580200002528727, -1070783.974800003692508 ], [ -1411761.939099997282028, -1070785.620900003239512 ], [ -1411789.499799998244271, -1070787.788699992932379 ], [ -1411817.277600002242252, -1070790.479400002397597 ], [ -1411845.285899998620152, -1070793.694299998227507 ], [ -1411873.54549999977462, -1070797.435700000496581 ], [ -1411902.075699995504692, -1070801.706099998904392 ], [ -1411930.396599997067824, -1070806.220999999670312 ], [ -1411959.493700002785772, -1070811.551799994660541 ], [ -1411988.367799997562543, -1070821.341200002701953 ], [ -1412016.765400001546368, -1070837.554200000595301 ], [ -1412045.095499997027218, -1070856.42369999946095 ], [ -1412074.858600001549348, -1070874.469599992735311 ], [ -1412104.540800001937896, -1070895.0491999972146 ], [ -1412135.504999998025596, -1070907.80619999486953 ], [ -1412167.857299997704104, -1070917.10969999502413 ], [ -1412194.148699999321252, -1070924.977100002579391 ], [ -1412220.239700000267476, -1070932.832499992335215 ], [ -1412247.584899998735636, -1070941.5498 ], [ -1412275.560399998212233, -1070950.724599996116012 ], [ -1412303.515099998563528, -1070959.944100001594052 ], [ -1412333.00040000048466, -1070970.115600002696738 ], [ -1412362.758000002941117, -1070980.431000000564381 ], [ -1412394.396300000837073, -1070991.820799998706207 ], [ -1412447.154099998762831, -1071017.674899996491149 ], [ -1412505.750099997967482, -1071059.560500002931803 ], [ -1412562.426299998769537, -1071098.848499997053295 ], [ -1412703.491700001759455, -1071153.464000002481043 ], [ -1412777.248699998948723, -1071181.601899997796863 ], [ -1412815.128699998604134, -1071195.769099998753518 ], [ -1412850.418200002983212, -1071208.755199996987358 ], [ -1412884.162899999180809, -1071222.277700001606718 ], [ -1412915.213399996748194, -1071242.680700003867969 ], [ -1412949.29200000083074, -1071263.815899999579415 ], [ -1412982.182199996430427, -1071284.041999998968095 ], [ -1413014.516699996078387, -1071299.766100003384054 ], [ -1413046.826200001174584, -1071309.866800002753735 ], [ -1413078.181699997978285, -1071319.268300001276657 ], [ -1413109.165600002277642, -1071328.211700003361329 ], [ -1413139.318300001788884, -1071336.4914 ], [ -1413169.229200004134327, -1071344.349699997808784 ], [ -1413200.934899999061599, -1071352.672099997522309 ], [ -1413233.786999998381361, -1071361.658100005006418 ], [ -1413268.664899999275804, -1071371.629499999107793 ], [ -1413305.720099998172373, -1071382.554699999047443 ], [ -1413372.715399995213374, -1071414.974299997556955 ], [ -1413535.315299999434501, -1071484.910499998135492 ], [ -1413579.08629999961704, -1071498.2363000002224 ], [ -1413618.822900002356619, -1071509.872399997897446 ], [ -1413659.823899996699765, -1071521.402499992167577 ], [ -1413698.603199997683987, -1071531.950800000457093 ], [ -1413735.414099996676669, -1071541.384699997026473 ], [ -1413770.985399995697662, -1071549.824200002243742 ], [ -1413793.469200000399724, -1071559.374200004618615 ], [ -1413815.568399995798245, -1071569.727099997224286 ], [ -1413837.259799997555092, -1071579.576399993617088 ], [ -1413858.553599999519065, -1071589.196300002513453 ], [ -1413879.4301, -1071598.361600004136562 ], [ -1413900.322700001532212, -1071603.909200001740828 ], [ -1413921.167599994223565, -1071606.809700001962483 ], [ -1413941.750599996419623, -1071609.532699991250411 ], [ -1413962.110699999378994, -1071611.917599997716025 ], [ -1413982.233800001675263, -1071613.962000003317371 ], [ -1414002.135599998990074, -1071615.667800002265722 ], [ -1414021.829699996160343, -1071617.035799992037937 ], [ -1414041.33049999573268, -1071618.067300000227988 ], [ -1414060.647400000831112, -1071618.762400004081428 ], [ -1414079.790899998974055, -1071619.121800003107637 ], [ -1414098.770300002070144, -1071619.145500003825873 ], [ -1414170.306200000457466, -1071618.534899997757748 ], [ -1414219.897900002542883, -1071617.594599999021739 ], [ -1414242.251899998635054, -1071621.081899999640882 ], [ -1414262.714200001675636, -1071624.412799996323884 ], [ -1414281.348099997965619, -1071628.628899992443621 ], [ -1414298.384599996730685, -1071631.631299992091954 ], [ -1414314.299399998039007, -1071634.406099993968382 ], [ -1414328.594199998769909, -1071635.930799995316193 ], [ -1414341.266800003359094, -1071636.231599999358878 ], [ -1414352.403599997516721, -1071634.268699992448092 ], [ -1414361.863800002494827, -1071632.116599998436868 ], [ -1414369.64799999888055, -1071629.774999996414408 ], [ -1414372.916499997256324, -1071628.708500002976507 ], [ -1414375.763099994044751, -1071627.418599993688986 ], [ -1414378.191899999510497, -1071626.080799999646842 ], [ -1414380.202900000149384, -1071624.695199999026954 ], [ -1414382.517399996751919, -1071622.416199997765943 ], [ -1414383.3398, -1071621.187099998816848 ], [ -1414383.938999996287748, -1071619.898 ], [ -1414384.315200002165511, -1071618.548999999184161 ], [ -1414384.468199994880706, -1071617.139900000533089 ], [ -1414384.398099999176338, -1071615.670800001593307 ], [ -1414384.104899994796142, -1071614.141499993158504 ], [ -1414382.849200000753626, -1071610.902000001864508 ], [ -1414380.704499996965751, -1071607.596399993402883 ], [ -1414377.662700000917539, -1071603.872099998639897 ], [ -1414373.726499997545034, -1071599.903399999486282 ], [ -1414368.898499995004386, -1071595.692499997792765 ], [ -1414363.173999994294718, -1071591.234400001820177 ], [ -1414356.554100000532344, -1071586.702700000721961 ], [ -1414349.027299999026582, -1071581.743299995083362 ], [ -1414340.594199997605756, -1071576.529699996579438 ], [ -1414331.326599998166785, -1071570.194400001084432 ], [ -1414321.299300001235679, -1071561.324199998751283 ], [ -1414310.371299997903407, -1071553.341599994106218 ], [ -1414288.689900000579655, -1071537.04369999980554 ], [ -1414263.979200001107529, -1071518.597500001080334 ], [ -1414236.021999998018146, -1071498.084499996621162 ], [ -1414204.159500000532717, -1071481.464900000719354 ], [ -1414149.33389999717474, -1071457.623399997828528 ], [ -1414018.479600001359358, -1071402.227100001880899 ], [ -1413991.475099999690428, -1071390.618800002150238 ], [ -1413969.307999997399747, -1071380.863200004212558 ], [ -1413933.429000000469387, -1071365.173399999272078 ], [ -1413896.683199998456985, -1071349.763999997870997 ], [ -1413859.749799996847287, -1071326.915699997218326 ], [ -1413822.1779, -1071302.142800002358854 ], [ -1413783.883400002261624, -1071277.678400002187118 ], [ -1413743.11149999499321, -1071262.008099996484816 ], [ -1413701.166200002888218, -1071247.65459999605082 ], [ -1413657.87149999756366, -1071233.401599996723235 ], [ -1413613.866600000765175, -1071219.421400001039729 ], [ -1413568.403700000606477, -1071205.506000001681969 ], [ -1413521.040500001050532, -1071191.494400000898167 ], [ -1413471.369600000558421, -1071177.265500000910833 ], [ -1413420.3022, -1071155.905099998926744 ], [ -1413366.700800001155585, -1071128.342500003287569 ], [ -1413308.303300001192838, -1071102.22780000185594 ], [ -1413238.15929999621585, -1071084.023099999409169 ], [ -1413203.755800002254546, -1071075.371100004762411 ], [ -1413168.546600000699982, -1071067.126300002448261 ], [ -1413132.236900000134483, -1071059.091199999675155 ], [ -1413095.312300000339746, -1071051.40549999801442 ], [ -1413057.377099996665493, -1071044.080500002484769 ], [ -1413018.039499999023974, -1071036.902100002160296 ], [ -1412978.508400000631809, -1071023.587000003783032 ], [ -1412938.550499999662861, -1071005.403699995251372 ], [ -1412900.133899997454137, -1070989.202799999155104 ], [ -1412858.898899994790554, -1070978.273600000189617 ], [ -1412814.879700000630692, -1070972.343799997819588 ], [ -1412768.249599996488541, -1070966.443199998233467 ], [ -1412675.032699999399483, -1070955.299000000348315 ], [ -1412495.156499999109656, -1070913.603900001849979 ], [ -1412422.339400002267212, -1070884.132400000933558 ], [ -1412344.895599998766556, -1070874.593500000890344 ], [ -1412275.165899995714426, -1070865.201099998317659 ], [ -1412234.454799999250099, -1070859.314299999736249 ], [ -1412195.380000000353903, -1070853.334399997023866 ], [ -1412158.069099999032915, -1070847.363899990916252 ], [ -1412121.543099998962134, -1070841.085400000214577 ], [ -1412087.313499994808808, -1070824.238200000254437 ], [ -1412053.974800002062693, -1070802.830599999520928 ], [ -1412022.199399996548891, -1070784.159699997864664 ], [ -1411990.887099999701604, -1070765.244999999646097 ], [ -1411924.524299998767674, -1070746.822499994887039 ], [ -1411768.035399999469519, -1070713.344100000569597 ], [ -1411692.938399999402463, -1070696.691400000825524 ], [ -1411650.580300001427531, -1070676.832400004612282 ], [ -1411612.05579999438487, -1070649.954100004397333 ], [ -1411575.829500000691041, -1070623.55680000432767 ], [ -1411541.669900001259521, -1070600.017099991440773 ], [ -1411503.263199998764321, -1070585.18169999611564 ], [ -1411465.137200000230223, -1070574.287200002232566 ], [ -1411428.934099997160956, -1070563.587299999548122 ], [ -1411393.999899994814768, -1070552.720400000689551 ], [ -1411360.112399999750778, -1070541.531400002073497 ], [ -1411327.273599997861311, -1070530.102400003233925 ], [ -1411294.815700000384822, -1070517.936799992807209 ], [ -1411263.764099998399615, -1070505.79419999755919 ], [ -1411249.354199998546392, -1070499.93479999830015 ], [ -1411234.198399995453656, -1070493.217899999348447 ], [ -1411219.966999999480322, -1070478.462799993110821 ], [ -1411205.329999998677522, -1070466.039899999508634 ], [ -1411190.117900000652298, -1070450.276600001147017 ], [ -1411175.653799996711314, -1070434.873000002466142 ], [ -1411159.382599995704368, -1070420.554599998984486 ], [ -1411143.343699997290969, -1070403.476800002157688 ], [ -1411116.024499999592081, -1070377.512199998600408 ], [ -1411084.762899997178465, -1070345.707400000886992 ], [ -1411054.836299999151379, -1070324.615099997492507 ], [ -1410979.070900002028793, -1070276.428699997952208 ], [ -1410939.03970000334084, -1070251.651300000725314 ], [ -1410918.111399997025728, -1070238.976299998117611 ], [ -1410898.990699997870252, -1070227.991399998776615 ], [ -1410880.111999998334795, -1070217.2356 ], [ -1410862.515299994498491, -1070207.864700002595782 ], [ -1410842.371599995531142, -1070197.27390000061132 ], [ -1410822.864300000946969, -1070187.880700001027435 ], [ -1410803.698199999751523, -1070178.847200000891462 ], [ -1410785.976499996846542, -1070166.471799992956221 ], [ -1410768.242699998896569, -1070152.192100000567734 ], [ -1410751.266800001496449, -1070138.816100000170991 ], [ -1410733.951699996599928, -1070125.812599993543699 ], [ -1410716.464799999026582, -1070115.396899997489527 ], [ -1410700.410499998601153, -1070103.433899997035041 ], [ -1410683.78089999826625, -1070094.412000002339482 ], [ -1410667.201699998928234, -1070085.790300001623109 ], [ -1410649.827900001080707, -1070074.442899999441579 ], [ -1410632.082700000144541, -1070063.410300004761666 ], [ -1410612.807199998060241, -1070059.38389999885112 ], [ -1410593.03309999848716, -1070055.957199999364093 ], [ -1410572.325399997876957, -1070052.178599995793775 ], [ -1410552.17069999454543, -1070048.730399997904897 ], [ -1410531.089299997547641, -1070045.336699997773394 ], [ -1410485.803900001337752, -1070039.17320000147447 ], [ -1410437.046599999768659, -1070032.630099994130433 ], [ -1410350.910799996927381, -1070020.200199995422736 ], [ -1410336.876800002530217, -1070014.621899998513982 ], [ -1410322.927399997133762, -1070007.319899997673929 ], [ -1410308.849399999016896, -1070002.376299999421462 ], [ -1410293.976999998558313, -1069997.007400001399219 ], [ -1410263.79839999624528, -1069987.289400003151968 ], [ -1410232.691899997647852, -1069975.754100000485778 ], [ -1410201.306499999016523, -1069967.253799997968599 ], [ -1410168.519200002541766, -1069961.510300001828 ], [ -1410133.564399996539578, -1069962.584400001680478 ], [ -1410097.121699998853728, -1069964.393899996764958 ], [ -1410066.340699997963384, -1069966.406199997989461 ], [ -1410033.668999997200444, -1069968.490200002677739 ], [ -1409999.696800001664087, -1069971.543600004166365 ], [ -1409963.319500001147389, -1069975.187899996526539 ], [ -1409931.186199999647215, -1069978.665499993367121 ], [ -1409895.986899998039007, -1069978.246199992252514 ], [ -1409778.924499998800457, -1069966.067299997899681 ], [ -1409734.841999997850507, -1069960.277700000442564 ], [ -1409689.841400002595037, -1069963.368000002577901 ], [ -1409648.85909999650903, -1069966.99740000301972 ], [ -1409604.819699997315183, -1069970.510699997656047 ], [ -1409564.100399999879301, -1069973.330699992366135 ], [ -1409525.528199997497723, -1069975.282200003042817 ], [ -1409488.730400000466034, -1069976.383299996843562 ], [ -1409468.451799995964393, -1069976.634000000543892 ], [ -1409448.908799996599555, -1069972.332199997268617 ], [ -1409430.236799997277558, -1069967.981900001177564 ], [ -1409411.839600000996143, -1069964.871400000993162 ], [ -1409393.7166, -1069959.504399997880682 ], [ -1409375.736299999756739, -1069955.371199998538941 ], [ -1409358.26279999804683, -1069949.453600002685562 ], [ -1409340.897100003203377, -1069944.767499997280538 ], [ -1409323.871399999363348, -1069939.732500000391155 ], [ -1409307.194200001657009, -1069934.348999997600913 ], [ -1409290.777300000190735, -1069928.68330000131391 ], [ -1409274.61010000272654, -1069922.7338000042364 ], [ -1409258.146499998867512, -1069919.65180000080727 ], [ -1409242.352399996714666, -1069916.606999998679385 ], [ -1409226.344099999405444, -1069912.949400001903996 ], [ -1409210.552299997303635, -1069909.001599999843165 ], [ -1409178.161899994825944, -1069900.241399993188679 ], [ -1409145.361300000688061, -1069890.770400000270456 ], [ -1409112.707600002642721, -1069880.730399993248284 ], [ -1409080.638600000878796, -1069870.445400000782683 ], [ -1409048.835299999453127, -1069859.409299996681511 ], [ -1409016.771699995035306, -1069846.300000003306195 ], [ -1408985.911099997349083, -1069827.440200001467019 ], [ -1408955.248299992876127, -1069808.966799992602319 ], [ -1408924.593100001802668, -1069790.162799996091053 ], [ -1408893.837099995464087, -1069770.361900005256757 ], [ -1408864.370200001401827, -1069750.33250000141561 ], [ -1408834.125299999723211, -1069731.139700000174344 ], [ -1408803.232700002612546, -1069713.889999999431893 ], [ -1408773.272799997590482, -1069697.966299998108298 ], [ -1408742.827699997695163, -1069681.359399998793378 ], [ -1408713.161500000394881, -1069664.297599998302758 ], [ -1408683.010100001469254, -1069646.552700004773214 ], [ -1408653.13600000157021, -1069628.0634999955073 ], [ -1408623.779699997510761, -1069609.470099993282929 ], [ -1408593.621900001307949, -1069589.75719999615103 ], [ -1408565.051400000462309, -1069566.925700002815574 ], [ -1408536.344799998449162, -1069542.23060000105761 ], [ -1408507.765799995977432, -1069516.610999994212762 ], [ -1408479.706300001824275, -1069491.418000001227483 ], [ -1408451.009299998870119, -1069464.072099996497855 ], [ -1408423.355099995387718, -1069437.55279999691993 ], [ -1408394.881799995433539, -1069410.077500002458692 ], [ -1408367.339699998497963, -1069383.617199996020645 ], [ -1408339.506599999498576, -1069359.107400000793859 ], [ -1408310.816899995552376, -1069333.704599996563047 ], [ -1408283.27739999932237, -1069308.05679999361746 ], [ -1408255.57609999505803, -1069281.844300003256649 ], [ -1408321.009, -1069281.844300003256649 ], [ -1408291.11119999946095, -1069261.64649999816902 ], [ -1408261.554099996108562, -1069241.517499995185062 ], [ -1408231.986400000285357, -1069221.052100001601502 ], [ -1408202.759199999039993, -1069200.655499996617436 ], [ -1408173.521499996539205, -1069179.92259999900125 ], [ -1408144.765399995492771, -1069158.354099998716265 ], [ -1408116.503299998352304, -1069133.60399999585934 ], [ -1408088.408199997153133, -1069109.879999996861443 ], [ -1408060.002399999182671, -1069084.520699993241578 ], [ -1408032.360599998151883, -1069060.044099999824539 ], [ -1408004.368899999652058, -1069035.356899998383597 ], [ -1407976.811299995984882, -1069010.398299998370931 ], [ -1407949.078999998513609, -1068985.274400001391768 ], [ -1407921.663400003686547, -1068961.100299997255206 ], [ -1407893.749499998288229, -1068938.991799996700138 ], [ -1407866.32289999909699, -1068916.738700000336394 ], [ -1407838.739099998725578, -1068894.362499999813735 ], [ -1407811.642499999608845, -1068871.841899999184534 ], [ -1407784.903699998511001, -1068849.275300002191216 ], [ -1407757.926899996818975, -1068826.462799997767434 ], [ -1407731.518200000515208, -1068803.628599998774007 ], [ -1407705.191700001945719, -1068779.839900001417845 ], [ -1407679.293699998408556, -1068754.169500001939014 ], [ -1407653.538599998457357, -1068728.383500000229105 ], [ -1407628.266099999425933, -1068702.4072999979835 ], [ -1407602.590000002179295, -1068676.169700001832098 ], [ -1407577.7281, -1068649.728999999118969 ], [ -1407552.285999997286126, -1068624.000100002856925 ], [ -1407537.003499996382743, -1068607.300700000720099 ], [ -1406871.437174092745408, -1068560.127227011369541 ], [ -1404532.131399999838322, -1068394.323799994541332 ], [ -1398298.287799997022375, -1065958.615200005006045 ], [ -1393710.917399998288602, -1062524.2096000041347 ], [ -1392857.194832622073591, -1062008.505540530662984 ], [ -1389628.170599996345118, -1060057.964499995810911 ], [ -1389610.789000003132969, -1060065.000600000144914 ], [ -1389592.133200002834201, -1060072.968800002709031 ], [ -1389571.291299995733425, -1060082.610699999611825 ], [ -1389549.39159999974072, -1060093.099199997028336 ], [ -1389487.088199997320771, -1060122.85749999852851 ], [ -1389467.364400000544265, -1060132.163699997588992 ], [ -1389449.614999997895211, -1060140.232199998339638 ], [ -1389429.309499997412786, -1060148.813700005412102 ], [ -1389410.171500001568347, -1060156.455400003353134 ], [ -1389391.923099996289238, -1060163.124900001101196 ], [ -1389374.492899998789653, -1060168.725699996342883 ], [ -1389356.596500002313405, -1060174.052699994994327 ], [ -1389338.685999997192994, -1060178.68969999323599 ], [ -1389320.23570000147447, -1060183.35909999650903 ], [ -1389301.692000001203269, -1060187.628400004003197 ], [ -1389282.672800002852455, -1060191.663400002522394 ], [ -1389263.3426, -1060195.377799997339025 ], [ -1389243.793600001838058, -1060198.58879999187775 ], [ -1389223.980399999534711, -1060201.580200000666082 ], [ -1389203.665099997306243, -1060204.34369999775663 ], [ -1389182.980699999025092, -1060206.797099998919293 ], [ -1389162.1786999986507, -1060208.591299997176975 ], [ -1389140.741199995856732, -1060210.300500000827014 ], [ -1389118.872899997979403, -1060211.706200001761317 ], [ -1389096.760099997743964, -1060212.591199998743832 ], [ -1389073.920599999139085, -1060213.397999997250736 ], [ -1389050.721199998632073, -1060213.817500000819564 ], [ -1389030.423899998888373, -1060214.114999991375953 ], [ -1389009.470699996221811, -1060214.292200001655146 ], [ -1388988.004999997094274, -1060214.258499996270984 ], [ -1388966.270899998722598, -1060213.867400005226955 ], [ -1388920.708399999188259, -1060212.523699996992946 ], [ -1388871.739500003168359, -1060210.299200000474229 ], [ -1388829.166000000899658, -1060207.87439999403432 ], [ -1388781.784799998626113, -1060204.674599999794737 ], [ -1388632.031100001884624, -1060193.417300002183765 ], [ -1388580.817899995949119, -1060189.6993 ], [ -1388533.221899997442961, -1060186.843400004785508 ], [ -1388490.658700000261888, -1060184.514300003182143 ], [ -1388447.865800001425669, -1060182.413700000848621 ], [ -1388405.280099998926744, -1060179.965100002707914 ], [ -1388362.706899997312576, -1060177.256499995244667 ], [ -1388319.954899997916073, -1060174.36269999970682 ], [ -1388277.227299998281524, -1060171.169000001857057 ], [ -1388234.189799998886883, -1060168.106999994022772 ], [ -1388191.108799999114126, -1060164.701400001533329 ], [ -1388148.392299995291978, -1060160.630800002953038 ], [ -1388105.460899997036904, -1060156.445399998920038 ], [ -1388062.868000000249594, -1060151.752799998270348 ], [ -1388020.516999998595566, -1060146.619399997871369 ], [ -1387978.062199995853007, -1060141.413300001062453 ], [ -1387935.455799998948351, -1060135.999200003687292 ], [ -1387893.0605, -1060130.193700001109391 ], [ -1387850.558099999791011, -1060124.21909999800846 ], [ -1387807.876799997407943, -1060118.08939999807626 ], [ -1387764.918900001561269, -1060112.246799998916686 ], [ -1387722.411600000690669, -1060105.497500001685694 ], [ -1387679.786800002446398, -1060098.541000001132488 ], [ -1387637.12360000051558, -1060091.250700003700331 ], [ -1387594.798299999209121, -1060083.442799999844283 ], [ -1387552.349500001873821, -1060075.471800000872463 ], [ -1387510.060400001937523, -1060067.158600001828745 ], [ -1387467.144699999364093, -1060059.394299996085465 ], [ -1387424.855500001460314, -1060050.580699995858595 ], [ -1387382.51779999746941, -1060041.58659999910742 ], [ -1387339.894200001610443, -1060032.607599996961653 ], [ -1387297.5471000012476, -1060023.101899998961017 ], [ -1387255.133400000631809, -1060013.392999996664003 ], [ -1387212.016899998765439, -1060004.239300000481308 ], [ -1387170.075899999588728, -1059993.661400004290044 ], [ -1387128.172199999447912, -1059982.715500002959743 ], [ -1387224.615800000261515, -1059978.518199999816716 ], [ -1387180.155000002589077, -1059960.784000003244728 ], [ -1387134.726199999218807, -1059944.583199998363853 ], [ -1387089.745299998903647, -1059928.357200003461912 ], [ -1387044.812299996381626, -1059912.595300003420562 ], [ -1386998.904800000134856, -1059898.494300003862008 ], [ -1386953.436600000364706, -1059884.362599998246878 ], [ -1386907.789199997670949, -1059871.062399998307228 ], [ -1386862.057899998268113, -1059858.297599998302758 ], [ -1386815.957899994682521, -1059846.478100002743304 ], [ -1386769.460700003197417, -1059835.658800001256168 ], [ -1386723.648800000315532, -1059824.679600000148639 ], [ -1386677.599899996770546, -1059814.756799996364862 ], [ -1386631.807899998035282, -1059804.920899995602667 ], [ -1386585.287799996323884, -1059796.222799999872223 ], [ -1386538.820099994773045, -1059788.030699991621077 ], [ -1386492.356600001920015, -1059780.381499998737127 ], [ -1386475.359400001820177, -1059777.943599997321144 ], [ -1386457.956199998501688, -1059775.755499997874722 ], [ -1386440.109699999447912, -1059773.813099996652454 ], [ -1386421.864799996605143, -1059772.054199998034164 ], [ -1386403.002799999434501, -1059770.589000000385568 ], [ -1386383.369299996644258, -1059769.662899994291365 ], [ -1386363.164599997922778, -1059768.649599998490885 ], [ -1386341.733299996471033, -1059768.127200002316386 ], [ -1386305.530299998121336, -1059767.261200000997633 ], [ -1386265.482299999101087, -1059766.540800002170727 ], [ -1386226.867799998959526, -1059766.389500001678243 ], [ -1386133.617699999827892, -1059766.45010000304319 ], [ -1386085.681999997235835, -1059766.105199997313321 ], [ -1386061.587299994425848, -1059765.721999999601394 ], [ -1386039.01209999807179, -1059765.134400001959875 ], [ -1386017.674599999794737, -1059764.325300003401935 ], [ -1385997.146500000730157, -1059763.360899998573586 ], [ -1385975.59930000314489, -1059762.055399998091161 ], [ -1385954.966899999883026, -1059760.408399996580556 ], [ -1385934.887299997964874, -1059758.539899994153529 ], [ -1385915.410599997732788, -1059756.378999998094514 ], [ -1385896.420600002398714, -1059753.951800000621006 ], [ -1385877.921299997251481, -1059751.2186000039801 ], [ -1385859.777199996169657, -1059748.20180000225082 ], [ -1385842.37520000198856, -1059744.680500002577901 ], [ -1385828.553100002463907, -1059742.019799993140623 ], [ -1385814.961399990366772, -1059738.714499992085621 ], [ -1385801.288100002100691, -1059735.163700002245605 ], [ -1385787.526299996301532, -1059731.365900000557303 ], [ -1385773.342599995667115, -1059727.50609999219887 ], [ -1385759.381800001021475, -1059723.20829999470152 ], [ -1385745.307699997443706, -1059718.656599991256371 ], [ -1385730.74749999679625, -1059714.393599996808916 ], [ -1385715.803000001003966, -1059710.218300002161413 ], [ -1385701.193599995225668, -1059705.14869999838993 ], [ -1385671.478199999779463, -1059694.198000000789762 ], [ -1385640.509299998637289, -1059682.454999991226941 ], [ -1385609.013400001218542, -1059669.062199997482821 ], [ -1385580.388199999695644, -1059657.360800000373274 ], [ -1385551.355899997055531, -1059643.689300002064556 ], [ -1385520.576000000815839, -1059629.111200003651902 ], [ -1385488.192199998069555, -1059612.846399999689311 ], [ -1385457.787399996770546, -1059598.614099995233119 ], [ -1385424.623099997173995, -1059581.723499999614432 ], [ -1385306.59590000147, -1059520.201099997153506 ], [ -1385258.704600000986829, -1059496.310500000603497 ], [ -1385233.522699996596202, -1059483.21389999683015 ], [ -1385209.398099998477846, -1059471.447800001362339 ], [ -1385186.896899998886511, -1059460.169599999673665 ], [ -1385164.950100001879036, -1059449.962499998509884 ], [ -1385138.759900000412017, -1059438.584999998332933 ], [ -1385114.030499998945743, -1059427.244699992239475 ], [ -1385089.530999995069578, -1059417.016999994404614 ], [ -1385066.1266, -1059407.2154999980703 ], [ -1385042.844199997605756, -1059398.432000002590939 ], [ -1385019.866999997058883, -1059390.621099999407306 ], [ -1384997.618500001030043, -1059382.686799998162314 ], [ -1384975.695600000442937, -1059375.339100001612678 ], [ -1384953.479800003115088, -1059368.952399998437613 ], [ -1384931.328299998538569, -1059362.055700002005324 ], [ -1384908.658699997700751, -1059355.31899999640882 ], [ -1384885.295200002146885, -1059348.898600001586601 ], [ -1384861.464099995559081, -1059342.446200000587851 ], [ -1384837.048500001896173, -1059335.898100001271814 ], [ -1384811.811299995752051, -1059329.842900001443923 ], [ -1384785.839499997906387, -1059323.8336 ], [ -1384758.189699998823926, -1059318.748300000326708 ], [ -1384729.972500000149012, -1059312.76539999851957 ], [ -1384700.287600001087412, -1059306.722900001797825 ], [ -1384668.5822, -1059300.567099996143952 ], [ -1384603.079999996349216, -1059288.869900000747293 ], [ -1384471.673899998655543, -1059266.677600001450628 ], [ -1384416.495099997613579, -1059256.669100004481152 ], [ -1384359.136699998751283, -1059245.675500000827014 ], [ -1384307.622000003233552, -1059235.591900002444163 ], [ -1384277.560400001704693, -1059229.063900003442541 ], [ -1384248.83089999598451, -1059222.549099997384474 ], [ -1384220.931799998041242, -1059216.399800000246614 ], [ -1384193.86359999794513, -1059210.171200000215322 ], [ -1384167.885599998757243, -1059203.315999997779727 ], [ -1384142.530499996850267, -1059196.295799998566508 ], [ -1384117.628100000554696, -1059189.236099998001009 ], [ -1384093.497900002403185, -1059181.695699998177588 ], [ -1384070.86539999791421, -1059174.305700003867969 ], [ -1384047.850800000363961, -1059166.700399996247143 ], [ -1384023.997600000584498, -1059159.508099997183308 ], [ -1384000.049100001342595, -1059151.099899999098852 ], [ -1383975.569699997780845, -1059142.238199998158962 ], [ -1383950.269899997627363, -1059133.321099997730926 ], [ -1383924.341800002846867, -1059123.47399999666959 ], [ -1383897.537999995984137, -1059113.03970000334084 ], [ -1383850.533999999519438, -1059095.244399995543063 ], [ -1383798.764899994945154, -1059074.603799998061731 ], [ -1383748.277199998497963, -1059054.544100000523031 ], [ -1383621.84669999871403, -1059003.691500002751127 ], [ -1383554.169899995904416, -1058976.299000000581145 ], [ -1383518.907900002319366, -1058962.07950000395067 ], [ -1383485.293099999194965, -1058949.81129999505356 ], [ -1383453.7607, -1058937.638399992370978 ], [ -1383423.30160000314936, -1058926.698699992382899 ], [ -1383324.128099998924881, -1058890.768699993612245 ], [ -1383213.361599999014288, -1058850.641600000904873 ], [ -1383106.964799995999783, -1058810.821499993093312 ], [ -1382837.695699997246265, -1058711.863899996504188 ], [ -1382693.068299997597933, -1058659.023299993015826 ], [ -1382618.192399999825284, -1058631.620599997229874 ], [ -1382547.2678, -1058606.438600001623854 ], [ -1382480.379599996842444, -1058582.553599991369992 ], [ -1382415.705899999476969, -1058560.2175 ], [ -1382336.630899995099753, -1058533.061299999477342 ], [ -1382259.864599997876212, -1058507.7008 ], [ -1382186.451400001998991, -1058483.455200002063066 ], [ -1382115.090799998724833, -1058460.255200000246987 ], [ -1382045.002899999264628, -1058438.801899996818975 ], [ -1381976.853599997935817, -1058417.889100003987551 ], [ -1381909.9035, -1058398.184799999464303 ], [ -1381844.241399996448308, -1058379.671700000297278 ], [ -1381807.999899996677414, -1058369.845 ], [ -1381772.438499997369945, -1058359.961800002492964 ], [ -1381736.809000001754612, -1058350.78309999848716 ], [ -1381701.835899999365211, -1058341.48909999942407 ], [ -1381666.893900001421571, -1058333.041700000874698 ], [ -1381632.495099999010563, -1058324.341699996730313 ], [ -1381598.125700002070516, -1058316.298700000392273 ], [ -1381564.299699996365234, -1058308.171199992531911 ], [ -1381530.484999995678663, -1058300.742599998600781 ], [ -1381497.181299995165318, -1058293.175700001418591 ], [ -1381463.829999997047707, -1058286.432299998123199 ], [ -1381430.882399995345622, -1058279.444600001676008 ], [ -1381398.060600003460422, -1058272.755100001813844 ], [ -1381365.085199997294694, -1058266.682400002609938 ], [ -1381332.643700001528487, -1058260.471000001300126 ], [ -1381300.386799999279901, -1058254.531299999216571 ], [ -1381268.038899997249246, -1058249.29809999698773 ], [ -1381236.143899996997789, -1058243.915500002680346 ], [ -1381204.41609999560751, -1058238.801800003973767 ], [ -1381172.545299999183044, -1058234.486800000770018 ], [ -1381141.173599996836856, -1058229.908299999544397 ], [ -1381109.991800000891089, -1058225.595899997046217 ], [ -1381078.957600000314415, -1058221.54980000318028 ], [ -1381048.0668, -1058217.769200000213459 ], [ -1381016.969399997266009, -1058214.661099998047575 ], [ -1380986.286899998085573, -1058211.443799997447059 ], [ -1380955.73589999973774, -1058208.490799998864532 ], [ -1380925.247499995399266, -1058205.75960000208579 ], [ -1380894.631799998693168, -1058203.681899996707216 ], [ -1380864.436099995393306, -1058201.461000000592321 ], [ -1380834.330699999583885, -1058199.542100004153326 ], [ -1380804.340599998831749, -1058197.885999993188307 ], [ -1380779.41350000211969, -1058196.412500003585592 ], [ -1380753.194799996912479, -1058194.53059999877587 ], [ -1380725.332099996274337, -1058192.157100001815706 ], [ -1380695.413199995644391, -1058189.338199998252094 ], [ -1380637.453699998790398, -1058183.805000002728775 ], [ -1380528.131400001235306, -1058171.227800002321601 ], [ -1380483.665899998508394, -1058166.801399991847575 ], [ -1380438.348399997921661, -1058162.11890000035055 ], [ -1380397.599100000457838, -1058158.440900002606213 ], [ -1380374.481299996376038, -1058156.638600001577288 ], [ -1380352.313399996841326, -1058155.158300002571195 ], [ -1380330.928599995095283, -1058153.954199998173863 ], [ -1380310.014900000300258, -1058153.471799993189052 ], [ -1380289.933400003705174, -1058152.841799999587238 ], [ -1380270.410099999047816, -1058152.617500002030283 ], [ -1380251.405400000745431, -1058152.607099992223084 ], [ -1380232.882800000254065, -1058152.880000000586733 ], [ -1380210.605899998452514, -1058153.593400001060218 ], [ -1380189.2107999981381, -1058154.327399998204783 ], [ -1380168.166299995034933, -1058155.913000001339242 ], [ -1380147.683800000464544, -1058157.937999998684973 ], [ -1380127.772399997338653, -1058160.412199999438599 ], [ -1380108.370299995178357, -1058163.331899998011068 ], [ -1380089.501200001686811, -1058166.775800002971664 ], [ -1380071.338599994545802, -1058170.169100004481152 ], [ -1380053.325199997285381, -1058174.450100001879036 ], [ -1380035.753899999894202, -1058179.190399997867644 ], [ -1380018.567400001222268, -1058184.317899997578934 ], [ -1380002.612199996598065, -1058189.55839999881573 ], [ -1379986.730000002775341, -1058195.834899996872991 ], [ -1379971.249100000364706, -1058202.583400003844872 ], [ -1379955.94829999608919, -1058209.158900002250448 ], [ -1379940.790699996054173, -1058216.696600003400818 ], [ -1379930.956999997375533, -1058221.766100002452731 ], [ -1379920.836400000378489, -1058227.884399999631569 ], [ -1379910.64909999887459, -1058234.53940000385046 ], [ -1379901.1985, -1058241.446000000229105 ], [ -1379890.861999995540828, -1058249.370299996808171 ], [ -1379880.599299998721108, -1058257.4192999987863 ], [ -1379869.912099999375641, -1058266.700199995888397 ], [ -1379859.210399999748915, -1058276.268800002057105 ], [ -1379850.181899998569861, -1058284.921100004110485 ], [ -1379841.610800001304597, -1058293.740699996007606 ], [ -1379821.735500001581386, -1058314.132999994559214 ], [ -1379802.964299994753674, -1058334.26970000192523 ], [ -1379758.488800001097843, -1058383.321999998064712 ], [ -1379746.783099997555837, -1058396.361699999077246 ], [ -1379735.417999999830499, -1058408.288899996783584 ], [ -1379723.615999996894971, -1058420.048399999039248 ], [ -1379712.425999998347834, -1058430.758800002746284 ], [ -1379701.34010000154376, -1058441.105099995387718 ], [ -1379691.348699998576194, -1058450.270899993600324 ], [ -1379680.052700003609061, -1058459.655599998543039 ], [ -1379669.204399995040148, -1058467.850399998482317 ], [ -1379658.502899998333305, -1058475.341500001959503 ], [ -1379647.590399994747713, -1058482.658000002847984 ], [ -1379636.722499996190891, -1058489.319900000933558 ], [ -1379625.901600000681356, -1058495.254499999573454 ], [ -1379615.858199995709583, -1058500.236800001934171 ], [ -1379605.007099997485057, -1058504.998000002233312 ], [ -1379593.329100000439212, -1058509.550999999046326 ], [ -1379581.627099995501339, -1058513.478599996073171 ], [ -1379569.0434, -1058517.626300002448261 ], [ -1379556.549299999373034, -1058521.591899997554719 ], [ -1379543.466899994993582, -1058525.332600000780076 ], [ -1379530.9511, -1058528.19359999964945 ], [ -1379517.784700001124293, -1058531.52620000205934 ], [ -1379504.083299994003028, -1058534.619399991817772 ], [ -1379490.207899999106303, -1058537.48850000044331 ], [ -1379476.182199996663257, -1058540.128400003770366 ], [ -1379462.026299993740395, -1058542.535299998475239 ], [ -1379448.10709999804385, -1058544.724399997852743 ], [ -1379433.75159999798052, -1058546.654599999077618 ], [ -1379420.120499996235594, -1058547.94009999721311 ], [ -1379405.64959999662824, -1058549.381999992765486 ], [ -1379391.579100000206381, -1058550.689899998251349 ], [ -1379377.435699997935444, -1058551.653199998661876 ], [ -1379363.388399999123067, -1058552.460500000277534 ], [ -1379349.378099998692051, -1058553.016399998916313 ], [ -1379335.425299995345995, -1058553.320099997567013 ], [ -1379321.550999998115003, -1058553.37140000029467 ], [ -1379307.774199995910749, -1058553.170300000114366 ], [ -1379294.034300000872463, -1058552.622700000181794 ], [ -1379280.509799996623769, -1058551.918299997691065 ], [ -1379267.145599997602403, -1058550.96449999185279 ], [ -1379253.928000000771135, -1058549.761300002923235 ], [ -1379240.898199999472126, -1058548.311000003945082 ], [ -1379227.650300002191216, -1058547.037600000854582 ], [ -1379215.043999996967614, -1058545.099599997280166 ], [ -1379202.671099998755381, -1058542.920999998925254 ], [ -1379190.545400001807138, -1058540.50449999817647 ], [ -1379178.624300000723451, -1058537.758999997051433 ], [ -1379171.108300000661984, -1058535.905200004344806 ], [ -1379163.519499999703839, -1058533.736199998529628 ], [ -1379155.965799995232373, -1058531.438200001372024 ], [ -1379148.331500001018867, -1058528.8226 ], [ -1379132.23620000295341, -1058523.675500003620982 ], [ -1379117.164199998602271, -1058517.042200000490993 ], [ -1379101.149900002637878, -1058509.801499993540347 ], [ -1379085.615299999481067, -1058501.269299996318296 ], [ -1379069.361699995817617, -1058492.240100002614781 ], [ -1379053.004199999850243, -1058481.6134 ], [ -1379039.251899995608255, -1058472.778600001707673 ], [ -1379025.344500001054257, -1058462.670300002675503 ], [ -1379010.466199999675155, -1058452.13870000350289 ], [ -1378994.179299996001646, -1058440.361100000562146 ], [ -1378964.483099998906255, -1058417.208800000837073 ], [ -1378892.019099995028228, -1058360.869799994165078 ], [ -1378872.017200001981109, -1058345.989800000796095 ], [ -1378854.479600002989173, -1058332.441600002581254 ], [ -1378835.535199998645112, -1058319.12300000153482 ], [ -1378817.576900000451133, -1058307.247300002258271 ], [ -1378800.577300002332777, -1058296.041300000622869 ], [ -1378783.314599997829646, -1058286.337399997049943 ], [ -1378748.476899997331202, -1058266.098799997242168 ], [ -1378709.453599997097626, -1058243.584399991203099 ], [ -1378666.415099997771904, -1058217.059099999489263 ], [ -1378575.428399995435029, -1058160.89540000166744 ], [ -1378535.132599994074553, -1058136.951099997386336 ], [ -1378493.313, -1058111.540099999168888 ], [ -1378454.753200000384822, -1058089.900600001448765 ], [ -1378432.644000000553206, -1058076.834599998779595 ], [ -1378410.91069999942556, -1058064.990500000771135 ], [ -1378389.87629999849014, -1058053.851799991214648 ], [ -1378369.794699997175485, -1058042.988499999744818 ], [ -1378350.129999998724088, -1058032.593300002394244 ], [ -1378330.649999998509884, -1058023.187799998093396 ], [ -1378311.370199996512383, -1058014.351000000489876 ], [ -1378292.419299997156486, -1058006.017499991692603 ], [ -1378271.1223, -1057996.462499997345731 ], [ -1378250.097899996908382, -1057987.426200000569224 ], [ -1378229.323499998543411, -1057979.04560000449419 ], [ -1378208.580499998293817, -1057971.73429999826476 ], [ -1378187.959700000472367, -1057965.042799998773262 ], [ -1378167.568700002506375, -1057958.945900002261624 ], [ -1378147.719399996800348, -1057952.96090000285767 ], [ -1378128.043499998049811, -1057947.560699997702613 ], [ -1378108.499799999408424, -1057942.734900003997609 ], [ -1378089.11679999763146, -1057938.642699995310977 ], [ -1378069.831999996909872, -1057934.976700001629069 ], [ -1378050.666000000666827, -1057931.88349999813363 ], [ -1378031.606300001265481, -1057929.361300001619384 ], [ -1378012.645100003341213, -1057927.408900002483279 ], [ -1377993.773400002392009, -1057926.025399999227375 ], [ -1377974.983299997868016, -1057925.210199997294694 ], [ -1377940.529999997466803, -1057924.448100001784042 ], [ -1377923.661699997493997, -1057924.269899998558685 ], [ -1377915.259799998719245, -1057924.557399998186156 ], [ -1377907.683199997525662, -1057924.443599992664531 ], [ -1377900.386699998751283, -1057925.206799999577925 ], [ -1377893.449800001922995, -1057926.045299996854737 ], [ -1377885.72719999961555, -1057927.602000004379079 ], [ -1377877.962600000202656, -1057929.533199998782948 ], [ -1377870.25279999920167, -1057932.186099992366508 ], [ -1377862.464599997038022, -1057935.22390000289306 ], [ -1377854.697500001406297, -1057938.993999998085201 ], [ -1377846.79880000045523, -1057943.170599999837577 ], [ -1377838.846399998525158, -1057948.115200004773214 ], [ -1377830.6756999976933, -1057953.515299991704524 ], [ -1377823.737799994181842, -1057958.707800003699958 ], [ -1377816.893099999520928, -1057963.752300001680851 ], [ -1377809.395599998766556, -1057969.844999996479601 ], [ -1377802.134099999209866, -1057975.816200001863763 ], [ -1377787.190000001806766, -1057989.456099999137223 ], [ -1377749.500399998389184, -1058024.438500000163913 ], [ -1377738.455599996959791, -1058034.149599997792393 ], [ -1377728.091399999335408, -1058042.787000001175329 ], [ -1377716.2734, -1058051.985900003230199 ], [ -1377704.962999996263534, -1058059.8914 ], [ -1377699.791800000471994, -1058062.860899998340756 ], [ -1377694.315800001379102, -1058066.036500002024695 ], [ -1377688.885400000261143, -1058069.067200002726167 ], [ -1377683.834099999861792, -1058071.2043 ], [ -1377673.422599998535588, -1058075.851400000974536 ], [ -1377662.489700001198798, -1058079.9467 ], [ -1377651.013000000268221, -1058083.749299998162314 ], [ -1377638.964399997377768, -1058087.142800002358854 ], [ -1377626.3264, -1058090.007499999599531 ], [ -1377613.03519999794662, -1058092.610200001858175 ], [ -1377599.051299997139722, -1058094.85869999974966 ], [ -1377584.264799999538809, -1058096.744300003163517 ], [ -1377571.646399999037385, -1058098.041499997954816 ], [ -1377558.304200001759455, -1058098.971699994290248 ], [ -1377544.141099997796118, -1058099.841300002997741 ], [ -1377528.873099996941164, -1058100.515699998708442 ], [ -1377500.343399997567758, -1058101.293200002983212 ], [ -1377433.177200003061444, -1058102.276599996723235 ], [ -1377415.888199996901676, -1058102.77650000131689 ], [ -1377400.487499999580905, -1058103.464999998686835 ], [ -1377385.105499997269362, -1058103.766299999086186 ], [ -1377370.480800001183525, -1058105.057699998142198 ], [ -1377356.842499998165295, -1058106.654200000688434 ], [ -1377344.05589999910444, -1058108.396900000283495 ], [ -1377330.95129999704659, -1058110.854399998672307 ], [ -1377318.656100000953302, -1058113.551400000695139 ], [ -1377307.571600002469495, -1058116.293499997118488 ], [ -1377296.721600001910701, -1058119.857800000812858 ], [ -1377286.913799999514595, -1058123.458099996205419 ], [ -1377277.38340000086464, -1058128.050799997057766 ], [ -1377268.4317, -1058133.011699998984113 ], [ -1377260.106499996734783, -1058138.565099992789328 ], [ -1377253.7884, -1058143.281100000487641 ], [ -1377247.715099999448285, -1058148.339200003538281 ], [ -1377241.916499997256324, -1058153.8492999994196 ], [ -1377236.885299996938556, -1058158.913899997714907 ], [ -1377231.527699996950105, -1058165.015599997248501 ], [ -1377226.781199999619275, -1058171.072300000116229 ], [ -1377222.239799994742498, -1058177.361800002167001 ], [ -1377217.564899996155873, -1058184.5446 ], [ -1377213.115700000198558, -1058192.088399997679517 ], [ -1377208.9142000018619, -1058200.117400003829971 ], [ -1377205.452000000281259, -1058207.739300002343953 ], [ -1377201.633499996969476, -1058216.44370000413619 ], [ -1377198.720600001048297, -1058224.517600002232939 ], [ -1377195.298399997176602, -1058234.048399999272078 ], [ -1377192.098099999595433, -1058244.123999999603257 ], [ -1377190.203438523458317, -1058250.598999997135252 ] ] ] } },
{ "type": "Feature", "properties": { "ID": 910, "YEAR": "2013-2014", "Perimtr_KM": 28.657693526100001, "AREA_KM": 10.9695165537, "SCALE": 2, "THICKNES_M": 334.694238875, "VOLUME_KM": 3.67143399377, "MASS_GT": 3.36670497228, "RECURRANCE": "1-2", "UA_KM": 0.14328846763, "UH_M": 27.779621689599999, "UC_KM": 0.28091688435000001, "REGION": "West", "ICESHELF": "Getz" }, "geometry": { "type": "Polygon", "coordinates": [ [ [ -1475394.351681016618386, -972024.786913242656738 ], [ -1475381.561500002862886, -972033.88599999807775 ], [ -1475325.467099996749312, -972074.646900001214817 ], [ -1475269.363300001015887, -972117.123199995607138 ], [ -1475220.022899997187778, -972163.336800002260134 ], [ -1475172.406099999323487, -972210.177500000922009 ], [ -1475125.634300000732765, -972257.051800000015646 ], [ -1475079.707800002070144, -972303.959699993021786 ], [ -1475034.618599998299032, -972350.909499992150813 ], [ -1474990.358999998541549, -972397.90909999771975 ], [ -1474944.781800003023818, -972442.307600002037361 ], [ -1474899.11969999759458, -972486.273899999447167 ], [ -1474851.8830999978818, -972531.231999994255602 ], [ -1474805.453400001395494, -972576.771700001554564 ], [ -1474771.0417, -972616.708300000056624 ], [ -1474737.227200001943856, -972656.984499997692183 ], [ -1474703.582099998136982, -972697.649000003468245 ], [ -1474670.111199998762459, -972738.696199996862561 ], [ -1474636.818799996050075, -972780.12049999111332 ], [ -1474603.70989999640733, -972821.915900001535192 ], [ -1474570.482400001492351, -972863.216600002255291 ], [ -1474537.140999996569008, -972904.016500003170222 ], [ -1474503.375599998980761, -972945.381399998674169 ], [ -1474469.405200000153854, -972987.244499999796972 ], [ -1474434.734399998094887, -973030.130900001619011 ], [ -1474401.28989999787882, -973074.578700002282858 ], [ -1474368.370299996808171, -973119.241599993081763 ], [ -1474335.366199997719377, -973164.334399990504608 ], [ -1474304.126599997282028, -973209.183300000615418 ], [ -1474273.119999998714775, -973254.336500003468245 ], [ -1474242.299600001424551, -973299.436900000786409 ], [ -1474211.634799997555092, -973344.102799997664988 ], [ -1474181.218800002709031, -973389.049999999580905 ], [ -1474151.034900000784546, -973434.08969999756664 ], [ -1474121.153999998467043, -973479.756700003985316 ], [ -1474091.647499998332933, -973526.585300000850111 ], [ -1474062.022999997716397, -973573.808000001357868 ], [ -1474031.510099995648488, -973621.707600000547245 ], [ -1474001.27699999534525, -973669.839999998919666 ], [ -1473971.329899998381734, -973718.194600003771484 ], [ -1473941.346200001658872, -973766.258699996396899 ], [ -1473911.496999998111278, -973814.379600000800565 ], [ -1473882.019799998961389, -973862.887299996335059 ], [ -1473853.97199999471195, -973911.028000000165775 ], [ -1473827.01899999845773, -973959.685399995185435 ], [ -1473800.452299997210503, -974008.596199999563396 ], [ -1473780.502599995117635, -974045.834999998798594 ], [ -1473760.740599997574463, -974083.177899999776855 ], [ -1473741.166400002548471, -974120.624699999578297 ], [ -1473721.779899998102337, -974158.175600001122802 ], [ -1473702.574499998474494, -974195.645199999911711 ], [ -1473683.547099999384955, -974232.940999993123114 ], [ -1473664.707299999892712, -974270.340900001581758 ], [ -1473646.055199997965246, -974307.844800000078976 ], [ -1473627.59089999855496, -974345.452700002351776 ], [ -1473608.875799997476861, -974383.21099999640137 ], [ -1473590.361600000644103, -974421.4435999924317 ], [ -1473572.035199999343604, -974459.780199999222532 ], [ -1473553.675700000720099, -974498.197700003162026 ], [ -1473535.724700001534075, -974536.742300003534183 ], [ -1473517.96149999788031, -974575.390999998897314 ], [ -1473500.385999998776242, -974614.143599999835715 ], [ -1473482.33140000118874, -974652.594900000374764 ], [ -1473464.588399995816872, -974690.910799992037937 ], [ -1473447.534399997675791, -974729.311600000364706 ], [ -1473430.6195, -974767.684999996097758 ], [ -1473413.940799999283627, -974806.293799998238683 ], [ -1473397.836599994450808, -974845.454100001603365 ], [ -1473382.017099999357015, -974884.98089999333024 ], [ -1473366.385299995075911, -974924.611599997617304 ], [ -1473350.941199995344505, -974964.346400003647432 ], [ -1473335.684899997897446, -975004.185199999716133 ], [ -1473320.6162, -975044.127900001360103 ], [ -1473305.566899996716529, -975084.030100002186373 ], [ -1473290.031199995893985, -975123.458000000566244 ], [ -1473274.683299997355789, -975162.990000000689179 ], [ -1473259.354599997401237, -975202.48129999707453 ], [ -1473256.351499998709187, -975210.453899997053668 ], [ -1473239.107500002719462, -975228.050300000468269 ], [ -1473221.425500003853813, -975246.182799995876849 ], [ -1473204.145699998363853, -975264.60799999255687 ], [ -1473187.26819999772124, -975283.325899997260422 ], [ -1473170.793099999893457, -975302.336399998050183 ], [ -1473153.775799999712035, -975321.367600000463426 ], [ -1473136.992200000211596, -975340.546900001354516 ], [ -1473120.442499997559935, -975359.874300000723451 ], [ -1473104.126600000541657, -975379.349800005322322 ], [ -1473088.044600000139326, -975398.97340000141412 ], [ -1473072.196300000650808, -975418.745099996216595 ], [ -1473056.969899998512119, -975438.728600001428276 ], [ -1473041.589300001272932, -975458.796499999938533 ], [ -1473032.604399998439476, -975470.952699993271381 ], [ -1473023.726099999854341, -975483.343999999575317 ], [ -1473014.9504, -975495.976599999470636 ], [ -1473006.272900000913069, -975508.856899997219443 ], [ -1472997.689499999163672, -975521.991499999305233 ], [ -1472988.476999998791143, -975535.013799991924316 ], [ -1472979.800599997397512, -975548.40359999332577 ], [ -1472971.431099996669218, -975562.263599999947473 ], [ -1472963.366199996555224, -975576.305299998726696 ], [ -1472955.04139999859035, -975590.621300004189834 ], [ -1472938.8703, -975620.267299996456131 ], [ -1472923.169000001391396, -975651.3731000025291 ], [ -1472907.511399998795241, -975684.119499992579222 ], [ -1472894.618500002659857, -975712.126699997810647 ], [ -1472881.863099999260157, -975742.021399994380772 ], [ -1472868.917100003454834, -975773.860199997900054 ], [ -1472855.436299995519221, -975808.119599999394268 ], [ -1472843.697999997995794, -975838.743699999526143 ], [ -1472830.849399999249727, -975872.939699996262789 ], [ -1472787.634899999015033, -975990.094400002388284 ], [ -1472770.968899994855747, -976034.626799998804927 ], [ -1472753.677799997851253, -976079.653700002469122 ], [ -1472737.664999998174608, -976119.856600002618507 ], [ -1472728.492600000463426, -976142.128700001398101 ], [ -1472719.466799997957423, -976163.463699996937066 ], [ -1472710.228599997237325, -976184.224000000394881 ], [ -1472700.993599998531863, -976204.419899997068569 ], [ -1472691.764400002546608, -976224.003900001058355 ], [ -1472682.525600000517443, -976243.007799995364621 ], [ -1472673.254499998409301, -976261.480300002265722 ], [ -1472663.725400000344962, -976279.391700002364814 ], [ -1472638.713300002273172, -976326.680400001583621 ], [ -1472612.772399999666959, -976374.352400003466755 ], [ -1472586.173300000140443, -976422.488499999977648 ], [ -1472559.020599995274097, -976470.967399998102337 ], [ -1472531.935399999143556, -976518.959899998735636 ], [ -1472504.021699996432289, -976567.599400002509356 ], [ -1472475.668800002196804, -976617.185899996198714 ], [ -1472445.443199996836483, -976668.81450000195764 ], [ -1472414.429999998304993, -976721.029900001361966 ], [ -1472382.390899998601526, -976774.239600001135841 ], [ -1472349.246599994366989, -976828.575299997581169 ], [ -1472314.639199997065589, -976884.206600001780316 ], [ -1472278.427200000733137, -976941.22749999188818 ], [ -1472239.363600002136081, -976999.791700001107529 ], [ -1472198.895599995972589, -977059.74419999611564 ], [ -1472156.495500000659376, -977122.506499991985038 ], [ -1472113.874400001019239, -977185.116200000513345 ], [ -1472071.640799998538569, -977246.971900003030896 ], [ -1472029.504200001480058, -977307.927500000223517 ], [ -1471988.755400000372902, -977368.782600003061816 ], [ -1471948.042699995916337, -977428.777899992419407 ], [ -1471907.381900002248585, -977487.940000004367903 ], [ -1471866.678, -977546.257900000549853 ], [ -1471825.891800002194941, -977603.738200000952929 ], [ -1471783.501599999843165, -977659.863400004338473 ], [ -1471740.715900001814589, -977715.071799999801442 ], [ -1471698.495000002672896, -977769.626699997112155 ], [ -1471656.518800001824275, -977823.218699992634356 ], [ -1471617.051299997372553, -977876.605499997735023 ], [ -1471577.556899990187958, -977929.268199991900474 ], [ -1471538.327399999834597, -977981.62790000019595 ], [ -1471497.416999999899417, -978033.192799993790686 ], [ -1471422.619300001068041, -978126.310399999143556 ], [ -1471354.02220000163652, -978210.29819999798201 ], [ -1471289.853999995393679, -978287.732000004034489 ], [ -1471229.619199995649979, -978360.778099996503443 ], [ -1471200.38410000083968, -978396.267399993725121 ], [ -1471171.312899998156354, -978430.782900003250688 ], [ -1471141.8228, -978464.566199998836964 ], [ -1471112.758900003042072, -978497.890399998286739 ], [ -1471084.009399994974956, -978530.52370000234805 ], [ -1471055.548799998592585, -978562.494699998991564 ], [ -1471027.345899997279048, -978593.838499998906627 ], [ -1470999.37459999951534, -978624.58420000015758 ], [ -1470971.332899998640642, -978655.180699998512864 ], [ -1470943.724699998507276, -978685.195599997648969 ], [ -1470916.408899998525158, -978714.659000002779067 ], [ -1470889.713199999183416, -978743.089999997755513 ], [ -1470863.006299999775365, -978771.145199992228299 ], [ -1470836.26559999701567, -978798.791200001724064 ], [ -1470808.957800002070144, -978826.150599999818951 ], [ -1470781.747699998086318, -978853.043799998704344 ], [ -1470754.629500002600253, -978879.456700003473088 ], [ -1470727.6234, -978905.349700001534075 ], [ -1470700.683400000911206, -978930.80680000083521 ], [ -1470673.785399999003857, -978956.003199991770089 ], [ -1470646.927599997492507, -978980.864199998788536 ], [ -1470620.110899998340756, -979005.312899996526539 ], [ -1470593.327899997821078, -979029.355999995954335 ], [ -1470566.571899997768924, -979052.999699998879805 ], [ -1470548.63119999691844, -979068.562499998370185 ], [ -1470530.198199997888878, -979084.226400000043213 ], [ -1470511.280500000342727, -979100.023200001101941 ], [ -1470491.798899999354035, -979115.981599994003773 ], [ -1470471.763599994825199, -979132.130299999145791 ], [ -1470451.126100001623854, -979148.297399998409674 ], [ -1470429.781299997586757, -979164.653700005495921 ], [ -1470407.559500001370907, -979181.50759999640286 ], [ -1470361.879700000630692, -979215.259800001047552 ], [ -1470310.492299997480586, -979252.5784 ], [ -1470256.414599996991456, -979291.062199996551499 ], [ -1470149.541199998464435, -979366.924599998863414 ], [ -1470105.002399997785687, -979398.689900001976639 ], [ -1470058.61969999759458, -979432.184299999615178 ], [ -1470017.289400002453476, -979462.568299995036796 ], [ -1469993.254199996124953, -979480.317500001750886 ], [ -1469970.287500003352761, -979497.519500000402331 ], [ -1469948.193699998781085, -979514.397099999012426 ], [ -1469926.931899996474385, -979530.833999995840713 ], [ -1469906.358899998711422, -979547.131299995817244 ], [ -1469886.466700000688434, -979563.107999992091209 ], [ -1469867.173099997686222, -979579.018499993951991 ], [ -1469848.430700002005324, -979594.786999993724748 ], [ -1469708.636799993691966, -979714.213899998692796 ], [ -1469640.982699998654425, -979772.494699998293072 ], [ -1469574.5687, -979830.080200005089864 ], [ -1469515.491999994497746, -979881.854700000258163 ], [ -1469485.507999997120351, -979908.498999998904765 ], [ -1469456.675599999027327, -979934.486599997384474 ], [ -1469428.883600002154708, -979959.860700001940131 ], [ -1469402.06969999964349, -979984.621599999489263 ], [ -1469376.085299996426329, -980009.097199999960139 ], [ -1469350.596000001765788, -980033.432000000728294 ], [ -1469325.833500002976507, -980057.646599998930469 ], [ -1469301.792500000912696, -980081.525600003777072 ], [ -1469276.970499998657033, -980106.637499996693805 ], [ -1469252.836199996527284, -980131.519000002648681 ], [ -1469229.356600002152845, -980156.203700001118705 ], [ -1469206.543499996419996, -980180.660500001627952 ], [ -1469184.292300001485273, -980205.037500002654269 ], [ -1469162.664199999766424, -980229.233900002203882 ], [ -1469141.679500000551343, -980253.210999996168539 ], [ -1469121.246099999872968, -980277.104100002441555 ], [ -1469101.285700000822544, -980300.762899999972433 ], [ -1469081.851799994939938, -980324.367899991804734 ], [ -1469062.910500001627952, -980347.838500001933426 ], [ -1469044.498599995858967, -980371.374900001101196 ], [ -1469026.583199996734038, -980394.895599997835234 ], [ -1469009.157699997536838, -980418.40940000093542 ], [ -1468992.215100000146776, -980441.925600002054125 ], [ -1468975.851299998350441, -980465.514100001193583 ], [ -1468960.734999996377155, -980488.473999998066574 ], [ -1468945.568999999668449, -980512.909800003515556 ], [ -1468930.314700001850724, -980539.248100003460422 ], [ -1468914.544500002870336, -980567.87410000199452 ], [ -1468901.180899998405948, -980593.233300000894815 ], [ -1468886.658800000790507, -980621.764799997210503 ], [ -1468839.114199995994568, -980716.494699998758733 ], [ -1468821.252599995816126, -980751.180600002175197 ], [ -1468803.289599999319762, -980784.91639999835752 ], [ -1468786.542299999156967, -980814.979699998861179 ], [ -1468777.511999994283542, -980830.549499996704981 ], [ -1468768.597999997669831, -980845.44809999410063 ], [ -1468759.751799996709451, -980859.756599997868761 ], [ -1468750.939099998446181, -980873.530100000323728 ], [ -1468742.121399994241074, -980886.828300000634044 ], [ -1468733.320300001651049, -980899.697999992407858 ], [ -1468724.479300002101809, -980912.1428999947384 ], [ -1468715.617799997096881, -980924.212499999674037 ], [ -1468694.707500000251457, -980951.516600002767518 ], [ -1468673.3279, -980978.462300000013784 ], [ -1468651.649599999887869, -981004.839000003412366 ], [ -1468629.587099995696917, -981030.751899998867884 ], [ -1468606.970300000626594, -981056.411599994637072 ], [ -1468583.484700000844896, -981081.794399996520951 ], [ -1468559.574899998959154, -981106.761300001991913 ], [ -1468535.1955999978818, -981131.369799994630739 ], [ -1468510.437099998351187, -981155.505299999145791 ], [ -1468485.209199997363612, -981179.282399997813627 ], [ -1468459.512000000104308, -981202.700999999186024 ], [ -1468433.336800002027303, -981225.909699998563156 ], [ -1468406.687799998093396, -981248.834199991310015 ], [ -1468379.569600002607331, -981271.400299998465925 ], [ -1468375.909799996763468, -981274.346400003414601 ], [ -1468369.697800001129508, -981291.702499998966232 ], [ -1468358.669400001410395, -981321.863000000827014 ], [ -1468347.470199995441362, -981351.943800000706688 ], [ -1468336.144399996381253, -981382.013100000098348 ], [ -1468324.603700003121048, -981411.934699999168515 ], [ -1468312.892199996858835, -981441.776799992658198 ], [ -1468300.965799996163696, -981471.471200000029057 ], [ -1468288.846500003244728, -981501.052100002067164 ], [ -1468276.534400002099574, -981530.519299996783957 ], [ -1468264.051399996969849, -981559.906999999191612 ], [ -1468251.309500000672415, -981589.078999996650964 ], [ -1468238.352599998470396, -981618.103500003693625 ], [ -1468225.202900002012029, -981647.014400001149625 ], [ -1468211.861999998334795, -981675.628799994243309 ], [ -1468198.329900001408532, -981703.946500000776723 ], [ -1468184.603299997281283, -981732.333699994720519 ], [ -1468170.685400001704693, -981760.424200002336875 ], [ -1468156.574799996102229, -981788.40119999810122 ], [ -1468142.261999999405816, -981816.663899996550754 ], [ -1468127.758000002475455, -981844.629999999655411 ], [ -1468113.058799999533221, -981872.554600001778454 ], [ -1468098.197399996453896, -981900.554999997839332 ], [ -1468083.2648, -981928.572900000028312 ], [ -1468068.139199999393895, -981956.477199999149889 ], [ -1468052.820799991022795, -981984.267900002421811 ], [ -1468037.309600001433864, -982011.945100000826642 ], [ -1468021.518899997230619, -982039.311799997929484 ], [ -1468005.5396, -982066.309799997601658 ], [ -1467989.335999998729676, -982093.298599996604025 ], [ -1467972.90779999922961, -982120.278299999656156 ], [ -1467956.286799998255447, -982147.144399999873713 ], [ -1467939.901199997169897, -982172.783000002382323 ], [ -1467922.198600001633167, -982199.251200002152473 ], [ -1467902.993799996329471, -982226.827200000174344 ], [ -1467881.822900002589449, -982256.276399998925626 ], [ -1467863.008900001412258, -982281.821499998914078 ], [ -1467841.773599996464327, -982310.078399994643405 ], [ -1467771.545699994778261, -982401.881800001952797 ], [ -1467746.479099998949096, -982434.727799997897819 ], [ -1467721.831300000660121, -982467.095499999588355 ], [ -1467700.49650000128895, -982496.109600003575906 ], [ -1467679.725999997230247, -982525.173800000920892 ], [ -1467660.766499998280779, -982553.000699998578057 ], [ -1467643.284999998286366, -982579.894100000150502 ], [ -1467627.132699999492615, -982606.087000000290573 ], [ -1467614.377400000812486, -982628.264799999538809 ], [ -1467602.201397252734751, -982650.751344947842881 ], [ -1467601.950500001199543, -982651.214699991978705 ], [ -1467589.931000003358349, -982675.214200000278652 ], [ -1467578.204899999080226, -982700.364099998259917 ], [ -1467566.648099997779354, -982726.702099997550249 ], [ -1467555.364799999399111, -982754.29009999986738 ], [ -1467544.232599998591468, -982783.309699999168515 ], [ -1467533.322400002041832, -982813.824200002243742 ], [ -1467524.493700000690296, -982839.861099997069687 ], [ -1467515.610500001115724, -982867.25459999893792 ], [ -1467506.583500002976507, -982896.278499991167337 ], [ -1467497.243399996077642, -982927.476199998985976 ], [ -1467480.682100001489744, -982985.265500004636124 ], [ -1467452.269899999490008, -983087.786999999545515 ], [ -1467441.461499997647479, -983126.263900002231821 ], [ -1468105.18174798716791, -983010.934619622072205 ], [ -1468537.765799997141585, -982935.767999997595325 ], [ -1468904.45343780471012, -982354.125523548573256 ], [ -1470072.352200002409518, -980501.596399993402883 ], [ -1471924.439200000371784, -979284.510699999518692 ], [ -1473723.60950000048615, -976268.254600000800565 ], [ -1474199.860399996628985, -974469.084399991668761 ], [ -1475597.625200001755729, -971856.762299997499213 ], [ -1475543.707899997476488, -971903.735900002066046 ], [ -1475490.733899998245761, -971950.651299996767193 ], [ -1475437.151799995917827, -971994.338400000240654 ], [ -1475394.351681016618386, -972024.786913242656738 ] ] ] } },
{ "type": "Feature", "properties": { "ID": 911, "YEAR": "2013-2014", "Perimtr_KM": 7.7963842427300003, "AREA_KM": 1.75721026865, "SCALE": 1, "THICKNES_M": 190.249868, "VOLUME_KM": 0.33430902165999998, "MASS_GT": 0.30656137286000001, "RECURRANCE": "2-3", "UA_KM": 0.03898192121, "UH_M": 15.790738966099999, "UC_KM": 0.02557939185, "REGION": "West", "ICESHELF": "Getz" }, "geometry": { "type": "Polygon", "coordinates": [ [ [ -1526596.906646532937884, -888354.68071227776818 ], [ -1526596.223600001307204, -888356.559599997708574 ], [ -1526570.468500001588836, -888393.827200001338497 ], [ -1526567.382024859311059, -888398.501613486092538 ], [ -1526516.797899995232001, -888475.110399991972372 ], [ -1526510.954199998639524, -888493.914599998155609 ], [ -1526505.086199999786913, -888509.953000000212342 ], [ -1526498.458399998955429, -888526.959899997338653 ], [ -1526492.395599999465048, -888543.15649999352172 ], [ -1526485.851100000785664, -888557.442899997578934 ], [ -1526479.223499995656312, -888570.650800004135817 ], [ -1526475.286200001602992, -888577.921099998988211 ], [ -1526471.293800001731142, -888584.874599993461743 ], [ -1526467.703399999067187, -888592.213899993337691 ], [ -1526463.579300002427772, -888598.570499998517334 ], [ -1526459.37909999769181, -888604.644499998306856 ], [ -1526455.098899997537956, -888610.441599997226149 ], [ -1526450.733899998944253, -888615.96819999977015 ], [ -1526446.744499998167157, -888621.918999997433275 ], [ -1526442.191299998667091, -888626.926300001097843 ], [ -1526437.541199998464435, -888631.676699999719858 ], [ -1526432.790600004140288, -888636.173499999800697 ], [ -1526428.401000002864748, -888641.1091 ], [ -1526423.439700002316386, -888645.107900003902614 ], [ -1526418.368900002911687, -888648.861100000794977 ], [ -1526413.185899998759851, -888652.37059999932535 ], [ -1526407.888200000859797, -888655.638200002722442 ], [ -1526401.078699994133785, -888660.434599997708574 ], [ -1526393.512999999336898, -888664.378300002543256 ], [ -1526386.122999998275191, -888668.846500000916421 ], [ -1526377.982199999503791, -888672.459299996960908 ], [ -1526369.558099996298552, -888675.904800003161654 ], [ -1526361.318999998737127, -888679.870600000955164 ], [ -1526352.339299997314811, -888682.976899999426678 ], [ -1526343.552599999820814, -888686.600799997802824 ], [ -1526334.029100001789629, -888689.363499997649342 ], [ -1526324.243199996417388, -888691.951300001237541 ], [ -1526314.665200000628829, -888695.052300000330433 ], [ -1526304.3717, -888697.286100002238527 ], [ -1526294.298099999083206, -888700.030100000323728 ], [ -1526283.523100001970306, -888701.904099998064339 ], [ -1526272.9842999947723, -888704.285399997374043 ], [ -1526261.761399995069951, -888705.793800001498312 ], [ -1526252.025400000857189, -888707.850400000112131 ], [ -1526240.286800002679229, -888708.995499997399747 ], [ -1526230.158399996580556, -888710.672099993564188 ], [ -1526218.517699998803437, -888712.124300000956282 ], [ -1526195.633299994748086, -888713.793299997458234 ], [ -1526173.573499995982274, -888714.719299998832867 ], [ -1526149.313499995972961, -888714.144499995745718 ], [ -1526124.895700000226498, -888712.794599999673665 ], [ -1526100.539100000169128, -888710.681300000986084 ], [ -1526076.510299997869879, -888707.826499996706843 ], [ -1526066.336199996061623, -888706.076900003477931 ], [ -1526055.573099998291582, -888703.663199999369681 ], [ -1526042.802600000286475, -888700.536199999507517 ], [ -1526030.54540000250563, -888696.724499998614192 ], [ -1526016.973799997242168, -888692.043699999339879 ], [ -1526000.461300002643839, -888686.356300001963973 ], [ -1525984.539799996418878, -888680.084299999522045 ], [ -1525941.338300000177696, -888662.923599992180243 ], [ -1525929.106199994683266, -888658.117600004887208 ], [ -1525918.493500002194196, -888654.14499999769032 ], [ -1525904.808300001081079, -888649.976899997331202 ], [ -1525895.320106982020661, -888647.214043041458353 ], [ -1525893.73129999730736, -888646.751400002744049 ], [ -1525882.314799999119714, -888644.33100000070408 ], [ -1525873.093199996044859, -888642.752800001529977 ], [ -1525862.18699999852106, -888641.744399999734014 ], [ -1525852.987900000531226, -888641.397399996640161 ], [ -1525842.823999999091029, -888641.646499999333173 ], [ -1525834.366499997908249, -888642.556799998274073 ], [ -1525824.943799994885921, -888644.06330000073649 ], [ -1525817.226700001629069, -888646.231300000101328 ], [ -1525808.543799998471513, -888648.995499996235594 ], [ -1525801.039900000439957, -888652.634600000688806 ], [ -1525794.431500000646338, -888656.689299994148314 ], [ -1525786.85619999980554, -888661.340599996736273 ], [ -1525780.4588, -888666.867299997014925 ], [ -1525774.955699995392933, -888672.810400004032999 ], [ -1525768.484700003871694, -888679.350700000766665 ], [ -1525763.190599999856204, -888686.767299997387454 ], [ -1525758.789700000546873, -888694.601200002245605 ], [ -1525753.419900000561029, -888703.033700002357364 ], [ -1525748.419300001580268, -888712.092499997466803 ], [ -1525744.593699995195493, -888722.028899999335408 ], [ -1525740.323899998096749, -888732.351599995978177 ], [ -1525736.419000002089888, -888743.307500001974404 ], [ -1525732.878699999768287, -888754.897400000365451 ], [ -1525729.702699997462332, -888767.12240000278689 ], [ -1525727.700100000249222, -888780.229800001485273 ], [ -1525726.381641396321356, -888787.498795866966248 ], [ -1525725.251599999843165, -888793.728999997256324 ], [ -1525723.166799998143688, -888807.865300003206357 ], [ -1525721.444899997906759, -888822.642599993152544 ], [ -1525720.085700003430247, -888838.062800003215671 ], [ -1525670.338299996452406, -888884.524300003424287 ], [ -1525669.704100001370534, -888901.23710000119172 ], [ -1525669.432100001722574, -888918.600599993718788 ], [ -1525669.522199999541044, -888936.618199992924929 ], [ -1525669.974599997978657, -888955.293799999635667 ], [ -1525670.711999999824911, -888973.083099995274097 ], [ -1525671.756900003412738, -888991.438300000969321 ], [ -1525673.109700000612065, -889010.363699995912611 ], [ -1525674.770699999062344, -889029.864600000204518 ], [ -1525676.74029999691993, -889049.945399997755885 ], [ -1525678.493599995272234, -889069.740699995309114 ], [ -1525681.082600001245737, -889091.004099998623133 ], [ -1525683.98289999878034, -889112.871399996802211 ], [ -1525687.192399997031316, -889135.330999997444451 ], [ -1525690.715500000398606, -889158.414900000439957 ], [ -1525694.5543, -889182.136599992634729 ], [ -1525698.185899995733052, -889205.639400004874915 ], [ -1525707.466499999165535, -889256.421299998648465 ], [ -1525717.752599996048957, -889309.538499995600432 ], [ -1525734.486299997894093, -889368.636199996108189 ], [ -1525744.586399996187538, -889415.558600002899766 ], [ -1525756.344400002155453, -889467.06420000246726 ], [ -1525768.71159999538213, -889520.14389999746345 ], [ -1525781.316600000252947, -889572.114999997196719 ], [ -1525794.900199995841831, -889627.562000001315027 ], [ -1525863.310299996752292, -889807.653800001833588 ], [ -1525878.630399997346103, -889869.260499999392778 ], [ -1525893.343699995195493, -889930.357200003461912 ], [ -1525905.183899999130517, -889982.067699999548495 ], [ -1525909.366300003603101, -890000.570199992973357 ], [ -1525914.216799997957423, -890020.252200001850724 ], [ -1525919.473299995530397, -890040.244299999671057 ], [ -1525925.146199999609962, -890060.586300001945347 ], [ -1525925.343769684666768, -890061.258301394060254 ], [ -1525930.973200000822544, -890080.40589999477379 ], [ -1525937.515299994498491, -890101.578200000338256 ], [ -1525944.523, -890123.2683999997098 ], [ -1525951.756199998548254, -890144.667899997439235 ], [ -1525959.926500000758097, -890168.068100004456937 ], [ -1525968.437199999345466, -890191.484699999447912 ], [ -1525977.906100001651794, -890216.936199998715892 ], [ -1526014.06869999691844, -890238.73490000423044 ], [ -1526035.625799994450063, -890293.294599997578189 ], [ -1526079.787599998526275, -890402.349100004183128 ], [ -1526098.135599996428937, -890448.272899997420609 ], [ -1526101.484177063684911, -890456.922687098849565 ], [ -1526116.853599998867139, -890496.623799997149035 ], [ -1526132.907599998870865, -890540.060499997343868 ], [ -1526141.843799999682233, -890565.349300000118092 ], [ -1526150.39109999826178, -890590.653199997264892 ], [ -1526158.311700003221631, -890615.190300000831485 ], [ -1526165.344799994723871, -890638.116499999305233 ], [ -1526172.127000000327826, -890661.486600001575425 ], [ -1526207.22649999987334, -890678.837399997748435 ], [ -1526212.948499997612089, -890701.314700000686571 ], [ -1526218.161399997072294, -890723.425799995195121 ], [ -1526221.144725737161934, -890736.937657593749464 ], [ -1526224.10630000079982, -890750.351000000489876 ], [ -1526230.022300002165139, -890778.9861000017263 ], [ -1526235.721800001570955, -890808.317500002682209 ], [ -1526241.019699995405972, -890837.347899996675551 ], [ -1526246.828700000653043, -890867.449200002243742 ], [ -1526251.96359999710694, -890899.318699998315424 ], [ -1526256.751899995841086, -890931.205700000515208 ], [ -1526262.1259999955073, -890964.625700002769008 ], [ -1526266.421100001083687, -890996.621800005435944 ], [ -1526270.684899999527261, -891030.112300001783296 ], [ -1526274.96210000035353, -891065.44499999913387 ], [ -1526279.841799997491762, -891102.49870000150986 ], [ -1526304.472901136148721, -891146.585358882788569 ], [ -1526317.775899996748194, -891170.396099996520206 ], [ -1526337.282299996353686, -891349.231899995589629 ], [ -1526341.062200000276789, -891385.737799995578825 ], [ -1526344.948100000387058, -891421.742099998751655 ], [ -1526500.146407004678622, -890434.192940352717414 ], [ -1526629.560975518077612, -889610.70941888098605 ], [ -1526697.075181202497333, -889181.10681318724528 ], [ -1526735.100058988435194, -888939.149044287391007 ], [ -1526876.813299997709692, -888037.407299998216331 ], [ -1526870.566700001712888, -888043.950200002873316 ], [ -1526863.773400000762194, -888050.193400000920519 ], [ -1526856.591199997346848, -888056.479400000302121 ], [ -1526849.166000001365319, -888063.159699999494478 ], [ -1526833.749600001377985, -888075.76160000031814 ], [ -1526815.899799995590001, -888088.903400003444403 ], [ -1526797.125199997797608, -888102.506600002758205 ], [ -1526744.381499994779006, -888139.938900002511218 ], [ -1526728.525799998315051, -888151.731200001435354 ], [ -1526714.64029999403283, -888162.606499996967614 ], [ -1526700.575099997222424, -888175.497499998426065 ], [ -1526693.565499996999279, -888181.940800003707409 ], [ -1526686.748699998017401, -888188.010200002929196 ], [ -1526681.868700000224635, -888194.41039999271743 ], [ -1526675.900500001152977, -888200.76839999621734 ], [ -1526670.0613, -888206.812399995978922 ], [ -1526666.11930000083521, -888213.227200004272163 ], [ -1526658.834600003669038, -888222.390700002200902 ], [ -1526651.600900001823902, -888231.838599995477125 ], [ -1526646.184599995380268, -888242.26149999955669 ], [ -1526639.370900000445545, -888252.981200001668185 ], [ -1526632.747000000672415, -888264.365300002042204 ], [ -1526627.87730000121519, -888276.822200001450256 ], [ -1526621.53649999666959, -888289.701199998846278 ], [ -1526615.282000000355765, -888303.4375 ], [ -1526611.804800002137199, -888315.711999994469807 ], [ -1526606.711599995614961, -888328.376399998320267 ], [ -1526601.549900000914931, -888341.908299999544397 ], [ -1526596.906646532937884, -888354.68071227776818 ] ] ] } },
{ "type": "Feature", "properties": { "ID": 912, "YEAR": "2013-2014", "Perimtr_KM": 13.266850337, "AREA_KM": 2.7769929048800002, "SCALE": 1, "THICKNES_M": 175.473882403, "VOLUME_KM": 0.48728972643000001, "MASS_GT": 0.44684467912999998, "RECURRANCE": "2-3", "UA_KM": 0.06633425168, "UH_M": 14.5643321676, "UC_KM": 0.03728459015, "REGION": "West", "ICESHELF": "Getz" }, "geometry": { "type": "Polygon", "coordinates": [ [ [ -1530401.519748894497752, -881973.831266346387565 ], [ -1530400.145700002321973, -881975.296600001165643 ], [ -1530350.709900001063943, -882013.258099992759526 ], [ -1530311.200699999695644, -882046.362600001739338 ], [ -1530274.500799996312708, -882078.905100001720712 ], [ -1530244.971599995158613, -882110.084699995350093 ], [ -1530219.77309999987483, -882140.14519999246113 ], [ -1530198.701299995416775, -882170.040499997092411 ], [ -1530178.042700001969934, -882198.376299997325987 ], [ -1530158.425099997548386, -882226.018299994058907 ], [ -1530136.904399997321889, -882251.615500000538304 ], [ -1530116.277300000423566, -882276.720100001432002 ], [ -1530096.474100002553314, -882301.416900001931936 ], [ -1530077.444500001147389, -882325.768500003265217 ], [ -1530059.135099995881319, -882349.844299994641915 ], [ -1530041.523699996061623, -882373.673499999800697 ], [ -1530024.5817, -882397.295299998717383 ], [ -1530008.286200003698468, -882420.741399997379631 ], [ -1529994.897599997930229, -882437.500000002561137 ], [ -1529978.153499999782071, -882453.523499992210418 ], [ -1529961.466999996686354, -882470.136399996932596 ], [ -1529944.807999997632578, -882487.386699998984113 ], [ -1529928.157199999550357, -882505.305900001432747 ], [ -1529909.738199997227639, -882523.348599999444559 ], [ -1529892.936900002649054, -882542.893200000049546 ], [ -1529874.242499995976686, -882562.788299999432638 ], [ -1529861.720299996901304, -882581.607299999566749 ], [ -1529853.367600003490224, -882603.115799999795854 ], [ -1529833.342300003394485, -882649.244500003056601 ], [ -1529815.135399998864159, -882695.421399998245761 ], [ -1529768.096799995284528, -882814.411999999079853 ], [ -1529754.122999996878207, -882848.838299998780712 ], [ -1529740.118000002810732, -882878.964400002965704 ], [ -1529719.352399999508634, -882909.85550000378862 ], [ -1529697.089599999133497, -882937.5069000038784 ], [ -1529676.134500001557171, -882963.741800001356751 ], [ -1529655.812599999364465, -882988.751800002064556 ], [ -1529635.322400000644848, -883010.801099999574944 ], [ -1529616.922199998283759, -883034.627700004028156 ], [ -1529600.580300000263378, -883060.28370000119321 ], [ -1529583.402199998265132, -883086.32550000352785 ], [ -1529565.360299997264519, -883112.796800000593066 ], [ -1529546.363299996592104, -883139.833399999653921 ], [ -1529526.325699998764321, -883167.556899995077401 ], [ -1529505.11619999888353, -883196.149099997244775 ], [ -1529486.67639999743551, -883220.474899993278086 ], [ -1529467.17540000192821, -883245.746300001395866 ], [ -1529446.417300000553951, -883272.217500000493601 ], [ -1529424.015700000338256, -883300.381800002185628 ], [ -1529373.866599996574223, -883352.840500001562759 ], [ -1529252.659899995662272, -883485.260399998398498 ], [ -1529225.246599994134158, -883525.156500002602115 ], [ -1529201.181999996071681, -883561.419300005072728 ], [ -1529172.789600000251085, -883600.014800002798438 ], [ -1529145.817699999548495, -883635.730499994941056 ], [ -1529120.748699998715892, -883669.944400003412738 ], [ -1529097.333500002045184, -883702.997900003567338 ], [ -1529084.06459999573417, -883722.287800000980496 ], [ -1529071.28870000038296, -883741.30100000067614 ], [ -1529058.981199999572709, -883760.074299998115748 ], [ -1529044.308699996676296, -883777.371799998916686 ], [ -1529028.658099999418482, -883793.857899994356558 ], [ -1529024.630463855573907, -883798.174355749739334 ], [ -1529013.425799996592104, -883810.182500002440065 ], [ -1529000.006700000958517, -883826.99840000201948 ], [ -1528985.576599996304139, -883843.057700001401827 ], [ -1528971.5206, -883859.032799996668473 ], [ -1528960.437299997080117, -883876.114699997240677 ], [ -1528949.506000000750646, -883893.05140000092797 ], [ -1528937.951400001533329, -883909.559500004863366 ], [ -1528928.262800002237782, -883926.74759999779053 ], [ -1528920.267899999627843, -883944.26839999621734 ], [ -1528913.909600002458319, -883962.422200001310557 ], [ -1528907.901099998038262, -883980.543600001372397 ], [ -1528901.025299998931587, -884001.848699994618073 ], [ -1528893.160799999721348, -884023.052799997152761 ], [ -1528886.859699998982251, -884045.540500003146008 ], [ -1528880.822299999184906, -884068.686699999496341 ], [ -1528875.036700000753626, -884092.525099998572841 ], [ -1528868.190699998987839, -884116.476199998520315 ], [ -1528862.825899997958913, -884141.972700001206249 ], [ -1528857.625599997118115, -884168.46510000503622 ], [ -1528851.654499996686354, -884193.747900002403185 ], [ -1528843.857599996961653, -884219.397799996193498 ], [ -1528832.89699999964796, -884244.98600000445731 ], [ -1528821.849700002232566, -884272.485600000945851 ], [ -1528800.128899994771928, -884329.547099997056648 ], [ -1528773.339547852985561, -884444.438690633047372 ], [ -1528772.774200001731515, -884446.863299997057766 ], [ -1528765.257900001248345, -884497.132300002966076 ], [ -1528756.780999999027699, -884549.394600000698119 ], [ -1528751.917100002290681, -884572.818200001027435 ], [ -1528747.069099997170269, -884595.160399995744228 ], [ -1528742.517899997299537, -884622.803900002269074 ], [ -1528737.873599999817088, -884649.288499996997416 ], [ -1528727.615399998612702, -884672.198999999789521 ], [ -1528717.994799997424707, -884695.830699991900474 ], [ -1528716.14449500059709, -884699.790024204878137 ], [ -1528707.708900003228337, -884717.840699997730553 ], [ -1528697.671199996257201, -884740.038899997714907 ], [ -1528686.937199996551499, -884760.714599998900667 ], [ -1528677.613899996737018, -884781.995800002245232 ], [ -1528654.780599999707192, -884822.185400004498661 ], [ -1528638.162099994951859, -884864.70529999723658 ], [ -1528620.559199996525422, -884907.740499996580184 ], [ -1528601.947900003287941, -884951.349599997280166 ], [ -1528582.30940000154078, -884995.578000001376495 ], [ -1528561.599499998614192, -885040.526600001612678 ], [ -1528539.775899996748194, -885086.28760000038892 ], [ -1528510.417299999389797, -885130.983699993230402 ], [ -1528480.111699998611584, -885176.495799998519942 ], [ -1528450.087400002870709, -885223.799100002739578 ], [ -1528416.458099999697879, -885273.460700004594401 ], [ -1528391.922400001436472, -885327.199699993943796 ], [ -1528365.830299996072426, -885382.67550000268966 ], [ -1528339.332099996274337, -885442.208700003335252 ], [ -1528310.075099997455254, -885505.633200001902878 ], [ -1528273.647299998439848, -885573.697399997152388 ], [ -1528262.621100001037121, -885593.212199993664399 ], [ -1528248.476199995493516, -885611.746599995531142 ], [ -1528234.875499999150634, -885632.153899997472763 ], [ -1528221.6524, -885653.01310000102967 ], [ -1528207.911299995845184, -885674.254999992437661 ], [ -1528190.824899999657646, -885694.206099999602884 ], [ -1528173.960599998710677, -885714.846800001570955 ], [ -1528158.0938, -885736.42650000215508 ], [ -1528132.125199997331947, -885773.243600002257153 ], [ -1528102.771200000308454, -885814.011699999682605 ], [ -1528074.341599996667355, -885852.937600002856925 ], [ -1528011.708099996205419, -885951.577199996681884 ], [ -1527980.289299999596551, -886002.971400002250448 ], [ -1527946.092400001129135, -886055.364999998128042 ], [ -1527930.483999996911734, -886080.656899998197332 ], [ -1527914.342299997108057, -886103.685399994719774 ], [ -1527892.5531, -886127.500000001862645 ], [ -1527872.942800001241267, -886150.570500002475455 ], [ -1527853.978300003567711, -886173.142499996814877 ], [ -1527843.228156010387465, -886191.68843469931744 ], [ -1527841.445000002160668, -886194.764699997846037 ], [ -1527829.45249999826774, -886216.055100002093241 ], [ -1527817.981900000711903, -886237.045199998421595 ], [ -1527807.006099997088313, -886257.781200000084937 ], [ -1527799.589885496068746, -886272.270567557541654 ], [ -1527796.504199997289106, -886278.299199996748939 ], [ -1527786.799300001002848, -886298.419200001750141 ], [ -1527777.215500002261251, -886319.786899995757267 ], [ -1527767.110599994193763, -886341.872100000968203 ], [ -1527757.401699998648837, -886366.505300001008436 ], [ -1527748.812200000276789, -886389.706100000068545 ], [ -1527739.008900000248104, -886414.878300000680611 ], [ -1527694.92769999941811, -886506.996500001987442 ], [ -1527663.431999997934327, -886544.774700000416487 ], [ -1527645.6583, -886564.844400002388284 ], [ -1527642.205658556427807, -886568.516023424221203 ], [ -1527628.161899994593114, -886583.450500000966713 ], [ -1527613.264499999582767, -886600.812700000125915 ], [ -1527599.341400002595037, -886617.431299996096641 ], [ -1527588.6548999955412, -886636.12669999548234 ], [ -1527580.28229999775067, -886653.832499993033707 ], [ -1527570.768599994713441, -886670.603599998867139 ], [ -1527562.027500001946464, -886686.483099994016811 ], [ -1527553.026000001467764, -886701.574100000783801 ], [ -1527542.766399995191023, -886715.91999999480322 ], [ -1527533.179400001186877, -886729.523900000145659 ], [ -1527523.26260000304319, -886742.433499998645857 ], [ -1527517.060500000370666, -886749.232200003694743 ], [ -1527511.431999998399988, -886755.962799998931587 ], [ -1527504.404699996113777, -886762.675200002500787 ], [ -1527497.918699994450435, -886769.351100004045293 ], [ -1527490.003500000573695, -886776.03819999913685 ], [ -1527482.576999997254461, -886782.735599999316037 ], [ -1527473.641600000206381, -886789.510600003646687 ], [ -1527465.095399999292567, -886796.373000000370666 ], [ -1527449.260600000154227, -886807.823999994201586 ], [ -1527430.971000001532957, -886820.182900002459064 ], [ -1527414.079300001263618, -886831.756799997761846 ], [ -1527371.36460000090301, -886859.274699997389689 ], [ -1527349.443499997491017, -886873.598400000482798 ], [ -1527339.185700001660734, -886880.945899994345382 ], [ -1527329.837000002153218, -886887.972499997355044 ], [ -1527321.221699998481199, -886894.797999993665144 ], [ -1527312.269699997035787, -886901.505699998931959 ], [ -1527304.020399999106303, -886908.804700000444427 ], [ -1527295.429699998116121, -886916.068500000284985 ], [ -1527288.409699994837865, -886923.300399998435751 ], [ -1527280.97029999922961, -886930.56519999820739 ], [ -1527275.038300001528114, -886937.858900000108406 ], [ -1527264.503100001718849, -886947.115800002589822 ], [ -1527254.985199996968731, -886957.182600000873208 ], [ -1527245.210899997036904, -886966.982999999541789 ], [ -1527238.43809999502264, -886975.156800004420802 ], [ -1527229.736399998655543, -886984.676600004080683 ], [ -1527221.290199995739385, -886994.415499992668629 ], [ -1527213.097100001294166, -887004.377399999182671 ], [ -1527205.155399996321648, -887014.566300001693889 ], [ -1527197.462099995231256, -887024.987800000468269 ], [ -1527190.015299995895475, -887035.647600000724196 ], [ -1527182.812199995154515, -887046.552399999694899 ], [ -1527175.854199998313561, -887057.696600004564971 ], [ -1527169.134600000455976, -887069.100700000068173 ], [ -1527164.83720000134781, -887079.643300003604963 ], [ -1527162.959899996872991, -887089.335600001504645 ], [ -1527161.31409999798052, -887099.317999992985278 ], [ -1527159.896499997703359, -887109.608799995156005 ], [ -1527159.77219999791123, -887119.927800000179559 ], [ -1527158.803800000576302, -887130.892000004881993 ], [ -1527157.693199998931959, -887149.702399991918355 ], [ -1527157.168900001328439, -887169.674800001783296 ], [ -1527157.22479999740608, -887191.014400004176423 ], [ -1527157.861499995458871, -887214.123399999458343 ], [ -1527158.842599995899945, -887235.093100002035499 ], [ -1527159.209799997275695, -887258.901099995709956 ], [ -1527165.407900000922382, -887342.397999994922429 ], [ -1527167.571999998996034, -887375.650399999693036 ], [ -1527168.469500003382564, -887393.12599999899976 ], [ -1527169.101900001754984, -887409.416099997702986 ], [ -1527162.83099999697879, -887428.80079999845475 ], [ -1527152.943899998208508, -887449.806299996795133 ], [ -1527140.536700000287965, -887474.282600003294647 ], [ -1527127.768399997614324, -887497.996400001691654 ], [ -1527213.698608739301562, -887480.03344619483687 ], [ -1527376.315099999774247, -887446.039900000207126 ], [ -1527671.412607873557135, -887199.811707871267572 ], [ -1527854.820630962494761, -887046.776779614621773 ], [ -1528150.369869413087144, -886800.171665283618495 ], [ -1528179.201699994504452, -886776.114500002935529 ], [ -1528222.318012455943972, -886693.631126566324383 ], [ -1528488.060496367281303, -886185.254243553848937 ], [ -1529152.870400001527742, -884913.444099992979318 ], [ -1529187.809679763158783, -884814.449463304830715 ], [ -1529531.127812345279381, -883841.714649190660566 ], [ -1529533.871099997544661, -883833.942000003531575 ], [ -1529609.189544462133199, -883716.533833193592727 ], [ -1530110.560867384308949, -882934.98439551028423 ], [ -1530253.539199996739626, -882712.106400005053729 ], [ -1530280.304900170536712, -882591.965802917489782 ], [ -1530326.238580429228023, -882385.787756511941552 ], [ -1530334.763189515098929, -882347.524172202683985 ], [ -1530421.068798667052761, -881960.132572195027024 ], [ -1530423.260899998946115, -881950.293100002687424 ], [ -1530411.132399998372421, -881963.579999991226941 ], [ -1530401.519748894497752, -881973.831266346387565 ] ] ] } },
{ "type": "Feature", "properties": { "ID": 913, "YEAR": "2013-2014", "Perimtr_KM": 13.684643533499999, "AREA_KM": 6.6942111537900004, "SCALE": 1, "THICKNES_M": 323.42788369300001, "VOLUME_KM": 2.1650945464600002, "MASS_GT": 1.98539169911, "RECURRANCE": "1-2", "UA_KM": 0.06842321767, "UH_M": 26.844514214099998, "UC_KM": 0.16566050632000001, "REGION": "West", "ICESHELF": "Getz" }, "geometry": { "type": "Polygon", "coordinates": [ [ [ -1539504.187199997249991, -840419.875514844199643 ], [ -1539393.476937020430341, -840881.600052100839093 ], [ -1539313.569200001657009, -841214.860599997919053 ], [ -1539329.774599999887869, -841225.709299998125061 ], [ -1539344.933100001886487, -841238.209500002209097 ], [ -1539358.87439999752678, -841250.084399997489527 ], [ -1539372.454799997853115, -841262.252500003902242 ], [ -1539385.513200000859797, -841274.307000000495464 ], [ -1539399.797100001946092, -841287.694200001191348 ], [ -1539413.633499998832121, -841301.418499998282641 ], [ -1539426.830699994927272, -841315.259399997768924 ], [ -1539439.305199998663738, -841328.248299999395385 ], [ -1539451.36909999884665, -841341.827699993271381 ], [ -1539462.872999996179715, -841355.392699998570606 ], [ -1539473.641099999658763, -841368.526699999347329 ], [ -1539484.060200000647455, -841382.104899997357279 ], [ -1539493.962899997131899, -841395.724700001301244 ], [ -1539503.315099999308586, -841409.565599993802607 ], [ -1539512.020500000799075, -841422.648400003323331 ], [ -1539520.37629999849014, -841436.40219999733381 ], [ -1539528.22810000134632, -841450.219099995214492 ], [ -1539535.579500003252178, -841464.105499994475394 ], [ -1539542.405900001293048, -841478.254500003531575 ], [ -1539548.606999997515231, -841491.683600003598258 ], [ -1539553.556899995077401, -841503.355600001988932 ], [ -1539558.347699996549636, -841515.196199997328222 ], [ -1539562.979500000365078, -841527.20580000220798 ], [ -1539567.4525000017602, -841539.384700003545731 ], [ -1539571.76670000096783, -841551.73320000176318 ], [ -1539575.922399998642504, -841564.25170000246726 ], [ -1539579.89130000048317, -841577.126399999950081 ], [ -1539583.730199998011813, -841589.986000002827495 ], [ -1539590.773399998666719, -841615.601799999596551 ], [ -1539601.80509999836795, -841641.852399999741465 ], [ -1539611.509300002362579, -841672.570199998561293 ], [ -1539616.211999998893589, -841701.720699997385964 ], [ -1539620.893300001509488, -841730.727500002365559 ], [ -1539625.22219999670051, -841759.933199998224154 ], [ -1539627.54309999733232, -841791.002399997785687 ], [ -1539630.346399996429682, -841822.162000002572313 ], [ -1539632.525499997893348, -841854.054899998707697 ], [ -1539634.081400001421571, -841886.694699998013675 ], [ -1539635.014599997084588, -841920.094299999298528 ], [ -1539635.325599994743243, -841954.269600001396611 ], [ -1539635.024699999717996, -841988.66069999942556 ], [ -1539634.121699999785051, -842023.8406 ], [ -1539632.616099999053404, -842059.833000003825873 ], [ -1539635.611000003758818, -842093.904099999694154 ], [ -1539644.904199998825788, -842118.795700001064688 ], [ -1539641.581099997740239, -842157.417899992084131 ], [ -1539637.644799996633083, -842197.014199998695403 ], [ -1539633.088299996918067, -842237.656399995321408 ], [ -1539628.3698, -842279.164599993033335 ], [ -1539622.856900000711903, -842321.969399998197332 ], [ -1539616.466400001198053, -842365.774899994023144 ], [ -1539609.395599998300895, -842411.169699998106807 ], [ -1539601.660200001904741, -842458.084300002316013 ], [ -1539593.520399996079504, -842507.658699993975461 ], [ -1539594.049242913722992, -842520.97377821081318 ], [ -1539595.523699999321252, -842558.097299996996298 ], [ -1539585.068500001914799, -842616.054899999173358 ], [ -1539580.747100001433864, -842637.666200000559911 ], [ -1539575.917000001296401, -842659.609700004570186 ], [ -1539570.569600001676008, -842681.924100001342595 ], [ -1539565.2978, -842704.729600000893697 ], [ -1539564.073007463477552, -842709.157884122105315 ], [ -1539558.883900000480935, -842727.919300004374236 ], [ -1539560.729385185288265, -842730.14839741634205 ], [ -1539837.976443052990362, -843065.02548289578408 ], [ -1539886.529724128544331, -843123.671303635695949 ], [ -1540073.370099998312071, -843349.349300003843382 ], [ -1540123.601099808700383, -843547.846735731232911 ], [ -1540226.642399907810614, -843955.034208051161841 ], [ -1540317.108472115593031, -844312.528254012344405 ], [ -1540784.004831049125642, -846157.558819847181439 ], [ -1540797.24889999628067, -846209.895299994386733 ], [ -1540830.676772441482171, -846140.867526493966579 ], [ -1541065.650021014036611, -845655.653272758005187 ], [ -1541397.811499997973442, -844969.74760000128299 ], [ -1541133.227600003127009, -841212.656699998071417 ], [ -1540755.383964903652668, -840921.416561604477465 ], [ -1540433.479016152676195, -840673.293705706717446 ], [ -1540319.573931391816586, -840585.496189570985734 ], [ -1540064.370544753503054, -840388.786591367330402 ], [ -1540021.770484306151047, -840355.950660449219868 ], [ -1540010.331280626589432, -840347.133374797180295 ], [ -1539990.108046044362709, -840331.545398473739624 ], [ -1539597.860899996943772, -840029.20309999701567 ], [ -1539504.187199997249991, -840419.875514844199643 ] ] ] } },
{ "type": "Feature", "properties": { "ID": 914, "YEAR": "2013-2014", "Perimtr_KM": 44.920941106900003, "AREA_KM": 21.5557791566, "SCALE": 2, "THICKNES_M": 260.992837452, "VOLUME_KM": 5.6259039655700001, "MASS_GT": 5.1589539364299997, "RECURRANCE": "2-3", "UA_KM": 0.22460470554, "UH_M": 21.662405401699999, "UC_KM": 0.430461617, "REGION": "West", "ICESHELF": "Getz" }, "geometry": { "type": "Polygon", "coordinates": [ [ [ -1541819.54696020972915, -819597.440464678918943 ], [ -1541718.426590711576864, -819863.699299513828009 ], [ -1541493.838256226154044, -820455.060155463404953 ], [ -1541074.141816157847643, -821560.15782940434292 ], [ -1540757.650699994759634, -822393.506800001719967 ], [ -1540745.192981120897457, -822485.171263698954135 ], [ -1540661.647722037974745, -823099.901090782834217 ], [ -1540639.100999998161569, -823265.800899994559586 ], [ -1540328.840762509265915, -824186.82737298659049 ], [ -1540320.15864893887192, -824212.600757636362687 ], [ -1540007.228319123852998, -825141.553562841610983 ], [ -1539808.718799999449402, -825730.841199999209493 ], [ -1539686.685200000181794, -826961.520400002365932 ], [ -1539752.658940961118788, -827570.684928786940873 ], [ -1539805.159613611409441, -828055.446699907304719 ], [ -1539880.057999995537102, -828747.016400000778958 ], [ -1539534.734299994306639, -829583.934699994511902 ], [ -1539387.754591499222443, -830265.104376700241119 ], [ -1539209.057481985306367, -831093.266669036122039 ], [ -1539165.023360679857433, -831297.34047269821167 ], [ -1539097.322699999436736, -831611.095600004075095 ], [ -1539135.128162986133248, -831739.789716812316328 ], [ -1539294.445399998454377, -832282.123800000641495 ], [ -1539134.504155760165304, -832666.351680602878332 ], [ -1539121.741828750120476, -832697.010700923390687 ], [ -1538996.838562005432323, -832997.066622632555664 ], [ -1538896.763025859137997, -833237.478727324167266 ], [ -1538896.18975066114217, -833238.855910022510216 ], [ -1538877.832086556591094, -833282.956644674530253 ], [ -1538248.737300001550466, -834794.235100000398234 ], [ -1538235.795800001360476, -834868.306699995649979 ], [ -1538224.846699998015538, -834942.211900002555922 ], [ -1538214.453599998028949, -835018.440100001171231 ], [ -1538406.050550820771605, -836998.454851015470922 ], [ -1538456.1289999964647, -837515.979099998250604 ], [ -1539013.025876397266984, -838741.841840011999011 ], [ -1539536.83522382657975, -839894.871043606195599 ], [ -1539597.860899996943772, -840029.20309999701567 ], [ -1539893.334223143057898, -839866.017541812267154 ], [ -1540022.864143432816491, -839794.480077383574098 ], [ -1540125.644492766819894, -839737.716006440808997 ], [ -1540214.79305163025856, -839688.480572305154055 ], [ -1540233.642499995185062, -839678.070299999555573 ], [ -1540232.990721022477373, -839671.55250985128805 ], [ -1540218.834192617563531, -839529.98721688427031 ], [ -1540128.340655922191218, -838625.051792896352708 ], [ -1540074.89219999872148, -838090.567200003424659 ], [ -1539764.140003647422418, -836909.708846049616113 ], [ -1539695.303344972198829, -836648.129541342146695 ], [ -1539606.985111207002774, -836312.520250814966857 ], [ -1539588.003736128797755, -836240.391025052871555 ], [ -1539472.275230360683054, -835800.622700204374269 ], [ -1539446.190980928018689, -835701.502551711630076 ], [ -1539281.140599991427734, -835074.311099990969524 ], [ -1539366.641247256658971, -834703.808298159157857 ], [ -1539453.769927329849452, -834326.250687572639436 ], [ -1539604.516775214578956, -833673.014352015452459 ], [ -1539613.675502018304542, -833633.32653617602773 ], [ -1539662.374408381525427, -833422.297943661455065 ], [ -1539693.664346254663542, -833286.70821395679377 ], [ -1539741.896210758248344, -833077.703469456871971 ], [ -1540024.902892214711756, -831851.341193070402369 ], [ -1540233.642499995185062, -830946.802900003734976 ], [ -1540351.566700327210128, -829787.214793905150145 ], [ -1540460.740522565320134, -828713.672082532197237 ], [ -1540466.697188367135823, -828655.098195280646905 ], [ -1540551.143100001616403, -827824.713299997616559 ], [ -1540567.350873535964638, -827775.318183218128979 ], [ -1541662.395399999804795, -824438.039800003170967 ], [ -1541884.138949267333373, -822936.260795124107972 ], [ -1542206.635675841476768, -820752.121438176138327 ], [ -1542211.958877796074376, -820716.069553182227537 ], [ -1542280.382272644899786, -820252.665687924483791 ], [ -1542288.465298012597486, -820197.922639775555581 ], [ -1542386.097774733323604, -819536.697525409283116 ], [ -1542392.226674035657197, -819495.188979486469179 ], [ -1542410.876301285810769, -819368.88262808159925 ], [ -1542415.820236780680716, -819335.399360813433304 ], [ -1542430.095683119492605, -819238.717560299206525 ], [ -1542498.058748950017616, -818778.431316541042179 ], [ -1542522.539800001075491, -818612.631100002210587 ], [ -1542483.593300001230091, -818631.206299998797476 ], [ -1542462.495799996191636, -818641.485500002047047 ], [ -1542442.848599997116253, -818651.291700003435835 ], [ -1542424.343199995579198, -818660.694699998246506 ], [ -1542406.877500002970919, -818670.030699994415045 ], [ -1542386.326999996555969, -818681.246900003403425 ], [ -1542367.719400001922622, -818692.225699999369681 ], [ -1542347.892999999690801, -818703.141200002050027 ], [ -1542331.187299998477101, -818714.042099999962375 ], [ -1542314.180499999085441, -818724.997299999929965 ], [ -1542298.27440000185743, -818736.253699995577335 ], [ -1542283.759199991123751, -818747.356399999698624 ], [ -1542269.431899994378909, -818758.935000000055879 ], [ -1542261.018399996915832, -818766.138499999186024 ], [ -1542251.584599998313934, -818773.692799997981638 ], [ -1542243.340599999763072, -818781.368299999274313 ], [ -1542235.598899997305125, -818789.468099993653595 ], [ -1542227.015900000697002, -818797.939499993575737 ], [ -1542219.843100000638515, -818806.720199999166653 ], [ -1542212.58639999711886, -818815.757200001971796 ], [ -1542205.538199997507036, -818825.062000002479181 ], [ -1542198.554000003729016, -818834.625699994154274 ], [ -1542191.61640000063926, -818844.47120000096038 ], [ -1542176.934599999105558, -818865.175799997523427 ], [ -1542163.111100001260638, -818887.021799993002787 ], [ -1542149.429899999173358, -818910.293600003002211 ], [ -1542137.52680000080727, -818930.117600000230595 ], [ -1542126.215999998385087, -818951.017400002805516 ], [ -1542114.761900000507012, -818973.340600001858547 ], [ -1542102.790999999735504, -818997.521999998018146 ], [ -1542091.619899999117479, -819018.952500002458692 ], [ -1542080.212200002977625, -819042.838199998019263 ], [ -1542029.744599999859929, -819150.896900001214817 ], [ -1542017.575199999846518, -819178.496699998155236 ], [ -1542005.483099996577948, -819203.295200002146885 ], [ -1541991.298999997321516, -819228.494699997361749 ], [ -1541975.79659999650903, -819252.196600003400818 ], [ -1541963.436400001402944, -819274.487900000764057 ], [ -1541950.659400001633912, -819295.4840000027325 ], [ -1541938.054200000828132, -819315.300700000720099 ], [ -1541925.611599998781458, -819334.12319999653846 ], [ -1541912.78010000102222, -819351.949399999575689 ], [ -1541819.54696020972915, -819597.440464678918943 ] ] ] } },
{ "type": "Feature", "properties": { "ID": 915, "YEAR": "2013-2014", "Perimtr_KM": 23.065657060900001, "AREA_KM": 12.027317043, "SCALE": 2, "THICKNES_M": 226.690900236, "VOLUME_KM": 2.7264833279, "MASS_GT": 2.5001852116899999, "RECURRANCE": "1-2", "UA_KM": 0.11532828531, "UH_M": 18.815344626800002, "UC_KM": 0.20861472738, "REGION": "West", "ICESHELF": "Getz" }, "geometry": { "type": "Polygon", "coordinates": [ [ [ -1545664.833675042027608, -800133.844166783848777 ], [ -1545658.404300001217052, -800141.55570000060834 ], [ -1545637.337299999548122, -800167.763400001684204 ], [ -1545626.623717197682709, -800181.361838942626491 ], [ -1545617.213700000895187, -800193.305699998047203 ], [ -1545598.189300000900403, -800217.522099999710917 ], [ -1545523.63560000108555, -800242.355500004952773 ], [ -1545505.899600000819191, -800267.04209999833256 ], [ -1545488.895699996268377, -800291.798599998466671 ], [ -1545472.616099998354912, -800316.636799999745563 ], [ -1545457.054299998795614, -800341.567499997094274 ], [ -1545437.248100001597777, -800374.59419999923557 ], [ -1545417.703999997582287, -800409.165199999464676 ], [ -1545398.299199996748939, -800446.057999995304272 ], [ -1545379.368299999507144, -800483.552299994742498 ], [ -1545360.939999998779967, -800521.591299999272451 ], [ -1545343.044499997282401, -800560.112800000235438 ], [ -1545325.710399996489286, -800599.055000000400469 ], [ -1545308.966099995654076, -800638.354199994821101 ], [ -1545246.041200001258403, -800678.49670000304468 ], [ -1545230.556499995756894, -800718.320399997755885 ], [ -1545215.741200000513345, -800758.305600000079721 ], [ -1545211.923347534844652, -800769.142026416724548 ], [ -1545201.620000002672896, -800798.386599998455495 ], [ -1545188.216299995779991, -800838.496499998960644 ], [ -1545175.551599998259917, -800878.570899997605011 ], [ -1545163.703800001647323, -800917.910100003238767 ], [ -1545152.634399997536093, -800957.085700003663078 ], [ -1545144.315800001146272, -800988.70220000250265 ], [ -1545136.546399998711422, -801020.807100004982203 ], [ -1545129.267299994826317, -801054.04060000507161 ], [ -1545122.59230000176467, -801087.138800001237541 ], [ -1545084.940899999346584, -801120.201999998651445 ], [ -1545084.750960986595601, -801120.639146964764223 ], [ -1545069.672199999215081, -801155.343099996913224 ], [ -1545064.606099997879937, -801189.976799996104091 ], [ -1545060.047100002411753, -801225.778699998743832 ], [ -1545056.029700001236051, -801262.105800000950694 ], [ -1545052.58539999765344, -801298.343499997630715 ], [ -1545049.64420000067912, -801335.780699991388246 ], [ -1545047.239399996353313, -801373.79219999210909 ], [ -1545045.370399997569621, -801412.389700002968311 ], [ -1545044.035999994724989, -801451.592800000682473 ], [ -1545043.235699998447672, -801491.419799995142967 ], [ -1545042.968999998178333, -801531.892700002295896 ], [ -1545006.227999999187887, -801575.453100000973791 ], [ -1545007.006900001782924, -801616.717699998058379 ], [ -1545008.305799995549023, -801658.692100001964718 ], [ -1545010.125799998641014, -801701.413599998224527 ], [ -1545012.467899997252971, -801744.911699996795505 ], [ -1545015.264499998418614, -801789.905200002482161 ], [ -1545018.6611, -801835.142099999357015 ], [ -1545022.5923999955412, -801881.354200002970174 ], [ -1545026.955699995160103, -801928.886799996718764 ], [ -1545031.934099996462464, -801976.924800004111603 ], [ -1545002.245999995386228, -802030.975600001867861 ], [ -1545008.362900000996888, -802081.802999995648861 ], [ -1545014.8731, -802134.84319999627769 ], [ -1545022.227500001201406, -802189.317099998239428 ], [ -1545030.109199992381036, -802247.044399997452274 ], [ -1545038.846500002546236, -802308.32830000272952 ], [ -1545043.530900002224371, -802337.898400003323331 ], [ -1545048.744899999350309, -802367.647900002775714 ], [ -1545054.300099996617064, -802398.258699991740286 ], [ -1545060.580999999307096, -802428.408999999752268 ], [ -1545067.208800000138581, -802459.449199998984113 ], [ -1545041.381400002399459, -802496.143800002988428 ], [ -1545049.288800000678748, -802527.018200001679361 ], [ -1545057.49589999881573, -802558.836800000397488 ], [ -1545066.502699998673052, -802590.260700000450015 ], [ -1545075.821999992709607, -802622.678699998185039 ], [ -1545085.715100003639236, -802655.458299997029826 ], [ -1545096.445699998643249, -802687.973200001986697 ], [ -1545107.517800001427531, -802721.574900003150105 ], [ -1545119.202399998204783, -802755.655899998731911 ], [ -1545131.517499998444691, -802790.266300002345815 ], [ -1545144.7385, -802824.807000001892447 ], [ -1545156.326000000350177, -802855.516999998362735 ], [ -1545168.432199998293072, -802886.765499998815358 ], [ -1545181.334499997785315, -802917.952799996593967 ], [ -1545158.099000000627711, -802958.066299997968599 ], [ -1545171.829300003126264, -802991.356199997477233 ], [ -1545186.573099997360259, -803024.847600002773106 ], [ -1545201.637299999594688, -803060.217200000537559 ], [ -1545217.527799999108538, -803096.838099994696677 ], [ -1545246.528700003167614, -803162.694900001166388 ], [ -1545279.464000000152737, -803235.519899998325855 ], [ -1545312.525299995904788, -803307.572999997995794 ], [ -1545356.50679999939166, -803506.222800003131852 ], [ -1545381.830600000917912, -803560.853399996180087 ], [ -1545384.827934928005561, -803567.420626866165549 ], [ -1545404.3123000015039, -803610.111300001619384 ], [ -1545412.328369975090027, -803628.494833980686963 ], [ -1545428.859999997075647, -803666.407400002237409 ], [ -1545451.811099998885766, -803718.442999997641891 ], [ -1545473.131699998863041, -803768.021199999144301 ], [ -1545493.042800001334399, -803815.637400002684444 ], [ -1545478.686700000194833, -803881.125000001629815 ], [ -1545484.697700000600889, -803909.338899993337691 ], [ -1545494.741599995177239, -803936.62909999769181 ], [ -1545504.997099997708574, -803962.730599992675707 ], [ -1545514.291099996538833, -803989.28249999997206 ], [ -1545523.817899994552135, -804014.700399992056191 ], [ -1545532.404300002614036, -804040.624100002693012 ], [ -1545541.253600000869483, -804065.497100000269711 ], [ -1545548.768099997658283, -804091.912700003711507 ], [ -1545556.954899999545887, -804116.286099997349083 ], [ -1545564.819099998334423, -804140.434999997494742 ], [ -1545571.365799999330193, -804166.178499998524785 ], [ -1545578.599299998488277, -804189.923999996157363 ], [ -1545584.931699999608099, -804214.293199994601309 ], [ -1545591.139699996216223, -804238.677199993981048 ], [ -1545590.896099995588884, -804304.520899998722598 ], [ -1545576.75909999711439, -804372.852599998237565 ], [ -1545591.345699997153133, -804436.398200001334772 ], [ -1545605.920699998503551, -804499.768699998268858 ], [ -1545620.320500002475455, -804563.99349999986589 ], [ -1545634.32109999912791, -804629.001399999251589 ], [ -1545648.328199997544289, -804693.910300000570714 ], [ -1545642.243899999419227, -804765.900400000857189 ], [ -1545628.658299997448921, -804839.647599996067584 ], [ -1545641.519299998879433, -804907.136000002035871 ], [ -1545653.555899997474626, -804976.47260000067763 ], [ -1545665.698299996787682, -805045.910700000124052 ], [ -1545677.032100000884384, -805117.28499999968335 ], [ -1545682.80421029124409, -805183.031750249909237 ], [ -1545683.440099999774247, -805190.274799997685477 ], [ -1545673.799224314978346, -805226.309213059721515 ], [ -1545661.669800000265241, -805271.645000002579764 ], [ -1545664.529599996749312, -805348.185499998973683 ], [ -1545674.7237000009045, -805421.161500002723187 ], [ -1545684.647799998056144, -805495.483699996955693 ], [ -1545693.702199995517731, -805572.105600000824779 ], [ -1545694.0633, -805651.43219999759458 ], [ -1545671.851900000358, -805737.267200003145263 ], [ -1545673.446089907782152, -805770.198013317072764 ], [ -1545675.82269999710843, -805819.291100002126768 ], [ -1545684.64839999913238, -805902.357700002845377 ], [ -1545692.852799998596311, -805988.661800002213567 ], [ -1545701.18839999800548, -806074.429599999915808 ], [ -1545682.194800002034754, -806170.353500003227964 ], [ -1545681.517799998866394, -806265.92900000535883 ], [ -1545689.872199998237193, -806363.035899999784306 ], [ -1545693.076554735191166, -806401.617538555525243 ], [ -1545698.300300000468269, -806464.513399999588728 ], [ -1545695.432899997569621, -806576.322900001658127 ], [ -1545688.647900002310053, -806701.721199993975461 ], [ -1545699.867699998198077, -806848.151300000026822 ], [ -1545702.271399997873232, -806881.705400004051626 ], [ -1545704.403399998322129, -806915.627100000856444 ], [ -1545706.264699999708682, -806949.931700001470745 ], [ -1545706.292081319028512, -806957.030417727539316 ], [ -1545706.399700003210455, -806984.931000000797212 ], [ -1545697.52639999683015, -807022.111900004325435 ], [ -1545689.9575, -807059.173199999611825 ], [ -1545682.352899998193607, -807096.166099998168647 ], [ -1545674.481499998597428, -807133.648300002096221 ], [ -1545674.735099996905774, -807170.630000000586733 ], [ -1545674.723199997562915, -807208.160800001816824 ], [ -1545674.445899998303503, -807246.276099996641278 ], [ -1545673.902699996018782, -807285.018800004618242 ], [ -1545673.09340000175871, -807324.424100000178441 ], [ -1545672.016700001200661, -807364.559799998998642 ], [ -1545670.670799997402355, -807405.488800002727658 ], [ -1545663.086400000844151, -807448.025199995143339 ], [ -1545640.390999994939193, -807521.093199991621077 ], [ -1545618.225999996997416, -807597.086599991424009 ], [ -1545613.298300003865734, -807676.13709999807179 ], [ -1545607.222599998349324, -807760.053899992723018 ], [ -1545601.542399995261803, -807836.149599997326732 ], [ -1545587.003799997968599, -807921.353300002170727 ], [ -1545539.876123492373154, -808215.438511689193547 ], [ -1545539.689399998402223, -808216.60370000009425 ], [ -1545538.827619345393032, -808226.216470938408747 ], [ -1545532.418916809838265, -808297.702630697749555 ], [ -1545529.329299997771159, -808332.165900002466515 ], [ -1545517.249599997187033, -808393.316200002562255 ], [ -1545508.017999996431172, -808450.145500001031905 ], [ -1545502.027299999026582, -808504.292700002668425 ], [ -1545498.718399997334927, -808556.006499991985038 ], [ -1545495.196600001072511, -808616.075899996329099 ], [ -1545492.1778, -808673.832300000591204 ], [ -1545489.642299998784438, -808729.653799998341128 ], [ -1545486.922099999384955, -808783.850100000621751 ], [ -1545481.322400001809001, -808836.645300002070144 ], [ -1545477.116100000683218, -808887.756699999794364 ], [ -1545475.056399998022243, -808938.52980000525713 ], [ -1545474.8286999957636, -808987.683700000168756 ], [ -1545475.164999995147809, -809046.096200003521517 ], [ -1545476.1749, -809103.185000000754371 ], [ -1545477.860299998195842, -809159.06519999820739 ], [ -1545480.224, -809213.827999998116866 ], [ -1545483.139399998821318, -809267.964999992633238 ], [ -1545485.951899998355657, -809320.762800001772121 ], [ -1545484.41289999964647, -809371.694700002670288 ], [ -1545488.040399998659268, -809422.471400001784787 ], [ -1545493.866499997908249, -809472.741199997952208 ], [ -1545497.044100001454353, -809497.584600000875071 ], [ -1545500.398899994557723, -809522.239799995906651 ], [ -1545503.950599999865517, -809547.116799992509186 ], [ -1545507.661499998765066, -809571.409400000236928 ], [ -1545511.551399998134002, -809595.526799997314811 ], [ -1545515.620899999048561, -809619.472499999916181 ], [ -1545520.235599995125085, -809643.650499998126179 ], [ -1545524.666599999181926, -809667.265999997965991 ], [ -1545529.830200002063066, -809690.75600000214763 ], [ -1545535.084399999585003, -809714.48200000077486 ], [ -1545540.540599999018013, -809738.457699996419251 ], [ -1545546.1609, -809761.876299998024479 ], [ -1545547.966699996730313, -809784.79939999920316 ], [ -1545550.841799997258931, -809807.554399999789894 ], [ -1545554.063699998194352, -809833.544299998320639 ], [ -1545560.252199995797127, -809859.133400001795962 ], [ -1545567.845299996435642, -809884.86350000067614 ], [ -1545575.962299996521324, -809910.769299999810755 ], [ -1545583.62669999548234, -809937.181600003270432 ], [ -1545592.928499996894971, -809963.63149999990128 ], [ -1545602.647100003203377, -809990.15639999974519 ], [ -1545611.932699998607859, -810017.244399999268353 ], [ -1545622.657900002785027, -810043.903199998196214 ], [ -1545634.028200002154335, -810071.19129999820143 ], [ -1545645.974199999589473, -810098.797700001625344 ], [ -1545657.448800003156066, -810126.735399991972372 ], [ -1545670.863800001563504, -810154.900499997660518 ], [ -1545683.993399997707456, -810183.77150000189431 ], [ -1545695.436000001616776, -810210.188600001856685 ], [ -1545707.568699997151271, -810237.525699997553602 ], [ -1545717.360300000524148, -810259.655400002840906 ], [ -1545730.329299997771159, -810285.122199999168515 ], [ -1545744.092399996938184, -810310.642899999162182 ], [ -1545757.453699994599447, -810336.837600002996624 ], [ -1545772.355099995387718, -810363.535899996291846 ], [ -1545787.914900002535433, -810390.984499997459352 ], [ -1545820.373899997677654, -810448.807699997210875 ], [ -1545849.58659999887459, -810499.883500001626089 ], [ -1545882.684399996418506, -810556.592899997718632 ], [ -1545916.973199996631593, -810615.18949999823235 ], [ -1545939.989449783228338, -810651.633703141938895 ], [ -1545948.523846483556554, -810665.147168190218508 ], [ -1546006.102000002283603, -810756.317099996609613 ], [ -1546049.721499999286607, -810829.281100003048778 ], [ -1546072.571499998914078, -810867.383499992080033 ], [ -1546093.55289999791421, -810903.169999999459833 ], [ -1546113.600100001785904, -810937.336700002197176 ], [ -1546132.184899997664616, -810970.046199998585507 ], [ -1546153.205799998249859, -811007.186300000408664 ], [ -1546172.680499998852611, -811043.357999998377636 ], [ -1546190.645799995400012, -811079.455200002994388 ], [ -1546276.368721565464512, -810880.076983354752883 ], [ -1546350.311710894806311, -810708.097061575390399 ], [ -1546507.535508716246113, -810342.418899284908548 ], [ -1546912.661301890620962, -809400.159154905937612 ], [ -1546954.072599996812642, -809303.842899998649955 ], [ -1546957.852262468077242, -809234.864063032669947 ], [ -1547165.739700002595782, -805440.91850000130944 ], [ -1546673.066779165295884, -804159.968898375285789 ], [ -1546519.904320444911718, -803761.746503392467275 ], [ -1545842.820399996591732, -802001.32829999551177 ], [ -1545762.649236277444288, -800515.533837175462395 ], [ -1545737.568699997616932, -800050.721800001803786 ], [ -1545726.327100002672523, -800062.902199999429286 ], [ -1545702.869, -800089.161799997324124 ], [ -1545680.234399998094887, -800115.372200003825128 ], [ -1545664.833675042027608, -800133.844166783848777 ] ] ] } },
{ "type": "Feature", "properties": { "ID": 916, "YEAR": "2013-2014", "Perimtr_KM": 68.940405039300003, "AREA_KM": 35.461612109599997, "SCALE": 2, "THICKNES_M": 341.33711205499998, "VOLUME_KM": 12.104364266299999, "MASS_GT": 11.0997020322, "RECURRANCE": "1-2", "UA_KM": 0.3447020252, "UH_M": 28.330980160900001, "UC_KM": 0.92615591141999998, "REGION": "West", "ICESHELF": "Getz" }, "geometry": { "type": "Polygon", "coordinates": [ [ [ -1565748.331121932715178, -743902.38194986525923 ], [ -1565744.960599998477846, -743909.657499996712431 ], [ -1565734.470400002319366, -743932.906200000550598 ], [ -1565724.799799998756498, -743956.8949000001885 ], [ -1565716.247699997154996, -743981.359200002392754 ], [ -1565709.40619999775663, -744006.276099991984665 ], [ -1565702.849700001766905, -744031.927699998486787 ], [ -1565696.820999999297783, -744058.24519999907352 ], [ -1565690.856600003316998, -744085.236699996748939 ], [ -1565685.127799996174872, -744113.132200000807643 ], [ -1565683.268051820108667, -744123.311956157907844 ], [ -1565679.871200000634417, -744141.905400002608076 ], [ -1565674.548999998252839, -744171.933400003705174 ], [ -1565669.410699996864423, -744203.114300004439428 ], [ -1565664.383200001902878, -744235.874999998835847 ], [ -1565659.665199994808063, -744270.463499998440966 ], [ -1565654.627999995835125, -744307.935699998168275 ], [ -1565646.800799995427951, -744341.769499999238178 ], [ -1565639.248999999603257, -744375.678300003753975 ], [ -1565632.55669999634847, -744409.82099999813363 ], [ -1565628.554499994497746, -744443.333600001176819 ], [ -1565626.352099997457117, -744476.490799997700378 ], [ -1565624.614699997473508, -744509.704599996097386 ], [ -1565623.342199996346608, -744542.975100001553074 ], [ -1565622.563936164136976, -744575.095566499279812 ], [ -1565622.534699998795986, -744576.302200002362952 ], [ -1565622.192100000102073, -744609.68600000324659 ], [ -1565622.314400000264868, -744643.12639999948442 ], [ -1565622.901599999517202, -744676.623500002548099 ], [ -1565623.953699997393414, -744710.17719999444671 ], [ -1565625.470799999078736, -744743.78759999293834 ], [ -1565625.406499999342486, -744778.362500001210719 ], [ -1565621.71479999856092, -744814.809799992479384 ], [ -1565620.502999996533617, -744830.498599997488782 ], [ -1565618.418699998175725, -744835.175200001802295 ], [ -1565604.378099997062236, -744867.109100002329797 ], [ -1565594.126299999887124, -744898.074200000148267 ], [ -1565585.258499995805323, -744928.700100003974512 ], [ -1565576.271899993764237, -744959.631499996641651 ], [ -1565572.28510000067763, -744974.01789999823086 ], [ -1565568.933499995851889, -744988.343299993313849 ], [ -1565561.76830000220798, -745017.993099995655939 ], [ -1565555.235299997730181, -745048.403900002595037 ], [ -1565549.791800001403317, -745079.41470000310801 ], [ -1565544.482899996684864, -745111.53639999916777 ], [ -1565539.756999996025115, -745144.675099996384233 ], [ -1565535.596099996706471, -745178.95619999896735 ], [ -1565531.977899996563792, -745214.562199996318668 ], [ -1565524.375099998433143, -745250.43380000279285 ], [ -1565513.269299997249618, -745290.006999996490777 ], [ -1565504.841499995440245, -745330.375200000591576 ], [ -1565503.143700001528487, -745370.026400003582239 ], [ -1565501.915199997136369, -745407.417100004618987 ], [ -1565500.872299999697134, -745448.944299998227507 ], [ -1565498.171299998648465, -745601.928699997952208 ], [ -1565496.686900002649054, -745664.942900000140071 ], [ -1565492.351400000741705, -745699.929300000192598 ], [ -1565483.985399995930493, -745734.10360000259243 ], [ -1565476.209300002316013, -745766.373599999584258 ], [ -1565473.093999999109656, -745795.515900004655123 ], [ -1565470.615499998675659, -745829.659200000343844 ], [ -1565467.7423, -745862.398599998559803 ], [ -1565464.454400000395253, -745893.961500001372769 ], [ -1565461.19269999768585, -745924.328299997840077 ], [ -1565457.022700002416968, -745954.000599998515099 ], [ -1565452.392800000496209, -745982.859700003638864 ], [ -1565447.290499998023733, -746010.984300001291558 ], [ -1565441.704799997154623, -746038.434300000779331 ], [ -1565437.359800000907853, -746059.838699999498203 ], [ -1565432.026999999536201, -746082.340700002852827 ], [ -1565426.106399997603148, -746106.010099992388859 ], [ -1565419.480499998433515, -746131.320000001927838 ], [ -1565396.493099997285753, -746182.677600000984967 ], [ -1565358.027899998007342, -746293.208400000352412 ], [ -1565351.298999994760379, -746319.12470000074245 ], [ -1565345.02269999939017, -746342.747299996670336 ], [ -1565339.443699996452779, -746364.56040000426583 ], [ -1565334.814899998949841, -746385.196600004099309 ], [ -1565330.615099999587983, -746404.910599992144853 ], [ -1565326.422800002153963, -746424.042000001762062 ], [ -1565320.760499997064471, -746451.792499997885898 ], [ -1565315.48110000253655, -746479.861900005256757 ], [ -1565311.424100002273917, -746508.090499999932945 ], [ -1565306.903200002619997, -746536.839200004003942 ], [ -1565302.757900001248345, -746565.948300000280142 ], [ -1565298.985499999020249, -746595.438300000503659 ], [ -1565288.248599998187274, -746629.309199997922406 ], [ -1565276.611099995439872, -746663.818099993979558 ], [ -1565271.702699998626485, -746695.449599996209145 ], [ -1565269.801499997498468, -746726.497899998212233 ], [ -1565267.857299999333918, -746758.193199996836483 ], [ -1565266.270399995846674, -746790.429299999726936 ], [ -1565265.039099994814023, -746823.236500000348315 ], [ -1565264.552799995522946, -746856.560099998721853 ], [ -1565264.026799998711795, -746890.680300001520663 ], [ -1565263.851599995046854, -746925.552600002381951 ], [ -1565263.970300001325086, -746954.879299991298467 ], [ -1565264.326699994271621, -746984.82369999634102 ], [ -1565264.529899998567998, -747015.560399999609217 ], [ -1565265.364599999506027, -747046.944300002185628 ], [ -1565261.81360000022687, -747081.442400003317744 ], [ -1565254.427800000878051, -747118.701100000180304 ], [ -1565256.584299999289215, -747189.211900001158938 ], [ -1565259.934799999697134, -747251.961299997754395 ], [ -1565264.171700002159923, -747321.818699998315424 ], [ -1565268.975699996575713, -747390.060199995292351 ], [ -1565271.99739999929443, -747567.74089999916032 ], [ -1565276.984599995892495, -747662.561299997381866 ], [ -1565280.007800001651049, -747712.188700004247949 ], [ -1565282.297499999869615, -747758.803900002734736 ], [ -1565284.418399998219684, -747802.919899992877617 ], [ -1565286.132199995452538, -747845.145499997073784 ], [ -1565287.670800002291799, -747893.806400001514703 ], [ -1565288.655099997995421, -747940.626000000163913 ], [ -1565286.133200001902878, -747987.617999999318272 ], [ -1565280.277599998982623, -748034.91970000253059 ], [ -1565279.619800000917166, -748077.731199991889298 ], [ -1565278.621500001754612, -748119.39009999576956 ], [ -1565276.860499998787418, -748160.204699999652803 ], [ -1565274.542800000170246, -748200.157799997599795 ], [ -1565270.632199999410659, -748253.822999999625608 ], [ -1565265.880599998403341, -748308.532799997832626 ], [ -1565260.527100002393126, -748364.29770000022836 ], [ -1565254.267499995650724, -748421.382400000700727 ], [ -1565238.92500000144355, -748484.543299996061251 ], [ -1565230.665999999502674, -748544.865500001935288 ], [ -1565221.854499996872619, -748607.071600005263463 ], [ -1565211.626199997728691, -748671.849200001684949 ], [ -1565202.805299998493865, -748725.974800000200048 ], [ -1565192.997999999439344, -748782.588000001851469 ], [ -1565182.299699997762218, -748842.18620000127703 ], [ -1565172.739456472219899, -748883.514531819615513 ], [ -1565167.342300002695993, -748906.846099997637793 ], [ -1565142.381499993847683, -749026.14770000311546 ], [ -1565121.166619166266173, -749134.954979022266343 ], [ -1565101.599399999715388, -749235.31169999926351 ], [ -1565086.461399996653199, -749314.153000002959743 ], [ -1565067.819099996704608, -749394.109900000505149 ], [ -1565054.70949999592267, -749465.105299995280802 ], [ -1565043.544848406221718, -749528.541929158382118 ], [ -1565041.389999999664724, -749540.785599999828264 ], [ -1565029.341200001072139, -749611.949400002835318 ], [ -1565018.651599996723235, -749679.668699999339879 ], [ -1565008.927200001198798, -749744.71879999875091 ], [ -1565003.988399999216199, -749779.778000000165775 ], [ -1564997.462299994891509, -749817.458700003568083 ], [ -1564992.782799995969981, -749851.891199990874156 ], [ -1564989.721037969691679, -749877.21579251345247 ], [ -1564988.75179999647662, -749885.232600002782419 ], [ -1564985.011199998203665, -749918.098399998387322 ], [ -1564981.55820000404492, -749950.515299998223782 ], [ -1564978.389400002546608, -749982.515000001527369 ], [ -1564975.502099995501339, -750014.124299992341548 ], [ -1564972.891299997223541, -750045.402100000530481 ], [ -1564970.716800002846867, -750076.245599997229874 ], [ -1564968.660700000589713, -750106.854200004367158 ], [ -1564966.879899998195469, -750137.155900004087016 ], [ -1564965.373500000219792, -750167.169300000183284 ], [ -1564964.140700003132224, -750196.907200000947341 ], [ -1564963.181000003125519, -750226.383300002431497 ], [ -1564961.153699998743832, -750256.378699996042997 ], [ -1564959.270399995613843, -750300.923099996522069 ], [ -1564958.787999997381121, -750344.795599997509271 ], [ -1564958.537099997512996, -750388.681999997235835 ], [ -1564958.51770000346005, -750432.58219999121502 ], [ -1564958.729800001019612, -750476.496399995638058 ], [ -1564959.173399997176602, -750520.424400001065806 ], [ -1564959.848499998915941, -750564.366400003200397 ], [ -1564960.755199996987358, -750608.32219999958761 ], [ -1564961.893300002673641, -750652.291799996979535 ], [ -1564962.534600001294166, -750697.274800001876429 ], [ -1564962.377799998503178, -750743.372799999080598 ], [ -1564964.210499998182058, -750787.384199997875839 ], [ -1564966.274700003210455, -750831.40940000442788 ], [ -1564968.5704, -750875.448399998247623 ], [ -1564970.930200000759214, -750919.621100001968443 ], [ -1564973.688799996860325, -750963.686499995412305 ], [ -1564973.688900001579896, -750816.463900001952425 ], [ -1564978.491599995875731, -750858.318399996962398 ], [ -1564983.063000000780448, -750900.181400000117719 ], [ -1564987.402900000335649, -750942.052899998147041 ], [ -1564991.511399999260902, -750983.932799999602139 ], [ -1564995.221200000727549, -751025.940999993123114 ], [ -1564998.866800000192598, -751067.83779999287799 ], [ -1565002.281099996995181, -751109.743100001011044 ], [ -1565004.888300001621246, -751152.262000000569969 ], [ -1565007.1013999953866, -751194.431799999903888 ], [ -1565009.821499996818602, -751236.362400002777576 ], [ -1565012.310099999653175, -751278.301499993540347 ], [ -1565014.567399999825284, -751320.249099992681295 ], [ -1565016.593199994415045, -751362.205100002000108 ], [ -1565018.387600002111867, -751404.169599999440834 ], [ -1565019.761400001356378, -751446.318200000561774 ], [ -1565021.093000000808388, -751488.299600003054366 ], [ -1565022.489699997007847, -751530.249699991196394 ], [ -1565023.337699995609, -751629.22050000121817 ], [ -1565024.881699999794364, -751673.894299998413771 ], [ -1565026.021499997703359, -751721.1925999969244 ], [ -1565026.39490000042133, -751763.505699998466298 ], [ -1565026.267600001301616, -751786.692100001964718 ], [ -1565025.884599999524653, -751808.996200000634417 ], [ -1565025.24350000382401, -751830.560099993832409 ], [ -1565024.341399999102578, -751851.478500000433996 ], [ -1565023.173300000140443, -751871.855699997628108 ], [ -1565021.7366999972146, -751891.724999998696148 ], [ -1565020.027800000971183, -751911.137600001879036 ], [ -1565018.043199999723583, -751930.132499998202547 ], [ -1565015.744899995392188, -751949.487199998693541 ], [ -1565012.715100003406405, -751969.755999994697049 ], [ -1565009.076200001640245, -751990.987399998353794 ], [ -1565004.768799998098984, -752013.529699993319809 ], [ -1565000.316199997439981, -752035.007599999196827 ], [ -1564992.637200000463054, -752059.341899996856228 ], [ -1564970.090999997453764, -752148.658199997618794 ], [ -1564962.055699998745695, -752185.364499998511747 ], [ -1564957.93249999708496, -752205.264000002294779 ], [ -1564954.335399996722117, -752223.883499996503815 ], [ -1564951.194600002607331, -752241.585399999748915 ], [ -1564948.649699998321012, -752258.451399999437854 ], [ -1564943.974599997047335, -752290.656200001947582 ], [ -1564939.633599999593571, -752323.103199993027374 ], [ -1564935.772999994456768, -752355.712800003122538 ], [ -1564932.100400000810623, -752388.641499993391335 ], [ -1564928.762199998367578, -752421.809799992013723 ], [ -1564928.540855354862288, -752424.271569187985733 ], [ -1564925.758499998599291, -752455.21659999457188 ], [ -1564923.261199998436496, -752488.758400000398979 ], [ -1564916.957600001711398, -752523.920800001593307 ], [ -1564914.957800001138821, -752558.037499995203689 ], [ -1564913.292800003662705, -752592.388500004308298 ], [ -1564911.962699993746355, -752626.972699997480959 ], [ -1564910.967400000663474, -752661.788799994625151 ], [ -1564910.307099999627098, -752696.835700005060062 ], [ -1564909.981699999887496, -752732.112100000726059 ], [ -1564909.991299999179319, -752767.616700001992285 ], [ -1564910.335899997269735, -752803.347999998833984 ], [ -1564911.015599999343976, -752839.310199999948964 ], [ -1564912.030300000216812, -752875.496299993246794 ], [ -1564913.380000000353903, -752911.904800002928823 ], [ -1564914.574499998707324, -752949.008899999549612 ], [ -1564914.20180000201799, -752988.299100002506748 ], [ -1564916.556000002659857, -753025.364800002193078 ], [ -1564919.244899994926527, -753062.646000004373491 ], [ -1564922.268299996387213, -753100.140899997903034 ], [ -1564925.374600001843646, -753137.840599997201934 ], [ -1564929.066700001014397, -753175.757800004910678 ], [ -1564932.953999999677762, -753213.995199997210875 ], [ -1564937.313699998660013, -753252.325099999317899 ], [ -1564942.006999998586252, -753290.85799999628216 ], [ -1564947.033399995882064, -753329.591399998869747 ], [ -1564952.141200000653043, -753368.514700001338497 ], [ -1564956.683899999363348, -753409.566599999787286 ], [ -1564958.257400000467896, -753426.624499998986721 ], [ -1564960.822900001425296, -753441.678599991835654 ], [ -1564966.736099999397993, -753472.752200002549216 ], [ -1564973.744300001300871, -753505.387799999909475 ], [ -1564981.981699999887496, -753540.212799997068942 ], [ -1564989.519599996972829, -753570.951100001344457 ], [ -1564998.584800002863631, -753604.977699996903539 ], [ -1565011.037522877799347, -753650.086147596826777 ], [ -1565030.166499998653308, -753719.378499998478219 ], [ -1565041.666499994928017, -753762.75759999663569 ], [ -1565052.740100000752136, -753806.060299993259832 ], [ -1565057.534699998795986, -753826.027500001480803 ], [ -1565061.683999999426305, -753845.311299995752051 ], [ -1565063.51369999954477, -753868.438399998471141 ], [ -1565066.819799997610971, -753890.186999996891245 ], [ -1565070.475100001087412, -753910.243000002810732 ], [ -1565073.689899998949841, -753929.784300003200769 ], [ -1565076.478900000452995, -753948.902600004337728 ], [ -1565078.845799997448921, -753967.62889999197796 ], [ -1565080.796499997610226, -753986.009399999631569 ], [ -1565082.334799997042865, -754004.079900002339855 ], [ -1565083.369899998884648, -754020.369099999312311 ], [ -1565084.101700000697747, -754037.339599999366328 ], [ -1565084.536699997493997, -754055.129300000378862 ], [ -1565084.680799996946007, -754073.985100002959371 ], [ -1565084.544599997811019, -754093.70580000244081 ], [ -1565084.130400000372902, -754115.516499998280779 ], [ -1565081.42319999798201, -754202.526999999769032 ], [ -1565080.683799996506423, -754240.071999993640929 ], [ -1565080.629799995105714, -754260.521800003014505 ], [ -1565080.883199997711927, -754279.585899999830872 ], [ -1565081.449400001671165, -754297.643800004152581 ], [ -1565080.221799999009818, -754317.075100002344698 ], [ -1565080.941799999447539, -754342.738399998517707 ], [ -1565083.144900002283975, -754368.111899995012209 ], [ -1565085.493799996562302, -754394.104600003920496 ], [ -1565088.609099999768659, -754420.573399991262704 ], [ -1565092.188299995381385, -754447.664599999785423 ], [ -1565096.247499997960404, -754475.507599991746247 ], [ -1565100.803999997442588, -754504.219700002809986 ], [ -1565105.885200000135228, -754533.974900000495836 ], [ -1565110.513599999016151, -754561.302999998209998 ], [ -1565115.927500000456348, -754589.741700004320592 ], [ -1565121.876500001177192, -754619.695700001902878 ], [ -1565128.479799997527152, -754651.765000004321337 ], [ -1565139.537899996619672, -754705.13070000265725 ], [ -1565162.182999999495223, -754824.145399996079504 ], [ -1565173.322499999310821, -754875.944800001103431 ], [ -1565179.246400000993162, -754903.026200000895187 ], [ -1565185.445900002960116, -754930.704900002339855 ], [ -1565192.024199998006225, -754958.902499997289851 ], [ -1565199.487000000430271, -754987.602899991208687 ], [ -1565207.491299999412149, -755016.959999999264255 ], [ -1565215.500799999805167, -755047.35329999984242 ], [ -1565224.708900002529845, -755078.467099997447804 ], [ -1565234.600000000558794, -755110.735800001071766 ], [ -1565251.88879999704659, -755166.935199996922165 ], [ -1565270.790799998911098, -755231.574600001331419 ], [ -1565291.111299995798618, -755291.720499998889863 ], [ -1565341.842999998480082, -755441.948799998499453 ], [ -1565355.886200000299141, -755484.398200003663078 ], [ -1565368.349399999016896, -755522.483899997081608 ], [ -1565381.6278, -755564.511999994982034 ], [ -1565394.012599997455254, -755603.825299997814 ], [ -1565404.744799993466586, -755641.379100000485778 ], [ -1565414.276899997610599, -755679.378400001209229 ], [ -1565425.181500000879169, -755720.099100003950298 ], [ -1565435.342799994628876, -755759.535200003301725 ], [ -1565444.498300001258031, -755797.852599998004735 ], [ -1565452.361999996704981, -755835.138799991924316 ], [ -1565459.622300000628456, -755871.728600002126768 ], [ -1565465.964899995364249, -755907.605899999849498 ], [ -1565471.405600001569837, -755942.861699999077246 ], [ -1565473.791399996494874, -755960.278899999335408 ], [ -1565475.630699995905161, -755977.489700000034645 ], [ -1565477.636999998474494, -755995.375299994833767 ], [ -1565479.433999999891967, -756013.62230000202544 ], [ -1565481.024699999717996, -756032.261699993629009 ], [ -1565482.412600000621751, -756051.333200001390651 ], [ -1565483.599899997934699, -756070.865200003376231 ], [ -1565484.591699995333329, -756090.932700003031641 ], [ -1565485.391199994832277, -756111.604599994141608 ], [ -1565485.122900000307709, -756136.176899992395192 ], [ -1565485.782299999380484, -756179.861100001260638 ], [ -1565485.775399998994544, -756228.23129999730736 ], [ -1565485.198600003030151, -756278.851899999892339 ], [ -1565483.416899998672307, -756378.803900001337752 ], [ -1565482.822700001066551, -756420.561200001975521 ], [ -1565482.540999997407198, -756464.216399997007102 ], [ -1565482.728100000647828, -756503.333599998382851 ], [ -1565483.0859999966342, -756526.295800002524629 ], [ -1565483.6331, -756548.342799999983981 ], [ -1565484.14389999746345, -756570.627600002335384 ], [ -1565484.249099996639416, -756593.240999992704019 ], [ -1565485.388200002256781, -756613.325399997644126 ], [ -1565486.732099999440834, -756632.898699997691438 ], [ -1565488.284299997845665, -756652.014800003264099 ], [ -1565490.048399998107925, -756670.714900000952184 ], [ -1565492.793599998578429, -756696.815200000302866 ], [ -1565495.769099995261058, -756723.094700002809986 ], [ -1565498.97569999890402, -756749.55900000128895 ], [ -1565502.101999999722466, -756776.281700001331046 ], [ -1565505.772799996193498, -756803.134299994446337 ], [ -1565509.677300000563264, -756830.191799997584894 ], [ -1565518.191500001819804, -756884.952800000784919 ], [ -1565527.339800000423566, -756940.680500001879409 ], [ -1565537.762800002470613, -756997.341499996837229 ], [ -1565549.848299999022856, -757059.607500002253801 ], [ -1565561.8983, -757118.616200002608821 ], [ -1565575.200599997537211, -757178.33769999537617 ], [ -1565589.198199994629249, -757239.602400002302602 ], [ -1565604.652599999681115, -757302.535199997015297 ], [ -1565620.924800000619143, -757367.520099994726479 ], [ -1565638.064499998930842, -757434.742199999047443 ], [ -1565658.178799999179319, -757509.161399998702109 ], [ -1565678.339699996868148, -757583.014600003836676 ], [ -1565700.863599997479469, -757661.907200003508478 ], [ -1565706.193499997491017, -757680.930100000230595 ], [ -1565712.167899997904897, -757700.142499991692603 ], [ -1565718.118899998255074, -757719.798300003632903 ], [ -1565724.77589999535121, -757739.803800004068762 ], [ -1565738.884100002702326, -757781.434099999256432 ], [ -1565754.707499999087304, -757825.702200000640005 ], [ -1565768.739899999229237, -757864.589700000360608 ], [ -1565785.211699997074902, -757907.669900002889335 ], [ -1565842.29139999859035, -758052.341400004224852 ], [ -1565856.489496770314872, -758088.925147724337876 ], [ -1565863.17559999669902, -758106.152999999001622 ], [ -1565883.36060000048019, -758159.787900000344962 ], [ -1565892.508599998662248, -758184.510299996472895 ], [ -1565900.772500001359731, -758208.366699998266995 ], [ -1565909.939599999692291, -758234.587400003103539 ], [ -1565918.49479999858886, -758259.966399994911626 ], [ -1565926.1881, -758284.756599993444979 ], [ -1565933.650699999649078, -758308.845599998254329 ], [ -1565940.616799999494106, -758332.450700001558289 ], [ -1565946.797900000121444, -758355.716100001009181 ], [ -1565953.967300002230331, -758378.971799996448681 ], [ -1565960.947799997637048, -758402.301600000355393 ], [ -1565971.18159999884665, -758446.289800001541153 ], [ -1565980.53659999766387, -758490.527000000933185 ], [ -1565989.677199998637661, -758534.781000000657514 ], [ -1565998.271199999609962, -758579.168000004254282 ], [ -1566005.986399997957051, -758623.803900001104921 ], [ -1566013.487300003413111, -758668.456700003007427 ], [ -1566020.441499996930361, -758713.242500002030283 ], [ -1566026.84909999743104, -758758.161100002238527 ], [ -1566032.377900002058595, -758803.328899996588007 ], [ -1566042.301900001475587, -758849.591299996012822 ], [ -1566047.069799999473616, -758894.908799996599555 ], [ -1566051.290999999269843, -758940.359200003091246 ], [ -1566054.965699997032061, -758985.942500001983717 ], [ -1566057.756200001575053, -759031.68730000173673 ], [ -1566060.33769999910146, -759077.53649999666959 ], [ -1566062.372599996393546, -759123.51859999098815 ], [ -1566030.331199996639043, -758959.87939999694936 ], [ -1566038.510200002929196, -759014.843100000871345 ], [ -1566047.390700003597885, -759069.678499999456108 ], [ -1566056.635200003627688, -759124.414099995978177 ], [ -1566065.905999998329207, -759179.078399994410574 ], [ -1566075.517399998847395, -759233.616799998795614 ], [ -1566088.874699997482821, -759288.271600002655759 ], [ -1566099.57499999855645, -759342.607999998377636 ], [ -1566110.300399998901412, -759396.859200003789738 ], [ -1566121.393399998778477, -759451.028900003992021 ], [ -1566132.846699999645352, -759505.080400000791997 ], [ -1566144.667600000277162, -759559.050399999134243 ], [ -1566157.187799999723211, -759612.88760000304319 ], [ -1566169.397700000787154, -759666.672600002493709 ], [ -1566182.645799994235858, -759720.310300000477582 ], [ -1566198.794100000755861, -759777.72890000231564 ], [ -1566212.770100001478568, -759831.166899998439476 ], [ -1566220.004099996993318, -759860.353800001554191 ], [ -1566228.415099998470396, -759889.724100002320483 ], [ -1566237.390199999557808, -759919.651599995559081 ], [ -1566246.322999995900318, -759950.52909999829717 ], [ -1566256.4904, -759981.785599996801466 ], [ -1566267.023900000844151, -760014.123599992133677 ], [ -1566278.217499999795109, -760047.333799997111782 ], [ -1566290.538299998268485, -760081.693399992072955 ], [ -1566311.709699995350093, -760140.782900005346164 ], [ -1566338.908200000645593, -760208.386100003262982 ], [ -1566363.2068, -760271.191399996168911 ], [ -1566410.00346856052056, -760390.50513222720474 ], [ -1566423.201499995077029, -760424.15510000125505 ], [ -1566439.285699997562915, -760466.190900003537536 ], [ -1566453.877000002656132, -760503.976599996676669 ], [ -1566468.910799999488518, -760544.669200001051649 ], [ -1566482.688, -760582.945500000147149 ], [ -1566495.770799996331334, -760619.291100001661107 ], [ -1566507.62070000381209, -760654.292900003725663 ], [ -1566519.938900001579896, -760692.242199995322153 ], [ -1566531.017999995965511, -760728.792399999452755 ], [ -1566541.575300002237782, -760764.579500001389533 ], [ -1566551.001500001177192, -760799.309199999086559 ], [ -1566560.386799993691966, -760833.388099990319461 ], [ -1566568.630799998994917, -760867.015799992484972 ], [ -1566576.542499997187406, -760899.909200003603473 ], [ -1566583.022299997508526, -760932.275700002675876 ], [ -1566589.058299998985603, -760964.598000002326444 ], [ -1566594.844599996460602, -760997.575499999336898 ], [ -1566599.999200001591817, -761031.459400000516325 ], [ -1566603.816199994878843, -761066.306399999652058 ], [ -1566606.407899999525398, -761105.325300002237782 ], [ -1566609.750399994896725, -761142.514099999330938 ], [ -1566610.007214777404442, -761146.090915622189641 ], [ -1566612.522799998987466, -761181.12699999846518 ], [ -1566614.744499998865649, -761221.431200003484264 ], [ -1566615.760699996259063, -761255.50800000410527 ], [ -1566616.829, -761290.98019999358803 ], [ -1566617.577099998714402, -761328.422200004104525 ], [ -1566618.01959999720566, -761368.554600003175437 ], [ -1566618.119499997003004, -761443.303299999563023 ], [ -1566596.276299998397008, -761577.698700001696125 ], [ -1566596.125399996526539, -761627.360599997220561 ], [ -1566596.2782, -761676.773900000145659 ], [ -1566596.7958, -761721.229699992341921 ], [ -1566597.867500001564622, -761768.471800000872463 ], [ -1566599.474700001068413, -761812.677300001261756 ], [ -1566601.645099998451769, -761854.596700004069135 ], [ -1566604.399999996181577, -761894.626099999062717 ], [ -1566606.186099998187274, -761916.112099994206801 ], [ -1566608.161199998110533, -761937.150599998887628 ], [ -1566610.328700000885874, -761957.775800001109019 ], [ -1566612.797300001373515, -761978.526699994690716 ], [ -1566588.753600000636652, -762004.89319999772124 ], [ -1566588.992199995554984, -762026.771400002064183 ], [ -1566591.9581, -762045.99319999688305 ], [ -1566595.129999998491257, -762064.910299999872223 ], [ -1566598.51430000225082, -762083.557800001231954 ], [ -1566602.110100002028048, -762101.927700002910569 ], [ -1566605.919600000604987, -762120.032100000185892 ], [ -1566609.945199995767325, -762137.881500000599772 ], [ -1566611.989399998448789, -762155.697799996938556 ], [ -1566616.4536999957636, -762173.066599995829165 ], [ -1566621.140500000678003, -762190.207000000169501 ], [ -1566626.051700000884011, -762207.126200004480779 ], [ -1566632.964499998372048, -762229.368000002810732 ], [ -1566641.824800000991672, -762252.062199999345466 ], [ -1566646.438299994450063, -762274.899200001731515 ], [ -1566655.229699996998534, -762298.066700000781566 ], [ -1566664.676199998706579, -762321.624200000194833 ], [ -1566672.614899997599423, -762345.876199995167553 ], [ -1566683.480799996759742, -762370.485499998787418 ], [ -1566692.927200000733137, -762395.993700004881248 ], [ -1566704.794199995696545, -762420.835899998433888 ], [ -1566674.581900001503527, -762468.491799992276356 ], [ -1566636.998475678032264, -762523.788922980194911 ], [ -1566636.052400002488866, -762525.18089999910444 ], [ -1566639.44028651015833, -762532.370143911568448 ], [ -1566650.315299994777888, -762555.447399997152388 ], [ -1566664.851799994474277, -762582.777899999869987 ], [ -1566673.187199998181313, -762616.325399996945634 ], [ -1566719.901499999454245, -762734.400000001071021 ], [ -1566744.940099994884804, -762783.449599998537451 ], [ -1566750.597100000595674, -762812.46349999983795 ], [ -1566763.164899997413158, -762836.535200001206249 ], [ -1566774.889600003603846, -762859.459000001661479 ], [ -1566794.894200002076104, -762879.586399996653199 ], [ -1566843.974899997236207, -762893.130700000561774 ], [ -1566860.295299996621907, -762915.422100002644584 ], [ -1566867.809700002428144, -762940.765599999111146 ], [ -1566863.376999999396503, -762970.718099993420765 ], [ -1566873.193700001807883, -762994.559199997922406 ], [ -1566883.301399999530986, -763019.012099997373298 ], [ -1566891.82009999640286, -763042.060000001685694 ], [ -1566894.131099997321144, -763067.79939999897033 ], [ -1566911.958900001365691, -763121.510899991262704 ], [ -1566922.737599996849895, -763173.548400001600385 ], [ -1566936.520099997287616, -763218.244500001426786 ], [ -1566949.871200001332909, -763261.505699997069314 ], [ -1566955.58569999714382, -763305.275999997975305 ], [ -1566991.4443, -763343.7869999979157 ], [ -1567002.048900003079325, -763371.849000001559034 ], [ -1567016.537300002062693, -763400.107599996263161 ], [ -1567025.217499999795109, -763433.649400002323091 ], [ -1567031.756799997063354, -763470.836500000208616 ], [ -1567030.969900002935901, -763512.891599998809397 ], [ -1567036.729500000365078, -763554.499400002881885 ], [ -1567041.949600000865757, -763596.782399999443442 ], [ -1567047.155299999052659, -763643.574000004446134 ], [ -1567052.31470000022091, -763694.10160000086762 ], [ -1567060.525300000794232, -763777.343999993056059 ], [ -1567107.100064310012385, -763802.875259407563135 ], [ -1567118.8611000017263, -763809.322399993427098 ], [ -1567162.478799995034933, -763831.171499999705702 ], [ -1567171.231599997961894, -763865.849600001005456 ], [ -1567172.661999999545515, -763905.219000002602115 ], [ -1567175.245600001187995, -763944.400199996307492 ], [ -1567177.56, -763983.597099999431521 ], [ -1567179.605399998370558, -764022.809699998470023 ], [ -1567181.381600000662729, -764062.037999999942258 ], [ -1567182.572385402163491, -764093.045432423474267 ], [ -1567182.888699997682124, -764101.282100001815706 ], [ -1567184.126800001133233, -764140.541899999603629 ], [ -1567185.095700001576915, -764179.817400000058115 ], [ -1567185.795499996980652, -764219.108600002946332 ], [ -1567201.043600000441074, -764264.738599997479469 ], [ -1567222.55629999563098, -764308.46869999775663 ], [ -1567222.448800002923235, -764347.807099999627098 ], [ -1567222.072199998423457, -764387.161200003931299 ], [ -1567221.426399997668341, -764426.530999997165054 ], [ -1567220.511599996360019, -764465.916599997784942 ], [ -1567219.327599999029189, -764505.317900001071393 ], [ -1567217.874499996658415, -764544.734900000039488 ], [ -1567216.152299995766953, -764584.167699999408796 ], [ -1567214.160999996820465, -764623.616099996725097 ], [ -1567212.64109999849461, -764662.83830000157468 ], [ -1567212.004000001819804, -764704.388300000922754 ], [ -1567215.200199995655566, -764749.263599996687844 ], [ -1567212.7162, -764789.266299998387694 ], [ -1567209.379399995785207, -764828.793400004506111 ], [ -1567208.588499798439443, -764837.466280840337276 ], [ -1567205.773400002159178, -764868.336199999321252 ], [ -1567201.898400001460686, -764907.894699997035787 ], [ -1567198.248699998017401, -764946.808600002899766 ], [ -1567196.129228262929246, -764965.821557619841769 ], [ -1567193.835399996023625, -764986.398600003449246 ], [ -1567189.498999999137595, -765025.477499992586672 ], [ -1567203.347857698099688, -764982.740220356034115 ], [ -1567205.01680000196211, -764977.589899997459725 ], [ -1567210.472860453184694, -764999.439445559168234 ], [ -1567219.355699997395277, -765035.011999994982034 ], [ -1567233.350199997425079, -765092.00999999511987 ], [ -1567249.052900001173839, -765151.41600000159815 ], [ -1567266.342299999203533, -765210.571499993093312 ], [ -1567277.873700000578538, -765268.274900002405047 ], [ -1567289.106800000881776, -765325.682100001256913 ], [ -1567299.64960000035353, -765383.191700002877042 ], [ -1567309.110000001033768, -765441.201800003182143 ], [ -1567311.992400000570342, -765459.68399999383837 ], [ -1567312.994076297618449, -765466.904866484925151 ], [ -1567314.618099997518584, -765478.612099994439632 ], [ -1567316.992499996442348, -765498.024999991292134 ], [ -1567319.121899996185675, -765517.973399999784306 ], [ -1567321.010400000726804, -765538.490100002847612 ], [ -1567322.668099999194965, -765559.679599993629381 ], [ -1567324.717300000833347, -765581.880400001304224 ], [ -1567328.3972, -765605.723299995763227 ], [ -1567333.345499996561557, -765647.7177000020165 ], [ -1567335.687600001925603, -765693.014599998947233 ], [ -1567336.282100000185892, -765736.810100003611296 ], [ -1567337.24029999691993, -765846.972700002137572 ], [ -1567337.729799998458475, -765878.21049999888055 ], [ -1567338.376699996879324, -765906.257899997755885 ], [ -1567339.3936, -765937.19170000217855 ], [ -1567340.701299996115267, -765966.058700000634417 ], [ -1567342.324000002350658, -765993.387700000079349 ], [ -1567344.278299996163696, -766019.451499997638166 ], [ -1567349.153700000373647, -766049.969000000040978 ], [ -1567355.136599995661527, -766079.582099997904152 ], [ -1567361.356799999019131, -766108.169699992751703 ], [ -1567365.976899998961017, -766135.375799997709692 ], [ -1567370.973799999570474, -766161.033399995882064 ], [ -1567376.562299996847287, -766185.901799999875948 ], [ -1567382.756999995792285, -766210.046099999686703 ], [ -1567389.184999997029081, -766233.949300001608208 ], [ -1567396.814299999270588, -766257.434799996903166 ], [ -1567405.316199995810166, -766281.168199999025092 ], [ -1567414.708899999037385, -766305.200000000651926 ], [ -1567424.631899998523295, -766330.028799998573959 ], [ -1567435.873100001597777, -766354.830200004158542 ], [ -1567447.396699994103983, -766381.187700002454221 ], [ -1567460.676800000714138, -766407.184399996651337 ], [ -1567474.387100000865757, -766435.033899997361004 ], [ -1567486.990600002696738, -766457.545599997974932 ], [ -1567500.478800000855699, -766482.192400003084913 ], [ -1567517.339699997100979, -766507.6769999996759 ], [ -1567534.749999996973202, -766536.032299998914823 ], [ -1567567.754699997138232, -766587.254500002833083 ], [ -1567622.112399995559826, -766676.384000000776723 ], [ -1567642.700800002086908, -766710.946599997580051 ], [ -1567663.147699996363372, -766745.900800002273172 ], [ -1567681.501000000396743, -766777.152899996377528 ], [ -1567701.233800001908094, -766810.7531999994535 ], [ -1567718.761899999342859, -766843.045000002486631 ], [ -1567734.71000000089407, -766874.039400001289323 ], [ -1567742.297800002153963, -766888.871299993945286 ], [ -1567749.545800001593307, -766903.483800003770739 ], [ -1567768.670800000429153, -766942.856700001051649 ], [ -1567789.644699997967109, -766983.829700001748279 ], [ -1567793.164706262527034, -766991.304506151005626 ], [ -1567809.620299996109679, -767026.248300002887845 ], [ -1567827.171399995451793, -767068.787300002994016 ], [ -1567843.975999996764585, -767112.405199998989701 ], [ -1567861.030000001657754, -767157.114400000311434 ], [ -1567877.709299996960908, -767204.161399993812665 ], [ -1567894.486199998529628, -767253.355500002857298 ], [ -1567908.180199994938448, -767294.531700000865385 ], [ -1567921.978399997809902, -767337.81500000320375 ], [ -1567936.74910000176169, -767383.570300003979355 ], [ -1567954.3708, -767434.084300002083182 ], [ -1567985.369300002465025, -767526.64559999643825 ], [ -1568025.443332369206473, -767663.473962346790358 ], [ -1568049.67930000112392, -767746.224999994738027 ], [ -1568067.3534, -767804.72770000086166 ], [ -1568085.509499998064712, -767858.824599992949516 ], [ -1568106.059899999760091, -767916.587499998975545 ], [ -1568125.162899996619672, -767969.364100003382191 ], [ -1568141.740299999248236, -768018.190400003222749 ], [ -1568158.347899990854785, -768064.38019999070093 ], [ -1568175.798399997875094, -768111.87700000195764 ], [ -1568193.319799997610971, -768157.531999997561797 ], [ -1568211.187299998709932, -768201.160400001332164 ], [ -1568229.090999994426966, -768243.737900002859533 ], [ -1568238.246999997412786, -768264.33599999290891 ], [ -1568247.9338, -768285.354599999962375 ], [ -1568258.530799996573478, -768305.986599997850135 ], [ -1568269.214699995936826, -768326.322399999015033 ], [ -1568279.630699999630451, -768346.496699999086559 ], [ -1568290.272199996281415, -768365.888900001533329 ], [ -1568300.506399996113032, -768385.257399996276945 ], [ -1568311.352499995613471, -768404.120700000552461 ], [ -1568311.563863062765449, -768404.511866534594446 ], [ -1568327.285299999872223, -768433.60729999630712 ], [ -1568344.130999996792525, -768463.000100002391264 ], [ -1568361.699299994856119, -768493.059699997538701 ], [ -1568380.002400000812486, -768523.835499996785074 ], [ -1568399.352099995594472, -768555.096900003030896 ], [ -1568420.098999996902421, -768586.695500003872439 ], [ -1568441.852999999420717, -768619.407699992181733 ], [ -1568465.294599995715544, -768652.860499997856095 ], [ -1568484.942500000819564, -768680.997300002258271 ], [ -1568505.800500001991168, -768710.212400001706555 ], [ -1568528.927199999336153, -768741.104699998162687 ], [ -1568554.716999997617677, -768774.369300002930686 ], [ -1568603.619699998991564, -768835.206099995877594 ], [ -1568717.735000000335276, -768979.734200003789738 ], [ -1568747.7423, -769019.270699999295175 ], [ -1568774.725799999665469, -769054.847599998582155 ], [ -1568803.016199997859076, -769092.834300000686198 ], [ -1568828.75379999843426, -769129.202099999878556 ], [ -1568852.735800000140443, -769164.104700001422316 ], [ -1568876.643199997255579, -769198.283599997172132 ], [ -1568902.103899996960536, -769235.593400000827387 ], [ -1568926.103199995588511, -769272.165200001327321 ], [ -1568937.893800002522767, -769289.777600001078099 ], [ -1568948.959899999666959, -769307.540900002466515 ], [ -1568959.781999997794628, -769325.034799998393282 ], [ -1568969.840499997371808, -769341.743599997134879 ], [ -1568978.620600001653656, -769358.982300000265241 ], [ -1568987.734200001927093, -769375.366300000343472 ], [ -1568996.556499999482185, -769391.665399997262284 ], [ -1569004.46200000308454, -769408.647900001145899 ], [ -1569012.716999999014661, -769424.805599997285753 ], [ -1569020.6945, -769440.904300000052899 ], [ -1569028.023800002178177, -769457.325399996479973 ], [ -1569035.456599997589365, -769473.327700001886114 ], [ -1569045.185399997513741, -769495.17420000070706 ], [ -1569054.309799999464303, -769517.976300002075732 ], [ -1569063.594099994516, -769541.023599998559803 ], [ -1569072.683300001779571, -769564.73739999695681 ], [ -1569081.216699994634837, -769589.526099999202415 ], [ -1569089.976300000213087, -769614.731599999824539 ], [ -1569098.921100000618026, -769641.366299999412149 ], [ -1569109.178000001469627, -769668.890299995662645 ], [ -1569119.295599999139085, -769697.195400003576651 ], [ -1569129.308500000741333, -769727.286800002446398 ], [ -1569139.461399997817352, -769758.490999998524785 ], [ -1569139.722007035277784, -769759.297043808503076 ], [ -1569150.255699998000637, -769791.877199997659773 ], [ -1569158.23730000294745, -769824.215599998366088 ], [ -1569167.215399996377528, -769859.68639999628067 ], [ -1569200.094900002004579, -769994.650799999013543 ], [ -1569214.003700001398101, -770051.462599997874349 ], [ -1569222.233599998289719, -770081.952300002565607 ], [ -1569231.025499997427687, -770110.861999997403473 ], [ -1569239.719999999273568, -770137.844500004081056 ], [ -1569248.51740000047721, -770163.666700000409037 ], [ -1569259.250899996841326, -770195.040700003039092 ], [ -1569270.251599996583536, -770224.630000001983717 ], [ -1569279.986000003525987, -770253.32590000028722 ], [ -1569289.175399997504428, -770280.911799998255447 ], [ -1569298.731199995614588, -770307.183499998180196 ], [ -1569308.240299998316914, -770333.062700002221391 ], [ -1569318.037900000344962, -770358.21039999788627 ], [ -1569328.267599997809157, -770382.211499993456528 ], [ -1569336.503400002140552, -770402.511899997014552 ], [ -1569345.600999999325722, -770422.170600003795698 ], [ -1569354.899599998723716, -770442.527799998642877 ], [ -1569364.727999997790903, -770463.216999993193895 ], [ -1569375.222599998582155, -770483.800299996044487 ], [ -1569385.809700002195314, -770505.684000002685934 ], [ -1569397.387899997178465, -770527.185700000496581 ], [ -1569410.466700000921264, -770550.550500003155321 ], [ -1569423.772799994796515, -770572.662599997362122 ], [ -1569437.689100002869964, -770596.539900003233925 ], [ -1569468.38450000109151, -770646.856100001139566 ], [ -1569501.139600002206862, -770697.917299993801862 ], [ -1569561.659200002672151, -770798.560400000074878 ], [ -1569586.822699999203905, -770840.562499997206032 ], [ -1569612.792499997420236, -770884.652800000505522 ], [ -1569635.602000002749264, -770924.471300000324845 ], [ -1569648.87180000403896, -770947.775999998440966 ], [ -1569661.183999996166676, -770970.642200003610924 ], [ -1569673.737999998964369, -770992.580199998803437 ], [ -1569686.138300003251061, -771014.422600000398234 ], [ -1569697.910500001860783, -771035.438200001372024 ], [ -1569709.214800002519041, -771056.504200003109872 ], [ -1569720.199999995529652, -771076.857200002996251 ], [ -1569730.727399999741465, -771096.923100001877174 ], [ -1569750.162099995883182, -771136.888000001432374 ], [ -1569768.564800000982359, -771176.273600001819432 ], [ -1569785.385799997486174, -771216.156100000953302 ], [ -1569802.051899999612942, -771255.803499994101003 ], [ -1569818.3294, -771295.543200000887737 ], [ -1569834.206300001125783, -771335.868000002577901 ], [ -1569849.92839999939315, -771375.957699998281896 ], [ -1569865.261699999682605, -771416.139700000872836 ], [ -1569882.000300002517179, -771457.106599998194724 ], [ -1569885.872007452184334, -771466.187936215195805 ], [ -1569899.399700002744794, -771497.91800000006333 ], [ -1569916.352299998048693, -771538.808199994731694 ], [ -1569933.204300001030788, -771580.162500004982576 ], [ -1569948.888499998720363, -771621.633099996484816 ], [ -1569962.493399997008964, -771662.317199999000877 ], [ -1569975.718299999833107, -771703.648500000825152 ], [ -1569988.693599996389821, -771744.626899992115796 ], [ -1569988.693799999076873, -771630.119800000451505 ], [ -1569999.559500002069399, -771682.163100000238046 ], [ -1570010.872699995990843, -771733.585499995388091 ], [ -1570022.502799994777888, -771785.386599999386817 ], [ -1570034.580399997998029, -771836.566599996527657 ], [ -1570047.596999999368563, -771888.156099999556318 ], [ -1570065.41609999909997, -771939.341100002173334 ], [ -1570082.646200003102422, -771990.598100002156571 ], [ -1570099.97459999890998, -772041.458500002278015 ], [ -1570148.483300001127645, -772214.377799996407703 ], [ -1570166.389699995517731, -772278.683199994964525 ], [ -1570183.684099999023601, -772337.763300004880875 ], [ -1570206.934699997538701, -772395.29740000423044 ], [ -1570230.271999996388331, -772449.452099994057789 ], [ -1570252.357500002253801, -772501.813299991888925 ], [ -1570269.357899997383356, -772552.216799997957423 ], [ -1570285.120600001420826, -772602.005099997622892 ], [ -1570300.712000002386048, -772651.087600003229454 ], [ -1570316.273399996804073, -772698.71330000134185 ], [ -1570331.8858, -772744.468000000808388 ], [ -1570337.15608146158047, -772758.392391630914062 ], [ -1570348.815099999774247, -772789.196199991041794 ], [ -1570371.856099996948615, -772832.837999997194856 ], [ -1570395.077700002118945, -772875.093799997353926 ], [ -1570418.475399999413639, -772915.824900002917275 ], [ -1570441.872699998319149, -772957.291299999458715 ], [ -1570461.574899998493493, -772998.238900000229478 ], [ -1570465.16661943634972, -773006.601422886364162 ], [ -1570478.897999994922429, -773038.571899996139109 ], [ -1570496.451899997424334, -773078.045200003311038 ], [ -1570514.254399999743327, -773116.69830000307411 ], [ -1570532.315999995684251, -773154.553800005000085 ], [ -1570542.598731089383364, -773175.352919833501801 ], [ -1570550.649599998025224, -773191.637599998619407 ], [ -1570569.225899999262765, -773227.506499999668449 ], [ -1570595.68340000230819, -773262.77289999765344 ], [ -1570622.444400001084432, -773297.327100004535168 ], [ -1570648.728399998974055, -773331.213500001933426 ], [ -1570675.180300001753494, -773364.037699998822063 ], [ -1570701.962000002153218, -773396.19519999762997 ], [ -1570729.232900003204122, -773428.07680000225082 ], [ -1570750.216199997114018, -773459.564700001617894 ], [ -1570771.627999999560416, -773490.94050000119023 ], [ -1570827.892499999143183, -773571.549700001254678 ], [ -1570849.217699999455363, -773601.36440000240691 ], [ -1570868.924899998586625, -773628.484299996867776 ], [ -1570888.378499999409541, -773654.727299997350201 ], [ -1570907.065599999856204, -773679.3781999994535 ], [ -1570930.979299996048212, -773702.155099997064099 ], [ -1570954.405799997737631, -773723.275700001511723 ], [ -1570978.297599996905774, -773744.725200001616031 ], [ -1571001.944099996471778, -773765.18799999426119 ], [ -1571023.492199996020645, -773784.935300002805889 ], [ -1571047.156500002369285, -773803.707500002579764 ], [ -1571068.651299999793991, -773821.535399997606874 ], [ -1571090.095999996643513, -773838.590400002198294 ], [ -1571111.520900001050904, -773854.902600000845268 ], [ -1571132.950000000186265, -773870.494799999054521 ], [ -1571153.268799998331815, -773886.725499992491677 ], [ -1571172.19719999958761, -773902.703299999935552 ], [ -1571191.856299998005852, -773918.597300002118573 ], [ -1571212.27619999833405, -773934.431499999947846 ], [ -1571233.479099998483434, -773950.223200004082173 ], [ -1571255.521499995607883, -773966.014400005107746 ], [ -1571278.687300002668053, -773982.406100002583116 ], [ -1571302.69179999595508, -773998.450900001917034 ], [ -1571327.328699994366616, -774014.799099999247119 ], [ -1571352.856799998087808, -774030.796299994224682 ], [ -1571379.887099997838959, -774047.661699999589473 ], [ -1571408.209800003329292, -774064.416500001447275 ], [ -1571438.015199998859316, -774082.045399993890896 ], [ -1571470.261999998474494, -774100.664900001836941 ], [ -1571505.73139999830164, -774120.710399999748915 ], [ -1571553.148599999025464, -774143.687200001906604 ], [ -1571572.504699998069555, -774152.619599999627098 ], [ -1571592.318200001027435, -774161.406099994434044 ], [ -1571612.617899998556823, -774170.060799994505942 ], [ -1571636.225099999690428, -774178.748399995965883 ], [ -1571657.8714, -774187.143599997041747 ], [ -1571677.721399998059496, -774195.86389999720268 ], [ -1571701.040700000943616, -774204.688199994387105 ], [ -1571724.769999999320135, -774212.964699995703995 ], [ -1571748.552099996712059, -774220.564599998993799 ], [ -1571773.796000000787899, -774228.825100003974512 ], [ -1571803.120200000703335, -774237.424200001638383 ], [ -1571831.172500000335276, -774246.156700001796708 ], [ -1571879.269241074565798, -774261.004580875625834 ], [ -1571888.927599997492507, -774263.986199997831136 ], [ -1572003.75690000038594, -774298.261300001759082 ], [ -1572049.992199994623661, -774312.912999998778105 ], [ -1572062.252561212982982, -774316.62062013335526 ], [ -1572100.351799994939938, -774328.142099999589846 ], [ -1572143.511999999871477, -774342.939699999289587 ], [ -1572169.782499997643754, -774351.858499998925254 ], [ -1572191.996599995996803, -774360.38180000288412 ], [ -1572213.3325, -774368.901299996767193 ], [ -1572233.892599998740479, -774377.457999998703599 ], [ -1572254.268699998036027, -774386.407600002130494 ], [ -1572274.014899995177984, -774395.457199996337295 ], [ -1572293.184400000842288, -774404.631099997321144 ], [ -1572312.297100001946092, -774414.256599999498576 ], [ -1572345.120299998903647, -774431.290499997558072 ], [ -1572378.054599996190518, -774448.860200000694022 ], [ -1572411.580000000307336, -774467.274300001794472 ], [ -1572444.737499997485429, -774485.916200003121048 ], [ -1572478.007100000977516, -774505.094600002281368 ], [ -1572511.869099998380989, -774525.117900002514943 ], [ -1572545.364699998404831, -774545.370100000873208 ], [ -1572578.974299999885261, -774566.159900001250207 ], [ -1572615.875599997350946, -774587.324499995680526 ], [ -1572654.152700000675395, -774607.632899997523054 ], [ -1572695.245999995153397, -774628.010699995793402 ], [ -1572733.7584, -774649.398699999554083 ], [ -1572776.134399996139109, -774670.387999999104068 ], [ -1572818.283799994504079, -774692.076299996813759 ], [ -1572825.174178128130734, -774695.967588239582255 ], [ -1572858.205899999476969, -774714.622000003233552 ], [ -1572901.198199999518692, -774737.285899999318644 ], [ -1572947.808300001546741, -774762.568999997107312 ], [ -1572993.471299995202571, -774787.648499991977587 ], [ -1573032.715799995698035, -774813.480900002410635 ], [ -1573067.931000002659857, -774839.782099999254569 ], [ -1573101.099499997217208, -774866.417300001950935 ], [ -1573133.469599996693432, -774892.964700000127777 ], [ -1573165.065799999516457, -774919.444400000851601 ], [ -1573195.907899997895584, -774945.873000001301989 ], [ -1573226.043399998452514, -774972.292199998628348 ], [ -1573255.90299999830313, -774997.076899995096028 ], [ -1573285.053799997782335, -775021.851200002012774 ], [ -1573295.319296229397878, -775028.607516010757536 ], [ -1573319.531400000210851, -775044.54290000256151 ], [ -1573356.223899999866262, -775066.607700000051409 ], [ -1573392.014700000407174, -775089.497000005096197 ], [ -1573427.35880000051111, -775111.607000001939014 ], [ -1573466.458900001132861, -775133.353500002762303 ], [ -1573478.764999996637926, -775140.641399995191023 ], [ -1573490.708400000352412, -775148.944899997208267 ], [ -1573506.13969999877736, -775156.425700002349913 ], [ -1573518.571199998725206, -775164.800200001802295 ], [ -1573545.231400002725422, -775185.004099996760488 ], [ -1573572.557599998777732, -775207.262499992735684 ], [ -1573588.340500000864267, -775228.839599999133497 ], [ -1573575.173910373356193, -775206.299412668216974 ], [ -1572938.307867275783792, -774116.033799430821091 ], [ -1572195.373099997173995, -772844.186699999962002 ], [ -1571085.42651185253635, -770573.84141185018234 ], [ -1570659.54509999952279, -769702.720344366738573 ], [ -1570629.22790957801044, -769640.707909571239725 ], [ -1570580.056000002427027, -769540.129003879614174 ], [ -1568702.866099995560944, -765700.422400000272319 ], [ -1568316.095293157966807, -764153.339187873527408 ], [ -1568061.598600386409089, -763135.352426814381033 ], [ -1567875.956977753667161, -762392.785943603375927 ], [ -1567692.323374700266868, -761658.251538627548143 ], [ -1566523.632452678168193, -756983.487896525068209 ], [ -1566162.860999997705221, -755540.402099999599159 ], [ -1566149.23496659193188, -754610.041297310264781 ], [ -1566140.461921108653769, -754011.033692099619657 ], [ -1566007.901535813463852, -744960.051443154457957 ], [ -1565995.703223770717159, -744127.172860932536423 ], [ -1565993.941189013654366, -744006.864329160423949 ], [ -1565989.706680907402188, -743717.73980986722745 ], [ -1565986.904899999499321, -743526.439300002530217 ], [ -1565969.908900001784787, -743551.421199997887015 ], [ -1565950.277899994980544, -743578.986199998529628 ], [ -1565931.078999997349456, -743605.135599998291582 ], [ -1565884.734099999302998, -743667.458800000371411 ], [ -1565861.563200002303347, -743699.34439999749884 ], [ -1565850.485599997453392, -743715.136500000022352 ], [ -1565840.306000000331551, -743730.081599997123703 ], [ -1565830.845299998996779, -743744.407299999846146 ], [ -1565822.026799997780472, -743758.26220000279136 ], [ -1565813.431, -743772.295600002631545 ], [ -1565805.215799999190494, -743786.137699997751042 ], [ -1565797.715599999763072, -743799.586599997244775 ], [ -1565790.530599999707192, -743812.956999997608364 ], [ -1565783.819899995112792, -743826.167099999496713 ], [ -1565777.760800000745803, -743839.102900001686066 ], [ -1565771.966499998467043, -743852.059999999590218 ], [ -1565766.127199999289587, -743865.002899998100474 ], [ -1565755.473099997267127, -743886.965399997541681 ], [ -1565748.331121932715178, -743902.38194986525923 ] ] ] } },
{ "type": "Feature", "properties": { "ID": 917, "YEAR": "2013-2014", "Perimtr_KM": 62.139293346599999, "AREA_KM": 60.316395107799998, "SCALE": 2, "THICKNES_M": 271.31997447700002, "VOLUME_KM": 16.3650427812, "MASS_GT": 15.006744230400001, "RECURRANCE": "2-3", "UA_KM": 0.31069646673000001, "UH_M": 22.519557770500001, "UC_KM": 1.25215837684, "REGION": "West", "ICESHELF": "Thwaites" }, "geometry": { "type": "Polygon", "coordinates": [ [ [ -1583988.598743484122679, -468890.100130869075656 ], [ -1579382.993900001514703, -474398.368499994743615 ], [ -1578601.619088191073388, -474837.428644482977688 ], [ -1578252.845757180824876, -475033.406895634718239 ], [ -1577457.05432280851528, -475480.567844361998141 ], [ -1575131.198262303834781, -476787.483146159444004 ], [ -1575084.21390450745821, -476813.883995800744742 ], [ -1574568.94819175102748, -477103.415517518762499 ], [ -1573138.317008803132921, -477907.297501436434686 ], [ -1573101.979305563960224, -477927.715919073205441 ], [ -1572650.998300001490861, -478181.125399992801249 ], [ -1572367.852059206925333, -478336.980235035065562 ], [ -1571868.364334030076861, -478611.917937881313264 ], [ -1569683.646899996791035, -479814.47239999147132 ], [ -1569112.600521556567401, -479907.077574162278324 ], [ -1568922.448464279761538, -479937.914061439689249 ], [ -1566744.023053393932059, -480291.183904694393277 ], [ -1565248.433200002182275, -480533.720000000670552 ], [ -1563954.667001295136288, -482709.203399511985481 ], [ -1563080.923359872540459, -484178.413825044874102 ], [ -1563079.072600000770763, -484181.525899992091581 ], [ -1563081.715713965008035, -484180.622853700770065 ], [ -1564994.723299995763227, -483527.024700003908947 ], [ -1565733.952312692767009, -483042.702219757717103 ], [ -1567296.602899996563792, -482018.89669999666512 ], [ -1567633.367118733469397, -481874.051873163785785 ], [ -1568820.923600196139887, -481363.274886356201023 ], [ -1569509.365333139430732, -481067.170911984983832 ], [ -1569519.716819821158424, -481062.71865960303694 ], [ -1572776.303157275775447, -479662.036348744761199 ], [ -1573025.323699534405023, -479554.930738007184118 ], [ -1573034.585482361493632, -479550.947175457607955 ], [ -1574678.4927, -478843.890300001483411 ], [ -1574861.254139784956351, -478783.639277091715485 ], [ -1575961.435302726458758, -478420.942197607830167 ], [ -1576375.243951775599271, -478284.521766561083496 ], [ -1578035.054886930156499, -477737.331359233241528 ], [ -1581901.632100002607331, -476462.635599997825921 ], [ -1585645.90689109871164, -471169.005647199694067 ], [ -1586163.395436593797058, -470437.383900000248104 ], [ -1586505.391299997456372, -469953.872499997727573 ], [ -1586412.303499826462939, -467882.464300170075148 ], [ -1586353.020399998407811, -466563.284999997820705 ], [ -1584896.831300002057105, -467803.860899998806417 ], [ -1583988.598743484122679, -468890.100130869075656 ] ] ] } },
{ "type": "Feature", "properties": { "ID": 918, "YEAR": "2013-2014", "Perimtr_KM": 27.468956497699999, "AREA_KM": 16.617795770899999, "SCALE": 2, "THICKNES_M": 363.586703, "VOLUME_KM": 6.0420095754699998, "MASS_GT": 5.5405227807, "RECURRANCE": "4-5", "UA_KM": 0.13734478249000001, "UH_M": 30.1776962002, "UC_KM": 0.46229961046000001, "REGION": "West", "ICESHELF": "Thwaites" }, "geometry": { "type": "Polygon", "coordinates": [ [ [ -1586216.79314674786292, -431906.227124753873795 ], [ -1586136.593799998052418, -432337.5713000013493 ], [ -1586158.096200001658872, -432367.522100003436208 ], [ -1586179.337400000775233, -432399.548999996390194 ], [ -1586200.524599998258054, -432431.309300000779331 ], [ -1586222.234899997711182, -432463.976400000974536 ], [ -1586243.580100000370294, -432497.572200001683086 ], [ -1586265.488100002054125, -432532.131000001914799 ], [ -1586287.22989999782294, -432568.902600002009422 ], [ -1586308.377300000283867, -432605.409000005573034 ], [ -1586327.100000001024455, -432644.421600001864135 ], [ -1586344.611299998359755, -432685.209899997338653 ], [ -1586367.135899998014793, -432725.547400002367795 ], [ -1586389.7105, -432767.160599996801466 ], [ -1586408.270499997539446, -432801.884199997875839 ], [ -1586426.836299997754395, -432837.542099999263883 ], [ -1586445.423899997025728, -432875.616999997757375 ], [ -1586465.284099995624274, -432912.156799998600036 ], [ -1586484.668099997099489, -432952.593199996743351 ], [ -1586505.161899996455759, -432993.122300000861287 ], [ -1586542.478200001874939, -433079.71840000199154 ], [ -1586577.543400001944974, -433156.907599993981421 ], [ -1586618.374599996488541, -433243.235599996522069 ], [ -1586657.862999998265877, -433327.610500001348555 ], [ -1586753.453200003132224, -433540.076299995649606 ], [ -1586804.806799996411428, -433652.036099998746067 ], [ -1586833.128800002392381, -433710.750900002196431 ], [ -1586859.149499998195097, -433766.890700003132224 ], [ -1586883.966999997850507, -433820.161699996795505 ], [ -1586909.429900000104681, -433868.390899997204542 ], [ -1586936.609700003406033, -433924.811500000301749 ], [ -1586958.355400000466034, -433976.903799995779991 ], [ -1586983.076799996895716, -434024.803499999921769 ], [ -1587008.540499996161088, -434071.999400002416223 ], [ -1587032.951799996662885, -434120.64459999743849 ], [ -1587057.941599999088794, -434166.366400002501905 ], [ -1587082.739299999317154, -434210.795699996873736 ], [ -1587106.243799997027963, -434255.152700000442564 ], [ -1587133.56470000045374, -434301.710899998433888 ], [ -1587160.784599999431521, -434346.883200001902878 ], [ -1587185.6891, -434391.34850000217557 ], [ -1587209.878500001272187, -434432.320600000675768 ], [ -1587235.915100001962855, -434470.678399991709739 ], [ -1587262.498300003120676, -434508.096100000198931 ], [ -1587288.273399998433888, -434546.625100003089756 ], [ -1587314.95380000048317, -434583.800700000021607 ], [ -1587341.989700000500306, -434619.616499994881451 ], [ -1587367.233299997169524, -434656.498900001402944 ], [ -1587394.027899996377528, -434690.167299993801862 ], [ -1587406.44359999592416, -434707.952799999620765 ], [ -1587420.381700003053993, -434723.401500000152737 ], [ -1587433.336800001561642, -434739.914900003466755 ], [ -1587445.810500001301989, -434756.856800001580268 ], [ -1587459.811699999030679, -434771.467399996239692 ], [ -1587472.833699997980148, -434787.146799997892231 ], [ -1587486.066999997477978, -434802.109599996823817 ], [ -1587500.144499999005347, -434815.895900000352412 ], [ -1587513.036100001540035, -434830.535799995996058 ], [ -1587525.93169999634847, -434844.243399997707456 ], [ -1587704.289399996865541, -435017.475899998564273 ], [ -1587777.732200001133606, -435092.372200003825128 ], [ -1587817.026099995942786, -435133.15059999935329 ], [ -1587853.786499995971099, -435171.235500002279878 ], [ -1587888.7588000013493, -435207.300700000487268 ], [ -1587923.010199997806922, -435240.593500001821667 ], [ -1587959.733999997843057, -435275.553100003860891 ], [ -1587995.713399997912347, -435306.92559999646619 ], [ -1588030.770999998319894, -435337.523899991996586 ], [ -1588065.821499995421618, -435366.624199999496341 ], [ -1588099.679699996486306, -435395.476899993605912 ], [ -1588133.98119999980554, -435422.568499993998557 ], [ -1588167.139899999368936, -435449.88909999653697 ], [ -1588199.920600002631545, -435476.291800001170486 ], [ -1588217.366399997845292, -435489.036200000438839 ], [ -1588233.259499998064712, -435504.293700000271201 ], [ -1588251.292899997672066, -435516.880700002424419 ], [ -1588267.787899999879301, -435531.991099996492267 ], [ -1588286.437700001522899, -435544.440899999812245 ], [ -1588304.093699999386445, -435558.853000001981854 ], [ -1588322.86929999710992, -435571.762800002936274 ], [ -1588341.7231, -435585.204500001389533 ], [ -1588360.654699996579438, -435598.89049999974668 ], [ -1588381.004999997559935, -435611.102600003127009 ], [ -1588400.687300000339746, -435624.737699997145683 ], [ -1588421.820500003173947, -435636.918100001756102 ], [ -1588442.318300001788884, -435650.540700002107769 ], [ -1588463.785300001269206, -435663.603799996431917 ], [ -1588507.617099998518825, -435690.100100001320243 ], [ -1588553.018900000955909, -435715.716899998020381 ], [ -1588600.96599999954924, -435740.619900002144277 ], [ -1588651.711900001624599, -435765.747900003101677 ], [ -1588704.474999998928979, -435794.098699999973178 ], [ -1588756.081300002289936, -435820.502899994142354 ], [ -1588815.961299996590242, -435848.556800001766533 ], [ -1588877.150600001448765, -435876.834800004027784 ], [ -1589041.152699997182935, -435949.939999994821846 ], [ -1589089.955799999414012, -435973.244699993170798 ], [ -1589133.054299998562783, -435994.847299997229129 ], [ -1589182.323399997549132, -436019.65019999910146 ], [ -1589228.014999999664724, -436043.249100001063198 ], [ -1589270.533699996769428, -436066.477500001899898 ], [ -1589311.468799997121096, -436088.210099996998906 ], [ -1589336.32869999948889, -436101.563700004015118 ], [ -1589360.012299995403737, -436115.202600001357496 ], [ -1589384.130799997132272, -436127.93430000403896 ], [ -1589406.638799999142066, -436141.426800001878291 ], [ -1589429.66939999978058, -436154.059100001584738 ], [ -1589451.157699995208532, -436167.489200001116842 ], [ -1589473.219099994981661, -436180.08729999884963 ], [ -1589493.828799997223541, -436192.529200001619756 ], [ -1589515.06729999743402, -436204.674600000493228 ], [ -1589535.381999998586252, -436217.324300001375377 ], [ -1589554.625599999213591, -436232.609599998686463 ], [ -1589574.657199998386204, -436245.978999999351799 ], [ -1589593.156499996548519, -436261.364799998234957 ], [ -1589612.998300000559539, -436274.505099998321384 ], [ -1589632.498799999477342, -436287.090100000612438 ], [ -1589650.864899997832254, -436303.577299993485212 ], [ -1589671.670400000875816, -436317.326699996832758 ], [ -1589691.145699996035546, -436335.165099999401718 ], [ -1589712.856899997452274, -436349.021799999289215 ], [ -1589731.488800001097843, -436366.889099997933954 ], [ -1589751.331800000742078, -436381.718500001356006 ], [ -1589768.100099995965138, -436400.561899994499981 ], [ -1589787.858499999856576, -436415.882100000046194 ], [ -1589807.543800001963973, -436431.824300000909716 ], [ -1589823.985999998170882, -436451.287000004202127 ], [ -1589843.391799998935312, -436467.60669999755919 ], [ -1589859.736599998315796, -436487.951499996706843 ], [ -1589879.085499996086583, -436504.784499997273088 ], [ -1589895.37920000241138, -436525.647700000088662 ], [ -1589914.68369999807328, -436543.004900000058115 ], [ -1589930.940300001064315, -436564.398600001819432 ], [ -1589950.214699998730794, -436582.292800003197044 ], [ -1589969.454900001408532, -436600.437100000213832 ], [ -1589983.846499997889623, -436623.337999996729195 ], [ -1590003.681999995838851, -436640.853699998464435 ], [ -1590020.659800001652911, -436662.555799997411668 ], [ -1590056.84409999800846, -436703.706199997104704 ], [ -1590095.628199995262548, -436743.124399998690933 ], [ -1590141.874500000616536, -436771.26119999634102 ], [ -1590186.23630000045523, -436803.701999993063509 ], [ -1590224.733499999390915, -436848.048999992199242 ], [ -1590261.117000001017004, -436897.478700003586709 ], [ -1590294.0833999956958, -436937.41189999692142 ], [ -1590323.381200002739206, -436982.79689999949187 ], [ -1590353.089699997799471, -437029.452500001061708 ], [ -1590383.297499996377155, -437077.487399997655302 ], [ -1590398.676499999361113, -437123.826999995857477 ], [ -1590409.445099999429658, -437195.863700000569224 ], [ -1590427.593400002224371, -437259.228499999735504 ], [ -1590458.372999997809529, -437316.463499994017184 ], [ -1590493.094399996800348, -437361.230000003706664 ], [ -1590527.864599995547906, -437413.363799999468029 ], [ -1590560.323899998096749, -437468.540299993939698 ], [ -1590595.063799996161833, -437527.269999995827675 ], [ -1590665.35259999986738, -437629.275600003544241 ], [ -1590780.572599995415658, -437827.187099998351187 ], [ -1590831.694500000914559, -437905.627200001850724 ], [ -1590882.188499996671453, -437987.549600000027567 ], [ -1590932.980899998452514, -438058.151400000788271 ], [ -1590992.706299999030307, -438135.715899996925145 ], [ -1591048.16990000102669, -438208.570200001355261 ], [ -1591073.266799997538328, -438244.10069999890402 ], [ -1591101.562999998684973, -438277.208599992096424 ], [ -1591125.490200001979247, -438311.280700001399964 ], [ -1591149.4526, -438343.357900003902614 ], [ -1591178.489300000248477, -438382.664200001396239 ], [ -1591206.438599996268749, -438419.978199993260205 ], [ -1591233.484099995344877, -438456.879799998365343 ], [ -1591258.515799996908754, -438492.890499998349696 ], [ -1591284.762499995762482, -438527.550900004338473 ], [ -1591309.686299999477342, -438563.034200002904981 ], [ -1591335.565200002864003, -438596.121700002346188 ], [ -1591365.045999995665625, -438629.331200001295656 ], [ -1591394.969300000695512, -438661.862699996680021 ], [ -1591430.271800002083182, -438691.326299997977912 ], [ -1591460.595399998826906, -438722.143199992366135 ], [ -1591493.021699995268136, -438751.993899998720735 ], [ -1591526.0064, -438779.638300000689924 ], [ -1591553.095099999103695, -438807.820899998769164 ], [ -1591581.79640000173822, -438835.279499997850507 ], [ -1591609.408199995756149, -438862.276099991984665 ], [ -1591674.342099998146296, -438927.626399994362146 ], [ -1591734.140900001395494, -438993.411999993957579 ], [ -1591790.662200001301244, -439060.367699998430908 ], [ -1591862.970500000286847, -439124.1313 ], [ -1591935.871299997903407, -439186.465100000612438 ], [ -1592010.421699997736141, -439244.267599999438971 ], [ -1592076.694700001273304, -439301.785599997267127 ], [ -1592140.668499998515472, -439356.275600000750273 ], [ -1592199.829899997683242, -439408.93040000135079 ], [ -1592256.651599996257573, -439461.685500000603497 ], [ -1592318.295800002291799, -439514.743800001684576 ], [ -1592382.165899996412918, -439568.17920000385493 ], [ -1592448.368299994152039, -439618.63669999781996 ], [ -1592514.959, -439667.109400001354516 ], [ -1592578.310100002679974, -439715.980499994941056 ], [ -1592641.08940000156872, -439765.204899997916073 ], [ -1592680.839499997906387, -439792.729900000616908 ], [ -1592723.597699998645112, -439819.54410000378266 ], [ -1592765.941499999258667, -439847.221600002609193 ], [ -1592809.379099994432181, -439874.754699994809926 ], [ -1592854.262999996542931, -439902.570900002494454 ], [ -1592902.420299991033971, -439931.274000002071261 ], [ -1592951.36780000012368, -439961.631299997214228 ], [ -1593002.533800000324845, -439992.789300001226366 ], [ -1593042.784299997612834, -440018.880700000561774 ], [ -1593085.096600001910701, -440045.888899993617088 ], [ -1593130.557199995266274, -440073.612399995792657 ], [ -1593180.14879999938421, -440103.151799997314811 ], [ -1593269.446799996774644, -440159.375200001522899 ], [ -1591490.811705182539299, -437212.585471235215664 ], [ -1591448.653557813493535, -437142.739106449298561 ], [ -1590460.418956712586805, -435505.46140928613022 ], [ -1588972.844382242998108, -433040.892094528768212 ], [ -1588205.35775349708274, -431769.343072954099625 ], [ -1587684.806996066588908, -430906.910059135872871 ], [ -1587599.602700502611697, -430765.746116207446903 ], [ -1587096.40891519957222, -429932.069617619737983 ], [ -1586744.014911886304617, -429348.233713077381253 ], [ -1586474.58310000016354, -428901.847099998034537 ], [ -1586404.254399996716529, -430897.985499996691942 ], [ -1586216.79314674786292, -431906.227124753873795 ] ] ] } },
{ "type": "Feature", "properties": { "ID": 919, "YEAR": "2013-2014", "Perimtr_KM": 21.093869161400001, "AREA_KM": 11.272841123899999, "SCALE": 2, "THICKNES_M": 230.66480774600001, "VOLUME_KM": 2.6002477306, "MASS_GT": 2.3844271689599998, "RECURRANCE": "3-4", "UA_KM": 0.10546934581, "UH_M": 19.1451789485, "UC_KM": 0.19895590994000001, "REGION": "West", "ICESHELF": "Thwaites" }, "geometry": { "type": "Polygon", "coordinates": [ [ [ -1578563.840222369879484, -402009.573186009656638 ], [ -1577816.107071103295311, -402164.577099433168769 ], [ -1577299.765500002307817, -402271.613899991847575 ], [ -1577308.560899997130036, -402283.893500003498048 ], [ -1577319.412199998041615, -402293.582500001881272 ], [ -1577324.490199998719618, -402298.503999993670732 ], [ -1577326.880099997390062, -402301.062199995387346 ], [ -1577331.657200002809986, -402306.344900003634393 ], [ -1577336.209800001233816, -402311.860100002959371 ], [ -1577337.548799997428432, -402320.399399996735156 ], [ -1577341.658599996706471, -402326.387400002218783 ], [ -1577345.550200001802295, -402332.616300003137439 ], [ -1577349.2262, -402339.090200002770871 ], [ -1577352.689100000774488, -402345.813400000799447 ], [ -1577355.941499998094514, -402352.790799999143928 ], [ -1577358.98200000054203, -402360.018600000068545 ], [ -1577361.81780000240542, -402367.511800001375377 ], [ -1577364.451499997638166, -402375.277600002940744 ], [ -1577364.428199995309114, -402380.908600001130253 ], [ -1577366.665899998508394, -402389.24410000257194 ], [ -1577367.199699997436255, -402396.896099999081343 ], [ -1577369.054399998858571, -402405.849599996581674 ], [ -1577370.722800001036376, -402415.135400001425296 ], [ -1577373.15910000144504, -402431.882000002544373 ], [ -1577365.057799997273833, -402454.465799998492002 ], [ -1577359.797999999718741, -402476.839499996043742 ], [ -1577359.755499999038875, -402497.705099997110665 ], [ -1577359.219099999405444, -402517.234299995470792 ], [ -1577358.375199997797608, -402539.19599999114871 ], [ -1577365.370700003113598, -402631.546399997547269 ], [ -1577375.307099998230115, -402674.769900002051145 ], [ -1577379.028099999763072, -402695.246800003573298 ], [ -1577379.637399998726323, -402711.613899991381913 ], [ -1577380.502400000346825, -402727.001100002322346 ], [ -1577381.6321000023745, -402741.562199997715652 ], [ -1577383.393199996557087, -402758.47099999897182 ], [ -1577385.581199998036027, -402774.453700000420213 ], [ -1577388.215399996377528, -402789.224100003950298 ], [ -1577391.298000000882894, -402803.631599998567253 ], [ -1577394.850399998482317, -402817.357699999585748 ], [ -1577398.879500003065914, -402830.423499999567866 ], [ -1577403.395599999465048, -402842.862599992193282 ], [ -1577408.261799996253103, -402855.889499998651445 ], [ -1577414.075299997115508, -402868.054500001017004 ], [ -1577420.659599997801706, -402880.361399993766099 ], [ -1577428.269499998772517, -402889.820800001733005 ], [ -1577436.923400001833215, -402896.064599994104356 ], [ -1577444.679100001230836, -402904.749999993480742 ], [ -1577451.667800004128367, -402913.708799997344613 ], [ -1577460.868600001093, -402922.625400001648813 ], [ -1577470.011299999663606, -402927.601699998602271 ], [ -1577481.294899991946295, -402937.472499993629754 ], [ -1577492.083399996161461, -402947.881100000347942 ], [ -1577499.223035551374778, -402953.077674928121269 ], [ -1577505.403199999826029, -402957.575900000985712 ], [ -1577520.869600001955405, -402972.101499994285405 ], [ -1577534.849000000627711, -402985.70419999724254 ], [ -1577553.116899998160079, -403003.899999999441206 ], [ -1577557.204462034627795, -403007.693572591990232 ], [ -1577584.550082793226466, -403033.072416144888848 ], [ -1577618.627300002845004, -403064.69869999634102 ], [ -1577644.960700001800433, -403092.755799998994917 ], [ -1577658.123199999565259, -403107.126899996772408 ], [ -1577671.419400000479072, -403120.130299998447299 ], [ -1577684.493299996480346, -403135.289100001100451 ], [ -1577695.875399996992201, -403147.311500000301749 ], [ -1577708.375500003108755, -403162.565900003071874 ], [ -1577720.483700000680983, -403176.928499998990446 ], [ -1577732.339299999643117, -403193.736199997831136 ], [ -1577742.397000001976267, -403207.6347999968566 ], [ -1577750.762600001413375, -403221.934900003951043 ], [ -1577758.950899999588728, -403235.624099997337908 ], [ -1577767.035200000740588, -403251.973099992144853 ], [ -1577773.432300000218675, -403265.587900003418326 ], [ -1577778.881499994313344, -403278.815900003537536 ], [ -1577783.768700000131503, -403292.314300002064556 ], [ -1577787.346299994504079, -403306.608100003097206 ], [ -1577791.116299998713657, -403320.666900002863258 ], [ -1577792.780199998291209, -403334.741300000343472 ], [ -1577792.339899995131418, -403348.840900001581758 ], [ -1577791.347899995278567, -403363.249899999704212 ], [ -1577787.245700002415106, -403372.074399999342859 ], [ -1577782.593600002583116, -403381.211399999912828 ], [ -1577780.225499996449798, -403393.920299996621907 ], [ -1577774.48050000378862, -403403.761600001715124 ], [ -1577768.189100000308827, -403413.980399992782623 ], [ -1577760.966999997152016, -403423.726999999489635 ], [ -1577756.027199995238334, -403437.12099999608472 ], [ -1577748.935900000389665, -403447.455299998167902 ], [ -1577739.675299999304116, -403457.682999996002764 ], [ -1577730.343499998096377, -403465.847100004088134 ], [ -1577723.801299999700859, -403478.519199998117983 ], [ -1577713.612200001254678, -403487.550300000235438 ], [ -1577709.411100001540035, -403505.258900001179427 ], [ -1577705.242199997184798, -403523.731800000183284 ], [ -1577701.256999998353422, -403542.922899995464832 ], [ -1577695.645899998024106, -403562.461899995803833 ], [ -1577689.508599998196587, -403582.814199996646494 ], [ -1577677.635199999203905, -403620.020599998068064 ], [ -1577664.079400001559407, -403661.80759999807924 ], [ -1577650.5663, -403703.870699994731694 ], [ -1578554.992531447205693, -406053.788994294591248 ], [ -1578579.274561115307733, -406116.879585598129779 ], [ -1579139.646081485319883, -407572.860451176762581 ], [ -1579989.616899997927248, -409781.290399997029454 ], [ -1580515.667099998099729, -411242.173000002745539 ], [ -1580959.656667280709371, -410411.037270545959473 ], [ -1581504.756299995351583, -409390.62640000320971 ], [ -1579679.127700002165511, -405977.494600002188236 ], [ -1579645.45401858817786, -405857.231461626943201 ], [ -1579334.256645320914686, -404745.812359410803765 ], [ -1578753.897157983388752, -402673.100068771280348 ], [ -1578602.846588236512616, -402133.63379096519202 ], [ -1578577.392679280135781, -402042.72698046406731 ], [ -1578567.875399997225031, -402008.736699997913092 ], [ -1578563.840222369879484, -402009.573186009656638 ] ] ] } },
{ "type": "Feature", "properties": { "ID": 920, "YEAR": "2013-2014", "Perimtr_KM": 23.8981194152, "AREA_KM": 6.1402608969500001, "SCALE": 1, "THICKNES_M": 99.4267245785, "VOLUME_KM": 0.61050602903999995, "MASS_GT": 0.55983402862999998, "RECURRANCE": "3-4", "UA_KM": 0.11949059708, "UH_M": 8.2524180993199998, "UC_KM": 0.04671238863, "REGION": "West", "ICESHELF": "Abbot" }, "geometry": { "type": "Polygon", "coordinates": [ [ [ -1895437.967469986295328, -81968.963735247030854 ], [ -1895435.918599998345599, -81974.583700003102422 ], [ -1895429.825599996140227, -81989.41599999461323 ], [ -1895422.69150000018999, -82005.05859999358654 ], [ -1895414.883599996333942, -82020.958900001831353 ], [ -1895404.991499998606741, -82038.732599992770702 ], [ -1895393.927100000437349, -82057.4855000032112 ], [ -1895382.622400001157075, -82075.769199994392693 ], [ -1895369.702899996191263, -82095.918899999000132 ], [ -1895356.184299999382347, -82116.463499997742474 ], [ -1895318.93699999875389, -82172.38820000179112 ], [ -1895307.83419999666512, -82189.426399999298155 ], [ -1895298.073999998392537, -82204.768100003246218 ], [ -1895287.20219999877736, -82222.434500004630536 ], [ -1895277.434700001496822, -82239.021799993235618 ], [ -1895268.579799996456131, -82254.85599999781698 ], [ -1895261.1744, -82270.871100004762411 ], [ -1895252.765200002118945, -82290.167300001252443 ], [ -1895245.462999998824671, -82308.908100002910942 ], [ -1895241.893299997784197, -82317.728799999225885 ], [ -1895238.581900000106543, -82326.453699999954551 ], [ -1895236.153800000436604, -82335.861300001852214 ], [ -1895233.347500002244487, -82344.424700001254678 ], [ -1895231.81959999888204, -82353.565099992789328 ], [ -1895230.538700001081452, -82362.644499991554767 ], [ -1895229.502699997508898, -82371.669699999503791 ], [ -1895228.193400000454858, -82380.330300000496209 ], [ -1895227.643399995751679, -82389.264599999878556 ], [ -1895227.963999999221414, -82398.928499998524785 ], [ -1895227.896299995016307, -82407.79060000507161 ], [ -1895227.551999997347593, -82416.307000001426786 ], [ -1895227.516199994599447, -82435.633199998643249 ], [ -1895228.528099998831749, -82456.201199997216463 ], [ -1895230.214699999429286, -82477.300000002607703 ], [ -1895230.002799997804686, -82497.387799998745322 ], [ -1895230.214899995364249, -82517.783299998845905 ], [ -1895230.296499998774379, -82537.761599996127188 ], [ -1895231.353099999018013, -82558.511999999638647 ], [ -1895232.825899996329099, -82579.302999995648861 ], [ -1895233.747100001666695, -82589.144799997098744 ], [ -1895234.9238, -82599.025300003122538 ], [ -1895236.356500001624227, -82608.949000001884997 ], [ -1895238.045899998862296, -82618.920500000473112 ], [ -1895239.438599996035919, -82628.308400000445545 ], [ -1895241.644099990138784, -82638.391099997330457 ], [ -1895244.109499995596707, -82648.538700001779944 ], [ -1895246.836499997414649, -82658.758100000675768 ], [ -1895249.269499998074025, -82668.408499999437481 ], [ -1895252.522000000113621, -82678.782600003760308 ], [ -1895252.804427083814517, -82679.622541637625545 ], [ -1895256.042900001397356, -82689.253799997270107 ], [ -1895259.281700000399724, -82699.196700001135468 ], [ -1895263.349900000961497, -82709.892800000496209 ], [ -1895267.145500000566244, -82720.086799999698997 ], [ -1895271.783100000116974, -82731.066099999006838 ], [ -1895276.716600002720952, -82742.214299996383488 ], [ -1895278.109771323390305, -82745.18432381330058 ], [ -1895286.022299998439848, -82762.052599997725338 ], [ -1895296.324, -82782.621799998916686 ], [ -1895309.463199995458126, -82806.161300002131611 ], [ -1895327.382099997252226, -82835.08930000057444 ], [ -1895343.831299998797476, -82861.116900003515184 ], [ -1895362.822500003501773, -82890.391899997834116 ], [ -1895419.500999997835606, -82980.396599998231977 ], [ -1895439.610299999127164, -83013.994699998758733 ], [ -1895450.08199999621138, -83032.023400000296533 ], [ -1895459.632800002349541, -83048.934899993240833 ], [ -1895468.444299998227507, -83065.051500000525266 ], [ -1895476.606399999465793, -83080.5381999919191 ], [ -1895485.885499999858439, -83098.974999994505197 ], [ -1895494.358399996068329, -83116.806999993044883 ], [ -1895501.8789999964647, -83134.301300001330674 ], [ -1895508.890499998349696, -83151.24769999505952 ], [ -1895515.021899997256696, -83168.02719999756664 ], [ -1895520.48619999946095, -83184.52270000288263 ], [ -1895525.502500001108274, -83200.63300000410527 ], [ -1895529.674099997384474, -83216.682899993378669 ], [ -1895536.965999995591119, -83247.090300002600998 ], [ -1895544.288099996512756, -83277.942699999548495 ], [ -1895555.872199998935685, -83311.989500000141561 ], [ -1895568.005600000265986, -83346.760499995667487 ], [ -1895577.90659999800846, -83380.725799997802824 ], [ -1895582.490399998845533, -83411.540099998470396 ], [ -1895586.907900002785027, -83442.442799998447299 ], [ -1895590.465699997497723, -83473.470499997027218 ], [ -1895593.857200002297759, -83504.586800003889948 ], [ -1895596.735700000543147, -83535.809899997897446 ], [ -1895598.754500003531575, -83567.158200000412762 ], [ -1895600.607000002870336, -83598.59499999973923 ], [ -1895601.946499995654449, -83630.138499994296581 ], [ -1895602.773100000340492, -83661.788800003472716 ], [ -1895603.086599993985146, -83693.545999996829778 ], [ -1895602.959689483512193, -83713.815995301119983 ], [ -1895602.88710000179708, -83725.409899999387562 ], [ -1895607.034200000111014, -83763.258699996862561 ], [ -1895614.454299999400973, -83804.750700002070516 ], [ -1895617.24769999855198, -83841.798500004224479 ], [ -1895616.283840485848486, -83859.118846118450165 ], [ -1895615.447399996919557, -83874.14950000308454 ], [ -1895612.682999998098239, -83906.547499998472631 ], [ -1895609.85669999755919, -83939.112099998630583 ], [ -1895606.066299999365583, -83971.723699994385242 ], [ -1895602.214099990902469, -84004.501899994909763 ], [ -1895597.397599995601922, -84037.327099998481572 ], [ -1895592.953340857056901, -84067.384201650973409 ], [ -1895592.519400001503527, -84070.318999997805804 ], [ -1895587.128299999050796, -84103.417599998880178 ], [ -1895581.224099999060854, -84136.623000001069158 ], [ -1895574.355699996696785, -84169.875399991869926 ], [ -1895567.425499997567385, -84203.294499999377877 ], [ -1895571.288299998268485, -84251.111499995458871 ], [ -1895569.345199998002499, -84291.957799998112023 ], [ -1895583.015700003132224, -84277.473799996543676 ], [ -1895608.013099998235703, -84306.505700000561774 ], [ -1895632.739100001985207, -84335.655100001953542 ], [ -1895656.273900000145659, -84365.027799994219095 ], [ -1895679.077399999834597, -84394.570899994112551 ], [ -1895701.609700003871694, -84424.231399999931455 ], [ -1895723.410700002685189, -84454.062299993354827 ], [ -1895735.573914518114179, -84470.23108524363488 ], [ -1895745.860399996861815, -84483.905099992640316 ], [ -1895767.578799999319017, -84513.91820000205189 ], [ -1895788.565900003304705, -84544.101699998602271 ], [ -1895808.8218, -84574.455600002780557 ], [ -1895828.346500003011897, -84604.979900001082569 ], [ -1895847.139800002798438, -84635.674600000027567 ], [ -1895865.202, -84666.53960000211373 ], [ -1895885.105799996759742, -84699.563400003127754 ], [ -1895905.214000000385568, -84733.480499999597669 ], [ -1895921.0824, -84764.85669999755919 ], [ -1895936.219500001287088, -84796.403299996629357 ], [ -1895950.625299997394904, -84828.120199998375028 ], [ -1895964.299899999517947, -84860.007599999196827 ], [ -1895977.243199996417388, -84892.065299996174872 ], [ -1895989.455200001830235, -84924.293499991763383 ], [ -1896000.506999994860962, -84956.668499992229044 ], [ -1896010.827599994139746, -84989.213799995835871 ], [ -1896019.987799998838454, -85021.905900004319847 ], [ -1896028.845899999374524, -85054.792000002693385 ], [ -1896036.972600003238767, -85087.84839999768883 ], [ -1896044.368199997814372, -85121.075399995781481 ], [ -1896055.904399995459244, -85162.631399993784726 ], [ -1896063.797799997031689, -85199.218499998562038 ], [ -1896069.079599996330217, -85233.19379999814555 ], [ -1896073.6303, -85267.339600003324449 ], [ -1896077.449699998367578, -85301.655800002627075 ], [ -1896079.936900002881885, -85325.475100001320243 ], [ -1896082.098900003358722, -85349.284599998034537 ], [ -1896083.583900000667199, -85373.264999998733401 ], [ -1896085.08709999662824, -85396.958299991674721 ], [ -1896086.257800003048033, -85420.546500003896654 ], [ -1896087.094900002237409, -85444.005900000222027 ], [ -1896087.597499998519197, -85467.311199999414384 ], [ -1896087.765099996002391, -85490.439499997533858 ], [ -1896087.597799999173731, -85513.349399999249727 ], [ -1896087.096099997870624, -85536.040799999143928 ], [ -1896086.260299999266863, -85558.494899997953326 ], [ -1896085.091200000373647, -85580.694699991960078 ], [ -1896086.903899997705594, -85609.377200001850724 ], [ -1896090.376399997621775, -85641.062800003215671 ], [ -1896088.672599998302758, -85662.358600004576147 ], [ -1896086.180199998896569, -85683.390099997166544 ], [ -1896084.724800002994016, -85693.814699993468821 ], [ -1896082.988899999298155, -85704.419700001832098 ], [ -1896081.428299997234717, -85715.180199992377311 ], [ -1896079.118400000967085, -85726.22119999723509 ], [ -1896076.974699996877462, -85737.46649999730289 ], [ -1896074.064699995564297, -85749.072500003967434 ], [ -1896070.833999999333173, -85761.047200000844896 ], [ -1896067.719300004187971, -85773.427399998065084 ], [ -1896061.661600001389161, -85794.497099991887808 ], [ -1896054.361999998800457, -85817.914099992252886 ], [ -1896047.065099994884804, -85840.27890000352636 ], [ -1896029.414799995021895, -85894.00820000236854 ], [ -1896020.95259999553673, -85921.488399997819215 ], [ -1896012.94379999418743, -85948.121999999508262 ], [ -1896005.998899999074638, -85972.349499996751547 ], [ -1896002.83729999884963, -85984.532999998424202 ], [ -1896000.011200000997633, -85996.355199999641627 ], [ -1895997.50639999913983, -86007.874399994499981 ], [ -1895995.314099997747689, -86019.131499995943159 ], [ -1895993.425900000613183, -86030.171700004022568 ], [ -1895992.465174736222252, -86036.735999967902899 ], [ -1895991.839400002500042, -86041.011700000148267 ], [ -1895990.550999996019527, -86051.675199998542666 ], [ -1895989.558599997544661, -86062.18109999736771 ], [ -1896009.630299999145791, -86116.719699997454882 ], [ -1896005.082399999024346, -86157.282799993641675 ], [ -1896003.263999996939674, -86175.758300000336021 ], [ -1896001.929799996782094, -86195.063299992121756 ], [ -1896001.601299999747425, -86203.814200000371784 ], [ -1896001.492100001312792, -86212.10999999800697 ], [ -1896001.640899998834357, -86221.304099997039884 ], [ -1896002.088299998315051, -86230.037100000772625 ], [ -1896002.836999998195097, -86238.360199999529868 ], [ -1896003.890099996002391, -86246.306799998506904 ], [ -1896005.252899997867644, -86253.91269999416545 ], [ -1896006.927999997744337, -86261.188700000755489 ], [ -1896008.919399994658306, -86268.151500000618398 ], [ -1896011.230500000296161, -86274.813600000925362 ], [ -1896013.145900000818074, -86279.464299995917827 ], [ -1896015.35840000025928, -86284.102599994279444 ], [ -1896017.872299998067319, -86288.737999998498708 ], [ -1896020.694099996238947, -86293.382199998013675 ], [ -1896023.8278999987524, -86298.042999994941056 ], [ -1896027.288599997293204, -86302.743099997285753 ], [ -1896031.090799996629357, -86307.502700003329664 ], [ -1896035.257700001355261, -86312.35079999268055 ], [ -1896042.605200002202764, -86320.424800002481788 ], [ -1896050.7223, -86328.681499997619539 ], [ -1896059.239699996542186, -86336.744800003245473 ], [ -1896083.201299997512251, -86358.531199997290969 ], [ -1896090.206299997400492, -86365.209899995476007 ], [ -1896095.47689999663271, -86370.734900003764778 ], [ -1896101.980200001969934, -86377.807399998884648 ], [ -1896107.583800000604242, -86384.573199995793402 ], [ -1896112.407000000355765, -86391.170500000007451 ], [ -1896116.50529999868013, -86397.671799992211163 ], [ -1896122.102100001648068, -86407.710299996193498 ], [ -1896127.16189999692142, -86418.248200001195073 ], [ -1896132.4122, -86429.836300002876669 ], [ -1896136.434500002069399, -86441.446000000927597 ], [ -1896139.953599999658763, -86453.625699999276549 ], [ -1896142.990299998782575, -86466.434699998702854 ], [ -1896146.276199998799711, -86480.457100001163781 ], [ -1896148.399200001498684, -86494.718499997165054 ], [ -1896150.522099999245256, -86508.299700001720339 ], [ -1896152.338999998290092, -86522.65190000180155 ], [ -1896163.13009999669157, -86553.13389999512583 ], [ -1896167.458699997980148, -86573.860700002871454 ], [ -1896168.362100003054366, -86589.20170000102371 ], [ -1896169.134199996478856, -86606.341000000946224 ], [ -1896170.77769999532029, -86668.47940000006929 ], [ -1896171.850999997928739, -86694.071099997498095 ], [ -1896173.52679999708198, -86720.395000001881272 ], [ -1896174.565699995262548, -86732.376100002788007 ], [ -1896175.7550999969244, -86743.771699997130781 ], [ -1896177.443899999838322, -86757.158799999859184 ], [ -1896179.390999999362975, -86769.911499997600913 ], [ -1896181.60939999949187, -86782.115400000009686 ], [ -1896184.109600001014769, -86793.826400003395975 ], [ -1896186.905099990777671, -86805.105100001208484 ], [ -1896190.001399998320267, -86815.969900002703071 ], [ -1896193.406599999172613, -86826.449500000104308 ], [ -1896197.127799996640533, -86836.565600001253188 ], [ -1896207.029500000411645, -86861.151399993337691 ], [ -1896217.257100000279024, -86885.027800003997982 ], [ -1896227.794100003549829, -86908.156100002117455 ], [ -1896238.626800000667572, -86930.506600002758205 ], [ -1896249.739699998172, -86952.047599998768419 ], [ -1896261.124700000276789, -86972.764299997594208 ], [ -1896275.097899997606874, -87004.199699998367578 ], [ -1896289.32449999731034, -87034.777699997648597 ], [ -1896299.660400000633672, -87050.222000000067055 ], [ -1896310.66429999563843, -87065.639700000174344 ], [ -1896322.347399996127933, -87081.046200000680983 ], [ -1896334.72409999766387, -87096.460799996741116 ], [ -1896347.8056, -87111.897899998351932 ], [ -1896361.619899997254834, -87127.39109999826178 ], [ -1896376.193700002739206, -87142.970500002149493 ], [ -1896391.56449999823235, -87158.67619999172166 ], [ -1896407.479699998162687, -87174.268500001635402 ], [ -1896424.270199998049065, -87190.089000003412366 ], [ -1896442.013499997323379, -87206.210900003556162 ], [ -1896460.836800003889948, -87222.74979999801144 ], [ -1896480.675000000512227, -87239.657899999525398 ], [ -1896501.91629999736324, -87257.783399996813387 ], [ -1896525.050600001122802, -87277.198199995327741 ], [ -1896551.417199995368719, -87299.155999996699393 ], [ -1896574.809799995971844, -87317.763099994976074 ], [ -1896599.563400001497939, -87336.588800000026822 ], [ -1896625.920500001171604, -87355.481199995614588 ], [ -1896654.282599996309727, -87374.22920000506565 ], [ -1896684.081900002202019, -87393.135400001425296 ], [ -1896716.743399995611981, -87413.131599996704608 ], [ -1896752.704999995650724, -87434.974999997764826 ], [ -1896797.515900000464171, -87462.315299995709211 ], [ -1896814.649799996055663, -87472.263599996920675 ], [ -1896832.540100002894178, -87481.81639999570325 ], [ -1896851.316099999239668, -87490.93119999859482 ], [ -1896871.21289999759756, -87499.508300001267344 ], [ -1896891.980899998685345, -87507.74579999782145 ], [ -1896913.721100000431761, -87515.684799997135997 ], [ -1896936.430999999633059, -87523.536299992818385 ], [ -1896960.061300000175834, -87531.701700000558048 ], [ -1896980.831600001547486, -87538.524599996395409 ], [ -1897002.748099997872487, -87545.285999995656312 ], [ -1897026.02989999903366, -87552.045799993909895 ], [ -1897051.011399995768443, -87559.091099998913705 ], [ -1897099.441399995936081, -87570.877900002524257 ], [ -1897188.965500001329929, -87590.18099999986589 ], [ -1897223.819299996132031, -87597.874000000301749 ], [ -1897259.156500002602115, -87606.067400002386421 ], [ -1897290.578699997160584, -87613.858499999158084 ], [ -1897308.308300000149757, -87618.529800003860146 ], [ -1897325.227099998854101, -87623.210599996615201 ], [ -1897341.447299998020753, -87627.931700001005083 ], [ -1897357.042999998899177, -87632.715000000782311 ], [ -1897372.094700000248849, -87637.585499997250736 ], [ -1897386.55160000314936, -87642.738100002985448 ], [ -1897400.376599997282028, -87648.372000002302229 ], [ -1897413.827599994372576, -87653.940099998842925 ], [ -1897429.677399996900931, -87661.036799997556955 ], [ -1897444.929000002797693, -87668.343599994666874 ], [ -1897459.614799996605143, -87675.874599997885525 ], [ -1897473.83619999489747, -87683.455399993807077 ], [ -1897487.466899998253211, -87691.471599998883903 ], [ -1897500.672899996396154, -87699.558599999174476 ], [ -1897513.393799997400492, -87707.911600000225008 ], [ -1897525.642999996896833, -87716.538800003007054 ], [ -1897537.601200001314282, -87725.088499999605119 ], [ -1897549.1079000022728, -87733.927999996114522 ], [ -1897560.172099997987971, -87743.064399995375425 ], [ -1897570.801399994641542, -87752.504000003449619 ], [ -1897581.003499997081235, -87762.253499997779727 ], [ -1897590.783299999078736, -87772.318000002764165 ], [ -1897600.146199997980148, -87782.702900001779199 ], [ -1897609.096800001105294, -87793.413299998734146 ], [ -1897620.22489999816753, -87807.604699996765703 ], [ -1897631.341400003060699, -87822.49019999941811 ], [ -1897642.429099996807054, -87838.04700000025332 ], [ -1897653.467699996894225, -87854.246300001628697 ], [ -1897664.440599998924881, -87871.064699997659773 ], [ -1897674.902699996717274, -87888.681900000199676 ], [ -1897684.927399999694899, -87906.993299991358072 ], [ -1897694.890500001842156, -87925.708300000987947 ], [ -1897699.833999995375052, -87935.76450000051409 ], [ -1897704.681000000564381, -87946.084700001403689 ], [ -1897709.440200001234189, -87956.686099995393306 ], [ -1897714.225099995266646, -87967.533399997279048 ], [ -1897718.837199997389689, -87978.757599997799844 ], [ -1897723.294500002870336, -87990.40139999287203 ], [ -1897727.612199997995049, -88002.504500000271946 ], [ -1897731.810500001069158, -88015.123600000049919 ], [ -1897735.778299998492002, -88027.881100000813603 ], [ -1897739.686200000578538, -88041.282400003168732 ], [ -1897743.569999996572733, -88055.449299996718764 ], [ -1897747.492499996675178, -88070.610499997157604 ], [ -1897754.96180000109598, -88101.612100003752857 ], [ -1897768.91919999779202, -88163.177999992854893 ], [ -1897774.938600001856685, -88188.82999999076128 ], [ -1897781.655200000386685, -88215.480900003109127 ], [ -1897788.220400000456721, -88239.139199997298419 ], [ -1897792.384399996837601, -88252.905700001399964 ], [ -1897796.63569999486208, -88266.020699992775917 ], [ -1897801.004500003531575, -88278.576999995391816 ], [ -1897805.511799997882918, -88290.634700001217425 ], [ -1897810.182799995411187, -88302.259299997705966 ], [ -1897815.026099995244294, -88313.470400003250688 ], [ -1897820.055100000230595, -88324.298899998422712 ], [ -1897825.000600000144914, -88334.990699991118163 ], [ -1897835.707599999150261, -88356.668999997898936 ], [ -1897847.356199997244403, -88378.95979999890551 ], [ -1897860.117500001331791, -88402.014899997506291 ], [ -1897874.895499997539446, -88425.375199997797608 ], [ -1897890.6276, -88449.128399999812245 ], [ -1897908.033999998820946, -88474.474900002591312 ], [ -1897927.527100000763312, -88502.032799999695271 ], [ -1897950.915299996733665, -88534.293499991763383 ], [ -1897966.268699997337535, -88554.996899992693216 ], [ -1897982.173799994867295, -88576.13830000301823 ], [ -1897998.475599997211248, -88597.404900001827627 ], [ -1898015.018899995833635, -88618.4840999962762 ], [ -1898031.796600001398474, -88639.366500004660338 ], [ -1898048.801600003847852, -88660.043700001668185 ], [ -1898066.026899997843429, -88680.5071000023745 ], [ -1898083.465599996736273, -88700.748300003353506 ], [ -1898101.108800000278279, -88720.757100003305823 ], [ -1898118.95139999804087, -88740.527899996377528 ], [ -1898136.986399998655543, -88760.052999997977167 ], [ -1898155.254799999529496, -88779.847300002351403 ], [ -1898173.988000001292676, -88802.514700001105666 ], [ -1898192.941299998899922, -88825.437100003007799 ], [ -1898212.01240000105463, -88847.563599999528378 ], [ -1898231.051899995421991, -88867.320800000801682 ], [ -1898250.084300000453368, -88885.209399995394051 ], [ -1898269.262799997348338, -88902.806099999230355 ], [ -1898287.936699998332188, -88918.810500002000481 ], [ -1898306.744400000199676, -88934.511899998877198 ], [ -1898325.464699995936826, -88949.473200001753867 ], [ -1898344.52169999666512, -88964.552700001280755 ], [ -1898363.694699998246506, -88979.314199997577816 ], [ -1898382.977899997960776, -88993.752799997106194 ], [ -1898402.14899999811314, -89007.431200002320111 ], [ -1898421.634100001771003, -89021.209699996747077 ], [ -1898441.857500002486631, -89035.947599997278303 ], [ -1898462.1694, -89050.346400001551956 ], [ -1898482.56450000195764, -89064.402099997270852 ], [ -1898503.037999998545274, -89078.111499995924532 ], [ -1898523.584799999371171, -89091.471199999097735 ], [ -1898544.200299997581169, -89104.47829999960959 ], [ -1898555.612499996321276, -89111.333499995060265 ], [ -1898567.775899997679517, -89118.182500002905726 ], [ -1898580.812599999364465, -89125.094099998474121 ], [ -1898594.964499996276572, -89132.197099996265024 ], [ -1898622.142799996538088, -89145.019700000993907 ], [ -1898672.010600002249703, -89167.436299991328269 ], [ -1898691.268100001616403, -89176.279300003778189 ], [ -1898710.594599999021739, -89185.563500000629574 ], [ -1898727.784999998984858, -89194.54580000275746 ], [ -1898737.358600004110485, -89199.918000000994653 ], [ -1898746.395200001308694, -89205.133800001814961 ], [ -1898755.066199998604134, -89210.478200001642108 ], [ -1898763.295800001593307, -89215.721400001551956 ], [ -1898771.181599996751174, -89221.015699994750321 ], [ -1898778.793299994664267, -89226.496299994178116 ], [ -1898786.252600001404062, -89233.104899996891618 ], [ -1898793.41520000109449, -89239.798199993092567 ], [ -1898801.929899998707697, -89248.499099998734891 ], [ -1898810.295000001788139, -89257.164699998684227 ], [ -1898818.574799996335059, -89266.916100001428276 ], [ -1898826.773099998943508, -89277.188699997961521 ], [ -1898834.959999998798594, -89288.121199997141957 ], [ -1898843.093899996951222, -89299.380999997258186 ], [ -1898851.374900000635535, -89312.027299993671477 ], [ -1898859.409800000721589, -89323.143799998331815 ], [ -1898866.441999997245148, -89332.851799998898059 ], [ -1898873.6206, -89343.15229999832809 ], [ -1898880.975600002566352, -89353.956799991894513 ], [ -1898888.674699999857694, -89365.640099995303899 ], [ -1898903.366499999072403, -89388.772199996747077 ], [ -1898941.979200002504513, -89451.097199995536357 ], [ -1898953.816799998516217, -89469.420799993444234 ], [ -1898964.72589999740012, -89485.568899997510016 ], [ -1898977.564700000919402, -89503.470299992710352 ], [ -1898983.842400001594797, -89511.745100002270192 ], [ -1898990.0692999958992, -89519.627499999478459 ], [ -1898996.278699997579679, -89527.158900001086295 ], [ -1899002.481400001561269, -89534.351899999659508 ], [ -1899008.694099996471778, -89541.225600000936538 ], [ -1899014.929899997543544, -89547.794700002297759 ], [ -1899031.036699996329844, -89564.065299995709211 ], [ -1899047.398699994664639, -89580.050899998750538 ], [ -1899064.015899999067187, -89595.751700000837445 ], [ -1899080.8883000027854, -89611.167700002435595 ], [ -1899098.015899999300018, -89626.298700000159442 ], [ -1899115.398699995130301, -89641.14490000391379 ], [ -1899133.036699997028336, -89655.706200002226979 ], [ -1899150.929899998474866, -89669.982600001618266 ], [ -1899168.926199994981289, -89683.934999999590218 ], [ -1899186.554000003263354, -89696.129000002052635 ], [ -1899204.513099998701364, -89708.057700003031641 ], [ -1899222.727499998174608, -89719.701400000136346 ], [ -1899241.062399994116277, -89730.702199997846037 ], [ -1899259.941300003090873, -89742.082200000993907 ], [ -1899279.0753, -89753.177199993748218 ], [ -1899298.550899995723739, -89763.933699998538941 ], [ -1899318.368099997052923, -89774.351499998942018 ], [ -1899338.688900001579896, -89785.347599998582155 ], [ -1899359.389299996197224, -89796.490399998147041 ], [ -1899380.344799999147654, -89807.348400003742427 ], [ -1899401.555500001646578, -89817.921500003430992 ], [ -1899423.021399996709079, -89828.20969999814406 ], [ -1899444.742499997839332, -89838.213000000454485 ], [ -1899466.71879999851808, -89847.931500001810491 ], [ -1899488.950299998512492, -89857.365099997725338 ], [ -1899511.436999997822568, -89866.513800001703203 ], [ -1899534.178899996681139, -89875.37769999820739 ], [ -1899557.175999994622543, -89883.956700002308935 ], [ -1899580.428200001129881, -89892.250800000969321 ], [ -1899603.935699998168275, -89900.260099999140948 ], [ -1899627.666700002271682, -89908.156400002073497 ], [ -1899634.130100001115352, -89910.340200001839548 ], [ -1899657.499799997778609, -89932.379599992651492 ], [ -1899681.708299999358132, -89955.962499991524965 ], [ -1899705.542199996067211, -89979.859499999321997 ], [ -1899729.001699997112155, -90004.07060000160709 ], [ -1899752.086800002492964, -90028.596000001300126 ], [ -1899774.813200001372024, -90053.349399997387081 ], [ -1899797.212599999504164, -90078.159000003710389 ], [ -1899806.911799997789785, -90089.283700002823025 ], [ -1899816.587099999655038, -90100.827499993611127 ], [ -1899826.259500000160187, -90112.815399996936321 ], [ -1899835.955699999118224, -90125.280399999581277 ], [ -1899845.509700000518933, -90138.30360000114888 ], [ -1899855.158099999651313, -90151.895299999509007 ], [ -1899864.902300001354888, -90166.135300001595169 ], [ -1899874.904399994527921, -90181.093599998392165 ], [ -1899891.424299999838695, -90206.873399992007762 ], [ -1899909.853900000918657, -90235.829200001899153 ], [ -1899927.1571, -90263.721900002565235 ], [ -1899968.098899998003617, -90330.513199998065829 ], [ -1899989.034000000217929, -90363.953899994958192 ], [ -1900009.43349999981001, -90395.377999997697771 ], [ -1900019.072099996963516, -90409.710200002416968 ], [ -1900028.476900001987815, -90423.332800002768636 ], [ -1900037.906300003174692, -90436.608300002291799 ], [ -1900047.216400003060699, -90449.322699994314462 ], [ -1900056.449999996693805, -90461.533900002483279 ], [ -1900065.583999997936189, -90473.373199997935444 ], [ -1900074.706899996846914, -90484.793900004588068 ], [ -1900083.778499999782071, -90495.902699998579919 ], [ -1900092.9254, -90506.54139999859035 ], [ -1900102.055599997984245, -90516.908699993509799 ], [ -1900159.517199996626005, -90580.640099999029189 ], [ -1900176.632500002160668, -90600.085400001145899 ], [ -1900192.578299996443093, -90617.60619999980554 ], [ -1900208.998300001956522, -90635.326200003735721 ], [ -1900224.623299996834248, -90651.580299996770918 ], [ -1900239.915299999294803, -90666.440200003795326 ], [ -1900255.056899996008724, -90680.27360000135377 ], [ -1900270.806099999463186, -90694.041399999056011 ], [ -1900286.262799997814, -90706.898300003260374 ], [ -1900301.495400001294911, -90718.901399999391288 ], [ -1900316.551800001179799, -90730.088099997956306 ], [ -1900331.48569999798201, -90740.497599999420345 ], [ -1900346.316199999302626, -90750.142299999948591 ], [ -1900361.071200000587851, -90759.040199995506555 ], [ -1900375.7725000011269, -90767.204499999061227 ], [ -1900388.308899999829009, -90773.51640000147745 ], [ -1900401.359999996842816, -90779.401899999473244 ], [ -1900414.953299996443093, -90784.873399996198714 ], [ -1900429.124999999767169, -90789.945600000675768 ], [ -1900443.898899998748675, -90794.6280000009574 ], [ -1900459.351100001484156, -90798.945899998769164 ], [ -1900475.551899999612942, -90802.919300002977252 ], [ -1900492.608700001146644, -90806.574399997014552 ], [ -1900507.392199999419972, -90809.365999992471188 ], [ -1900522.861200002487749, -90812.245499997399747 ], [ -1900539.323399994289503, -90814.893299994058907 ], [ -1900557.012699998915195, -90817.528900004457682 ], [ -1900590.78570000291802, -90821.898000000510365 ], [ -1900652.93979999772273, -90829.185100002214313 ], [ -1900677.351900002220646, -90832.10799999628216 ], [ -1900702.232700001914054, -90835.126799997407943 ], [ -1900724.462499996181577, -90838.22909999685362 ], [ -1900748.869899995625019, -90842.232700003776699 ], [ -1900771.442299995338544, -90846.647599999792874 ], [ -1900782.180799997411668, -90849.036400001030415 ], [ -1900792.589800002519041, -90851.554400002583861 ], [ -1900802.696199999889359, -90854.207899997476488 ], [ -1900812.520500001963228, -90857.002300003077835 ], [ -1900833.268999997526407, -90863.419399997685105 ], [ -1900854.222299998393282, -90870.454600000753999 ], [ -1900875.416299998294562, -90878.119800003245473 ], [ -1900896.896099999081343, -90886.431499999482185 ], [ -1900918.694000000599772, -90895.401200002990663 ], [ -1900940.894500000635162, -90905.063199993688613 ], [ -1900963.532400002703071, -90915.533499999437481 ], [ -1900986.632700000656769, -90927.027300001122057 ], [ -1901009.576399998506531, -90938.808799998369068 ], [ -1901033.317000001901761, -90951.535799995996058 ], [ -1901058.114100001053885, -90965.237699999473989 ], [ -1901084.371499996865168, -90980.131099995225668 ], [ -1901109.518199999816716, -90994.738400003872812 ], [ -1901137.394199997885153, -91010.959199997130781 ], [ -1901240.70490000071004, -91071.561100000049919 ], [ -1901283.73719999846071, -91096.48410000000149 ], [ -1901307.137899995082989, -91109.73529999749735 ], [ -1901329.359200001461431, -91122.018800003454089 ], [ -1901350.6324, -91133.49230000237003 ], [ -1900424.826799996895716, -90216.591930945403874 ], [ -1897470.333999995607883, -87290.518100003711879 ], [ -1897371.617781963665038, -87017.33278018143028 ], [ -1895874.857795050600544, -82875.228636795189232 ], [ -1895806.819463208317757, -82686.940695713274181 ], [ -1895693.180651497328654, -82372.458883694838732 ], [ -1895624.754066986264661, -82183.096499803941697 ], [ -1895554.666486694477499, -81989.137508877087384 ], [ -1895527.443722155876458, -81913.801765830721706 ], [ -1895457.446199999190867, -81720.091999999713153 ], [ -1895458.147799998288974, -81730.193200002424419 ], [ -1895459.361800002399832, -81749.578899995889515 ], [ -1895460.2316, -81768.740800002124161 ], [ -1895460.754400001605973, -81787.615800003055483 ], [ -1895460.928800001507625, -81806.153499991167337 ], [ -1895460.754599997308105, -81824.29929999820888 ], [ -1895460.232299999333918, -81842.026600000914186 ], [ -1895459.3629, -81859.302699994295835 ], [ -1895458.147799998288974, -81876.101199992466718 ], [ -1895456.718999997712672, -81890.150399999693036 ], [ -1895454.682300003478304, -81904.307799992151558 ], [ -1895452.438600001623854, -81917.999699991196394 ], [ -1895449.449299997184426, -81931.840799999888986 ], [ -1895445.709699998376891, -81945.851499998942018 ], [ -1895441.2049, -81960.083600000943989 ], [ -1895437.967469986295328, -81968.963735247030854 ] ] ] } },
{ "type": "Feature", "properties": { "ID": 921, "YEAR": "2013-2014", "Perimtr_KM": 6.08709959818, "AREA_KM": 1.3057873719, "SCALE": 1, "THICKNES_M": 252.01490783700001, "VOLUME_KM": 0.32907788418, "MASS_GT": 0.3017644198, "RECURRANCE": "2-3", "UA_KM": 0.03043549799, "UH_M": 20.917237247300001, "UC_KM": 0.02517913548, "REGION": "West", "ICESHELF": "Abbot" }, "geometry": { "type": "Polygon", "coordinates": [ [ [ -1899426.194428645307198, -67810.59496702440083 ], [ -1899425.818899999605492, -67811.381400000769645 ], [ -1899417.561400000937283, -67827.839999998919666 ], [ -1899408.082999997306615, -67846.073499999009073 ], [ -1899375.949899998493493, -67905.934299994725734 ], [ -1899364.308200000785291, -67928.015899999532849 ], [ -1899353.096200000494719, -67949.737199996598065 ], [ -1899343.2649, -67969.414100001566112 ], [ -1899333.737200000323355, -67989.914500000886619 ], [ -1899325.445999996038154, -68009.40449999878183 ], [ -1899321.720299996202812, -68018.877499998081475 ], [ -1899318.3452, -68028.233299993909895 ], [ -1899315.15019999537617, -68037.424400000367314 ], [ -1899312.110900002066046, -68046.403599998448044 ], [ -1899306.33500000089407, -68065.799700002186 ], [ -1899301.172499995678663, -68085.73670000070706 ], [ -1899296.351799998665228, -68106.021799993701279 ], [ -1899291.98289999878034, -68126.795199999120086 ], [ -1899287.884900001110509, -68147.900299997068942 ], [ -1899284.239499997347593, -68169.489700001198798 ], [ -1899280.956300002755597, -68191.483800001908094 ], [ -1899278.035899998387322, -68213.880299998447299 ], [ -1899275.387500000419095, -68236.600999992806464 ], [ -1899273.193299997597933, -68259.796199998352677 ], [ -1899271.362599997548386, -68283.385900000110269 ], [ -1899269.89570000092499, -68307.367099998053163 ], [ -1899268.792900001397356, -68331.736799993086606 ], [ -1899268.054299997165799, -68356.491500002797693 ], [ -1899267.679900001734495, -68381.627799995709211 ], [ -1899267.280499998247251, -68407.271500002127141 ], [ -1899267.148500000825152, -68427.818599996622652 ], [ -1899267.256000000284985, -68448.108600004110485 ], [ -1899267.602899998659268, -68468.141199996229261 ], [ -1899268.286599999759346, -68487.88329999614507 ], [ -1899269.136599997757003, -68507.38099999865517 ], [ -1899270.3718, -68526.550900002941489 ], [ -1899272.065699999686331, -68545.417499993462116 ], [ -1899273.998799995519221, -68564.022899992763996 ], [ -1899276.171100001316518, -68582.366599997971207 ], [ -1899278.649000000441447, -68600.542999999132007 ], [ -1899281.299399998039007, -68618.360599996056408 ], [ -1899284.1886, -68635.914000002201647 ], [ -1899287.316599999787286, -68653.202300002332777 ], [ -1899290.749500000383705, -68670.320200001355261 ], [ -1899294.35450000106357, -68687.07629999704659 ], [ -1899298.197799996007234, -68703.565200002398342 ], [ -1899306.456599995028228, -68735.987700002733618 ], [ -1899315.032799995969981, -68766.733500001952052 ], [ -1899323.915299996268004, -68795.905299996491522 ], [ -1899328.506700003519654, -68809.971100001595914 ], [ -1899333.203199998708442, -68823.705299998167902 ], [ -1899338.015199998160824, -68837.13729999307543 ], [ -1899342.815499994205311, -68850.340799994766712 ], [ -1899347.668000001693144, -68863.278599996585399 ], [ -1899352.697799996705726, -68875.868400002364069 ], [ -1899357.784099996089935, -68888.20339999999851 ], [ -1899363.05110000167042, -68900.199199997354299 ], [ -1899368.439199998043478, -68911.902999999001622 ], [ -1899373.949499996844679, -68923.317499998025596 ], [ -1899379.017199998954311, -68933.226199992932379 ], [ -1899384.47929999907501, -68943.164399998728186 ], [ -1899390.347199999727309, -68953.152500001713634 ], [ -1899396.636599997058511, -68963.216300000902265 ], [ -1899403.357799995923415, -68973.37309999903664 ], [ -1899410.667899999534711, -68983.586700002197176 ], [ -1899418.476600000634789, -68993.990299996454269 ], [ -1899426.834399997722358, -69004.65139999659732 ], [ -1899442.1264, -69023.176399995107204 ], [ -1899459.75339999771677, -69043.411799993366003 ], [ -1899477.546, -69063.243399996776134 ], [ -1899523.643299998249859, -69113.659599999431521 ], [ -1899536.762199997669086, -69128.370199998375028 ], [ -1899548.357899999013171, -69141.744700002484024 ], [ -1899560.976900000590831, -69156.838400001637638 ], [ -1899572.424199996050447, -69171.199999997857958 ], [ -1899582.909899996826425, -69185.092800001148134 ], [ -1899592.509799996623769, -69198.544500004034489 ], [ -1899602.028000002028421, -69212.91030000243336 ], [ -1899611.524099993985146, -69228.26889999769628 ], [ -1899621.092499997466803, -69244.770800000522286 ], [ -1899630.906999997794628, -69262.714299997780472 ], [ -1899639.438900001114234, -69279.019700000528246 ], [ -1899648.599199997028336, -69297.457199995405972 ], [ -1899678.59169999579899, -69362.209000000264496 ], [ -1899690.560499998973683, -69387.389499992597848 ], [ -1899703.382800003048033, -69412.689399997703731 ], [ -1899709.530599996913224, -69424.054299992509186 ], [ -1899715.686899999156594, -69434.913299997802824 ], [ -1899723.09379999851808, -69447.231400004588068 ], [ -1899730.460700000170618, -69458.985999999102205 ], [ -1899737.860900001833215, -69470.012499996926636 ], [ -1899745.303499999456108, -69480.602400004398078 ], [ -1899752.839999997988343, -69490.688599996734411 ], [ -1899760.49590000230819, -69500.166699999477714 ], [ -1899768.267099994933233, -69509.303499997593462 ], [ -1899776.194499995559454, -69517.876399998087436 ], [ -1899788.702799995895475, -69530.542100002523512 ], [ -1899801.856300002429634, -69543.095099998638034 ], [ -1899815.650899997912347, -69555.531400001607835 ], [ -1899830.08129999646917, -69567.84620000096038 ], [ -1899845.14310000045225, -69580.035700001288205 ], [ -1899860.828500000759959, -69592.093499998096377 ], [ -1899877.130199998384342, -69604.013999998103827 ], [ -1899894.039399998029694, -69615.790800003800541 ], [ -1899911.505499996012077, -69627.468699995893985 ], [ -1899929.5588, -69638.987799999769777 ], [ -1899948.12609999650158, -69650.379000002983958 ], [ -1899967.311099995393306, -69661.55399999814108 ], [ -1899986.98079999955371, -69672.583500002045184 ], [ -1900007.168399997288361, -69683.413400002755225 ], [ -1900027.909200001973659, -69693.991200000979006 ], [ -1900049.051299998071045, -69704.379299995023757 ], [ -1900063.117500001564622, -69710.707400003448129 ], [ -1900077.765899998368695, -69716.48710000095889 ], [ -1900092.967699998058379, -69721.76999999769032 ], [ -1900108.884700001683086, -69726.491800001356751 ], [ -1900125.483300002058968, -69730.701000004075468 ], [ -1900142.792499999748543, -69734.460500000510365 ], [ -1900161.0151, -69737.709600004833192 ], [ -1900180.158800000790507, -69740.549099998082966 ], [ -1900196.318799996981397, -69742.4894999996759 ], [ -1900213.291299996664748, -69744.213900003116578 ], [ -1900231.432999999495223, -69745.622199997771531 ], [ -1900250.89859999762848, -69746.794100000057369 ], [ -1900252.984959837747738, -69746.885676151141524 ], [ -1900287.294100003316998, -69748.391600002534688 ], [ -1900374.840500001097098, -69751.573600003495812 ], [ -1900398.471500000683591, -69753.108700001146644 ], [ -1900419.720699997851625, -69754.831200002226979 ], [ -1900441.339400003198534, -69756.753499996848404 ], [ -1900461.585199997294694, -69759.178899997379631 ], [ -1900480.871299998601899, -69762.043099998496473 ], [ -1900498.692600000649691, -69764.99629999930039 ], [ -1900512.167240659473464, -69767.806281180121005 ], [ -1900516.707500000949949, -69768.753099997062236 ], [ -1900533.797799998428673, -69772.815099996048957 ], [ -1900549.954500001622364, -69777.298400002997369 ], [ -1900565.718100000405684, -69782.521600000560284 ], [ -1900580.562800001120195, -69788.034799993503839 ], [ -1900594.611799999140203, -69794.013199993409216 ], [ -1900608.27899999753572, -69800.607000001706183 ], [ -1900621.396400000667199, -69807.758699994999915 ], [ -1900636.951799996430054, -69817.075099994428456 ], [ -1900652.860200000694022, -69827.25850000185892 ], [ -1900668.3363, -69837.765799992252141 ], [ -1900683.755099998088554, -69848.728400002699345 ], [ -1900699.210399998119101, -69860.307499999646097 ], [ -1900714.498700001975521, -69872.425799992866814 ], [ -1900730.375899996841326, -69885.349899997934699 ], [ -1900746.254799997666851, -69898.863399997819215 ], [ -1900762.143899998860434, -69912.974899998866022 ], [ -1900778.006200001807883, -69927.65300000179559 ], [ -1900793.825800001854077, -69942.882599999196827 ], [ -1900809.583899998571724, -69958.645799999590963 ], [ -1900826.258499995339662, -69976.506900003179908 ], [ -1900842.331499997759238, -69994.06799999345094 ], [ -1900858.275199994677678, -70012.092300003860146 ], [ -1900874.557599995983765, -70031.337399994023144 ], [ -1900882.496404781937599, -70040.721655579749495 ], [ -1900907.841300001135096, -70070.681199999991804 ], [ -1900891.319539564894512, -70043.383305453695357 ], [ -1900593.539341148920357, -69551.379291439894587 ], [ -1900568.320399664109573, -69509.711576434317976 ], [ -1900455.443136116489768, -69323.211375776212662 ], [ -1900425.64622024493292, -69273.979753623250872 ], [ -1899871.248376563889906, -68357.982095272280276 ], [ -1899471.437300002202392, -67697.398699997924268 ], [ -1899456.176999998744577, -67740.825999994762242 ], [ -1899449.941000001737848, -67757.399699999019504 ], [ -1899442.864899999694899, -67774.536299993284047 ], [ -1899434.875999995740131, -67792.414000001735985 ], [ -1899426.194428645307198, -67810.59496702440083 ] ] ] } },
{ "type": "Feature", "properties": { "ID": 922, "YEAR": "2013-2014", "Perimtr_KM": 14.963837162200001, "AREA_KM": 5.4510523846399996, "SCALE": 1, "THICKNES_M": 189.22627716100001, "VOLUME_KM": 1.0314823493600001, "MASS_GT": 0.94586931436, "RECURRANCE": "1-2", "UA_KM": 0.07481918581, "UH_M": 15.705780926899999, "UC_KM": 0.07892306067, "REGION": "West", "ICESHELF": "Abbot" }, "geometry": { "type": "Polygon", "coordinates": [ [ [ -1900657.012800001073629, -59789.556000000331551 ], [ -1900667.506999996490777, -59819.323500002268702 ], [ -1900643.726199999451637, -59790.153900003060699 ], [ -1900637.833700002869591, -59811.847499993164092 ], [ -1900632.359099995577708, -59833.460999997332692 ], [ -1900627.094599999720231, -59855.04710000148043 ], [ -1900621.892799995839596, -59876.417699997313321 ], [ -1900616.900999998906627, -59897.760699997656047 ], [ -1900612.398200000170618, -59919.050800000783056 ], [ -1900608.034499994944781, -59940.286399999633431 ], [ -1900603.917699997313321, -59961.403200000990182 ], [ -1900600.448600002098829, -59982.53759999293834 ], [ -1900597.381900002714247, -60003.747399993240833 ], [ -1900594.629099995829165, -60024.903299997095019 ], [ -1900592.190299999434501, -60046.00549999345094 ], [ -1900590.152699996484444, -60067.011399997398257 ], [ -1900588.341900000814348, -60088.006100001279265 ], [ -1900586.844999997410923, -60108.946999999228865 ], [ -1900585.662099997745827, -60129.834099998697639 ], [ -1900584.793200001819059, -60150.667499997187406 ], [ -1900584.238199998158962, -60171.447200002148747 ], [ -1900583.997199998237193, -60192.1730000032112 ], [ -1900584.070200002053753, -60212.845099996775389 ], [ -1900584.457199996104464, -60233.46350000333041 ], [ -1900585.158100002910942, -60254.027999999932945 ], [ -1900586.172999999718741, -60274.538900000043213 ], [ -1900587.501900000497699, -60294.995900003705174 ], [ -1900588.823800002690405, -60315.482900000177324 ], [ -1900590.352799996733665, -60335.943900003097951 ], [ -1900592.088700000662357, -60356.379100000485778 ], [ -1900594.15849999897182, -60376.775099997408688 ], [ -1900596.615599998738617, -60397.042100003454834 ], [ -1900599.2246, -60417.151799996383488 ], [ -1900602.557199995731935, -60437.302899999078363 ], [ -1900606.397799998754635, -60457.329899997916073 ], [ -1900610.963499998906627, -60478.561799998395145 ], [ -1900616.168600002769381, -60500.212399998214096 ], [ -1900622.170500000473112, -60522.174299996811897 ], [ -1900628.837699997704476, -60544.654599999077618 ], [ -1900636.253499997314066, -60567.614300000015646 ], [ -1900644.454499998595566, -60591.168599997181445 ], [ -1900645.357593778753653, -60593.569082614500076 ], [ -1900653.550399996805936, -60615.346099992282689 ], [ -1900656.923069009091705, -60623.89714486617595 ], [ -1900663.453199998242781, -60640.453600001521409 ], [ -1900672.468999996082857, -60662.294099994469434 ], [ -1900682.308499997481704, -60684.984299992211163 ], [ -1900693.000399995129555, -60708.835199998691678 ], [ -1900704.75399999669753, -60734.314900001045316 ], [ -1900726.072199998656288, -60780.867700001690537 ], [ -1900775.220699996221811, -60887.799199991859496 ], [ -1900787.944799999240786, -60914.599399997852743 ], [ -1900799.215499999234453, -60938.853000001050532 ], [ -1900808.506000002380461, -60958.344099996611476 ], [ -1900818.782699995907024, -60978.474999994505197 ], [ -1900830.138900000369176, -60999.429600002244115 ], [ -1900842.75899999961257, -61021.548799999989569 ], [ -1900843.340271509019658, -61022.547490337863564 ], [ -1900855.015700001036748, -61042.607200001832098 ], [ -1900868.755400000140071, -61065.857800000812858 ], [ -1900921.754700001096353, -61151.774599998258054 ], [ -1900943.2903, -61187.53479999769479 ], [ -1900954.538099996512756, -61206.928800003603101 ], [ -1900956.313847007928416, -61210.124601264018565 ], [ -1900964.603699998930097, -61225.043799993116409 ], [ -1900974.060100000584498, -61242.318699997384101 ], [ -1900982.467399996938184, -61258.954599997028708 ], [ -1900991.964399997610599, -61279.125300003681332 ], [ -1901000.264800002332777, -61298.650900001637638 ], [ -1901007.717900000745431, -61317.734200003556907 ], [ -1901014.738400000613183, -61336.489199997857213 ], [ -1901020.824499995447695, -61355.039099999703467 ], [ -1901026.20650000218302, -61373.303599999286234 ], [ -1901026.559790630592033, -61374.769282286521047 ], [ -1901030.5722, -61391.415400000289083 ], [ -1901034.258600001223385, -61409.332199997734278 ], [ -1901037.347700000740588, -61426.96299999859184 ], [ -1901039.955100001301616, -61444.404200000222772 ], [ -1901042.406900001456961, -61461.567500001285225 ], [ -1901044.538699999451637, -61478.488099996931851 ], [ -1901046.349800002528355, -61495.16019999794662 ], [ -1901047.839700000826269, -61511.579799991101027 ], [ -1901049.008100000442937, -61527.742299997247756 ], [ -1901049.691200000233948, -61543.684799991548061 ], [ -1901050.215700000524521, -61559.318399992771447 ], [ -1901050.418299996759742, -61574.684399998746812 ], [ -1901050.298899997957051, -61589.779699998442084 ], [ -1901049.857500004116446, -61604.601500002667308 ], [ -1901049.257799997460097, -61619.106299996376038 ], [ -1901048.172799998195842, -61633.373500002082437 ], [ -1901046.766199995297939, -61647.360100001562387 ], [ -1901045.144499995745718, -61660.992899995762855 ], [ -1901041.502099998062477, -61686.68510000128299 ], [ -1901037.698399995686486, -61710.207899995148182 ], [ -1901033.310699995839968, -61732.176300002261996 ], [ -1901028.008499995805323, -61752.671299997251481 ], [ -1901025.18199999933131, -61762.450799998827279 ], [ -1901022.174399998271838, -61771.989699998870492 ], [ -1901019.152399994898587, -61781.349399995990098 ], [ -1901016.045999998459592, -61790.363999998196959 ], [ -1901012.749999996041879, -61799.164600001182407 ], [ -1901009.314100002869964, -61807.693700001109391 ], [ -1901005.736299998825416, -61815.955899991560727 ], [ -1901002.066299999365583, -61823.893700002226979 ], [ -1900997.31769999768585, -61832.992899999953806 ], [ -1900991.857999995816499, -61842.105300005059689 ], [ -1900985.539599998388439, -61851.430300003383309 ], [ -1900978.374200002057478, -61860.978699997998774 ], [ -1900970.549600002588704, -61870.553300003055483 ], [ -1900961.474000000394881, -61880.927399993408471 ], [ -1900951.639799998607486, -61891.634599995333701 ], [ -1900923.924699999857694, -61921.100999999325722 ], [ -1900915.644699996104464, -61930.303200001362711 ], [ -1900908.414000000106171, -61938.744099998380989 ], [ -1900900.519800001522526, -61948.607200002297759 ], [ -1900893.616499998373911, -61958.053800002206117 ], [ -1900887.5154, -61967.333699999842793 ], [ -1900882.255499997641891, -61976.422200000844896 ], [ -1900877.84780000266619, -61984.851599996909499 ], [ -1900873.636299999663606, -61993.526099996641278 ], [ -1900869.5107, -62002.58460000436753 ], [ -1900865.512399999191985, -62011.987200000789016 ], [ -1900861.686000002548099, -62021.686799997929484 ], [ -1900857.910999999614432, -62031.850600001402199 ], [ -1900854.223400002811104, -62042.45829999493435 ], [ -1900850.652599997119978, -62053.510699995793402 ], [ -1900844.326799995964393, -62074.654399999883026 ], [ -1900837.908599996706471, -62098.47090000147 ], [ -1900832.548099995357916, -62119.193299998063594 ], [ -1900819.691047830972821, -62170.272705764975399 ], [ -1900816.428999998606741, -62183.232400001958013 ], [ -1900812.213699999498203, -62199.908500001765788 ], [ -1900808.203299996675923, -62216.751799993682653 ], [ -1900804.478899997193366, -62233.961999999824911 ], [ -1900800.997199996607378, -62251.45170000102371 ], [ -1900797.735899999272078, -62269.180800000671297 ], [ -1900794.692799996118993, -62287.161399994511157 ], [ -1900791.865900001022965, -62305.404699996113777 ], [ -1900789.253199994331226, -62323.923899998888373 ], [ -1900786.855800000717863, -62342.707999997772276 ], [ -1900784.667899990454316, -62361.797999998088926 ], [ -1900783.81618216377683, -62370.146985020488501 ], [ -1900782.687399999704212, -62381.211900001391768 ], [ -1900780.912199997343123, -62400.971099995542318 ], [ -1900779.340599997900426, -62421.09370000148192 ], [ -1900777.9697, -62441.613900000229478 ], [ -1900776.797399999340996, -62462.563899994362146 ], [ -1900775.82140000234358, -62483.984199997968972 ], [ -1900774.605300000635907, -62521.679899998009205 ], [ -1900773.857399997767061, -62561.114399996586144 ], [ -1900773.357400002190843, -62602.506099997088313 ], [ -1900773.357899998547509, -62646.923199998680502 ], [ -1900773.880099998787045, -62685.484999997541308 ], [ -1900774.999399997992441, -62728.736099998001009 ], [ -1900779.4038, -62865.485400000121444 ], [ -1900780.758999995421618, -62911.743000003509223 ], [ -1900781.737100003287196, -62953.63289999589324 ], [ -1900782.328899995889515, -62991.612500001676381 ], [ -1900782.805000001797453, -63020.868199992924929 ], [ -1900783.757299997843802, -63051.482000001706183 ], [ -1900785.291800000937656, -63083.70459999749437 ], [ -1900787.440300001064315, -63118.118700003717095 ], [ -1900789.90999999945052, -63149.187600002624094 ], [ -1900792.9895, -63183.69929999532178 ], [ -1900804.781099999556318, -63304.714400004129857 ], [ -1900809.174199996748939, -63352.61019999999553 ], [ -1900810.805670434143394, -63373.162155479658395 ], [ -1900813.070899998536333, -63401.697699997574091 ], [ -1900814.570200000191107, -63424.220899992156774 ], [ -1900815.795999998925254, -63445.772699997294694 ], [ -1900816.837099999422207, -63470.835499996785074 ], [ -1900817.448600000469014, -63494.867799994535744 ], [ -1900817.732499999459833, -63518.154999999795109 ], [ -1900817.617600003024563, -63540.70990000013262 ], [ -1900817.446636272361502, -63548.372681093867868 ], [ -1900817.127399995690212, -63562.68119999486953 ], [ -1900816.333300000522286, -63584.199900002684444 ], [ -1900815.209100000560284, -63605.292099994141608 ], [ -1900813.703899998217821, -63625.939299998339266 ], [ -1900812.008799995994195, -63644.117599994409829 ], [ -1900809.915399994933978, -63662.604000000283122 ], [ -1900807.420100001152605, -63681.432500001508743 ], [ -1900804.51700000022538, -63700.646899999585003 ], [ -1900801.202099999878556, -63720.27729999832809 ], [ -1900797.461599999340251, -63740.408299993723631 ], [ -1900793.281299999216571, -63761.116700000595301 ], [ -1900788.638899996643886, -63782.513599997386336 ], [ -1900784.007199997780845, -63802.616200000979006 ], [ -1900778.935300000477582, -63823.554099992848933 ], [ -1900773.375699998578057, -63845.524499999824911 ], [ -1900767.2344, -63868.899300000164658 ], [ -1900754.192899995250627, -63915.105600000824779 ], [ -1900726.609899998642504, -64003.968099998310208 ], [ -1900715.878499999875203, -64040.705799997318536 ], [ -1900705.586500002304092, -64079.12239999929443 ], [ -1900696.83020000346005, -64113.674600000027567 ], [ -1900691.984999994980171, -64133.894799998495728 ], [ -1900687.5465000027325, -64153.365299997385591 ], [ -1900684.958565532695502, -64165.377138105686754 ], [ -1900683.484000000171363, -64172.221299995668232 ], [ -1900679.778400000650436, -64190.551499993540347 ], [ -1900676.410199998179451, -64208.454699999652803 ], [ -1900673.374400000786409, -64225.960999998264015 ], [ -1900670.662599998060614, -64243.118300000671297 ], [ -1900670.179510871181265, -64246.51827132049948 ], [ -1900668.26919999695383, -64259.962999997660518 ], [ -1900665.477499996544793, -64283.859700004570186 ], [ -1900663.3286999957636, -64308.87879999447614 ], [ -1900663.104250994510949, -64312.851802884135395 ], [ -1900661.826999996090308, -64335.460599997080863 ], [ -1900660.650400002487004, -64364.025199997238815 ], [ -1900659.786600003484637, -64390.074599999003112 ], [ -1900659.320699997944757, -64419.093799999915063 ], [ -1900659.154599996749312, -64447.714100000448525 ], [ -1900659.993999995989725, -64520.988999993074685 ], [ -1900660.299700001021847, -64561.173899997025728 ], [ -1900660.14640000090003, -64582.406199995893985 ], [ -1900659.73449999676086, -64602.202399995643646 ], [ -1900659.055799994617701, -64620.934199999086559 ], [ -1900658.1031, -64638.791699995286763 ], [ -1900656.557399996789172, -64659.62170000327751 ], [ -1900654.578400002326816, -64679.543499995954335 ], [ -1900652.070600001141429, -64698.566599995363504 ], [ -1900649.187399997841567, -64717.026500003878027 ], [ -1900645.830400002188981, -64734.895500001031905 ], [ -1900641.992700000526384, -64752.203599994070828 ], [ -1900637.581600000848994, -64768.873400001786649 ], [ -1900632.752800001064315, -64785.188199994154274 ], [ -1900629.702699999324977, -64794.088699996937066 ], [ -1900626.384799999883398, -64803.205699995160103 ], [ -1900622.710599998477846, -64812.432500000111759 ], [ -1900618.754700000397861, -64821.805299998726696 ], [ -1900609.881599996704608, -64840.950900000985712 ], [ -1900599.71510000131093, -64861.071299998089671 ], [ -1900589.135899998014793, -64880.562499998137355 ], [ -1900576.790099998470396, -64902.119099999312311 ], [ -1900563.825499998871237, -64924.10999999800697 ], [ -1900528.778399999486282, -64983.94330000365153 ], [ -1900518.383699998492375, -65002.258399999700487 ], [ -1900509.318899997975677, -65018.792199997231364 ], [ -1900499.378300001146272, -65037.899700003676116 ], [ -1900490.606399997603148, -65055.922399999573827 ], [ -1900482.926499998895451, -65073.303999999538064 ], [ -1900476.075599995907396, -65090.044099998660386 ], [ -1900464.186599999200553, -65121.911699999589473 ], [ -1900452.932300000917166, -65154.028299998957664 ], [ -1900442.312899997225031, -65186.393700000364333 ], [ -1900432.32810000074096, -65219.008000001776963 ], [ -1900422.898200003430247, -65251.874399998690933 ], [ -1900420.677600000984967, -65259.814500002656132 ], [ -1900420.613499997183681, -65265.101699999533594 ], [ -1900420.168399997986853, -65276.204700004309416 ], [ -1900419.353999999817461, -65287.070900003891438 ], [ -1900418.115499997744337, -65297.694499995559454 ], [ -1900416.562500002328306, -65308.086999994236976 ], [ -1900414.640200001187623, -65318.242700001690537 ], [ -1900412.281599996145815, -65328.062299998942763 ], [ -1900409.620599999558181, -65337.744299998506904 ], [ -1900406.590399995679036, -65347.189399995375425 ], [ -1900403.190899999579415, -65356.397699994035065 ], [ -1900399.355099999345839, -65365.269900002516806 ], [ -1900395.2717999976594, -65374.010399993974715 ], [ -1900390.874199998099357, -65382.51990000391379 ], [ -1900386.040099998936057, -65390.693199998699129 ], [ -1900380.903900001896545, -65398.729000000748783 ], [ -1900375.331199991516769, -65406.42860000114888 ], [ -1900371.105799996526912, -65411.74319999711588 ], [ -1900366.309899998130277, -65417.046699997968972 ], [ -1900360.893299998017028, -65422.395200002007186 ], [ -1900354.749399998458102, -65427.894600001163781 ], [ -1900349.154799997806549, -65432.539599997457117 ], [ -1900342.7296, -65437.588300004135817 ], [ -1900320.856499999063089, -65453.92509999172762 ], [ -1900312.871599994366989, -65460.062900001183152 ], [ -1900305.277299997862428, -65466.267599998041987 ], [ -1900298.729599997168407, -65472.087200002279133 ], [ -1900287.201600000495091, -65483.049700001254678 ], [ -1900275.786299997707829, -65494.321300003211945 ], [ -1900264.481999997282401, -65505.903600001707673 ], [ -1900261.727969478350133, -65508.829809702932835 ], [ -1900253.287, -65517.798499999102205 ], [ -1900242.199699997901917, -65530.007499998435378 ], [ -1900231.217900002608076, -65542.533299998380244 ], [ -1900228.732799553312361, -65545.467562050092965 ], [ -1900220.339399998309091, -65555.377999995835125 ], [ -1900209.571600002236664, -65568.453499999362975 ], [ -1900198.905600000871345, -65581.849699998274446 ], [ -1900188.335599998012185, -65595.573700001463294 ], [ -1900177.85869999951683, -65609.629200001247227 ], [ -1900167.472100001526996, -65624.020299994386733 ], [ -1900157.163100000936538, -65638.841699999757111 ], [ -1900146.946899997070432, -65653.917399995960295 ], [ -1900136.810199999017641, -65669.34430000372231 ], [ -1900126.74809999903664, -65685.129100000485778 ], [ -1900116.751200000522658, -65701.110599999781698 ], [ -1900106.543099999660626, -65717.381400002166629 ], [ -1900100.513188818003982, -65727.376979204826057 ], [ -1900096.484499995363876, -65734.055200002156198 ], [ -1900086.385800002375618, -65751.091400000266731 ], [ -1900076.473599997581914, -65768.545000004582107 ], [ -1900066.544599999440834, -65786.47349999146536 ], [ -1900056.743500001728535, -65804.770599992014468 ], [ -1900046.890099994605407, -65823.493899994064122 ], [ -1900037.349800003226846, -65842.72959999460727 ], [ -1900027.796299998182803, -65862.472899997141212 ], [ -1900018.212199999019504, -65882.760000003036112 ], [ -1900008.539900003233925, -65903.734800002072006 ], [ -1900007.106910116504878, -65906.943986755330116 ], [ -1899989.01079999585636, -65947.470299993176013 ], [ -1899984.302000002935529, -65958.454099995084107 ], [ -1900120.291313564404845, -65968.653291907627136 ], [ -1900255.231034661410376, -65978.773764437995851 ], [ -1900265.381691140122712, -65979.535063177812845 ], [ -1900504.532743682852015, -65997.471380514092743 ], [ -1900705.976909572258592, -66012.579683177638799 ], [ -1901426.333599995356053, -66066.606399998534471 ], [ -1902061.334899999201298, -64717.228700001724064 ], [ -1901902.584600002970546, -63129.725599998608232 ], [ -1901455.187146924436092, -61920.946100195869803 ], [ -1901302.112199466442689, -61507.367844120133668 ], [ -1901236.409851749194786, -61329.853085236623883 ], [ -1901158.509725127601996, -61119.382338381372392 ], [ -1901048.535136576043442, -60822.252734214067459 ], [ -1901017.183425147552043, -60737.546605915296823 ], [ -1901003.265744875418022, -60699.943784352391958 ], [ -1900998.45303372037597, -60686.94078994076699 ], [ -1900674.926176708657295, -59812.835160368587822 ], [ -1900621.866500001167879, -59669.478400000371039 ], [ -1900629.628299997188151, -59699.648400003090501 ], [ -1900638.073299997719005, -59729.717999996151775 ], [ -1900647.201499996008351, -59759.687299997545779 ], [ -1900657.012800001073629, -59789.556000000331551 ] ] ] } },
{ "type": "Feature", "properties": { "ID": 923, "YEAR": "2013-2014", "Perimtr_KM": 10.6618618199, "AREA_KM": 4.2352966728999997, "SCALE": 1, "THICKNES_M": 390.67349243199999, "VOLUME_KM": 1.65461814269, "MASS_GT": 1.51728483684, "RECURRANCE": "2-3", "UA_KM": 0.0533093091, "UH_M": 32.425899712000003, "UC_KM": 0.12660180578, "REGION": "West", "ICESHELF": "Venable" }, "geometry": { "type": "Polygon", "coordinates": [ [ [ -1868822.884488084819168, 72940.376699171494693 ], [ -1868792.049500000895932, 72913.942400002852082 ], [ -1868783.483800000976771, 72906.251000003423542 ], [ -1868776.000199999194592, 72899.261900001671165 ], [ -1868760.020154588855803, 72883.489958780352026 ], [ -1868741.552799999481067, 72865.26309999730438 ], [ -1868730.578699995065108, 72855.334600016009063 ], [ -1868720.752599996048957, 72846.833900001365691 ], [ -1868712.528799995779991, 72840.059800005983561 ], [ -1868702.085599995683879, 72832.735899994149804 ], [ -1868692.072299995459616, 72826.431099995039403 ], [ -1868682.146499999333173, 72821.048699996899813 ], [ -1868675.882299999240786, 72818.090300007723272 ], [ -1868669.61400000192225, 72815.863699993118644 ], [ -1868664.570300000952557, 72814.432800001930445 ], [ -1868656.795299998484552, 72811.720500003080815 ], [ -1868640.384399995673448, 72806.681399995461106 ], [ -1868613.124400001019239, 72800.268900000955909 ], [ -1868589.98960000067018, 72794.000800006557256 ], [ -1868566.979899997124448, 72788.944500000216067 ], [ -1868545.434799996903166, 72785.201800004113466 ], [ -1868521.798799998359755, 72781.084100011736155 ], [ -1868499.857299993978813, 72778.83209999743849 ], [ -1868475.758800001582131, 72775.645599993877113 ], [ -1868454.167299999622628, 72775.042200002353638 ], [ -1868430.037300003925338, 72773.144900002516806 ], [ -1868408.529099997598678, 72773.840400005225092 ], [ -1868384.578299998072907, 72773.247299998532981 ], [ -1868363.325899999123067, 72775.24900000076741 ], [ -1868339.720699997618794, 72775.963199998252094 ], [ -1868316.701199999079108, 72777.856100007425994 ], [ -1868295.741099995793775, 72781.196200004778802 ], [ -1868273.14649999840185, 72783.808400007896125 ], [ -1868251.071999996900558, 72787.639800003729761 ], [ -1868212.981500000460073, 72795.035799996927381 ], [ -1868197.789600000716746, 72797.833700011949986 ], [ -1868183.855199998710304, 72800.596299993339926 ], [ -1868170.90719999675639, 72804.168900002725422 ], [ -1868162.847153331851587, 72806.198565019760281 ], [ -1868158.338599995942786, 72807.333900007884949 ], [ -1868146.273699996061623, 72810.416700007859617 ], [ -1868134.930699998280033, 72813.581399998627603 ], [ -1868123.795899996766821, 72817.41230000462383 ], [ -1868113.220199995907024, 72821.589800001587719 ], [ -1868102.7346, 72825.425499997101724 ], [ -1868092.65999999945052, 72829.455100004561245 ], [ -1868082.969199997838587, 72833.690000007860363 ], [ -1868073.911400002427399, 72838.487500007264316 ], [ -1868065.478599995141849, 72843.624999997671694 ], [ -1868056.871700001880527, 72848.508100006263703 ], [ -1868051.340899997623637, 72852.090500003658235 ], [ -1868045.383199999341741, 72856.553600005339831 ], [ -1868039.626799997175112, 72861.304199999663979 ], [ -1868025.105799997458234, 72873.891200008802116 ], [ -1868017.387399997096509, 72881.214500005356967 ], [ -1868012.857100001070648, 72884.257199996616691 ], [ -1868008.510000000474975, 72886.777899996843189 ], [ -1868004.262899997411296, 72888.82439999980852 ], [ -1868000.071699997643009, 72890.417599995620549 ], [ -1867994.388999998569489, 72892.15010000159964 ], [ -1867988.294100001454353, 72893.755199996754527 ], [ -1867982.00869999662973, 72895.174699998926371 ], [ -1867975.700199998915195, 72896.370999994222075 ], [ -1867970.213999999454245, 72898.183200008701533 ], [ -1867964.289399991743267, 72898.862200004514307 ], [ -1867958.6558, 72899.271999997552484 ], [ -1867953.364499999443069, 72899.40900000045076 ], [ -1867948.589799998793751, 72899.279700001701713 ], [ -1867944.203199996845797, 72898.89250000519678 ], [ -1867940.225199999054894, 72898.249200000427663 ], [ -1867936.6699, 72897.352200006134808 ], [ -1867933.438599996035919, 72896.233900013379753 ], [ -1867930.759899997385219, 72894.839299994520843 ], [ -1867928.52739999582991, 72893.199999997392297 ], [ -1867926.744999999180436, 72891.318900003097951 ], [ -1867925.804900002898648, 72889.931700001470745 ], [ -1867924.99500000057742, 72888.354499995242804 ], [ -1867924.018699996173382, 72884.970499998889863 ], [ -1867923.451199998846278, 72880.781699997372925 ], [ -1867923.209100001258776, 72875.355700000654906 ], [ -1867923.358199999434873, 72870.376800002530217 ], [ -1867923.535200000274926, 72864.253700002562255 ], [ -1867925.806399999186397, 72842.124000004027039 ], [ -1867926.520899997325614, 72833.92469999473542 ], [ -1867927.464099997654557, 72821.09819999570027 ], [ -1867928.822200001217425, 72808.09930000314489 ], [ -1867930.821400000480935, 72794.849099998828024 ], [ -1867933.176399998134002, 72781.397799994330853 ], [ -1867936.245600000256673, 72767.626000004354864 ], [ -1867939.68519999878481, 72753.577400005422533 ], [ -1867943.926100000506267, 72739.139200004283339 ], [ -1867948.510099997045472, 72724.25860000308603 ], [ -1867953.449700003257021, 72710.202399997040629 ], [ -1867958.697900001890957, 72695.59029999980703 ], [ -1867964.78659999766387, 72680.258299999404699 ], [ -1867971.291099998634309, 72663.79470000276342 ], [ -1867984.090300003066659, 72632.296700007747859 ], [ -1868014.411299999104813, 72562.823099999222904 ], [ -1868022.113199999788776, 72544.970800003968179 ], [ -1868029.711199994664639, 72526.570700006559491 ], [ -1868039.105700001586229, 72508.778900008182973 ], [ -1868048.800999998813495, 72490.794300008099526 ], [ -1868059.470999999437481, 72472.650499994400889 ], [ -1868070.884300002362579, 72453.913600007537752 ], [ -1868082.452700002351776, 72434.398600015323609 ], [ -1868095.607299999799579, 72415.046600013505667 ], [ -1868107.505899995798245, 72398.442399999126792 ], [ -1868119.834499996621162, 72380.931899998802692 ], [ -1868132.546099998988211, 72362.191300007048994 ], [ -1868147.356100001605228, 72343.156000000890344 ], [ -1868175.00339999771677, 72306.085400006733835 ], [ -1868227.223200001753867, 72238.93519999505952 ], [ -1868248.191700001712888, 72212.740600002929568 ], [ -1868269.206000002333894, 72185.544499995652586 ], [ -1868287.643699999433011, 72160.694900005124509 ], [ -1868307.974299998953938, 72132.962600000668317 ], [ -1868315.865600003162399, 72118.498200010042638 ], [ -1868324.310100000584498, 72104.95349999377504 ], [ -1868332.832499995827675, 72092.16899999929592 ], [ -1868341.089199997484684, 72079.546900006942451 ], [ -1868348.682799994945526, 72067.183200002647936 ], [ -1868356.219500003149733, 72054.861200002022088 ], [ -1868369.1572999979835, 72034.748499996028841 ], [ -1868380.221099995076656, 72014.289900004863739 ], [ -1868391.879200001247227, 71993.065299996640533 ], [ -1868404.068100000265986, 71970.44600000558421 ], [ -1868416.81519999797456, 71944.970499998424202 ], [ -1868430.260600001784042, 71917.636200006119907 ], [ -1868485.171700002858415, 71805.963900002650917 ], [ -1868509.742899996461347, 71757.125299998559058 ], [ -1868523.245099998312071, 71731.157299996819347 ], [ -1868535.542499996488914, 71707.882699997164309 ], [ -1868548.222300002118573, 71685.383800004608929 ], [ -1868560.229399997508153, 71664.601299996487796 ], [ -1868568.809099994134158, 71650.209100005682558 ], [ -1868578.135000001406297, 71634.61740000359714 ], [ -1868588.201999995624647, 71619.220100010745227 ], [ -1868599.589400002500042, 71602.085699998307973 ], [ -1868620.92989999987185, 71570.480600002687424 ], [ -1868675.773299996508285, 71489.833199994638562 ], [ -1868691.186599999200553, 71467.091700001154095 ], [ -1868704.778199999826029, 71446.444000000599772 ], [ -1868719.229799996362999, 71423.008599998895079 ], [ -1868732.272099998313934, 71401.407800005283207 ], [ -1868744.455399997066706, 71380.245399999432266 ], [ -1868761.107500002486631, 71361.78800000064075 ], [ -1868772.795799997868016, 71352.526500004343688 ], [ -1868784.640000000596046, 71343.080299996305257 ], [ -1868802.904500000411645, 71319.160899995360523 ], [ -1868827.204999994719401, 71295.456800000742078 ], [ -1868862.728399995714426, 71242.852000008802861 ], [ -1868884.682999995071441, 71223.961400003172457 ], [ -1868895.702699997462332, 71199.209499996621162 ], [ -1868906.1721000012476, 71177.553200005553663 ], [ -1868915.303299998864532, 71144.218800005502999 ], [ -1868936.755600002361462, 71116.069700010120869 ], [ -1868952.886899999110028, 71085.77150001283735 ], [ -1868962.933499999111518, 71052.817600005306304 ], [ -1868973.269699996337295, 71019.997600003145635 ], [ -1868984.279899997403845, 70987.684099998790771 ], [ -1868989.307000000728294, 70952.711000009905547 ], [ -1869000.477000003680587, 70921.280000006780028 ], [ -1869005.452499996870756, 70887.864899998530746 ], [ -1869011.591699998127297, 70853.549500002991408 ], [ -1869031.82160000083968, 70825.332199999596924 ], [ -1869052.1321, 70798.057000005617738 ], [ -1869073.848900001496077, 70771.139000001829118 ], [ -1869094.877300003776327, 70744.285599997732788 ], [ -1869117.033599997637793, 70718.520700003020465 ], [ -1869139.143, 70691.394099996890873 ], [ -1869160.217300000600517, 70664.117299994919449 ], [ -1869182.205500000622123, 70637.748799999244511 ], [ -1869203.997800001874566, 70610.893900006078184 ], [ -1869225.215699998661876, 70584.120500004384667 ], [ -1869247.725900002988055, 70557.687300003599375 ], [ -1869269.755499999038875, 70531.454899995587766 ], [ -1869291.767799998167902, 70504.236800006590784 ], [ -1869312.487999999430031, 70476.752599998842925 ], [ -1869334.728399999439716, 70450.038000001572073 ], [ -1869357.774800000712276, 70423.863500009756535 ], [ -1870418.001240433426574, 70139.801268571987748 ], [ -1870485.783728901762515, 70121.640577430371195 ], [ -1870652.682949504815042, 70076.923936514183879 ], [ -1870850.899866836844012, 70023.81647031661123 ], [ -1870884.657721690600738, 70014.771863225847483 ], [ -1871659.989199997857213, 69807.040399997029454 ], [ -1871082.083921087207273, 70489.159645782317966 ], [ -1869435.644176746485755, 72432.502746515907347 ], [ -1868906.810400000307709, 73056.70140000525862 ], [ -1868905.954599999357015, 73051.835099996533245 ], [ -1868904.186099994927645, 73044.080000012181699 ], [ -1868901.82279999833554, 73036.042500011157244 ], [ -1868898.526099996641278, 73027.98520000372082 ], [ -1868894.579900002572685, 73019.850500001572073 ], [ -1868890.06879999814555, 73012.143099998589605 ], [ -1868884.928300001658499, 73004.071900005917996 ], [ -1868878.803699998417869, 72995.881900002248585 ], [ -1868871.303899997379631, 72987.327600005082786 ], [ -1868867.175999997416511, 72981.502500005532056 ], [ -1868860.285600000293925, 72974.162000003270805 ], [ -1868852.442499994765967, 72966.517800002824515 ], [ -1868843.7127, 72958.705800015479326 ], [ -1868827.314999996917322, 72944.174900001846254 ], [ -1868822.884488084819168, 72940.376699171494693 ] ] ] } },
{ "type": "Feature", "properties": { "ID": 924, "YEAR": "2013-2014", "Perimtr_KM": 27.178968516899999, "AREA_KM": 13.9299066109, "SCALE": 2, "THICKNES_M": 356.27770798300003, "VOLUME_KM": 4.9629151997500003, "MASS_GT": 4.5509932381700002, "RECURRANCE": "2-3", "UA_KM": 0.13589484258000001, "UH_M": 29.5710496168, "UC_KM": 0.37973355304, "REGION": "West", "ICESHELF": "Venable" }, "geometry": { "type": "Polygon", "coordinates": [ [ [ -1867482.912199998507276, 85793.739143247250468 ], [ -1867346.837540748994797, 85764.503988818265498 ], [ -1866863.900399998761714, 85660.746669364627451 ], [ -1866257.520899998256937, 85530.468200003728271 ], [ -1866266.93959999573417, 85523.699600003194064 ], [ -1866271.144199997885153, 85519.134300015401095 ], [ -1866278.559099995531142, 85511.12680000718683 ], [ -1866287.532299994956702, 85503.623300008010119 ], [ -1866296.267200000118464, 85495.949299996253103 ], [ -1866299.64739999989979, 85490.594400001689792 ], [ -1866306.105499998899177, 85481.912099999841303 ], [ -1866313.998900000704452, 85473.846100002061576 ], [ -1866320.2727, 85466.595499995164573 ], [ -1866327.474199999589473, 85458.39980001328513 ], [ -1866330.479699996532872, 85451.759099999908358 ], [ -1866336.911599998828024, 85443.5223000026308 ], [ -1866339.838700001128018, 85435.539900007192045 ], [ -1866345.649600001052022, 85427.010800007265061 ], [ -1866351.31670000241138, 85418.106800002045929 ], [ -1866355.555800000438467, 85409.719800001941621 ], [ -1866357.113800001563504, 85401.654600000940263 ], [ -1866362.346199999796227, 85391.630900004412979 ], [ -1866366.858599997824058, 85381.643600012175739 ], [ -1866371.798900003079325, 85370.877800001762807 ], [ -1866374.847599999513477, 85359.024999992921948 ], [ -1866376.135899994522333, 85348.796500011347234 ], [ -1866380.634400000330061, 85336.926500003784895 ], [ -1866384.411599991843104, 85325.096199999563396 ], [ -1866385.832100000465289, 85313.356600015424192 ], [ -1866386.204599994234741, 85301.892900004517287 ], [ -1866386.610299997031689, 85288.735600001644343 ], [ -1866389.802299995906651, 85275.422100004274398 ], [ -1866388.297100000316277, 85267.451200002804399 ], [ -1866390.020599994808435, 85259.074100009631366 ], [ -1866390.896899994462729, 85250.872099994681776 ], [ -1866392.077299998141825, 85242.01010000705719 ], [ -1866389.484900000970811, 85233.070800001733005 ], [ -1866389.560100000351667, 85224.047700004652143 ], [ -1866389.948299996787682, 85214.279099996201694 ], [ -1866386.572299998952076, 85204.311099993530661 ], [ -1866385.887400002218783, 85194.901700008194894 ], [ -1866382.048499997938052, 85184.810700005851686 ], [ -1866380.120599996764213, 85162.807500002440065 ], [ -1866373.993499997537583, 85140.1655000038445 ], [ -1866364.169199995463714, 85096.939100004266948 ], [ -1866362.380100001115352, 85078.156399996485561 ], [ -1866357.370299994479865, 85058.815499996766448 ], [ -1866352.982199996244162, 85041.568699997384101 ], [ -1866352.727299997583032, 85031.405800002627075 ], [ -1866352.696500000543892, 85021.678200005088001 ], [ -1866349.384599999524653, 85012.506000003311783 ], [ -1866349.802799995988607, 85003.468100005295128 ], [ -1866350.448799999430776, 84994.704100002069026 ], [ -1866347.818999998737127, 84986.387500005308539 ], [ -1866348.92609999794513, 84978.118299996014684 ], [ -1866350.267400001175702, 84970.067100005690008 ], [ -1866351.176499997498468, 84961.217599998228252 ], [ -1866353.36300000268966, 84951.758499997667968 ], [ -1866355.874200001824647, 84942.167800012044609 ], [ -1866357.759300001664087, 84932.919399997219443 ], [ -1866360.935100001515821, 84923.008599997963756 ], [ -1866363.501200003782287, 84913.385100001934916 ], [ -1866364.802799996454269, 84902.10499999858439 ], [ -1866365.526500002015382, 84891.080099994782358 ], [ -1866368.938899997156113, 84881.239199995063245 ], [ -1866370.160699996864423, 84870.140799997840077 ], [ -1866379.54459999804385, 84848.914500004146248 ], [ -1866389.329900002107024, 84825.985400004312396 ], [ -1866408.864300002111122, 84781.145900004543364 ], [ -1866418.123899996746331, 84763.186300012748688 ], [ -1866425.794399999082088, 84744.258700001984835 ], [ -1866432.398499999195337, 84726.852000002749264 ], [ -1866436.998100000433624, 84715.42540000192821 ], [ -1866439.468600002815947, 84705.912499995902181 ], [ -1866443.416099997237325, 84695.779800003860146 ], [ -1866446.460899999365211, 84687.307900007348508 ], [ -1866447.909299996914342, 84678.543400007300079 ], [ -1866450.877699997276068, 84669.040599997155368 ], [ -1866453.537499997997656, 84659.692700001876801 ], [ -1866454.726299998583272, 84650.888300009071827 ], [ -1866468.699600000400096, 84588.046599998604506 ], [ -1866476.961499996948987, 84550.525800001807511 ], [ -1866483.713499999605119, 84516.384000002406538 ], [ -1866489.581099999835715, 84483.956100004725158 ], [ -1866492.101700002327561, 84468.383900008630008 ], [ -1866494.682299997890368, 84452.614000010769814 ], [ -1866495.401599999051541, 84437.927799997851253 ], [ -1866497.345099998172373, 84423.201900008134544 ], [ -1866497.43760000099428, 84409.483600003179163 ], [ -1866498.196400003274903, 84395.971200014464557 ], [ -1866498.234899998176843, 84382.842100000940263 ], [ -1866498.378599999006838, 84370.183599997777492 ], [ -1866497.813899998087436, 84357.359299994539469 ], [ -1866497.088799994206056, 84345.150200004223734 ], [ -1866495.858899998245761, 84333.182599996682256 ], [ -1866495.272399998269975, 84321.38520000083372 ], [ -1866492.572699997806922, 84310.672299994155765 ], [ -1866491.319599997485057, 84299.689700001850724 ], [ -1866488.928599994396791, 84289.537100005429238 ], [ -1866486.030699995113537, 84279.599700010381639 ], [ -1866482.96879999875091, 84270.233899996615946 ], [ -1866480.440799999516457, 84260.204499995335937 ], [ -1866476.53359999647364, 84251.438500012736768 ], [ -1866472.418799998238683, 84241.944899996742606 ], [ -1866468.8123000015039, 84233.706400013994426 ], [ -1866463.890900000929832, 84226.099299995694309 ], [ -1866459.606400001095608, 84218.629400003701448 ], [ -1866454.981899996520951, 84211.541999996639788 ], [ -1866452.374799996614456, 84207.995199999306351 ], [ -1866448.573499999009073, 84204.78790000313893 ], [ -1866445.5292, 84201.4253000007011 ], [ -1866442.263799998909235, 84198.15210001077503 ], [ -1866438.775700001046062, 84194.966499995905906 ], [ -1866435.128699996275827, 84191.239099997095764 ], [ -1866431.162899998482317, 84187.354299994651228 ], [ -1866426.990299995755777, 84184.417399996891618 ], [ -1866416.974499999545515, 84179.029600001405925 ], [ -1866406.959599998546764, 84173.682299999520183 ], [ -1866395.9862, 84167.968300006818026 ], [ -1866383.816299996571615, 84162.236599998548627 ], [ -1866373.325599997071549, 84158.508200007025152 ], [ -1866361.978100003674626, 84154.859199995640665 ], [ -1866348.761800000211224, 84151.300499998964369 ], [ -1866335.172699995804578, 84146.362300011795014 ], [ -1866309.563400000799447, 84139.893199994694442 ], [ -1866245.403899998636916, 84123.55369999492541 ], [ -1866228.793600001605228, 84119.443899995647371 ], [ -1866214.067099997308105, 84114.642300006002188 ], [ -1866199.271099998382851, 84110.290200013201684 ], [ -1866185.771499997237697, 84105.00079999351874 ], [ -1866172.42869999888353, 84100.686399998608977 ], [ -1866161.062099998118356, 84095.94550000783056 ], [ -1866150.612399996258318, 84090.990099994465709 ], [ -1866141.002700001234189, 84084.927500004414469 ], [ -1866132.240500001702458, 84079.470499994698912 ], [ -1866123.297899996628985, 84073.980800013057888 ], [ -1866116.100200000219047, 84067.944899995811284 ], [ -1866109.66190000064671, 84061.600399999413639 ], [ -1866103.970399999525398, 84054.934800009708852 ], [ -1866098.016399999847636, 84047.316700001247227 ], [ -1866093.77389999711886, 84040.46299999486655 ], [ -1866089.726500002900138, 84033.463199996389449 ], [ -1866085.874499996891245, 84026.317200007848442 ], [ -1866081.241399999707937, 84019.271500004455447 ], [ -1866077.779899997403845, 84011.833200006745756 ], [ -1866074.513699999079108, 84004.24870000500232 ], [ -1866070.530699995579198, 83996.436999998055398 ], [ -1866066.678800001274794, 83988.806700009386986 ], [ -1866063.998399996897206, 83980.783600003924221 ], [ -1866061.513300003483891, 83972.614500004332513 ], [ -1866057.310899996431544, 83963.597099998500198 ], [ -1866055.216299999738112, 83955.135599998291582 ], [ -1866053.316900002304465, 83946.527899994514883 ], [ -1866049.72469999617897, 83937.939600004814565 ], [ -1866048.215799995465204, 83929.039599998388439 ], [ -1866046.902299996698275, 83919.99339999537915 ], [ -1866043.8958, 83910.966500001959503 ], [ -1866042.972899995977059, 83901.628000009339303 ], [ -1866041.333099995739758, 83892.06229999801144 ], [ -1866039.889099995838478, 83882.713199999649078 ], [ -1866037.58640000061132, 83863.213599996175617 ], [ -1866037.88840000028722, 83842.928800003603101 ], [ -1866037.147900001145899, 83822.260000003036112 ], [ -1866037.188400002196431, 83801.006499999668449 ], [ -1866038.010099999373779, 83779.168300013523549 ], [ -1866040.845800003269687, 83760.444000004790723 ], [ -1866039.612399997888133, 83753.424099999479949 ], [ -1866038.762499997857958, 83742.732600000221282 ], [ -1866036.728200001642108, 83731.984200005419552 ], [ -1866035.10239999811165, 83720.942700003739446 ], [ -1866033.082899995846674, 83709.684200010728091 ], [ -1866029.869099997915328, 83698.295800010673702 ], [ -1866027.044300000416115, 83686.502500012051314 ], [ -1866022.999699995853007, 83674.460900007747114 ], [ -1866019.307999995304272, 83661.873100008349866 ], [ -1866011.574899998959154, 83640.583400003612041 ], [ -1866002.111799999373034, 83615.873399996198714 ], [ -1865992.710399998817593, 83593.307400000747293 ], [ -1865969.158700002357364, 83539.113900001626462 ], [ -1865956.838599996408448, 83509.414900008123368 ], [ -1865951.071899995906278, 83494.75150000071153 ], [ -1865945.920000003185123, 83481.45390000147745 ], [ -1865942.05950000253506, 83468.645799997262657 ], [ -1865937.26219999906607, 83456.770500003360212 ], [ -1865929.238400001078844, 83431.676800002343953 ], [ -1865921.319200001191348, 83406.675499998964369 ], [ -1865913.761199997272342, 83381.357699995860457 ], [ -1865906.230899999849498, 83354.47800001129508 ], [ -1865899.073099996428937, 83328.85660000750795 ], [ -1865893.097199999727309, 83303.688300001434982 ], [ -1865887.071300000650808, 83277.576899999752641 ], [ -1865881.245099996449426, 83251.311599996872246 ], [ -1865875.618300000438467, 83224.891899996437132 ], [ -1865870.0949, 83198.559699999634176 ], [ -1865865.224100002786145, 83172.414200000930578 ], [ -1865860.552299994509667, 83146.111700003966689 ], [ -1865855.907099995529279, 83118.241099996492267 ], [ -1865851.458899999270216, 83092.629200014285743 ], [ -1865846.959700000938028, 83066.068400013726205 ], [ -1865842.6591, 83039.34719999646768 ], [ -1865838.557399996789172, 83012.469300008378923 ], [ -1865834.709199994103983, 82985.649199997540563 ], [ -1865831.05900000105612, 82958.665799995884299 ], [ -1865827.153399999253452, 82931.175500012002885 ], [ -1865823.899199998239055, 82903.86240000417456 ], [ -1865820.768899998394772, 82876.60730000352487 ], [ -1865818.399199997773394, 82848.813799996860325 ], [ -1865816.227100001648068, 82820.851200003176928 ], [ -1865814.252599996048957, 82792.718700005207211 ], [ -1865812.475499998778105, 82764.41419999813661 ], [ -1865810.895799996331334, 82735.936300004832447 ], [ -1865809.513299999758601, 82707.283099996391684 ], [ -1865808.627199998125434, 82679.028499993961304 ], [ -1865807.479999996488914, 82650.468700003344566 ], [ -1865805.163599998224527, 82592.453700001817197 ], [ -1865804.013799995882437, 82533.760600006673485 ], [ -1865803.647600001189858, 82474.414700011722744 ], [ -1865803.69579999987036, 82414.478700002655387 ], [ -1865805.423099997453392, 82352.685200002510101 ], [ -1865807.740399997448549, 82289.55869999807328 ], [ -1865810.089499994413927, 82226.00079999724403 ], [ -1865812.9004, 82161.34899999666959 ], [ -1865815.838100001215935, 82095.8414999935776 ], [ -1865819.85149999638088, 82029.186999998055398 ], [ -1865824.721300000557676, 81961.42240000423044 ], [ -1865832.281199999386445, 81894.199299993459135 ], [ -1865839.330399998929352, 81823.889100002590567 ], [ -1865847.220400002552196, 81752.373100015800446 ], [ -1865854.143700001295656, 81679.011500002816319 ], [ -1865861.822900000959635, 81606.286600008141249 ], [ -1865870.699099995195866, 81529.095499994233251 ], [ -1865873.817899994086474, 81506.803500004578382 ], [ -1865877.050799999386072, 81481.89409999595955 ], [ -1865887.49179999739863, 81393.181400002911687 ], [ -1865891.8632, 81357.60720000276342 ], [ -1865895.35740000102669, 81319.755300014745444 ], [ -1865898.938499998301268, 81304.63570001302287 ], [ -1865900.847800002200529, 81288.658300003968179 ], [ -1865903.650400002021343, 81269.684600005391985 ], [ -1865907.747000001603737, 81251.894500012975186 ], [ -1865911.090499996673316, 81234.739100005012006 ], [ -1865914.675099996384233, 81218.215900006704032 ], [ -1865919.500099999830127, 81202.314500007312745 ], [ -1865923.625300001120195, 81186.857000005431473 ], [ -1865929.013500002212822, 81171.954200006090105 ], [ -1865932.853699999861419, 81156.243499997071922 ], [ -1865937.630199997453019, 81141.783199996687472 ], [ -1865943.328999997582287, 81125.101599994581193 ], [ -1865950.433400000911206, 81106.539500006474555 ], [ -1865968.321700001368299, 81068.805500007700175 ], [ -1865976.406599997077137, 81053.181000015698373 ], [ -1865983.127799995942041, 81035.18700000597164 ], [ -1865990.012699997751042, 81019.702899994794279 ], [ -1865994.767899999395013, 81005.920100000686944 ], [ -1865999.869199995417148, 80991.57290000654757 ], [ -1866004.080299999564886, 80976.213100015185773 ], [ -1866008.745599999092519, 80959.965200002770871 ], [ -1866012.583199995802715, 80942.564200001768768 ], [ -1866016.494900001212955, 80923.214099994394928 ], [ -1866020.96309999958612, 80902.965899995528162 ], [ -1866028.860899998806417, 80844.302500012796372 ], [ -1866032.860299997264519, 80826.769899999257177 ], [ -1866034.698499999009073, 80810.639300001785159 ], [ -1866036.465399995911866, 80791.102000000420958 ], [ -1866041.4061999975238, 80774.563499997835606 ], [ -1866043.552499995566905, 80757.42410000693053 ], [ -1866047.673599999630824, 80742.464099997654557 ], [ -1866054.663400000426918, 80720.018399995751679 ], [ -1866059.860299996566027, 80695.643600003793836 ], [ -1866066.455899995286018, 80670.749600010924041 ], [ -1866074.756799996364862, 80645.91129999794066 ], [ -1866086.47979999682866, 80621.919900006614625 ], [ -1866096.530800001230091, 80594.065599996130913 ], [ -1866111.196099996333942, 80565.884900005999953 ], [ -1866128.489599998109043, 80534.146400007884949 ], [ -1866138.824200001079589, 80515.57449999731034 ], [ -1866148.828300000634044, 80495.503300006035715 ], [ -1866161.740199999185279, 80475.301199994049966 ], [ -1866175.681599999545142, 80455.197999996133149 ], [ -1866189.616799998562783, 80433.676699995063245 ], [ -1866206.848300000885502, 80410.6161999986507 ], [ -1866225.168699996778741, 80387.847299999091774 ], [ -1866275.424699998693541, 80322.329400013200939 ], [ -1866289.982700003776699, 80301.245300004258752 ], [ -1866302.702799994265661, 80283.059999995864928 ], [ -1866317.904800003161654, 80262.624900002963841 ], [ -1866329.935100002679974, 80241.091199999209493 ], [ -1866341.498399998992682, 80221.303399996366352 ], [ -1866350.003600002266467, 80201.219100003130734 ], [ -1866368.110999998869374, 80165.34410000545904 ], [ -1866384.812400000402704, 80131.463200009893626 ], [ -1866400.055099999532104, 80099.227400008123368 ], [ -1866415.630099999019876, 80067.521099998150021 ], [ -1866430.411999996285886, 80037.164100003428757 ], [ -1866443.488800000632182, 80007.423900002613664 ], [ -1866456.515000001294538, 79977.875600001309067 ], [ -1866469.170700000599027, 79949.989400002639741 ], [ -1866480.791599998949096, 79922.512900005560368 ], [ -1866490.802399996202439, 79895.340899997856468 ], [ -1866501.263799994951114, 79869.228999999817461 ], [ -1866510.6537000015378, 79842.349400012753904 ], [ -1866519.773300000466406, 79816.889200002420694 ], [ -1866527.718299998668954, 79791.360399999655783 ], [ -1866535.535999997518957, 79766.446500002872199 ], [ -1866542.714200001908466, 79741.772999997250736 ], [ -1866554.115299998084083, 79698.63470000308007 ], [ -1866564.13500000233762, 79662.734500008635223 ], [ -1866571.731599998893216, 79629.672900005243719 ], [ -1866578.886799994856119, 79598.934300007298589 ], [ -1866581.9598, 79583.957800012081861 ], [ -1866584.953600000124425, 79569.268100003246218 ], [ -1866589.918200000654906, 79556.983999995980412 ], [ -1866592.339099999051541, 79542.90830001141876 ], [ -1866594.05679999734275, 79527.980099999345839 ], [ -1866595.923699998762459, 79514.406500001437962 ], [ -1866597.95129999704659, 79501.276600004173815 ], [ -1866599.034699995536357, 79488.252800001762807 ], [ -1866601.031000000191852, 79465.940600006841123 ], [ -1866602.51599999750033, 79443.530100013595074 ], [ -1866603.725400001509115, 79420.967299999669194 ], [ -1866603.745299998903647, 79398.324499996844679 ], [ -1866603.68210000381805, 79375.986099998466671 ], [ -1866603.102499997476116, 79353.787900005001575 ], [ -1866601.684100000187755, 79332.317500000819564 ], [ -1866600.31690000067465, 79310.448500010650605 ], [ -1866597.985199998365715, 79293.889300006907433 ], [ -1866595.776099996874109, 79277.586100006010383 ], [ -1866593.384499999228865, 79260.454000014346093 ], [ -1866589.386599997058511, 79243.827599995303899 ], [ -1866585.028100000461563, 79226.463299999013543 ], [ -1866581.702599994372576, 79209.442800003569573 ], [ -1866577.503100002417341, 79193.106699994765222 ], [ -1866573.555099997902289, 79176.160499996505678 ], [ -1866568.733100000536069, 79159.898800003807992 ], [ -1866563.599799998104572, 79143.67419999325648 ], [ -1866558.959499999880791, 79126.824100005440414 ], [ -1866553.203600001055747, 79110.673900004476309 ], [ -1866547.699199996190146, 79093.913699998054653 ], [ -1866541.851500000571832, 79078.493299999274313 ], [ -1866535.161799997789785, 79062.454800012987107 ], [ -1866528.468900000210851, 79045.895600001793355 ], [ -1866538.05629999935627, 79093.75549999717623 ], [ -1866526.687799997162074, 79064.687199995853007 ], [ -1866517.036799997324124, 79034.356699998956174 ], [ -1866507.034200000809506, 79004.604300004895777 ], [ -1866498.199599998537451, 78974.163300001993775 ], [ -1866490.30400000163354, 78944.322399997152388 ], [ -1866482.031199998687953, 78913.860000000800937 ], [ -1866474.421299997484311, 78883.253100005909801 ], [ -1866467.2197, 78852.591000000946224 ], [ -1866459.666499998886138, 78822.506800009869039 ], [ -1866453.398900000844151, 78791.912399995606393 ], [ -1866447.100999995367602, 78761.264099997933954 ], [ -1866441.624299997230992, 78731.037700002081692 ], [ -1866436.0058, 78700.546300012152642 ], [ -1866430.932499997550622, 78669.732200007420033 ], [ -1866426.718799999449402, 78639.356700013391674 ], [ -1866422.46199999935925, 78608.431999998167157 ], [ -1866418.339799997396767, 78578.911800002213567 ], [ -1866414.027699995553121, 78550.880099998787045 ], [ -1866410.826200002338737, 78522.879899999126792 ], [ -1866407.178300002822652, 78495.13570000231266 ], [ -1866403.870100000174716, 78467.937800005078316 ], [ -1866400.900099998805672, 78441.262900005094707 ], [ -1866398.265699997777119, 78415.078400001395494 ], [ -1866396.378699996042997, 78389.835999993607402 ], [ -1866394.410799997160211, 78364.511100008152425 ], [ -1866393.705299997003749, 78339.696500002872199 ], [ -1866393.333399997558445, 78315.290399997029454 ], [ -1866393.383000001311302, 78291.331000004895031 ], [ -1866393.766199998790398, 78267.751600015442818 ], [ -1866394.483299997868016, 78244.54390000924468 ], [ -1866395.534500000765547, 78221.698500003200024 ], [ -1866397.021399999735877, 78199.180599994491786 ], [ -1866399.469799995422363, 78163.859800009988248 ], [ -1866402.803699997952208, 78128.564200002234429 ], [ -1866406.806200000457466, 78093.208999993279576 ], [ -1866411.803499999688938, 78057.903700015507638 ], [ -1866417.728499999037012, 78021.71819999627769 ], [ -1866424.1585, 77986.089600002393126 ], [ -1866431.428699996788055, 77950.384800002910197 ], [ -1866439.6242000029888, 77914.474000002723187 ], [ -1866448.135200002230704, 77878.001699996646494 ], [ -1866457.901900002267212, 77841.779200005810708 ], [ -1866468.436800001421943, 77804.967399998567998 ], [ -1866479.453799998387694, 77769.094900003634393 ], [ -1866491.07619999954477, 77732.878600000869483 ], [ -1866503.403800000436604, 77697.360300003550947 ], [ -1866517.32050000037998, 77661.855800013523549 ], [ -1866531.484899997944012, 77627.033500001300126 ], [ -1866542.514899998670444, 77600.662199995480478 ], [ -1866555.22789999935776, 77573.790699997916818 ], [ -1866568.199900002917275, 77547.14780000410974 ], [ -1866580.00670000188984, 77518.494100005831569 ], [ -1866594.692200002027676, 77490.887299996800721 ], [ -1866610.638400001684204, 77462.359599997289479 ], [ -1866624.474000001559034, 77432.084800007287413 ], [ -1866641.764300001319498, 77402.402999998535961 ], [ -1866660.068999994546175, 77372.9574000001885 ], [ -1866676.510499998694286, 77341.303600009065121 ], [ -1866695.8378, 77309.030700003728271 ], [ -1866714.517399992328137, 77274.346500006038696 ], [ -1866735.145799996564165, 77240.758500000927597 ], [ -1866756.785000000614673, 77201.685100007336587 ], [ -1866782.971299994038418, 77161.91440001456067 ], [ -1866825.795599998207763, 77100.907000004313886 ], [ -1866843.605000000912696, 77074.539700004272163 ], [ -1866862.906199996592477, 77048.474599999375641 ], [ -1866884.277700000675395, 77022.059900004882365 ], [ -1866906.359599999152124, 76992.885899994056672 ], [ -1866927.549199994653463, 76966.053100000601262 ], [ -1866950.196199999423698, 76935.014000006020069 ], [ -1867036.604299995582551, 76823.353600001893938 ], [ -1867060.139960248256102, 76792.90335876122117 ], [ -1867072.568900001700968, 76776.822900014929473 ], [ -1867091.611400002148002, 76750.98230000352487 ], [ -1867108.703499996336177, 76726.970500004477799 ], [ -1867125.618999995291233, 76704.566900004632771 ], [ -1867139.89289999846369, 76681.159399998839945 ], [ -1867160.997499999823049, 76652.449000000022352 ], [ -1867181.709500000113621, 76622.371999996714294 ], [ -1867201.7493, 76590.344500015955418 ], [ -1867223.425099997315556, 76559.235900006256998 ], [ -1867243.238600000273436, 76524.983400012366474 ], [ -1867266.366800000658259, 76492.2899000053294 ], [ -1867288.769400000805035, 76456.649800004437566 ], [ -1867312.992999996757135, 76421.591300002299249 ], [ -1867359.694899995578453, 76350.015600001905113 ], [ -1867412.8503, 76272.726300007663667 ], [ -1867434.404491771943867, 76242.414079150184989 ], [ -1867471.136499997228384, 76190.756899999454618 ], [ -1867566.437499996740371, 76048.74089999916032 ], [ -1867601.493099997518584, 75995.379899999126792 ], [ -1867665.665600003674626, 75897.15350000327453 ], [ -1867691.108899995218962, 75857.804800002835691 ], [ -1867715.940399998798966, 75817.748099999967963 ], [ -1867734.363199997227639, 75779.113700008951128 ], [ -1867758.045800000196323, 75736.402000001166016 ], [ -1867767.973000001395121, 75715.432200014125556 ], [ -1867777.505199996754527, 75694.740500010084361 ], [ -1867785.934500001603737, 75674.226500005461276 ], [ -1867792.483721658121794, 75660.275442592334002 ], [ -1867795.128300000214949, 75654.641999998595566 ], [ -1867804.11530000064522, 75635.599799998570234 ], [ -1867813.96709999977611, 75617.744399999734014 ], [ -1867821.392299995757639, 75603.332700009923428 ], [ -1867829.624199999030679, 75588.361200006213039 ], [ -1867836.0743, 75571.357499997597188 ], [ -1867844.3967, 75554.232400010805577 ], [ -1867859.083099994808435, 75522.440600003581494 ], [ -1867866.402919634710997, 75505.811425967141986 ], [ -1867891.885400001425296, 75447.920299994759262 ], [ -1867907.610100000398234, 75413.019000000320375 ], [ -1867915.099499998148531, 75397.26540000597015 ], [ -1867922.424899999052286, 75382.76220000628382 ], [ -1867929.872399997431785, 75368.619200009386986 ], [ -1867935.961899997200817, 75354.704000005498528 ], [ -1867942.450700002256781, 75342.946099997498095 ], [ -1867949.464700000127777, 75331.392899997066706 ], [ -1867956.87310000276193, 75319.431000007782131 ], [ -1867964.839299998711795, 75307.619900002144277 ], [ -1867972.985100002959371, 75295.087000006344169 ], [ -1867980.758900003042072, 75281.721900012344122 ], [ -1867989.62370000127703, 75269.013900003395975 ], [ -1867999.765799996675923, 75255.883700005710125 ], [ -1868016.202899996424094, 75231.567799996118993 ], [ -1868032.39079999527894, 75202.667700007092208 ], [ -1868051.772900001844391, 75176.735500001814216 ], [ -1868102.711599998408929, 75110.830300000496209 ], [ -1868116.892499995650724, 75091.156200005672872 ], [ -1868131.301199999870732, 75073.970900009386241 ], [ -1868146.692599998554215, 75055.157400011550635 ], [ -1868160.857999995816499, 75037.505200003273785 ], [ -1868172.416600000811741, 75018.854299996979535 ], [ -1868183.8403, 75002.031100011896342 ], [ -1868190.184799996437505, 74991.977800007443875 ], [ -1868196.504200000548735, 74982.146900012157857 ], [ -1868202.487999997567385, 74972.417199996765703 ], [ -1868208.386300003621727, 74963.080300005618483 ], [ -1868213.729299998609349, 74953.502500012051314 ], [ -1868216.999499995959923, 74942.701700003352016 ], [ -1868222.905199999222532, 74933.621500014327466 ], [ -1868227.652100001927465, 74924.331099995411932 ], [ -1868231.7913, 74914.909300000872463 ], [ -1868236.462999996496364, 74906.316300006583333 ], [ -1868240.019599995808676, 74896.92819999717176 ], [ -1868243.288699995493516, 74887.546900003682822 ], [ -1868247.097900000168011, 74878.973900004755706 ], [ -1868249.798200002172962, 74869.588100015651435 ], [ -1868252.216199999209493, 74860.192799997981638 ], [ -1868254.359900003299117, 74850.963900002650917 ], [ -1868257.527900000568479, 74839.780399999581277 ], [ -1868259.705699994927272, 74827.524200001265854 ], [ -1868262.536700000520796, 74814.98050000378862 ], [ -1868264.428799998946488, 74801.045700003392994 ], [ -1868267.372499998891726, 74771.444899996742606 ], [ -1868274.424599999561906, 74722.499200011603534 ], [ -1868275.851400000508875, 74707.570900001097471 ], [ -1868276.727200003806502, 74692.030099996831268 ], [ -1868277.423199995886534, 74676.391900002025068 ], [ -1868277.755999999586493, 74660.339399998541921 ], [ -1868277.542300001019612, 74643.571499994955957 ], [ -1868277.150699999881908, 74626.547200003173202 ], [ -1868276.209399994462729, 74608.638300012797117 ], [ -1868275.081399997929111, 74590.270299999043345 ], [ -1868272.325699996436015, 74558.414000002667308 ], [ -1868268.857900001574308, 74524.087900003418326 ], [ -1868264.43749999627471, 74490.432700003962964 ], [ -1868252.8507999998983, 74406.908799997530878 ], [ -1868250.210799998603761, 74383.989900004584342 ], [ -1868247.838599995244294, 74363.516699995379895 ], [ -1868245.564500001724809, 74341.439000005368143 ], [ -1868243.457999998703599, 74320.401600005105138 ], [ -1868242.346500001847744, 74300.695000007282943 ], [ -1868241.741500002797693, 74282.272699998691678 ], [ -1868241.206699997186661, 74261.684299998916686 ], [ -1868241.221900003263727, 74241.876200006809086 ], [ -1868241.716699997428805, 74222.316500005312264 ], [ -1868242.833700003335252, 74203.758300004526973 ], [ -1868244.508200001902878, 74185.698899997398257 ], [ -1868246.673699998296797, 74167.692900003865361 ], [ -1868249.475899999495596, 74150.528300002217293 ], [ -1868252.779699997510761, 74133.339499996509403 ], [ -1868259.143000000389293, 74105.939999995753169 ], [ -1868266.369100002804771, 74076.908900002483279 ], [ -1868274.871699998388067, 74045.266099995467812 ], [ -1868284.697399998782203, 74010.999299996998161 ], [ -1868290.063968065427616, 73994.002202484756708 ], [ -1868290.337899998063222, 73993.134599999524653 ], [ -1868296.082499998854473, 73975.455200008116663 ], [ -1868302.10379999759607, 73957.744300006888807 ], [ -1868307.779079870786518, 73942.417673623654991 ], [ -1868308.61970000131987, 73940.147499998100102 ], [ -1868315.192099995678291, 73922.380499998107553 ], [ -1868322.068699998781085, 73903.509300007484853 ], [ -1868329.373999999603257, 73885.699100000783801 ], [ -1868336.951499995775521, 73867.869400008581579 ], [ -1868344.78870000061579, 73849.799199999775738 ], [ -1868351.68720000074245, 73830.96520000975579 ], [ -1868358.756800001021475, 73812.235800004564226 ], [ -1868366.42540000169538, 73793.295899995602667 ], [ -1868376.220400003017858, 73775.140499996487051 ], [ -1868385.263099996838719, 73757.004800005815923 ], [ -1868394.699600001098588, 73738.894000011496246 ], [ -1868404.265900000231341, 73720.763800009153783 ], [ -1868412.925200000638142, 73702.015000002924353 ], [ -1868423.919799997238442, 73683.306699997279793 ], [ -1868426.224652614677325, 73679.590599323157221 ], [ -1868434.996500000124797, 73665.447800009511411 ], [ -1868446.326200000476092, 73647.608499997761101 ], [ -1868458.289399996865541, 73629.790799996349961 ], [ -1868469.92329999897629, 73611.620199997909367 ], [ -1868482.767700002528727, 73593.260300000663847 ], [ -1868495.465999993728474, 73575.540999996010214 ], [ -1868498.15888638002798, 73572.069461812730879 ], [ -1868509.003199994564056, 73558.089500009547919 ], [ -1868520.021499998634681, 73539.620000015478581 ], [ -1868532.434700001962483, 73521.000600005500019 ], [ -1868544.546299997251481, 73502.627500015776604 ], [ -1868557.424600002123043, 73484.941800004802644 ], [ -1868559.815837415400892, 73481.467956223059446 ], [ -1868569.980400001863018, 73466.701500008814037 ], [ -1868580.568099999800324, 73446.761800004635006 ], [ -1868593.750200001290068, 73428.783900002483279 ], [ -1868588.460225415416062, 73515.191868831403553 ], [ -1868512.998297034064308, 74747.808746736031026 ], [ -1868483.923056836007163, 75222.732096363324672 ], [ -1868406.267599995713681, 76491.178699995856732 ], [ -1868173.271590093150735, 77507.888609905261546 ], [ -1868172.029999998398125, 77513.30645785247907 ], [ -1868166.327379709808156, 77538.190620293375105 ], [ -1867533.140899999300018, 80301.186299996916205 ], [ -1867439.340677753090858, 80630.479577749967575 ], [ -1867304.150199993746355, 81105.076700000092387 ], [ -1867365.616991606075317, 82366.526853020302951 ], [ -1867397.633904260816053, 83023.592860717792064 ], [ -1867484.265843665460125, 84801.493908563163131 ], [ -1867487.602457721019164, 84869.969457723665982 ], [ -1867512.576495171058923, 85382.49829711066559 ], [ -1867516.426728043472394, 85461.514571143314242 ], [ -1867530.118546397890896, 85742.504450405947864 ], [ -1867533.140899999300018, 85804.530600006692111 ], [ -1867482.912199998507276, 85793.739143247250468 ] ] ] } },
{ "type": "Feature", "properties": { "ID": 925, "YEAR": "2013-2014", "Perimtr_KM": 8.62996471694, "AREA_KM": 2.0541149557199998, "SCALE": 1, "THICKNES_M": 181.046264648, "VOLUME_KM": 0.37188983989000002, "MASS_GT": 0.34102298318000002, "RECURRANCE": "2-3", "UA_KM": 0.04314982358, "UH_M": 15.0268398917, "UC_KM": 0.0284548586, "REGION": "West", "ICESHELF": "Venable" }, "geometry": { "type": "Polygon", "coordinates": [ [ [ -1863995.262500000419095, 101031.9716000049375 ], [ -1863989.418300000485033, 101004.879800002090633 ], [ -1863989.215100002940744, 101004.127600013278425 ], [ -1863990.950799997197464, 101009.334600011818111 ], [ -1864036.881399999838322, 99214.275199994910508 ], [ -1864013.835699997609481, 99463.744000004138798 ], [ -1864000.817099996609613, 99439.340299996547401 ], [ -1863988.188399997772649, 99415.105799993965775 ], [ -1863977.175700000720099, 99391.537499999627471 ], [ -1863970.53990000160411, 99367.910700001753867 ], [ -1863965.003600002033636, 99342.125400006305426 ], [ -1863957.328199998708442, 99315.944999999832362 ], [ -1863946.572299995226786, 99292.986200000159442 ], [ -1863936.209899994544685, 99269.363500006496906 ], [ -1863926.233999998075888, 99246.743199994787574 ], [ -1863916.651700002374128, 99223.45890001161024 ], [ -1863907.455799999646842, 99201.177000003866851 ], [ -1863898.653499997686595, 99178.231200001668185 ], [ -1863890.23759999522008, 99156.287600013427436 ], [ -1863882.215300000272691, 99133.680199994239956 ], [ -1863874.579500003019348, 99112.075200005434453 ], [ -1863867.333699999144301, 99090.639400008600205 ], [ -1863860.481399997835979, 99068.539599998388439 ], [ -1863854.015699999174103, 99047.442199998535216 ], [ -1863847.943399998359382, 99025.680800005793571 ], [ -1863842.2577, 99004.921800002455711 ], [ -1863836.961899996967986, 98984.332099995575845 ], [ -1863832.056199998827651, 98963.911500002723187 ], [ -1863827.543999996734783, 98942.826999994926155 ], [ -1863826.918400000780821, 98921.127399999182671 ], [ -1863833.22729999711737, 98883.557299999054521 ], [ -1863832.245000001043081, 98859.658900007139891 ], [ -1863829.289400001754984, 98840.084400004241616 ], [ -1863826.723699997877702, 98820.679199998266995 ], [ -1863824.548099999083206, 98801.443099999334663 ], [ -1863822.6567, 98780.828000006265938 ], [ -1863821.261100001400337, 98761.930400009267032 ], [ -1863820.255499996244907, 98743.202000010292977 ], [ -1863819.639899998204783, 98724.642800003290176 ], [ -1863819.414300000295043, 98706.252799994312227 ], [ -1863819.57880000048317, 98688.032100002281368 ], [ -1863820.133200002834201, 98669.980500004254282 ], [ -1863821.07769999676384, 98652.098200002685189 ], [ -1863822.412099999375641, 98634.385100006125867 ], [ -1863824.242299996316433, 98618.389499998185784 ], [ -1863826.356799997389317, 98601.014799998607486 ], [ -1863828.861299998592585, 98583.809400002006441 ], [ -1863831.75580000015907, 98566.773099999409169 ], [ -1863835.04030000185594, 98549.906099999789149 ], [ -1863838.714899994665757, 98533.208300012163818 ], [ -1863842.885099999373779, 98518.228000006638467 ], [ -1863847.339699999662116, 98501.868600002489984 ], [ -1863852.184200001880527, 98485.67850001482293 ], [ -1863857.418799995677546, 98469.657499994151294 ], [ -1863866.585999998962507, 98449.417799996212125 ], [ -1863882.83549999864772, 98424.346700011752546 ], [ -1863889.4102, 98409.834500007331371 ], [ -1863896.204799994593486, 98394.490400012116879 ], [ -1863903.389400002779439, 98379.315500001423061 ], [ -1863911.134099998045713, 98365.310800008010119 ], [ -1863919.098699999740347, 98350.474300014786422 ], [ -1863927.62329999729991, 98336.80820000031963 ], [ -1863936.367999997455627, 98322.310100011061877 ], [ -1863945.67270000022836, 98308.982299995608628 ], [ -1863955.197400000644848, 98294.822700007818639 ], [ -1863965.282099996926263, 98281.833399994298816 ], [ -1863975.586899995571002, 98268.012200003489852 ], [ -1863986.451499994378537, 98255.361299999989569 ], [ -1863997.706300002522767, 98242.879500003997236 ], [ -1864009.181100002024323, 98229.566000006627291 ], [ -1864017.815699995029718, 98221.170800005551428 ], [ -1864026.698699998669326, 98211.699000015389174 ], [ -1864036.16549999662675, 98203.157200012356043 ], [ -1864045.871199996909127, 98193.548799997195601 ], [ -1864056.150799998780712, 98184.880700001493096 ], [ -1864066.826699999859557, 98176.15909999422729 ], [ -1864077.721299998695031, 98166.390099993906915 ], [ -1864089.16560000134632, 98157.583900011144578 ], [ -1864100.828699999721721, 98147.730999993626028 ], [ -1864113.020799993770197, 98138.859500004909933 ], [ -1864125.55849999957718, 98129.979400002397597 ], [ -1864138.425499999662861, 98121.10360001353547 ], [ -1864151.438500000629574, 98111.241700005251914 ], [ -1864164.911400001496077, 98102.415500006638467 ], [ -1864192.624999996973202, 98084.942399996332824 ], [ -1864199.357899999478832, 98080.395900001283735 ], [ -1864206.271099995588884, 98075.977900001220405 ], [ -1864213.537699998822063, 98072.687300002668053 ], [ -1864221.831499997060746, 98068.317600005771965 ], [ -1864237.9859, 98060.144099995028228 ], [ -1864254.9442, 98052.437100010924041 ], [ -1864272.731499996036291, 98045.182900003623217 ], [ -1864291.435199994361028, 98038.343599999323487 ], [ -1864311.136400001589209, 98031.888300003949553 ], [ -1864331.961800002027303, 98025.774600013624877 ], [ -1864349.878299998817965, 98021.021200015675277 ], [ -1864368.775499997660518, 98016.419200009666383 ], [ -1864387.857000002870336, 98010.284600001759827 ], [ -1864408.464399998309091, 98004.17400000244379 ], [ -1864599.385721456026658, 98506.818618072662503 ], [ -1864818.547975626541302, 99083.814035342540592 ], [ -1864940.218999998643994, 99404.141199997626245 ], [ -1864714.191765687195584, 99922.75968963932246 ], [ -1864227.066233953926712, 101040.467068140860647 ], [ -1863922.090299997711554, 101740.232999993953854 ], [ -1863928.858699995325878, 101714.877200006507337 ], [ -1863935.206099999835715, 101688.686100003309548 ], [ -1863940.611499999882653, 101662.884800004307181 ], [ -1863947.260400000726804, 101635.178200000431389 ], [ -1863957.375299999723211, 101607.745400006417185 ], [ -1863968.01809999672696, 101581.458900005556643 ], [ -1863973.966099997749552, 101551.254299995489419 ], [ -1863977.996399997966364, 101519.196100002154708 ], [ -1863981.695200001820922, 101485.875300007406622 ], [ -1863985.11499999393709, 101450.851100011728704 ], [ -1863988.293400001246482, 101413.747000015340745 ], [ -1863990.806099996669218, 101374.893699997104704 ], [ -1863995.177499999292195, 101312.525899996981025 ], [ -1863997.525600003311411, 101272.535600004717708 ], [ -1863998.377900001592934, 101253.629499998874962 ], [ -1863998.97899999958463, 101235.823300005402416 ], [ -1863999.337900002254173, 101218.855300007853657 ], [ -1863999.457199996337295, 101202.583599996753037 ], [ -1864001.22100000246428, 101186.353100006468594 ], [ -1864003.982800000812858, 101170.885400003753603 ], [ -1864006.476599998306483, 101155.908999999519438 ], [ -1864008.299999999348074, 101140.974599999375641 ], [ -1864010.545799998566508, 101125.529000009875745 ], [ -1864009.05809999583289, 101111.24850000673905 ], [ -1864007.291400001617149, 101097.307800005655736 ], [ -1864005.242999997222796, 101083.685000009369105 ], [ -1864000.636900000739843, 101057.774499997962266 ], [ -1863995.262500000419095, 101031.9716000049375 ] ] ] } },
{ "type": "Feature", "properties": { "ID": 926, "YEAR": "2013-2014", "Perimtr_KM": 16.591923134999998, "AREA_KM": 5.6308777598199997, "SCALE": 1, "THICKNES_M": 230.17910439600001, "VOLUME_KM": 1.2961103997200001, "MASS_GT": 1.1885332365400001, "RECURRANCE": "2-3", "UA_KM": 0.08295961568, "UH_M": 19.104865570699999, "UC_KM": 0.09917086781, "REGION": "West", "ICESHELF": "Venable" }, "geometry": { "type": "Polygon", "coordinates": [ [ [ -1863447.119900000980124, 109130.699800002388656 ], [ -1863430.836599997710437, 109111.679900004994124 ], [ -1863458.80059999646619, 109168.581200000364333 ], [ -1863446.941699997754768, 109156.935099998489022 ], [ -1863434.798899999819696, 109144.384600005112588 ], [ -1863423.589699996169657, 109132.391399994958192 ], [ -1863412.096699998248369, 109119.493699995800853 ], [ -1863401.537099998677149, 109107.15329999383539 ], [ -1863390.693699997849762, 109093.908400009386241 ], [ -1863380.784000002779067, 109081.220900006126612 ], [ -1863370.590399995213374, 109067.628799995407462 ], [ -1863361.33029999746941, 109054.593899997416884 ], [ -1863351.78649999643676, 109040.654700005892664 ], [ -1863342.567400003084913, 109026.541800013743341 ], [ -1863334.281899997033179, 109012.986300009768456 ], [ -1863325.712599996477365, 108998.52619999833405 ], [ -1863318.076900003943592, 108984.623500002082437 ], [ -1863310.157299998681992, 108969.816200004890561 ], [ -1863302.562600003788248, 108954.835400003008544 ], [ -1863296.560099998023361, 108942.294399997219443 ], [ -1863291.40329999756068, 108929.80920001026243 ], [ -1863285.696699995081872, 108915.677400006912649 ], [ -1863279.93500000028871, 108900.34879999794066 ], [ -1863271.109400002751499, 108874.163299994543195 ], [ -1863246.953899995889515, 108820.572600006125867 ], [ -1863236.171399997081608, 108800.44350000564009 ], [ -1863214.699300000676885, 108751.777600015513599 ], [ -1863197.036899998784065, 108699.658599999733269 ], [ -1863180.768200000515208, 108648.246699998620898 ], [ -1863165.020699996035546, 108596.809799996670336 ], [ -1863148.474600000539795, 108543.998900006059557 ], [ -1863132.305399996927008, 108490.972100014798343 ], [ -1863116.664300000760704, 108437.94249999942258 ], [ -1863098.457999997539446, 108384.451300005894154 ], [ -1863073.967599996365607, 108331.339500013273209 ], [ -1863058.645999999484047, 108277.775899996515363 ], [ -1863044.543300000950694, 108223.989599996712059 ], [ -1863030.827199997846037, 108169.919900014530867 ], [ -1863017.50670000188984, 108115.803400005213916 ], [ -1863004.576899998355657, 108061.41959999455139 ], [ -1862992.046499998308718, 108007.005700006149709 ], [ -1862979.910600000992417, 107952.340999995358288 ], [ -1862960.668600001372397, 107897.852000012528151 ], [ -1862945.776799999875948, 107842.385100003797561 ], [ -1862934.799100001575425, 107787.19269999768585 ], [ -1862924.275800001109019, 107732.176300006452948 ], [ -1862914.159499997040257, 107677.066300007514656 ], [ -1862904.402399996062741, 107621.593300002161413 ], [ -1862895.104600000893697, 107566.32270000455901 ], [ -1862886.169300001580268, 107510.706600013189018 ], [ -1862883.493599995505065, 107456.666100000031292 ], [ -1862879.482599998358637, 107405.134600004646927 ], [ -1862871.839299999410287, 107349.648500004317611 ], [ -1862864.529099997831509, 107294.35059999814257 ], [ -1862857.720899998210371, 107238.810999999754131 ], [ -1862851.331900001736358, 107183.258200001902878 ], [ -1862844.301800002809614, 107126.888900015037507 ], [ -1862838.75429999618791, 107071.337100010365248 ], [ -1862826.225000000791624, 106993.56540001090616 ], [ -1862810.042100000660866, 106832.947800000663847 ], [ -1862802.969799994956702, 106760.171800013165921 ], [ -1862795.091999998083338, 106675.446299998089671 ], [ -1862789.165800002869219, 106599.956200014334172 ], [ -1862780.749699997948483, 106551.981100008357316 ], [ -1862773.795399999478832, 106508.6483 ], [ -1862771.558800000697374, 106470.920300013385713 ], [ -1862769.668599997181445, 106434.267200003378093 ], [ -1862768.116600001463667, 106398.519000015221536 ], [ -1862766.90099999611266, 106363.620599994901568 ], [ -1862766.018800002755597, 106329.488199999090284 ], [ -1862765.468300001462922, 106296.057300004176795 ], [ -1862765.245599997928366, 106260.787000004667789 ], [ -1862765.406000001123175, 106226.206300007645041 ], [ -1862765.949600002029911, 106192.264399998821318 ], [ -1862766.877300002146512, 106158.920199997257441 ], [ -1862770.236599997850135, 106124.770400013308972 ], [ -1862772.835199996363372, 106091.929800014477223 ], [ -1862775.9136999968905, 106060.863800003193319 ], [ -1862778.292399995494634, 106029.67910000635311 ], [ -1862781.1638999953866, 105998.818900007288903 ], [ -1862784.429299996467307, 105968.394900007173419 ], [ -1862788.8023, 105937.367700004950166 ], [ -1862792.8613, 105907.764600011985749 ], [ -1862797.320299997925758, 105878.547700002323836 ], [ -1862802.082799998344854, 105849.805200005881488 ], [ -1862807.347300000954419, 105821.327000005170703 ], [ -1862813.72929999907501, 105792.179999995511025 ], [ -1862819.149700002511963, 105767.908600012771785 ], [ -1862825.38639999856241, 105742.809899998828769 ], [ -1862832.388300001388416, 105716.792000013403594 ], [ -1862841.15340000228025, 105688.303800008259714 ], [ -1862848.182399996789172, 105660.686900003813207 ], [ -1862856.78209999576211, 105629.592099995352328 ], [ -1862868.340899996459484, 105594.891300006769598 ], [ -1862903.915500002214685, 105493.637499996460974 ], [ -1862915.14649999840185, 105461.299700010567904 ], [ -1862924.22100000269711, 105433.137300010304898 ], [ -1862934.884699997259304, 105399.453900001011789 ], [ -1862943.495400000363588, 105368.83560001058504 ], [ -1862950.950300002703443, 105339.647700014524162 ], [ -1862954.9959, 105324.467600009404123 ], [ -1862958.053599994629622, 105310.558500002138317 ], [ -1862963.463799997465685, 105284.498700010590255 ], [ -1862968.63899999926798, 105258.387500004842877 ], [ -1862973.579199999803677, 105232.224800007417798 ], [ -1862965.854899998521432, 105210.194799999240786 ], [ -1862962.782599999336526, 105179.47380000539124 ], [ -1862966.437600002158433, 105152.814000013750046 ], [ -1862970.708199996268377, 105126.113500004634261 ], [ -1862974.473499995423481, 105099.693499996326864 ], [ -1862978.003599997144192, 105073.221900005824864 ], [ -1862981.298900000518188, 105046.698900000657886 ], [ -1862984.359, 105020.124400003813207 ], [ -1862987.184300000779331, 104993.49839999480173 ], [ -1862989.774500002386048, 104966.820900014601648 ], [ -1862992.129700002726167, 104940.092000006232411 ], [ -1862994.249899995047599, 104913.311600006651133 ], [ -1862996.405599996447563, 104886.14810000685975 ], [ -1862996.405699994415045, 105002.87410000199452 ], [ -1862999.512200002325699, 104963.458200014196336 ], [ -1863003.298900001915172, 104924.312600000295788 ], [ -1863007.765599997248501, 104885.437300007324666 ], [ -1863012.912499997764826, 104846.832200003322214 ], [ -1863018.739499998977408, 104808.49730000924319 ], [ -1863023.050900001777336, 104770.411600002087653 ], [ -1863026.174899995559826, 104733.940299995709211 ], [ -1863035.4594, 104696.132300007157028 ], [ -1863044.00669999839738, 104658.878600015770644 ], [ -1863053.234200002392754, 104621.895100000314415 ], [ -1863061.93409999483265, 104584.971999996807426 ], [ -1863072.521799999754876, 104548.529000005219132 ], [ -1863082.581699997419491, 104512.146500003524125 ], [ -1863094.529599996516481, 104476.244099999777973 ], [ -1863105.949899998027831, 104440.402100000996143 ], [ -1863118.499499996425584, 104406.615800006315112 ], [ -1863124.57399999932386, 104391.763700015377253 ], [ -1863130.126299995463341, 104376.587000008206815 ], [ -1863136.827100000111386, 104363.050300003960729 ], [ -1863145.00519999791868, 104347.753200004808605 ], [ -1863152.706399999558926, 104332.03630000166595 ], [ -1863167.2722, 104314.738400015514344 ], [ -1863181.751999999629334, 104299.264499998185784 ], [ -1863197.776900001335889, 104283.769699996802956 ], [ -1863208.14009999926202, 104269.606300006154925 ], [ -1863218.989499998744577, 104254.961300007067621 ], [ -1863229.68589999852702, 104239.85659999679774 ], [ -1863242.461500000208616, 104223.588500006590039 ], [ -1863266.103799998061731, 104193.320900010876358 ], [ -1863326.55730000208132, 104118.107000001240522 ], [ -1863343.897400001296774, 104096.491300009191036 ], [ -1863358.950399996479973, 104077.263600013684481 ], [ -1863375.054499996593222, 104055.83170000417158 ], [ -1863389.658000001683831, 104035.271200006827712 ], [ -1863402.678899995982647, 104015.858799999579787 ], [ -1863414.597800001734868, 103996.742899996694177 ], [ -1863421.156700002495199, 103985.543699997477233 ], [ -1863427.133399996440858, 103974.814400002826005 ], [ -1863432.88930000201799, 103963.879700001794845 ], [ -1863438.2588000013493, 103953.049100002273917 ], [ -1863443.250999996904284, 103942.303900002501905 ], [ -1863447.6959, 103931.961099998559803 ], [ -1863451.947899996768683, 103921.354500009678304 ], [ -1863455.836599993752316, 103910.800900002010167 ], [ -1863459.369799999753013, 103900.27680000429973 ], [ -1863462.54499999829568, 103889.787999999709427 ], [ -1863468.462600000668317, 103878.082599996589124 ], [ -1863480.047899998724461, 103864.23650000942871 ], [ -1863491.455699999816716, 103850.077000006102026 ], [ -1863500.456599998986349, 103838.892800010275096 ], [ -1863507.558100000955164, 103828.333700007293373 ], [ -1863509.758199997711927, 103817.887499994132668 ], [ -1863511.232799998717383, 103800.976099999155849 ], [ -1863512.121999997412786, 103784.224900011438876 ], [ -1863512.657399997347966, 103767.460599994752556 ], [ -1863512.836199995130301, 103750.769200011156499 ], [ -1863512.6576, 103734.242000000085682 ], [ -1863512.122800001408905, 103717.943800004664809 ], [ -1863511.234000001102686, 103701.944200004916638 ], [ -1863509.758199997711927, 103686.570300012361258 ], [ -1863508.215799994301051, 103673.158099996857345 ], [ -1863506.030499998247251, 103659.607599998824298 ], [ -1863503.197999996365979, 103645.892100010532886 ], [ -1863499.711199999088421, 103631.977000004611909 ], [ -1863495.565499999094754, 103617.839499996509403 ], [ -1863490.741900000721216, 103603.411100010853261 ], [ -1863484.983499998925254, 103588.897300011944026 ], [ -1863478.729699995135888, 103573.674700013361871 ], [ -1863472.791699998546392, 103560.276200000662357 ], [ -1863466.240999998524785, 103546.366300003603101 ], [ -1863458.777600001776591, 103532.075099996756762 ], [ -1863450.745000001741573, 103516.608800012618303 ], [ -1863434.35219999961555, 103487.244900002144277 ], [ -1863402.95379999699071, 103432.409800011198968 ], [ -1863398.521000002743676, 103410.400199997238815 ], [ -1863402.136999994050711, 103384.694300002418458 ], [ -1863396.399199995910749, 103362.982800013851374 ], [ -1863390.685300001176074, 103351.019500012975186 ], [ -1863385.429200001992285, 103339.457399998325855 ], [ -1863380.554099998436868, 103328.212500003632158 ], [ -1863376.12089999881573, 103317.246000005397946 ], [ -1863372.065499999560416, 103306.494100007694215 ], [ -1863368.381699999095872, 103295.938599998597056 ], [ -1863365.059499999741092, 103285.551300014834851 ], [ -1863362.050599998328835, 103275.303999999538064 ], [ -1863354.433799996739253, 103246.610899997875094 ], [ -1863347.246699999319389, 103217.611799997277558 ], [ -1863340.50349999871105, 103188.363499996252358 ], [ -1863334.174999998649582, 103158.913900005631149 ], [ -1863328.356499999063089, 103129.332700002938509 ], [ -1863323.015500003471971, 103099.660300004296005 ], [ -1863318.160700002685189, 103069.945500003173947 ], [ -1863313.75820000236854, 103040.227800007443875 ], [ -1863309.90140000032261, 103010.596900002565235 ], [ -1863306.549199994187802, 102981.054799995850772 ], [ -1863312.401000000536442, 102952.250000006519258 ], [ -1863319.713799996068701, 102918.588900006376207 ], [ -1863317.898700000718236, 102889.544099996332079 ], [ -1863316.6007999998983, 102860.731699993833899 ], [ -1863315.821600003400818, 102832.182600000407547 ], [ -1863315.561799996998161, 102803.924899993930012 ], [ -1863315.818300003418699, 102776.164600002579391 ], [ -1863316.587499995483086, 102748.742499999236315 ], [ -1863317.868799998657778, 102721.681500013452023 ], [ -1863319.6612, 102695.002399998251349 ], [ -1863321.963300000643358, 102668.726800004020333 ], [ -1863324.77350000012666, 102642.870700006373227 ], [ -1863328.089899996761233, 102617.45130000449717 ], [ -1863332.222599999746308, 102593.131000003777444 ], [ -1863336.543200002983212, 102568.641800011973828 ], [ -1863341.362999998033047, 102544.631900007836521 ], [ -1863346.679499995661899, 102521.114000014495105 ], [ -1863351.410700002685189, 102498.167000002693385 ], [ -1863361.198399998014793, 102478.595800000242889 ], [ -1863368.518299996620044, 102456.980999995954335 ], [ -1863375.794599997112527, 102435.537399996537715 ], [ -1863383.333700003335252, 102415.033600013237447 ], [ -1863387.254299995256588, 102405.347500002942979 ], [ -1863391.496199996443465, 102395.680799993686378 ], [ -1863396.061400000238791, 102386.028800000902265 ], [ -1863400.732299999799579, 102376.784699999727309 ], [ -1863405.951799998991191, 102367.146399996243417 ], [ -1863411.503699996275827, 102357.505100007168949 ], [ -1863417.39169999724254, 102347.854199998546392 ], [ -1863423.400299999630079, 102338.584600006230175 ], [ -1863429.965100001078099, 102328.905300005339086 ], [ -1863436.88170000212267, 102319.190700005274266 ], [ -1863444.157299996586516, 102309.430400002282113 ], [ -1863451.580800000345334, 102300.011000005528331 ], [ -1863459.600399996619672, 102290.124999997671694 ], [ -1863467.79100000159815, 102280.550300008617342 ], [ -1863476.608499996131286, 102270.471700015943497 ], [ -1863485.852199998917058, 102260.265399998053908 ], [ -1863501.226099998457357, 102244.149399998597801 ], [ -1863517.864399995887652, 102227.505900006275624 ], [ -1863535.945099999196827, 102210.154299999121577 ], [ -1863555.831200000597164, 102191.74230000237003 ], [ -1863573.694699995918199, 102175.484400005545467 ], [ -1863593.663300002459437, 102157.87529999949038 ], [ -1863660.37889999547042, 102101.198200003243983 ], [ -1863684.740999997826293, 102080.96999999973923 ], [ -1863709.593000000109896, 102059.157800000626594 ], [ -1863733.116299997549504, 102038.467000005301088 ], [ -1863755.115900000324473, 102018.304000003263354 ], [ -1863773.809900001389906, 102000.058500005863607 ], [ -1863790.951299998909235, 101982.416600002907217 ], [ -1863807.223800000268966, 101963.952399994712323 ], [ -1863821.177999994950369, 101947.688900004606694 ], [ -1863834.008899998385459, 101931.625399996526539 ], [ -1863846.299599998863414, 101914.432300011627376 ], [ -1863851.525999998440966, 101907.128199999686331 ], [ -1863857.0276, 101898.578100004699081 ], [ -1863862.282300000544637, 101890.029799999669194 ], [ -1863867.288599997758865, 101881.485400002449751 ], [ -1863872.049199996748939, 101872.94040001090616 ], [ -1863876.036699995631352, 101865.650700001046062 ], [ -1863880.312499998137355, 101857.092100004665554 ], [ -1863884.348499996587634, 101848.52169999293983 ], [ -1863888.146200000541285, 101839.935999997425824 ], [ -1863891.706999994581565, 101831.332100003492087 ], [ -1863899.705099999206141, 101810.322100009769201 ], [ -1863907.784000003011897, 101787.30730000231415 ], [ -1863915.420000002952293, 101763.531199996825308 ], [ -1863987.717099995119497, 103214.148799998685718 ], [ -1863900.46985423238948, 105365.473658865317702 ], [ -1863845.116067944327369, 106730.376074144151062 ], [ -1863779.194759003585204, 108355.850315858144313 ], [ -1863754.858322818763554, 108955.933214608579874 ], [ -1863730.392199996858835, 109559.21390000032261 ], [ -1863719.861199998995289, 109530.7952999942936 ], [ -1863713.9253, 109515.749900005757809 ], [ -1863707.997099998639897, 109501.304299994371831 ], [ -1863702.191499998094514, 109487.819400002714247 ], [ -1863696.516899995040148, 109474.896600011270493 ], [ -1863690.447200001915917, 109461.860199996735901 ], [ -1863684.44220000016503, 109449.655100005678833 ], [ -1863678.518599999137223, 109437.906299999915063 ], [ -1863672.164699999382719, 109425.972400004509836 ], [ -1863660.021600001025945, 109404.2119 ], [ -1863647.748599995858967, 109382.705400006379932 ], [ -1863634.991700002923608, 109361.27100000763312 ], [ -1863622.104899996425956, 109340.090800001751631 ], [ -1863608.734399998327717, 109318.98260000674054 ], [ -1863594.910799995763227, 109297.600600001402199 ], [ -1863580.926499996101484, 109276.818800013046712 ], [ -1863562.696799999568611, 109258.744199999608099 ], [ -1863541.34059999929741, 109243.246600001584738 ], [ -1863524.737399998586625, 109228.259900005534291 ], [ -1863509.794199996395037, 109209.14210000121966 ], [ -1863494.738099997164682, 109189.469600000418723 ], [ -1863478.766499997582287, 109169.229300001636147 ], [ -1863463.096599997254089, 109149.883000004570931 ], [ -1863447.119900000980124, 109130.699800002388656 ] ] ] } },
{ "type": "Feature", "properties": { "ID": 927, "YEAR": "2013-2014", "Perimtr_KM": 17.2984399865, "AREA_KM": 8.3130213810099995, "SCALE": 1, "THICKNES_M": 243.15843455000001, "VOLUME_KM": 2.0213812653900001, "MASS_GT": 1.8536066203599999, "RECURRANCE": "3-4", "UA_KM": 0.08649219993, "UH_M": 20.182149968099999, "UC_KM": 0.15466439765000001, "REGION": "West", "ICESHELF": "Venable" }, "geometry": { "type": "Polygon", "coordinates": [ [ [ -1850873.860582485795021, 127168.608937803190202 ], [ -1850870.499699998879805, 127143.925099997781217 ], [ -1850865.694599999813363, 127112.081099992617965 ], [ -1850860.382100001210347, 127079.748500008136034 ], [ -1850854.021499997004867, 127047.097200001589954 ], [ -1850847.263799996348098, 127014.970899998210371 ], [ -1850839.635699996491894, 126982.331600002478808 ], [ -1850831.795899997698143, 126950.047900008969009 ], [ -1850822.818099997937679, 126918.09360000770539 ], [ -1850814.190566852455959, 126887.636517629493028 ], [ -1850813.827099998481572, 126886.353400003630668 ], [ -1850807.972900000866503, 126867.888300000224262 ], [ -1850802.211399995023385, 126848.991899998858571 ], [ -1850796.017999996431172, 126830.9844999932684 ], [ -1850789.917399994563311, 126812.54570000525564 ], [ -1850783.551300001796335, 126794.15150000853464 ], [ -1850776.919699997641146, 126775.801700013689697 ], [ -1850769.763999998569489, 126757.144200007431209 ], [ -1850762.342999997548759, 126738.5311000039801 ], [ -1850754.656300002941862, 126719.962699995841831 ], [ -1850746.44570000236854, 126701.086400001309812 ], [ -1850738.227999998489395, 126682.606800004839897 ], [ -1850729.744799997191876, 126664.171799999661744 ], [ -1850720.737799994414672, 126645.429099996574223 ], [ -1850711.723599997581914, 126627.083100005052984 ], [ -1850702.386999999871477, 126608.779599993955344 ], [ -1850692.526299993973225, 126590.168300000485033 ], [ -1850737.4466, 126635.353800003416836 ], [ -1850733.550299996510148, 126616.870700004510581 ], [ -1850730.363100000657141, 126598.921700011473149 ], [ -1850727.626400001579896, 126581.154599993024021 ], [ -1850725.340299997245893, 126563.569299999158829 ], [ -1850723.246399999596179, 126545.813700008671731 ], [ -1851558.674008195055649, 125653.921095345169306 ], [ -1854698.193965202197433, 122302.206830237992108 ], [ -1855038.678199994843453, 121938.70990000013262 ], [ -1855065.788699999684468, 121943.223499993793666 ], [ -1855135.813569456106052, 121955.78189624613151 ], [ -1855141.280799996573478, 121956.762400000356138 ], [ -1855164.300299995113164, 121960.684900007210672 ], [ -1855184.950300002703443, 121963.920000007841736 ], [ -1855209.045499995118007, 121967.487000003457069 ], [ -1855231.271899998420849, 121970.849700003862381 ], [ -1855252.288499999092892, 121973.547600007615983 ], [ -1855272.693200000328943, 121976.062800006009638 ], [ -1855284.109200001927093, 121976.719500006176531 ], [ -1855295.634399995440617, 121977.608799996320158 ], [ -1855306.506099997321144, 121977.811000007670373 ], [ -1855317.52529999637045, 121978.246900006197393 ], [ -1855328.318100000265986, 121978.456200013868511 ], [ -1855338.5012, 121977.978200006298721 ], [ -1855348.870200000703335, 121977.732800002209842 ], [ -1855358.649899997981265, 121976.79910000320524 ], [ -1855368.257199994754046, 121975.662200006656349 ], [ -1855368.441623087273911, 121975.634895828552544 ], [ -1855377.678899998078123, 121974.267299993894994 ], [ -1855386.928699997486547, 121972.668400006368756 ], [ -1855396.00509999669157, 121970.809599994681776 ], [ -1855404.921199997654185, 121968.744499994441867 ], [ -1855413.08410000288859, 121965.914100003894418 ], [ -1855421.684399996185675, 121963.37869999371469 ], [ -1855430.128800002392381, 121960.578899997286499 ], [ -1855437.819699998712167, 121957.817000008188188 ], [ -1855445.629000001121312, 121954.76770000346005 ], [ -1855461.082799997879192, 121947.391099997796118 ], [ -1855477.797799997963011, 121939.401200014632195 ], [ -1855494.834899997804314, 121929.67660000314936 ], [ -1855512.310699999798089, 121919.861900006886572 ], [ -1855530.96419999981299, 121907.942699993960559 ], [ -1855550.049199994187802, 121895.31110000051558 ], [ -1855587.712399998214096, 121870.765000005718321 ], [ -1855604.948699996573851, 121858.951800002716482 ], [ -1855622.595500000519678, 121847.402600008063018 ], [ -1855639.473799998406321, 121835.110799996182323 ], [ -1855656.268800000660121, 121822.632499996107072 ], [ -1855673.47789999563247, 121810.445499998517334 ], [ -1855690.45740000042133, 121797.523800004739314 ], [ -1855707.2578, 121784.362699998542666 ], [ -1855723.879099994665012, 121770.96240000333637 ], [ -1855740.368299994152039, 121757.790699997916818 ], [ -1855756.531899997731671, 121743.831500004511327 ], [ -1855772.615999995497987, 121729.71310000307858 ], [ -1855788.521099999779835, 121715.355399994179606 ], [ -1855804.246899996418506, 121700.758499995805323 ], [ -1855819.840999996289611, 121686.390200001653284 ], [ -1855835.208799999207258, 121671.314600003417581 ], [ -1855850.397499996935949, 121655.999800002202392 ], [ -1855865.307599995052442, 121640.365200008265674 ], [ -1855880.138299999060109, 121624.571700000204146 ], [ -1855894.78989999787882, 121608.538899998180568 ], [ -1855908.629199996124953, 121591.970099995378405 ], [ -1855922.28950000111945, 121575.16189999319613 ], [ -1855935.987699999241158, 121558.18259999807924 ], [ -1855949.289999996777624, 121540.895900005474687 ], [ -1855962.413, 121523.369899998884648 ], [ -1855975.574000001419336, 121505.672600002493709 ], [ -1855988.33909999509342, 121487.66790000256151 ], [ -1856000.924899994861335, 121469.423900001682341 ], [ -1856013.548799997428432, 121451.008600004948676 ], [ -1856025.776599996490404, 121432.28600000217557 ], [ -1856034.211500001372769, 121418.554099998436868 ], [ -1856005.708600000245497, 121465.581100003328174 ], [ -1856035.795899995369837, 121431.979800007306039 ], [ -1856123.255342617398128, 122173.05446852510795 ], [ -1856202.762564349453896, 122846.747167935594916 ], [ -1856208.951499998103827, 122899.188200007192791 ], [ -1854870.64876836608164, 124057.747781573794782 ], [ -1851298.188557590125129, 127150.402312670368701 ], [ -1851284.296716356184334, 127162.428385240025818 ], [ -1851276.551338150631636, 127169.133506522979587 ], [ -1850865.653700000373647, 127524.844799998216331 ], [ -1850870.243899998255074, 127499.274399996735156 ], [ -1850874.74559999932535, 127473.754599998705089 ], [ -1850878.010899995919317, 127447.014499997254461 ], [ -1850880.610299998195842, 127419.717899995855987 ], [ -1850882.451699994970113, 127391.293800014536828 ], [ -1850883.458799996413291, 127362.428499994799495 ], [ -1850883.693399999057874, 127332.475799997802824 ], [ -1850883.245600001187995, 127302.056700005661696 ], [ -1850882.287200001766905, 127270.865600004326552 ], [ -1850880.647199998609722, 127239.270000002812594 ], [ -1850878.174100002506748, 127207.643999996129423 ], [ -1850874.870999996783212, 127176.029900002293289 ], [ -1850873.860582485795021, 127168.608937803190202 ] ] ] } },
{ "type": "Feature", "properties": { "ID": 928, "YEAR": "2013-2014", "Perimtr_KM": 13.8764066062, "AREA_KM": 7.9905471856499997, "SCALE": 1, "THICKNES_M": 302.69852066, "VOLUME_KM": 2.4187268123600001, "MASS_GT": 2.2179724869299999, "RECURRANCE": "1-2", "UA_KM": 0.06938203303, "UH_M": 25.123977090899999, "UC_KM": 0.18506697965, "REGION": "East", "ICESHELF": "West" }, "geometry": { "type": "Polygon", "coordinates": [ [ [ 2463950.404488348402083, 357801.988893470726907 ], [ 2464543.578627086244524, 357455.399124852847308 ], [ 2464828.447901891544461, 357288.950910760089755 ], [ 2465514.045000008307397, 356888.358700003474951 ], [ 2467006.575258927419782, 357160.527194957248867 ], [ 2467758.104100001044571, 357297.571299998555332 ], [ 2468017.227099998854101, 356679.181700003799051 ], [ 2468177.696300002746284, 356252.611299993470311 ], [ 2468150.944884846918285, 356205.638217318337411 ], [ 2468140.383592351339757, 356187.093536113388836 ], [ 2467831.557300008833408, 355644.822299995459616 ], [ 2467789.19340000115335, 355414.668500003404915 ], [ 2467887.30220000166446, 354974.236000003293157 ], [ 2467498.337799998931587, 355358.792900006752461 ], [ 2466377.109000003896654, 355396.080899997614324 ], [ 2465732.215300007723272, 355416.356099997181445 ], [ 2465549.2068000016734, 354950.430500005371869 ], [ 2464925.103799995034933, 355014.976599996443838 ], [ 2464361.945899997837842, 355417.296500007621944 ], [ 2464068.967099997214973, 355447.758600003551692 ], [ 2463888.666700001806021, 356389.005000013392419 ], [ 2463675.432000009343028, 357285.034899999853224 ], [ 2463693.23690000269562, 357952.251099995337427 ], [ 2463950.404488348402083, 357801.988893470726907 ] ] ] } },
{ "type": "Feature", "properties": { "ID": 929, "YEAR": "2013-2014", "Perimtr_KM": 22.601396401300001, "AREA_KM": 10.1601785988, "SCALE": 2, "THICKNES_M": 320.69224589599997, "VOLUME_KM": 3.2582904935500001, "MASS_GT": 2.9878523825899999, "RECURRANCE": "3-4", "UA_KM": 0.11300698201000001, "UH_M": 26.617456278100001, "UC_KM": 0.24930553438, "REGION": "East", "ICESHELF": "West" }, "geometry": { "type": "Polygon", "coordinates": [ [ [ 2425522.153220071457326, 370973.209061305969954 ], [ 2425635.181203093379736, 370877.294583931099623 ], [ 2425986.693599510006607, 370579.004488928243518 ], [ 2426186.019281976856291, 370409.858600003644824 ], [ 2426650.396599998697639, 370015.792400001548231 ], [ 2425741.164666761644185, 369941.425527357496321 ], [ 2425632.775959677062929, 369932.560320490039885 ], [ 2425445.56408169772476, 369917.2480977489613 ], [ 2424920.882653419859707, 369874.333946224302053 ], [ 2424621.830337205901742, 369849.874196516349912 ], [ 2424560.473900003358722, 369844.855800013523549 ], [ 2424327.456732591614127, 369760.222975657787174 ], [ 2422690.702068350277841, 369165.746733638457954 ], [ 2422666.086899998597801, 369156.806400001980364 ], [ 2422641.622069409117103, 369122.392732319887727 ], [ 2422608.23101769387722, 369075.422917713411152 ], [ 2422412.20346143655479, 368799.679043147712946 ], [ 2422131.956827688030899, 368405.467667474877089 ], [ 2422008.647468149662018, 368232.013479612767696 ], [ 2421529.628437115810812, 367558.197174759581685 ], [ 2421355.383370573632419, 367313.093829657882452 ], [ 2421301.041099998168647, 367236.65280000353232 ], [ 2421194.969384273514152, 367221.428694627713412 ], [ 2420731.042397497221828, 367154.842863650526851 ], [ 2419992.323895653709769, 367048.817159813363105 ], [ 2419538.939101243391633, 366983.744413138367236 ], [ 2419532.78683705534786, 366982.861400005407631 ], [ 2418941.775287300348282, 366898.03556258417666 ], [ 2417967.672029558569193, 366758.225901322904974 ], [ 2417370.467769973911345, 366672.511245745699853 ], [ 2417226.331028400920331, 366651.823799259029329 ], [ 2417207.749800004996359, 366649.156900010071695 ], [ 2417264.892545337788761, 366688.281943509820849 ], [ 2417361.8358248854056, 366754.657998910639435 ], [ 2417364.593971441499889, 366756.546473174355924 ], [ 2418279.312165615148842, 367382.844508588314056 ], [ 2418555.785780945792794, 367572.143117958679795 ], [ 2419201.285699997097254, 368014.110199994407594 ], [ 2419829.963552604429424, 368014.110199994407594 ], [ 2419969.123353349976242, 368014.110199994407594 ], [ 2420312.538000001572073, 368014.110199994407594 ], [ 2420361.487175255082548, 368058.44152843952179 ], [ 2420493.649351596832275, 368178.135574700310826 ], [ 2424519.421399996615946, 371824.117799995932728 ], [ 2425522.153220071457326, 370973.209061305969954 ] ] ] } },
{ "type": "Feature", "properties": { "ID": 930, "YEAR": "2013-2014", "Perimtr_KM": 21.3937383797, "AREA_KM": 10.340978725099999, "SCALE": 2, "THICKNES_M": 115.68310048, "VOLUME_KM": 1.1962764809199999, "MASS_GT": 1.096985533, "RECURRANCE": "3-4", "UA_KM": 0.1069686919, "UH_M": 9.6016972924899999, "UC_KM": 0.09153215403, "REGION": "Peninsula", "ICESHELF": "Stange" }, "geometry": { "type": "Polygon", "coordinates": [ [ [ -1784718.873731976607814, 365610.270518502686173 ], [ -1784736.570900002727285, 358717.572200010996312 ], [ -1782536.775599997723475, 357178.937400004826486 ], [ -1783248.126766251632944, 357371.696214179508388 ], [ -1785988.394399997312576, 358114.241900003515184 ], [ -1786147.144799998495728, 363988.003700006287545 ], [ -1785495.139211936388165, 364780.984606583137065 ], [ -1784796.70715579087846, 365630.430217490997165 ], [ -1784718.577999997418374, 365725.452300007920712 ], [ -1784718.873731976607814, 365610.270518502686173 ] ] ] } },
{ "type": "Feature", "properties": { "ID": 931, "YEAR": "2013-2014", "Perimtr_KM": 20.7025143338, "AREA_KM": 17.170708709900001, "SCALE": 2, "THICKNES_M": 229.91483215299999, "VOLUME_KM": 3.9478006109799999, "MASS_GT": 3.62013316027, "RECURRANCE": "3-4", "UA_KM": 0.10351257167, "UH_M": 19.0829309746, "UC_KM": 0.30206285869, "REGION": "Peninsula", "ICESHELF": "Stange" }, "geometry": { "type": "Polygon", "coordinates": [ [ [ -1778933.522199996281415, 364716.277100011240691 ], [ -1778888.875899996375665, 364056.395400005858392 ], [ -1779657.501265313010663, 364276.45456772390753 ], [ -1779899.300606352742761, 364345.682261921931058 ], [ -1780357.162253209156916, 364476.769079358316958 ], [ -1780495.336386511335149, 364516.328643932472914 ], [ -1780674.246346701169387, 364567.550967199262232 ], [ -1780748.098257637582719, 364588.694935102015734 ], [ -1780771.113037849310786, 364595.284118348732591 ], [ -1781211.909879617625847, 364721.485243775416166 ], [ -1781378.221132488921285, 364769.100528852082789 ], [ -1781492.214199999114498, 364801.737000001594424 ], [ -1781638.343876551138237, 365338.669871484860778 ], [ -1781667.901496142614633, 365447.2751728692092 ], [ -1782019.63649999955669, 366739.675800005439669 ], [ -1782160.624740247614682, 366971.891744480468333 ], [ -1782919.221600000513718, 368221.345499999355525 ], [ -1783607.139700000407174, 368856.34669999871403 ], [ -1783871.723499997518957, 370761.350600010715425 ], [ -1783651.113400001777336, 372123.436800006311387 ], [ -1782765.150199995143339, 371282.289000006858259 ], [ -1782021.419000000925735, 370606.41279999865219 ], [ -1780778.187399996211752, 369133.757900009863079 ], [ -1780496.447100000455976, 368875.393300002906471 ], [ -1780439.383599997963756, 368552.318700006231666 ], [ -1780355.98169999779202, 368145.069000004325062 ], [ -1780216.420899995835498, 367417.938500001095235 ], [ -1779877.684299998683855, 366929.208799995016307 ], [ -1779330.891699999803677, 366384.081500000786036 ], [ -1778851.977699996205047, 366075.113300000783056 ], [ -1778931.500599996652454, 365580.275499997660518 ], [ -1778820.289899999275804, 365061.946500001475215 ], [ -1778933.522199996281415, 364716.277100011240691 ] ] ] } },
{ "type": "Feature", "properties": { "ID": 932, "YEAR": "2013-2014", "Perimtr_KM": 16.300614959000001, "AREA_KM": 6.6091729752599999, "SCALE": 1, "THICKNES_M": 86.679759285700001, "VOLUME_KM": 0.57288152257000002, "MASS_GT": 0.5253323562, "RECURRANCE": "2-3", "UA_KM": 0.0815030748, "UH_M": 7.1944199852399997, "UC_KM": 0.04383357911, "REGION": "Peninsula", "ICESHELF": "Stange" }, "geometry": { "type": "Polygon", "coordinates": [ [ [ -1852902.871354399016127, 423445.414416485931724 ], [ -1853241.885752588976175, 421706.252211769111454 ], [ -1853265.461899999296293, 421585.305300006177276 ], [ -1853838.40266013937071, 420548.540591644123197 ], [ -1854148.61782364686951, 419987.190874710679054 ], [ -1854177.020900000352412, 419935.794099995866418 ], [ -1854222.751458858605474, 419900.003713986836374 ], [ -1854611.944901264505461, 419595.406877983827144 ], [ -1854669.636835360666737, 419550.255087965168059 ], [ -1856421.722464804537594, 418179.009632680099458 ], [ -1856504.424800001783296, 418114.283800003584474 ], [ -1856438.960306560155004, 418268.235228171572089 ], [ -1856284.945799999637529, 418630.427799997385591 ], [ -1854780.198699998203665, 420238.532800014130771 ], [ -1854583.692899827612564, 422294.143398898188025 ], [ -1854542.124699999811128, 422728.980600000824779 ], [ -1854483.404131210409105, 422867.072459626477212 ], [ -1854251.030999999493361, 423413.539199995808303 ], [ -1853530.357299995142967, 424496.135800002608448 ], [ -1853412.375544163864106, 424539.97592786885798 ], [ -1852955.829000001074746, 424709.621300003957003 ], [ -1852928.420243130065501, 424713.483743100427091 ], [ -1852816.319010862149298, 424729.281053172424436 ], [ -1852647.983499998226762, 424753.002900004852563 ], [ -1852902.871354399016127, 423445.414416485931724 ] ] ] } },
{ "type": "Feature", "properties": { "ID": 933, "YEAR": "2013-2014", "Perimtr_KM": 6.4621018651900002, "AREA_KM": 1.4347903452899999, "SCALE": 1, "THICKNES_M": 16.7241172791, "VOLUME_KM": 0.02399560201, "MASS_GT": 0.02200396704, "RECURRANCE": "1-2", "UA_KM": 0.03231050933, "UH_M": 1.38810172732, "UC_KM": 0.00183600461, "REGION": "Peninsula", "ICESHELF": "Stange" }, "geometry": { "type": "Polygon", "coordinates": [ [ [ -1836032.790925799170509, 451032.585680440999568 ], [ -1835449.165007189149037, 451030.468832617625594 ], [ -1834695.322899998165667, 451027.734600003343076 ], [ -1835330.738099999027327, 450891.959800015203655 ], [ -1836088.018761944724247, 450384.190269449725747 ], [ -1836313.086101736640558, 450233.27880000974983 ], [ -1836499.803077853517607, 450108.081900004297495 ], [ -1836713.133400002261624, 449965.040300003718585 ], [ -1837517.538300001062453, 450163.295799995306879 ], [ -1837476.053966007195413, 450233.27880000974983 ], [ -1837451.57097745873034, 450274.580969367641956 ], [ -1837406.234383831731975, 450351.062631891109049 ], [ -1837382.303336241282523, 450391.433691101614386 ], [ -1837333.153743130154908, 450474.34778527636081 ], [ -1837000.163099996978417, 451036.094400006812066 ], [ -1836032.790925799170509, 451032.585680440999568 ] ] ] } },
{ "type": "Feature", "properties": { "ID": 934, "YEAR": "2013-2014", "Perimtr_KM": 11.537713178900001, "AREA_KM": 3.1276636531599999, "SCALE": 1, "THICKNES_M": 157.52536843, "VOLUME_KM": 0.49268636928999998, "MASS_GT": 0.45179340064000001, "RECURRANCE": "1-2", "UA_KM": 0.05768856589, "UH_M": 13.0746055152, "UC_KM": 0.03769751003, "REGION": "Peninsula", "ICESHELF": "Stange" }, "geometry": { "type": "Polygon", "coordinates": [ [ [ -1820690.596199524123222, 457662.351654716301709 ], [ -1821052.037999998312443, 456783.792700001969934 ], [ -1821709.160599997267127, 456446.091200000140816 ], [ -1822176.891199995530769, 456030.299699995201081 ], [ -1822358.760899997316301, 455440.955699993297458 ], [ -1822594.770799995400012, 455219.10339999711141 ], [ -1822983.433599997079, 454771.552900008391589 ], [ -1823310.717099995817989, 454434.523300006054342 ], [ -1823896.028499996988103, 454365.472499994561076 ], [ -1824223.512643257156014, 454187.5774444071576 ], [ -1824224.010499997762963, 454187.307000007946044 ], [ -1824586.381100000580773, 453931.407999995164573 ], [ -1822077.633299998240545, 457121.523300002329051 ], [ -1821962.335976183181629, 457176.092727189417928 ], [ -1821011.157633494352922, 457626.278868493624032 ], [ -1820631.514799996744841, 457805.961199997924268 ], [ -1820690.596199524123222, 457662.351654716301709 ] ] ] } },
{ "type": "Feature", "properties": { "ID": 935, "YEAR": "2013-2014", "Perimtr_KM": 9.5536293707599995, "AREA_KM": 4.43609827515, "SCALE": 1, "THICKNES_M": 120.038635254, "VOLUME_KM": 0.5325031828, "MASS_GT": 0.48830541863, "RECURRANCE": "2-3", "UA_KM": 0.04776814685, "UH_M": 9.9632066769499996, "UC_KM": 0.0407440622, "REGION": "Peninsula", "ICESHELF": "George_VI" }, "geometry": { "type": "Polygon", "coordinates": [ [ [ -1757027.818154446780682, 552494.968690299428999 ], [ -1756722.683571151923388, 552354.122441774699837 ], [ -1756439.161748746875674, 552223.252369199413806 ], [ -1756212.187199996318668, 552118.483800007030368 ], [ -1756400.661922700237483, 551927.884270739275962 ], [ -1756694.935772066237405, 551630.292867706622928 ], [ -1756877.622824596706778, 551445.546257034409791 ], [ -1757023.116748396540061, 551298.412079093977809 ], [ -1757498.305, 550817.866700004320592 ], [ -1757512.455774129135534, 550592.739035212434828 ], [ -1757520.087599997641519, 550471.322700006887317 ], [ -1757644.011597554199398, 550437.910738688893616 ], [ -1757683.980448410846293, 550427.13447480648756 ], [ -1758332.186099998187274, 550252.367499999236315 ], [ -1758530.086499997414649, 549983.46760000102222 ], [ -1758786.163079685764387, 550036.222095148637891 ], [ -1758978.892167018260807, 550075.926334070973098 ], [ -1759782.612700002267957, 550241.501300006173551 ], [ -1759763.370033934945241, 550264.84773649694398 ], [ -1759364.311410547466949, 550749.011249703355134 ], [ -1758903.82510329852812, 551307.702768276911229 ], [ -1758545.95984303811565, 551741.887851631268859 ], [ -1757677.921199997887015, 552795.04799999576062 ], [ -1757027.818154446780682, 552494.968690299428999 ] ] ] } },
{ "type": "Feature", "properties": { "ID": 936, "YEAR": "2013-2014", "Perimtr_KM": 25.6109849895, "AREA_KM": 34.906051558500003, "SCALE": 2, "THICKNES_M": 152.799298, "VOLUME_KM": 5.33362017409, "MASS_GT": 4.89092969964, "RECURRANCE": "1-2", "UA_KM": 0.12805492495000001, "UH_M": 12.6823416715, "UC_KM": 0.40809775257999997, "REGION": "Peninsula", "ICESHELF": "George_VI" }, "geometry": { "type": "Polygon", "coordinates": [ [ [ -1750997.488621186697856, 562753.790625861845911 ], [ -1750833.522257684729993, 562723.837669604923576 ], [ -1750451.995299996808171, 562654.141299996059388 ], [ -1750559.305651639122516, 562567.455943509936333 ], [ -1750763.172500000335276, 562402.772200000938028 ], [ -1750432.175770560512319, 562386.926783772185445 ], [ -1750390.886641661403701, 562384.950197979807854 ], [ -1750214.12090000230819, 562376.488100005313754 ], [ -1749984.964500000933185, 561618.700899994466454 ], [ -1749946.373821842251346, 561570.484639434143901 ], [ -1749812.157143438234925, 561402.790609497111291 ], [ -1749516.495999997481704, 561033.383400003425777 ], [ -1750859.373923678649589, 559511.181135227438062 ], [ -1751497.642299996223301, 558787.680099999066442 ], [ -1753510.02690000180155, 553653.576699995901436 ], [ -1754307.842699996894225, 553657.075600008945912 ], [ -1754634.919759609270841, 554020.022800005041063 ], [ -1754823.560390978120267, 554229.35141829168424 ], [ -1755322.389824840473011, 554782.886864985339344 ], [ -1756241.267533409176394, 555802.536766012199223 ], [ -1756249.168300000252202, 555811.303999996278435 ], [ -1756245.868110369890928, 555830.66511226631701 ], [ -1756136.559650583425537, 556471.941402340307832 ], [ -1756120.66868527373299, 556565.168397741392255 ], [ -1755878.507904011989012, 557985.844964893069118 ], [ -1755490.942938540829346, 560259.559402951039374 ], [ -1755455.416699999710545, 560467.980000014416873 ], [ -1752993.607114732265472, 563086.926350470632315 ], [ -1752968.328399997670203, 563113.818600012920797 ], [ -1750997.488621186697856, 562753.790625861845911 ] ] ] } },
{ "type": "Feature", "properties": { "ID": 937, "YEAR": "2013-2014", "Perimtr_KM": 7.4243328441600003, "AREA_KM": 2.9565443827600002, "SCALE": 1, "THICKNES_M": 250.08324737500001, "VOLUME_KM": 0.73938222025, "MASS_GT": 0.67801349597000005, "RECURRANCE": ">8", "UA_KM": 0.03712166422, "UH_M": 20.7569094298, "UC_KM": 0.05657324904, "REGION": "East", "ICESHELF": "Amery" }, "geometry": { "type": "Polygon", "coordinates": [ [ [ 2162273.478400005027652, 612554.459799999371171 ], [ 2161376.87949999794364, 612199.218300014268607 ], [ 2161138.754000008106232, 613072.345099994912744 ], [ 2161257.816700004041195, 613707.346299994271249 ], [ 2161788.923600008711219, 615395.067499997559935 ], [ 2162588.959100004285574, 614187.458600006066263 ], [ 2162549.546800003387034, 613192.449499992653728 ], [ 2162273.478400005027652, 612554.459799999371171 ] ] ] } },
{ "type": "Feature", "properties": { "ID": 938, "YEAR": "2013-2014", "Perimtr_KM": 30.311544188799999, "AREA_KM": 16.758979888300001, "SCALE": 2, "THICKNES_M": 254.37915423300001, "VOLUME_KM": 4.2631351297900002, "MASS_GT": 3.9092949140200002, "RECURRANCE": ">8", "UA_KM": 0.15155772094, "UH_M": 21.113469697199999, "UC_KM": 0.32619043137999998, "REGION": "East", "ICESHELF": "Amery" }, "geometry": { "type": "Polygon", "coordinates": [ [ [ 2159846.356000014580786, 620425.047800006344914 ], [ 2160231.693100000731647, 619011.21139999711886 ], [ 2158320.935800005681813, 616802.977500002365559 ], [ 2156257.181699994951487, 618668.293800014071167 ], [ 2156217.494100001640618, 620136.734200007747859 ], [ 2155066.554300000891089, 620692.36029999749735 ], [ 2154915.586800002492964, 622070.818600000347942 ], [ 2156063.235399996861815, 622635.371599999722093 ], [ 2156508.91950000077486, 621704.442000013310462 ], [ 2157078.534300001338124, 620734.352100003045052 ], [ 2157666.376200005412102, 621061.138900006189942 ], [ 2158157.327400001697242, 620008.825999996159226 ], [ 2159136.864200005307794, 621407.103500006720424 ], [ 2159250.344200000166893, 622830.561499996576458 ], [ 2158958.199400002136827, 624882.026500008068979 ], [ 2158912.143900005146861, 626595.14089999627322 ], [ 2159077.844500008039176, 625998.717600003816187 ], [ 2159665.655999998562038, 624510.990600006189197 ], [ 2159740.943399995565414, 623199.724700001068413 ], [ 2159811.100400004535913, 622013.97099999897182 ], [ 2159227.06060000974685, 620732.723700012080371 ], [ 2159846.356000014580786, 620425.047800006344914 ] ] ] } },
{ "type": "Feature", "properties": { "ID": 939, "YEAR": "2013-2014", "Perimtr_KM": 9.64758196893, "AREA_KM": 1.4895034460300001, "SCALE": 1, "THICKNES_M": 215.504719325, "VOLUME_KM": 0.32099502207000002, "MASS_GT": 0.29435243524, "RECURRANCE": ">8", "UA_KM": 0.04823790984, "UH_M": 17.8868916158, "UC_KM": 0.02456068164, "REGION": "East", "ICESHELF": "Amery" }, "geometry": { "type": "Polygon", "coordinates": [ [ [ 2243681.868500013835728, 670419.404700001236051 ], [ 2243609.543900003656745, 668277.767999993637204 ], [ 2242498.291700011119246, 666571.202099996618927 ], [ 2241754.118800001218915, 666245.441900000907481 ], [ 2242023.545400002039969, 666568.088900004513562 ], [ 2243127.066200004890561, 668375.318300015758723 ], [ 2243681.868500013835728, 670419.404700001236051 ] ] ] } },
{ "type": "Feature", "properties": { "ID": 942, "YEAR": "2013-2014", "Perimtr_KM": 44.794138761, "AREA_KM": 14.036193192300001, "SCALE": 2, "THICKNES_M": 222.512366, "VOLUME_KM": 3.1232265568500002, "MASS_GT": 2.8639987526300001, "RECURRANCE": "2-3", "UA_KM": 0.22397069381000001, "UH_M": 18.468526286900001, "UC_KM": 0.23897122349, "REGION": "East", "ICESHELF": "Amery" }, "geometry": { "type": "Polygon", "coordinates": [ [ [ 2227743.364886698313057, 750623.81591756362468 ], [ 2229560.581799997016788, 750317.947700005955994 ], [ 2231523.546521788462996, 749996.150217588059604 ], [ 2232778.618238846771419, 749790.400764060206711 ], [ 2232788.504899997264147, 749788.78000000026077 ], [ 2233185.380700004287064, 749735.863200004212558 ], [ 2233762.648124158382416, 748705.02847689948976 ], [ 2234058.272439447231591, 748177.127894876990467 ], [ 2234296.632899997755885, 747751.484199996106327 ], [ 2234247.963270009495318, 747118.778967688791454 ], [ 2234243.301121727563441, 747058.171035987325013 ], [ 2233952.673899999819696, 743280.016900013200939 ], [ 2233582.256499997340143, 741666.055400005541742 ], [ 2232791.742999996989965, 740511.260999998543411 ], [ 2232811.811300007626414, 740763.709799999836832 ], [ 2233081.19690000358969, 741819.135600015055388 ], [ 2233591.072600000537932, 743084.041000003926456 ], [ 2233493.212100005708635, 743442.557500003371388 ], [ 2233458.30840000603348, 743758.514400005806237 ], [ 2233530.80850000679493, 746289.715300000272691 ], [ 2233874.002000004053116, 746774.634800001978874 ], [ 2233903.858875631354749, 747073.257351383101195 ], [ 2233909.909115822054446, 747133.770654377993196 ], [ 2233966.799900000914931, 747702.780999993905425 ], [ 2233843.386300000362098, 747849.543000015430152 ], [ 2233487.044099999591708, 748250.408799997065216 ], [ 2233402.617830680683255, 748452.302504038903862 ], [ 2233352.32447436824441, 748572.572084560524672 ], [ 2233257.431399999186397, 748799.495700008235872 ], [ 2232964.266500001773238, 749200.537999994121492 ], [ 2232562.737800004892051, 749306.193300012033433 ], [ 2231907.226999999023974, 749115.304500005673617 ], [ 2231274.12219999730587, 749177.671200001146644 ], [ 2230724.919500001706183, 749430.229300005827099 ], [ 2230050.912727255374193, 749689.748327974230051 ], [ 2229733.4298, 749811.991700012236834 ], [ 2229040.774099996313453, 749662.101299999747425 ], [ 2227711.73889999743551, 749465.398900001309812 ], [ 2227061.251999999396503, 749800.653500003740191 ], [ 2226171.622000002302229, 749433.568100016098469 ], [ 2225456.532499996013939, 749355.233000009786338 ], [ 2225308.433406516909599, 749362.801072499714792 ], [ 2225013.496426548808813, 749377.872768034227192 ], [ 2224094.973200005479157, 749424.810600008349866 ], [ 2223452.446868732571602, 749020.889456452801824 ], [ 2223164.84499999973923, 748840.089899995364249 ], [ 2223137.869878309778869, 748834.06150841480121 ], [ 2222425.12540000397712, 748674.777600007597357 ], [ 2221561.5219999961555, 748569.45840000687167 ], [ 2220825.550600005313754, 748420.557200004346669 ], [ 2222535.923876194283366, 749402.450770547613502 ], [ 2222760.448738016188145, 749531.346328797750175 ], [ 2223174.541389545425773, 749769.06923864595592 ], [ 2223385.440487528219819, 749890.142498631495982 ], [ 2224268.904500002041459, 750397.32279999461025 ], [ 2224809.771806994453073, 750473.809103143401444 ], [ 2225143.345248360186815, 750520.981115632224828 ], [ 2226888.284800007939339, 750767.740299995057285 ], [ 2227743.364886698313057, 750623.81591756362468 ] ] ] } },
{ "type": "Feature", "properties": { "ID": 943, "YEAR": "2013-2014", "Perimtr_KM": 8.6710522561300003, "AREA_KM": 1.7497806594300001, "SCALE": 1, "THICKNES_M": 222.512366, "VOLUME_KM": 0.38934783451, "MASS_GT": 0.35703196425, "RECURRANCE": "4-5", "UA_KM": 0.04335526128, "UH_M": 18.468526286900001, "UC_KM": 0.02979064333, "REGION": "East", "ICESHELF": "Amery" }, "geometry": { "type": "Polygon", "coordinates": [ [ [ 2217813.058300002478063, 759684.216399998869747 ], [ 2218197.529601533897221, 759228.246778537053615 ], [ 2218933.0508519904688, 758355.944100006949157 ], [ 2219350.431229773908854, 757860.945456139277667 ], [ 2219582.423899998888373, 757585.810200001578778 ], [ 2219255.586599997244775, 757719.290400004014373 ], [ 2218957.809714193455875, 757932.385677166283131 ], [ 2218330.689400005154312, 758381.165899997577071 ], [ 2217887.726357268169522, 758791.148554653860629 ], [ 2217631.425799997523427, 759028.366499997209758 ], [ 2216851.02360000833869, 759057.73260000301525 ], [ 2216755.297124074772, 759155.237568048760295 ], [ 2216682.052299998700619, 759229.843199997209013 ], [ 2216110.526200007647276, 759727.518100002780557 ], [ 2217813.058300002478063, 759684.216399998869747 ] ] ] } },
{ "type": "Feature", "properties": { "ID": 944, "YEAR": "2013-2014", "Perimtr_KM": 11.917996799599999, "AREA_KM": 3.8696625797099999, "SCALE": 1, "THICKNES_M": 188.70674610099999, "VOLUME_KM": 0.73023143393000001, "MASS_GT": 0.66962222491000001, "RECURRANCE": "2-3", "UA_KM": 0.059589984, "UH_M": 15.662659849200001, "UC_KM": 0.05587308382, "REGION": "East", "ICESHELF": "Amery" }, "geometry": { "type": "Polygon", "coordinates": [ [ [ 2221412.053637770935893, 767736.004391037393361 ], [ 2221398.603510498069227, 767547.794627982191741 ], [ 2221391.30962489452213, 767445.730130495969206 ], [ 2221383.113832343369722, 767331.045106127858162 ], [ 2221372.379499602131546, 767180.837886495981365 ], [ 2221366.191904354840517, 767094.2538853129372 ], [ 2221305.565299997106194, 766245.896200004033744 ], [ 2220399.993467576801777, 765545.376441542524844 ], [ 2220274.915600360371172, 765448.620431478135288 ], [ 2219778.861854930408299, 765064.890022148378193 ], [ 2219731.150850529782474, 765027.982401920482516 ], [ 2219528.589177413843572, 764871.287538797128946 ], [ 2219512.135782416909933, 764858.559748604893684 ], [ 2219142.349686775356531, 764572.505724919959903 ], [ 2218917.198993859812617, 764398.336759657133371 ], [ 2218029.925400008447468, 763711.97190001513809 ], [ 2218597.075399998575449, 764775.34789999620989 ], [ 2218970.953000002540648, 765697.854499997571111 ], [ 2219677.245400008745492, 766324.443599997553974 ], [ 2221032.497800009325147, 767347.171900006942451 ], [ 2221052.53630000911653, 767951.2916000043042 ], [ 2221440.872299998067319, 768139.268500014208257 ], [ 2221412.053637770935893, 767736.004391037393361 ] ] ] } },
{ "type": "Feature", "properties": { "ID": 945, "YEAR": "2013-2014", "Perimtr_KM": 19.593100483200001, "AREA_KM": 7.2208762868200003, "SCALE": 1, "THICKNES_M": 214.54389508599999, "VOLUME_KM": 1.5491949245100001, "MASS_GT": 1.42061174577, "RECURRANCE": "3-4", "UA_KM": 0.09796550242, "UH_M": 17.807143204300001, "UC_KM": 0.11853543116, "REGION": "East", "ICESHELF": "Amery" }, "geometry": { "type": "Polygon", "coordinates": [ [ [ 2215581.14024556055665, 774553.129213953390718 ], [ 2216050.272357673384249, 774242.932405278086662 ], [ 2216860.556400005705655, 773707.161100010387599 ], [ 2218160.760392539203167, 773566.175172707531601 ], [ 2218866.602867066860199, 773489.638062858954072 ], [ 2219056.602500005625188, 773469.035700004547834 ], [ 2219691.603700005449355, 772886.951199996285141 ], [ 2219890.807717132382095, 772844.264625667128712 ], [ 2221112.508670579642057, 772582.471568935085088 ], [ 2221543.690800000913441, 772490.07540000975132 ], [ 2222602.02619999833405, 771537.573499999009073 ], [ 2222447.511001116596162, 771218.242083784192801 ], [ 2221808.274599998258054, 769897.153500008862466 ], [ 2221574.097699999809265, 769058.965400006156415 ], [ 2221118.534900007769465, 769370.972200013231486 ], [ 2220859.682800005190074, 769913.337599997874349 ], [ 2220830.503800002858043, 770373.526900007855147 ], [ 2220356.849199998192489, 771675.645700003020465 ], [ 2219529.69380000140518, 772090.575000003445894 ], [ 2218266.509604291990399, 773262.831319088116288 ], [ 2218210.883700006641448, 773314.453100002836436 ], [ 2217643.438100007362664, 773367.313400001265109 ], [ 2217253.783382419496775, 773380.532197980210185 ], [ 2216659.107900001108646, 773400.706200013868511 ], [ 2216600.317013146355748, 773456.479244997724891 ], [ 2215978.621299996972084, 774046.262199996504933 ], [ 2215803.69236989878118, 774257.33863387722522 ], [ 2215560.518070502206683, 774550.762734165415168 ], [ 2215531.179300007410347, 774586.16410000436008 ], [ 2215581.14024556055665, 774553.129213953390718 ] ] ] } },
{ "type": "Feature", "properties": { "ID": 946, "YEAR": "2013-2014", "Perimtr_KM": 7.2179284598600004, "AREA_KM": 1.0689553623900001, "SCALE": 1, "THICKNES_M": 252.03314209000001, "VOLUME_KM": 0.26941217874000001, "MASS_GT": 0.2470509679, "RECURRANCE": "3-4", "UA_KM": 0.0360896423, "UH_M": 20.918750690300001, "UC_KM": 0.02061386096, "REGION": "East", "ICESHELF": "Amery" }, "geometry": { "type": "Polygon", "coordinates": [ [ [ 2214382.058063182979822, 774776.201697710435838 ], [ 2214165.210149842314422, 774675.674587344750762 ], [ 2214138.163700012490153, 774663.13630000455305 ], [ 2213667.83104382827878, 774384.899124288000166 ], [ 2212778.836799998767674, 773858.992100007366389 ], [ 2212235.827900006435812, 773846.141100003849715 ], [ 2212125.987428456544876, 774036.167935211211443 ], [ 2212090.746700003743172, 774097.135299999732524 ], [ 2211653.587300001643598, 774224.54170000506565 ], [ 2212671.914261231198907, 774234.899700225796551 ], [ 2212812.423300007358193, 774236.328899993561208 ], [ 2213022.901980209164321, 774390.966300013940781 ], [ 2213740.750321104191244, 774918.365088989026845 ], [ 2213784.747986285015941, 774950.689904712606221 ], [ 2214108.884200008586049, 775188.830799997318536 ], [ 2214868.024799996986985, 774973.344500002451241 ], [ 2214450.686700000427663, 774808.016800012905151 ], [ 2214382.058063182979822, 774776.201697710435838 ] ] ] } },
{ "type": "Feature", "properties": { "ID": 947, "YEAR": "2013-2014", "Perimtr_KM": 7.8994268527599996, "AREA_KM": 2.57024547937, "SCALE": 1, "THICKNES_M": 289.185991075, "VOLUME_KM": 0.74327898626, "MASS_GT": 0.6815868304, "RECURRANCE": "4-5", "UA_KM": 0.03949713426, "UH_M": 24.0024371409, "UC_KM": 0.05687140702, "REGION": "East", "ICESHELF": "Amery" }, "geometry": { "type": "Polygon", "coordinates": [ [ [ 2204728.399864305742085, 782868.451890167314559 ], [ 2204730.365419400855899, 782814.579015647992492 ], [ 2204737.138700005598366, 782628.933699996210635 ], [ 2204184.960799999535084, 782987.540400004945695 ], [ 2203767.0598, 783658.077600003685802 ], [ 2203730.761799995787442, 785033.626099994871765 ], [ 2204163.099100002087653, 786022.204099996015429 ], [ 2204608.410500009544194, 786157.177800004370511 ], [ 2204728.399864305742085, 782868.451890167314559 ] ] ] } },
{ "type": "Feature", "properties": { "ID": 948, "YEAR": "2013-2014", "Perimtr_KM": 18.2292738634, "AREA_KM": 5.2940931183900002, "SCALE": 1, "THICKNES_M": 206.21111335800001, "VOLUME_KM": 1.09170083616, "MASS_GT": 1.00108966676, "RECURRANCE": "2-3", "UA_KM": 0.09114636932, "UH_M": 17.115522324299999, "UC_KM": 0.08353063083, "REGION": "East", "ICESHELF": "Amery" }, "geometry": { "type": "Polygon", "coordinates": [ [ [ 2225137.154688554815948, 799319.56169604184106 ], [ 2225295.568396577611566, 799130.497815317939967 ], [ 2225388.97619999665767, 799019.017299997154623 ], [ 2225187.825344557873905, 798898.326786072924733 ], [ 2224751.284558900631964, 798636.402313249651343 ], [ 2224240.153456502594054, 798329.723650129046291 ], [ 2223166.954878708347678, 797685.804499922320247 ], [ 2222636.128463542088866, 797367.308649078011513 ], [ 2221048.180812895298004, 796414.540053475182503 ], [ 2220248.935804275795817, 795934.993045676499605 ], [ 2219993.25150141119957, 795781.582463116850704 ], [ 2219949.326472990214825, 795755.227445917669684 ], [ 2219342.75507363025099, 795391.284604309592396 ], [ 2219303.547400006093085, 795367.760000005830079 ], [ 2219258.394808806478977, 795365.805856171995401 ], [ 2218735.393020740710199, 795343.171037364751101 ], [ 2218115.220916070975363, 795316.330817041452974 ], [ 2217831.86149999499321, 795304.06740000192076 ], [ 2218579.446700001135468, 796042.356099999975413 ], [ 2219902.363000001758337, 796428.116199999116361 ], [ 2221246.907800008542836, 797408.753799995873123 ], [ 2222359.8131, 797929.64349999697879 ], [ 2222642.759473136626184, 798119.685250957962126 ], [ 2223340.273400008678436, 798588.172500003129244 ], [ 2224078.832799999043345, 798679.690999998245388 ], [ 2224205.921942993067205, 798798.4347416437231 ], [ 2224358.548200009390712, 798941.038684076629579 ], [ 2224501.363700001500547, 799074.47610000288114 ], [ 2224712.52040000166744, 799826.354999995790422 ], [ 2225137.154688554815948, 799319.56169604184106 ] ] ] } },
{ "type": "Feature", "properties": { "ID": 949, "YEAR": "2013-2014", "Perimtr_KM": 69.1405158, "AREA_KM": 62.592063442600001, "SCALE": 2, "THICKNES_M": 23.918580243299999, "VOLUME_KM": 1.4971132920500001, "MASS_GT": 1.37285288881, "RECURRANCE": "1-2", "UA_KM": 0.345702579, "UH_M": 1.9852421504, "UC_KM": 0.11455044602, "REGION": "Peninsula", "ICESHELF": "LarsenD" }, "geometry": { "type": "Polygon", "coordinates": [ [ [ -1876473.650099998340011, 1058786.108500003349036 ], [ -1875604.384501139866188, 1058663.886438253335655 ], [ -1870365.611693741520867, 1057927.294981750659645 ], [ -1869193.710499995853752, 1057762.521200004965067 ], [ -1868844.96629227581434, 1057342.273447509855032 ], [ -1866541.307699996978045, 1054566.292300005909055 ], [ -1867386.61226159799844, 1054656.216350826434791 ], [ -1867567.531899999594316, 1054675.462700008414686 ], [ -1868502.071499999146909, 1054830.379000001586974 ], [ -1869277.599100000923499, 1054829.057900003623217 ], [ -1870374.296899996465072, 1054165.548899995163083 ], [ -1870890.986299995100126, 1055960.766400001011789 ], [ -1871390.146799992304295, 1056445.7856 ], [ -1872602.690599998226389, 1056212.988600004930049 ], [ -1873201.255000000353903, 1057133.754900004714727 ], [ -1873638.421700001228601, 1057620.429200008511543 ], [ -1875797.890000002225861, 1058026.793100002221763 ], [ -1877735.457899999571964, 1057027.266299997922033 ], [ -1881924.965199996251613, 1057382.0748 ], [ -1885606.736399996327236, 1058403.468399998731911 ], [ -1886923.90369999781251, 1059437.357700006105006 ], [ -1888075.765299997990951, 1059487.549200012814254 ], [ -1888185.241699999431148, 1059979.275400004349649 ], [ -1889500.602799998596311, 1060028.670700004324317 ], [ -1890273.655400002840906, 1060898.809800002258271 ], [ -1892260.395899996859953, 1061321.148299994878471 ], [ -1892869.134199998341501, 1061968.838800000958145 ], [ -1894414.851300000911579, 1062280.61389999371022 ], [ -1895628.481099999509752, 1062544.026400003116578 ], [ -1896398.880800003185868, 1062759.81439999723807 ], [ -1897222.964800002519041, 1062977.605099992826581 ], [ -1897684.183999999193475, 1063084.473000003024936 ], [ -1881236.159599996637553, 1061405.488800001796335 ], [ -1876473.650099998340011, 1058786.108500003349036 ] ] ] } },
{ "type": "Feature", "properties": { "ID": 950, "YEAR": "2013-2014", "Perimtr_KM": 34.103379570599998, "AREA_KM": 17.319166063299999, "SCALE": 2, "THICKNES_M": 314.33159916, "VOLUME_KM": 5.4439611647900001, "MASS_GT": 4.9921123881199998, "RECURRANCE": "4-5", "UA_KM": 0.17051689785, "UH_M": 26.089522601599999, "UC_KM": 0.4165404067, "REGION": "Peninsula", "ICESHELF": "LarsenC" }, "geometry": { "type": "Polygon", "coordinates": [ [ [ -2204601.597800001036376, 1252664.60798289719969 ], [ -2204463.745244104415178, 1252419.247473428957164 ], [ -2198754.433499996550381, 1242257.37830000044778 ], [ -2199547.392099999357015, 1238207.824799998663366 ], [ -2199557.648600001819432, 1239921.6368 ], [ -2200021.060899996664375, 1241398.96010001283139 ], [ -2200523.686399999074638, 1242132.347400005441159 ], [ -2200441.648600000888109, 1242939.429500006139278 ], [ -2201232.817699997220188, 1243820.920100003480911 ], [ -2201768.557600001338869, 1244394.433500000741333 ], [ -2201833.918699998408556, 1244690.722800003364682 ], [ -2202054.885400003287941, 1244987.190200011711568 ], [ -2202192.308599997777492, 1245091.664200003258884 ], [ -2202399.275999999605119, 1245092.244499995373189 ], [ -2202502.059699999168515, 1245196.723000003024936 ], [ -2202533.063499994575977, 1245510.060999997891486 ], [ -2202651.427899998147041, 1245805.809600001201034 ], [ -2202769.726300003472716, 1245997.650599998887628 ], [ -2203115.2777, 1246032.789700004737824 ], [ -2203357.142099996563047, 1245998.551900006365031 ], [ -2203425.029199999757111, 1246155.009500005282462 ], [ -2203490.439800002612174, 1246520.284800003282726 ], [ -2203503.390500003471971, 1246955.088500001467764 ], [ -2203964.7851, 1249355.82330000307411 ], [ -2204023.275298808235675, 1249665.35440119728446 ], [ -2204392.70259999576956, 1251620.369800004642457 ], [ -2204468.130224234890193, 1251836.045344645623118 ], [ -2205015.615099996328354, 1253401.507599993608892 ], [ -2204601.597800001036376, 1252664.60798289719969 ] ] ] } },
{ "type": "Feature", "properties": { "ID": 953, "YEAR": "2013-2014", "Perimtr_KM": 8.7241135607900002, "AREA_KM": 2.6735194882600002, "SCALE": 1, "THICKNES_M": 143.968325806, "VOLUME_KM": 0.38490212474000002, "MASS_GT": 0.35295524837999998, "RECURRANCE": "4-5", "UA_KM": 0.0436205678, "UH_M": 11.949370983, "UC_KM": 0.02945048334, "REGION": "East", "ICESHELF": "Brunt_Stancomb" }, "geometry": { "type": "Polygon", "coordinates": [ [ [ -708581.908900001551956, 1424382.578600002918392 ], [ -708582.512600000482053, 1424361.613000004552305 ], [ -708598.096099994610995, 1424363.253900002688169 ], [ -708613.372899997513741, 1424364.372700005304068 ], [ -708628.348900003358722, 1424365.002900008112192 ], [ -708642.997499995864928, 1424365.062400004826486 ], [ -708765.659200001042336, 1424264.251400000415742 ], [ -708900.347699995618314, 1424181.762600002344698 ], [ -708922.397499996703118, 1424147.150200012605637 ], [ -708930.672999998088926, 1424133.736400003079325 ], [ -708938.186500002164394, 1424120.120299997739494 ], [ -708944.881700000260025, 1424105.786900004372001 ], [ -708951.37559999525547, 1424090.710000006016344 ], [ -708957.434399995487183, 1424075.384200007189065 ], [ -708963.000999995972961, 1424058.874600007198751 ], [ -708968.14400000218302, 1424041.532700004056096 ], [ -708972.895799999125302, 1424023.243000007234514 ], [ -708976.597600002307445, 1424007.616499995812774 ], [ -708980.070299997925758, 1423990.922600002493709 ], [ -708983.366199995856732, 1423973.190299994312227 ], [ -708986.542100000195205, 1423954.088599997572601 ], [ -708991.890099994372576, 1423917.700400011148304 ], [ -709000.835200001951307, 1423851.173600006382912 ], [ -709004.319799997378141, 1423825.113100002054125 ], [ -709008.505699997767806, 1423798.619200001936406 ], [ -709012.496499996632338, 1423775.067500005476177 ], [ -709015.106700000353158, 1423761.861700003501028 ], [ -709017.533399994950742, 1423749.348400011193007 ], [ -709020.389400001615286, 1423737.42120000673458 ], [ -709023.355399997439235, 1423725.685100004542619 ], [ -709026.178099997341633, 1423714.452899999450892 ], [ -709029.438700002152473, 1423703.441500002518296 ], [ -709032.568599996622652, 1423692.887800003401935 ], [ -709036.460699998307973, 1423682.663600008469075 ], [ -709041.719699998851866, 1423668.395400009583682 ], [ -709047.035099998582155, 1423653.773199995979667 ], [ -709052.978800000157207, 1423638.909000003244728 ], [ -709059.319400001782924, 1423624.01899999845773 ], [ -709066.011500002816319, 1423608.640000002458692 ], [ -709073.100200003478676, 1423592.950800005346537 ], [ -709080.608700001612306, 1423576.898400006815791 ], [ -709088.568699996452779, 1423560.666800004895777 ], [ -709105.211699998937547, 1423527.408000002615154 ], [ -709124.881800001487136, 1423490.786100002005696 ], [ -709145.753100000787526, 1423452.727599998470396 ], [ -709187.65059999935329, 1423377.799500009976327 ], [ -709205.134000001009554, 1423346.335199999623001 ], [ -709222.760200001765043, 1423313.407900007907301 ], [ -709238.444099999032915, 1423283.309399998746812 ], [ -709247.35259999986738, 1423265.796400002669543 ], [ -709255.725199997890741, 1423248.909800006076694 ], [ -709263.867800000589341, 1423232.207600007299334 ], [ -709271.25620000064373, 1423216.031300000380725 ], [ -709278.23099999781698, 1423200.172699995804578 ], [ -709284.801099998876452, 1423184.86340001039207 ], [ -709290.721799998544157, 1423169.564300011843443 ], [ -709296.543199999723583, 1423154.738000012002885 ], [ -709303.386600000783801, 1423135.620500001590699 ], [ -709310.080700000748038, 1423115.469400005415082 ], [ -709316.958800000138581, 1423094.053300003521144 ], [ -709323.611900003161281, 1423071.256000004708767 ], [ -709329.204499997198582, 1423050.97690000385046 ], [ -709335.182099999859929, 1423028.590100004337728 ], [ -709354.407200001180172, 1422953.426499997731298 ], [ -709361.766899995040148, 1422926.034200004767627 ], [ -709369.038099998608232, 1422899.021800003014505 ], [ -709376.295999997761101, 1422874.998100004624575 ], [ -709383.948899996001273, 1422850.183000009506941 ], [ -709392.026999996043742, 1422826.94670000160113 ], [ -709400.047899999190122, 1422805.075700005050749 ], [ -709408.597700000740588, 1422784.620300002396107 ], [ -709417.105499997735023, 1422765.635100010316819 ], [ -709426.762000000104308, 1422745.723000007681549 ], [ -709437.604699994903058, 1422725.283100011758506 ], [ -709449.874000001233071, 1422703.962500005029142 ], [ -709461.085099999792874, 1422685.035800002980977 ], [ -709473.883299997542053, 1422664.373100012540817 ], [ -709479.60529516544193, 1422623.304530650842935 ], [ -709503.283299997914582, 1422453.359999994747341 ], [ -709547.69939999980852, 1422337.468299995176494 ], [ -709627.666799998376518, 1422240.134699998423457 ], [ -709627.44379999442026, 1422218.772700002416968 ], [ -709626.670400000642985, 1422178.861499997321516 ], [ -709623.166999998968095, 1422083.596399998292327 ], [ -709622.499399998690933, 1422058.295099995099008 ], [ -709622.234299999661744, 1422035.561700004618615 ], [ -709622.667700002435595, 1422012.025200000498444 ], [ -709623.316199995111674, 1421990.017000011634082 ], [ -709624.450599995441735, 1421969.205100005026907 ], [ -709626.079399998299778, 1421949.399400004185736 ], [ -709628.301399998832494, 1421929.680200001224875 ], [ -709631.040199995506555, 1421911.058400006964803 ], [ -709634.598099994938821, 1421892.96340000629425 ], [ -709638.65039999736473, 1421875.8821 ], [ -709642.915399997960776, 1421858.943299998994917 ], [ -709647.99100000038743, 1421842.65590000571683 ], [ -709651.332304088864475, 1421833.406536085531116 ], [ -709653.680999998934567, 1421826.904900005087256 ], [ -709659.994699997827411, 1421811.663300010375679 ], [ -709666.156699998304248, 1421798.577800008933991 ], [ -709672.846000002231449, 1421785.650799995288253 ], [ -709680.806699995882809, 1421771.638099996838719 ], [ -709689.906399997416884, 1421756.794500007294118 ], [ -709698.173299999441952, 1421744.084799999836832 ], [ -709707.565000002738088, 1421730.299100004136562 ], [ -709738.679599997587502, 1421685.36950000654906 ], [ -709749.51359999505803, 1421669.873699998483062 ], [ -709759.668499998282641, 1421654.449900008738041 ], [ -709768.521600000094622, 1421640.341200004331768 ], [ -709776.153200002387166, 1421626.924400009214878 ], [ -709783.188499995972961, 1421614.129400006495416 ], [ -709789.284799998160452, 1421602.358299998566508 ], [ -709794.588399996515363, 1421590.163499998860061 ], [ -709801.385500000789762, 1421573.838200005237013 ], [ -709807.86170000070706, 1421557.38350000185892 ], [ -709814.016699995845556, 1421540.799699995201081 ], [ -709819.850699995178729, 1421524.086600003298372 ], [ -709855.347977269906551, 1421715.838163778651506 ], [ -710029.44339649239555, 1422656.278429735451937 ], [ -710077.917300001718104, 1422918.127999995369464 ], [ -709879.479399998206645, 1424585.006299999076873 ], [ -708990.838800000026822, 1425426.454900002572685 ], [ -708983.643800002522767, 1425416.044400000944734 ], [ -708976.670800001826137, 1425405.101600003894418 ], [ -708969.573900000192225, 1425393.576600006315857 ], [ -708963.000599997583777, 1425381.382799999322742 ], [ -708956.553399997763336, 1425368.627100002020597 ], [ -708949.91620000032708, 1425355.153099996503443 ], [ -708944.644099998287857, 1425343.083800006192178 ], [ -708939.361699997447431, 1425330.317400011699647 ], [ -708933.680599999148399, 1425316.696400012355298 ], [ -708928.16360000288114, 1425302.041499993298203 ], [ -708918.046299999114126, 1425273.395300003234297 ], [ -708899.587599999736995, 1425219.604900013189763 ], [ -708891.977600000798702, 1425198.183599995914847 ], [ -708883.852299995254725, 1425176.200800007209182 ], [ -708876.207299997098744, 1425156.782300009857863 ], [ -708867.043199997860938, 1425135.216800008900464 ], [ -708862.597899996675551, 1425125.119600005447865 ], [ -708858.1006, 1425115.392500004265457 ], [ -708853.243599996902049, 1425106.184399995021522 ], [ -708848.619199996814132, 1425097.15380000276491 ], [ -708843.619500000029802, 1425088.478300010319799 ], [ -708838.523000000044703, 1425080.227999998722225 ], [ -708831.485499997157604, 1425068.742500002495944 ], [ -708823.747400002088398, 1425057.07470000628382 ], [ -708815.256099997553974, 1425045.052199995610863 ], [ -708805.830999996513128, 1425032.198700002394617 ], [ -708787.699599998537451, 1425008.851100012194365 ], [ -708754.220600002910942, 1424968.097200001124293 ], [ -708741.750099997967482, 1424952.667600001208484 ], [ -708729.255299998447299, 1424937.050800007302314 ], [ -708718.638699998147786, 1424922.751200003549457 ], [ -708707.732299997936934, 1424907.015899998601526 ], [ -708698.066599995363504, 1424892.025399999693036 ], [ -708689.482800001744181, 1424877.248400010168552 ], [ -708681.91319999890402, 1424862.866000000853091 ], [ -708672.804100000765175, 1424843.820200013928115 ], [ -708663.987999998033047, 1424824.070600005332381 ], [ -708655.479900000151247, 1424803.489800005219877 ], [ -708647.263900001998991, 1424781.900100007187575 ], [ -708639.352799998130649, 1424759.613100002519786 ], [ -708631.956300002057105, 1424736.048600004985929 ], [ -708624.563000000547618, 1424711.876000003889203 ], [ -708617.413900001440197, 1424686.695099992677569 ], [ -708612.326000000815839, 1424666.95140000525862 ], [ -708607.624100001528859, 1424647.272900005802512 ], [ -708603.568399995099753, 1424627.32189999660477 ], [ -708599.615899994969368, 1424607.297300002537668 ], [ -708596.343299999367446, 1424587.234000011347234 ], [ -708593.180199996102601, 1424567.253799999132752 ], [ -708590.394699997268617, 1424547.178800004534423 ], [ -708587.975900002755225, 1424526.97140000667423 ], [ -708585.934900002088398, 1424506.669200006406754 ], [ -708584.272799999453127, 1424486.123300000559539 ], [ -708582.987499997019768, 1424465.631499994080514 ], [ -708582.364599999971688, 1424444.906999999657273 ], [ -708581.834899997804314, 1424424.225700005423278 ], [ -708581.682999996468425, 1424403.449499996844679 ], [ -708581.908900001551956, 1424382.578600002918392 ] ] ] } },
{ "type": "Feature", "properties": { "ID": 954, "YEAR": "2013-2014", "Perimtr_KM": 10.7958837796, "AREA_KM": 5.6424553669800002, "SCALE": 1, "THICKNES_M": 40.501202624800001, "VOLUME_KM": 0.22852622812000001, "MASS_GT": 0.20955855119, "RECURRANCE": "4-5", "UA_KM": 0.0539794189, "UH_M": 3.3615998012800001, "UC_KM": 0.0174855046, "REGION": "East", "ICESHELF": "Brunt_Stancomb" }, "geometry": { "type": "Polygon", "coordinates": [ [ [ -704204.155499998480082, 1505039.667200001887977 ], [ -707504.484799997881055, 1503958.373700011055917 ], [ -707492.796399997547269, 1503969.052100001368672 ], [ -707480.768499996513128, 1503979.500499996356666 ], [ -707468.781100002583116, 1503990.545800007879734 ], [ -707456.803799998015165, 1504001.255199998151511 ], [ -707445.201399999205023, 1504013.852999994996935 ], [ -707433.65219999756664, 1504027.713199997320771 ], [ -707421.678399995435029, 1504040.142300012521446 ], [ -707409.850200002547354, 1504052.901700001675636 ], [ -707398.125600001309067, 1504066.365000010468066 ], [ -707386.107999998144805, 1504078.935899997595698 ], [ -707374.158300002105534, 1504092.739200010895729 ], [ -707362.260999999940395, 1504106.74800000153482 ], [ -707350.570399997290224, 1504121.574800004251301 ], [ -707338.738499999511987, 1504137.234500004444271 ], [ -707326.840899996459484, 1504152.380600003525615 ], [ -707315.335699998307973, 1504168.193600003607571 ], [ -707303.599199997726828, 1504183.865600008051842 ], [ -707291.572299995925277, 1504199.24110000859946 ], [ -707279.957099996041507, 1504214.987800009083003 ], [ -707268.303899997379631, 1504232.152399997226894 ], [ -707256.696100000757724, 1504249.032700001262128 ], [ -707233.404000001493841, 1504284.438699996564537 ], [ -707210.319300001487136, 1504319.426699997391552 ], [ -707200.089000002946705, 1504335.183399995788932 ], [ -707190.553899999242276, 1504351.814400001429021 ], [ -707181.805599998682737, 1504369.385300000198185 ], [ -707173.22739999787882, 1504387.604000006336719 ], [ -707165.384900000412017, 1504406.195999996270984 ], [ -707157.586099999491125, 1504424.053500006441027 ], [ -707150.056899999734014, 1504443.743599997833371 ], [ -707143.422899997327477, 1504463.667100002989173 ], [ -707136.824799995869398, 1504482.870900008827448 ], [ -707130.538099997676909, 1504502.998900005128235 ], [ -707125.008200001902878, 1504523.479000001214445 ], [ -707119.387800002936274, 1504544.925200008321553 ], [ -707114.836799998767674, 1504567.702200010884553 ], [ -707110.097699998412281, 1504589.575999997090548 ], [ -707106.312299998942763, 1504613.779699995648116 ], [ -707102.308399998117238, 1504637.472500005736947 ], [ -707099.240699999034405, 1504657.986400011926889 ], [ -707096.677000002004206, 1504680.097900005057454 ], [ -707094.04060000134632, 1504702.08589999563992 ], [ -707092.128699996508658, 1504725.301300006452948 ], [ -707089.996899998281151, 1504747.934699999168515 ], [ -707088.827499999199063, 1504773.042399997357279 ], [ -707087.081800000276417, 1504797.381600002758205 ], [ -707085.795199997723103, 1504823.455100010614842 ], [ -707083.984100001398474, 1504870.233000006061047 ], [ -707082.415399996563792, 1504921.843600009102374 ], [ -707081.130799999926239, 1504972.6286 ], [ -707077.89349999697879, 1505105.82170000160113 ], [ -706927.6631, 1505205.567800006829202 ], [ -706945.530900001525879, 1505507.895099997054785 ], [ -707017.805100003723055, 1505593.387700006365776 ], [ -707001.079799998551607, 1505644.744800008833408 ], [ -706984.456900002900511, 1505694.220200002659112 ], [ -706967.930600000545382, 1505742.146999998483807 ], [ -706951.669900000095367, 1505789.065200003329664 ], [ -706934.982299999799579, 1505833.596999998670071 ], [ -706918.329599999822676, 1505877.767299997620285 ], [ -706901.652499999850988, 1505920.813000011257827 ], [ -706301.163699999451637, 1506430.024000003002584 ], [ -705640.546699996571988, 1507061.328700005542487 ], [ -705305.980099994689226, 1507130.025300012901425 ], [ -705032.836199997924268, 1507503.781700014602393 ], [ -704204.155499998480082, 1505039.667200001887977 ] ] ] } },
{ "type": "Feature", "properties": { "ID": 955, "YEAR": "2013-2014", "Perimtr_KM": 20.032870975400002, "AREA_KM": 15.372628907599999, "SCALE": 2, "THICKNES_M": 148.86837849899999, "VOLUME_KM": 2.2884983387400002, "MASS_GT": 2.0985529766300002, "RECURRANCE": ">8", "UA_KM": 0.10016435488, "UH_M": 12.3560753545, "UC_KM": 0.17510265042000001, "REGION": "East", "ICESHELF": "Brunt_Stancomb" }, "geometry": { "type": "Polygon", "coordinates": [ [ [ -672095.700900000520051, 1603322.53840000834316 ], [ -672089.38669999781996, 1602819.890299996361136 ], [ -672160.269600001163781, 1602827.332900007721037 ], [ -672159.078699996229261, 1602480.192900002002716 ], [ -672144.281699997838587, 1602144.845699998550117 ], [ -672048.680900000967085, 1601970.621300002094358 ], [ -671800.276999997440726, 1601414.340800005476922 ], [ -671709.551999996416271, 1601012.19820000929758 ], [ -671814.429699998348951, 1600955.738499996718019 ], [ -671834.977199998684227, 1601140.353700012899935 ], [ -671938.124199998099357, 1601446.603999993298203 ], [ -672152.00079999724403, 1601649.695800006855279 ], [ -672284.612699998542666, 1601916.261100007686764 ], [ -672359.78429999621585, 1602165.915700006298721 ], [ -672380.415899995714426, 1602183.872400003485382 ], [ -672400.128299996256828, 1602200.278599994257092 ], [ -672414.177000000607222, 1602211.365100006107241 ], [ -672965.367899998091161, 1602199.616300000809133 ], [ -672964.843299999833107, 1602495.754700008314103 ], [ -673023.239300003275275, 1602517.446900000795722 ], [ -673287.558799998369068, 1602523.026600002776831 ], [ -673473.58049999922514, 1602712.671099997125566 ], [ -673897.834399999585003, 1602727.518100011628121 ], [ -673907.601199997588992, 1602719.386799993924797 ], [ -673916.233199996408075, 1602711.513199998997152 ], [ -673925.068799998611212, 1602703.052900007925928 ], [ -673934.309799995739013, 1602693.829999997280538 ], [ -673944.065499998629093, 1602683.73830000963062 ], [ -673963.153199998196214, 1602663.930199997499585 ], [ -673999.163100001402199, 1602624.677400004584342 ], [ -674032.148699994664639, 1602601.07040000660345 ], [ -674022.743099999148399, 1602331.881600010674447 ], [ -674197.364399996120483, 1602486.527600009925663 ], [ -674199.916399996727705, 1602485.676300011575222 ], [ -674216.261699999682605, 1602480.690900011919439 ], [ -674230.118099998682737, 1602476.784700001589954 ], [ -674244.413199999835342, 1602472.583999993745238 ], [ -674259.553900002036244, 1602468.391500007361174 ], [ -674276.317000002600253, 1602464.490999995265156 ], [ -674307.205099997576326, 1602457.397599996067584 ], [ -674337.796400000806898, 1602450.582800003699958 ], [ -674427.360599995125085, 1602272.275700013618916 ], [ -674438.859099995344877, 1602192.956400002352893 ], [ -674508.785599998664111, 1602010.084700002800673 ], [ -674599.208399997092783, 1601957.897300004027784 ], [ -674751.162400000263005, 1601791.063900015316904 ], [ -674754.980499998200685, 1601769.420999999158084 ], [ -674758.447099997662008, 1601752.928200013004243 ], [ -674761.728600000031292, 1601737.292600005399436 ], [ -674765.087399999145418, 1601722.54270000802353 ], [ -674768.68610000051558, 1601708.843700005672872 ], [ -674772.399900000542402, 1601695.908300009090453 ], [ -674776.287599998060614, 1601683.651599993929267 ], [ -674780.244499995838851, 1601672.171100003179163 ], [ -674784.310299998149276, 1601661.38810000102967 ], [ -674789.243199999444187, 1601649.726100000552833 ], [ -674794.307000000495464, 1601638.988800014834851 ], [ -674799.637099996674806, 1601629.021099998615682 ], [ -674805.127199997194111, 1601619.93700000224635 ], [ -674810.818299999926239, 1601611.666199998930097 ], [ -674816.651999998837709, 1601603.945500012021512 ], [ -674822.542999999132007, 1601596.7973000141792 ], [ -674828.78019999852404, 1601590.67860000487417 ], [ -674835.508899999316782, 1601585.4662000159733 ], [ -674842.492899997159839, 1601581.025000004563481 ], [ -674846.082499995362014, 1601579.092400005087256 ], [ -674849.424400003161281, 1601577.500800010282546 ], [ -674864.787999997381121, 1601508.061100002843887 ], [ -674990.729299996513873, 1601483.134500002488494 ], [ -675088.778099997434765, 1601528.950899994000793 ], [ -675258.322799998801202, 1601590.573800004087389 ], [ -675451.1148999966681, 1601612.361700001172721 ], [ -675498.237100003287196, 1601658.95740000763908 ], [ -675652.922899997793138, 1601755.182500007096678 ], [ -675998.003599999006838, 1601893.905100005678833 ], [ -676186.85759999928996, 1602009.956199994776398 ], [ -676419.716200002469122, 1602237.076000006403774 ], [ -676143.680600001011044, 1604322.048200002871454 ], [ -675275.552199996542186, 1604701.776500009465963 ], [ -675148.43770000198856, 1605930.785599997732788 ], [ -673296.350699997041374, 1606936.204300004057586 ], [ -672238.015200001653284, 1605401.617900005541742 ], [ -672251.748499996960163, 1603880.312100003473461 ], [ -672162.442500001285225, 1603573.212900002487004 ], [ -672161.824599996209145, 1603329.947000006679446 ], [ -672095.700900000520051, 1603322.53840000834316 ] ] ] } },
{ "type": "Feature", "properties": { "ID": 956, "YEAR": "2013-2014", "Perimtr_KM": 6.5547636262899998, "AREA_KM": 1.0959327036199999, "SCALE": 1, "THICKNES_M": 144.101730347, "VOLUME_KM": 0.15792579894, "MASS_GT": 0.14481795762, "RECURRANCE": "4-5", "UA_KM": 0.03277381813, "UH_M": 11.9604435598, "UC_KM": 0.01208356829, "REGION": "East", "ICESHELF": "Riiser-Larsen" }, "geometry": { "type": "Polygon", "coordinates": [ [ [ -590864.612399995326996, 1804869.227899994235486 ], [ -590994.224700000137091, 1804257.402400001417845 ], [ -590989.491700003389269, 1804654.279699998442084 ], [ -591037.968600001651794, 1805317.770100009161979 ], [ -591191.653499996289611, 1805957.333599997218698 ], [ -591353.437499999068677, 1806393.115300005767494 ], [ -591043.947599995881319, 1806926.155400003772229 ], [ -590613.893599997274578, 1807259.261199999134988 ], [ -590609.473299996461719, 1805362.685600005555898 ], [ -590761.146199997048825, 1805361.610899997409433 ], [ -590899.894999999087304, 1805149.722899999003857 ], [ -590864.612399995326996, 1804869.227899994235486 ] ] ] } },
{ "type": "Feature", "properties": { "ID": 957, "YEAR": "2013-2014", "Perimtr_KM": 23.904675966100001, "AREA_KM": 13.1256252849, "SCALE": 2, "THICKNES_M": 129.926626967, "VOLUME_KM": 1.7053682201, "MASS_GT": 1.5638226578300001, "RECURRANCE": ">8", "UA_KM": 0.11952337983, "UH_M": 10.783909985099999, "UC_KM": 0.13048490804000001, "REGION": "East", "ICESHELF": "Riiser-Larsen" }, "geometry": { "type": "Polygon", "coordinates": [ [ [ -575524.107399996835738, 1812862.006099993828684 ], [ -574571.498099998105317, 1812560.92460000468418 ], [ -571778.240499997511506, 1813969.027700011152774 ], [ -571155.390599997714162, 1813398.784299994353205 ], [ -571599.533500000834465, 1813196.753800007048994 ], [ -573489.652499998454005, 1811931.300600002054125 ], [ -574380.665299999527633, 1811556.925099999178201 ], [ -574621.320200001355261, 1811712.885200005490333 ], [ -574996.508599998895079, 1811756.057299996260554 ], [ -575479.796200000680983, 1811355.726800002623349 ], [ -576053.905999997630715, 1811383.991899999324232 ], [ -576414.652499995660037, 1811445.890900006052107 ], [ -577010.58699999935925, 1811080.333400001283735 ], [ -578234.980900002177805, 1811164.127100005280226 ], [ -577645.756599999964237, 1811935.781000007409602 ], [ -577778.048499998170882, 1812729.532600007485598 ], [ -579431.697599999606609, 1812663.386600009631366 ], [ -580622.325000000186265, 1813787.867999998386949 ], [ -578174.924299998674542, 1814449.327700007241219 ], [ -577375.039999998640269, 1813979.75680000288412 ], [ -577097.901099994312972, 1813797.861999995540828 ], [ -576726.008399998769164, 1813704.26769999647513 ], [ -576237.338900001719594, 1813480.301100015174598 ], [ -575870.347100001294166, 1813246.002999994438142 ], [ -576059.005000000353903, 1813091.607700012158602 ], [ -575524.107399996835738, 1812862.006099993828684 ] ] ] } },
{ "type": "Feature", "properties": { "ID": 958, "YEAR": "2013-2014", "Perimtr_KM": 11.949578798399999, "AREA_KM": 3.7839244173700002, "SCALE": 1, "THICKNES_M": 182.26211954799999, "VOLUME_KM": 0.68966608452, "MASS_GT": 0.6324237995000001, "RECURRANCE": "5-6", "UA_KM": 0.05974789399, "UH_M": 15.1277558479, "UC_KM": 0.05276925802, "REGION": "East", "ICESHELF": "Baudouin" }, "geometry": { "type": "Polygon", "coordinates": [ [ [ 1049006.595300002023578, 1950239.291700016241521 ], [ 1048500.68480000179261, 1948862.518399999011308 ], [ 1048128.637300002854317, 1948862.153700001072139 ], [ 1047999.726899997796863, 1949730.960900011938065 ], [ 1047661.790499999187887, 1950042.790600006934255 ], [ 1046917.899000006727874, 1949327.055900014471263 ], [ 1046431.28400000417605, 1950083.537199998740107 ], [ 1046958.690600008703768, 1951327.379200007300824 ], [ 1047487.858300000894815, 1951393.525200012605637 ], [ 1047945.651099998969585, 1949906.600600014906377 ], [ 1048248.536899995524436, 1951360.45220000622794 ], [ 1049009.215500003658235, 1951393.525200012605637 ], [ 1049006.595300002023578, 1950239.291700016241521 ] ] ] } },
{ "type": "Feature", "properties": { "ID": 959, "YEAR": "2013-2014", "Perimtr_KM": 6.6286241976999998, "AREA_KM": 1.73566705073, "SCALE": 1, "THICKNES_M": 166.924434117, "VOLUME_KM": 0.28972524026000002, "MASS_GT": 0.26567804532, "RECURRANCE": "5-6", "UA_KM": 0.03314312099, "UH_M": 13.8547279634, "UC_KM": 0.02216809888, "REGION": "East", "ICESHELF": "Baudouin" }, "geometry": { "type": "Polygon", "coordinates": [ [ [ 1049987.510900003835559, 1950280.203700003679842 ], [ 1049603.077500003390014, 1948864.499500005040318 ], [ 1049182.976399999111891, 1949832.76259999582544 ], [ 1049802.967100004199892, 1951525.817100003827363 ], [ 1050662.864600004628301, 1951095.868300004396588 ], [ 1050552.880800004117191, 1950329.446900012437254 ], [ 1049987.510900003835559, 1950280.203700003679842 ] ] ] } },
{ "type": "Feature", "properties": { "ID": 960, "YEAR": "2013-2014", "Perimtr_KM": 7.4082411218799997, "AREA_KM": 2.1037486727400001, "SCALE": 1, "THICKNES_M": 101.293235016, "VOLUME_KM": 0.21309550872, "MASS_GT": 0.1954085815, "RECURRANCE": "6-8", "UA_KM": 0.03704120561, "UH_M": 8.4073384648699996, "UC_KM": 0.01630483524, "REGION": "East", "ICESHELF": "Baudouin" }, "geometry": { "type": "Polygon", "coordinates": [ [ [ 1095228.024400003720075, 1954613.747299999464303 ], [ 1094773.259300007019192, 1954577.960500005166978 ], [ 1095046.807600005995482, 1957564.943800004664809 ], [ 1095787.64239999698475, 1957591.402200002688915 ], [ 1095454.504099999088794, 1954625.56099999928847 ], [ 1095228.024400003720075, 1954613.747299999464303 ] ] ] } },
{ "type": "Feature", "properties": { "ID": 961, "YEAR": "2013-2014", "Perimtr_KM": 5.4409772189499996, "AREA_KM": 1.07466428323, "SCALE": 1, "THICKNES_M": 120.767055124, "VOLUME_KM": 0.12978404073, "MASS_GT": 0.11901196535, "RECURRANCE": "4-5", "UA_KM": 0.02720488609, "UH_M": 10.0236655259, "UC_KM": 0.0099303238, "REGION": "East", "ICESHELF": "Baudouin" }, "geometry": { "type": "Polygon", "coordinates": [ [ [ 905073.045740200672299, 1971736.350061743054539 ], [ 905097.601500009652227, 1971640.950500001665205 ], [ 905084.828216871712357, 1971336.57743736775592 ], [ 905068.500442493706942, 1971353.303450147155672 ], [ 905058.941984700039029, 1971373.155631713103503 ], [ 904753.250043715815991, 1972008.05427836580202 ], [ 904382.832636216655374, 1972219.721368371974677 ], [ 904213.49896421469748, 1972399.638394876848906 ], [ 904048.687817382626235, 1972532.291269167792052 ], [ 903882.355400009080768, 1973019.257200004067272 ], [ 904585.434800000395626, 1973630.727200019638985 ], [ 905073.045740200672299, 1971736.350061743054539 ] ] ] } },
{ "type": "Feature", "properties": { "ID": 963, "YEAR": "2013-2014", "Perimtr_KM": 4.0120968924399998, "AREA_KM": 1.06375982002, "SCALE": 1, "THICKNES_M": 120.767055124, "VOLUME_KM": 0.12846714082, "MASS_GT": 0.11780436814, "RECURRANCE": "4-5", "UA_KM": 0.02006048446, "UH_M": 10.0236655259, "UC_KM": 0.00982956224, "REGION": "East", "ICESHELF": "Baudouin" }, "geometry": { "type": "Polygon", "coordinates": [ [ [ 905295.504581470508128, 1975429.550761650782079 ], [ 905323.233255406841636, 1975346.364739848766476 ], [ 905196.090228382032365, 1975307.887244831304997 ], [ 905028.417260717600584, 1975257.144109887536615 ], [ 904721.499980221036822, 1975373.561009375844151 ], [ 904363.160588424187154, 1975663.645278932992369 ], [ 904054.244320672936738, 1976364.596795274410397 ], [ 904097.082064712420106, 1976410.729750400874764 ], [ 904446.332763219252229, 1976580.063422389794141 ], [ 904463.358159610535949, 1976582.824297481682152 ], [ 904628.699829753953964, 1976599.358464485500008 ], [ 904753.250043715815991, 1976611.813485897611827 ], [ 904931.489326458889991, 1976244.532539639156312 ], [ 905102.500742222648114, 1975892.14537988556549 ], [ 905271.834414224606007, 1975500.561263381037861 ], [ 905295.504581470508128, 1975429.550761650782079 ] ] ] } },
{ "type": "Feature", "properties": { "ID": 964, "YEAR": "2013-2014", "Perimtr_KM": 8.6231160500800002, "AREA_KM": 2.3263130807499999, "SCALE": 1, "THICKNES_M": 34.2906946182, "VOLUME_KM": 0.07977089144000001, "MASS_GT": 0.07314990745, "RECURRANCE": ">8", "UA_KM": 0.04311558025, "UH_M": 2.8461276392800001, "UC_KM": 0.00610360702, "REGION": "East", "ICESHELF": "Baudouin" }, "geometry": { "type": "Polygon", "coordinates": [ [ [ 1180038.247571210376918, 1977029.933181561995298 ], [ 1181238.528600007295609, 1976889.267100006807595 ], [ 1182746.656600007787347, 1975579.576999996323138 ], [ 1182773.229756637476385, 1975479.285527605097741 ], [ 1182891.295700003858656, 1975033.685200001578778 ], [ 1182429.809499999508262, 1975085.512500002514571 ], [ 1182081.372000005096197, 1975346.896200004499406 ], [ 1181568.878199997358024, 1975878.904100003186613 ], [ 1180950.633799999486655, 1976011.792000002693385 ], [ 1180285.086600000504404, 1976324.178700007963926 ], [ 1179754.776300007477403, 1976693.690400004852563 ], [ 1179391.856699999421835, 1977105.686500012408942 ], [ 1180038.247571210376918, 1977029.933181561995298 ] ] ] } },
{ "type": "Feature", "properties": { "ID": 965, "YEAR": "2013-2014", "Perimtr_KM": 5.9483124601100004, "AREA_KM": 1.40420958713, "SCALE": 1, "THICKNES_M": 120.767055124, "VOLUME_KM": 0.16958225662000001, "MASS_GT": 0.15550692932, "RECURRANCE": "4-5", "UA_KM": 0.0297415623, "UH_M": 10.0236655259, "UC_KM": 0.01297545298, "REGION": "East", "ICESHELF": "Baudouin" }, "geometry": { "type": "Polygon", "coordinates": [ [ [ 908650.913658881559968, 1975992.620097229722887 ], [ 908716.673774753697217, 1975641.899479250889271 ], [ 906302.603737454861403, 1976098.10881414776668 ], [ 906196.383200005162507, 1976118.182299997191876 ], [ 906480.747998621314764, 1976226.768558324780315 ], [ 906768.622114661149681, 1976336.694868756923825 ], [ 907331.453741431701928, 1976551.615213035140187 ], [ 907631.922467724885792, 1976548.313358895014971 ], [ 908362.173928233329207, 1976696.480321892071515 ], [ 908616.174436229746789, 1976177.895951389800757 ], [ 908650.913658881559968, 1975992.620097229722887 ] ] ] } },
{ "type": "Feature", "properties": { "ID": 966, "YEAR": "2013-2014", "Perimtr_KM": 13.8669014217, "AREA_KM": 3.18480970855, "SCALE": 1, "THICKNES_M": 58.765895843499997, "VOLUME_KM": 0.18715819561, "MASS_GT": 0.17162406538, "RECURRANCE": ">8", "UA_KM": 0.06933450711, "UH_M": 4.8775693309600001, "UC_KM": 0.01432026213, "REGION": "East", "ICESHELF": "Baudouin" }, "geometry": { "type": "Polygon", "coordinates": [ [ [ 1175386.111499316059053, 1977810.409061377402395 ], [ 1176270.098832903429866, 1977756.834076575469226 ], [ 1176833.207200004253536, 1977722.706300007645041 ], [ 1178420.710400011856109, 1977683.018700006883591 ], [ 1178676.664480234961957, 1977530.857761709485203 ], [ 1179391.856699999421835, 1977105.686500012408942 ], [ 1177153.440000000409782, 1977110.406699995044619 ], [ 1176324.815400006715208, 1977077.566600006539375 ], [ 1176135.639700005296618, 1977305.658600004855543 ], [ 1175889.165300004184246, 1977470.831500005442649 ], [ 1175426.371400004252791, 1977445.732500005047768 ], [ 1175153.74370000185445, 1977356.737899998668581 ], [ 1174945.004999998956919, 1977154.221000006888062 ], [ 1174848.508999997749925, 1977131.910800004843622 ], [ 1174699.897100004833192, 1977157.955499995034188 ], [ 1174427.394500006455928, 1977291.681700009386986 ], [ 1174063.273800007533282, 1977319.1275 ], [ 1173491.008400006685406, 1977031.622900016140193 ], [ 1173251.209800009150058, 1977114.681800005491823 ], [ 1172803.392700004857033, 1977293.65349999582395 ], [ 1173433.891482555307448, 1977556.41592639265582 ], [ 1174213.8269999967888, 1977881.456600004341453 ], [ 1175386.111499316059053, 1977810.409061377402395 ] ] ] } },
{ "type": "Feature", "properties": { "ID": 967, "YEAR": "2013-2014", "Perimtr_KM": 6.64775781104, "AREA_KM": 2.4402147843100002, "SCALE": 1, "THICKNES_M": 132.495895386, "VOLUME_KM": 0.32331844278, "MASS_GT": 0.29648301203, "RECURRANCE": "4-5", "UA_KM": 0.03323878906, "UH_M": 10.9971592628, "UC_KM": 0.02473845635, "REGION": "East", "ICESHELF": "Baudouin" }, "geometry": { "type": "Polygon", "coordinates": [ [ [ 943281.759456439409405, 1981164.710985430050641 ], [ 943295.037999995052814, 1981159.107000004034489 ], [ 943296.310356822330505, 1981152.989426746498793 ], [ 943342.456400488037616, 1980931.116288452874869 ], [ 943465.022399998269975, 1980341.811099997255951 ], [ 943217.704500001389533, 1979572.934700003359467 ], [ 942926.594600008800626, 1979784.909400009084493 ], [ 942370.988000004086643, 1980169.182600002270192 ], [ 941447.041700009722263, 1980582.157000007573515 ], [ 941525.189600001554936, 1980844.731800003442913 ], [ 941855.059900003951043, 1981385.712200008798391 ], [ 941849.834722380619496, 1981417.773015049751848 ], [ 941788.359400005545467, 1981794.97530000237748 ], [ 943281.759456439409405, 1981164.710985430050641 ] ] ] } },
{ "type": "Feature", "properties": { "ID": 968, "YEAR": "2013-2014", "Perimtr_KM": 7.5843139668, "AREA_KM": 2.8126365122800001, "SCALE": 1, "THICKNES_M": 173.69855281299999, "VOLUME_KM": 0.48855089177, "MASS_GT": 0.44800116774999998, "RECURRANCE": "5-6", "UA_KM": 0.03792156983, "UH_M": 14.416979812399999, "UC_KM": 0.03738108722, "REGION": "East", "ICESHELF": "Borchgrevink" }, "geometry": { "type": "Polygon", "coordinates": [ [ [ 806988.207600000314415, 2054052.383299996610731 ], [ 807640.382100005168468, 2053348.71170001430437 ], [ 807693.298800003249198, 2051390.791100003290921 ], [ 806958.850800006184727, 2050964.928100002463907 ], [ 806985.566100002732128, 2051308.101000003051013 ], [ 806774.29580000648275, 2051638.193599996622652 ], [ 806867.195200003683567, 2052165.848000003490597 ], [ 806179.441400008276105, 2052601.4344999990426 ], [ 806246.080700004007667, 2053195.169300004374236 ], [ 806988.207600000314415, 2054052.383299996610731 ] ] ] } },
{ "type": "Feature", "properties": { "ID": 969, "YEAR": "2013-2014", "Perimtr_KM": 7.9076979840700004, "AREA_KM": 2.9654123799100001, "SCALE": 1, "THICKNES_M": 165.218478116, "VOLUME_KM": 0.48994092038999998, "MASS_GT": 0.449275824, "RECURRANCE": "5-6", "UA_KM": 0.03953848992, "UH_M": 13.713133616, "UC_KM": 0.03748744417, "REGION": "East", "ICESHELF": "Borchgrevink" }, "geometry": { "type": "Polygon", "coordinates": [ [ [ 806988.207600000314415, 2054052.383299996610731 ], [ 806789.923500000033528, 2054210.955200007651001 ], [ 806062.691300007048994, 2054448.848200005944818 ], [ 804780.621899997349828, 2054819.658200002741069 ], [ 804688.937600002158433, 2055083.530900013167411 ], [ 805204.503500006627291, 2055175.384500011336058 ], [ 805220.159800008405, 2056362.080400007311255 ], [ 807269.964600005187094, 2055253.715500007849187 ], [ 806988.207600000314415, 2054052.383299996610731 ] ] ] } },
{ "type": "Feature", "properties": { "ID": 970, "YEAR": "2013-2014", "Perimtr_KM": 22.063465336, "AREA_KM": 8.5191095571800002, "SCALE": 1, "THICKNES_M": 124.438971127, "VOLUME_KM": 1.06010922821, "MASS_GT": 0.97212016226999998, "RECURRANCE": ">8", "UA_KM": 0.11031732668, "UH_M": 10.328434552599999, "UC_KM": 0.08111342379, "REGION": "East", "ICESHELF": "Borchgrevink" }, "geometry": { "type": "Polygon", "coordinates": [ [ [ 781450.24991248594597, 2080652.183546970132738 ], [ 782667.760300002526492, 2079839.76580000622198 ], [ 782923.219244333449751, 2079305.121221420820802 ], [ 783211.135800007730722, 2078702.546799993608147 ], [ 785719.846300004515797, 2077803.176300006452948 ], [ 787176.562699997331947, 2076831.14170000096783 ], [ 787042.3162000044249, 2076919.587100006174296 ], [ 786910.035700002219528, 2076377.07669999403879 ], [ 786698.441999998874962, 2076085.629600013140589 ], [ 786209.349500002339482, 2076335.848700003232807 ], [ 785865.672900000587106, 2076771.452399997506291 ], [ 784609.601700008846819, 2077442.620000015478581 ], [ 784199.863800002727658, 2077071.96510001597926 ], [ 782889.827400001697242, 2078230.438099994789809 ], [ 782651.693100002594292, 2078243.197899995837361 ], [ 782122.270199997816235, 2078718.006700006779283 ], [ 781460.586500005796552, 2078928.438200012315065 ], [ 780718.517599996645004, 2079786.033900006208569 ], [ 779857.339499998372048, 2080444.996000013779849 ], [ 779989.732500005979091, 2081172.230899998452514 ], [ 779010.155900007113814, 2082280.404300004709512 ], [ 781450.24991248594597, 2080652.183546970132738 ] ] ] } },
{ "type": "Feature", "properties": { "ID": 971, "YEAR": "2013-2014", "Perimtr_KM": 9.8383130315200003, "AREA_KM": 3.1895195758599999, "SCALE": 1, "THICKNES_M": 212.618230184, "VOLUME_KM": 0.67815000735999997, "MASS_GT": 0.62186355675000005, "RECURRANCE": ">8", "UA_KM": 0.04919156516, "UH_M": 17.6473130183, "UC_KM": 0.05188811443, "REGION": "East", "ICESHELF": "Fimbul" }, "geometry": { "type": "Polygon", "coordinates": [ [ [ 265510.687599998898804, 2177601.548900003079325 ], [ 267716.590900009498, 2176954.705399996135384 ], [ 267122.66180000687018, 2176992.524799994658679 ], [ 266758.836700003128499, 2176827.247300003189594 ], [ 266401.961700003128499, 2176787.21090000262484 ], [ 266347.689699998591095, 2176361.076299992855638 ], [ 265839.354500003159046, 2176351.914300005417317 ], [ 265225.985500002745539, 2176736.279900003690273 ], [ 264780.629500003997236, 2176836.51800001366064 ], [ 263400.135299996938556, 2177573.969000003766268 ], [ 263972.242600008379668, 2178131.851399993989617 ], [ 264587.462999996729195, 2178174.280400005634874 ], [ 265510.687599998898804, 2177601.548900003079325 ] ] ] } },
{ "type": "Feature", "properties": { "ID": 973, "YEAR": "2013-2014", "Perimtr_KM": 5.0872125764799998, "AREA_KM": 1.115453302, "SCALE": 1, "THICKNES_M": 145.64339599600001, "VOLUME_KM": 0.16245840698, "MASS_GT": 0.1489743592, "RECURRANCE": "3-4", "UA_KM": 0.02543606288, "UH_M": 12.0884018081, "UC_KM": 0.01243037723, "REGION": "East", "ICESHELF": "Fimbul" }, "geometry": { "type": "Polygon", "coordinates": [ [ [ -59111.75149999698624, 2220294.775300006847829 ], [ -59530.938199998345226, 2219734.583200002554804 ], [ -60191.180499998386949, 2219932.220799996051937 ], [ -58931.936999995727092, 2221724.062000009696931 ], [ -58848.527099997270852, 2220715.470300014596432 ], [ -59111.75149999698624, 2220294.775300006847829 ] ] ] } },
{ "type": "Feature", "properties": { "ID": 1013, "YEAR": "2013-2014", "Perimtr_KM": 10.925496536600001, "AREA_KM": 2.4505059763300001, "SCALE": 1, "THICKNES_M": 222.512366, "VOLUME_KM": 0.54526788269000004, "MASS_GT": 0.50001064842999998, "RECURRANCE": ">8", "UA_KM": 0.05462748268, "UH_M": 18.468526286900001, "UC_KM": 0.04172074318, "REGION": "East", "ICESHELF": "Amery" }, "geometry": { "type": "Polygon", "coordinates": [ [ [ 2249695.41370000410825, 710762.66019999422133 ], [ 2249643.372899999842048, 709585.515599994454533 ], [ 2249357.745800002478063, 710622.613900003489107 ], [ 2249424.300300006754696, 711869.196400007233024 ], [ 2249050.601599997840822, 712777.447700009215623 ], [ 2249142.190200009383261, 714844.976399996783584 ], [ 2249959.997599998489022, 713778.916300013195723 ], [ 2249695.41370000410825, 710762.66019999422133 ] ] ] } },
{ "type": "Feature", "properties": { "ID": 883, "YEAR": "2013-2014", "Perimtr_KM": 23.768867477299999, "AREA_KM": 10.701205617699999, "SCALE": 2, "THICKNES_M": 196.49139417000001, "VOLUME_KM": 2.1026948111200001, "MASS_GT": 1.9281711418, "RECURRANCE": "4-5", "UA_KM": 0.11884433739, "UH_M": 16.308785635700001, "UC_KM": 0.16088603965000001, "REGION": "West", "ICESHELF": "Abbot_5" }, "geometry": { "type": "Polygon", "coordinates": [ [ [ -1958199.69051859038882, -198454.029137177858502 ], [ -1959051.04700000048615, -204211.310999999754131 ], [ -1960183.833982771495357, -205884.756621952634305 ], [ -1960329.250499998452142, -206099.577799991704524 ], [ -1960340.703499998664483, -206079.420500001404434 ], [ -1960346.919199999654666, -206069.027400001417845 ], [ -1960352.828099997714162, -206059.611999997403473 ], [ -1960358.54999999771826, -206050.983100002165884 ], [ -1960364.147199999075383, -206043.047400002833456 ], [ -1960371.315300000831485, -206033.528099999763072 ], [ -1960378.219499999191612, -206025.262600002344698 ], [ -1960385.120799995958805, -206017.825700003188103 ], [ -1960391.930700001306832, -206011.399899997282773 ], [ -1960398.934899997431785, -206005.507199998013675 ], [ -1960405.90080000134185, -206000.578799998853356 ], [ -1960413.094400000758469, -205996.158400000538677 ], [ -1960420.286499997135252, -205992.676399999298155 ], [ -1960428.122899997979403, -205989.341000000480562 ], [ -1960436.122900004032999, -205986.553299999330193 ], [ -1960444.534400002099574, -205983.871999999973923 ], [ -1960453.23700000019744, -205981.516199991572648 ], [ -1960462.232900000642985, -205979.485500002745539 ], [ -1960471.192900000140071, -205978.362999994773418 ], [ -1960480.786800001282245, -205976.97930000256747 ], [ -1960490.685499998740852, -205975.917899999301881 ], [ -1960500.884499997133389, -205975.17920000385493 ], [ -1960511.188299996312708, -205975.124999993015081 ], [ -1960522.023399997968227, -205975.026799991726875 ], [ -1960533.397799994330853, -205974.884200002532452 ], [ -1960545.107699999585748, -205975.061200003139675 ], [ -1960557.165999992750585, -205975.557800000999123 ], [ -1960569.585099996998906, -205976.374599996954203 ], [ -1960582.380799998762086, -205977.512500000186265 ], [ -1960594.233499996364117, -205978.812499998603016 ], [ -1960606.423099994426593, -205980.375799999106675 ], [ -1960619.092000000411645, -205981.984599993098527 ], [ -1960632.021, -205984.083399998489767 ], [ -1960659.132599995704368, -205989.106299993116409 ], [ -1960688.431299997959286, -205995.082799997646362 ], [ -1960713.068699999712408, -206000.575799999758601 ], [ -1960740.06920000212267, -206007.277099994011223 ], [ -1960768.317699994426221, -206014.356800003908575 ], [ -1960840.0639, -206038.949099997524172 ], [ -1960860.651900001335889, -206046.135999999009073 ], [ -1960878.627600000938401, -206051.795899999327958 ], [ -1960896.256999996723607, -206057.580300001893193 ], [ -1960913.524599995464087, -206064.594899994321167 ], [ -1960930.494999997550622, -206071.564399992115796 ], [ -1960947.139, -206079.127300003543496 ], [ -1960963.458799998275936, -206087.284600002225488 ], [ -1960979.487599994288757, -206095.399000001139939 ], [ -1960995.2278, -206103.471599998883903 ], [ -1961010.650599997024983, -206112.141600003000349 ], [ -1961025.756799996364862, -206121.409499996341765 ], [ -1961040.550399997271597, -206131.277599999681115 ], [ -1961055.033699999563396, -206141.747400001622736 ], [ -1961069.209299997193739, -206152.820900002960116 ], [ -1961083.079700000118464, -206164.49980000173673 ], [ -1961096.647599999792874, -206176.786599994171411 ], [ -1961109.915899998042732, -206189.683699992019683 ], [ -1961122.887200002558529, -206203.193800000939518 ], [ -1961135.545299999881536, -206217.297799999825656 ], [ -1961147.913299997337162, -206232.019299991894513 ], [ -1961160.464899995131418, -206247.067300001624972 ], [ -1961172.49720000103116, -206262.887699991930276 ], [ -1961184.484000000171363, -206279.190000004135072 ], [ -1961196.1935, -206296.126799998804927 ], [ -1961207.394200002308935, -206313.850599999073893 ], [ -1961218.560100001515821, -206332.07299999659881 ], [ -1961229.487399999052286, -206351.34159999853 ], [ -1961240.184199997456744, -206371.670299996621907 ], [ -1961250.59169999952428, -206392.265499998815358 ], [ -1961260.981199998874217, -206413.389899999368936 ], [ -1961270.823099998291582, -206435.53060000250116 ], [ -1961280.263900002231821, -206459.321800002362579 ], [ -1961289.497200001962483, -206483.23830000218004 ], [ -1961298.324700001161546, -206507.842799995560199 ], [ -1961305.026899997377768, -206527.993199999444187 ], [ -1961311.588599994778633, -206548.61949999909848 ], [ -1961318.01330000301823, -206569.731199997011572 ], [ -1961324.335699999704957, -206590.754599993117154 ], [ -1961330.496300001395866, -206612.869499997701496 ], [ -1961336.530799999833107, -206635.507000001147389 ], [ -1961342.443699997384101, -206658.682000001892447 ], [ -1961348.270699998363853, -206681.827400001231581 ], [ -1961354.367699999827892, -206704.564499997068197 ], [ -1961360.217599997762591, -206728.407799996901304 ], [ -1961365.965799998957664, -206752.684799999929965 ], [ -1961371.369100001640618, -206777.862200002186 ], [ -1961376.509799994062632, -206804.437300000339746 ], [ -1961381.57290000282228, -206831.92440000269562 ], [ -1961386.738599996548146, -206859.087399999145418 ], [ -1961391.672899996396154, -206887.990400002803653 ], [ -1961399.604400000767782, -206935.877399996854365 ], [ -1961407.488099998328835, -206987.042500001844019 ], [ -1961415.406100002583116, -207041.63499999884516 ], [ -1961423.514600001275539, -207100.50640000263229 ], [ -1961430.440400002757087, -207150.669200002681464 ], [ -1961437.753100000321865, -207204.625099999364465 ], [ -1961461.748799998313189, -207387.984099998138845 ], [ -1961471.294299998320639, -207460.959399995859712 ], [ -1961481.136300002457574, -207533.302300001960248 ], [ -1961491.267199997790158, -207596.141100004315376 ], [ -1961504.676099999574944, -207657.757300002966076 ], [ -1961511.157599999103695, -207687.085699997842312 ], [ -1961517.663399993441999, -207715.312099996954203 ], [ -1961524.643000000622123, -207741.644799996633083 ], [ -1961531.255199996754527, -207768.000799992121756 ], [ -1961537.513099997770041, -207794.450899998191744 ], [ -1961543.852000000886619, -207820.115200000815094 ], [ -1961549.999899999238551, -207849.57510000327602 ], [ -1961556.268300001509488, -207878.192299992777407 ], [ -1961562.667199997697026, -207906.012100001331419 ], [ -1961569.204999998444691, -207933.07079999987036 ], [ -1961575.891100000590086, -207959.40689999749884 ], [ -1961582.730799996294081, -207985.041299991775304 ], [ -1961589.730799997225404, -208009.998499999754131 ], [ -1961597.925599997397512, -208033.247099992353469 ], [ -1961607.328800001647323, -208054.830700000748038 ], [ -1961617.93790000025183, -208074.739300000481308 ], [ -1961627.699799997266382, -208095.091499996371567 ], [ -1961638.676600000588223, -208113.796100003179163 ], [ -1961648.8155000009574, -208132.970500003080815 ], [ -1961660.177700004074723, -208150.519000001717359 ], [ -1961670.708999995607883, -208168.555499998386949 ], [ -1961681.44179999968037, -208186.036299999337643 ], [ -1961692.130699998000637, -208202.448600000701845 ], [ -1961703.016500001307577, -208218.3489999929443 ], [ -1961713.578499999130145, -208235.058099999092519 ], [ -1961722.285200001206249, -208253.370499996934086 ], [ -1961730.673699997365475, -208272.501999997533858 ], [ -1961739.793000002624467, -208289.827499998733401 ], [ -1961749.122300001094118, -208306.665600003208965 ], [ -1961758.140500003937632, -208324.334299997426569 ], [ -1961767.898400002159178, -208340.210599997546524 ], [ -1961777.349700000137091, -208356.924100000876933 ], [ -1961787.019999996293336, -208373.162899997085333 ], [ -1961797.434699999401346, -208387.615299997851253 ], [ -1961807.549199999775738, -208402.912899999879301 ], [ -1961817.888699996750802, -208417.743000002577901 ], [ -1961828.97850000159815, -208430.793499991763383 ], [ -1961839.773599999025464, -208444.695099996868521 ], [ -1961850.809199999785051, -208458.143500000238419 ], [ -1961862.077500001527369, -208471.131100001279265 ], [ -1961874.10350000159815, -208482.344700002577156 ], [ -1961888.834800002165139, -208490.844800002407283 ], [ -1961903.80390000063926, -208498.888099999167025 ], [ -1961919.0123, -208506.475699991453439 ], [ -1961934.461699999170378, -208513.608399995602667 ], [ -1961950.153499996755272, -208520.287400001194328 ], [ -1961966.09019999532029, -208526.513699994422495 ], [ -1961982.272299997974187, -208532.287799991667271 ], [ -1961996.755600000265986, -208538.551199994981289 ], [ -1962013.433099998626858, -208543.422699998132885 ], [ -1962030.360499996691942, -208547.84369999775663 ], [ -1962045.593199998140335, -208552.755799999926239 ], [ -1962063.024099994683638, -208556.277499997988343 ], [ -1962078.763099997770041, -208560.290899999905378 ], [ -1962159.052799998782575, -208576.858999997377396 ], [ -1962183.922799997031689, -208584.022100000176579 ], [ -1962206.514699995983392, -208591.834700002335012 ], [ -1962229.7136, -208599.498700002674013 ], [ -1962253.163199994480237, -208609.567699996288866 ], [ -1962275.235899999039248, -208621.649599992670119 ], [ -1962297.1456, -208635.401099999900907 ], [ -1962318.514899994712323, -208646.573299998417497 ], [ -1962339.448399995919317, -208650.458000002894551 ], [ -1962356.027300001587719, -208651.714599998667836 ], [ -1962371.840499997604638, -208652.412700002081692 ], [ -1962386.931799998274073, -208652.553699997253716 ], [ -1962401.31369999749586, -208652.13699999731034 ], [ -1962415.006199997849762, -208651.162099997978657 ], [ -1962425.254100000718608, -208649.75780000211671 ], [ -1962435.40889999945648, -208647.965799999423325 ], [ -1962445.332899998640642, -208645.527499992866069 ], [ -1962455.030300000216812, -208642.442099998239428 ], [ -1962461.735800003167242, -208638.837899995036423 ], [ -1962470.992499996442348, -208634.453800002578646 ], [ -1962480.036399999633431, -208629.417099993210286 ], [ -1962486.102799999527633, -208623.85500000230968 ], [ -1962491.966799999121577, -208617.633900003973395 ], [ -1962500.395600000862032, -208610.626899997703731 ], [ -1962505.864699999336153, -208603.082799999509007 ], [ -1962511.150300001725554, -208594.865899999625981 ], [ -1962516.259700000751764, -208585.9682 ], [ -1962521.19899999955669, -208576.383100000675768 ], [ -1962525.978399998042732, -208566.09810000192374 ], [ -1962530.607099997811019, -208555.100299996323884 ], [ -1962535.095999997574836, -208543.373700002208352 ], [ -1962539.134400000795722, -208531.490299998782575 ], [ -1962543.067599997855723, -208518.904700001701713 ], [ -1962544.13899999903515, -208505.722900000866503 ], [ -1962547.903599998913705, -208491.652500002644956 ], [ -1962551.602899999124929, -208476.801399990916252 ], [ -1962558.035599998664111, -208460.973199998494238 ], [ -1962564.457699999213219, -208444.235199997201562 ], [ -1962570.905100001487881, -208426.494000001810491 ], [ -1962576.722699999343604, -208409.696099998429418 ], [ -1962582.641099998727441, -208391.869499996770173 ], [ -1962588.717000000178814, -208372.843900001142174 ], [ -1962595.054799998644739, -208352.293199999257922 ], [ -1962607.629799996502697, -208312.984000000637025 ], [ -1962621.789064338430762, -208248.216414647642523 ], [ -1962624.330899997614324, -208236.589499998372048 ], [ -1962590.49979107035324, -208168.764035471249372 ], [ -1961647.992554709780961, -206279.201643015723675 ], [ -1961399.427371150348336, -205780.871863883920014 ], [ -1960828.443086428567767, -204636.148099992889911 ], [ -1960640.202099997084588, -204258.757799995131791 ], [ -1960496.315578042995185, -203759.386937202885747 ], [ -1959290.82439999980852, -199575.623499997425824 ], [ -1958169.877799997571856, -198252.421200001146644 ], [ -1958199.69051859038882, -198454.029137177858502 ] ] ] } }
]
}
