{
"type": "FeatureCollection",
"name": "2014",
"crs": { "type": "name", "properties": { "name": "urn:ogc:def:crs:EPSG::3031" } },
"features": [
{ "type": "Feature", "properties": { "ID": 1082, "YEAR": "2014-2015", "Perimtr_KM": 12.2631838357, "AREA_KM": 4.13634851577, "SCALE": 1, "THICKNES_M": 153.279173, "VOLUME_KM": 0.63401607973999996, "MASS_GT": 0.58139274512000005, "RECURRANCE": "1-2", "UA_KM": 0.06131591918, "UH_M": 12.722171296300001, "UC_KM": 0.04851124167, "REGION": "West", "ICESHELF": "Alison" }, "geometry": { "type": "Polygon", "coordinates": [ [ [ -1750008.478693465236574, 245111.121093465946615 ], [ -1749992.058699996909127, 245045.164041684474796 ], [ -1749984.419312325306237, 245014.477580746635795 ], [ -1749967.864000003086403, 244947.97697014734149 ], [ -1749962.228033386636525, 244925.337999997194856 ], [ -1749943.669300002511591, 244850.78989856922999 ], [ -1749902.144999996758997, 244683.991999997757375 ], [ -1749574.501600002404302, 244338.678700006566942 ], [ -1749472.808021733304486, 244167.713257001712918 ], [ -1749433.768199999118224, 244102.080200004391372 ], [ -1749287.941700000548735, 243534.394000004045665 ], [ -1749297.987599994754419, 242998.576499995775521 ], [ -1749445.427999997278675, 242421.285600013099611 ], [ -1749638.129299998283386, 242173.307799993082881 ], [ -1749893.480891299666837, 242132.20994820818305 ], [ -1750020.057700001401827, 242111.837900016456842 ], [ -1750052.545599998906255, 242076.781927268020809 ], [ -1750296.429799998179078, 241813.619400004856288 ], [ -1750295.432000002125278, 241382.728000006638467 ], [ -1750278.363000000594184, 241347.784933214541525 ], [ -1750202.117899997159839, 241191.698600003495812 ], [ -1750279.268038829090074, 241009.174665331840515 ], [ -1750310.030999998096377, 240936.394800001755357 ], [ -1750394.058309038868174, 241043.330349602270871 ], [ -1751011.296859111636877, 241828.845729539170861 ], [ -1751131.608300000661984, 241981.957500006072223 ], [ -1751056.07339889369905, 242136.804049411322922 ], [ -1751028.81883605197072, 242192.675904009491205 ], [ -1750602.44060000195168, 243066.751299994532019 ], [ -1750202.381441960576922, 245692.139441963285208 ], [ -1750179.106400003656745, 245844.881900003179908 ], [ -1749724.452300002332777, 246350.537000014912337 ], [ -1749734.12929999618791, 245826.293599998112768 ], [ -1749933.970800003036857, 245448.343599997926503 ], [ -1750011.985800002701581, 245125.208700007293373 ], [ -1750008.478693465236574, 245111.121093465946615 ] ] ] } },
{ "type": "Feature", "properties": { "ID": 1044, "YEAR": "2014-2015", "Perimtr_KM": 46.7939453953, "AREA_KM": 54.735405481999997, "SCALE": 2, "THICKNES_M": 367.46886995800003, "VOLUME_KM": 20.1135575992, "MASS_GT": 18.444132318400001, "RECURRANCE": "3-4", "UA_KM": 0.23396972698, "UH_M": 30.499916056099998, "UC_KM": 1.5389730398200001, "REGION": "East", "ICESHELF": "Ninnis" }, "geometry": { "type": "Polygon", "coordinates": [ [ [ 1300252.391200006939471, -2020044.045000004116446 ], [ 1300770.444700014777482, -2020220.652800003997982 ], [ 1301268.695100001990795, -2020111.491000000853091 ], [ 1301584.030100007541478, -2020486.512600004673004 ], [ 1302011.918700007721782, -2020754.997299998532981 ], [ 1302785.467000007629395, -2020920.031500003766268 ], [ 1303172.720800002105534, -2020860.117900002049282 ], [ 1303630.808800003491342, -2020519.062500001862645 ], [ 1303936.551900007762015, -2020191.107299999101087 ], [ 1304723.017700006254017, -2020227.310400002170354 ], [ 1305194.899100000970066, -2020191.40360000077635 ], [ 1305591.353600007481873, -2019912.547900000121444 ], [ 1306426.610300009138882, -2019601.645700002554804 ], [ 1306613.857500008307397, -2019793.543600002769381 ], [ 1306670.370300006121397, -2020434.265400001546368 ], [ 1306579.74800000153482, -2020752.485999994911253 ], [ 1306705.628100004978478, -2020950.543600002070889 ], [ 1306943.0241, -2021159.732800001977012 ], [ 1306778.94949999731034, -2021232.878700003260747 ], [ 1306458.592899997718632, -2021197.147099999012426 ], [ 1306012.126300004310906, -2020745.3324 ], [ 1305412.856900004670024, -2020734.665800004033372 ], [ 1304890.556800004094839, -2020754.696500001475215 ], [ 1304440.421400000341237, -2020838.915499998256564 ], [ 1304531.267100007273257, -2020925.144799997098744 ], [ 1304730.536200009286404, -2021171.557999995537102 ], [ 1305108.333500003442168, -2021508.068100003059953 ], [ 1304889.5515, -2021651.665800005197525 ], [ 1303978.228600004687905, -2021340.033499998040497 ], [ 1303462.554500001482666, -2021974.962300001643598 ], [ 1303144.557600004598498, -2022281.751300001982599 ], [ 1302991.288900007493794, -2022510.171399992424995 ], [ 1303349.110599996522069, -2022936.470500002149493 ], [ 1303857.00940000358969, -2023235.337699994910508 ], [ 1304399.588600011542439, -2023627.464500001864508 ], [ 1304470.888999998569489, -2024170.915100001962855 ], [ 1303641.528261017985642, -2025485.170728811994195 ], [ 1301056.856500004418194, -2029580.999300001189113 ], [ 1299700.705877020955086, -2029682.710599884390831 ], [ 1295736.936100001446903, -2029979.993342394940555 ], [ 1295691.137999999336898, -2029983.428200001362711 ], [ 1295736.936100001446903, -2029920.847720675636083 ], [ 1295929.980800004675984, -2029657.063200002070516 ], [ 1295902.397828041575849, -2029621.38474103063345 ], [ 1295860.070883530192077, -2029566.635015175677836 ], [ 1295201.665081260725856, -2028714.989861246198416 ], [ 1295168.447300003841519, -2028672.022799997357652 ], [ 1295312.678299999795854, -2028425.846499994862825 ], [ 1295328.06524159386754, -2028411.629471355583519 ], [ 1295940.734499999321997, -2027845.543200001353398 ], [ 1296484.978500002063811, -2027569.386799995787442 ], [ 1297037.020117806270719, -2027274.077010216657072 ], [ 1297039.22580000013113, -2027272.897099998779595 ], [ 1297137.534100007265806, -2027021.582699997816235 ], [ 1297139.302382743917406, -2026952.702303905505687 ], [ 1297150.010199998505414, -2026535.597800000337884 ], [ 1297746.473000005818903, -2026414.250399997923523 ], [ 1297709.436699997633696, -2026028.176199997076765 ], [ 1297746.070331131108105, -2026042.795519634848461 ], [ 1298124.082800004631281, -2026193.648300000466406 ], [ 1298436.027599998749793, -2026092.695500003639609 ], [ 1298569.502399996854365, -2025941.525199999567121 ], [ 1298734.218300005421042, -2025671.590899998787791 ], [ 1298530.711199996992946, -2025401.598299997160211 ], [ 1298197.328800002112985, -2025048.260200001532212 ], [ 1298170.628877545706928, -2024872.708400000818074 ], [ 1298107.120900004170835, -2024455.143900002585724 ], [ 1297936.571100007742643, -2024166.715899996925145 ], [ 1298200.277400002814829, -2023724.123500000219792 ], [ 1298198.750600003637373, -2023587.462400001240894 ], [ 1298637.99190001282841, -2023028.131400004029274 ], [ 1298617.337100001983345, -2022683.353599997237325 ], [ 1298366.493000004440546, -2022683.216899994760752 ], [ 1298086.469200004823506, -2022504.947200001683086 ], [ 1298051.768600004725158, -2022228.2483 ], [ 1298153.478900004178286, -2021912.058199999853969 ], [ 1298678.894000000320375, -2022008.141499992925674 ], [ 1298752.69550000410527, -2021576.046500000404194 ], [ 1298776.162100001238286, -2021265.874999993247911 ], [ 1298991.651500000618398, -2021145.001500001410022 ], [ 1298861.798799997195601, -2020692.003300001379102 ], [ 1299232.736000007949769, -2020794.239999995566905 ], [ 1299396.651900007389486, -2020578.821 ], [ 1299788.405000003986061, -2020011.007700003217906 ], [ 1299580.379199997521937, -2019867.100100001087412 ], [ 1299081.78759999666363, -2019678.658500001532957 ], [ 1299146.725900003686547, -2019334.363600003067404 ], [ 1299848.925100008025765, -2019686.077899994794279 ], [ 1300252.391200006939471, -2020044.045000004116446 ] ] ] } },
{ "type": "Feature", "properties": { "ID": 1046, "YEAR": "2014-2015", "Perimtr_KM": 17.606247168300001, "AREA_KM": 9.6418719437499991, "SCALE": 1, "THICKNES_M": 181.993564405, "VOLUME_KM": 1.7547586425799999, "MASS_GT": 1.6091136752499999, "RECURRANCE": "4-5", "UA_KM": 0.08803123584, "UH_M": 15.1054657711, "UC_KM": 0.13426397737000001, "REGION": "East", "ICESHELF": "Drygalski" }, "geometry": { "type": "Polygon", "coordinates": [ [ [ 410384.646600005216897, -1541295.507800000254065 ], [ 410606.119399996008724, -1541527.402399997226894 ], [ 410309.846700004301965, -1542247.918900000164285 ], [ 410283.708600002340972, -1542921.631199999712408 ], [ 409020.308500000275671, -1542914.976699998602271 ], [ 408954.57019999762997, -1541449.952600001823157 ], [ 408392.3295, -1541516.09849999519065 ], [ 408274.353882674127817, -1541876.402428445406258 ], [ 408058.317177336197346, -1542536.190233639907092 ], [ 407936.159499999135733, -1542909.26639999775216 ], [ 406259.300600007642061, -1542900.434199993498623 ], [ 406460.839600001461804, -1542825.931499995756894 ], [ 406546.376500001642853, -1542603.32009999640286 ], [ 406560.322131533641368, -1542580.686699119396508 ], [ 406631.456099995411932, -1542465.238099997164682 ], [ 406673.880399995017797, -1542122.562700002919883 ], [ 406572.431787045206875, -1541932.903622914571315 ], [ 406485.915199995040894, -1541771.160100001376122 ], [ 406464.748500009998679, -1541601.826399999670684 ], [ 406592.404200000688434, -1541209.654300002381206 ], [ 406589.990999999456108, -1540967.61459999717772 ], [ 407013.291499999351799, -1540736.542599999345839 ], [ 407697.902100009378046, -1540565.3415 ], [ 408140.009100001771003, -1540077.252900002989918 ], [ 408539.837399997282773, -1539896.151699994225055 ], [ 408761.694300007540733, -1539800.184599997708574 ], [ 408793.716499995440245, -1539281.119399995077401 ], [ 408867.915400003548712, -1539079.964000004576519 ], [ 408910.043100000824779, -1538762.22330000018701 ], [ 408960.971700001507998, -1538539.711499999742955 ], [ 409225.334500000812113, -1538707.638899999205023 ], [ 409373.386500009335577, -1539023.977499996544793 ], [ 409688.816199999302626, -1539339.987599996849895 ], [ 409678.201299997977912, -1539509.407999998424202 ], [ 409595.201400001998991, -1539774.173800001852214 ], [ 409635.940000009257346, -1540155.948199992068112 ], [ 409972.682699999772012, -1540312.583799998275936 ], [ 410331.958399999886751, -1540903.758199999341741 ], [ 410384.646600005216897, -1541295.507800000254065 ] ] ] } },
{ "type": "Feature", "properties": { "ID": 1047, "YEAR": "2014-2015", "Perimtr_KM": 83.208925563400001, "AREA_KM": 269.20838261199998, "SCALE": 3, "THICKNES_M": 399.03803006099997, "VOLUME_KM": 107.424382673, "MASS_GT": 98.508158911500004, "RECURRANCE": "4-5", "UA_KM": 0.41604462782000001, "UH_M": 33.120156331700002, "UC_KM": 8.2194921479800005, "REGION": "East", "ICESHELF": "Moscow_University" }, "geometry": { "type": "Polygon", "coordinates": [ [ [ 2187423.963094484061003, -1369560.251406379742548 ], [ 2187433.478200002573431, -1369560.656303712166846 ], [ 2188342.490400004200637, -1369599.337600000668317 ], [ 2189378.283928419463336, -1369688.042618819046766 ], [ 2190614.481800010427833, -1369793.910200000740588 ], [ 2190509.5128433406353, -1370297.243500003125519 ], [ 2190479.950438188388944, -1370438.997247122228146 ], [ 2190344.176771530881524, -1371090.041230557020754 ], [ 2188709.2567999958992, -1378929.593899994622916 ], [ 2170929.221200001426041, -1382739.601500002900138 ], [ 2156610.408180464059114, -1376520.010756240459159 ], [ 2154891.657099996693432, -1375773.445500004338101 ], [ 2156760.320099999196827, -1375668.578700002050027 ], [ 2161008.138900008052588, -1373657.5311 ], [ 2163209.294000015594065, -1373533.664999997010455 ], [ 2167359.157000009901822, -1373277.471999996574596 ], [ 2169948.496000003069639, -1372977.794999998994172 ], [ 2170929.684146938845515, -1371882.264546929392964 ], [ 2170936.597300004214048, -1371874.545772773446515 ], [ 2170976.544897958636284, -1371829.9429 ], [ 2170995.832099998369813, -1371808.408072808058932 ], [ 2171029.597175383940339, -1371770.708200003020465 ], [ 2171190.808400008827448, -1371590.71029999689199 ], [ 2171921.040834542363882, -1371691.132462330861017 ], [ 2172187.551519473083317, -1371727.783229947090149 ], [ 2173149.912499999627471, -1371860.127899999497458 ], [ 2174698.7577, -1371874.685099993832409 ], [ 2176649.35150000359863, -1371645.539899999508634 ], [ 2176949.918838826939464, -1371059.890999996336177 ], [ 2177094.321328684687614, -1370778.525900000240654 ], [ 2177159.876900002360344, -1370650.792299997992814 ], [ 2177524.866093598306179, -1370574.401033065048978 ], [ 2177610.894101266749203, -1370556.395599991781637 ], [ 2177784.059008588083088, -1370520.152645702240989 ], [ 2177823.157191812060773, -1370511.969499999191612 ], [ 2178075.335941161029041, -1370459.189158840570599 ], [ 2178954.878700003959239, -1370275.10319999884814 ], [ 2180440.115600009448826, -1371387.066300003556535 ], [ 2182646.189900008030236, -1371315.257900002179667 ], [ 2184767.861210984177887, -1370663.114605489186943 ], [ 2185225.334899995476007, -1370522.49979999801144 ], [ 2187400.726100000552833, -1369559.262599994195625 ], [ 2187423.963094484061003, -1369560.251406379742548 ] ] ] } },
{ "type": "Feature", "properties": { "ID": 1048, "YEAR": "2014-2015", "Perimtr_KM": 15.961208275700001, "AREA_KM": 9.9096378910399991, "SCALE": 1, "THICKNES_M": 174.79206727299999, "VOLUME_KM": 1.7321260929, "MASS_GT": 1.58835962719, "RECURRANCE": "1-2", "UA_KM": 0.07980604138, "UH_M": 14.507741512100001, "UC_KM": 0.13253226563000001, "REGION": "West", "ICESHELF": "Getz_1" }, "geometry": { "type": "Polygon", "coordinates": [ [ [ -1466658.572799996938556, -1021979.32479999656789 ], [ -1466651.401899998309091, -1022002.751699996879324 ], [ -1466644.166299994802102, -1022023.947999997064471 ], [ -1466641.077500002691522, -1022033.651800002669916 ], [ -1466637.352999998489395, -1022043.047799998894334 ], [ -1466633.573199999518692, -1022051.995599998626858 ], [ -1466629.732400000561029, -1022060.508599997498095 ], [ -1466626.127799998503178, -1022067.991700002690777 ], [ -1466615.574099999619648, -1022074.499399998923764 ], [ -1466611.229400003794581, -1022081.208399997791275 ], [ -1466607.85039999964647, -1022087.405800002161413 ], [ -1466603.989100001985207, -1022093.506299999309704 ], [ -1466600.057599997147918, -1022099.271399998804554 ], [ -1466596.053599998354912, -1022104.704199997941032 ], [ -1466591.975499998079613, -1022109.807300004409626 ], [ -1466587.818899998441339, -1022114.585400003008544 ], [ -1466583.998500000452623, -1022118.796500000404194 ], [ -1466579.685300000943244, -1022122.923700001090765 ], [ -1466575.291599995689467, -1022126.7276999973692 ], [ -1466570.816099998308346, -1022130.209399997955188 ], [ -1466566.257599999196827, -1022133.369900000514463 ], [ -1466562.028999995440245, -1022135.968700001714751 ], [ -1466557.301399995805696, -1022138.488599998177961 ], [ -1466551.48620000295341, -1022141.127499994821846 ], [ -1466545.307199999690056, -1022143.46950000221841 ], [ -1466538.751099995570257, -1022145.519800001522526 ], [ -1466531.799600000493228, -1022147.284099997486919 ], [ -1466524.441100002499297, -1022148.766100002452731 ], [ -1466516.635599996661767, -1022149.974800000200048 ], [ -1466508.345499997027218, -1022150.915999994147569 ], [ -1466499.511699998518452, -1022151.5965 ], [ -1466484.077700001187623, -1022152.15769999823533 ], [ -1466466.3885000012815, -1022152.091600001556799 ], [ -1466449.151299994438887, -1022151.569399994565174 ], [ -1466407.307600001106039, -1022149.802700000349432 ], [ -1466387.35869999602437, -1022149.108799998881295 ], [ -1466378.232600002083927, -1022148.920899991877377 ], [ -1466368.772200001170859, -1022149.224499999312684 ], [ -1466359.924899995792657, -1022149.761599991470575 ], [ -1466352.71100000012666, -1022150.274000003235415 ], [ -1466344.539600000251085, -1022151.343399998033419 ], [ -1466336.833799998508766, -1022152.684599996544421 ], [ -1466330.657500000903383, -1022154.040900003397837 ], [ -1466323.785099999513477, -1022155.944199995137751 ], [ -1466317.290700000943616, -1022158.139299992937595 ], [ -1466311.165099998004735, -1022160.629699999466538 ], [ -1466306.495799999451265, -1022163.157699998933822 ], [ -1466301.072099996265024, -1022166.25420000217855 ], [ -1466294.907299999380484, -1022170.41299999714829 ], [ -1466288.973000001395121, -1022175.11839999910444 ], [ -1466284.357900000177324, -1022180.116399997379631 ], [ -1466278.847300000721589, -1022185.946199995232746 ], [ -1466273.531800003023818, -1022192.35350000183098 ], [ -1466268.387200002325699, -1022199.366300004068762 ], [ -1466264.493400001898408, -1022206.7493 ], [ -1466259.622000003466383, -1022215.071000000694767 ], [ -1466255.291599998483434, -1022223.231699996860698 ], [ -1466251.000700001372024, -1022232.055899996077642 ], [ -1466246.708099998533726, -1022241.627700004260987 ], [ -1466242.340499999001622, -1022252.110199996270239 ], [ -1466235.184999995864928, -1022273.450999994296581 ], [ -1466219.581099994014949, -1022317.273499999893829 ], [ -1466213.929899998009205, -1022335.244200000539422 ], [ -1466206.471899998607114, -1022353.804900004062802 ], [ -1466202.84990000189282, -1022362.10179999936372 ], [ -1466199.239300001179799, -1022369.882899998454377 ], [ -1466195.837699993979186, -1022378.64009999926202 ], [ -1466191.269799998495728, -1022387.042100002756342 ], [ -1466186.605499998666346, -1022394.881900001550093 ], [ -1466181.823499999241903, -1022402.194800001801923 ], [ -1466176.898799998685718, -1022409.017800002126023 ], [ -1466172.923499999567866, -1022415.098000003024936 ], [ -1466167.683400003705174, -1022420.978100003907457 ], [ -1466162.268399997614324, -1022426.406799999298528 ], [ -1466151.853700001258403, -1022435.957899992354214 ], [ -1466142.231700001750141, -1022444.941699997521937 ], [ -1466131.201400000369176, -1022453.884499998530373 ], [ -1466120.96369999810122, -1022462.260100002633408 ], [ -1466109.317899996647611, -1022470.594700002344325 ], [ -1466097.364299999317154, -1022478.625300002750009 ], [ -1466085.102899999823421, -1022486.35179999936372 ], [ -1466072.533699997700751, -1022493.774100000737235 ], [ -1466065.340451079653576, -1022497.75046901172027 ], [ -1466059.656700000166893, -1022500.892400002805516 ], [ -1466046.471999997738749, -1022507.706600001081824 ], [ -1466032.979499999899417, -1022514.216700002085418 ], [ -1466018.141399999149144, -1022519.713199999881908 ], [ -1466016.151099999668077, -1022535.872099998407066 ], [ -1466017.285299997543916, -1022559.799399999668822 ], [ -1466018.027900001034141, -1022583.079299999168143 ], [ -1466018.378899996401742, -1022605.711900001624599 ], [ -1466018.338299997383729, -1022627.697099995333701 ], [ -1466017.906099997228011, -1022649.034900001017377 ], [ -1466017.082299995934591, -1022669.725400002673268 ], [ -1466015.866900000255555, -1022689.768600000767037 ], [ -1466014.259899996453896, -1022709.16429999191314 ], [ -1466012.261399996234104, -1022727.912799997720867 ], [ -1466009.871199996909127, -1022746.01390000176616 ], [ -1466007.089399996446446, -1022763.467599997296929 ], [ -1466003.916099999565631, -1022780.274000002304092 ], [ -1466000.351100003579631, -1022796.432999999029562 ], [ -1465996.394499999703839, -1022811.944699998479337 ], [ -1465992.046399999177083, -1022826.809000002918765 ], [ -1465987.306599999545142, -1022841.02600000356324 ], [ -1465982.175299996742979, -1022854.59560000221245 ], [ -1465976.652300001587719, -1022867.517900004051626 ], [ -1465970.737799996510148, -1022879.792800003895536 ], [ -1465964.431699996814132, -1022891.420300002209842 ], [ -1465957.733899998245761, -1022902.400600001215935 ], [ -1465951.737500002840534, -1022912.442499996162951 ], [ -1465944.256599999731407, -1022922.127999998396263 ], [ -1465936.384100002236664, -1022931.166200003586709 ], [ -1465929.213000000920147, -1022939.266100002685562 ], [ -1465920.557199996430427, -1022947.009500004118308 ], [ -1465911.509900002274662, -1022954.105600001756102 ], [ -1465904.110843888483942, -1022959.564819700783119 ], [ -1465903.163899999577552, -1022960.263499998254701 ], [ -1465892.73880000016652, -1022965.740499996813014 ], [ -1465881.825800000224262, -1022969.630699996836483 ], [ -1465870.022099998313934, -1022973.3381 ], [ -1465866.400599998189136, -1022974.298700001789257 ], [ -1465862.921199997654185, -1022975.304900001268834 ], [ -1465856.582899995846674, -1022976.477900001220405 ], [ -1465848.509699996793643, -1022977.329800000879914 ], [ -1465839.773799998918548, -1022977.52170000039041 ], [ -1465831.455600000917912, -1022976.71430000080727 ], [ -1465821.322799997171387, -1022975.588599997805431 ], [ -1465811.813299995847046, -1022973.669899997068569 ], [ -1465800.669999999692664, -1022971.628700000466779 ], [ -1465792.245400000130758, -1022969.2257 ], [ -1465782.337900000391528, -1022966.905600003432482 ], [ -1465773.02419999986887, -1022963.806899997638538 ], [ -1465760.710099999094382, -1022959.947399996919557 ], [ -1465738.122100001666695, -1022951.58969999756664 ], [ -1465686.158000000519678, -1022931.105799998156726 ], [ -1465672.404299997724593, -1022926.443099999567494 ], [ -1465660.212000000756234, -1022922.514299993170425 ], [ -1465648.15379999880679, -1022918.891099994070828 ], [ -1465637.113100001122802, -1022915.875399996992201 ], [ -1465626.9149, -1022913.419700002297759 ], [ -1465617.466099997982383, -1022911.501700000837445 ], [ -1465608.721799996448681, -1022910.110700002638623 ], [ -1465600.603999999351799, -1022909.232099996181205 ], [ -1465593.075599996838719, -1022908.86200000019744 ], [ -1465586.111499996390194, -1022908.999400001717731 ], [ -1465579.685599999502301, -1022909.645199995720759 ], [ -1465573.788499995833263, -1022910.801199999637902 ], [ -1465568.407399997813627, -1022912.470000000204891 ], [ -1465563.532900002319366, -1022914.65439999429509 ], [ -1465559.566099997842684, -1022916.989599992288277 ], [ -1465555.870600000722334, -1022919.66020000167191 ], [ -1465552.443999999202788, -1022922.667699998011813 ], [ -1465549.284, -1022926.013999996474013 ], [ -1465546.388700001407415, -1022929.701299999607727 ], [ -1465543.755600000731647, -1022933.732599999755621 ], [ -1465541.382399997441098, -1022938.111200003419071 ], [ -1465539.267000001389533, -1022942.841200001072139 ], [ -1465537.41, -1022947.919200001750141 ], [ -1465535.805799999507144, -1022953.357699998887256 ], [ -1465534.452700001653284, -1022959.163200001465157 ], [ -1465532.455999998375773, -1022964.706400001654401 ], [ -1465529.814399996073917, -1022969.994500000262633 ], [ -1465528.013700003037229, -1022976.102299996418878 ], [ -1465527.647999997949228, -1022983.467199998674914 ], [ -1465527.526299998862669, -1022991.256799999158829 ], [ -1465527.851199995493516, -1023004.945200002286583 ], [ -1465528.828999995952472, -1023019.941199996741489 ], [ -1465530.469600000185892, -1023036.406400001607835 ], [ -1465532.804000001167879, -1023054.654599997447804 ], [ -1465535.389199997298419, -1023071.992500001331791 ], [ -1465538.634099999675527, -1023091.719300004187971 ], [ -1465552.568699997616932, -1023169.730300004594028 ], [ -1465558.187900000950322, -1023203.385300001362339 ], [ -1465560.855300001334399, -1023221.200800000689924 ], [ -1465563.064100002171472, -1023237.718499996932223 ], [ -1465564.852799998130649, -1023253.228600002126768 ], [ -1465566.23769999970682, -1023267.873999999836087 ], [ -1465567.383399998303503, -1023284.51119999284856 ], [ -1465567.966800000984222, -1023300.173400002531707 ], [ -1465567.991299998713657, -1023314.949900002451614 ], [ -1465567.456599998055026, -1023328.897000000812113 ], [ -1465566.359499996528029, -1023342.075299998978153 ], [ -1465564.697599996579811, -1023354.501100000925362 ], [ -1465562.467199999140576, -1023366.201200004434213 ], [ -1465559.664599999319762, -1023377.194999996805564 ], [ -1465556.096400001319125, -1023388.623400001320988 ], [ -1465552.004599998006597, -1023400.123699998250231 ], [ -1465546.986899998039007, -1023411.297899996163324 ], [ -1465540.242699997499585, -1023421.334600003436208 ], [ -1465533.936299997381866, -1023432.558300000382587 ], [ -1465527.648999997647479, -1023444.601100000320002 ], [ -1465520.764599999180064, -1023456.879900001455098 ], [ -1465520.129911666968837, -1023457.941917964955792 ], [ -1465513.24629999906756, -1023469.460199998924509 ], [ -1465505.798099994659424, -1023481.261799996485934 ], [ -1465498.218699996825308, -1023493.206199993146583 ], [ -1465489.444899998372421, -1023505.942200002260506 ], [ -1465480.31639999942854, -1023519.150899992324412 ], [ -1465460.517099996097386, -1023545.785099995322526 ], [ -1465421.928199998103082, -1023596.843899996718392 ], [ -1465406.213799997698516, -1023618.064700001385063 ], [ -1465390.289799995487556, -1023640.379600001731887 ], [ -1465376.167899998603389, -1023660.885699992068112 ], [ -1465368.759300000267103, -1023672.72459999541752 ], [ -1465361.443700001109391, -1023684.468399995239452 ], [ -1465354.664399997098371, -1023695.931099999230355 ], [ -1465348.389800000702962, -1023707.166499999817461 ], [ -1465343.080699999816716, -1023717.967900003073737 ], [ -1465337.740999998059124, -1023728.887499996228144 ], [ -1465332.849700001999736, -1023739.688000004505739 ], [ -1465328.396699996199459, -1023750.392100002150983 ], [ -1465322.633199997711927, -1023766.409199994755909 ], [ -1465316.609399995999411, -1023783.179099997971207 ], [ -1465310.808100002119318, -1023800.465200002770871 ], [ -1465305.2162, -1023818.30669999611564 ], [ -1465300.318399995332584, -1023836.463199999881908 ], [ -1465295.015500002773479, -1023855.31569999572821 ], [ -1465289.635600000387058, -1023872.677399998297915 ], [ -1465284.690599997062236, -1023893.115300001576543 ], [ -1465280.855699998792261, -1023912.506200003437698 ], [ -1465276.499299999559298, -1023933.123199997935444 ], [ -1465272.143500001635402, -1023954.914999996079132 ], [ -1465267.706999995280057, -1023978.287300000432879 ], [ -1465259.781800003489479, -1024022.605099996551871 ], [ -1465242.844999995315447, -1024124.49329999811016 ], [ -1465235.046100002946332, -1024172.972000000299886 ], [ -1465227.250199996167794, -1024220.895699998829514 ], [ -1465220.013599999714643, -1024268.065999992191792 ], [ -1465213.524500000756234, -1024313.390299995196983 ], [ -1465207.553099999669939, -1024358.216300001600757 ], [ -1465201.957699995022267, -1024403.377699998673052 ], [ -1465196.901700003072619, -1024447.928300000494346 ], [ -1465192.846262392122298, -1024487.380131158279255 ], [ -1465192.382600000360981, -1024491.890700003597885 ], [ -1465188.394999996758997, -1024535.3233 ], [ -1465184.941499999258667, -1024578.204199992585927 ], [ -1465182.021000003674999, -1024620.548999999882653 ], [ -1465179.632399998605251, -1024662.370599993271753 ], [ -1465177.775199994212016, -1024703.682999997399747 ], [ -1465176.448800003388897, -1024744.494099998613819 ], [ -1465176.779599993722513, -1024781.866500003030524 ], [ -1465176.514400003477931, -1024821.701699991710484 ], [ -1465176.780900000827387, -1024861.155999996466562 ], [ -1465177.580499998293817, -1024900.137699991231784 ], [ -1465178.91330000013113, -1024938.652899999637157 ], [ -1465180.77950000227429, -1024976.706699998117983 ], [ -1465183.179300000658259, -1025014.304600002709776 ], [ -1465186.11300000292249, -1025051.450100002111867 ], [ -1465189.581000000471249, -1025088.1473 ], [ -1465193.583500002976507, -1025124.399399992078543 ], [ -1465198.121300000464544, -1025160.213500001467764 ], [ -1465203.291499996557832, -1025195.335199998924509 ], [ -1465210.063399996841326, -1025227.231899998150766 ], [ -1465216.208599996753037, -1025261.7369 ], [ -1465222.890299994265661, -1025295.810499998275191 ], [ -1465230.108999999705702, -1025329.454399992711842 ], [ -1465237.865099997725338, -1025362.670499998377636 ], [ -1465245.222300002118573, -1025395.851099994732067 ], [ -1465247.678399995435029, -1025404.69069999596104 ], [ -1465250.481199997942895, -1025413.838799998629838 ], [ -1465253.63569999509491, -1025423.311799997929484 ], [ -1465257.148999996483326, -1025433.131100001046434 ], [ -1465261.025699996156618, -1025443.310900001088157 ], [ -1465264.346000000601634, -1025454.28610000316985 ], [ -1465274.074299997184426, -1025476.853000000817701 ], [ -1465283.103300001705065, -1025498.813500000862405 ], [ -1465294.843500000890344, -1025522.99470000108704 ], [ -1465306.078200002200902, -1025547.62680000346154 ], [ -1465336.708199996268377, -1025609.931100001093 ], [ -1465345.523200001567602, -1025627.645300002070144 ], [ -1465352.184400000376627, -1025643.728799998760223 ], [ -1465359.284899995662272, -1025660.067000004928559 ], [ -1465366.416499995626509, -1025675.329299994278699 ], [ -1465371.397000001277775, -1025690.611500001512468 ], [ -1465376.610999998170882, -1025704.469599992735311 ], [ -1465379.475199999054894, -1025712.787600001785904 ], [ -1465382.004499998874962, -1025720.76509999576956 ], [ -1465384.204799998318776, -1025728.421200002776459 ], [ -1465386.080499995034188, -1025735.770399995613843 ], [ -1465387.635200002929196, -1025742.82819999451749 ], [ -1465388.870600000955164, -1025749.602400001836941 ], [ -1465389.78819999890402, -1025756.102099992800504 ], [ -1465390.389299996895716, -1025762.334900001529604 ], [ -1465390.67460000095889, -1025768.316900001605973 ], [ -1465390.643199995858595, -1025774.043499999679625 ], [ -1465390.294899999164045, -1025779.51990000391379 ], [ -1465389.629699997138232, -1025784.750199998030439 ], [ -1465388.6468, -1025789.738799999700859 ], [ -1465387.345599999185652, -1025794.488499992294237 ], [ -1465385.725400002440438, -1025799.002300002379343 ], [ -1465383.785199996549636, -1025803.282600000267848 ], [ -1465381.817000003997236, -1025806.782299996819347 ], [ -1465379.535400001797825, -1025810.098199996864423 ], [ -1465376.939299999503419, -1025813.232099997345358 ], [ -1465374.027399996528402, -1025816.185400003101677 ], [ -1465370.798399999272078, -1025818.959600003901869 ], [ -1465368.381800000555813, -1025821.158099999651313 ], [ -1465364.51179999881424, -1025823.579599992604926 ], [ -1465360.317499994765967, -1025825.827399998204783 ], [ -1465355.800699999090284, -1025827.900900001870468 ], [ -1465350.953199997311458, -1025829.804500001017004 ], [ -1465346.902799997013062, -1025831.141099999193102 ], [ -1465341.380200000479817, -1025832.709900001995265 ], [ -1465335.512800002936274, -1025834.113499998580664 ], [ -1465329.291799995582551, -1025835.354200002970174 ], [ -1465323.840799997793511, -1025836.035000002710149 ], [ -1465316.88559999759309, -1025836.954899993725121 ], [ -1465303.951499994378537, -1025837.854999999050051 ], [ -1465288.424799998290837, -1025838.610200000926852 ], [ -1465272.419699996244162, -1025838.431400003144518 ], [ -1465254.519699999131262, -1025837.720799999311566 ], [ -1465236.318400001386181, -1025836.570899999001995 ], [ -1465214.278500000247732, -1025835.343300003325567 ], [ -1465122.774999995017424, -1025828.807999991811812 ], [ -1465101.66050000092946, -1025827.490299998084083 ], [ -1465082.876999996136874, -1025826.532000003382564 ], [ -1465061.809999994467944, -1025825.788300002226606 ], [ -1465043.117600001161918, -1025825.208299997495487 ], [ -1465025.858199996408075, -1025825.08929999708198 ], [ -1465009.861900003394112, -1025825.433300000848249 ], [ -1465000.239999994868413, -1025826.062000000849366 ], [ -1464991.026500001549721, -1025826.868500005453825 ], [ -1464982.795800000661984, -1025827.552800000878051 ], [ -1464974.351599990390241, -1025828.719799995422363 ], [ -1464966.863000003388152, -1025829.767999998992309 ], [ -1464959.14059999701567, -1025831.302200001431629 ], [ -1464951.767899999395013, -1025833.0222 ], [ -1464945.329799995757639, -1025834.627599996048957 ], [ -1464938.629200000315905, -1025836.72659999714233 ], [ -1464932.262299996800721, -1025839.0164 ], [ -1464926.225000001722947, -1025841.498599992133677 ], [ -1464921.105199999641627, -1025843.872599999187514 ], [ -1464915.716699997894466, -1025846.743799998424947 ], [ -1464910.648799999849871, -1025849.811599995475262 ], [ -1464905.899199998471886, -1025853.077199992490932 ], [ -1464902.057499997783452, -1025856.240200004773214 ], [ -1464897.211700001731515, -1025860.421400000108406 ], [ -1464892.424800001317635, -1025864.835299996426329 ], [ -1464887.698199994629249, -1025869.480399997672066 ], [ -1464883.033600001130253, -1025874.35520000080578 ], [ -1464874.487899996805936, -1025884.485500001581386 ], [ -1464865.618400000501424, -1025895.814100004266948 ], [ -1464857.620100000174716, -1025907.722199994605035 ], [ -1464849.327000001212582, -1025920.790300001390278 ], [ -1464841.345400003250688, -1025934.692699996987358 ], [ -1464834.283100001979619, -1025949.099700002232566 ], [ -1464826.956999995047227, -1025964.619700000621378 ], [ -1464819.993300000205636, -1025980.882400000235066 ], [ -1464814.000499998452142, -1025997.5465000027325 ], [ -1464807.813199996482581, -1026015.170500001171604 ], [ -1464802.038399999728426, -1026033.408699999330565 ], [ -1464797.286799998721108, -1026051.900099997408688 ], [ -1464792.39189999550581, -1026071.189700001152232 ], [ -1464788.837699994444847, -1026090.576400001300499 ], [ -1464787.463099997956306, -1026109.940799999050796 ], [ -1464786.158799999859184, -1026129.772800001315773 ], [ -1464783.185700001195073, -1026150.664899999508634 ], [ -1464780.745499999728054, -1026171.696799997473136 ], [ -1464778.847899999003857, -1026192.786599997896701 ], [ -1464777.500599997118115, -1026213.847900001564994 ], [ -1464776.70910000288859, -1026234.795499997446314 ], [ -1464776.476599997607991, -1026255.545399998081848 ], [ -1464776.803299997700378, -1026275.994500001426786 ], [ -1464777.687499997671694, -1026296.084199998993427 ], [ -1464779.125899997306988, -1026315.738100002519786 ], [ -1464781.113000001525506, -1026334.884299999335781 ], [ -1464783.641300001414493, -1026353.450199997518212 ], [ -1464786.702499998500571, -1026371.37839999771677 ], [ -1464790.286799997789785, -1026388.610699997050688 ], [ -1464794.38339999737218, -1026405.095400000922382 ], [ -1464796.578499995172024, -1026412.566999998642132 ], [ -1464799.150499998126179, -1026420.128400000510737 ], [ -1464802.105099997716025, -1026427.796199997421354 ], [ -1464804.410000001778826, -1026435.891699998872355 ], [ -1464808.151600000215694, -1026443.829200001899153 ], [ -1464812.309399995254353, -1026451.952899992931634 ], [ -1464816.903799995081499, -1026460.302300000330433 ], [ -1464821.967599996132776, -1026468.937500001396984 ], [ -1464830.082299996167421, -1026483.78520000143908 ], [ -1464840.945300000486895, -1026499.888000001199543 ], [ -1464850.71849999576807, -1026515.496399998432025 ], [ -1464877.562900001648813, -1026551.298000000650063 ], [ -1464891.959799997508526, -1026569.278499996522442 ], [ -1464898.604099998250604, -1026578.449200002243742 ], [ -1464904.229899994563311, -1026587.307400000514463 ], [ -1464909.369800003478304, -1026595.802400003420189 ], [ -1464912.707799996482208, -1026604.282899999292567 ], [ -1464917.11039999476634, -1026612.472600002540275 ], [ -1464921.110299996566027, -1026620.469099999405444 ], [ -1464924.725700000301003, -1026628.308800000231713 ], [ -1464927.968499998329207, -1026636.017699999269098 ], [ -1464930.850599997211248, -1026643.624599994160235 ], [ -1464932.013599999481812, -1026651.412600000621751 ], [ -1464934.186700002290308, -1026658.853000002680346 ], [ -1464936.011399996699765, -1026666.230200002901256 ], [ -1464938.735000000800937, -1026679.320800001267344 ], [ -1464941.109900002833456, -1026692.797700001159683 ], [ -1464943.130499996012077, -1026706.630000001052395 ], [ -1464944.791700003901497, -1026720.782299996586516 ], [ -1464946.089400002034381, -1026735.22150000417605 ], [ -1464947.019199999747798, -1026749.901099996641278 ], [ -1464947.578300000401214, -1026764.776699999347329 ], [ -1464947.764900000300258, -1026779.799400000600144 ], [ -1464947.577399998670444, -1026794.954099999275059 ], [ -1464947.015699997078627, -1026810.1499 ], [ -1464946.081699997652322, -1026825.32990000047721 ], [ -1464944.779199996497482, -1026840.434300002874807 ], [ -1464943.113199999323115, -1026855.404499999014661 ], [ -1464941.090699997730553, -1026870.176699999254197 ], [ -1464938.720100002130494, -1026884.689000001875684 ], [ -1464936.011399996699765, -1026898.880600002594292 ], [ -1464934.349099998129532, -1026906.324599998537451 ], [ -1464932.4204, -1026913.747800001641735 ], [ -1464931.586399998050183, -1026920.881400001235306 ], [ -1464929.121999999275431, -1026928.273299997206777 ], [ -1464926.388200001558289, -1026935.654999999562278 ], [ -1464923.382999998517334, -1026943.031400002539158 ], [ -1464920.104499995475635, -1026950.407399993389845 ], [ -1464916.550399999134243, -1026957.788299998734146 ], [ -1464912.723000002559274, -1026965.170300001744181 ], [ -1464909.976500001735985, -1026972.297399999108166 ], [ -1464905.58299999916926, -1026979.720700000412762 ], [ -1464901.254099997226149, -1026986.877500004135072 ], [ -1464896.631099995691329, -1026994.07339999685064 ], [ -1464891.718600001884624, -1027001.31700000539422 ], [ -1464888.073100000154227, -1027008.190099992323667 ], [ -1464882.54159999685362, -1027015.57120000012219 ], [ -1464872.169799999566749, -1027028.476499998942018 ], [ -1464861.753600000170991, -1027041.788800000911579 ], [ -1464850.181800002232194, -1027055.611800002167001 ], [ -1464835.845699996687472, -1027070.477400000439957 ], [ -1464823.796599997440353, -1027083.598200001288205 ], [ -1464809.938899997621775, -1027098.094199993181974 ], [ -1464754.697900001192465, -1027150.245200001867488 ], [ -1464732.797799999825656, -1027171.323699997505173 ], [ -1464721.384499996667728, -1027182.633800000650808 ], [ -1464710.906899998895824, -1027193.299500001594424 ], [ -1464701.168999996269122, -1027203.520299999043345 ], [ -1464692.072900002123788, -1027213.399500004248694 ], [ -1464681.726899996399879, -1027225.118499998701736 ], [ -1464672.141499996650964, -1027236.545799998566508 ], [ -1464663.253400003304705, -1027247.7569000038784 ], [ -1464655.02280000038445, -1027258.80220000189729 ], [ -1464647.407999998191372, -1027269.739099998492748 ], [ -1464640.397399998269975, -1027280.585700001101941 ], [ -1464633.972599999047816, -1027291.370599998161197 ], [ -1464628.12040000082925, -1027302.115899995900691 ], [ -1464623.486499999649823, -1027311.380900001386181 ], [ -1464619.073199997656047, -1027320.892199999419972 ], [ -1464614.878699997905642, -1027330.654100003419444 ], [ -1464610.900700000114739, -1027340.671400002669543 ], [ -1464607.13749999855645, -1027350.948599999537691 ], [ -1464604.6165999956429, -1027361.251399998785928 ], [ -1464601.275600003311411, -1027372.069099999265745 ], [ -1464598.14199999673292, -1027383.168200002750382 ], [ -1464595.217399997171015, -1027394.541400003246963 ], [ -1464592.494799999753013, -1027406.213899997994304 ], [ -1464589.971299995901063, -1027418.197099996497855 ], [ -1464588.447699999203905, -1027430.5981 ], [ -1464589.528600001474842, -1027443.614700001431629 ], [ -1464589.996299997204915, -1027456.895899998955429 ], [ -1464591.454399998532608, -1027470.649500003550202 ], [ -1464590.39139999402687, -1027484.464799993904307 ], [ -1464588.223299996927381, -1027507.760699996491894 ], [ -1464587.246599994134158, -1027532.089399993885309 ], [ -1464585.971899997442961, -1027558.308600002434105 ], [ -1464585.110800003865734, -1027586.60569999855943 ], [ -1464584.698100002715364, -1027611.718800001079217 ], [ -1464584.526199998799711, -1027639.793899999698624 ], [ -1464584.844299999764189, -1027733.366900002583861 ], [ -1464584.769199998350814, -1027767.878000000724569 ], [ -1465089.595194478752092, -1027694.116414778633043 ], [ -1465844.76069999486208, -1027583.777 ], [ -1466490.78362596151419, -1027231.400842427276075 ], [ -1466572.366300004068762, -1027186.901199999731034 ], [ -1466643.881226883968338, -1026590.943499998888001 ], [ -1466661.171908617252484, -1026446.854491386329755 ], [ -1466672.285399997374043, -1026354.242066950304434 ], [ -1466770.804200000595301, -1025533.252099991543218 ], [ -1467535.723400465678424, -1024385.873299287399277 ], [ -1467564.55579999438487, -1024342.624699997715652 ], [ -1467549.855509258806705, -1024249.981888610403985 ], [ -1467212.543186273891479, -1022124.203393758507445 ], [ -1467176.826499995775521, -1021899.113000000361353 ], [ -1467172.450100001180544, -1021906.515499995322898 ], [ -1467167.949900003150105, -1021913.549400004325435 ], [ -1467163.322500003967434, -1021920.219300000462681 ], [ -1467158.564100000541657, -1021926.531099997926503 ], [ -1467153.806400002911687, -1021932.372800002107397 ], [ -1467148.770199996884912, -1021937.987300000153482 ], [ -1467143.592999995686114, -1021943.254599999403581 ], [ -1467138.271999995689839, -1021948.17779999691993 ], [ -1467132.939999998081475, -1021952.642299996921793 ], [ -1467127.323599998140708, -1021956.883699994999915 ], [ -1467121.556299996562302, -1021960.786799994064495 ], [ -1467115.636000002035871, -1021964.352999999420717 ], [ -1467115.132087522652, -1021964.620948191499338 ], [ -1467109.5608, -1021967.583400001749396 ], [ -1467103.205299999332055, -1021970.566000001737848 ], [ -1467096.357999996980652, -1021973.580500003183261 ], [ -1467089.203199999872595, -1021976.488600003067404 ], [ -1467081.929999996675178, -1021979.151800001738593 ], [ -1467074.323899998795241, -1021981.782399999676272 ], [ -1467066.578600002452731, -1021984.243400000501424 ], [ -1467058.888300000457093, -1021986.399500000523403 ], [ -1467051.040099998004735, -1021988.467200001236051 ], [ -1467043.261599999619648, -1021990.307099995203316 ], [ -1467035.703399999765679, -1021991.800399997970089 ], [ -1467028.14429999794811, -1021993.170100000454113 ], [ -1467020.763199996901676, -1021994.291499997023493 ], [ -1467013.605999994557351, -1021995.158000001451001 ], [ -1467006.837400001008064, -1021995.649600000586361 ], [ -1467000.218699996126816, -1021995.996899997349828 ], [ -1466993.911799992667511, -1021996.081700002774596 ], [ -1466989.172399998409674, -1021995.86919999984093 ], [ -1466984.453600000822917, -1021995.30379999987781 ], [ -1466979.754299995489419, -1021994.385200002230704 ], [ -1466975.07309999759309, -1021993.113099999725819 ], [ -1466970.408599995309487, -1021991.48730000294745 ], [ -1466965.759100003167987, -1021989.507199997315183 ], [ -1466961.122699999250472, -1021987.171900001121685 ], [ -1466956.497399997664616, -1021984.480499999364838 ], [ -1466951.884799999184906, -1021981.434299998916686 ], [ -1466947.278700002701953, -1021978.029800003860146 ], [ -1466942.676299997838214, -1021974.264799998607486 ], [ -1466938.074599999003112, -1021970.136800000909716 ], [ -1466933.470900000771508, -1021965.643600001232699 ], [ -1466928.860499997623265, -1021960.780699990689754 ], [ -1466924.238899994408712, -1021955.543300000485033 ], [ -1466919.600600002566352, -1021949.925299999536946 ], [ -1466910.778399996226653, -1021938.256699999095872 ], [ -1466901.819899999536574, -1021925.13219999964349 ], [ -1466892.654599997913465, -1021910.449300000444055 ], [ -1466883.144900000886992, -1021893.988400002010167 ], [ -1466875.094536156626418, -1021879.172569153830409 ], [ -1466874.558199998922646, -1021878.185499997809529 ], [ -1466865.24040000140667, -1021860.212600001366809 ], [ -1466835.938499997137114, -1021799.76329999929294 ], [ -1466825.878500001505017, -1021778.720800002338365 ], [ -1466820.23640000144951, -1021768.147999996086583 ], [ -1466814.982299995142967, -1021758.727900000521913 ], [ -1466810.006499994546175, -1021750.26399999530986 ], [ -1466805.25099999923259, -1021742.65859999647364 ], [ -1466799.954199996311218, -1021733.837999997893348 ], [ -1466794.296300002606586, -1021726.38880000053905 ], [ -1466788.81469999672845, -1021720.087200003443286 ], [ -1466783.475799998734146, -1021714.89480000291951 ], [ -1466778.829799995524809, -1021710.619599994737655 ], [ -1466776.249000004027039, -1021708.96239999961108 ], [ -1466773.688799995463341, -1021707.570499999681488 ], [ -1466771.146699994569644, -1021706.442499996395782 ], [ -1466768.620999995386228, -1021705.577799995429814 ], [ -1466766.10979999625124, -1021704.975599999772385 ], [ -1466763.611399998422712, -1021704.635699999751523 ], [ -1466760.091499996837229, -1021704.556800001999363 ], [ -1466757.236000000266358, -1021704.758900001877919 ], [ -1466753.867399999173358, -1021705.558599997079 ], [ -1466750.570399997057393, -1021706.79839999275282 ], [ -1466747.342499997466803, -1021708.479099999414757 ], [ -1466744.180100000230595, -1021710.602500000735745 ], [ -1466741.079999996116385, -1021713.170700000366196 ], [ -1466738.03869999665767, -1021716.186799996299669 ], [ -1466735.058099996298552, -1021719.647100002970546 ], [ -1466732.715699997032061, -1021723.403499995125458 ], [ -1466729.832199999829754, -1021727.778600003104657 ], [ -1466726.98999999393709, -1021732.621499997796491 ], [ -1466724.184999996097758, -1021737.938699994469061 ], [ -1466721.409900000318885, -1021743.744099999312311 ], [ -1466718.65790000394918, -1021750.051600003847852 ], [ -1466715.921000002184883, -1021756.879799992078915 ], [ -1466711.79359999881126, -1021768.236000003293157 ], [ -1466708.225299996091053, -1021780.789999992586672 ], [ -1466703.989999994402751, -1021795.013899993617088 ], [ -1466699.580799996387213, -1021811.064999999012798 ], [ -1466691.7033, -1021842.265600001439452 ], [ -1466677.473799998871982, -1021904.490700000431389 ], [ -1466671.124699995387346, -1021930.479599999031052 ], [ -1466664.406699998537078, -1021956.463499998906627 ], [ -1466658.572799996938556, -1021979.32479999656789 ] ] ] } },
{ "type": "Feature", "properties": { "ID": 1049, "YEAR": "2014-2015", "Perimtr_KM": 7.0398376304200001, "AREA_KM": 2.0234293913700001, "SCALE": 1, "THICKNES_M": 292.40537153000002, "VOLUME_KM": 0.59166162295000002, "MASS_GT": 0.54255370824000004, "RECURRANCE": ">8", "UA_KM": 0.03519918815, "UH_M": 24.269645717300001, "UC_KM": 0.04527052372, "REGION": "Islands", "ICESHELF": "Harmon_Bay" }, "geometry": { "type": "Polygon", "coordinates": [ [ [ -1607066.330100000137463, -610299.479500002693385 ], [ -1606838.614699999336153, -610376.262999998638406 ], [ -1606546.400099998805672, -610439.793199999490753 ], [ -1606170.163099999073893, -610532.860299999127164 ], [ -1605769.263099995208904, -610745.233300003921613 ], [ -1605345.63469999958761, -611075.52559999935329 ], [ -1605165.5366, -611288.462099995696917 ], [ -1605108.248299996601418, -611345.750399992102757 ], [ -1605002.57889999775216, -611491.279700000537559 ], [ -1606029.228499997872859, -611840.287500002654269 ], [ -1606875.896899994229898, -611099.452699997927994 ], [ -1608023.056899995543063, -610307.201600001426414 ], [ -1607713.06659999769181, -610328.404800002230331 ], [ -1607217.339299995219335, -610236.00440000067465 ], [ -1607066.330100000137463, -610299.479500002693385 ] ] ] } },
{ "type": "Feature", "properties": { "ID": 1050, "YEAR": "2014-2015", "Perimtr_KM": 67.849199174099994, "AREA_KM": 142.117484486, "SCALE": 3, "THICKNES_M": 350.860936, "VOLUME_KM": 49.8634736287, "MASS_GT": 45.7248053175, "RECURRANCE": "5-6", "UA_KM": 0.33924599586999998, "UH_M": 29.121457544399998, "UC_KM": 3.8152644656899999, "REGION": "West", "ICESHELF": "Thwaites" }, "geometry": { "type": "Polygon", "coordinates": [ [ [ -1578554.992531447205693, -406053.788994294591248 ], [ -1578554.323100002016872, -406055.082099993247539 ], [ -1578549.83969999756664, -406062.867899997159839 ], [ -1578545.084900001296774, -406070.303900001570582 ], [ -1578540.057999993907288, -406077.39079999178648 ], [ -1578534.758899997919798, -406084.129099991638213 ], [ -1578529.505000001052395, -406090.792399995028973 ], [ -1578523.885200003162026, -406097.251899999100715 ], [ -1578517.99159999541007, -406103.364199997857213 ], [ -1578511.803900001570582, -406108.44100000243634 ], [ -1578505.361900003626943, -406113.860000000800937 ], [ -1578498.64499999769032, -406118.932899998035282 ], [ -1578491.632699998794124, -406122.971200003288686 ], [ -1578484.364899999694899, -406127.35260000359267 ], [ -1578478.641199996229261, -406129.815699995029718 ], [ -1578472.564099999377504, -406132.245100001804531 ], [ -1578466.223299994831905, -406134.498499994166195 ], [ -1578459.615099997492507, -406136.577300003729761 ], [ -1578452.736099996371195, -406138.482399992644787 ], [ -1578445.58080000244081, -406140.215499999467283 ], [ -1578438.144000001018867, -406141.777899998240173 ], [ -1578430.512300000758842, -406143.027099997270852 ], [ -1578422.997999999672174, -406144.156799999531358 ], [ -1578414.689300002995878, -406145.213300001807511 ], [ -1578397.127099994802848, -406146.831899997778237 ], [ -1578378.321499997051433, -406147.654399991966784 ], [ -1578358.437299997312948, -406147.882300003431737 ], [ -1578341.11750000086613, -406147.680900002829731 ], [ -1578323.182599995750934, -406146.837799998465925 ], [ -1578303.26329999929294, -406145.820900002028793 ], [ -1578281.640000000363216, -406144.229499996174127 ], [ -1578241.133199999108911, -406140.736700000241399 ], [ -1578139.447999999159947, -406130.968099998310208 ], [ -1578111.883099996484816, -406128.631700004450977 ], [ -1578086.85500000230968, -406126.984299997799098 ], [ -1578061.386199999367818, -406125.662400002125651 ], [ -1578037.463899997062981, -406125.089999997057021 ], [ -1578015.688800001284108, -406125.071600002702326 ], [ -1577994.878699997905642, -406125.795000000856817 ], [ -1577933.331099998671561, -406128.858799998648465 ], [ -1577872.959899997105822, -406132.139199996367097 ], [ -1577814.464099998353049, -406135.985599995590746 ], [ -1577756.952799997990951, -406140.290099997539073 ], [ -1577700.730199997778982, -406144.974599995650351 ], [ -1577645.736800001002848, -406150.045199999120086 ], [ -1577591.881, -406155.510699997190386 ], [ -1577539.093199995346367, -406161.378399995155632 ], [ -1577486.3666, -406162.343100000638515 ], [ -1577434.602500001201406, -406163.72580000013113 ], [ -1577383.756900002015755, -406165.532399993855506 ], [ -1577333.794300000183284, -406167.768099997658283 ], [ -1577284.905399999581277, -406170.652600001078099 ], [ -1577236.840900001814589, -406173.975899998098612 ], [ -1577189.576099999016151, -406177.742899996228516 ], [ -1577143.090899998089299, -406181.957199995405972 ], [ -1577097.089500000700355, -406186.686299991328269 ], [ -1577052.506499993847683, -406190.954699996858835 ], [ -1577008.662699999287724, -406195.687199997715652 ], [ -1576966.223371827043593, -406200.805301708169281 ], [ -1576965.545099999755621, -406200.887099992949516 ], [ -1576923.140200001420453, -406206.557999997399747 ], [ -1576881.578799999319017, -406218.954599996563047 ], [ -1576841.376299997791648, -406230.906200001016259 ], [ -1576801.860000000335276, -406243.336799998767674 ], [ -1576763.013300002086908, -406256.252099995501339 ], [ -1576724.838499997043982, -406269.651500002946705 ], [ -1576686.664600000483915, -406284.458899997640401 ], [ -1576649.814899999415502, -406298.833699993789196 ], [ -1576629.697517797583714, -406306.788097743876278 ], [ -1576614.199000002350658, -406312.916199994273484 ], [ -1576578.652900000102818, -406328.275099996943027 ], [ -1576543.667699995683506, -406344.266900001559407 ], [ -1576509.98820000118576, -406359.834000000730157 ], [ -1576386.445899996906519, -406419.987399999983609 ], [ -1576344.632799997925758, -406440.603599997237325 ], [ -1576297.355999998049811, -406464.551200001500547 ], [ -1576252.484599996590987, -406480.28489999147132 ], [ -1576230.647599999094382, -406491.827300004195422 ], [ -1576209.212699997238815, -406503.934899993706495 ], [ -1576188.610999999800697, -406515.873399996198714 ], [ -1576169.535100001376122, -406526.262600001879036 ], [ -1576150.358700001845136, -406538.004299997352064 ], [ -1576132.374800001271069, -406548.8888999982737 ], [ -1576114.666499994229525, -406559.920199999120086 ], [ -1576097.308499996783212, -406571.565499997697771 ], [ -1576079.853799994802102, -406583.257599995937198 ], [ -1576062.671899996465072, -406595.15419999230653 ], [ -1576045.845600000582635, -406607.718699996359646 ], [ -1576030.12699999823235, -406619.539299996104091 ], [ -1576014.621199999470264, -406631.609599993564188 ], [ -1575999.423399999039248, -406644.384500002954155 ], [ -1575984.74370000185445, -406657.25010000448674 ], [ -1575970.793599997181445, -406669.590700002387166 ], [ -1575957.109099995112047, -406682.67489999672398 ], [ -1575943.91729999659583, -406695.873599995858967 ], [ -1575931.433299998287112, -406708.569699998479337 ], [ -1575919.20810000016354, -406722.017100001685321 ], [ -1575907.4574, -406735.598299999255687 ], [ -1575896.177499999292195, -406749.317699995357543 ], [ -1575885.364499997114763, -406763.180000002030283 ], [ -1575875.236600001109764, -406776.565799997653812 ], [ -1575858.728599995141849, -406800.19469999987632 ], [ -1575842.782699995907024, -406824.34279999602586 ], [ -1575827.620499995537102, -406848.385999993421137 ], [ -1575812.79879999649711, -406873.572499998379499 ], [ -1575798.539199997438118, -406899.278199997264892 ], [ -1575781.91700000083074, -406921.522999994922429 ], [ -1575767.52969999727793, -406946.647400001995265 ], [ -1575754.956999999471009, -406973.909500000998378 ], [ -1575817.295599996577948, -406834.104300001636147 ], [ -1575785.004700002260506, -406871.3810999924317 ], [ -1575752.949599999235943, -406909.560099999420345 ], [ -1575717.689599998528138, -406941.457999994046986 ], [ -1575686.549499999266118, -406980.193200000561774 ], [ -1575656.602899998892099, -407017.623599991668016 ], [ -1575627.113800000399351, -407055.331899996846914 ], [ -1575597.346200000261888, -407094.901500003878027 ], [ -1575568.772199996747077, -407133.166099992580712 ], [ -1575539.919600000372157, -407173.291999996639788 ], [ -1575511.956399998860434, -407212.809099990874529 ], [ -1575484.01889999746345, -407253.491200000979006 ], [ -1575456.970799997681752, -407293.564500001724809 ], [ -1575430.380100001813844, -407333.915899998974055 ], [ -1575398.802099997643381, -407372.081799997016788 ], [ -1575372.920099997194484, -407412.681799993850291 ], [ -1575347.270199996652082, -407454.754600001499057 ], [ -1575313.63999999826774, -407510.945699998177588 ], [ -1575284.741699999431148, -407559.924800001550466 ], [ -1575258.038799999048933, -407605.672699991613626 ], [ -1575233.889899998903275, -407648.235099998768419 ], [ -1575210.656899997731671, -407689.822399997152388 ], [ -1575188.793099995469674, -407730.242099999450147 ], [ -1575168.927700002212077, -407768.018299998249859 ], [ -1575148.157599996775389, -407804.42399999126792 ], [ -1575129.275400001322851, -407838.802200003527105 ], [ -1575112.079599997261539, -407875.317599997855723 ], [ -1575095.675099998479709, -407911.565299992449582 ], [ -1575080.29780000122264, -407947.145300002302974 ], [ -1575066.182399999350309, -407981.665299993939698 ], [ -1575052.773799998220056, -408016.114200003445148 ], [ -1575040.324199997587129, -408050.062500002328306 ], [ -1575029.090500002959743, -408083.070899994112551 ], [ -1575022.233899995218962, -408104.111799996811897 ], [ -1575015.562600000761449, -408125.340100003406405 ], [ -1575009.077999997418374, -408146.751400002744049 ], [ -1575002.781599994981661, -408168.340800000354648 ], [ -1574996.674600002821535, -408190.103700003121048 ], [ -1574990.758600001223385, -408212.035200003068894 ], [ -1574985.034899997757748, -408234.130099998321384 ], [ -1574977.541599998949096, -408254.576799996662885 ], [ -1574971.198699996806681, -408275.346200003288686 ], [ -1574966.059399995720014, -408297.901499995030463 ], [ -1574961.117499996442348, -408320.599100003484637 ], [ -1574956.374299998860806, -408343.433700000867248 ], [ -1574951.830899994354695, -408366.399599996395409 ], [ -1574947.488299996126443, -408389.491099999286234 ], [ -1574943.347799997543916, -408412.702399992384017 ], [ -1574939.410399998771027, -408436.027499997988343 ], [ -1574935.675999994855374, -408459.466899991966784 ], [ -1574932.146699996897951, -408483.008299997076392 ], [ -1574929.270700001390651, -408506.071600003167987 ], [ -1574926.154499996453524, -408529.798099998384714 ], [ -1574923.246100002899766, -408553.60790000250563 ], [ -1574920.54619999951683, -408577.494399995077401 ], [ -1574918.055599997052923, -408601.451400002464652 ], [ -1574915.774999994784594, -408625.472100001759827 ], [ -1574913.705000000540167, -408649.550700003746897 ], [ -1574911.846099997404963, -408673.679999993182719 ], [ -1574909.116299998713657, -408696.602100001648068 ], [ -1574904.981700001051649, -408719.326400002930313 ], [ -1574903.373599999584258, -408743.355400000698864 ], [ -1574902.36389999743551, -408767.62060000281781 ], [ -1574901.567399997496977, -408791.902899991720915 ], [ -1574900.98419999750331, -408816.195400001481175 ], [ -1574900.614599998109043, -408840.499399998225272 ], [ -1574900.458699997281656, -408864.799999997485429 ], [ -1574900.516699997708201, -408889.090399996377528 ], [ -1574900.788400003686547, -408913.363600003067404 ], [ -1574901.273999997181818, -408937.612800001632422 ], [ -1574901.973100000293925, -408961.831300000660121 ], [ -1574902.88560000108555, -408986.012100002728403 ], [ -1574904.01129999756813, -409010.148500001989305 ], [ -1574905.349800004158169, -409034.23350000102073 ], [ -1574906.900800000177696, -409058.260600004345179 ], [ -1574908.663800002541393, -409082.223199998028576 ], [ -1574910.638300001388416, -409106.114499994087964 ], [ -1574912.823899997863919, -409129.927899998612702 ], [ -1574914.802899999078363, -409153.763700003735721 ], [ -1574916.055900001199916, -409176.574699998367578 ], [ -1574918.870599996298552, -409200.115699998103082 ], [ -1574921.8929, -409223.548000002279878 ], [ -1574925.122599996626377, -409246.870500000193715 ], [ -1574928.6302, -409270.898600003216416 ], [ -1574932.271999996388331, -409293.982899998314679 ], [ -1574936.118400002131239, -409316.938800002913922 ], [ -1574940.168499995255843, -409339.760599999222904 ], [ -1574944.421199998352677, -409362.442400000058115 ], [ -1574948.875399999786168, -409384.978300004731864 ], [ -1574953.529799999669194, -409407.361899995245039 ], [ -1574958.383499996038154, -409429.588500001002103 ], [ -1574963.43519999505952, -409451.652500001713634 ], [ -1574968.683700001332909, -409473.548700002022088 ], [ -1574974.127700000768527, -409495.271500002127141 ], [ -1574979.837499998509884, -409517.637800002936274 ], [ -1574985.668699994683266, -409538.998899997211993 ], [ -1574991.691399998497218, -409560.171600001398474 ], [ -1574996.663599998457357, -409576.724499999079853 ], [ -1574999.955699999816716, -409593.521699997130781 ], [ -1575004.370199997443706, -409609.862799990922213 ], [ -1575009.956700002076104, -409626.212099992670119 ], [ -1575016.35799999628216, -409643.069400002248585 ], [ -1575023.124699995154515, -409660.025499993003905 ], [ -1575030.076799998059869, -409678.088499994017184 ], [ -1575037.587599996477365, -409695.274600001052022 ], [ -1575045.468700000317767, -409712.573599998373538 ], [ -1575053.735599995590746, -409730.020499997772276 ], [ -1575062.395699999760836, -409747.631000002846122 ], [ -1575071.457999997539446, -409765.423500000499189 ], [ -1575080.74639999633655, -409784.411300000268966 ], [ -1575090.64369999547489, -409802.627200002782047 ], [ -1575100.980099995387718, -409821.095400003250688 ], [ -1575111.773899999214336, -409839.848499996121973 ], [ -1575131.603900001849979, -409875.472999999299645 ], [ -1575153.180199997499585, -409910.182599996682256 ], [ -1575176.439800000982359, -409948.623799994587898 ], [ -1575202.064000001410022, -409987.123099998105317 ], [ -1575226.129500001203269, -410024.737900000531226 ], [ -1575247.981800002744421, -410059.648699996061623 ], [ -1575273.03159999824129, -410098.615899997763336 ], [ -1575345.648300000932068, -410202.835800001397729 ], [ -1575385.882399996742606, -410262.061800000723451 ], [ -1575407.230299997841939, -410293.252099997829646 ], [ -1575426.602899996563792, -410323.757400000467896 ], [ -1575444.949099997524172, -410351.679500000085682 ], [ -1575462.167599995853379, -410378.530399993993342 ], [ -1575481.787899998947978, -410411.75120000494644 ], [ -1575500.364799994509667, -410442.724299993831664 ], [ -1575517.73580000246875, -410472.886399996466935 ], [ -1575531.27619999833405, -410502.903600003104657 ], [ -1575542.784100001910701, -410532.657000003382564 ], [ -1575556.969399996800348, -410561.162899997550994 ], [ -1575570.071800003293902, -410589.588699997868389 ], [ -1575582.255399995949119, -410618.197500004433095 ], [ -1575599.759599996963516, -410659.911899992264807 ], [ -1575616.798899999121204, -410702.429499991703779 ], [ -1575633.509699997259304, -410745.953400001861155 ], [ -1575649.926500000758097, -410789.138299993705004 ], [ -1575665.876899995608255, -410833.122699991799891 ], [ -1575681.497100001201034, -410878.109499999787658 ], [ -1575696.8219, -410922.753199999220669 ], [ -1575707.111999996006489, -410964.913300001062453 ], [ -1575720.242899999488145, -411010.459000000264496 ], [ -1575734.356700000353158, -411056.920299997553229 ], [ -1575748.218600001884624, -411103.488199999555945 ], [ -1575761.555100000929087, -411151.428100003860891 ], [ -1575774.68220000131987, -411198.947799998801202 ], [ -1575787.441199998371303, -411246.940399997401983 ], [ -1575799.83159999595955, -411295.403999998234212 ], [ -1575811.694500000681728, -411345.231600003316998 ], [ -1575823.25820000236854, -411394.551899999845773 ], [ -1575831.304100000299513, -411443.926400000695139 ], [ -1575842.216199998278171, -411494.261699999216944 ], [ -1575852.756799995433539, -411545.056799999438226 ], [ -1575863.075899998424575, -411597.124799999874085 ], [ -1575872.871999997412786, -411648.831899997778237 ], [ -1575882.295000001322478, -411700.990799999795854 ], [ -1575891.344399999827147, -411753.598499999847263 ], [ -1575900.019999997224659, -411806.653599998913705 ], [ -1575907.223799997009337, -411859.781400001607835 ], [ -1575914.056099995737895, -411914.479099997784942 ], [ -1575921.605999996885657, -411968.851400000974536 ], [ -1575928.779599994188175, -412023.655699994880706 ], [ -1575935.576399997575209, -412078.887799998279661 ], [ -1575941.995899997418746, -412134.543599993456155 ], [ -1575948.037599996896461, -412190.618700003251433 ], [ -1575951.025600000983104, -412216.741500000935048 ], [ -1575954.722699999110773, -412244.433599997777492 ], [ -1575959.167199996765703, -412273.987499999348074 ], [ -1575962.870600000955164, -412305.922799997963011 ], [ -1575967.494600002188236, -412334.674699997529387 ], [ -1575973.416499997489154, -412366.78629999794066 ], [ -1575994.229699998162687, -412479.822800001129508 ], [ -1576002.496500002220273, -412524.028799998108298 ], [ -1576010.362000001361594, -412568.641699993051589 ], [ -1576016.837900000624359, -412609.485099994577467 ], [ -1576020.0658, -412631.469199997372925 ], [ -1576022.911699990741909, -412652.544899996370077 ], [ -1576025.392499998211861, -412672.837799998465925 ], [ -1576027.518399995286018, -412692.431499992497265 ], [ -1576029.298599996604025, -412711.417200001887977 ], [ -1576030.7355, -412729.824000003747642 ], [ -1576031.329399996902794, -412746.905499999411404 ], [ -1576029.187600001227111, -412760.860700000543147 ], [ -1576028.707999999634922, -412780.549400000367314 ], [ -1576028.647099997848272, -412801.181999999564141 ], [ -1576028.046600000932813, -412821.14629999967292 ], [ -1576026.905499995918944, -412840.473699999041855 ], [ -1576025.221399998059496, -412859.197600002400577 ], [ -1576022.992799997562543, -412877.334500002209097 ], [ -1576020.216999995755032, -412894.904300003312528 ], [ -1576016.891499996650964, -412911.923400000669062 ], [ -1576013.453299996443093, -412927.91759999608621 ], [ -1576009.012600001879036, -412943.897800001781434 ], [ -1576004.011599997524172, -412959.364000001456589 ], [ -1575998.4475, -412974.325700003188103 ], [ -1575992.316499999724329, -412988.792700001504272 ], [ -1575985.905299998819828, -413001.708500001113862 ], [ -1575978.631899999687448, -413015.204899993725121 ], [ -1575970.782499994849786, -413028.225200000219047 ], [ -1575967.18180000083521, -413033.666800001636147 ], [ -1575963.342799998819828, -413039.05370000237599 ], [ -1575959.70919999666512, -413043.877699999138713 ], [ -1575955.387499995529652, -413049.163499997928739 ], [ -1575950.821299999020994, -413054.402900001034141 ], [ -1575946.006999999284744, -413059.599900002125651 ], [ -1575940.941199998604134, -413064.758199998643249 ], [ -1575935.620000002672896, -413069.881900001782924 ], [ -1575924.209899994777516, -413080.02840000204742 ], [ -1575911.714599998435006, -413090.096899999305606 ], [ -1575898.518399995518848, -413099.625999997369945 ], [ -1575883.631799995433539, -413109.710399999748915 ], [ -1575870.802400001790375, -413117.830200002994388 ], [ -1575857.433700000401586, -413125.595100003294647 ], [ -1575842.489300002576783, -413134.11459999717772 ], [ -1575826.120799995493144, -413143.045499991625547 ], [ -1575795.542800003197044, -413158.678999994881451 ], [ -1575720.202699999092147, -413195.750199996866286 ], [ -1575700.432100002188236, -413205.628199999686331 ], [ -1575682.519800000358373, -413215.217099995352328 ], [ -1575664.67859999393113, -413225.110899998806417 ], [ -1575648.372199998004362, -413234.855900004506111 ], [ -1575632.979199998313561, -413244.912899993825704 ], [ -1575619.264299997594208, -413254.423300003632903 ], [ -1575605.638699997914955, -413264.861299995798618 ], [ -1575593.571700000669807, -413274.900899997446686 ], [ -1575587.723599999444559, -413280.196799998171628 ], [ -1575582.136999996844679, -413285.52699999185279 ], [ -1575576.806999998865649, -413290.895899997092783 ], [ -1575571.729800002183765, -413296.307799992151558 ], [ -1575567.366699998499826, -413301.289299997501075 ], [ -1575562.7808, -413306.803000000771135 ], [ -1575558.438999998848885, -413312.369900001678616 ], [ -1575554.338799998862669, -413317.993099997285753 ], [ -1575550.478100002277642, -413323.675600000657141 ], [ -1575546.855499997502193, -413329.419500002171844 ], [ -1575543.903299996163696, -413334.759499997831881 ], [ -1575540.752399999648333, -413340.63339999737218 ], [ -1575536.928199998335913, -413348.327900000847876 ], [ -1575533.241999999852851, -413356.248400001320988 ], [ -1575529.693300000857562, -413364.395799999590963 ], [ -1575526.28159999800846, -413372.771500001661479 ], [ -1575523.006499999668449, -413381.376400002278388 ], [ -1575519.867199995089322, -413390.212400002870709 ], [ -1575514.463100002380088, -413408.102899991907179 ], [ -1575509.12719999672845, -413427.415599995292723 ], [ -1575504.320300000952557, -413447.697999996133149 ], [ -1575500.036100001540035, -413468.977200000081211 ], [ -1575496.266099997563288, -413491.293700001202524 ], [ -1575493.062199999345466, -413514.219999997876585 ], [ -1575490.333899996941909, -413538.264500002376735 ], [ -1575488.070199999725446, -413563.520299999043345 ], [ -1575486.256200002040714, -413590.154100003652275 ], [ -1575484.894900003215298, -413617.922399999573827 ], [ -1575484.155499995220453, -413646.890100001823157 ], [ -1575483.53679999965243, -413678.39949999935925 ], [ -1575483.258200000273064, -413716.514200000092387 ], [ -1575483.516499996883795, -413735.469600001815706 ], [ -1575484.419399998616427, -413754.502600001171231 ], [ -1575485.967399995308369, -413773.62260000128299 ], [ -1575488.161299997474998, -413792.840100002940744 ], [ -1575491.002099998295307, -413812.164799996651709 ], [ -1575494.491799996932968, -413831.611000000499189 ], [ -1575498.632899996591732, -413851.192299998831004 ], [ -1575503.428699997253716, -413870.924300002865493 ], [ -1575508.874599998118356, -413890.793699995148927 ], [ -1575514.982499998994172, -413910.849499998614192 ], [ -1575521.347299998160452, -413931.575999998953193 ], [ -1575528.800399996805936, -413952.071399999316782 ], [ -1575536.937499996973202, -413972.819600000977516 ], [ -1575545.774000000907108, -413993.860699999611825 ], [ -1575555.038099997676909, -414015.702400002162904 ], [ -1575565.32499999855645, -414037.449699999764562 ], [ -1575573.6793, -414055.597800000105053 ], [ -1575582.948100001784042, -414073.59109999705106 ], [ -1575593.046799995005131, -414091.402400001417845 ], [ -1575603.472500002477318, -414109.956799991894513 ], [ -1575614.560300000943244, -414128.663600001018494 ], [ -1575625.706599996425211, -414148.814100002869964 ], [ -1575637.916900002863258, -414169.139599998481572 ], [ -1575650.889999997103587, -414190.230399998836219 ], [ -1575673.171799999894574, -414227.355399992782623 ], [ -1575699.342099997214973, -414267.605499998200685 ], [ -1575724.446600000141189, -414307.313900004606694 ], [ -1575788.47309999819845, -414403.861699991859496 ], [ -1575821.809300001710653, -414455.412500004284084 ], [ -1575838.716399997007102, -414481.747200003359467 ], [ -1575854.292200000490993, -414506.514700001105666 ], [ -1575868.56939999689348, -414530.588599997572601 ], [ -1575875.91749999881722, -414550.706699994392693 ], [ -1575891.185699995607138, -414574.860299999359995 ], [ -1575904.779700001003221, -414599.18729999801144 ], [ -1575916.238000000827014, -414623.102099998854101 ], [ -1575928.110199997201562, -414646.242099993862212 ], [ -1575939.199999995296821, -414668.941700001712888 ], [ -1575949.524099997244775, -414691.236699997447431 ], [ -1575959.107299994677305, -414713.180699997581542 ], [ -1575966.71839999826625, -414735.044199992436916 ], [ -1575991.241400000173599, -414797.049000000115484 ], [ -1576014.694300001254305, -414858.709699999075383 ], [ -1576036.345999999204651, -414920.796799995005131 ], [ -1576058.928999997908249, -414983.197600001469254 ], [ -1576074.816199997439981, -415041.761200002394617 ], [ -1576096.556399998953566, -415104.853199997916818 ], [ -1576117.249399996828288, -415167.501200005412102 ], [ -1576136.894000001950189, -415230.80840000230819 ], [ -1576156.978199997218326, -415294.492799998261034 ], [ -1576175.518800000427291, -415358.195000001229346 ], [ -1576194.499099998734891, -415422.274299998302013 ], [ -1576213.093699996592477, -415483.586999994702637 ], [ -1576230.4750000028871, -415547.419999998994172 ], [ -1576247.949099999153987, -415612.083900001365691 ], [ -1576264.226399996783584, -415676.31180000025779 ], [ -1576279.95189999951981, -415740.737199998926371 ], [ -1576295.125300000188872, -415805.360100003425032 ], [ -1576310.391600002069026, -415870.813899999018759 ], [ -1576325.983199998969212, -415934.81969999615103 ], [ -1576339.500799996079877, -416000.035000001545995 ], [ -1576352.466400002362207, -416065.447799992747605 ], [ -1576365.533199995057657, -416131.79230000404641 ], [ -1576377.39479999942705, -416197.600000003352761 ], [ -1576388.704599995398894, -416263.605200001969934 ], [ -1576398.77489999611862, -416329.09419999923557 ], [ -1576404.506099994527176, -416389.628800003323704 ], [ -1576414.058099996298552, -416456.420799998100847 ], [ -1576423.16, -416523.215899996925145 ], [ -1576431.563800000352785, -416590.883400001563132 ], [ -1576439.17389999749139, -416654.815299992449582 ], [ -1576424.966600000625476, -416501.558200000785291 ], [ -1576449.601299996953458, -416592.947299999184906 ], [ -1576474.853700002655387, -416683.635399999562651 ], [ -1576498.408399998443201, -416775.486699991393834 ], [ -1576523.21799999801442, -416865.222800002899021 ], [ -1576547.852400000439957, -416956.765399997122586 ], [ -1576575.449199998052791, -417046.553099998738617 ], [ -1576601.230399996740744, -417137.654900000430644 ], [ -1576629.973999997368082, -417227.001699997577816 ], [ -1576641.123500001616776, -417328.277500003110617 ], [ -1576671.064800002612174, -417417.008400001563132 ], [ -1576700.180599996354431, -417507.323400000110269 ], [ -1576731.268799998331815, -417595.613499992061406 ], [ -1576761.531299997353926, -417685.487799996044487 ], [ -1576787.354899998754263, -417778.544100000523031 ], [ -1576819.287499998928979, -417866.62000000430271 ], [ -1576851.444200000492856, -417954.889399995096028 ], [ -1576933.386799996951595, -418185.769599998369813 ], [ -1576963.71909999800846, -418268.81560000218451 ], [ -1576999.086500000208616, -418359.551900001708418 ], [ -1577029.885499997064471, -418441.579599997028708 ], [ -1577063.228799996897578, -418525.928699996788055 ], [ -1577093.417500001611188, -418604.677900002803653 ], [ -1577103.234799998579547, -418642.909800000023097 ], [ -1577118.1338000013493, -418679.981899996753782 ], [ -1577133.687799998791888, -418715.77409999538213 ], [ -1577149.127999997232109, -418750.779400000348687 ], [ -1577165.603299997746944, -418787.543499992229044 ], [ -1577181.206700003007427, -418823.95679999794811 ], [ -1577197.560999996960163, -418859.224999999627471 ], [ -1577213.887400001753122, -418893.816300002858043 ], [ -1577229.409399999771267, -418928.201699995901436 ], [ -1577245.737300000851974, -418961.558800003491342 ], [ -1577262.087099999189377, -418994.342499999329448 ], [ -1577278.322599995415658, -419027.356099999975413 ], [ -1577290.928800002671778, -419059.843599998857826 ], [ -1577300.241199996089563, -419091.266899997834116 ], [ -1577316.815599999390543, -419122.02219999814406 ], [ -1577333.756700000492856, -419153.208600000943989 ], [ -1577349.535499998833984, -419183.534300002269447 ], [ -1577366.366899998160079, -419212.931899997405708 ], [ -1577383.588799994438887, -419242.802800002042204 ], [ -1577399.669200000585988, -419271.849299997556955 ], [ -1577413.210299995495006, -419293.847200001124293 ], [ -1577427.770900001516566, -419316.610299997963011 ], [ -1577443.78879999788478, -419341.270999995060265 ], [ -1577460.024399998830631, -419366.971999995876104 ], [ -1577475.501700000837445, -419389.146199994254857 ], [ -1577493.227899999124929, -419414.602600001264364 ], [ -1577552.342899996554479, -419498.862599995918572 ], [ -1577580.137299998197705, -419527.823500002268702 ], [ -1577602.579300001496449, -419559.91829999582842 ], [ -1577622.564399994211271, -419590.095499992836267 ], [ -1577633.253199994564056, -419606.305700000841171 ], [ -1577643.377399998949841, -419622.024300003424287 ], [ -1577652.998900002101436, -419637.347299998626113 ], [ -1577662.158400000771508, -419652.339799997396767 ], [ -1577670.899700002977625, -419667.074299999978393 ], [ -1577679.453099998179823, -419682.613499996252358 ], [ -1577687.407000003149733, -419696.917000001296401 ], [ -1577694.993500004056841, -419711.051599994767457 ], [ -1577704.818000002065673, -419730.251899997703731 ], [ -1577714.485999997938052, -419750.600699995644391 ], [ -1577723.767799997003749, -419770.990099992603064 ], [ -1577733.022199996747077, -419793.072299991734326 ], [ -1577741.830399999395013, -419814.800900001544505 ], [ -1577750.442999997641891, -419837.297100002411753 ], [ -1577758.889200000558048, -419860.637099999468774 ], [ -1577767.208399998256937, -419884.929799998644739 ], [ -1577775.307100001722574, -419910.050500000361353 ], [ -1577783.266900000628084, -419935.803500003181398 ], [ -1577791.499899994814768, -419964.03180000372231 ], [ -1577814.073000000556931, -419987.42820000089705 ], [ -1577821.715100003872067, -420015.533799996133894 ], [ -1577829.956799995386973, -420046.775599998421967 ], [ -1577859.18340000230819, -420165.951000002678484 ], [ -1577872.03660000115633, -420214.920199999120086 ], [ -1577879.220099998172373, -420241.300699999090284 ], [ -1577886.129199997289106, -420265.847199992276728 ], [ -1577892.899099998176098, -420289.039500003214926 ], [ -1577899.600900002755225, -420311.119399995543063 ], [ -1577906.776999995810911, -420337.9341000020504 ], [ -1577915.568699999013916, -420364.264100003056228 ], [ -1577924.135200002696365, -420388.399900001473725 ], [ -1577932.860299999127164, -420411.612699997611344 ], [ -1577909.64620000240393, -420431.977799999527633 ], [ -1577918.802400001324713, -420453.635699992068112 ], [ -1577928.20769999618642, -420474.595100002828985 ], [ -1577937.713400000939146, -420496.450900000054389 ], [ -1577944.731699998490512, -420510.512000000104308 ], [ -1577951.996599995996803, -420524.606899996288121 ], [ -1577959.511300002457574, -420538.741699999198318 ], [ -1577965.544199999887496, -420553.464499998372048 ], [ -1577981.855799997225404, -420581.995799998287112 ], [ -1577999.067000003298745, -420612.360499997623265 ], [ -1578017.542099997401237, -420641.506599999032915 ], [ -1578037.195499997818843, -420671.117100002709776 ], [ -1578057.937700000824407, -420702.861199994105846 ], [ -1578080.22590000089258, -420733.812899996526539 ], [ -1578101.045599996577948, -420761.773399999365211 ], [ -1578123.04199999733828, -420792.254299995023757 ], [ -1578146.429800001671538, -420822.621900002472103 ], [ -1578172.123199995839968, -420854.576700000092387 ], [ -1578196.807099997298792, -420876.160000001080334 ], [ -1578223.132700000889599, -420910.499399998225272 ], [ -1578319.789799997583032, -421031.799599994905293 ], [ -1578358.35340000060387, -421082.630899996496737 ], [ -1578379.51639999402687, -421108.426899996120483 ], [ -1578398.429099999368191, -421134.45479999948293 ], [ -1578416.195000001695007, -421158.700500002130866 ], [ -1578433.6079000022728, -421180.950800002086908 ], [ -1578453.294700000435114, -421209.352099997922778 ], [ -1578472.537000000709668, -421235.134000002406538 ], [ -1578490.778199998196214, -421260.274500004015863 ], [ -1578507.415300000226125, -421286.692199998535216 ], [ -1578523.915499997092411, -421310.915500000584871 ], [ -1578532.664500003680587, -421327.970300002489239 ], [ -1578547.611200001789257, -421351.554599992930889 ], [ -1578561.83399999840185, -421374.90150000480935 ], [ -1578580.667899997206405, -421414.518700001761317 ], [ -1578601.383099999278784, -421451.534699999727309 ], [ -1578621.86109999823384, -421489.692199994809926 ], [ -1578639.992600000696257, -421532.754199998918921 ], [ -1578660.124799998942763, -421573.434599996078759 ], [ -1578680.189600000157952, -421615.584499998018146 ], [ -1578698.107699997955933, -421663.040599998552352 ], [ -1578718.302900002105162, -421708.694300000555813 ], [ -1578736.640099998330697, -421751.510199994314462 ], [ -1578753.203399999300018, -421785.154100002255291 ], [ -1578772.536600001389161, -421835.310600003227592 ], [ -1578792.597599999280646, -421886.035999999847263 ], [ -1578810.014100000495091, -421934.623999998439103 ], [ -1578830.354200001340359, -421990.339499999769032 ], [ -1578902.341099999612197, -422188.013900002464652 ], [ -1578928.268699997803196, -422265.225400003604591 ], [ -1578944.232299999101087, -422310.678599999751896 ], [ -1578959.828099997946993, -422350.32539999159053 ], [ -1578974.853899996494874, -422387.8476000004448 ], [ -1578989.465099998982623, -422423.632299997378141 ], [ -1579006.730600000359118, -422469.059799999929965 ], [ -1579024.744299998274073, -422511.053100001998246 ], [ -1579042.041499998420477, -422550.144000001717359 ], [ -1579059.245600001420826, -422587.851200002711266 ], [ -1579076.489300003508106, -422628.629800000693649 ], [ -1579093.72390000289306, -422664.034999998752028 ], [ -1579113.809999999823049, -422692.012399999890476 ], [ -1579130.364700001431629, -422726.894899994134903 ], [ -1579159.991900000721216, -422783.650599994231015 ], [ -1579189.305999998003244, -422839.986999993212521 ], [ -1579220.573299998184666, -422897.146500001195818 ], [ -1579251.550000001676381, -422953.926900001708418 ], [ -1579284.502599995350465, -423011.570700002834201 ], [ -1579317.191699997754768, -423068.882199996616691 ], [ -1579353.568100003059953, -423125.894400002900511 ], [ -1579389.27860000054352, -423183.19199999794364 ], [ -1579424.890899997204542, -423242.884699993301183 ], [ -1579461.442299996968359, -423302.979000001214445 ], [ -1579498.8718, -423359.491499999072403 ], [ -1579536.679699997650459, -423419.359399998094887 ], [ -1579576.206399998394772, -423480.899099997244775 ], [ -1579616.710099995601922, -423539.004300001077354 ], [ -1579650.547099998686463, -423589.24769999133423 ], [ -1579693.924199997447431, -423648.939799998886883 ], [ -1579736.004700002493337, -423709.179599997587502 ], [ -1579779.262400002451614, -423770.240099993534386 ], [ -1579824.488099999260157, -423830.83559999242425 ], [ -1579871.13369999662973, -423892.309200001880527 ], [ -1579918.000500000780448, -423958.189400001429021 ], [ -1579966.438899997854605, -424025.415499998256564 ], [ -1580017.096299996133894, -424086.749300001189113 ], [ -1580070.638899997342378, -424158.48809999646619 ], [ -1580123.838399996515363, -424229.19440000411123 ], [ -1580179.421200001379475, -424302.335999992210418 ], [ -1580237.833299999358132, -424378.468899997882545 ], [ -1580299.447899997001514, -424456.449400001671165 ], [ -1580347.110600000247359, -424510.00479999743402 ], [ -1580416.444999996572733, -424598.998599999584258 ], [ -1580610.850499995751306, -424848.282200000248849 ], [ -1580626.274500002153218, -424866.755899996031076 ], [ -1580642.039000002900138, -424885.281800003256649 ], [ -1580658.092199998907745, -424906.309700002428144 ], [ -1580673.97549999714829, -424926.38699999731034 ], [ -1580687.489199999719858, -424939.951400001067668 ], [ -1580701.128999999025837, -424949.06630000192672 ], [ -1580718.376200003782287, -424969.025700001046062 ], [ -1580736.355199996614829, -424988.059600002132356 ], [ -1580754.720199997304007, -425007.197500000242144 ], [ -1580773.506899997359142, -425026.477300002239645 ], [ -1580811.436099995393306, -425067.907900002785027 ], [ -1580851.277100000530481, -425110.133199999574572 ], [ -1580894.241199997486547, -425151.006499995943159 ], [ -1580932.88250000262633, -425190.23699999274686 ], [ -1580974.047299997881055, -425229.721999996807426 ], [ -1581018.102300001773983, -425270.567900001071393 ], [ -1581064.874599996721372, -425315.101300003938377 ], [ -1581108.66439999663271, -425355.178899997845292 ], [ -1581157.553599997889251, -425398.517499994952232 ], [ -1581335.080400000559166, -425555.095700002275407 ], [ -1581406.741299997782335, -425619.620200003031641 ], [ -1581444.656499999109656, -425655.411100001540035 ], [ -1581480.464199997717515, -425688.260400004219264 ], [ -1581513.488499995088205, -425719.008099998347461 ], [ -1581545.432999994372949, -425747.721200002357364 ], [ -1581570.452549702487886, -425772.422692879103124 ], [ -1581582.60950000025332, -425784.42509999172762 ], [ -1581618.551799996988848, -425819.148799997288734 ], [ -1581650.791299997828901, -425850.502900002524257 ], [ -1581680.070399996126071, -425881.40400000102818 ], [ -1581711.592499997233972, -425912.471800002269447 ], [ -1581741.847500001313165, -425943.806400001514703 ], [ -1581770.918399996589869, -425975.14880000334233 ], [ -1581799.011599995894358, -426005.730700003448874 ], [ -1581815.978600000264123, -426025.414600000251085 ], [ -1581832.711300002178177, -426043.822800000663847 ], [ -1581849.075399997876957, -426062.141899996437132 ], [ -1581865.007800003513694, -426081.140600002836436 ], [ -1581880.517699999501929, -426100.486999997869134 ], [ -1581895.8275000017602, -426118.596600003074855 ], [ -1581910.799800002248958, -426136.652599999215454 ], [ -1581925.440599999390543, -426154.662400002591312 ], [ -1581939.688499995041639, -426173.39789999788627 ], [ -1581953.54309999733232, -426192.516899997834116 ], [ -1581967.225399997318164, -426210.433299996890128 ], [ -1581980.595499997027218, -426228.327900003176183 ], [ -1581993.585399998351932, -426246.965400000102818 ], [ -1582006.342500000726432, -426264.832499995827675 ], [ -1582018.267799996770918, -426283.646099998615682 ], [ -1582029.652799998875707, -426301.059999992139637 ], [ -1582041.525799999246374, -426319.913500001654029 ], [ -1582053.484800000675023, -426339.961800002958626 ], [ -1582064.9929, -426359.271699996199459 ], [ -1582075.997500000754371, -426377.18559999903664 ], [ -1582086.715000000782311, -426395.115899996832013 ], [ -1582097.147300001466647, -426413.065700000151992 ], [ -1582107.29619999951683, -426431.038199997972697 ], [ -1582116.878999998327345, -426449.71760000102222 ], [ -1582126.681200000690296, -426469.154700002167374 ], [ -1582135.9902000031434, -426487.213899993337691 ], [ -1582145.021800001617521, -426505.306900001130998 ], [ -1582153.777299996465445, -426523.435999998822808 ], [ -1582162.257700001355261, -426541.603999996557832 ], [ -1582170.464000002248213, -426559.812999998219311 ], [ -1582178.113200001884252, -426578.746600001119077 ], [ -1582185.774599994765595, -426597.044100000057369 ], [ -1582195.162999998312443, -426621.653399996925145 ], [ -1582203.93860000022687, -426645.618999996688217 ], [ -1582212.334999996935949, -426670.401700000744313 ], [ -1582220.375300001353025, -426696.070400001015514 ], [ -1582228.07469999906607, -426722.668699996545911 ], [ -1582240.925999996485189, -426747.369699998758733 ], [ -1582249.013300003949553, -426772.651600000914186 ], [ -1582256.801199998706579, -426802.046399999875575 ], [ -1582262.231800002511591, -426827.471599997486919 ], [ -1582266.772699997527525, -426855.270100003108382 ], [ -1582272.160399995278567, -426883.556599993724376 ], [ -1582277.659999997122213, -426913.963300003670156 ], [ -1582287.322299994993955, -426970.614299993962049 ], [ -1582309.885200000368059, -427108.419799997936934 ], [ -1582316.05959999631159, -427146.915599998552352 ], [ -1582324.112300003413111, -427180.31389999948442 ], [ -1582344.250100001692772, -427212.874799993820488 ], [ -1582352.453299998538569, -427246.789199998602271 ], [ -1582359.382700000656769, -427277.903199998661876 ], [ -1582366.508499997667968, -427307.535200001206249 ], [ -1582374.464100001379848, -427338.04740000423044 ], [ -1582382.7588000013493, -427367.288000001106411 ], [ -1582391.434600001433864, -427395.404800003394485 ], [ -1582397.805099998600781, -427425.172699997201562 ], [ -1582407.34450000198558, -427451.35590000031516 ], [ -1582417.349699999205768, -427476.666299999691546 ], [ -1582427.843300000298768, -427501.160099998582155 ], [ -1582438.843899995321408, -427524.880499996710569 ], [ -1582445.661600002786145, -427538.690899999812245 ], [ -1582452.859699997818097, -427552.63759999955073 ], [ -1582458.81290000048466, -427568.758599997963756 ], [ -1582465.732700003311038, -427583.715200002770871 ], [ -1582474.153299997095019, -427598.224799999501556 ], [ -1582483.02699999534525, -427613.002999991644174 ], [ -1582492.384300000965595, -427628.100999996997416 ], [ -1582510.900399999693036, -427642.255900000222027 ], [ -1582527.411799996625632, -427656.573800000362098 ], [ -1582543.705099997576326, -427671.219199997838587 ], [ -1582574.405599999474362, -427702.664600003045052 ], [ -1582599.652499996125698, -427738.027099997736514 ], [ -1582647.555100001394749, -427809.297200004570186 ], [ -1582665.937099998351187, -427840.21880000224337 ], [ -1582687.510699995327741, -427870.846500002779067 ], [ -1582706.427700000582263, -427898.547599997837096 ], [ -1582717.291799995815381, -427914.943600002210587 ], [ -1582726.094699992332608, -427932.257199997082353 ], [ -1582734.652499998686835, -427948.049999998882413 ], [ -1582743.831900001969188, -427963.137000000104308 ], [ -1582752.553999998839572, -427977.956199996173382 ], [ -1582760.833099994342774, -427992.533099999185652 ], [ -1582768.691900002304465, -428006.907799997366965 ], [ -1582776.147199996281415, -428021.111000003758818 ], [ -1582792.324999999487773, -428060.028499996755272 ], [ -1582820.582399998325855, -428093.744800000917166 ], [ -1582855.124600001145154, -428124.890100001357496 ], [ -1582875.50389999570325, -428161.656099994666874 ], [ -1582892.228299999143928, -428199.867899991571903 ], [ -1582908.398399997735396, -428238.245700004976243 ], [ -1582922.878600002732128, -428277.754899999592453 ], [ -1582936.403100000228733, -428316.931700002402067 ], [ -1582950.800199999008328, -428355.537899997085333 ], [ -1582964.577199997147545, -428394.143699993379414 ], [ -1582977.720099997939542, -428432.709600003436208 ], [ -1582990.2161, -428471.198099997825921 ], [ -1583000.569200002355501, -428510.165599999949336 ], [ -1583032.79289999557659, -428539.663799994625151 ], [ -1583070.93540000077337, -428564.280999998096377 ], [ -1583080.733799993060529, -428602.102699996903539 ], [ -1583082.760399998398498, -428621.78590000141412 ], [ -1583086.517999999690801, -428641.482800002209842 ], [ -1583089.662199998507276, -428661.872299997135997 ], [ -1583092.194099999032915, -428682.962200002279133 ], [ -1583094.114700001198798, -428704.759699998423457 ], [ -1583095.425099995685741, -428727.276300000026822 ], [ -1583096.125899997772649, -428750.522899999283254 ], [ -1583096.217499998863786, -428774.512899999506772 ], [ -1583095.700899998657405, -428799.232100000604987 ], [ -1583094.5763, -428824.725000002421439 ], [ -1583092.842699996428564, -428851.010899995453656 ], [ -1583090.498699996154755, -428878.11359999794513 ], [ -1583087.542699998477474, -428906.05249999742955 ], [ -1583083.970699997153133, -428934.867500001098961 ], [ -1583082.12389999604784, -428963.923900002613664 ], [ -1583101.672800003085285, -429003.831499994266778 ], [ -1583127.508499999763444, -429035.913599997758865 ], [ -1583122.4931, -429063.334899997338653 ], [ -1583117.009500001324341, -429091.571499997284263 ], [ -1583111.044899995904416, -429120.688999996520579 ], [ -1583104.591699997661635, -429150.727899997495115 ], [ -1583098.036800002679229, -429181.667900003027171 ], [ -1583090.518699998501688, -429213.95589999621734 ], [ -1583082.408799994969741, -429247.627099991776049 ], [ -1583068.760441798018292, -429302.132335735019296 ], [ -1583067.583900000434369, -429306.830900000408292 ], [ -1583050.397499999729916, -429372.819400003645569 ], [ -1583039.295200001215562, -429435.828299992717803 ], [ -1583029.621699996292591, -429586.284699999727309 ], [ -1583010.477000002516434, -429659.109899999573827 ], [ -1583000.972399995429441, -429696.161399999633431 ], [ -1582992.448099998524413, -429730.381899994332343 ], [ -1582984.746700000949204, -429762.403899999801069 ], [ -1582977.788400003453717, -429792.560100002214313 ], [ -1582970.376099999761209, -429826.457999993581325 ], [ -1582964.22239999845624, -429857.522200000938028 ], [ -1582963.185699995607138, -429884.752999999560416 ], [ -1582969.629599995212629, -429907.441599995829165 ], [ -1582971.773299999302253, -429934.377699994016439 ], [ -1582968.594999996712431, -429959.95809999993071 ], [ -1582966.213799995370209, -429984.189599996432662 ], [ -1582964.624099995242432, -430007.129900003317744 ], [ -1582964.021899999585003, -430021.109499997925013 ], [ -1582963.739799997536466, -430034.594899999443442 ], [ -1582963.777500001713634, -430047.595700000412762 ], [ -1582964.135099997045472, -430060.120599998161197 ], [ -1582964.812899997457862, -430072.177999996580184 ], [ -1582965.811199996620417, -430083.773900000378489 ], [ -1582967.130600002827123, -430094.914600002579391 ], [ -1582968.771800001617521, -430105.60550000006333 ], [ -1582970.736299995798618, -430115.855999996885657 ], [ -1582973.024399999761954, -430125.665799999143928 ], [ -1582975.637099999701604, -430135.039299997035414 ], [ -1582978.575500000268221, -430143.979899995494634 ], [ -1582982.002099994802848, -430154.263200002722442 ], [ -1582985.595099998172373, -430162.348300001118332 ], [ -1582989.517299997620285, -430170.009599996265024 ], [ -1582993.769799998030066, -430177.249499992467463 ], [ -1582998.36230000294745, -430184.082000000867993 ], [ -1583003.288800000445917, -430190.495800002478063 ], [ -1583008.550899998284876, -430196.492799999192357 ], [ -1583014.149899996584281, -430202.074599999003112 ], [ -1583020.0872999986168, -430207.242699997499585 ], [ -1583026.364500002702698, -430211.99829999729991 ], [ -1583033.144499999005347, -430218.11430000141263 ], [ -1583040.105699998093769, -430222.047899996861815 ], [ -1583047.411999998381361, -430225.572399998549372 ], [ -1583055.064199997577816, -430228.687799999956042 ], [ -1583063.063799998257309, -430231.394900004379451 ], [ -1583071.412300003692508, -430233.69419999467209 ], [ -1583080.272999997949228, -430237.357900002039969 ], [ -1583089.324099995428696, -430238.842700003180653 ], [ -1583098.728999998420477, -430239.920699997339398 ], [ -1583108.489099998725578, -430240.592100000474602 ], [ -1583117.5598, -430240.786599994171411 ], [ -1583127.076399997575209, -430240.535900003742427 ], [ -1583137.224899997003376, -430241.611299997195601 ], [ -1583147.715000002179295, -430240.466800000984222 ], [ -1583158.729399998206645, -430238.872999996878207 ], [ -1583170.336900000926107, -430236.820699998177588 ], [ -1583182.763400001917034, -430236.070500001776963 ], [ -1583195.785499998833984, -430233.0583999985829 ], [ -1583217.97529999515973, -430227.294399996753782 ], [ -1583244.830499995965511, -430222.824899998027831 ], [ -1583269.4757, -430215.278999995905906 ], [ -1583334.779699998442084, -430201.346599993295968 ], [ -1583367.918199999723583, -430191.443000001832843 ], [ -1583385.682299998356029, -430189.718599998857826 ], [ -1583400.98859999794513, -430185.685400004032999 ], [ -1583415.530900000594556, -430182.119600004050881 ], [ -1583429.430199998896569, -430178.991700002457947 ], [ -1583443.619599997531623, -430177.434000001754612 ], [ -1583456.0546, -430175.18749999627471 ], [ -1583468.082299998728558, -430173.308899991679937 ], [ -1583479.73530000122264, -430171.792900001164526 ], [ -1583492.350100001320243, -430171.700399998575449 ], [ -1583503.337499996647239, -430170.900400002487004 ], [ -1583514.016999998362735, -430170.456599996890873 ], [ -1583524.40289999707602, -430170.368400000501424 ], [ -1583545.532699995441362, -430171.835100001189858 ], [ -1583565.62400000076741, -430172.695500002708286 ], [ -1583587.231400001095608, -430175.077399996109307 ], [ -1583607.70219999901019, -430176.84780000243336 ], [ -1583629.588899997994304, -430180.132299997378141 ], [ -1583650.234499994199723, -430182.795200002379715 ], [ -1583670.886500001419336, -430185.894399997312576 ], [ -1583692.791499997023493, -430190.486699999775738 ], [ -1583712.207700000610203, -430193.889900001231581 ], [ -1583733.853000001283363, -430199.309400002937764 ], [ -1583752.902100001694635, -430203.518100001849234 ], [ -1583772.773100001737475, -430208.654200001154095 ], [ -1583793.629900000523776, -430215.226199997123331 ], [ -1583811.738499999511987, -430220.547899995930493 ], [ -1583831.822799999732524, -430227.820499998051673 ], [ -1583849.066999998409301, -430233.813599993474782 ], [ -1583865.03819999913685, -430240.031199996359646 ], [ -1583880.950799998361617, -430246.838100002147257 ], [ -1583895.724599999608472, -430253.693499993532896 ], [ -1583911.533799996366724, -430261.68550000153482 ], [ -1583927.298499999800697, -430270.273499996867031 ], [ -1583941.940899998182431, -430278.918199999257922 ], [ -1583957.63649999210611, -430288.709199994802475 ], [ -1583973.308099998161197, -430299.108099997509271 ], [ -1583987.8654999951832, -430309.567399998661131 ], [ -1584003.500100002856925, -430321.187899991404265 ], [ -1584020.237699999241158, -430333.706799997482449 ], [ -1584038.08979999832809, -430347.132700002286583 ], [ -1584055.668100000824779, -430359.913700001314282 ], [ -1584073.745399999432266, -430371.860399998258799 ], [ -1584090.480899998219684, -430382.917800004594028 ], [ -1584107.112799998605624, -430397.711099998094141 ], [ -1584122.011799994390458, -430412.878100001253188 ], [ -1584137.017000003252178, -430428.687599998898804 ], [ -1584151.443599998485297, -430444.174399995245039 ], [ -1584166.741200000746176, -430461.354399998672307 ], [ -1584182.221099996706471, -430479.258499999530613 ], [ -1584196.549700000556186, -430496.400400000158697 ], [ -1584213.266600002069026, -430516.535400001797825 ], [ -1584229.682300001149997, -430537.068899998441339 ], [ -1584243.320599997416139, -430554.723600002937019 ], [ -1584259.553100001066923, -430575.529499997384846 ], [ -1584275.75480000092648, -430596.982599997892976 ], [ -1584292.202299996744841, -430619.054900004062802 ], [ -1584321.418800001265481, -430658.960099997464567 ], [ -1584380.934600000502542, -430740.89200000371784 ], [ -1584406.22550000064075, -430775.216100003570318 ], [ -1584450.223399999085814, -430803.096400001551956 ], [ -1584484.858999999705702, -430826.020500002428889 ], [ -1584505.281699996674433, -430856.144599993247539 ], [ -1584525.477099996758625, -430886.876500000245869 ], [ -1584545.220000000670552, -430917.912499997764826 ], [ -1584564.285699998727068, -430948.94920000154525 ], [ -1584583.123899997211993, -430980.593600002583116 ], [ -1584601.284899996593595, -431012.238599998410791 ], [ -1584619.218299998436123, -431044.491299998480827 ], [ -1584637.256299998378381, -431077.788199997041374 ], [ -1584654.060200000647455, -431110.345799998380244 ], [ -1584670.636499998625368, -431143.511100004427135 ], [ -1584687.092600000789389, -431177.416900002863258 ], [ -1584702.7642, -431211.190500001423061 ], [ -1584731.67799999890849, -431244.521499996539205 ], [ -1584770.541299994569272, -431275.752000000793487 ], [ -1584784.855799996759742, -431310.438100000377744 ], [ -1584800.245200003031641, -431345.866899994201958 ], [ -1584813.654900001827627, -431381.161400004290044 ], [ -1584826.612199995666742, -431416.760100002400577 ], [ -1584839.117199996020645, -431452.662899998016655 ], [ -1584852.6971, -431489.308399994857609 ], [ -1584864.297299996716902, -431525.819599993992597 ], [ -1584875.445099995238706, -431562.634899997618049 ], [ -1584887.66789999534376, -431600.19299999345094 ], [ -1584897.91099999519065, -431637.616700000595301 ], [ -1584907.701699996832758, -431675.344500004779547 ], [ -1584956.982899997616187, -431705.718399997334927 ], [ -1584982.293299996759742, -431734.85780000127852 ], [ -1584994.97629999765195, -431770.176800002343953 ], [ -1585002.957499996991828, -431809.121400000527501 ], [ -1585010.486099995439872, -431848.36879999563098 ], [ -1585077.147799998754635, -431870.808600003365427 ], [ -1585073.579099997412413, -431882.468699995893985 ], [ -1585070.486299999291077, -431893.785799997393042 ], [ -1585063.619899996556342, -431908.08130000391975 ], [ -1585061.478700002189726, -431918.712499995715916 ], [ -1585059.813299999572337, -431929.000800001434982 ], [ -1585058.623700001975521, -431938.945999992080033 ], [ -1585057.910000000847504, -431948.548400001600385 ], [ -1585057.672099998220801, -431957.8078000000678 ], [ -1585057.910000000847504, -431966.724200001452118 ], [ -1585058.623700001975521, -431975.297699996735901 ], [ -1585059.813299999572337, -431983.528200001921505 ], [ -1585061.478700002189726, -431991.415800000540912 ], [ -1585063.619899996556342, -431998.960400002077222 ], [ -1585070.486299999291077, -432002.840599997434765 ], [ -1585073.579099997412413, -432009.699399993754923 ], [ -1585077.147799998754635, -432016.215099995024502 ], [ -1585079.245800000149757, -432019.433899991679937 ], [ -1585081.649299997137859, -432022.606099997647107 ], [ -1585084.356299996841699, -432025.729200003203005 ], [ -1585087.364400001242757, -432028.80039999820292 ], [ -1585090.671100000618026, -432031.817000003997236 ], [ -1585094.272399995941669, -432034.775300001725554 ], [ -1585098.164299994707108, -432037.671999991871417 ], [ -1585102.341399999801069, -432040.503200000151992 ], [ -1585111.057199997827411, -432039.949300001375377 ], [ -1585115.797299997881055, -432042.642599998041987 ], [ -1585126.064599995035678, -432047.788299995940179 ], [ -1585137.314699998358265, -432052.579399998299778 ], [ -1585153.684400000842288, -432053.646400001831353 ], [ -1585167.026099994778633, -432057.718800004106015 ], [ -1585180.947999996133149, -432061.240800003055483 ], [ -1585199.456399997230619, -432060.829300004523247 ], [ -1585213.554600000148639, -432063.924500000663102 ], [ -1585227.577899997588247, -432065.4344999990426 ], [ -1585240.925400001229718, -432066.172500002197921 ], [ -1585247.043499995721504, -432067.105599992908537 ], [ -1585253.049799997825176, -432066.979300000239164 ], [ -1585258.7156999965664, -432066.654999998398125 ], [ -1585264.005699996836483, -432066.134900002274662 ], [ -1585267.508099998813123, -432065.588499998208135 ], [ -1585270.937499996973202, -432064.80730000231415 ], [ -1585274.295199998421595, -432063.790800004266202 ], [ -1585277.583099997835234, -432062.538500001188368 ], [ -1585280.802699998719618, -432061.050000001210719 ], [ -1585283.767000002088025, -432060.184999999590218 ], [ -1585286.856199999572709, -432058.220899997279048 ], [ -1585289.883299999637529, -432056.016999997198582 ], [ -1585292.847499998286366, -432053.574599993415177 ], [ -1585295.754399995552376, -432050.889300001785159 ], [ -1585298.606599999126047, -432047.958800001535565 ], [ -1585301.406899998895824, -432044.78019999852404 ], [ -1585306.863399998750538, -432037.665800004266202 ], [ -1585312.153600001707673, -432029.507400001399219 ], [ -1585316.966899994760752, -432020.912899997085333 ], [ -1585321.514800001867115, -432012.156899998895824 ], [ -1585326.221199996769428, -432001.42619999917224 ], [ -1585330.97569999913685, -431989.402499992866069 ], [ -1585335.397500002523884, -431977.216900000814348 ], [ -1585340.125799994450063, -431963.26299999980256 ], [ -1585357.996899996185675, -431907.099199997261167 ], [ -1585366.208999999798834, -431882.687600002624094 ], [ -1585370.900099997408688, -431869.896299998275936 ], [ -1585375.505599999567494, -431858.277099999133497 ], [ -1585380.110500000417233, -431847.615699998103082 ], [ -1585384.759999999310821, -431837.808899995405227 ], [ -1585390.417999997967854, -431827.643300001975149 ], [ -1585396.434800001094118, -431817.711299997754395 ], [ -1585402.659299997380003, -431808.811299990862608 ], [ -1585405.857799998018891, -431804.736300001386553 ], [ -1585409.117899999720976, -431800.906199992634356 ], [ -1585412.44660000083968, -431797.312899995595217 ], [ -1585415.842300000600517, -431793.95920000039041 ], [ -1585419.307100002886727, -431790.84279999230057 ], [ -1585422.84309999877587, -431787.961999993771315 ], [ -1585426.263400000985712, -431786.175599998328835 ], [ -1585429.947799995774403, -431783.761100003961474 ], [ -1585433.708799995016307, -431781.578100000973791 ], [ -1585437.548099997686222, -431779.625700002070516 ], [ -1585442.709600003203377, -431777.30420000012964 ], [ -1585448.120199997909367, -431775.111999996937811 ], [ -1585453.790699997218326, -431773.044599996879697 ], [ -1585459.735199995571747, -431771.096799998078495 ], [ -1585472.315299997106194, -431768.401200001128018 ], [ -1585486.471800001338124, -431765.238499996252358 ], [ -1585498.736200000159442, -431763.815600003581494 ], [ -1585512.793699999339879, -431761.634699998423457 ], [ -1585562.945299999322742, -431756.00630000140518 ], [ -1585582.198399994289503, -431753.987300002481788 ], [ -1585598.635800001211464, -431751.395300003699958 ], [ -1585614.813700002385303, -431749.946800001431257 ], [ -1585631.110700001707301, -431747.920300000812858 ], [ -1585647.149299999698997, -431747.037199998740107 ], [ -1585663.262399997795001, -431746.55619999859482 ], [ -1585679.352899999590591, -431745.377599991858006 ], [ -1585695.329899996519089, -431745.461699998006225 ], [ -1585711.285499999532476, -431744.848200004547834 ], [ -1585727.174199995351955, -431744.517000001855195 ], [ -1585742.951199996750802, -431745.448700000997633 ], [ -1585758.708399998489767, -431745.682500000111759 ], [ -1585774.354999996721745, -431747.178899993188679 ], [ -1585789.982999997679144, -431747.977700000163168 ], [ -1585805.501599997747689, -431750.039100002031773 ], [ -1585821.002900000894442, -431751.402899996843189 ], [ -1585836.441799999214709, -431753.049300003796816 ], [ -1585851.771499999100342, -431755.95840000314638 ], [ -1585867.085900001693517, -431758.169900002889335 ], [ -1585882.294099998427555, -431761.644500000402331 ], [ -1585897.488200000254437, -431764.421700000297278 ], [ -1585912.577699997462332, -431768.462199994362891 ], [ -1585927.654400000115857, -431771.805700003169477 ], [ -1585942.673399996012449, -431775.432500002440065 ], [ -1585957.589800000423566, -431780.323000001255423 ], [ -1585972.495499994140118, -431784.516999998129904 ], [ -1585987.300099999178201, -431789.975000001024455 ], [ -1586002.09569999948144, -431794.736999998334795 ], [ -1586016.837499994318932, -431799.783399997744709 ], [ -1586031.480500000528991, -431806.094699998851866 ], [ -1586046.117100002709776, -431811.710700000170618 ], [ -1586060.65649999701418, -431818.592300002463162 ], [ -1586075.1912, -431824.77929999679327 ], [ -1586089.607199996244162, -431832.22179999621585 ], [ -1586104.020200000144541, -431838.969599997159094 ], [ -1586118.416399996960536, -431846.918600001372397 ], [ -1586132.735100001096725, -431854.238699995912611 ], [ -1586147.038699997123331, -431862.760999993421137 ], [ -1586161.267000002553686, -431870.655400001443923 ], [ -1586175.451500000432134, -431878.837700000964105 ], [ -1586189.62400000076741, -431888.224000000394881 ], [ -1586203.723700000206009, -431896.983899992890656 ], [ -1586216.79314674786292, -431906.227124753873795 ], [ -1586217.813700002385303, -431906.948899996466935 ], [ -1586231.833499997155741, -431916.289199999067932 ], [ -1586245.815099997911602, -431925.920799998100847 ], [ -1586259.790099998936057, -431936.760000003501773 ], [ -1586273.698800000594929, -431946.97689999314025 ], [ -1586287.603600001195446, -431958.403100002091378 ], [ -1586301.444400002481416, -431969.208900003228337 ], [ -1586315.2478, -431980.306200002785772 ], [ -1586329.051400000462309, -431992.6158999921754 ], [ -1586342.795200003311038, -432004.30820000031963 ], [ -1586356.511399997398257, -432016.299800002481788 ], [ -1586370.232000002870336, -432029.507299996912479 ], [ -1586383.897500002523884, -432042.101599990855902 ], [ -1586397.570799997542053, -432055.91469999961555 ], [ -1586411.192200002260506, -432069.117699997965246 ], [ -1586424.793199992738664, -432082.626499999780208 ], [ -1586438.40709999576211, -432097.359400001354516 ], [ -1586451.974700001766905, -432111.487400001846254 ], [ -1586465.528500000247732, -432125.928000000771135 ], [ -1586479.067000001203269, -432142.555199996102601 ], [ -1586492.719199996208772, -432158.801699996460229 ], [ -1586506.48679999797605, -432176.538599998690188 ], [ -1586520.006899997824803, -432192.252799996640533 ], [ -1586541.426999998977408, -432218.842999996151775 ], [ -1586562.413599999854341, -432246.274200002197176 ], [ -1586583.72940000356175, -432273.34510000096634 ], [ -1586604.757099999813363, -432302.456399999558926 ], [ -1587032.10720000276342, -430832.293600002769381 ], [ -1587073.880787953035906, -430247.463388460222632 ], [ -1587096.40891519957222, -429932.069617619737983 ], [ -1587161.483578392770141, -429021.024363670963794 ], [ -1587243.774300001794472, -427868.954299999866635 ], [ -1586582.62066206545569, -425958.954893801826984 ], [ -1585459.054994099307805, -422713.098506580106914 ], [ -1584386.268599997507408, -419613.937799999956042 ], [ -1580959.656667280709371, -410411.037270545959473 ], [ -1580682.094500003615394, -409665.584599998313934 ], [ -1579166.048346274299547, -405916.679112882819027 ], [ -1579025.051107572158799, -405568.018671032972634 ], [ -1578238.412199995713308, -403622.804200001992285 ], [ -1578199.727099996525794, -403734.609499995596707 ], [ -1578188.182999998563901, -403767.872600004076958 ], [ -1578174.640199997695163, -403795.493000004440546 ], [ -1578156.493799996562302, -403828.607500004116446 ], [ -1578143.142699999269098, -403861.289300000760704 ], [ -1578134.774799999548122, -403891.053999999538064 ], [ -1578127.469100000336766, -403919.435900000855327 ], [ -1578123.475199997192249, -403936.314099994022399 ], [ -1578119.851799995405599, -403952.794599995948374 ], [ -1578116.591399999801069, -403968.910500003956258 ], [ -1578113.688999998150393, -403984.688199997879565 ], [ -1578111.139299997594208, -404000.155699991155416 ], [ -1578108.940200000535697, -404015.327300001401454 ], [ -1578107.089199997717515, -404030.220299998763949 ], [ -1578105.584499998716637, -404044.849099998828024 ], [ -1578104.423399998107925, -404059.246799998451024 ], [ -1578103.607299994444475, -404073.404199997894466 ], [ -1578103.135699997656047, -404087.331399998627603 ], [ -1578103.008099998114631, -404101.037600001785904 ], [ -1578103.224699998041615, -404114.531999994534999 ], [ -1578103.785399999702349, -404127.820799998473376 ], [ -1578104.690699999686331, -404140.910700004547834 ], [ -1578105.940899998415262, -404153.807699997443706 ], [ -1578107.523800002643839, -404166.960900003556162 ], [ -1578109.35920000099577, -404180.207100002095103 ], [ -1578111.447899997001514, -404193.552299991715699 ], [ -1578113.790899997577071, -404207.002999994903803 ], [ -1578116.389399997889996, -404220.565200003795326 ], [ -1578116.924499997403473, -404236.358599999919534 ], [ -1578113.077599995071068, -404256.502200000919402 ], [ -1578111.812000001082197, -404274.673199998214841 ], [ -1578109.303200000198558, -404291.913299999665469 ], [ -1578109.38060000166297, -404307.202599996235222 ], [ -1578109.727299997350201, -404322.664399998262525 ], [ -1578114.170099996030331, -404337.265499998349696 ], [ -1578118.890200000721961, -404352.066799996886402 ], [ -1578123.895099999615923, -404367.091600002255291 ], [ -1578133.965799998957664, -404397.263700002804399 ], [ -1578144.507299997843802, -404425.17439999897033 ], [ -1578156.085299997124821, -404454.227000004611909 ], [ -1578168.811000001151115, -404484.702300000470132 ], [ -1578182.082800002070144, -404516.494099994190037 ], [ -1578195.530400001211092, -404546.482099997345358 ], [ -1578210.794899999396876, -404579.731999999377877 ], [ -1578265.678, -404699.468499996699393 ], [ -1578291.01249999855645, -404747.49329999787733 ], [ -1578304.029899997171015, -404774.586100000422448 ], [ -1578314.91949999704957, -404799.37280000327155 ], [ -1578325.00129999872297, -404822.959600002970546 ], [ -1578334.104999999050051, -404844.750000002793968 ], [ -1578344.829199997009709, -404871.655400001909584 ], [ -1578354.687300002202392, -404897.613200002815574 ], [ -1578363.745999999344349, -404922.799600002821535 ], [ -1578372.047200001077726, -404947.33079999871552 ], [ -1578379.563799995463341, -404970.764500001445413 ], [ -1578386.243199999677017, -404994.018499997910112 ], [ -1578392.4408999979496, -405017.115200002212077 ], [ -1578397.96659999853, -405039.837300001177937 ], [ -1578404.054900002665818, -405065.516500002704561 ], [ -1578410.968199996743351, -405093.255799998529255 ], [ -1578418.791699998546392, -405123.39919999288395 ], [ -1578428.219099999871105, -405157.090900000650436 ], [ -1578446.084099998231977, -405221.105800000485033 ], [ -1578489.038400000194088, -405374.232799996621907 ], [ -1578500.144099996658042, -405414.413600003346801 ], [ -1578510.020799999125302, -405450.874100001528859 ], [ -1578518.543699997710064, -405483.087499996181577 ], [ -1578526.395799994235858, -405513.566499997396022 ], [ -1578533.378400000743568, -405542.442000003997236 ], [ -1578540.105199999641627, -405570.297899995464832 ], [ -1578548.692399997962639, -405608.9079 ], [ -1578556.257799998857081, -405645.789399997796863 ], [ -1578562.866700001992285, -405680.571699991822243 ], [ -1578568.786100001307204, -405712.967000002041459 ], [ -1578573.855500002624467, -405743.953599998727441 ], [ -1578578.079499999061227, -405773.56639999570325 ], [ -1578581.148299995809793, -405801.592999995220453 ], [ -1578583.703899997286499, -405828.621899996418506 ], [ -1578584.786499998532236, -405843.42309999698773 ], [ -1578585.602399999508634, -405857.831899999175221 ], [ -1578586.151799996383488, -405871.853500004392117 ], [ -1578586.434999996097758, -405885.492100001312792 ], [ -1578586.451799996430054, -405898.752499999478459 ], [ -1578586.202499997802079, -405911.637399997096509 ], [ -1578585.68689999752678, -405924.150200000032783 ], [ -1578584.904799999669194, -405936.293699997011572 ], [ -1578583.8558999968227, -405948.073100003413856 ], [ -1578582.540099998004735, -405959.487900002859533 ], [ -1578580.957100002327934, -405970.540300003718585 ], [ -1578579.425200000172481, -405981.504800002556294 ], [ -1578577.307099998462945, -405991.837999999988824 ], [ -1578574.920899998163804, -406001.81390000320971 ], [ -1578572.266299998853356, -406011.43389999633655 ], [ -1578569.342999999877065, -406020.699399998411536 ], [ -1578566.147499998565763, -406029.619400000665337 ], [ -1578562.47659999714233, -406038.458699994254857 ], [ -1578558.535100001376122, -406046.945999999530613 ], [ -1578554.992531447205693, -406053.788994294591248 ] ] ] } },
{ "type": "Feature", "properties": { "ID": 1051, "YEAR": "2014-2015", "Perimtr_KM": 22.016571583899999, "AREA_KM": 17.407781286300001, "SCALE": 2, "THICKNES_M": 328.726654053, "VOLUME_KM": 5.7224016967300004, "MASS_GT": 5.2474423558999996, "RECURRANCE": "1-2", "UA_KM": 0.11008285792, "UH_M": 27.2843121519, "UC_KM": 0.437845065, "REGION": "East", "ICESHELF": "Helen" }, "geometry": { "type": "Polygon", "coordinates": [ [ [ 2569046.928239069879055, -179551.214899990707636 ], [ 2569281.983600001782179, -179608.401500004343688 ], [ 2569920.091914881020784, -179629.744552894495428 ], [ 2570286.873674032278359, -179642.012442692182958 ], [ 2570319.810700006783009, -179643.114100000821054 ], [ 2570275.472465936094522, -179681.102288040332496 ], [ 2570095.591989969834685, -179835.220589962787926 ], [ 2569804.948310159146786, -180084.23877916764468 ], [ 2569686.668858545832336, -180185.578450066037476 ], [ 2566922.920936221256852, -182553.507123010698706 ], [ 2564236.704355964437127, -184855.008360057137907 ], [ 2563397.822997729294002, -185573.746565271168947 ], [ 2563388.644349615089595, -185581.610663102008402 ], [ 2563388.156349555589259, -185582.028772631194443 ], [ 2562822.02040000166744, -186067.083699994720519 ], [ 2562655.087594820186496, -185436.861785554327071 ], [ 2562628.524273552000523, -185336.577200000640005 ], [ 2562611.014500006102026, -185270.472500000614673 ], [ 2562867.931699994951487, -184934.05239999294281 ], [ 2562651.688000009395182, -183817.398600002750754 ], [ 2563624.141200002282858, -182604.831799995154142 ], [ 2564269.473499995656312, -181904.460296188946813 ], [ 2565195.004538541659713, -180899.992419270332903 ], [ 2565213.822599996812642, -180879.569399994332343 ], [ 2566438.247100006788969, -180386.083599998150021 ], [ 2566657.908500000834465, -179953.190300001762807 ], [ 2567430.790999997407198, -179158.024999995250255 ], [ 2569046.928239069879055, -179551.214899990707636 ] ] ] } },
{ "type": "Feature", "properties": { "ID": 1052, "YEAR": "2014-2015", "Perimtr_KM": 28.075146155799999, "AREA_KM": 27.36745099, "SCALE": 2, "THICKNES_M": 126.047215472, "VOLUME_KM": 3.4495909918600001, "MASS_GT": 3.1632749395299999, "RECURRANCE": "4-5", "UA_KM": 0.14037573078000001, "UH_M": 10.4619188326, "UC_KM": 0.26394274154000003, "REGION": "West", "ICESHELF": "Abbot" }, "geometry": { "type": "Polygon", "coordinates": [ [ [ -1908090.546500000869855, 5126.379200001247227 ], [ -1907976.904999998398125, 4096.788699998054653 ], [ -1907984.360500001814216, 4099.416400014888495 ], [ -1907993.367300001904368, 4102.229600000195205 ], [ -1908003.162599996896461, 4104.956500004045665 ], [ -1908014.083099998533726, 4107.691099999006838 ], [ -1908024.987499999115244, 4109.894800003152341 ], [ -1908036.539299994474277, 4111.449000007938594 ], [ -1908048.85129999765195, 4112.369700009934604 ], [ -1908062.147899996954948, 4112.674100014381111 ], [ -1908074.279299998888746, 4112.462299996986985 ], [ -1908087.872899998910725, 4111.816100004594773 ], [ -1908130.950200000312179, 4108.590300002600998 ], [ -1908145.400199995841831, 4107.691099999006838 ], [ -1908159.4634, 4106.80070000467822 ], [ -1908173.76380000077188, 4105.537900007329881 ], [ -1908188.33039999846369, 4103.900200004689395 ], [ -1908203.201000002212822, 4101.883300010114908 ], [ -1908218.400199994212016, 4099.484500004444271 ], [ -1908233.98819999746047, 4096.578400004189461 ], [ -1908250.049300000537187, 4093.266900002025068 ], [ -1908266.685599998570979, 4089.529799999203533 ], [ -1908296.207199999829754, 4082.197500004433095 ], [ -1908328.926400000229478, 4073.354800006374717 ], [ -1908361.117599997436628, 4064.267499994020909 ], [ -1908444.024799994658679, 4040.188000003807247 ], [ -1908468.19629999785684, 4033.468899995554239 ], [ -1908489.972099999664351, 4027.703600007109344 ], [ -1908514.429999997839332, 4021.65670000622049 ], [ -1908537.383499997667968, 4016.489500002469867 ], [ -1908559.26149999955669, 4012.105800001882017 ], [ -1908580.284799997927621, 4008.46199999935925 ], [ -1908601.639900000300258, 4005.34750000666827 ], [ -1908624.057799997739494, 4002.629300000146031 ], [ -1908647.766799993347377, 4000.27910000551492 ], [ -1908673.25899999612011, 3998.258700001519173 ], [ -1908695.970999999670312, 3996.822399999015033 ], [ -1908721.280900002457201, 3995.502300000749528 ], [ -1908806.926199997076765, 3991.892300000879914 ], [ -1908839.415199998999014, 3990.292000002227724 ], [ -1908871.966500001261011, 3988.23319999454543 ], [ -1908901.157599999336526, 3985.811500012408942 ], [ -1908917.207099996739998, 3984.183199999388307 ], [ -1908932.627099997131154, 3982.385300002526492 ], [ -1908947.511900000507012, 3980.40649999724701 ], [ -1908961.924600003752857, 3978.238499998115003 ], [ -1908975.934799999464303, 3975.870400005485862 ], [ -1908989.565399998100474, 3973.29780000820756 ], [ -1909002.850900002056733, 3970.514099999330938 ], [ -1909015.817599999019876, 3967.513900001998991 ], [ -1909030.511399997863919, 3963.766500014346093 ], [ -1909045.411600003251806, 3959.60640000551939 ], [ -1909060.548999998252839, 3955.024900004733354 ], [ -1909075.963599994545802, 3950.010100006125867 ], [ -1909091.681499997619539, 3944.554000004660338 ], [ -1909107.783399995649233, 3938.629200014751405 ], [ -1909124.340500002028421, 3932.231000004336238 ], [ -1909141.461300002643839, 3925.316900006029755 ], [ -1909172.782800000160933, 3912.919700006023049 ], [ -1909205.416999999200925, 3897.626700004097074 ], [ -1909237.370200002798811, 3882.339400006923825 ], [ -1909319.043000001693144, 3843.279600004665554 ], [ -1909342.560699999099597, 3832.308800006750971 ], [ -1909363.79090000060387, 3822.667499997187406 ], [ -1909387.451499994844198, 3812.306000011973083 ], [ -1909409.723900001263246, 3803.003800005186349 ], [ -1909431.015599998878315, 3794.590899995528162 ], [ -1909451.538600001251325, 3786.984100005123764 ], [ -1909466.830599996494129, 3781.709100014995784 ], [ -1909482.593199995812029, 3776.657599998638034 ], [ -1909498.856899995123968, 3771.819900005590171 ], [ -1909515.661600001389161, 3767.184099995996803 ], [ -1909533.033499997574836, 3762.742400008253753 ], [ -1909551.053900000173599, 3758.473499992862344 ], [ -1909569.796899996930733, 3754.359600003343076 ], [ -1909589.181699995649979, 3750.448300003539771 ], [ -1909606.666399997659028, 3747.1527000060305 ], [ -1909625.01289999904111, 3743.90590000199154 ], [ -1909665.108600000152364, 3737.427600004710257 ], [ -1909705.590599996270612, 3731.424300001934171 ], [ -1909811.824199999449775, 3716.353000003378838 ], [ -1909842.944799999706447, 3711.596500008367002 ], [ -1909870.716199999675155, 3707.020900001749396 ], [ -1909901.928700001444668, 3701.370800009928644 ], [ -1909930.773999998811632, 3695.53670000564307 ], [ -1909957.809800000628456, 3689.405400011688471 ], [ -1909983.317200002958998, 3682.912299999967217 ], [ -1909998.5145, 3678.664999994449317 ], [ -1910013.240299998549744, 3674.246200003661215 ], [ -1910027.471499998588115, 3669.705699993763119 ], [ -1910041.232599998358637, 3665.035600005183369 ], [ -1910054.604900000384077, 3660.167200006078929 ], [ -1910067.656699996441603, 3655.036299994681031 ], [ -1910080.294199997326359, 3649.754800003021955 ], [ -1910092.64029999752529, 3644.198900006245822 ], [ -1910104.6148999966681, 3638.472800011746585 ], [ -1910116.319399997824803, 3632.461000000592321 ], [ -1910127.708199996268377, 3626.218200000934303 ], [ -1910138.843999997479841, 3619.680500011425465 ], [ -1910149.680199997266755, 3612.902500001247972 ], [ -1910160.222199999494478, 3605.880800005514175 ], [ -1910170.475699995644391, 3598.611500003840774 ], [ -1910180.445799995912239, 3591.090900010429323 ], [ -1910193.764500001911074, 3580.478099999483675 ], [ -1910207.109399997862056, 3569.342100009322166 ], [ -1910220.476799998898059, 3557.686000002548099 ], [ -1910233.862499996321276, 3545.513500011991709 ], [ -1910247.26260000304319, 3532.827899997122586 ], [ -1910260.671599995810539, 3519.63470000680536 ], [ -1910274.084199996199459, 3505.939000004436821 ], [ -1910287.494300000602379, 3491.746900014113635 ], [ -1910300.905799996340647, 3477.053800007328391 ], [ -1910316.213799994904548, 3462.48270000750199 ], [ -1910329.585499995620921, 3446.833399997092783 ], [ -1910342.924499997636303, 3430.720800015609711 ], [ -1910356.223200001288205, 3414.15390000725165 ], [ -1910369.468499998096377, 3397.149100000970066 ], [ -1910382.648399997269735, 3379.721700007095933 ], [ -1910395.748599994927645, 3361.890500005334616 ], [ -1910401.588399997213855, 3353.576500008814037 ], [ -1910407.309800000395626, 3344.923999997321516 ], [ -1910412.925200000638142, 3335.914400001056492 ], [ -1910418.44979999656789, 3326.523399996571243 ], [ -1910423.893399997614324, 3316.735399993602186 ], [ -1910429.285599997732788, 3306.498199994675815 ], [ -1910434.651699999114498, 3295.763900015037507 ], [ -1910440.029000000795349, 3284.458200002554804 ], [ -1910448.841899994993582, 3264.774600006174296 ], [ -1910458.176899998215958, 3242.515400006435812 ], [ -1910466.834699995582923, 3220.876700005494058 ], [ -1910487.593699998920783, 3168.040100014768541 ], [ -1910498.77599999983795, 3140.866300003137439 ], [ -1910504.68689999752678, 3127.235099996440113 ], [ -1910510.429699994623661, 3114.471800006460398 ], [ -1910516.097099996637553, 3102.584200000856072 ], [ -1910521.746199995279312, 3091.345400002785027 ], [ -1910528.103499999502674, 3079.410200013779104 ], [ -1910534.538599997060373, 3067.983299998566508 ], [ -1910541.081399996764958, 3057.227900005411357 ], [ -1910547.760599998291582, 3046.988299994263798 ], [ -1910554.605900001013651, 3037.219200002960861 ], [ -1910561.628899996867403, 3027.905300013255328 ], [ -1910569.760699997656047, 3019.267800005152822 ], [ -1910577.972500000614673, 3010.898600005079061 ], [ -1910596.362099997233599, 2990.700899998191744 ], [ -1910610.225999998161569, 2976.294400009792298 ], [ -1910616.814899998949841, 2969.850299993529916 ], [ -1910623.16770000080578, 2963.934200000949204 ], [ -1910629.356699994998053, 2958.478700000792742 ], [ -1910635.423700003186241, 2953.447300004772842 ], [ -1910640.330699994694442, 2949.804400003980845 ], [ -1910645.713099999818951, 2946.37010000506416 ], [ -1910651.579700000351295, 2943.13880000077188 ], [ -1910657.943100001197308, 2940.103700002655387 ], [ -1910664.810499996878207, 2937.260500003583729 ], [ -1910672.211299999849871, 2934.596300004981458 ], [ -1910680.173300000838935, 2932.101100002415478 ], [ -1910688.741300000809133, 2929.76080001424998 ], [ -1910704.495699999155477, 2926.167199996300042 ], [ -1910722.69120000069961, 2922.82169999461621 ], [ -1910740.677999995881692, 2920.041400010697544 ], [ -1910782.188200000207871, 2914.187100001610816 ], [ -1910801.490999996894971, 2910.995300005655736 ], [ -1910810.828300000401214, 2909.133299998473376 ], [ -1910819.157499995781109, 2907.193700007162988 ], [ -1910826.6367, 2905.139600004535168 ], [ -1910833.346200002124533, 2902.94830000307411 ], [ -1910840.583799998508766, 2900.057300004642457 ], [ -1910846.830100000603124, 2896.905400001443923 ], [ -1910852.1323000008706, 2893.468399996869266 ], [ -1910854.438700001453981, 2891.637200000230223 ], [ -1910856.519000000786036, 2889.727899996098131 ], [ -1910858.378400000277907, 2887.735100007615983 ], [ -1910860.015200001420453, 2885.659900004975498 ], [ -1910861.431099995970726, 2883.50029999576509 ], [ -1910862.627200002083555, 2881.254499996546656 ], [ -1910863.604400001466274, 2878.920499993953854 ], [ -1910864.36339999968186, 2876.496800012886524 ], [ -1910864.90479999827221, 2873.981899994891137 ], [ -1910865.228700001956895, 2871.374100002460182 ], [ -1910865.363899994408712, 2866.840300003997982 ], [ -1910865.064299999736249, 2861.933499994687736 ], [ -1910864.329999995185062, 2856.655799998901784 ], [ -1910863.161499997600913, 2851.009899995755404 ], [ -1910861.558999996166676, 2844.998000013642013 ], [ -1910859.523799998220056, 2838.624499996658415 ], [ -1910857.057099999394268, 2831.893500003032386 ], [ -1910854.160899998852983, 2824.810700009576976 ], [ -1910850.828400001395494, 2817.361800006125122 ], [ -1910847.070400001248345, 2809.573700001928955 ], [ -1910842.891499999444932, 2801.455700002145022 ], [ -1910838.298199997283518, 2793.020699999295175 ], [ -1910827.896099999314174, 2775.251199996564537 ], [ -1910815.984800000209361, 2756.471600006334484 ], [ -1910811.376699997344986, 2749.722700000740588 ], [ -1910806.433600002201274, 2742.994600008241832 ], [ -1910801.150299999862909, 2736.280099993571639 ], [ -1910795.519499997841194, 2729.570200006477535 ], [ -1910789.536099999444559, 2722.858200001530349 ], [ -1910783.185800000326708, 2716.12790000019595 ], [ -1910776.454899997450411, 2709.364600013010204 ], [ -1910769.323699996108189, 2702.54869999550283 ], [ -1910761.960400001844391, 2695.828600014559925 ], [ -1910754.159600001061335, 2689.005400004796684 ], [ -1910737.044099999824539, 2674.87590000173077 ], [ -1910717.620299996575341, 2659.841800010763109 ], [ -1910692.874999996740371, 2641.569100010208786 ], [ -1910686.8648, 2637.519200006499887 ], [ -1910680.203300000866875, 2633.647999995388091 ], [ -1910672.829999995185062, 2629.919600003864616 ], [ -1910664.622000002069399, 2626.271799995098263 ], [ -1910656.675599998794496, 2623.105399998836219 ], [ -1910647.636199998203665, 2619.80750001501292 ], [ -1910614.404399996856228, 2608.707600007764995 ], [ -1910601.303699996089563, 2604.027500000782311 ], [ -1910594.484299996169284, 2601.339399998541921 ], [ -1910588.30449999589473, 2598.6794000021182 ], [ -1910582.643099999520928, 2595.995100003201514 ], [ -1910577.440400000661612, 2593.257899994030595 ], [ -1910571.504900000290945, 2589.72000000346452 ], [ -1910566.165299996268004, 2585.935300010256469 ], [ -1910561.380699995905161, 2582.065700000151992 ], [ -1910557.129699998768046, 2577.903100002091378 ], [ -1910553.510499998461455, 2573.683700005989522 ], [ -1910550.798199999378994, 2569.495999994687736 ], [ -1910548.470899994717911, 2565.159800007473677 ], [ -1910546.213699999498203, 2560.140199998859316 ], [ -1910543.948100000387058, 2553.379199998453259 ], [ -1910541.81779999891296, 2545.729100010357797 ], [ -1910539.870499996701255, 2537.073999998159707 ], [ -1910538.061499997740611, 2527.216300005093217 ], [ -1910537.11669999663718, 2519.699000011663884 ], [ -1910536.869199994951487, 2512.233900002203882 ], [ -1910537.153400001348928, 2505.103300015442073 ], [ -1910538.134900000179186, 2498.020299999509007 ], [ -1910539.758699997561052, 2491.077800008933991 ], [ -1910542.025499998824671, 2484.272700000088662 ], [ -1910544.881199998082593, 2477.696700004860759 ], [ -1910548.437300001038238, 2471.157200011890382 ], [ -1910552.581000001402572, 2464.846800005994737 ], [ -1910557.428099997807294, 2458.565300002228469 ], [ -1910562.871800003340468, 2452.498100011609495 ], [ -1910568.971500003477558, 2446.545500003732741 ], [ -1910575.785799999488518, 2440.608999996446073 ], [ -1910583.268100000917912, 2434.775800007861108 ], [ -1910591.426899995654821, 2429.039100000634789 ], [ -1910600.273900000378489, 2423.390800005756319 ], [ -1910608.411899995757267, 2418.614899996202439 ], [ -1910617.077699997927994, 2413.889899997040629 ], [ -1910626.28570000291802, 2409.208200003020465 ], [ -1910636.055699996184558, 2404.559500007890165 ], [ -1910646.399599997559562, 2399.937600004021078 ], [ -1910657.362699997844175, 2395.321899994742125 ], [ -1910668.987300001317635, 2390.694400004576892 ], [ -1910681.340799998492002, 2386.028200003318489 ], [ -1910703.446499995654449, 2378.19210000988096 ], [ -1910728.608499995898455, 2369.861000005621463 ], [ -1910753.069400000153109, 2362.148500006180257 ], [ -1910808.170699994778261, 2345.183899993076921 ], [ -1910833.091799999820068, 2337.209400005172938 ], [ -1910855.49230000237003, 2329.530400001443923 ], [ -1910874.34119999781251, 2322.412300008814782 ], [ -1910895.635899994755164, 2314.139899997506291 ], [ -1910917.100600000936538, 2306.286400016397238 ], [ -1910938.565399998100474, 2298.909700012765825 ], [ -1910960.115200003376231, 2291.980999995954335 ], [ -1910981.8352, 2285.471299993805587 ], [ -1911003.725199999054894, 2279.38060000538826 ], [ -1911025.870299999602139, 2273.680200004018843 ], [ -1911048.355399998137727, 2268.341100003104657 ], [ -1911071.010599996661767, 2263.421000002883375 ], [ -1911093.835799997672439, 2258.920000000856817 ], [ -1911116.831099998904392, 2254.838100004475564 ], [ -1911139.996500000590459, 2251.175200001336634 ], [ -1911163.331899997778237, 2247.931399996392429 ], [ -1911186.837400001939386, 2245.106599999126047 ], [ -1911210.512899994850159, 2242.700900013558567 ], [ -1911234.358399996999651, 2240.714300005696714 ], [ -1911175.852799996500835, 2268.728699998464435 ], [ -1911195.722600000910461, 2263.012699999380857 ], [ -1911215.050799997290596, 2256.923900005873293 ], [ -1911233.837099998723716, 2250.462499999906868 ], [ -1911252.081799998646602, 2243.628299999516457 ], [ -1911269.784599996870384, 2236.421500000171363 ], [ -1911286.945700002834201, 2228.842000004369766 ], [ -1911303.564999997848645, 2220.889700000640005 ], [ -1911319.642600000603124, 2212.56480000494048 ], [ -1911335.17839999939315, 2203.86710000783205 ], [ -1911350.172499998938292, 2194.796800004784018 ], [ -1911364.6248000015039, 2185.353700007777661 ], [ -1911378.495799998752773, 2175.66820000577718 ], [ -1911391.785599995637313, 2165.740099995862693 ], [ -1911404.573099996428937, 2155.30920001398772 ], [ -1911416.779299999121577, 2144.635700004175305 ], [ -1911428.483299996936694, 2133.459400001447648 ], [ -1911434.743099999381229, 2126.958900006487966 ], [ -1911441.26919999695383, 2120.659500004723668 ], [ -1911447.133399999234825, 2113.644199999980628 ], [ -1911452.381400002166629, 2106.141499997582287 ], [ -1911457.380099999485537, 2098.246700004208833 ], [ -1911461.990699998335913, 2090.093999999575317 ], [ -1911466.359299997566268, 2081.53730000462383 ], [ -1911470.346799996681511, 2072.709699993953109 ], [ -1911474.094099999638274, 2063.477299996186048 ], [ -1911477.539899999508634, 2053.888000002130866 ], [ -1911480.687900001648813, 2043.931500013452023 ], [ -1911483.542099997866899, 2033.595000009052455 ], [ -1911486.105599999427795, 2022.86830000160262 ], [ -1911488.383600000990555, 2011.73040000256151 ], [ -1911490.380100001581013, 2000.161500006448478 ], [ -1911492.099499998847023, 1988.136300003621727 ], [ -1911493.284499996108934, 1978.111099997535348 ], [ -1911494.295299995923415, 1967.75170000968501 ], [ -1911495.803199996938929, 1945.933400006964803 ], [ -1911496.64000000199303, 1922.451700001489371 ], [ -1911496.822400000179186, 1896.850400011986494 ], [ -1911496.488499998813495, 1873.785899996291846 ], [ -1911495.704400001559407, 1847.820000005885959 ], [ -1911491.633499995572492, 1756.551699997857213 ], [ -1911490.3749, 1720.681300000753254 ], [ -1911489.986599998781458, 1702.0249999971129 ], [ -1911489.850499997613952, 1684.648100001737475 ], [ -1911490.874200003454462, 1669.502899997867644 ], [ -1911491.239099997561425, 1653.906300001777709 ], [ -1911491.996500001754612, 1636.387900001369417 ], [ -1911493.112999997334555, 1619.696700013708323 ], [ -1911494.595499998657033, 1603.732700000051409 ], [ -1911496.450100002111867, 1588.4301000055857 ], [ -1911498.686400000238791, 1573.717400002293289 ], [ -1911501.308499996550381, 1559.572499996982515 ], [ -1911504.322900000261143, 1545.961000005714595 ], [ -1911507.735199997434393, 1532.857200007420033 ], [ -1911520.6423, 1487.901300001423806 ], [ -1911532.56349999899976, 1448.503700010478497 ], [ -1911544.208799997111782, 1412.322800004854798 ], [ -1911555.804499998455867, 1378.670000003650784 ], [ -1911561.71139999711886, 1362.433900013100356 ], [ -1911567.665599999483675, 1346.672700005583465 ], [ -1911573.680500000948086, 1331.350899999029934 ], [ -1911579.766799998702481, 1316.44150000018999 ], [ -1911585.936300000408664, 1301.915499994531274 ], [ -1911592.194699998013675, 1287.759800001047552 ], [ -1911598.549599997233599, 1273.957800001837313 ], [ -1911605.007100002141669, 1260.495800000615418 ], [ -1911612.80660000257194, 1244.998800003901124 ], [ -1911621.097600003937259, 1229.36020000372082 ], [ -1911630.537599997129291, 1214.156599993817508 ], [ -1911639.859999994980171, 1198.14540000166744 ], [ -1911649.721000001765788, 1181.90660000545904 ], [ -1911660.160999999847263, 1165.373000003863126 ], [ -1911671.217899996554479, 1148.484099993947893 ], [ -1911682.948799997102469, 1131.152699998579919 ], [ -1911694.458099998766556, 1114.641000000759959 ], [ -1911706.696499996818602, 1097.529000002425164 ], [ -1911719.780900000827387, 1079.6527000060305 ], [ -1911733.941500001819804, 1060.697299997322261 ], [ -1911762.617099997354671, 1023.188200010918081 ], [ -1911819.648399997502565, 949.829500006046146 ], [ -1911830.353200001176447, 936.297500013373792 ], [ -1911841.556399999419227, 922.768600004725158 ], [ -1911853.444400003179908, 909.05840000230819 ], [ -1911865.884299999801442, 895.288599998690188 ], [ -1911879.0592, 881.279200000222772 ], [ -1911892.871499997796491, 867.116500008385628 ], [ -1911907.464499994879588, 852.658600005786866 ], [ -1911922.93299999460578, 837.811500006821007 ], [ -1911936.570999996969476, 825.060699997004122 ], [ -1911951.000599998515099, 811.859600006602705 ], [ -1911982.949299999745563, 783.456599998287857 ], [ -1912015.330200000898913, 756.458799994550645 ], [ -1912094.630999999353662, 688.744800004176795 ], [ -1912116.706599998520687, 669.552000002935529 ], [ -1912136.305200000293553, 652.18320000404492 ], [ -1912157.590899999486282, 632.832300006877631 ], [ -1912177.079400001093745, 614.530600005760789 ], [ -1912195.130600000731647, 596.939800002612174 ], [ -1912211.926199997542426, 579.88189999666065 ], [ -1912230.631200002972037, 559.903499994892627 ], [ -1912239.429199998499826, 550.073699997738004 ], [ -1912247.87759999698028, 540.327799996826798 ], [ -1912255.991499999538064, 530.648300000000745 ], [ -1912263.778299996862188, 521.026300000492483 ], [ -1912271.247099997941405, 511.450400008819997 ], [ -1912278.357499999692664, 502.024800004437566 ], [ -1912285.172999998321757, 492.61440000589937 ], [ -1912291.68909999798052, 483.224399994593114 ], [ -1912297.95859999768436, 473.733800004702061 ], [ -1912303.890099999029189, 464.363700004760176 ], [ -1912309.535799999721348, 454.993600004352629 ], [ -1912314.898099998012185, 445.618900003843009 ], [ -1912320.027899997774512, 436.120900003705174 ], [ -1912324.831999996909872, 426.722500002477318 ], [ -1912329.572999998927116, 416.928099995478988 ], [ -1912334.195000000763685, 406.884500001557171 ], [ -1912338.602999996393919, 396.818200006615371 ], [ -1912342.892999998526648, 386.500599999912083 ], [ -1912346.970000001136214, 376.158300006296486 ], [ -1912350.929800000274554, 365.562899996992201 ], [ -1912354.677499995101243, 354.940400002524257 ], [ -1912358.308799997204915, 344.062300010584295 ], [ -1912365.831500001717359, 322.896400001831353 ], [ -1912371.817299998365343, 300.196600012015551 ], [ -1912377.290500000584871, 276.830500002019107 ], [ -1912382.119600001024082, 252.853100000880659 ], [ -1912386.303299999330193, 228.278399997390807 ], [ -1912389.850799995940179, 203.058899993542582 ], [ -1912392.765200001653284, 177.173800002317876 ], [ -1912395.049199995119125, 150.59769999794662 ], [ -1912396.705099996645004, 123.309699995908886 ], [ -1912397.735599998151883, 95.26830000244081 ], [ -1912398.142200002679601, 66.43450000602752 ], [ -1912397.925499998033047, 36.758699995931238 ], [ -1912397.23600000096485, 10.392100001685321 ], [ -1912396.079500000691041, -16.69309999467805 ], [ -1912394.453899999847636, -44.550500002223998 ], [ -1912392.354999996488914, -73.251600002404302 ], [ -1912389.780399999581277, -102.840300000272691 ], [ -1912387.704000001307577, -133.129100000485778 ], [ -1912384.139400003943592, -164.935600004158914 ], [ -1912380.049199994653463, -198.13370000012219 ], [ -1912376.373499997192994, -225.896400002762675 ], [ -1912372.308499998645857, -254.959900001063943 ], [ -1912362.920899999095127, -318.483999998774379 ], [ -1912353.44260000041686, -378.861199998762459 ], [ -1912331.495499996002764, -515.44869999261573 ], [ -1912322.839699998265132, -577.439900001976639 ], [ -1912315.087599999271333, -631.32959999749437 ], [ -1912308.794099998194724, -679.816899999044836 ], [ -1912304.975099998526275, -708.212899995036423 ], [ -1912300.552700000582263, -737.844499998725951 ], [ -1912295.232799998251721, -768.997699999716133 ], [ -1912289.159399999771267, -802.301799999084324 ], [ -1912283.516199995065108, -831.420299998018891 ], [ -1912276.935400004032999, -863.816199996042997 ], [ -1912253.805899996310472, -971.251099993474782 ], [ -1912245.397600000258535, -1011.191900000441819 ], [ -1912238.773600002517924, -1049.740100001450628 ], [ -1912232.120700002647936, -1085.410600001458079 ], [ -1912225.820199996232986, -1122.707299996167421 ], [ -1912220.631999997422099, -1157.843599998392165 ], [ -1912218.426000000210479, -1174.796599992085248 ], [ -1912216.472099998034537, -1191.392199993599206 ], [ -1912214.765599999809638, -1207.669699993915856 ], [ -1912213.303299996769056, -1223.660000002011657 ], [ -1912210.587200001114979, -1257.748100000433624 ], [ -1912208.233399999095127, -1291.505199999548495 ], [ -1912206.241700001526624, -1324.931999997235835 ], [ -1912204.612100001424551, -1358.028899999801069 ], [ -1912203.344699997222051, -1390.796399996615946 ], [ -1912202.43939999723807, -1423.234599999152124 ], [ -1912201.896200001705438, -1455.343299998436123 ], [ -1912203.158299999777228, -1485.295100000221282 ], [ -1912203.339399997610599, -1516.745799998287112 ], [ -1912203.882599999895319, -1547.866600001230836 ], [ -1912204.787999997846782, -1578.657199994195253 ], [ -1912206.0555, -1609.117500000167638 ], [ -1912207.685099999886006, -1639.247000002302229 ], [ -1912209.67679999768734, -1669.045300001744181 ], [ -1912212.030699997674674, -1698.511999999638647 ], [ -1912214.746499999426305, -1727.646699991542846 ], [ -1912217.543400001246482, -1752.123100002296269 ], [ -1912221.128899995936081, -1777.474700001534075 ], [ -1912225.529399996856228, -1803.893499993719161 ], [ -1912230.8004999991972, -1831.712799998465925 ], [ -1912237.211300001712516, -1862.228199996985495 ], [ -1912244.868599997600541, -1895.833699994720519 ], [ -1912253.972699996549636, -1930.364399996586144 ], [ -1912279.116899996763095, -2031.864999996032566 ], [ -1912286.478000002447516, -2063.449399997014552 ], [ -1912292.680300001055002, -2091.807400002144277 ], [ -1912299.241799995768815, -2124.661200000438839 ], [ -1912302.098099996335804, -2140.265800001099706 ], [ -1912304.611099999165162, -2155.38620000006631 ], [ -1912306.916899998439476, -2170.180700002703816 ], [ -1912308.957800001371652, -2184.637200000230223 ], [ -1912310.739400000777096, -2198.79610000224784 ], [ -1912312.204599998658523, -2212.650699997786433 ], [ -1912314.535000000614673, -2236.706800001207739 ], [ -1912316.636599995661527, -2260.779699998442084 ], [ -1912318.4483, -2284.832299998961389 ], [ -1912320.092300002230331, -2308.939100003801286 ], [ -1912321.507599995471537, -2333.062800000421703 ], [ -1912322.693999997805804, -2357.203299996908754 ], [ -1912324.462399997515604, -2380.55150000192225 ], [ -1912325.1912, -2404.725899999495596 ], [ -1912325.691300000529736, -2428.917099997866899 ], [ -1912325.962499996181577, -2453.125299998559058 ], [ -1912326.004999996861443, -2477.350300000049174 ], [ -1912325.818699997616932, -2501.592300004325807 ], [ -1912325.403500000247732, -2525.851099994964898 ], [ -1912324.759599994402379, -2550.126899995841086 ], [ -1912323.886900001903996, -2574.419500003568828 ], [ -1912322.78539999620989, -2598.72910000057891 ], [ -1912321.455099997110665, -2623.055499997921288 ], [ -1912319.895999998319894, -2647.398799993563443 ], [ -1912318.235000000102445, -2671.828099996782839 ], [ -1912316.218399999197572, -2696.205200002528727 ], [ -1912313.972900000400841, -2720.599199992604554 ], [ -1912311.625600000377744, -2745.07909999974072 ], [ -1912308.922499994980171, -2769.506899999920279 ], [ -1912305.990700001362711, -2793.951699996367097 ], [ -1912303.657200002111495, -2813.062199994921684 ], [ -1912306.803700000979006, -2823.573700000997633 ], [ -1912312.619599999859929, -2847.437400001566857 ], [ -1912318.1628, -2871.701399994082749 ], [ -1912323.314699999522418, -2895.787500004284084 ], [ -1912328.120199997210875, -2919.829300003591925 ], [ -1912332.624899997608736, -2943.960299992002547 ], [ -1912336.738199999323115, -2967.913600001018494 ], [ -1912340.505199997453019, -2991.822400003205985 ], [ -1912343.9713, -3015.820499998982996 ], [ -1912347.04610000224784, -3039.640600001439452 ], [ -1912349.819799999706447, -3063.550099995918572 ], [ -1912352.24740000278689, -3087.415199995040894 ], [ -1912354.28339999797754, -3111.102499996311963 ], [ -1912356.018599995644763, -3134.878999993670732 ], [ -1912357.407600001199171, -3158.611200000159442 ], [ -1912358.450400000670925, -3182.299100002739578 ], [ -1912359.147000000812113, -3205.942600002977997 ], [ -1912359.497499999590218, -3229.541900003328919 ], [ -1912359.501699994551018, -3253.096800001803786 ], [ -1912357.983299999497831, -3271.831499999854714 ], [ -1912356.950599995674565, -3293.873300002887845 ], [ -1912355.916299997828901, -3317.295300002209842 ], [ -1912354.535800000652671, -3340.672899992205203 ], [ -1912352.943599997786805, -3364.488899997901171 ], [ -1912350.870700002182275, -3387.777900000102818 ], [ -1912348.451699998462573, -3411.022599997930229 ], [ -1913689.107699997024611, -1611.122599993366748 ], [ -1916110.05009999894537, 2317.947700004093349 ], [ -1914974.420721654547378, 3490.810800003353506 ], [ -1914824.447388189844787, 3645.701288189273328 ], [ -1913689.107699997024611, 4818.265199994668365 ], [ -1908111.315900000277907, 5314.550000003539026 ], [ -1908115.214600001927465, 5312.369700006674975 ], [ -1908118.87879999843426, 5310.079600010067225 ], [ -1908122.308399999281392, 5307.679600001778454 ], [ -1908125.503399997483939, 5305.169700003229082 ], [ -1908128.463899997528642, 5302.54999999795109 ], [ -1908131.189800001913682, 5299.820399995427579 ], [ -1908133.681099996669218, 5296.980999999679625 ], [ -1908135.93790000025183, 5294.031700006686151 ], [ -1908137.960100001189858, 5290.972499995492399 ], [ -1908139.747799997217953, 5287.803499998059124 ], [ -1908141.300899997586384, 5284.52459999686107 ], [ -1908142.619499999796972, 5281.135900008957833 ], [ -1908143.557000002125278, 5277.893499996047467 ], [ -1908144.219899996882305, 5274.324299998115748 ], [ -1908144.463099999120459, 5270.828800003509969 ], [ -1908144.367400001036003, 5267.136700003873557 ], [ -1908143.491999996360391, 5259.222500002942979 ], [ -1908141.639899995643646, 5242.877099995501339 ], [ -1908140.703600002685562, 5235.028500008396804 ], [ -1908139.312399995047599, 5227.081000014208257 ], [ -1908137.465300000272691, 5219.028099997900426 ], [ -1908135.160299998009577, 5210.860900006256998 ], [ -1908132.395899998955429, 5202.573600003495812 ], [ -1908129.166900001699105, 5194.149100008420646 ], [ -1908125.467500003520399, 5185.572399997618049 ], [ -1908121.288399998797104, 5176.821999999228865 ], [ -1908116.739400001009926, 5168.096899996045977 ], [ -1908111.70399999897927, 5159.146400011144578 ], [ -1908106.15769999474287, 5149.926500014029443 ], [ -1908100.05459999688901, 5140.360800009220839 ], [ -1908093.478199996519834, 5130.563300005160272 ], [ -1908090.546500000869855, 5126.379200001247227 ] ] ] } },
{ "type": "Feature", "properties": { "ID": 1053, "YEAR": "2014-2015", "Perimtr_KM": 23.102162803, "AREA_KM": 14.1597877089, "SCALE": 2, "THICKNES_M": 314.47134399399999, "VOLUME_KM": 4.4528474714900002, "MASS_GT": 4.0832611313499996, "RECURRANCE": "2-3", "UA_KM": 0.11551081402, "UH_M": 26.101121422799999, "UC_KM": 0.34070612199, "REGION": "West", "ICESHELF": "Venable" }, "geometry": { "type": "Polygon", "coordinates": [ [ [ -1870485.783728901762515, 70121.640577430371195 ], [ -1870502.678299992112443, 70094.945700005628169 ], [ -1870533.071599999675527, 70047.454900006763637 ], [ -1870564.3936999917496, 69999.834900013636798 ], [ -1870595.375999995041639, 69953.140800010412931 ], [ -1870626.545899998396635, 69906.572500003036112 ], [ -1870658.7837, 69859.296100008301437 ], [ -1870674.849312998354435, 69836.339354816824198 ], [ -1870675.050199995981529, 69836.052300005219877 ], [ -1870692.209899996872991, 69812.216199999675155 ], [ -1870709.90989999845624, 69787.957600011490285 ], [ -1870727.808499997248873, 69763.430499999318272 ], [ -1870766.037099994253367, 69712.259600004646927 ], [ -1870806.291299996897578, 69656.984899996314198 ], [ -1870841.680700001074001, 69608.90100001078099 ], [ -1870882.37899999669753, 69556.407100009731948 ], [ -1871021.383499994408339, 69383.040700010024011 ], [ -1871072.593499998329207, 69318.274499996099621 ], [ -1871122.828699994133785, 69253.778800006024539 ], [ -1871145.438199997181073, 69223.07720000622794 ], [ -1871166.940600000787526, 69193.531900004018098 ], [ -1871189.874399998923764, 69161.391200005542487 ], [ -1871212.436500000301749, 69130.078200002666563 ], [ -1871233.023699997691438, 69099.089800002984703 ], [ -1871253.826099996455014, 69069.22960000205785 ], [ -1871273.667100003454834, 69038.699900005944073 ], [ -1871292.801899997284636, 69009.573700002394617 ], [ -1871311.557300003711134, 68980.836800006218255 ], [ -1871328.706699999282137, 68951.695800001733005 ], [ -1871346.758800000650808, 68922.612400013022125 ], [ -1871365.182899999665096, 68891.953600014559925 ], [ -1871383.051700001116842, 68858.996700000483543 ], [ -1871403.206799996085465, 68824.155700000468642 ], [ -1871420.012200001394376, 68793.421199999283999 ], [ -1871437.7562, 68758.452000004705042 ], [ -1871498.81830000365153, 68643.485400004778057 ], [ -1871521.808299998752773, 68601.224299998488277 ], [ -1871544.391699995845556, 68559.147700014989823 ], [ -1871565.866000001318753, 68522.084300001617521 ], [ -1871588.209300000453368, 68483.425600002054125 ], [ -1871610.943200001027435, 68447.954100004862994 ], [ -1871632.098000000463799, 68413.960600006394088 ], [ -1871653.410399999469519, 68382.199000015389174 ], [ -1871669.395199998747557, 68359.68389999633655 ], [ -1871685.515499997884035, 68335.818800004199147 ], [ -1871703.156199998687953, 68311.500400005374104 ], [ -1871722.605700002284721, 68285.67630000738427 ], [ -1871739.280699997674674, 68262.895599999465048 ], [ -1871758.670599999837577, 68238.216799994930625 ], [ -1871822.980999997118488, 68157.003199996426702 ], [ -1871845.978899999288842, 68126.956300004851073 ], [ -1871868.473999995272607, 68097.98840000666678 ], [ -1871888.642199998954311, 68071.555500006303191 ], [ -1871908.469600000651553, 68044.548700004350394 ], [ -1871927.177700003376231, 68019.567699997220188 ], [ -1871944.202499998733401, 67995.089700005948544 ], [ -1871960.025899994885549, 67971.257500015199184 ], [ -1871978.43139999685809, 67943.189100000541657 ], [ -1871996.191300000529736, 67914.567700008861721 ], [ -1872013.283899998059496, 67885.356700013391674 ], [ -1872030.402600001078099, 67856.31560000218451 ], [ -1872046.875699999509379, 67826.721500006970018 ], [ -1872063.212599998572841, 67797.231600004248321 ], [ -1872079.575599996605888, 67767.911800002213567 ], [ -1872095.293000003322959, 67738.038800006732345 ], [ -1872110.700599994277582, 67707.974400002043694 ], [ -1872127.940199999371544, 67680.925500005017966 ], [ -1872142.750600000377744, 67650.673100001644343 ], [ -1872157.251299997325987, 67620.229300002101809 ], [ -1872171.442100001266226, 67589.593799998983741 ], [ -1872187.442600002977997, 67561.778800000436604 ], [ -1872201.210000001825392, 67531.251300000119954 ], [ -1872214.297699998831376, 67499.98990000737831 ], [ -1872225.076400001300499, 67559.431599998380989 ], [ -1872233.508699998725206, 67504.936400007456541 ], [ -1872240.895099999383092, 67447.799600007012486 ], [ -1872248.996599999489263, 67390.476399996317923 ], [ -1872257.305300002917647, 67333.37950001610443 ], [ -1872265.229200001107529, 67276.522599995601922 ], [ -1872275.540800002403557, 67222.885999995283782 ], [ -1872284.940199996577576, 67166.535299999173731 ], [ -1872293.60479999659583, 67110.09719999646768 ], [ -1872303.187799998093396, 67053.611499996855855 ], [ -1872314.980799996294081, 66997.719400006812066 ], [ -1872329.925599999492988, 66944.503799999598414 ], [ -1872344.294299999019131, 66889.774699998088181 ], [ -1872359.028299998259172, 66835.614900004584342 ], [ -1872375.441500001354143, 66783.791600002907217 ], [ -1872391.650899998610839, 66730.13799999980256 ], [ -1872410.81129999505356, 66677.358700003474951 ], [ -1872415.01570000150241, 66667.983000009786338 ], [ -1872420.800099990563467, 66660.289000002667308 ], [ -1872425.538299995940179, 66650.739100005012006 ], [ -1872429.811799998162314, 66640.468399996403605 ], [ -1872434.356600000988692, 66630.099600005429238 ], [ -1872439.909700000891462, 66620.253500004298985 ], [ -1872451.115299997385591, 66599.596199997700751 ], [ -1872462.708699998445809, 66577.837200002744794 ], [ -1872477.521799998125061, 66557.901700000278652 ], [ -1872491.507800003280863, 66534.915499994996935 ], [ -1872506.792199999094009, 66511.145100007764995 ], [ -1872523.452300002798438, 66491.836100003216416 ], [ -1872539.263700001640245, 66469.232899999246001 ], [ -1872557.086899998597801, 66445.888400006573647 ], [ -1872578.601299999514595, 66423.415900013409555 ], [ -1872597.650199997238815, 66402.059400005731732 ], [ -1872618.296100001083687, 66376.671800001058728 ], [ -1872698.596899997675791, 66294.92930000461638 ], [ -1872729.812899995129555, 66261.379400002770126 ], [ -1872760.482299999333918, 66225.767799998633564 ], [ -1872773.966499998467043, 66208.680200013332069 ], [ -1872786.623099999735132, 66192.351199994329363 ], [ -1872802.767000001855195, 66174.647299997974187 ], [ -1872815.522500003222376, 66155.805599997285753 ], [ -1872827.370200001867488, 66137.609999997541308 ], [ -1872839.988499997416511, 66121.72830000706017 ], [ -1872850.193599999183789, 66104.552800005767494 ], [ -1872859.624099997803569, 66087.808500004932284 ], [ -1872868.306399999884889, 66071.448300003539771 ], [ -1872876.259699996793643, 66055.436200003139675 ], [ -1872880.914699997752905, 66045.487800003960729 ], [ -1872885.288299995940179, 66035.658700005616993 ], [ -1872891.004799998132512, 66027.698300005402416 ], [ -1872894.8237, 66018.089999995194376 ], [ -1872898.368599995970726, 66008.583299997728318 ], [ -1872901.906699995975941, 65998.606699995230883 ], [ -1872904.908200000412762, 65989.291099999565631 ], [ -1872907.640099996468052, 65980.065000007860363 ], [ -1872910.369999999878928, 65970.353300015907735 ], [ -1872912.566399998031557, 65961.291699996683747 ], [ -1872914.761399998096749, 65951.741700015030801 ], [ -1872916.4242, 65942.835599998477846 ], [ -1872917.821099998895079, 65934.002700001932681 ], [ -1872919.21810000250116, 65924.673099996056408 ], [ -1872920.084299999754876, 65915.979700005147606 ], [ -1872920.685399997746572, 65907.352500002365559 ], [ -1872921.287500002188608, 65898.208200003020465 ], [ -1872921.358499999856576, 65889.694000008516014 ], [ -1872921.429499997291714, 65880.67250000545755 ], [ -1872920.969199998769909, 65872.277299997862428 ], [ -1872920.243099994957447, 65863.938900008331984 ], [ -1872919.104100001044571, 65854.943300008773804 ], [ -1872917.846000001998618, 65846.713999999221414 ], [ -1872916.321600001538172, 65838.537000006064773 ], [ -1872914.383599997730926, 65829.697800003457814 ], [ -1872912.325599994044751, 65821.620700003579259 ], [ -1872909.853300001937896, 65812.879399994388223 ], [ -1872907.260499999392778, 65804.897900014650077 ], [ -1872904.399700003210455, 65796.962399997282773 ], [ -1872901.123500000452623, 65788.359400005545467 ], [ -1872897.725699996575713, 65780.512800004333258 ], [ -1872894.058599998475984, 65772.709199999924749 ], [ -1872887.401699999347329, 65760.399600001517683 ], [ -1872880.735399996861815, 65749.392000014893711 ], [ -1872873.673200000310317, 65738.180400012992322 ], [ -1872855.904999997932464, 65711.679399996530265 ], [ -1872847.198799999197945, 65697.984000015072525 ], [ -1872843.151099997572601, 65690.970100001432002 ], [ -1872838.4346, 65682.704400002025068 ], [ -1872835.408700002590194, 65676.297200006898493 ], [ -1872832.83679999737069, 65670.078300003893673 ], [ -1872828.493400002131239, 65657.744900013785809 ], [ -1872824.701699996832758, 65644.869600008241832 ], [ -1872821.471600001910701, 65631.486499997787178 ], [ -1872818.812899998622015, 65617.635999999474734 ], [ -1872816.73339999653399, 65603.355400004889816 ], [ -1872815.2421, 65588.703200011514127 ], [ -1872814.344700000248849, 65573.735700014047325 ], [ -1872814.045099998591468, 65558.51730000320822 ], [ -1872814.111900001298636, 65542.043900004588068 ], [ -1872815.017799995606765, 65526.463600005488843 ], [ -1872816.286899998784065, 65509.859799996949732 ], [ -1872818.146200000541285, 65493.320200010202825 ], [ -1872820.820200000889599, 65477.92919999640435 ], [ -1872823.820500002941117, 65461.788199995644391 ], [ -1872827.362799998139963, 65445.990800007246435 ], [ -1872831.658599996007979, 65431.629899996332824 ], [ -1872833.518299996387213, 65424.464900012128055 ], [ -1872835.858100001467392, 65418.218300002627075 ], [ -1872842.499800001271069, 65407.040700006764382 ], [ -1872848.745999998878688, 65392.75429999595508 ], [ -1872856.392599997809157, 65378.729699998162687 ], [ -1872862.823100001784042, 65364.412499996833503 ], [ -1872870.554899997776374, 65348.754699998535216 ], [ -1872897.2742000001017, 65303.392600006889552 ], [ -1872906.223499995889142, 65289.577499998733401 ], [ -1872918.732699997955933, 65267.13659999333322 ], [ -1872932.035499998601153, 65244.637500004842877 ], [ -1872947.605599997099489, 65224.648199996910989 ], [ -1872963.679699997417629, 65203.513700000476092 ], [ -1872980.640599998179823, 65182.190199999138713 ], [ -1872998.929700000444427, 65161.56150000076741 ], [ -1873017.910599999828264, 65139.550500015728176 ], [ -1873038.419799994444475, 65117.998400003183633 ], [ -1873056.835300000617281, 65098.683599995914847 ], [ -1873076.110099996905774, 65078.298099999781698 ], [ -1873096.893199999583885, 65057.397899998817593 ], [ -1873119.039799996186048, 65034.556599996518344 ], [ -1873159.467099998611957, 64992.550100001972169 ], [ -1873251.487799998139963, 64899.349199994467199 ], [ -1873292.982699998421595, 64859.249500000849366 ], [ -1873307.927200000965968, 64843.463200001046062 ], [ -1873323.546999994432554, 64827.652300005313009 ], [ -1873340.900499996263534, 64814.015900004189461 ], [ -1873357.971199996536598, 64798.061700006015599 ], [ -1873376.024800001177937, 64782.792000005953014 ], [ -1873395.751400001347065, 64768.765900005120784 ], [ -1873415.5927000020165, 64753.062200001440942 ], [ -1873437.300100000109524, 64738.446900002192706 ], [ -1873456.323399995453656, 64724.210700002964586 ], [ -1873476.393199995625764, 64709.521200004033744 ], [ -1873498.520199995487928, 64695.665600008331239 ], [ -1873522.584199998993427, 64681.125200001057237 ], [ -1873569.352399997180328, 64653.230599998496473 ], [ -1873659.322900002123788, 64600.544700006954372 ], [ -1873693.581899998243898, 64576.992800008039922 ], [ -1873729.776299997232854, 64554.105400004424155 ], [ -1873761.531799998600036, 64533.881000004243106 ], [ -1873797.37090000230819, 64509.864700002595782 ], [ -1873813.518300000112504, 64496.877100001554936 ], [ -1873829.011500000255182, 64484.126200000289828 ], [ -1873844.545899993972853, 64473.611800006590784 ], [ -1873858.917999998433515, 64461.186800002120435 ], [ -1873872.569400003179908, 64449.768300010822713 ], [ -1873885.951599998166785, 64437.561299997847527 ], [ -1873902.573699996573851, 64424.717600006610155 ], [ -1873917.912300003226846, 64409.892699998803437 ], [ -1873932.402899997774512, 64396.005399997811764 ], [ -1873947.318400000222027, 64382.438800005242229 ], [ -1873960.823600001400337, 64367.695400002412498 ], [ -1873973.986399999586865, 64354.835700008552521 ], [ -1873986.977399998810142, 64342.113400002010167 ], [ -1873998.599399994825944, 64328.168600010685623 ], [ -1874009.705300000729039, 64314.145099997054785 ], [ -1874020.727400001138449, 64301.062700006179512 ], [ -1874031.617899995995685, 64288.066299995873123 ], [ -1874041.173999994760379, 64273.80080000963062 ], [ -1874050.228000000584871, 64259.433699997607619 ], [ -1874058.784400001633912, 64244.957800006028265 ], [ -1874067.288800001144409, 64231.376199996098876 ], [ -1874074.86350000067614, 64216.659399995580316 ], [ -1874081.567899999208748, 64205.49010000564158 ], [ -1874086.77449999935925, 64191.473199998494238 ], [ -1874092.109099997673184, 64178.242700002621859 ], [ -1874096.791599995922297, 64163.293699997477233 ], [ -1874101.225599999306723, 64147.845099995378405 ], [ -1874105.824900000123307, 64133.083100009243935 ], [ -1874110.254400001140311, 64117.493000015150756 ], [ -1874114.04760000272654, 64100.222499994561076 ], [ -1874118.039000002900138, 64083.54230001103133 ], [ -1874121.493700002785772, 64064.753900005482137 ], [ -1874124.842199996812269, 64044.937499994412065 ], [ -1874128.144199997885153, 64023.797799996566027 ], [ -1874131.124700000276789, 64003.033300004433841 ], [ -1874134.585199996130541, 63980.402600003872067 ], [ -1874147.112400000914931, 63894.267999996896833 ], [ -1874152.791100000962615, 63859.07169999461621 ], [ -1874156.85159999714233, 63841.460699999704957 ], [ -1874160.131099999882281, 63823.822900007478893 ], [ -1874163.452100003603846, 63807.175599998328835 ], [ -1874166.849099996732548, 63791.346599995158613 ], [ -1874171.253799999365583, 63772.477100003045052 ], [ -1874175.861499996855855, 63754.515900003258139 ], [ -1874181.742199998814613, 63737.367699996568263 ], [ -1874187.88109999941662, 63720.921500008087605 ], [ -1874193.269200002541766, 63705.05880000628531 ], [ -1874199.99130000337027, 63689.81370001565665 ], [ -1874207.7837999984622, 63676.475100005511194 ], [ -1874214.104999999515712, 63662.261400004848838 ], [ -1874224.883599997032434, 63641.751500004436821 ], [ -1874236.038799999514595, 63621.28929999936372 ], [ -1874247.560099998489022, 63600.895599995739758 ], [ -1874258.470700000412762, 63580.317400003317744 ], [ -1874269.654199996963143, 63560.094200005289167 ], [ -1874281.345199997769669, 63539.215800003148615 ], [ -1874293.356599999358878, 63518.490300002507865 ], [ -1874305.572299996390939, 63498.481500002555549 ], [ -1874318.186399997211993, 63478.125399998389184 ], [ -1874331.08309999643825, 63457.983700005803257 ], [ -1874344.074099995661527, 63438.863600014708936 ], [ -1874357.217499999795109, 63420.540300010703504 ], [ -1874370.707499994896352, 63401.947200002148747 ], [ -1874384.426899997750297, 63383.645400003530085 ], [ -1874398.258599996566772, 63366.195600002538413 ], [ -1874412.396799997193739, 63348.529500002041459 ], [ -1874422.710799996741116, 63336.038000009022653 ], [ -1874434.84619999746792, 63325.525800004135817 ], [ -1874445.747699996689335, 63313.472700005397201 ], [ -1874459.017599995946512, 63301.09400001168251 ], [ -1874470.74659999506548, 63288.356200005393475 ], [ -1874484.335299994330853, 63277.554400003515184 ], [ -1874498.580600002780557, 63265.325300010852516 ], [ -1874513.341700000688434, 63252.429000003263354 ], [ -1874543.505199994891882, 63228.606600000523031 ], [ -1874574.301699995528907, 63201.530899998731911 ], [ -1874608.844899998046458, 63175.375300004612654 ], [ -1874646.399999994318932, 63147.43599999928847 ], [ -1874664.910100001143292, 63133.280000005383044 ], [ -1874683.105899996589869, 63120.552100006025285 ], [ -1874701.8087, 63106.138400009833276 ], [ -1874722.043099998030812, 63093.315399999730289 ], [ -1874739.270599994342774, 63079.710900000296533 ], [ -1874758.395799995865673, 63065.832799999509007 ], [ -1874777.295600002165884, 63053.997699992731214 ], [ -1874796.702299997676164, 63040.476699997670949 ], [ -1874817.640600001905113, 63028.546500007621944 ], [ -1874835.57199999736622, 63015.834800007287413 ], [ -1874855.034700000658631, 63004.713999995961785 ], [ -1874873.24769999505952, 62992.359400000888854 ], [ -1874891.601399997714907, 62980.183400007896125 ], [ -1874911.486599997384474, 62969.598200005944818 ], [ -1874933.025799996918067, 62960.398800007533282 ], [ -1874953.192499997327104, 62950.170699997339398 ], [ -1874975.013300002552569, 62941.328400011174381 ], [ -1874995.4615999951493, 62931.457399999722838 ], [ -1875017.563799996627495, 62922.972300003748387 ], [ -1875036.902999997138977, 62912.046199995093048 ], [ -1875059.286799997556955, 62903.918200004380196 ], [ -1875078.907499999040738, 62893.349200001452118 ], [ -1875101.572999996133149, 62885.57830000249669 ], [ -1875121.475299996556714, 62875.366400005295873 ], [ -1875144.422200003406033, 62867.952500007580966 ], [ -1875164.605999998049811, 62858.097800006624311 ], [ -1875194.284299990627915, 62852.958900011144578 ], [ -1875214.749699997715652, 62843.461299995426089 ], [ -1875238.259799995459616, 62836.761800004635006 ], [ -1875265.456499997060746, 62829.53909999364987 ], [ -1875289.2481000025291, 62823.196599996648729 ], [ -1875297.013599996920675, 62819.953000008128583 ], [ -1875310.27649999782443, 62814.413299997337162 ], [ -1875393.233699997421354, 62786.677900002803653 ], [ -1875418.910100002074614, 62761.867000009398907 ], [ -1875445.258000001311302, 62737.267500001005828 ], [ -1875466.430199995404109, 62709.210399998351932 ], [ -1875478.880900000454858, 62678.397399997804314 ], [ -1875501.396099996753037, 62650.763000007718801 ], [ -1875505.796700002392754, 62617.405400003306568 ], [ -1875510.868900000117719, 62584.259099999908358 ], [ -1875516.612699997145683, 62551.32420000154525 ], [ -1875523.02789999707602, 62518.600600003730506 ], [ -1875537.459700000705197, 62490.029100002720952 ], [ -1875545.2180999990087, 62457.728099999018013 ], [ -1875553.647900000214577, 62425.638400002848357 ], [ -1875579.771499995142221, 62400.882400006055832 ], [ -1875608.898499995935708, 62375.578300005756319 ], [ -1875646.042100000428036, 62354.4264000011608 ], [ -1875676.512399997329339, 62329.544899995438755 ], [ -1875732.1497, 62290.679800002835691 ], [ -1875763.5204839669168, 62279.863721982575953 ], [ -1875778.024499997496605, 62274.862999999430031 ], [ -1875813.951900002546608, 62257.974200000986457 ], [ -1875819.208799998741597, 62245.636000014375895 ], [ -1875831.976700002560392, 62237.594400003086776 ], [ -1875837.528399997390807, 62225.675200003664941 ], [ -1875850.658000000519678, 62217.980200003366917 ], [ -1875856.262200000463054, 62207.131000006571412 ], [ -1875861.924299996113405, 62196.754399999510497 ], [ -1875875.230399996740744, 62190.474500003736466 ], [ -1875881.059099996695295, 62180.952900006901473 ], [ -1875894.551199996145442, 62175.496099999640137 ], [ -1875900.587000001687557, 62166.764600005932152 ], [ -1875915.792199999094009, 62159.973599998746067 ], [ -1875923.769000001018867, 62149.564800003077835 ], [ -1875932.067399999359623, 62139.220000013243407 ], [ -1875940.671999999089167, 62128.958400014322251 ], [ -1875949.566699999384582, 62118.799100005999207 ], [ -1875958.735199996037409, 62108.760699999984354 ], [ -1875968.160599997965619, 62098.861700008623302 ], [ -1875977.826000000117347, 62089.119899998418987 ], [ -1875987.709700000938028, 62079.557000010740012 ], [ -1875997.79839999624528, 62070.185299995820969 ], [ -1876008.074900000821799, 62061.021200003568083 ], [ -1876018.521899997256696, 62052.079700002912432 ], [ -1876029.121500001521781, 62043.376399999018759 ], [ -1876039.104607617948204, 62035.517247038893402 ], [ -1876039.85780000127852, 62034.924299995414913 ], [ -1876050.714100001147017, 62026.736299997661263 ], [ -1876061.6743, 62018.824700004421175 ], [ -1876072.655999997397885, 62011.245800002943724 ], [ -1876083.709900001529604, 62003.961399999447167 ], [ -1876094.821600003400818, 61996.981100006960332 ], [ -1876105.977199997287244, 61990.313599995337427 ], [ -1876113.491999994963408, 61986.049900001846254 ], [ -1876074.05973435845226, 62093.665868800133467 ], [ -1875887.052294704597443, 62604.034382124897093 ], [ -1875592.257684036623687, 63408.568615958094597 ], [ -1875529.740399998612702, 63579.186712068971246 ], [ -1874956.610446116188541, 65143.335619986522943 ], [ -1874840.079894129186869, 65461.363205873873085 ], [ -1874606.443727918900549, 66098.987799999769777 ], [ -1874606.214800003217533, 66099.612575148697942 ], [ -1874591.242133683990687, 66140.475000002421439 ], [ -1874458.219238585326821, 66503.512413579039276 ], [ -1873974.232708686031401, 67824.376899998635054 ], [ -1873936.594643809599802, 67927.096253046765924 ], [ -1873677.880473913624883, 68633.162099999841303 ], [ -1873227.511813566088676, 69862.278888385277241 ], [ -1873218.801100000739098, 69886.051600005012006 ], [ -1872948.829812695505098, 69962.253475063480437 ], [ -1872869.579435200896114, 69984.622621890157461 ], [ -1872656.319500000914559, 70044.8171970192343 ], [ -1872638.997794486116618, 70049.706407472956926 ], [ -1872320.44297209684737, 70139.621431466657668 ], [ -1871862.564100004034117, 70268.861947931814939 ], [ -1871331.042466407408938, 70418.888810115400702 ], [ -1871326.983489556703717, 70420.034493604209274 ], [ -1871082.083921087207273, 70489.159645782317966 ], [ -1870601.764336665160954, 70624.734259390737861 ], [ -1870403.731637177988887, 70680.630807404406369 ], [ -1870326.307956548407674, 70702.484352264553308 ], [ -1870017.490200002212077, 70789.65100000333041 ], [ -1870039.071000000461936, 70762.297700001392514 ], [ -1870062.972099998034537, 70736.253499994520098 ], [ -1870086.675800001015887, 70710.677400001324713 ], [ -1870112.346800001570955, 70686.200100002344698 ], [ -1870137.820599996484816, 70662.190900004003197 ], [ -1870164.159499997505918, 70638.017100000288337 ], [ -1870171.860599994426593, 70630.185400004498661 ], [ -1870200.769699994940311, 70580.629800005815923 ], [ -1870229.259899999713525, 70531.338799996301532 ], [ -1870258.735000001499429, 70482.311099996324629 ], [ -1870288.082199996104464, 70434.061100009363145 ], [ -1870317.612999998033047, 70385.261799996718764 ], [ -1870348.7612, 70336.442800003103912 ], [ -1870379.777699998579919, 70287.726599996909499 ], [ -1870411.381599998800084, 70239.175300003029406 ], [ -1870441.633999995421618, 70190.86729999538511 ], [ -1870472.026299996301532, 70143.37850000243634 ], [ -1870485.783728901762515, 70121.640577430371195 ] ] ] } },
{ "type": "Feature", "properties": { "ID": 1054, "YEAR": "2014-2015", "Perimtr_KM": 15.011722731600001, "AREA_KM": 7.8178635825600002, "SCALE": 1, "THICKNES_M": 343.58651733400001, "VOLUME_KM": 2.6861125213200001, "MASS_GT": 2.46316518205, "RECURRANCE": "1-2", "UA_KM": 0.07505861366, "UH_M": 28.517680798099999, "UC_KM": 0.20552578687, "REGION": "West", "ICESHELF": "Ferrigno" }, "geometry": { "type": "Polygon", "coordinates": [ [ [ -1778600.201341425301507, 202738.842061986215413 ], [ -1778342.721700001275167, 202708.083719191607088 ], [ -1778234.190430531511083, 202695.118647575844079 ], [ -1777538.999399999156594, 202612.07160001527518 ], [ -1777549.139199994504452, 202612.755100000184029 ], [ -1777560.633100000908598, 202610.577399997040629 ], [ -1777571.092800000682473, 202610.401800001505762 ], [ -1777581.706599997589365, 202609.79680000199005 ], [ -1777593.858099999604747, 202607.27090001385659 ], [ -1777604.767100000521168, 202605.807699995115399 ], [ -1777615.816600000252947, 202603.916400007437915 ], [ -1777626.682499999413267, 202598.159200008492917 ], [ -1777638.000799996545538, 202595.413399999961257 ], [ -1777649.443400000687689, 202592.242599999066442 ], [ -1777659.851199996424839, 202584.684399998746812 ], [ -1777671.524399997200817, 202580.668600005563349 ], [ -1777683.303599994396791, 202576.233399999793619 ], [ -1777696.5689, 202569.889899996574968 ], [ -1777708.537599998526275, 202564.624500005505979 ], [ -1777720.58980000205338, 202558.948900009505451 ], [ -1777732.437599998665974, 202549.408300003968179 ], [ -1777744.671500000869855, 202542.901299993041903 ], [ -1777748.161299997707829, 202531.493599996902049 ], [ -1777760.502499996917322, 202524.191900003701448 ], [ -1777772.88349999813363, 202516.500900002662092 ], [ -1777787.645300001837313, 202514.748599997255951 ], [ -1777800.073900000425056, 202506.298999996390194 ], [ -1777812.510000000474975, 202497.481200001202524 ], [ -1777824.947799999732524, 202488.298800005577505 ], [ -1777837.370199996978045, 202478.764500005636364 ], [ -1777848.61170000070706, 202464.923400010447949 ], [ -1777860.966700000921264, 202454.713400001171976 ], [ -1777871.586599994450808, 202443.65289999730885 ], [ -1777883.868499999633059, 202432.021600002422929 ], [ -1777890.060999996261671, 202420.868300002068281 ], [ -1777905.384599999524653, 202410.026800009422004 ], [ -1777918.611800002399832, 202406.934099995996803 ], [ -1777930.655299994861707, 202394.752599993720651 ], [ -1777941.502000002190471, 202379.358400004915893 ], [ -1777953.253100001020357, 202366.682300004642457 ], [ -1777964.836300001712516, 202353.782100002747029 ], [ -1777973.210499993758276, 202340.851499995682389 ], [ -1777984.457899998407811, 202326.766100007109344 ], [ -1777995.449200001778081, 202313.29400001000613 ], [ -1778010.531700000399724, 202309.073699998669326 ], [ -1778021.057499996619299, 202295.306000012438744 ], [ -1778031.330100000137463, 202281.417000005953014 ], [ -1778037.362999997567385, 202265.90360000077635 ], [ -1778044.063599999761209, 202252.003000001888722 ], [ -1778053.498999999370426, 202237.85760001372546 ], [ -1778062.631199996685609, 202223.662099997978657 ], [ -1778071.448800002923235, 202209.433999995235354 ], [ -1778081.026000001700595, 202203.255599999800324 ], [ -1778089.165499999886379, 202189.046699995640665 ], [ -1778093.607500001555309, 202171.308099994435906 ], [ -1778101.051499997498468, 202157.151800013612956 ], [ -1778105.851299996953458, 202144.066100015770644 ], [ -1778112.566599995130673, 202130.026000011246651 ], [ -1778118.906599995912984, 202116.066300007514656 ], [ -1778122.132600000593811, 202107.540700010489672 ], [ -1778127.385600002482533, 202091.675300003029406 ], [ -1778129.741099996492267, 202077.38859999878332 ], [ -1778134.519200001843274, 202063.894100001081824 ], [ -1778136.612000001594424, 202051.5659000123851 ], [ -1778140.58260000240989, 202038.376699994318187 ], [ -1778144.14420000067912, 202025.35660000378266 ], [ -1778147.293999999528751, 202012.516300010960549 ], [ -1778147.297499995213002, 202005.2051000026986 ], [ -1778150.883400002261624, 201972.088000001851469 ], [ -1778153.3851, 201947.040600004605949 ], [ -1778157.34140000352636, 201923.049199999310076 ], [ -1778160.519099998055026, 201900.746900004334748 ], [ -1778160.211400000378489, 201878.544199995230883 ], [ -1778159.711800003191456, 201859.131100009195507 ], [ -1778160.779700001701713, 201839.668200002983212 ], [ -1778158.425800001714379, 201822.116000005975366 ], [ -1778158.052600001683459, 201803.964200000744313 ], [ -1778154.201299994951114, 201785.431299995165318 ], [ -1778153.360300001688302, 201777.08039999846369 ], [ -1778152.331700001610443, 201768.929200003389269 ], [ -1778151.115299999481067, 201760.97540000313893 ], [ -1778147.58389999717474, 201755.023400003090501 ], [ -1778145.9901, 201747.455400008242577 ], [ -1778144.207299998030066, 201740.079299998935312 ], [ -1778139.362900000298396, 201734.248600006103516 ], [ -1778137.201099995523691, 201727.252700001932681 ], [ -1778134.849299999885261, 201720.445099996868521 ], [ -1778132.307199998991564, 201713.825000000651926 ], [ -1778129.574499998940155, 201707.391700006555766 ], [ -1778123.919899998232722, 201699.923199999146163 ], [ -1778120.008599998196587, 201692.718200003728271 ], [ -1778115.204700001515448, 201685.235700006596744 ], [ -1778109.465400000335649, 201677.407800007145852 ], [ -1778102.91709999833256, 201671.775900000706315 ], [ -1778096.528599998448044, 201664.518499997910112 ], [ -1778086.951799998059869, 201658.309399996884167 ], [ -1778052.261000000406057, 201631.100900000426918 ], [ -1778045.290999999502674, 201623.398700012825429 ], [ -1778039.517, 201616.513000006787479 ], [ -1778031.705299999564886, 201608.564600004348904 ], [ -1778027.606600002618507, 201602.304299998562783 ], [ -1778024.423900002380833, 201596.410100002773106 ], [ -1778022.127400001510978, 201590.825200012885034 ], [ -1778020.711599998176098, 201585.919900006614625 ], [ -1778019.856099997879937, 201581.132499996107072 ], [ -1778019.56029999954626, 201576.460100000258535 ], [ -1778019.824000000255182, 201571.899399999063462 ], [ -1778018.520499999402091, 201569.254199996124953 ], [ -1778019.904100000625476, 201564.907300004735589 ], [ -1778021.848999997833744, 201560.661700005177408 ], [ -1778024.357299995608628, 201556.513299999758601 ], [ -1778027.42590000317432, 201552.464399995282292 ], [ -1778028.1896, 201549.858300002291799 ], [ -1778032.397500002058223, 201545.980700000654906 ], [ -1778037.183400002773851, 201542.180700003169477 ], [ -1778042.552499996731058, 201538.453800014685839 ], [ -1778048.138799998676404, 201532.688299996312708 ], [ -1778054.709100002422929, 201529.084000001661479 ], [ -1778061.901799999875948, 201525.528499993029982 ], [ -1778074.62979999743402, 201517.416600010357797 ], [ -1778086.385699999053031, 201510.67350000096485 ], [ -1778102.542399995494634, 201502.459800003096461 ], [ -1778121.147799994796515, 201496.799900009762496 ], [ -1778138.647399995476007, 201491.894300009589642 ], [ -1778158.4239, 201484.475399999413639 ], [ -1778235.349399997852743, 201460.035899995360523 ], [ -1778267.516600000439212, 201448.24900000076741 ], [ -1778280.994699996197596, 201444.5671999999322 ], [ -1778296.732199996244162, 201437.117799999658018 ], [ -1778310.401000002631918, 201429.595900006126612 ], [ -1778323.649999997811392, 201425.190899996086955 ], [ -1778338.265700002666563, 201419.936600014101714 ], [ -1778351.833499997854233, 201411.183700013440102 ], [ -1778364.297299997881055, 201405.777200008742511 ], [ -1778375.770699998829514, 201400.258800013922155 ], [ -1778384.015399996656924, 201392.04870000295341 ], [ -1778394.05050000268966, 201383.278400014154613 ], [ -1778397.015899996971712, 201375.387100003194064 ], [ -1778404.275900000240654, 201366.162799994461238 ], [ -1778412.77849999605678, 201358.616600005421788 ], [ -1778420.950499997241423, 201350.603900003246963 ], [ -1778425.607000001473352, 201343.053000002168119 ], [ -1778433.129799996968359, 201334.095400000456721 ], [ -1778440.399799998151138, 201321.221499999985099 ], [ -1778447.289699998917058, 201311.299700003117323 ], [ -1778453.870399998966604, 201300.886100004427135 ], [ -1778460.146599996602163, 201289.972600001376122 ], [ -1778458.097299996996298, 201274.077400003559887 ], [ -1778463.772999997716397, 201262.154599996749312 ], [ -1778469.161499999463558, 201249.702300004195422 ], [ -1778469.695999997435138, 201234.456400002818555 ], [ -1778474.527900001499802, 201220.903199999127537 ], [ -1778479.09319999627769, 201206.768500001169741 ], [ -1778483.399500002153218, 201192.02850000327453 ], [ -1778484.18050000234507, 201179.001700001303107 ], [ -1778483.567199997371063, 201163.189399993512779 ], [ -1778486.4956, 201149.928199998568743 ], [ -1778485.679699999047443, 201137.35710000153631 ], [ -1778488.330900000408292, 201123.091400005854666 ], [ -1778490.852200001943856, 201108.281700010877103 ], [ -1778493.257199995219707, 201092.850100004579872 ], [ -1778490.802299997769296, 201059.138899997808039 ], [ -1778490.628899997565895, 201030.916100005619228 ], [ -1778494.017299998085946, 200997.807799993548542 ], [ -1778493.710499995388091, 200968.0824000001885 ], [ -1778493.081026025116444, 200953.300126799847931 ], [ -1778490.525199994444847, 200893.280300003476441 ], [ -1778494.391300001880154, 200853.26889999769628 ], [ -1778489.406099997926503, 200813.573799995705485 ], [ -1778487.087799998000264, 200796.9637999990955 ], [ -1778489.440299999667332, 200780.309900003951043 ], [ -1778492.205999999074265, 200762.588299999013543 ], [ -1778495.128699996974319, 200745.730300004128367 ], [ -1778487.58849999983795, 200728.921200013719499 ], [ -1778490.870199997909367, 200713.538500005379319 ], [ -1778489.7736, 200699.752599993720651 ], [ -1778493.462900002487004, 200685.621699998620898 ], [ -1778497.978200001874939, 200673.522400001529604 ], [ -1778502.106500000227243, 200660.526200014166534 ], [ -1778506.675500000361353, 200647.489399994257838 ], [ -1778505.37529999949038, 200630.369000005535781 ], [ -1778504.313099998980761, 200617.778599998913705 ], [ -1778509.681599998380989, 200606.37850000243634 ], [ -1778510.751, 200596.452800004277378 ], [ -1778513.157200002344325, 200580.817099998705089 ], [ -1778515.304845203878358, 200577.407110579777509 ], [ -1778519.380099997622892, 200570.936500008683652 ], [ -1778525.897799998288974, 200561.545599995646626 ], [ -1778532.721799998311326, 200552.629200014751405 ], [ -1778535.371899995254353, 200544.130700002424419 ], [ -1778542.809599998639897, 200536.16489999787882 ], [ -1778550.560400004032999, 200528.667399997357279 ], [ -1778558.628899998031557, 200521.633900000713766 ], [ -1778567.018499998841435, 200515.061499999370426 ], [ -1778575.732899998314679, 200508.947200001217425 ], [ -1778584.775699997087941, 200503.288700005970895 ], [ -1778591.847700002137572, 200499.367900005076081 ], [ -1778599.394400001270697, 200495.66900001000613 ], [ -1778607.431200003018603, 200492.184200005140156 ], [ -1778610.894099997123703, 200484.931400002911687 ], [ -1778614.307999995304272, 200475.47269999422133 ], [ -1778623.99760000128299, 200472.088799996301532 ], [ -1778634.255199994426221, 200469.360399995930493 ], [ -1778645.195999999064952, 200466.783200004603714 ], [ -1778664.635000001639128, 200462.868000003509223 ], [ -1778686.924900000682101, 200459.132499995175749 ], [ -1778708.824700001627207, 200455.955099994316697 ], [ -1778758.355299999006093, 200438.059200001414865 ], [ -1778762.436544097727165, 200437.428155899979174 ], [ -1778785.494000000180677, 200433.863000002223998 ], [ -1778794.352599996840581, 200430.205199996009469 ], [ -1778806.68479999830015, 200427.675600002519786 ], [ -1778818.099700002232566, 200425.007000013254583 ], [ -1778826.500399998622015, 200417.246000000741333 ], [ -1778835.95359999826178, 200408.031200013589114 ], [ -1778846.325100001646206, 200404.295300013385713 ], [ -1778855.897399999666959, 200400.267500002402812 ], [ -1778864.709899995243177, 200395.931000000797212 ], [ -1778872.80310000339523, 200391.264700001571327 ], [ -1778880.1897, 200386.260100010316819 ], [ -1778886.888199997832999, 200380.904600000940263 ], [ -1778886.890980226220563, 200380.892000002320856 ], [ -1778888.897399994777516, 200371.798900014720857 ], [ -1778892.371600000420585, 200367.953300005756319 ], [ -1778895.603499999037012, 200363.873999996110797 ], [ -1778898.594799996353686, 200359.558700012974441 ], [ -1778901.347499998752028, 200355.004899998661131 ], [ -1778903.862799994880334, 200350.210199995432049 ], [ -1778902.201200002105907, 200346.83309999294579 ], [ -1778904.247999998740852, 200341.545000008307397 ], [ -1778906.063199999043718, 200336.003700003027916 ], [ -1778907.645999998552725, 200330.213700006715953 ], [ -1778909.001200000755489, 200324.160199999343604 ], [ -1778907.083299997262657, 200319.768800001125783 ], [ -1778907.98789999820292, 200313.166200004052371 ], [ -1778908.669200001051649, 200306.277799999341369 ], [ -1778909.128499999875203, 200299.089400001335889 ], [ -1778909.36680000112392, 200291.587399998679757 ], [ -1778909.3847999968566, 200283.754199999384582 ], [ -1778906.361500000115484, 200271.427900005597621 ], [ -1778905.39409999595955, 200257.395899997558445 ], [ -1778899.925500000827014, 200243.886600012890995 ], [ -1778897.808799997437745, 200227.266800007782876 ], [ -1778892.595199998933822, 200214.486200000159442 ], [ -1778889.912599999224767, 200197.871899997349828 ], [ -1778873.5457, 200143.902100001461804 ], [ -1778870.008299999171868, 200122.700900014024228 ], [ -1778863.832899996545166, 200103.922799999825656 ], [ -1778861.454199997941032, 200085.460299997590482 ], [ -1778857.843281908659264, 200071.01258660806343 ], [ -1778856.986399998189881, 200067.584100005682558 ], [ -1778855.8842, 200050.459500001743436 ], [ -1778855.525899998610839, 200034.545000007841736 ], [ -1778853.503400004003197, 200019.908600001595914 ], [ -1778851.512600001413375, 200008.618800001218915 ], [ -1778853.24800000176765, 199996.217000000644475 ], [ -1778854.372499995632097, 199990.308400002773851 ], [ -1778855.669200000818819, 199984.589100003708154 ], [ -1778857.13899999903515, 199979.055000006686896 ], [ -1778856.177799995988607, 199974.42130000796169 ], [ -1778857.998199997702613, 199969.244000002276152 ], [ -1778859.994699998293072, 199964.242899999953806 ], [ -1778862.168400002410635, 199959.415700001176447 ], [ -1778864.520300002768636, 199954.76029999461025 ], [ -1778867.051399999530986, 199950.274499998893589 ], [ -1778869.762600000947714, 199945.956900001503527 ], [ -1778872.654800002230331, 199941.80589999537915 ], [ -1778875.728999996325001, 199937.820200006477535 ], [ -1778879.108899995451793, 199933.859400014393032 ], [ -1778882.793699995614588, 199929.937000005505979 ], [ -1778884.385299997404218, 199926.248200006317347 ], [ -1778888.706500001950189, 199922.375500005669892 ], [ -1778893.358000000473112, 199918.515600006096065 ], [ -1778898.364500000141561, 199914.647499999497086 ], [ -1778905.11439999868162, 199905.239199998322874 ], [ -1778914.924899999750778, 199896.677300001494586 ], [ -1778926.834299997426569, 199889.658600005786866 ], [ -1778963.71899999724701, 199866.090500007383525 ], [ -1778977.436299995984882, 199858.269300005864352 ], [ -1778989.954600000753999, 199850.601300006266683 ], [ -1779000.667399995727465, 199843.36780000012368 ], [ -1779010.014599998947233, 199835.406700001098216 ], [ -1779013.281, 199829.769800002221018 ], [ -1779017.232299997471273, 199826.176599996164441 ], [ -1779018.432699996745214, 199822.751500004902482 ], [ -1779021.810199997620657, 199819.115200003609061 ], [ -1779024.910599995404482, 199815.44689999660477 ], [ -1779027.739199996227399, 199811.740300010889769 ], [ -1779030.177099997643381, 199805.386700011789799 ], [ -1779032.789099998306483, 199800.896899996325374 ], [ -1779031.66559999762103, 199796.705399995669723 ], [ -1779033.701599999330938, 199791.843200005125254 ], [ -1779035.451400001998991, 199786.791100000496954 ], [ -1779036.916099996538833, 199781.545500002335757 ], [ -1779038.096899998607114, 199776.102600007783622 ], [ -1779038.994599998928607, 199770.458300005178899 ], [ -1779037.234700000612065, 199764.574199998751283 ], [ -1779037.568599995225668, 199758.521200007759035 ], [ -1779037.622000002069399, 199752.250600003637373 ], [ -1779037.395099997054785, 199745.754700008779764 ], [ -1779036.88759999955073, 199739.026999994646758 ], [ -1779036.098799997009337, 199732.054700000211596 ], [ -1779032.565999996615574, 199725.012300003319979 ], [ -1779031.209500000812113, 199717.510300013702363 ], [ -1779028.452700001420453, 199704.955400015693158 ], [ -1779021.831500000320375, 199693.795799995306879 ], [ -1779017.529200000455603, 199679.410800005774945 ], [ -1779012.351900001289323, 199663.758600007276982 ], [ -1779005.433699999470264, 199650.595200001262128 ], [ -1779000.26899999869056, 199636.363700000103563 ], [ -1778977.9382, 199585.651300000958145 ], [ -1778968.968099997844547, 199567.186700007878244 ], [ -1778960.260999997379258, 199549.242300001438707 ], [ -1778954.741099999519065, 199532.654599993955344 ], [ -1778947.316700000548735, 199516.6195999966003 ], [ -1778943.3807, 199501.124300005380064 ], [ -1778940.458499998785555, 199486.715100004803389 ], [ -1778939.369100001873448, 199479.876199999358505 ], [ -1778936.692500000586733, 199474.107400001492351 ], [ -1778936.085399997187778, 199467.63010000390932 ], [ -1778935.726799995405599, 199461.363500005565584 ], [ -1778933.607700000749901, 199455.97750001354143 ], [ -1778933.745399996172637, 199450.108900006860495 ], [ -1778934.131299999309704, 199444.428900006227195 ], [ -1778934.765799995046109, 199438.933700002264231 ], [ -1778935.649499998660758, 199433.618500004988164 ], [ -1778936.782899999292567, 199428.479699993506074 ], [ -1778938.168199999490753, 199423.509400001727045 ], [ -1778937.392799999332055, 199419.501799996010959 ], [ -1778939.282699995441362, 199414.869100003968924 ], [ -1778941.426300001563504, 199410.401399995200336 ], [ -1778943.82489999756217, 199406.096400003414601 ], [ -1778946.479200003203005, 199401.952500007115304 ], [ -1778949.390499998116866, 199397.967899995855987 ], [ -1778952.559799995971844, 199394.141100007109344 ], [ -1778958.999500000616536, 199387.29460000898689 ], [ -1778966.35049999691546, 199380.358000005595386 ], [ -1778972.580399997532368, 199373.075000000651926 ], [ -1778982.030899998499081, 199365.708000001031905 ], [ -1778991.02210000064224, 199359.161100011318922 ], [ -1778998.721700001275167, 199351.362400000914931 ], [ -1779042.102799999061972, 199320.84180001495406 ], [ -1779050.533900000853464, 199314.337699998635799 ], [ -1779060.980599996633828, 199305.798700005747378 ], [ -1779072.097100001526996, 199298.974600001238286 ], [ -1779082.91609999560751, 199291.015600006096065 ], [ -1779094.310599998803809, 199284.660799997858703 ], [ -1779105.846600000746548, 199278.539300005417317 ], [ -1779115.769600000232458, 199272.156199996359646 ], [ -1779127.593100001569837, 199266.498900003731251 ], [ -1779139.277999999001622, 199259.771900008898228 ], [ -1779151.395100003341213, 199254.575799996033311 ], [ -1779163.662399996770546, 199249.60870000673458 ], [ -1779173.904799997573718, 199245.214899996761233 ], [ -1779186.478999998420477, 199240.70340000744909 ], [ -1779198.774299999233335, 199235.048500006087124 ], [ -1779211.665099997771904, 199230.989100000821054 ], [ -1779224.718099996680394, 199227.1544000050053 ], [ -1779237.992799998959526, 199222.210200005676597 ], [ -1779251.359099995344877, 199218.827000013552606 ], [ -1779264.61239999695681, 199214.364399994723499 ], [ -1779276.610399996396154, 199212.20569999422878 ], [ -1779290.499699990265071, 199209.48499999800697 ], [ -1779304.571100001921877, 199206.983400004915893 ], [ -1779318.392900000791997, 199203.330500006210059 ], [ -1779332.841700000688434, 199201.265100012533367 ], [ -1779347.557399996556342, 199198.078899995889515 ], [ -1779362.398300000932068, 199196.447300003375858 ], [ -1779377.446299997158349, 199195.031200006138533 ], [ -1779392.42409999971278, 199192.528999998234212 ], [ -1779407.855099997716025, 199190.551600005012006 ], [ -1779423.564399994676933, 199189.778600003104657 ], [ -1779439.326399999437854, 199187.546899998560548 ], [ -1779455.517899998929352, 199187.200400005560368 ], [ -1779482.446999998530373, 199185.75299999397248 ], [ -1779509.742600000230595, 199184.904600003734231 ], [ -1779538.056699999142438, 199184.929100001696497 ], [ -1779567.098900001728907, 199184.837300004903227 ], [ -1779596.742099997354671, 199185.318700003437698 ], [ -1779627.948399997781962, 199188.04310000455007 ], [ -1779660.316799998516217, 199190.366600005887449 ], [ -1779683.164252308895811, 199191.896011896431446 ], [ -1779693.981199998408556, 199192.620099995750934 ], [ -1779722.54249999858439, 199194.657000006642193 ], [ -1779754.454999998444691, 199198.34540000744164 ], [ -1779786.561500001931563, 199202.030200007371604 ], [ -1779820.842800000449643, 199205.627999993506819 ], [ -1779886.255100002279505, 199212.619300010614097 ], [ -1780054.670899998629466, 199233.390900005586445 ], [ -1780103.255600003991276, 199240.118200014811009 ], [ -1780145.700199999380857, 199245.294300011359155 ], [ -1780193.144599996739998, 199250.401000011712313 ], [ -1780238.194900000700727, 199255.063799994532019 ], [ -1780279.445799994748086, 199256.832899993751198 ], [ -1780320.942100000102073, 199259.976599995978177 ], [ -1780344.615600000368431, 199260.837099994998425 ], [ -1780366.4914, 199260.970299994572997 ], [ -1780390.825399996945634, 199261.27440000558272 ], [ -1780412.278399999486282, 199260.578399999532849 ], [ -1780433.471900003030896, 199260.493499996606261 ], [ -1780454.126200003549457, 199259.949200003407896 ], [ -1780474.570799997542053, 199259.842800001613796 ], [ -1780493.979899998288602, 199258.130100002046674 ], [ -1780513.759899998549372, 199257.408600005321205 ], [ -1780531.355300002032891, 199256.897800001315773 ], [ -1780550.486299999523908, 199254.966799996327609 ], [ -1780569.176199996843934, 199252.573300003539771 ], [ -1780587.74429999710992, 199250.613200007006526 ], [ -1780606.036300000734627, 199248.341000001411885 ], [ -1780623.776200002292171, 199244.156800006981939 ], [ -1780641.541999999899417, 199241.257299999706447 ], [ -1780666.954999997513369, 199235.973499993793666 ], [ -1780693.290299998130649, 199229.781999996863306 ], [ -1780721.12459999974817, 199223.524800002109259 ], [ -1780750.535599997499958, 199214.740800003521144 ], [ -1780777.345500000985339, 199206.912500012200326 ], [ -1780806.599299997556955, 199198.544600005727261 ], [ -1780898.837999995565042, 199167.102299997583032 ], [ -1780937.249500000849366, 199155.752600001636893 ], [ -1780976.267699997639284, 199145.763900010846555 ], [ -1781009.442700000945479, 199136.435599998570979 ], [ -1781029.177900000475347, 199131.556900001130998 ], [ -1781048.159899997524917, 199127.63070000289008 ], [ -1781058.090440841391683, 199125.178425739984959 ], [ -1781066.451999999117106, 199123.113600006327033 ], [ -1781084.381700002588332, 199119.952200002036989 ], [ -1781100.411199997877702, 199118.093500001821667 ], [ -1781117.363899997668341, 199114.406300003174692 ], [ -1781134.199400000972673, 199112.309999994002283 ], [ -1781150.811900000320747, 199110.020900010596961 ], [ -1781258.170800001360476, 199094.776299996301532 ], [ -1781283.77620000182651, 199092.338799993507564 ], [ -1781307.027599997585639, 199088.958699998445809 ], [ -1781332.665899999439716, 199085.867300005629659 ], [ -1781356.59639999596402, 199083.740600004326552 ], [ -1781378.88089999766089, 199082.987300003878772 ], [ -1781400.073299996554852, 199081.703899996355176 ], [ -1781422.209600001806393, 199082.003000001888722 ], [ -1781443.76880000368692, 199081.604800007306039 ], [ -1781464.10559999756515, 199083.108299997169524 ], [ -1781484.030899999663234, 199084.357699998654425 ], [ -1781502.892899996833876, 199087.090300007723272 ], [ -1781521.061699998565018, 199089.414000004995614 ], [ -1781538.612399999052286, 199093.401300001423806 ], [ -1781555.929900002200156, 199096.728499999269843 ], [ -1781564.869599999161437, 199099.59070000750944 ], [ -1781573.856299998937175, 199102.879900007508695 ], [ -1781582.904399997089058, 199106.601300007663667 ], [ -1781592.396000000182539, 199109.898300009779632 ], [ -1781601.615400001173839, 199114.504100005608052 ], [ -1781612.06280000298284, 199119.078600001055747 ], [ -1781621.559699998935685, 199124.621299997903407 ], [ -1781631.230799998855218, 199129.630500003229827 ], [ -1781641.372900001239032, 199136.345500014256686 ], [ -1781653.8839, 199142.964599997736514 ], [ -1781664.770299997879192, 199150.946099997498095 ], [ -1781678.806999997934327, 199157.677800004370511 ], [ -1781705.287799996091053, 199175.889800005592406 ], [ -1781752.238300001248717, 199212.838800012134016 ], [ -1781771.974500000476837, 199228.928300007246435 ], [ -1781782.882100003072992, 199236.513100009411573 ], [ -1781793.007800003746524, 199244.243900005705655 ], [ -1781804.542799999006093, 199250.704600005410612 ], [ -1781813.86760000186041, 199257.287400003056973 ], [ -1781827.823399997549132, 199263.714700005017221 ], [ -1781842.220999999437481, 199269.146400006487966 ], [ -1781852.992999997455627, 199275.409300006460398 ], [ -1781863.570799995679408, 199281.06019999505952 ], [ -1781874.012800000142306, 199286.129299995489419 ], [ -1781884.337, 199290.624200007878244 ], [ -1781894.572299997555092, 199294.557500002440065 ], [ -1781904.872399998130277, 199297.028600005898625 ], [ -1781915.920499999308959, 199300.277400002814829 ], [ -1781927.134700001915917, 199302.452299995813519 ], [ -1781938.613100001821294, 199305.294799995608628 ], [ -1781950.299900000914931, 199307.932300007436424 ], [ -1781962.108300000894815, 199309.1017 ], [ -1781974.197300000116229, 199311.326300001237541 ], [ -1781986.4788, 199313.342699999455363 ], [ -1781998.946899999631569, 199315.150099997408688 ], [ -1782011.600099996197969, 199316.74800000526011 ], [ -1782024.558500001439825, 199317.225800002925098 ], [ -1782037.551299997372553, 199318.400699997786433 ], [ -1782050.651200001128018, 199318.491900007240474 ], [ -1782063.9531, 199319.241200001444668 ], [ -1782077.396200003568083, 199319.776699999347329 ], [ -1782090.8891, 199318.835900004021823 ], [ -1782104.586100002750754, 199318.943100003059953 ], [ -1782120.2512, 199317.994499998632818 ], [ -1782134.356199998874217, 199316.761100006755441 ], [ -1782148.418599999044091, 199316.220600003376603 ], [ -1782162.557700001634657, 199315.464699995703995 ], [ -1782176.709899999201298, 199313.622800001874566 ], [ -1782190.9625, 199312.438000007532537 ], [ -1782205.167599994456396, 199309.778399995993823 ], [ -1782219.474099998595193, 199308.169900002889335 ], [ -1782235.58659999538213, 199305.510199999902397 ], [ -1782249.892299995757639, 199303.483500003349036 ], [ -1782264.298799997661263, 199300.342899998184294 ], [ -1782278.524200001731515, 199297.909000002779067 ], [ -1782292.631599998567253, 199294.404699999373406 ], [ -1782306.70279999403283, 199291.576199996285141 ], [ -1782320.667000000132248, 199288.556199999526143 ], [ -1782334.503699997905642, 199285.349199997261167 ], [ -1782353.141199994599447, 199280.228400002233684 ], [ -1782370.900899995816872, 199272.680000010877848 ], [ -1782390.289399999659508, 199266.100800014100969 ], [ -1782409.890499997418374, 199258.946600004564971 ], [ -1782424.891499997582287, 199251.887200004421175 ], [ -1782441.279699999373406, 199242.955899997614324 ], [ -1782459.634899998316541, 199233.147800001315773 ], [ -1782481.28609999967739, 199222.012800003867596 ], [ -1782499.639900000300258, 199209.515200007706881 ], [ -1782520.131799997994676, 199197.903900008648634 ], [ -1782541.509900001809001, 199185.531700002495199 ], [ -1782564.204000000609085, 199170.787200002465397 ], [ -1782601.6251, 199146.864400010090321 ], [ -1782669.87569999974221, 199087.59470000769943 ], [ -1782706.20769999595359, 199063.115800007712096 ], [ -1782741.91950000077486, 199039.650700006168336 ], [ -1782771.550900001777336, 199013.046599994413555 ], [ -1780690.534979118034244, 200982.451779115013778 ], [ -1779344.755880858749151, 202256.0529560521245 ], [ -1778808.333599996520206, 202763.705399999860674 ], [ -1778600.201341425301507, 202738.842061986215413 ] ] ] } },
{ "type": "Feature", "properties": { "ID": 1055, "YEAR": "2014-2015", "Perimtr_KM": 6.1271731781299996, "AREA_KM": 1.9844058201200001, "SCALE": 1, "THICKNES_M": 204.05705769900001, "VOLUME_KM": 0.40493201292999997, "MASS_GT": 0.37132265586000002, "RECURRANCE": "2-3", "UA_KM": 0.03063586589, "UH_M": 16.936735705499999, "UC_KM": 0.03098305448, "REGION": "West", "ICESHELF": "Ferrigno" }, "geometry": { "type": "Polygon", "coordinates": [ [ [ -1775738.25311332126148, 203511.707565041724592 ], [ -1775741.709100002190098, 203509.819100002292544 ], [ -1775745.531199999153614, 203507.33240000763908 ], [ -1775749.27609999733977, 203504.489400004968047 ], [ -1775752.118000002577901, 203499.13979999627918 ], [ -1775753.581399996532127, 203493.662399998866022 ], [ -1775757.106899998150766, 203489.742200012784451 ], [ -1775760.568400000687689, 203485.454799997620285 ], [ -1775763.969599995529279, 203480.795199996326119 ], [ -1775770.662800000747666, 203469.983599999453872 ], [ -1775772.214200002141297, 203463.731500001158565 ], [ -1775765.6036, 203461.904599997680634 ], [ -1775768.812899995595217, 203455.683200012426823 ], [ -1775771.990799999563023, 203449.041700008325279 ], [ -1775776.944899998838082, 203437.704600004479289 ], [ -1775781.885700000682846, 203425.184599993750453 ], [ -1775786.867400001967326, 203411.345899996813387 ], [ -1775791.991600001463667, 203395.906900000292808 ], [ -1775796.079000000376254, 203365.049000001512468 ], [ -1775817.060399999609217, 203291.94150000391528 ], [ -1775817.645562986377627, 203278.885002424009144 ], [ -1775817.966399998636916, 203271.726300003938377 ], [ -1775823.435300001408905, 203255.084800004493445 ], [ -1775829.206599995493889, 203238.919199994299561 ], [ -1775836.768699996406212, 203219.692500005476177 ], [ -1775841.480500002391636, 203203.863099996931851 ], [ -1775842.610107346670702, 203198.710199997760355 ], [ -1775844.195599998114631, 203191.477699998300523 ], [ -1775844.676800000946969, 203180.543200006708503 ], [ -1775850.450399995082989, 203170.258100009523332 ], [ -1775856.483399997232482, 203159.955800000112504 ], [ -1775862.778999995673075, 203149.63120001507923 ], [ -1775869.340000001015142, 203139.27980000525713 ], [ -1775876.17049999604933, 203128.894700003322214 ], [ -1775883.274899999378249, 203118.469299996271729 ], [ -1775890.65830000070855, 203107.996300005819649 ], [ -1775896.0067, 203085.802199996076524 ], [ -1775912.183300000848249, 203059.547600003425032 ], [ -1775929.566500001819804, 203035.358500002883375 ], [ -1775949.005000001285225, 203013.049800004344434 ], [ -1775956.207699996652082, 202992.723200003616512 ], [ -1775974.879599998006597, 202972.852300001773983 ], [ -1775994.746599999023601, 202949.504300012718886 ], [ -1776016.150299998465925, 202925.353400006424636 ], [ -1776030.177099998574704, 202905.91700000455603 ], [ -1776052.587599998805672, 202884.224499998148531 ], [ -1776088.40015550958924, 202846.982084556482732 ], [ -1776125.28919999813661, 202808.620200003497303 ], [ -1776154.047899999888614, 202775.777400002814829 ], [ -1776185.416299995733425, 202744.907199998851866 ], [ -1776202.851199998054653, 202717.909100001212209 ], [ -1776217.807999998563901, 202702.232900001574308 ], [ -1776231.924300002399832, 202687.050600001122802 ], [ -1776243.650199997238815, 202668.704300015699118 ], [ -1776257.142000002786517, 202653.466399999335408 ], [ -1776263.975600001867861, 202640.597099999431521 ], [ -1776272.8226, 202628.729700005613267 ], [ -1776283.275300001492724, 202613.204399994108826 ], [ -1776293.625500002177432, 202599.559499998111278 ], [ -1776305.6061, 202582.998100005555898 ], [ -1776316.823000001255423, 202566.596300005447119 ], [ -1776320.390099994838238, 202549.024800005368888 ], [ -1776330.144300001207739, 202532.845899997744709 ], [ -1776338.510800002608448, 202518.645700010936707 ], [ -1776346.864399997983128, 202502.585900008678436 ], [ -1776354.531999998958781, 202486.558399999048561 ], [ -1776361.521499999100342, 202470.546700004022568 ], [ -1776363.178899996681139, 202456.309500012081116 ], [ -1776368.837499996647239, 202440.262300000991672 ], [ -1776373.832499995594844, 202424.189600012730807 ], [ -1776377.723899998003617, 202406.357699998188764 ], [ -1776381.40169999981299, 202390.199800006113946 ], [ -1776384.424100001575425, 202373.985500014852732 ], [ -1776382.123499996960163, 202359.502599997445941 ], [ -1776383.839699999196455, 202343.149199998471886 ], [ -1776386.882900000317022, 202307.183100003283471 ], [ -1776385.008399999234825, 202286.21130000334233 ], [ -1776382.513499997090548, 202269.828600003384054 ], [ -1776382.845799997448921, 202250.826199998613447 ], [ -1776382.475999995367602, 202232.355599999893457 ], [ -1776382.012200001161546, 202223.616599997971207 ], [ -1776381.360800000140443, 202215.171499999240041 ], [ -1776380.519499999471009, 202206.993200005963445 ], [ -1776379.486999998334795, 202199.07240000506863 ], [ -1776373.51649999897927, 202196.484900015871972 ], [ -1776371.31989999813959, 202191.444500001147389 ], [ -1776368.897099998081103, 202180.977100010495633 ], [ -1776365.937899998156354, 202170.38460000930354 ], [ -1776362.437800003215671, 202159.650599996093661 ], [ -1776358.389899998670444, 202148.754099995829165 ], [ -1776353.789800000842661, 202137.681200002785772 ], [ -1776348.620599997928366, 202126.38939999602735 ], [ -1776347.8385, 202124.820099996868521 ], [ -1777323.75070267287083, 203304.866797324735671 ], [ -1777503.940799998817965, 203522.747800001408905 ], [ -1776326.477365897735581, 204307.723479244392365 ], [ -1776114.87550000147894, 204448.791399998124689 ], [ -1775715.862499999115244, 203517.158799993805587 ], [ -1775720.832899995381013, 203516.964099997654557 ], [ -1775725.595699996687472, 203516.23340000025928 ], [ -1775729.752300003077835, 203515.157699992880225 ], [ -1775733.821899994974956, 203513.730699995998293 ], [ -1775737.806699995417148, 203511.951500001363456 ], [ -1775738.25311332126148, 203511.707565041724592 ] ] ] } },
{ "type": "Feature", "properties": { "ID": 1056, "YEAR": "2014-2015", "Perimtr_KM": 10.911735972500001, "AREA_KM": 2.9581445852, "SCALE": 1, "THICKNES_M": 240.081586582, "VOLUME_KM": 0.71019604535000003, "MASS_GT": 0.65124977359000003, "RECURRANCE": "2-3", "UA_KM": 0.05455867986, "UH_M": 19.926771588000001, "UC_KM": 0.05434009182, "REGION": "West", "ICESHELF": "Ferrigno" }, "geometry": { "type": "Polygon", "coordinates": [ [ [ -1766123.765000001061708, 211255.204900010954589 ], [ -1766157.382931374944746, 210999.708404135424644 ], [ -1766163.8252, 210978.399900014977902 ], [ -1766175.274900000309572, 210935.843300010543317 ], [ -1766203.1683, 210859.329700003378093 ], [ -1766259.838099997024983, 210720.464999998454005 ], [ -1766276.371199995279312, 210666.418399995658547 ], [ -1766291.155199996894225, 210610.156400005798787 ], [ -1766305.013599995756522, 210561.368700012098998 ], [ -1766320.548899997957051, 210506.288300001062453 ], [ -1766338.069999997271225, 210456.775900009088218 ], [ -1766359.648499995237216, 210408.676600008271635 ], [ -1766369.374099999899045, 210385.498200009576976 ], [ -1766379.313999997684732, 210364.536999994888902 ], [ -1766391.901699998881668, 210338.53810000512749 ], [ -1766404.573299996787682, 210313.188300002831966 ], [ -1766415.365899998228997, 210290.003900005482137 ], [ -1766428.252799995709211, 210265.819300000555813 ], [ -1766437.502699999837205, 210243.652100007049739 ], [ -1766447.083199998596683, 210220.353300002869219 ], [ -1766456.813099996186793, 210197.531100008171052 ], [ -1766466.509799998719245, 210176.797700000461191 ], [ -1766476.5781, 210154.838700003456324 ], [ -1766486.821699996246025, 210133.299900009296834 ], [ -1766497.056000000797212, 210113.799400003626943 ], [ -1766507.67119999602437, 210093.056600006297231 ], [ -1766518.482700001914054, 210072.691200003493577 ], [ -1766529.30370000237599, 210054.327600001357496 ], [ -1766540.523299995576963, 210034.688400006853044 ], [ -1766547.055777534842491, 210024.426590209826827 ], [ -1766551.763100000331178, 210017.031899998895824 ], [ -1766565.357599995564669, 209998.20399999897927 ], [ -1766581.478500002762303, 209979.27519999910146 ], [ -1766596.21129999961704, 209960.117599999532104 ], [ -1766611.551599998492748, 209940.737000002991408 ], [ -1766629.486600001342595, 209921.151400004979223 ], [ -1766646.135499997762963, 209901.188399998471141 ], [ -1766663.517300000647083, 209880.825300002936274 ], [ -1766681.286899994593114, 209860.112200004514307 ], [ -1766699.575100001879036, 209839.628200000617653 ], [ -1766718.374899996910244, 209819.972800000570714 ], [ -1766736.741000002017245, 209797.808100003283471 ], [ -1766755.098299998557195, 209775.192899995483458 ], [ -1766792.801699995994568, 209729.757300003431737 ], [ -1766869.31510000070557, 209639.934600003063679 ], [ -1766901.445799994748086, 209602.069300005678087 ], [ -1766934.67140000150539, 209562.145799995865673 ], [ -1766970.943299999693409, 209526.209600016009063 ], [ -1766991.423399996012449, 209506.957400002051145 ], [ -1767014.1129999991972, 209489.144300001207739 ], [ -1767033.07949999650009, 209469.228200006298721 ], [ -1767054.447400000179186, 209450.503700002096593 ], [ -1767071.985399997560307, 209431.344400010071695 ], [ -1767092.029599995119497, 209413.232500004582107 ], [ -1767108.304999998072162, 209394.597800004296005 ], [ -1767120.839799995534122, 209375.398899999912828 ], [ -1767128.71799999801442, 209362.871700001880527 ], [ -1767136.554000000236556, 209349.939800000749528 ], [ -1767144.363699994282797, 209336.576900015585124 ], [ -1767152.167100002756342, 209322.748699999414384 ], [ -1767160.014500000979751, 209310.075399995781481 ], [ -1767167.87119999807328, 209295.200399994384497 ], [ -1767175.808700001332909, 209279.701100004371256 ], [ -1767183.914700003806502, 209265.121500002685934 ], [ -1767197.841499999165535, 209236.100899996701628 ], [ -1767212.916300000390038, 209205.167700007557869 ], [ -1767227.369300001999363, 209172.971200010739267 ], [ -1767257.832699998281896, 209117.378699995111674 ], [ -1768237.043899999698624, 208600.059600010514259 ], [ -1768787.169499999610707, 208446.423299999441952 ], [ -1768778.838766838423908, 208466.397266385145485 ], [ -1768690.039611064596102, 208679.304260126315057 ], [ -1768585.554423834197223, 208929.820460557006299 ], [ -1768495.665953469928354, 209145.339221201371402 ], [ -1768485.695299997925758, 209169.245100005529821 ], [ -1767406.691820474807173, 210273.932158276438713 ], [ -1767328.799838059348986, 210353.678207801654935 ], [ -1767070.247286910191178, 210618.385099442210048 ], [ -1766742.637499997625127, 210953.793000002857298 ], [ -1766690.92855958850123, 211296.617447316180915 ], [ -1766623.264182717073709, 211745.224640228319913 ], [ -1766617.600671308347955, 211782.773082586470991 ], [ -1766567.46970480796881, 212115.135740745812654 ], [ -1766525.494788522366434, 212393.424705175682902 ], [ -1766463.15750691969879, 212806.713856842368841 ], [ -1766461.500614435179159, 212817.697870900854468 ], [ -1766123.765000001061708, 211255.204900010954589 ] ] ] } },
{ "type": "Feature", "properties": { "ID": 1059, "YEAR": "2014-2015", "Perimtr_KM": 13.1221196021, "AREA_KM": 2.00016165082, "SCALE": 1, "THICKNES_M": 221.379190717, "VOLUME_KM": 0.44279416756000001, "MASS_GT": 0.40604225165000002, "RECURRANCE": "4-5", "UA_KM": 0.06561059801000001, "UH_M": 18.3744727389, "UC_KM": 0.03388004746, "REGION": "West", "ICESHELF": "Thomson" }, "geometry": { "type": "Polygon", "coordinates": [ [ [ -1796979.426499998196959, 298896.831800005864352 ], [ -1797102.076197237242013, 298570.52160254213959 ], [ -1797130.2589999998454, 298495.541100009344518 ], [ -1797103.683794466545805, 299648.871551904361695 ], [ -1797102.65809999871999, 299693.385400011669844 ], [ -1797195.857288946164772, 299844.27931614080444 ], [ -1797448.712824255460873, 300253.664444603025913 ], [ -1797454.702799995895475, 300263.362499998882413 ], [ -1797459.533204731298611, 300300.21698798937723 ], [ -1797540.642249022843316, 300919.053806259762496 ], [ -1797576.084700000472367, 301189.468699996825308 ], [ -1797841.44891710486263, 301391.750010550953448 ], [ -1798118.0531, 301602.599299996159971 ], [ -1797920.659412157023326, 302234.259143364615738 ], [ -1797856.930547473253682, 302438.191524012945592 ], [ -1797837.924899997888133, 302499.009600004181266 ], [ -1797437.938700002152473, 302861.787700006738305 ], [ -1797365.395844149170443, 303245.228659649379551 ], [ -1797320.590500002494082, 303482.057000011205673 ], [ -1797578.344600001350045, 304350.070099999662489 ], [ -1797554.820399995194748, 304542.769300003070384 ], [ -1797449.557799996808171, 304302.516799998003989 ], [ -1797358.21619999781251, 303990.252000014763325 ], [ -1797260.854499995941296, 303510.612699997611344 ], [ -1797257.073899999726564, 302900.92850001109764 ], [ -1797216.229299995815381, 302605.684800004120916 ], [ -1797230.219500002916902, 302237.097399995662272 ], [ -1797375.681799999438226, 301849.308100010734051 ], [ -1797410.577500000363216, 301738.742200001142919 ], [ -1797225.723400001879781, 301572.373400004114956 ], [ -1797113.328000001143664, 301295.970600008033216 ], [ -1797095.034299998544157, 301018.84470000769943 ], [ -1797059.271899997256696, 300795.513800004031509 ], [ -1797118.7115999951493, 300328.25099999923259 ], [ -1797082.655299996957183, 300106.247200000099838 ], [ -1796902.61479999916628, 299962.668099994771183 ], [ -1796887.43629999505356, 299439.765199997462332 ], [ -1796795.009299998171628, 299162.484000011347234 ], [ -1796979.426499998196959, 298896.831800005864352 ] ] ] } },
{ "type": "Feature", "properties": { "ID": 1060, "YEAR": "2014-2015", "Perimtr_KM": 5.2285952767600001, "AREA_KM": 1.11206938925, "SCALE": 1, "THICKNES_M": 173.249207, "VOLUME_KM": 0.19266513982, "MASS_GT": 0.17667393321, "RECURRANCE": "4-5", "UA_KM": 0.02614297638, "UH_M": 14.379684110099999, "UC_KM": 0.01474162164, "REGION": "Peninsula", "ICESHELF": "Rydberg_Peninsula_2" }, "geometry": { "type": "Polygon", "coordinates": [ [ [ -1795767.228933942969888, 347347.417960958089679 ], [ -1795679.1702, 347002.426800000481308 ], [ -1795743.699399999342859, 347087.126850009895861 ], [ -1795656.039799997350201, 346911.807699997909367 ], [ -1795661.772599996533245, 346909.73690000642091 ], [ -1795668.090819120174274, 346905.012206613551825 ], [ -1795684.034099996555597, 346893.090000002644956 ], [ -1795706.328799998620525, 346876.150600007269531 ], [ -1795725.497699996456504, 346851.735099997837096 ], [ -1795744.681100001093, 346827.034299998078495 ], [ -1795763.870900003006682, 346802.051399996504188 ], [ -1795783.142600002000108, 346775.860100003890693 ], [ -1795802.934200000949204, 346750.412300003226846 ], [ -1795825.771200003335252, 346732.810600007418543 ], [ -1795851.810799996834248, 346721.200300008058548 ], [ -1795869.887199993478134, 346712.568799998611212 ], [ -1795888.118900003377348, 346703.435999999754131 ], [ -1795906.536500000394881, 346693.786499996203929 ], [ -1795925.792699999408796, 346683.688900007866323 ], [ -1795944.687299997312948, 346672.951000006869435 ], [ -1795963.906099999556318, 346661.621400004718453 ], [ -1795984.127599998377264, 346649.750599999912083 ], [ -1796004.21530000329949, 346637.105599997099489 ], [ -1796024.921200000215322, 346624.179600003641099 ], [ -1796045.721699997549877, 346610.353800012730062 ], [ -1796067.419399998616427, 346595.59199999505654 ], [ -1796090.976899997796863, 346579.746000002603978 ], [ -1796130.324099994730204, 346536.277000002097338 ], [ -1796206.992400000337511, 346449.666200011502951 ], [ -1796240.536699995631352, 346415.501499995123595 ], [ -1796276.124400003347546, 346380.541900006588548 ], [ -1796312.583999999333173, 346355.857000004965812 ], [ -1796334.749800001271069, 346341.862900010775775 ], [ -1796357.617099997587502, 346329.733199994079769 ], [ -1796378.013700002571568, 346317.164999998640269 ], [ -1796397.966699997661635, 346305.285700005944818 ], [ -1796419.514999999897555, 346295.218800002709031 ], [ -1796438.83379999967292, 346284.570399998687208 ], [ -1796457.905799997039139, 346274.498600001446903 ], [ -1796478.701499998103827, 346266.169699999969453 ], [ -1796491.555299998261034, 346260.010400005150586 ], [ -1796504.817100001499057, 346253.990799998864532 ], [ -1796518.513699998613447, 346248.098700000438839 ], [ -1796532.190099997911602, 346242.181400012224913 ], [ -1796546.359399996232241, 346236.366500006522983 ], [ -1796563.023599996929988, 346231.813000006135553 ], [ -1796578.390499997884035, 346226.121000001672655 ], [ -1796594.490200000349432, 346220.442899995949119 ], [ -1796623.25, 346210.81340000173077 ], [ -1796655.637200000463054, 346200.721100012771785 ], [ -1796688.600099999457598, 346192.005399999208748 ], [ -1796771.668200002983212, 346168.30619999859482 ], [ -1796797.631999996025115, 346162.461300006136298 ], [ -1796819.424699995899573, 346156.055000006221235 ], [ -1796843.624000003561378, 346148.595400005578995 ], [ -1796866.054999995976686, 346141.267399997450411 ], [ -1796887.137499997392297, 346133.933499995153397 ], [ -1796908.678699996322393, 346127.579400013200939 ], [ -1796931.677099995082244, 346118.351500004064292 ], [ -1796953.427499996963888, 346108.836100001819432 ], [ -1796974.88069999567233, 346101.260899999178946 ], [ -1796984.8206, 346096.181700009852648 ], [ -1796995.324700002092868, 346093.2895000083372 ], [ -1797006.396299994783476, 346089.050200000870973 ], [ -1797016.454299997771159, 346085.927799994591624 ], [ -1797026.29340000054799, 346082.687699995003641 ], [ -1797035.1129999991972, 346077.035000002942979 ], [ -1797044.532199999783188, 346073.548199998680502 ], [ -1797052.942200001562014, 346067.641899994108826 ], [ -1797062.234399996930733, 346064.316900005098432 ], [ -1797073.1996999992989, 346062.339600002858788 ], [ -1797098.926099999574944, 346045.463500007521361 ], [ -1797122.183500000741333, 346036.609799997881055 ], [ -1797140.360800003865734, 346024.695999995805323 ], [ -1797156.7773, 346013.580800004769117 ], [ -1797174.015599997946993, 346004.070000003557652 ], [ -1797187.018499996280298, 345990.683599999640137 ], [ -1797200.725300000747666, 345978.97020000545308 ], [ -1797211.467399996472523, 345965.891199999023229 ], [ -1797215.540499998023733, 345960.49100000737235 ], [ -1797219.487999999430031, 345954.854600012302399 ], [ -1797225.184300003573298, 345950.454300000332296 ], [ -1797228.901999998372048, 345944.314100006129593 ], [ -1797232.514599998481572, 345937.90689999749884 ], [ -1797236.035700002452359, 345931.209000000730157 ], [ -1797239.477399998577312, 345924.197800013236701 ], [ -1797242.85529999807477, 345916.841099998448044 ], [ -1797248.004094367846847, 345904.516309381462634 ], [ -1797577.337335622403771, 346350.288923906162381 ], [ -1797553.67081879102625, 346367.556071220431477 ], [ -1796971.610700000775978, 346792.225500000175089 ], [ -1796368.10550000378862, 347010.157899997197092 ], [ -1795839.947850965894759, 347307.41737800789997 ], [ -1795767.435899998992682, 347348.228800002485514 ], [ -1795767.228933942969888, 347347.417960958089679 ] ] ] } },
{ "type": "Feature", "properties": { "ID": 1061, "YEAR": "2014-2015", "Perimtr_KM": 67.030392227799993, "AREA_KM": 152.85842497100001, "SCALE": 3, "THICKNES_M": 254.674493533, "VOLUME_KM": 38.929141961699997, "MASS_GT": 35.698023178900002, "RECURRANCE": "4-5", "UA_KM": 0.33515196114000001, "UH_M": 21.137982859000001, "UC_KM": 2.9786326783499999, "REGION": "East", "ICESHELF": "Publications" }, "geometry": { "type": "Polygon", "coordinates": [ [ [ 2187920.466100004501641, 581613.119238364044577 ], [ 2187920.46609999705106, 579175.094900002237409 ], [ 2187118.408256663940847, 578735.872745693195611 ], [ 2185607.071067325770855, 577908.235709662083536 ], [ 2181252.952799998223782, 575523.837600010912865 ], [ 2177125.444500006735325, 576317.589200011454523 ], [ 2175220.440699999220669, 574095.084800004027784 ], [ 2171944.324974834918976, 568414.992660421878099 ], [ 2171430.47155830450356, 567524.079458018299192 ], [ 2171162.057200008071959, 567058.705700000282377 ], [ 2170549.44959999807179, 569181.50350000988692 ], [ 2169699.166000000201166, 569466.025200000964105 ], [ 2168746.391900007613003, 569779.693400005344301 ], [ 2169210.76630000770092, 571720.334800004027784 ], [ 2169358.93620000500232, 573146.149200010579079 ], [ 2170047.641599997878075, 574960.22020000545308 ], [ 2170198.981499998830259, 576765.595700005535036 ], [ 2169730.668099999427795, 577617.418100005481392 ], [ 2168999.312500001862645, 577579.10820001270622 ], [ 2173315.43690000474453, 578063.842699995264411 ], [ 2173315.43690000474453, 579810.096199999563396 ], [ 2181160.191651781089604, 587797.482840026263148 ], [ 2182046.7043999992311, 588700.114000003319234 ], [ 2185539.21140000782907, 582191.351000000722706 ], [ 2187920.466100004501641, 582032.600599999539554 ], [ 2187920.466100004501641, 581613.119238364044577 ] ] ] } },
{ "type": "Feature", "properties": { "ID": 1063, "YEAR": "2014-2015", "Perimtr_KM": 25.093789457900002, "AREA_KM": 20.412571373900001, "SCALE": 2, "THICKNES_M": 124.430282593, "VOLUME_KM": 2.5399420245000002, "MASS_GT": 2.32912683647, "RECURRANCE": ">8", "UA_KM": 0.12546894729, "UH_M": 10.327713404300001, "UC_KM": 0.19434166627, "REGION": "Peninsula", "ICESHELF": "LarsenC" }, "geometry": { "type": "Polygon", "coordinates": [ [ [ -2048895.656724757980555, 1149528.70548806572333 ], [ -2047917.136900000739843, 1149307.37360000424087 ], [ -2047917.136900000739843, 1148947.539500002283603 ], [ -2044318.79630000051111, 1146852.035400006454438 ], [ -2042773.62660000170581, 1145624.366199995391071 ], [ -2042069.268955787178129, 1144458.974477896466851 ], [ -2041609.457599998917431, 1143698.195700002834201 ], [ -2041588.290900000138208, 1142872.694100010208786 ], [ -2041990.45829999493435, 1142661.027000004425645 ], [ -2042404.091700000222772, 1142854.055925795808434 ], [ -2042574.834917196072638, 1142933.73609621077776 ], [ -2042942.960199998691678, 1143105.527900001034141 ], [ -2043747.295199997257441, 1144185.030000004451722 ], [ -2044953.797599997837096, 1145179.865299998782575 ], [ -2045592.544199998490512, 1145329.146899995394051 ], [ -2047018.265399995725602, 1146244.710599994286895 ], [ -2047999.50059999502264, 1146206.654499995987862 ], [ -2049205.80959999980405, 1146119.017599994782358 ], [ -2049268.875600000843406, 1146539.029699998442084 ], [ -2049425.493000001646578, 1146714.506300013046712 ], [ -2049675.962999997893348, 1146976.181399995461106 ], [ -2049551.741299999179319, 1147252.433200012426823 ], [ -2049521.56480000121519, 1147585.36900000507012 ], [ -2049928.331399998627603, 1147810.090299998410046 ], [ -2050365.197599995881319, 1147913.986700003966689 ], [ -2050179.987799996975809, 1148466.280300009530038 ], [ -2050398.960600002203137, 1148730.950699995271862 ], [ -2050427.476799994241446, 1148753.969800001941621 ], [ -2049695.140399997122586, 1149709.541100010741502 ], [ -2048895.656724757980555, 1149528.70548806572333 ] ] ] } },
{ "type": "Feature", "properties": { "ID": 1064, "YEAR": "2014-2015", "Perimtr_KM": 5.2146686441799996, "AREA_KM": 1.11588871965, "SCALE": 1, "THICKNES_M": 283.38376617400002, "VOLUME_KM": 0.31622474801, "MASS_GT": 0.28997809392000001, "RECURRANCE": "3-4", "UA_KM": 0.02607334322, "UH_M": 23.5208524765, "UC_KM": 0.02419568787, "REGION": "East", "ICESHELF": "Hayes_Coats_Coast" }, "geometry": { "type": "Polygon", "coordinates": [ [ [ -700235.459131316281855, 1330774.641125085763633 ], [ -700235.464499994646758, 1330774.717000003438443 ], [ -700239.31650000018999, 1330862.113600003533065 ], [ -700240.567099997773767, 1330885.198199999053031 ], [ -700242.158399998676032, 1330905.876800001598895 ], [ -700244.145999999251217, 1330927.237700006458908 ], [ -700246.5658999979496, 1330947.140099998097867 ], [ -700249.431099998764694, 1330965.915600004605949 ], [ -700251.120499996002764, 1330984.280700003262609 ], [ -700253.377399997320026, 1331002.53069999627769 ], [ -700256.15599999576807, 1331020.006400007288903 ], [ -700259.46959999576211, 1331036.791200002189726 ], [ -700263.329999998677522, 1331052.943400009535253 ], [ -700267.752999997697771, 1331068.525900003965944 ], [ -700272.746199999935925, 1331083.561800004914403 ], [ -700278.32039999961853, 1331098.083699999842793 ], [ -700284.485399999190122, 1331112.116800006013364 ], [ -700289.401800001040101, 1331122.880799998994917 ], [ -700294.864900000859052, 1331135.366900001652539 ], [ -700314.550799997057766, 1331192.201599997002631 ], [ -700324.832499996293336, 1331218.051800007466227 ], [ -700331.770499997772276, 1331232.330200013238937 ], [ -700338.035299999173731, 1331247.208899999503046 ], [ -700343.3918999992311, 1331259.303200005088001 ], [ -700350.929399997927248, 1331271.766799995675683 ], [ -700357.240200002677739, 1331283.164800001308322 ], [ -700357.52927288133651, 1331283.556153742596507 ], [ -700365.83769999910146, 1331294.804300010669976 ], [ -700368.424899994861335, 1331299.656100004911423 ], [ -700372.389600001741201, 1331303.959699998609722 ], [ -700376.39559999993071, 1331307.996200006920844 ], [ -700381.290900001768023, 1331313.432600006926805 ], [ -700385.391899998765439, 1331316.946400004904717 ], [ -700388.202499996870756, 1331320.477400008589029 ], [ -700392.4037000015378, 1331323.472000005654991 ], [ -700397.503100002650172, 1331327.873300003819168 ], [ -700401.812499999068677, 1331330.35420000879094 ], [ -700406.178199996706098, 1331332.579799996688962 ], [ -700410.601999999955297, 1331334.55070000840351 ], [ -700415.930299998726696, 1331337.931600007228553 ], [ -700423.367600003723055, 1331341.024999992921948 ], [ -700433.88830000301823, 1331345.275699996389449 ], [ -700445.060599999502301, 1331349.231300014071167 ], [ -700455.788999998942018, 1331351.172299996949732 ], [ -700467.475000001024455, 1331354.377100003417581 ], [ -700476.729600003454834, 1331355.279299999587238 ], [ -700487.265699998475611, 1331355.956800012849271 ], [ -700465.734675176907331, 1331395.202415330335498 ], [ -700440.424467180855572, 1331441.336526215542108 ], [ -700124.062399994116277, 1332017.984600006602705 ], [ -699790.686800001654774, 1331700.483900002203882 ], [ -699282.685800001490861, 1331954.484400005545467 ], [ -699103.555000001564622, 1331327.995700008701533 ], [ -699112.989799999631941, 1331298.626500005368143 ], [ -699118.91509999986738, 1331284.76400000276044 ], [ -699125.374599997419864, 1331278.096200010739267 ], [ -699128.436099994927645, 1331264.497700009960681 ], [ -699131.349399996455759, 1331251.38520000083372 ], [ -699137.689100003335625, 1331245.909500002395362 ], [ -699140.761500000488013, 1331233.422100006602705 ], [ -699143.789600000251085, 1331221.371700006537139 ], [ -699149.987699997145683, 1331217.215599996969104 ], [ -699152.997400002554059, 1331205.989800008945167 ], [ -699156.020499996840954, 1331195.162900014780462 ], [ -699162.262699995189905, 1331192.201099994126707 ], [ -699165.351500000804663, 1331182.151400010101497 ], [ -699188.256799995433539, 1331165.119800005573779 ], [ -699213.006199998781085, 1331156.705199996940792 ], [ -699236.435799997765571, 1331149.424400000832975 ], [ -699258.431800000369549, 1331143.313599998597056 ], [ -699268.860599997919053, 1331140.705600003711879 ], [ -699278.90429999679327, 1331138.397100012283772 ], [ -699288.556000002659857, 1331136.38969999877736 ], [ -699297.810199999716133, 1331134.684500000905246 ], [ -699306.661099998746067, 1331133.282600003294647 ], [ -699315.105300002265722, 1331132.184500015340745 ], [ -699323.139199995901436, 1331131.390700007323176 ], [ -699330.759500000160187, 1331130.901399994734675 ], [ -699337.934999999124557, 1331130.717000010889024 ], [ -699344.695300000719726, 1331130.834900013636798 ], [ -699351.038300000596792, 1331131.255000004544854 ], [ -699356.962499996181577, 1331131.977399996481836 ], [ -699362.465999999083579, 1331133.001600012183189 ], [ -699367.547699998132885, 1331134.327600004617125 ], [ -699372.206699998117983, 1331135.955000002402812 ], [ -699376.441900001838803, 1331137.883400006685406 ], [ -699380.251799998804927, 1331140.112200010102242 ], [ -699383.636699996888638, 1331142.641200002282858 ], [ -699386.595799998845905, 1331145.469900014810264 ], [ -699389.128899994771928, 1331148.598000012338161 ], [ -699391.235399997793138, 1331152.025000005494803 ], [ -699392.915099998004735, 1331155.750399997923523 ], [ -699394.167899997439235, 1331159.773700006306171 ], [ -699394.993500002659857, 1331164.094400000758469 ], [ -699395.228599994909018, 1331167.037000003270805 ], [ -699395.199200002942234, 1331170.562399993184954 ], [ -699394.191100001800805, 1331183.244899997487664 ], [ -699394.009100002236664, 1331187.961100007873029 ], [ -699394.251500000245869, 1331192.304200009442866 ], [ -699394.993500002659857, 1331195.844400006812066 ], [ -699396.128600002266467, 1331198.717100009322166 ], [ -699397.689799998421222, 1331201.450100002810359 ], [ -699399.677799997851253, 1331204.045099994167686 ], [ -699402.093999997712672, 1331206.504000010900199 ], [ -699404.939199996180832, 1331208.827600010670722 ], [ -699408.217600001487881, 1331211.020199998747557 ], [ -699411.934000002685934, 1331213.084699997678399 ], [ -699416.096600000746548, 1331215.025799998547882 ], [ -699420.482600001618266, 1331216.763199998531491 ], [ -699425.300299998838454, 1331218.400600007735193 ], [ -699430.573700001463294, 1331219.946300004143268 ], [ -699436.355399998836219, 1331221.415600005537271 ], [ -699448.704799999017268, 1331224.013200011104345 ], [ -699469.076899999286979, 1331227.594499997328967 ], [ -699477.601699999533594, 1331228.857000007294118 ], [ -699486.55490000359714, 1331229.65489999903366 ], [ -699495.857699997723103, 1331229.981299998704344 ], [ -699501.357200001366436, 1331224.960200007539243 ], [ -699511.09000000031665, 1331224.338200005237013 ], [ -699516.825700001325458, 1331218.376100002788007 ], [ -699522.52729999832809, 1331211.957899996545166 ], [ -699532.159700000658631, 1331209.971800005994737 ], [ -699537.444800000172108, 1331202.707899994682521 ], [ -699542.419199995696545, 1331195.050000004470348 ], [ -699547.003499999642372, 1331187.022800001781434 ], [ -699555.193300000857562, 1331183.52360000833869 ], [ -699558.79249999858439, 1331174.837600014638156 ], [ -699565.888000002130866, 1331170.731199992820621 ], [ -699568.310099996160716, 1331161.48370001418516 ], [ -699574.152399994432926, 1331156.86310001090169 ], [ -699576.692099997308105, 1331154.526100002229214 ], [ -699575.062099998816848, 1331147.098400003276765 ], [ -699577.394299997482449, 1331144.320100012235343 ], [ -699579.631499997340143, 1331141.3115000044927 ], [ -699581.777699997648597, 1331138.067500004079193 ], [ -699583.843699999619275, 1331134.572500005830079 ], [ -699587.774499998427927, 1331126.760800005402416 ], [ -699586.943900001235306, 1331114.159600003622472 ], [ -699590.176499999128282, 1331105.170900004450232 ], [ -699593.168900000862777, 1331095.839200007729232 ], [ -699596.902599998749793, 1331065.265400010626763 ], [ -699599.436700001824647, 1331057.659400003962219 ], [ -699601.886200001928955, 1331050.976100005209446 ], [ -699604.916499997023493, 1331043.650799995288253 ], [ -699603.993900000117719, 1331032.215300008188933 ], [ -699607.303599998820573, 1331026.293799997773021 ], [ -699610.815200001467019, 1331020.955500001087785 ], [ -699614.655900002457201, 1331015.769999994430691 ], [ -699614.684700000099838, 1331005.723400014452636 ], [ -699623.653299999423325, 1330995.37500001071021 ], [ -699633.728200000710785, 1330984.955100005958229 ], [ -699645.05189999518916, 1330974.315599995199591 ], [ -699656.898899994790554, 1330964.039200002327561 ], [ -699666.508699994534254, 1330954.284200005233288 ], [ -699680.89399999845773, 1330943.118099996820092 ], [ -699704.652899998240173, 1330923.409300003666431 ], [ -699711.480700001586229, 1330916.980900003574789 ], [ -699723.309600000269711, 1330909.505400004796684 ], [ -699736.289900002535433, 1330902.19640000583604 ], [ -699746.69649999588728, 1330896.2061 ], [ -699759.753800001461059, 1330890.139100005384535 ], [ -699774.554599996190518, 1330883.703499997965991 ], [ -699820.780200000386685, 1330864.517700015567243 ], [ -699835.278000002726912, 1330857.97920000879094 ], [ -699853.236799997277558, 1330849.724600004497916 ], [ -699861.265900001395494, 1330845.724699995946139 ], [ -699864.826400001998991, 1330843.033699999563396 ], [ -699873.088599998969585, 1330838.353700004052371 ], [ -699878.396399999503046, 1330832.053800012450665 ], [ -699885.621200001332909, 1330827.240300002973527 ], [ -699886.00479999743402, 1330822.044800005387515 ], [ -699892.3358, 1330817.00180000346154 ], [ -699895.83520000288263, 1330810.254500005859882 ], [ -699897.375399996992201, 1330806.213599992915988 ], [ -699902.488399996887892, 1330800.723700008820742 ], [ -699905.215199995785952, 1330792.889500010292977 ], [ -699908.367899996228516, 1330786.672599999699742 ], [ -699912.811499998904765, 1330779.410599996801466 ], [ -699916.925499999895692, 1330771.622899997979403 ], [ -699919.085200000088662, 1330763.836100007407367 ], [ -699922.500199996400625, 1330752.608499995898455 ], [ -699924.078500000294298, 1330743.609000015072525 ], [ -699927.030999995302409, 1330733.372700004372746 ], [ -699929.20969999814406, 1330724.683499995153397 ], [ -699929.627999999560416, 1330715.960600000806153 ], [ -699931.573700000997633, 1330706.026900004595518 ], [ -699933.452500001527369, 1330695.225899999495596 ], [ -699936.51139999832958, 1330674.975000001955777 ], [ -699943.104599999263883, 1330623.665500003378838 ], [ -699945.08390000090003, 1330610.800800003577024 ], [ -699947.062600001227111, 1330599.319999998901039 ], [ -699949.342499997932464, 1330587.698100007604808 ], [ -699951.766599998343736, 1330576.96450000628829 ], [ -699954.294599997345358, 1330564.634100015740842 ], [ -699957.106799996457994, 1330555.251700004097074 ], [ -699960.121800001244992, 1330546.495900015346706 ], [ -699963.374999995809048, 1330538.250400007236749 ], [ -699966.880299999378622, 1330530.479800002183765 ], [ -699970.648699995595962, 1330523.159999994561076 ], [ -699974.615599997807294, 1330513.949100001715124 ], [ -699978.943700002972037, 1330507.47080001141876 ], [ -699981.621599997393787, 1330501.390700015239418 ], [ -699986.539799996186048, 1330495.709499998483807 ], [ -700008.551299998536706, 1330462.17740000365302 ], [ -700015.665099998004735, 1330454.565700005274266 ], [ -700018.793600000906736, 1330447.728100000414997 ], [ -700025.868599998764694, 1330440.843600003514439 ], [ -700032.621699999086559, 1330434.704000004101545 ], [ -700038.380100001115352, 1330427.999599998351187 ], [ -700042.091000000014901, 1330424.230500003322959 ], [ -700048.737699998542666, 1330419.678599996957928 ], [ -700055.240299997851253, 1330415.796500006690621 ], [ -700060.856099996715784, 1330411.34480000147596 ], [ -700067.129199997056276, 1330408.769100013189018 ], [ -700073.311199999414384, 1330406.83680000109598 ], [ -700076.778499997686595, 1330406.632400000933558 ], [ -700082.794799997471273, 1330405.98400000622496 ], [ -700088.737599996849895, 1330405.975999994203448 ], [ -700094.112399995792657, 1330406.406999998725951 ], [ -700102.344799995422363, 1330406.055000003892928 ], [ -700108.044599995482713, 1330407.072999997995794 ], [ -700113.707800002302974, 1330408.352099998854101 ], [ -700119.191100000403821, 1330409.858600008301437 ], [ -700124.408100003842264, 1330411.567300002090633 ], [ -700129.267000001389533, 1330413.448100002016872 ], [ -700133.699200001079589, 1330415.474200004246086 ], [ -700137.7744, 1330417.77590001327917 ], [ -700141.627199996262789, 1330420.513800001237541 ], [ -700145.265000000596046, 1330423.693299999460578 ], [ -700151.32549999980256, 1330426.237300015520304 ], [ -700154.558099997695535, 1330430.3210000093095 ], [ -700157.608100001234561, 1330434.879500008188188 ], [ -700160.489200000185519, 1330439.933100002352148 ], [ -700163.220800002571195, 1330445.515399998053908 ], [ -700169.764700000174344, 1330454.030000011902303 ], [ -700173.527499996125698, 1330465.305100009310991 ], [ -700179.640800001099706, 1330476.485299998894334 ], [ -700193.775100000668317, 1330508.246300002560019 ], [ -700196.77309999614954, 1330518.089600007049739 ], [ -700199.756700002588332, 1330526.465099999681115 ], [ -700205.281500001437962, 1330541.714699999429286 ], [ -700210.208799995947629, 1330557.493899995926768 ], [ -700214.549299996811897, 1330573.835999996867031 ], [ -700218.31470000045374, 1330590.785500015132129 ], [ -700221.512699997983873, 1330608.370399997103959 ], [ -700224.161999997682869, 1330626.68500000378117 ], [ -700226.275199998170137, 1330645.815899996552616 ], [ -700227.867199998814613, 1330665.896599996369332 ], [ -700228.774599995929748, 1330682.751300011761487 ], [ -700229.365500000305474, 1330700.468100006692111 ], [ -700231.279499995987862, 1330718.690399999730289 ], [ -700232.889299996197224, 1330738.322000007610768 ], [ -700235.459131316281855, 1330774.641125085763633 ] ] ] } },
{ "type": "Feature", "properties": { "ID": 1065, "YEAR": "2014-2015", "Perimtr_KM": 20.595989214399999, "AREA_KM": 21.827337546700001, "SCALE": 2, "THICKNES_M": 376.46446228000002, "VOLUME_KM": 8.2172168925199998, "MASS_GT": 7.5351878904399996, "RECURRANCE": "3-4", "UA_KM": 0.10297994607, "UH_M": 31.246550215199999, "UC_KM": 0.62873388746000003, "REGION": "East", "ICESHELF": "Rayner_Thyer" }, "geometry": { "type": "Polygon", "coordinates": [ [ [ 1838151.527461359277368, 1646194.440555701497942 ], [ 1840812.697200001217425, 1645495.758600011002272 ], [ 1839743.987522901035845, 1644921.172400000970811 ], [ 1838988.303100003860891, 1644514.882600008975714 ], [ 1838018.620309797115624, 1643626.168190200347453 ], [ 1837668.12009999807924, 1643304.934700002428144 ], [ 1837521.340186394751072, 1643206.007918083574623 ], [ 1837456.231499998830259, 1643162.125940904486924 ], [ 1836297.065499999560416, 1642380.870800005737692 ], [ 1834137.161900008097291, 1643554.19910000404343 ], [ 1833977.997600003145635, 1643248.895800000522286 ], [ 1833031.478400005958974, 1643907.275400007609278 ], [ 1832920.496917019598186, 1644028.231699998024851 ], [ 1832577.271500000730157, 1644402.305603040847927 ], [ 1832264.43819999974221, 1644743.255800000857562 ], [ 1832490.113030664622784, 1645033.724017370026559 ], [ 1832692.728600001893938, 1645294.512440539430827 ], [ 1833868.908532730303705, 1646808.384800001513213 ], [ 1834198.3004, 1647232.348200003150851 ], [ 1838151.527461359277368, 1646194.440555701497942 ] ] ] } },
{ "type": "Feature", "properties": { "ID": 1067, "YEAR": "2014-2015", "Perimtr_KM": 71.122869337699996, "AREA_KM": 209.205130446, "SCALE": 3, "THICKNES_M": 325.97883836300002, "VOLUME_KM": 68.196445402400002, "MASS_GT": 62.536140434000004, "RECURRANCE": "2-3", "UA_KM": 0.35561434669000003, "UH_M": 27.056243450699998, "UC_KM": 5.21799738156, "REGION": "East", "ICESHELF": "Totten" }, "geometry": { "type": "Polygon", "coordinates": [ [ [ 2325138.694121452979743, -1125097.432100001955405 ], [ 2326815.339066083543003, -1126583.436367452144623 ], [ 2327113.07530000526458, -1126847.318900001002476 ], [ 2324573.0702, -1130551.492899996927008 ], [ 2322350.565700002014637, -1135737.336600000271574 ], [ 2322879.733500005677342, -1139124.010100001236424 ], [ 2320445.56190000846982, -1139970.678399999625981 ], [ 2318963.892299998551607, -1143463.185400001239032 ], [ 2317164.721999999135733, -1143463.185399994486943 ], [ 2315153.884699997492135, -1144309.85379999759607 ], [ 2314219.1362767489627, -1144359.051079723285511 ], [ 2313574.326412866823375, -1144392.988437043502927 ], [ 2313484.787733183242381, -1144397.700998584507033 ], [ 2313223.114445162937045, -1144411.473275306168944 ], [ 2312519.41998525056988, -1144448.509821533225477 ], [ 2310930.142000000923872, -1144532.156021574046463 ], [ 2310856.34440001193434, -1144536.040105332853273 ], [ 2310412.168519451282918, -1144559.417780546238646 ], [ 2310382.090099741704762, -1144561.000855084508657 ], [ 2310246.756947919726372, -1144568.123651721747592 ], [ 2309960.804903953336179, -1144583.173757551936433 ], [ 2309955.909599998965859, -1144583.431405099574476 ], [ 2309927.11340591404587, -1144584.946994084632024 ], [ 2309606.204342817887664, -1144601.836942814989015 ], [ 2309299.426905408501625, -1144617.983121858211234 ], [ 2309176.632181046530604, -1144624.446001337142661 ], [ 2309121.372599998489022, -1144627.354400004260242 ], [ 2309065.744300006888807, -1144588.70613586390391 ], [ 2308600.391311118379235, -1144265.397941360482946 ], [ 2308589.297909024171531, -1144257.690700000617653 ], [ 2308501.570074614137411, -1144196.740994235500693 ], [ 2308425.589495145715773, -1144143.952800001017749 ], [ 2308093.870511778630316, -1143913.488038507057354 ], [ 2308024.913726711645722, -1143865.579688906203955 ], [ 2307927.994924679398537, -1143798.244475324172527 ], [ 2307826.800738547928631, -1143727.938900000182912 ], [ 2307482.939699998125434, -1143489.03833594173193 ], [ 2307460.195791537873447, -1143473.236799997510388 ], [ 2307454.639499998651445, -1143469.376516237389296 ], [ 2306889.921381555497646, -1143077.033499998273328 ], [ 2306677.34839999768883, -1142929.346500002546236 ], [ 2307514.011262262240052, -1142968.33232240867801 ], [ 2308049.638525093905628, -1142993.290845471434295 ], [ 2308398.939852161332965, -1143009.567173870047554 ], [ 2308456.31599999871105, -1143012.240719464840367 ], [ 2308760.379299997352064, -1143026.409099999349564 ], [ 2309071.919683166779578, -1142944.639216833515093 ], [ 2309193.784643434919417, -1142912.65336812264286 ], [ 2309472.422300002537668, -1142839.519450806081295 ], [ 2309482.629800002090633, -1142836.840292252367362 ], [ 2309880.64729515183717, -1142732.372795146657154 ], [ 2310199.542630412615836, -1142648.672460569767281 ], [ 2310213.709100007079542, -1142644.954192804172635 ], [ 2310325.951400003395975, -1142615.493999998318031 ], [ 2310325.770886238664389, -1142600.746100000105798 ], [ 2310323.648908527567983, -1142427.38139999913983 ], [ 2310322.781013089232147, -1142356.474702385021374 ], [ 2310317.88563338201493, -1141956.524208387127146 ], [ 2310314.767710371874273, -1141701.791189628187567 ], [ 2310313.431804657913744, -1141592.648246467113495 ], [ 2310310.119227590039372, -1141322.01207240507938 ], [ 2310306.609008273109794, -1141035.228608275065199 ], [ 2310306.49959999974817, -1141026.28999769105576 ], [ 2310305.679571390151978, -1140959.294000000925735 ], [ 2310299.588799995370209, -1140461.680500000715256 ], [ 2310079.024000003002584, -1140212.044460197445005 ], [ 2308617.130500006489456, -1138557.468100003199652 ], [ 2308201.674419781193137, -1135285.967835711082444 ], [ 2308139.327600014396012, -1134795.019099996658042 ], [ 2308414.115839013829827, -1134313.045337891438976 ], [ 2308834.619372366927564, -1133575.48949964903295 ], [ 2310059.139800003729761, -1131427.702099999878556 ], [ 2312409.730898522771895, -1130825.471674807369709 ], [ 2312465.761573598720133, -1130811.116401659790426 ], [ 2313055.659127157181501, -1130659.982393396552652 ], [ 2314065.490488294512033, -1130401.259738328866661 ], [ 2314340.5552649339661, -1130330.787091044010594 ], [ 2314761.737812323495746, -1130222.878512324066833 ], [ 2314810.750400003045797, -1130210.321299993200228 ], [ 2315064.181098866276443, -1130155.33009469253011 ], [ 2315148.279803698882461, -1130137.081756332190707 ], [ 2315524.834299997426569, -1130055.374269008170813 ], [ 2316524.70350000448525, -1129838.415500002447516 ], [ 2316601.155399999581277, -1129809.563723424449563 ], [ 2316617.066812363453209, -1129803.559000002220273 ], [ 2316668.745708358474076, -1129784.056175860809162 ], [ 2317013.498900002799928, -1129653.951599510386586 ], [ 2317058.346199997700751, -1129637.026915102265775 ], [ 2318415.488500008359551, -1129124.862188964150846 ], [ 2318438.40089999884367, -1129116.215399998007342 ], [ 2318358.790600005537271, -1128782.26745467283763 ], [ 2318284.624846205115318, -1128471.158200002042577 ], [ 2318173.386276850476861, -1128004.536523149115965 ], [ 2317965.421600005589426, -1127132.169800001662225 ], [ 2318227.057168878614902, -1127046.678568875417113 ], [ 2319335.491900001652539, -1126684.489856568397954 ], [ 2319492.748800003901124, -1126633.105077191488817 ], [ 2320169.166664564050734, -1126412.0808630741667 ], [ 2320463.979900010861456, -1126315.74860000028275 ], [ 2320799.736999997869134, -1126396.489674891578034 ], [ 2320841.42130268830806, -1126406.513693459797651 ], [ 2322146.52600000333041, -1126720.358303463319317 ], [ 2323185.583899999037385, -1126970.225400002207607 ], [ 2324501.582100002095103, -1125810.285199998877943 ], [ 2324727.83937631547451, -1124945.060976313427091 ], [ 2324772.797200009226799, -1124773.138999991584569 ], [ 2325138.694121452979743, -1125097.432100001955405 ] ] ] } },
{ "type": "Feature", "properties": { "ID": 1068, "YEAR": "2014-2015", "Perimtr_KM": 16.213465196200001, "AREA_KM": 8.9002026966500001, "SCALE": 1, "THICKNES_M": 543.68335342399996, "VOLUME_KM": 4.83889204827, "MASS_GT": 4.4372640082599997, "RECURRANCE": "1-2", "UA_KM": 0.08106732598, "UH_M": 45.125718111700003, "UC_KM": 0.37024401915, "REGION": "East", "ICESHELF": "Vincennes_Bay" }, "geometry": { "type": "Polygon", "coordinates": [ [ [ 2419431.6049042083323, -890847.03457332844846 ], [ 2419592.557293684221804, -891339.425179848447442 ], [ 2419636.139993890188634, -891472.754745564656332 ], [ 2419767.162997554056346, -891873.584434719989076 ], [ 2419778.939849579706788, -891909.612550429068506 ], [ 2419796.261830932460725, -891962.604499996639788 ], [ 2419798.074091258458793, -891968.148623719112948 ], [ 2419893.582650430500507, -892260.331408532569185 ], [ 2420138.379999996162951, -893009.223151123384014 ], [ 2420147.721925142221153, -893037.80226202821359 ], [ 2420163.702700006775558, -893086.691150559578091 ], [ 2420204.354921320453286, -893211.055703175254166 ], [ 2420214.348199998959899, -893241.627455269219354 ], [ 2420221.505052960477769, -893263.521924699889496 ], [ 2420407.064923538826406, -893831.192510498687625 ], [ 2420603.496511097997427, -894432.122194449650124 ], [ 2420765.552728484384716, -894927.889665990602225 ], [ 2420879.24000877328217, -895275.685365561395884 ], [ 2420919.087730925530195, -895397.588769070571288 ], [ 2421471.234300006181002, -897086.732899998314679 ], [ 2421105.917234427295625, -897040.244933925336227 ], [ 2420968.955275922082365, -897022.816011269111186 ], [ 2420903.570646315813065, -897014.495572045212612 ], [ 2420889.369069486856461, -897012.688368158880621 ], [ 2420804.356500007212162, -897001.870199998142198 ], [ 2420385.794670649804175, -897112.810750202508643 ], [ 2420302.642800007015467, -897134.850300000049174 ], [ 2420122.986499999649823, -896911.600600001402199 ], [ 2419682.570400001481175, -896808.537379286717623 ], [ 2419262.696900008246303, -896710.28139999625273 ], [ 2419334.168999996036291, -895576.979399994947016 ], [ 2419342.4085000064224, -895301.531500002602115 ], [ 2419364.546415535733104, -894939.28748446283862 ], [ 2419394.972699998877943, -894441.420399994356558 ], [ 2419116.38090000115335, -894458.310500000370666 ], [ 2419047.801100012846291, -893776.757299997610971 ], [ 2418683.432700001634657, -892648.660000001778826 ], [ 2418654.662992498837411, -892606.87845064420253 ], [ 2418155.028022157028317, -891881.270685234107077 ], [ 2418054.204000005498528, -891734.84639999922365 ], [ 2418110.041664839722216, -891694.506519560469314 ], [ 2418608.563300366513431, -891334.34992575715296 ], [ 2418916.524380167946219, -891111.863667141646147 ], [ 2419337.278882084414363, -890807.889882581308484 ], [ 2419403.233799997717142, -890760.240799997933209 ], [ 2419431.6049042083323, -890847.03457332844846 ] ] ] } },
{ "type": "Feature", "properties": { "ID": 1069, "YEAR": "2014-2015", "Perimtr_KM": 20.8433742904, "AREA_KM": 20.9643796374, "SCALE": 2, "THICKNES_M": 322.54244597100001, "VOLUME_KM": 6.7619022865099998, "MASS_GT": 6.2006643967299997, "RECURRANCE": "6-8", "UA_KM": 0.10421687145, "UH_M": 26.771022883600001, "UC_KM": 0.51738163503000001, "REGION": "East", "ICESHELF": "Vincennes_Bay" }, "geometry": { "type": "Polygon", "coordinates": [ [ [ 2407752.511534835211933, -853209.509014135226607 ], [ 2407954.330000001005828, -853330.234204235021025 ], [ 2408165.241000003181398, -853456.398430824279785 ], [ 2408370.225735385902226, -853579.017642733175308 ], [ 2409224.06629685126245, -854089.774000000208616 ], [ 2409226.377781577408314, -854091.156700203660876 ], [ 2410195.715400008484721, -854671.001899997005239 ], [ 2411333.495323977433145, -854808.914623978780583 ], [ 2413688.222400003112853, -855094.336100001819432 ], [ 2414222.969667625613511, -855747.916099998401478 ], [ 2414640.724300006404519, -856258.505099997855723 ], [ 2414094.976028165780008, -857224.044632215518504 ], [ 2414054.452783014625311, -857295.738483008928597 ], [ 2413787.360656598582864, -857768.278699994552881 ], [ 2413726.723073358647525, -857875.558900000527501 ], [ 2413442.243802445009351, -858378.860506867757067 ], [ 2413427.940699996426702, -858404.165600003674626 ], [ 2412066.67400000244379, -858315.302343375748023 ], [ 2411809.99797660857439, -858298.546576604712754 ], [ 2409720.384999997913837, -858162.1370000008028 ], [ 2409403.173499998636544, -857808.564300002530217 ], [ 2408828.281721919775009, -856436.335721915122122 ], [ 2408787.168700004927814, -856338.201663027284667 ], [ 2408786.308699996210635, -856336.14889999711886 ], [ 2408428.582682106643915, -856148.388731569284573 ], [ 2407937.337258807383478, -855890.54804119374603 ], [ 2407222.233300004154444, -855515.210399996954948 ], [ 2407394.075071129947901, -855162.367999997222796 ], [ 2407575.544308483600616, -854789.757540900493041 ], [ 2407694.531833099201322, -854545.440670339157805 ], [ 2407726.281858927570283, -854480.248399341711774 ], [ 2407974.318872330710292, -853970.954445225186646 ], [ 2407985.086399999447167, -853948.845500002382323 ], [ 2407543.62300000526011, -853084.554599997121841 ], [ 2407752.511534835211933, -853209.509014135226607 ] ] ] } },
{ "type": "Feature", "properties": { "ID": 1071, "YEAR": "2014-2015", "Perimtr_KM": 30.242882828700001, "AREA_KM": 24.935796121399999, "SCALE": 2, "THICKNES_M": 385.451318824, "VOLUME_KM": 9.6115355009200005, "MASS_GT": 8.8137780543400002, "RECURRANCE": "2-3", "UA_KM": 0.15121441414, "UH_M": 31.992459304600001, "UC_KM": 0.73541907911000004, "REGION": "West", "ICESHELF": "Getz" }, "geometry": { "type": "Polygon", "coordinates": [ [ [ -1245418.646314583951607, -1159943.917535342974588 ], [ -1245409.276199999032542, -1159948.578999992925674 ], [ -1245386.86019999650307, -1159958.597399996593595 ], [ -1245364.224899995373562, -1159969.523799999151379 ], [ -1245344.647199997678399, -1159981.390700002899393 ], [ -1245322.630699996603653, -1159993.267000003252178 ], [ -1245300.348399997223169, -1160006.007500001229346 ], [ -1245279.965699997963384, -1160020.474400001810864 ], [ -1245256.686700000427663, -1160033.731800000416115 ], [ -1245233.014800001168624, -1160047.958000001730397 ], [ -1245211.273800002411008, -1160064.684999992139637 ], [ -1245186.595699996920303, -1160081.046399995917454 ], [ -1245163.50529999868013, -1160099.623399996431544 ], [ -1245158.072227052645758, -1160104.131153886206448 ], [ -1245139.709600002970546, -1160119.366399998310953 ], [ -1245115.026599996490404, -1160140.455699995392933 ], [ -1245089.092699998989701, -1160163.258800003444776 ], [ -1245040.047299996484071, -1160206.915599999483675 ], [ -1244943.50789999961853, -1160302.453900000546128 ], [ -1244935.480799994897097, -1160308.577099998481572 ], [ -1244927.625900001497939, -1160317.3758 ], [ -1244919.836300001014024, -1160326.427299996139482 ], [ -1244914.850862940773368, -1160330.808368357131258 ], [ -1244912.004700002958998, -1160333.309499999275431 ], [ -1244904.334100002655759, -1160342.880300001008436 ], [ -1244896.536499997135252, -1160352.273100001970306 ], [ -1244888.86219999846071, -1160359.960499995853752 ], [ -1244881.3326, -1160370.357200002996251 ], [ -1244866.112099998630583, -1160389.128100002417341 ], [ -1244851.077700000721961, -1160411.571499997284263 ], [ -1244835.954300002427772, -1160432.939499998930842 ], [ -1244819.425299994414672, -1160455.336099993437529 ], [ -1244805.784600000130013, -1160476.343899992061779 ], [ -1244790.482200001599267, -1160495.741300002904609 ], [ -1244776.234599999850616, -1160519.594099997077137 ], [ -1244759.954000002238899, -1160542.548499998869374 ], [ -1244747.007699999026954, -1160563.329900002572685 ], [ -1244732.843199996743351, -1160588.925400003092363 ], [ -1244670.2382, -1160703.685799999395385 ], [ -1244654.920499997446314, -1160735.332800001371652 ], [ -1244640.864799994975328, -1160763.546500004129484 ], [ -1244626.247999999206513, -1160792.907100001117215 ], [ -1244612.169700000435114, -1160820.0097999968566 ], [ -1244598.38780000153929, -1160845.302899999311194 ], [ -1244584.767899999860674, -1160869.021599998697639 ], [ -1244577.659499997273088, -1160881.31629999843426 ], [ -1244570.106100000441074, -1160893.021000002045184 ], [ -1244568.073774439748377, -1160896.06815802375786 ], [ -1244562.54399999929592, -1160904.359200003789738 ], [ -1244555.411499997833744, -1160915.550600000657141 ], [ -1244546.921500000404194, -1160923.486200002254918 ], [ -1244539.724800003925338, -1160934.012800002470613 ], [ -1244532.037599999224767, -1160944.015600001672283 ], [ -1244523.4211, -1160950.994399997871369 ], [ -1244516.07009999663569, -1160960.599400001345202 ], [ -1244508.210799998836592, -1160969.702200000174344 ], [ -1244499.405799998203292, -1160975.800099996384233 ], [ -1244491.859399999724701, -1160984.531300002941862 ], [ -1244483.790100001730025, -1160992.776399999158457 ], [ -1244474.762200001860037, -1160998.030400000745431 ], [ -1244467.145199997583404, -1161006.491699998266995 ], [ -1244458.830200001597404, -1161013.91569999861531 ], [ -1244450.162199996877462, -1161018.561400001170114 ], [ -1244442.060200000414625, -1161025.215500003658235 ], [ -1244433.807300001848489, -1161031.726700002327561 ], [ -1244425.2991999972146, -1161036.710599999176338 ], [ -1244416.741699998266995, -1161042.938199999276549 ], [ -1244407.314299996709451, -1161046.872999997343868 ], [ -1244398.447799999732524, -1161052.820200001355261 ], [ -1244389.424999996554106, -1161058.628400002606213 ], [ -1244370.803399997996166, -1161068.445200002985075 ], [ -1244350.927600001683459, -1161076.94939999980852 ], [ -1244330.397500003222376, -1161084.914900003466755 ], [ -1244309.198499997379258, -1161092.349300000118092 ], [ -1244287.954799995757639, -1161100.015799996675923 ], [ -1244265.396299994783476, -1161106.401100001297891 ], [ -1244242.830299999099225, -1161114.432899997569621 ], [ -1244219.515599996782839, -1161121.967899999814108 ], [ -1244195.430499999783933, -1161129.013499998720363 ], [ -1244170.534200000111014, -1161135.581899994052947 ], [ -1244144.787699999520555, -1161141.683500002603978 ], [ -1244118.141799999866635, -1161147.329900002339855 ], [ -1244094.440200001234189, -1161149.997100000269711 ], [ -1244091.109151476994157, -1161150.318684058496729 ], [ -1244070.011300003156066, -1161152.355500002624467 ], [ -1244044.805699998047203, -1161154.413700002245605 ], [ -1244018.759000001475215, -1161156.181699996581301 ], [ -1243991.828399998834357, -1161157.66600000159815 ], [ -1243963.882599998731166, -1161158.883400003658608 ], [ -1243934.800799997057766, -1161159.847399996360764 ], [ -1243903.981300001731142, -1161158.812800004612654 ], [ -1243877.078399998834357, -1161158.981199999339879 ], [ -1243848.856599993305281, -1161159.010999996680766 ], [ -1243819.039399996167049, -1161158.920299997320399 ], [ -1243804.570783691015095, -1161158.838368844473734 ], [ -1243787.093400000594556, -1161158.739400002174079 ], [ -1243726.226099997526035, -1161161.341900001745671 ], [ -1243565.022799998521805, -1161162.23250000574626 ], [ -1243517.613899996504188, -1161162.262799999443814 ], [ -1243474.943999996874481, -1161161.957600004738197 ], [ -1243427.233399995602667, -1161162.460800002329051 ], [ -1243382.897499998798594, -1161163.384600001387298 ], [ -1243341.113899996737018, -1161165.969099991489202 ], [ -1243301.865399996982887, -1161170.499100000364706 ], [ -1243278.795399999711663, -1161173.54290000279434 ], [ -1243256.354299998143688, -1161176.80420000012964 ], [ -1243234.497399996500462, -1161180.289400003384799 ], [ -1243213.189499999629334, -1161184.004199996823445 ], [ -1243192.13839999656193, -1161187.22410000488162 ], [ -1243171.587199998088181, -1161190.340499999001622 ], [ -1243151.752699999837205, -1161194.776399997295812 ], [ -1243132.121199996443465, -1161198.386599999386817 ], [ -1243112.89680000115186, -1161202.257199995685369 ], [ -1243094.09160000202246, -1161206.385500001022592 ], [ -1243075.692300001624972, -1161210.775699996622279 ], [ -1243057.926899995654821, -1161216.849299997789785 ], [ -1243040.303700001211837, -1161221.7736 ], [ -1243023.054600001778454, -1161226.969900001538917 ], [ -1243006.418299996759742, -1161233.516000001225621 ], [ -1242989.89259999548085, -1161239.265399998286739 ], [ -1242967.782599998638034, -1161247.988800002494827 ], [ -1242945.671399999409914, -1161256.846700000111014 ], [ -1242923.542000001529232, -1161266.186999996192753 ], [ -1242901.247099996777251, -1161276.179499996826053 ], [ -1242879.428599998587742, -1161287.753499996848404 ], [ -1242857.558799997670576, -1161299.826900005107746 ], [ -1242835.487799998838454, -1161312.571100001456216 ], [ -1242813.475299996789545, -1161325.665600001113489 ], [ -1242791.393300000345334, -1161339.268700002459809 ], [ -1242769.062699997797608, -1161353.569800002267584 ], [ -1242746.353000001283363, -1161367.191899999510497 ], [ -1242723.353799998760223, -1161381.538400001358241 ], [ -1242700.707199999364093, -1161397.353100000414997 ], [ -1242677.333099998068064, -1161412.867700001224875 ], [ -1242653.861399997258559, -1161428.835299994796515 ], [ -1242629.812299998942763, -1161445.30820000404492 ], [ -1242608.0320999994874, -1161460.595599999185652 ], [ -1242585.737900000764057, -1161476.473899998702109 ], [ -1242563.329599996097386, -1161492.952000002609566 ], [ -1242540.311200001975521, -1161510.097900002263486 ], [ -1242517.087999995797873, -1161527.916600003605708 ], [ -1242493.111900001531467, -1161546.520899998489767 ], [ -1242468.728999999817461, -1161565.967899999348447 ], [ -1242443.560399999842048, -1161586.49629999906756 ], [ -1242398.259799997555092, -1161627.017899994272739 ], [ -1242348.302499995334074, -1161672.5679 ], [ -1242297.892200000351295, -1161717.704799999017268 ], [ -1242162.873399997828528, -1161835.59439999749884 ], [ -1242122.609000001568347, -1161871.157299999846146 ], [ -1242085.838400000939146, -1161901.592000003438443 ], [ -1242044.340200000908226, -1161937.262699992163107 ], [ -1242004.853700000559911, -1161968.914300001459196 ], [ -1241967.454700000816956, -1161999.512200004886836 ], [ -1241931.715699999593198, -1162029.30820000404492 ], [ -1241910.008399999234825, -1162046.998800002271309 ], [ -1241888.676699997158721, -1162064.068900001468137 ], [ -1241867.635500000556931, -1162080.583700003102422 ], [ -1241846.446100000757724, -1162095.51469999179244 ], [ -1241825.87550000124611, -1162111.004500000970438 ], [ -1241805.098099996568635, -1162124.954800001578405 ], [ -1241784.532900001155213, -1162138.411 ], [ -1241764.078899997053668, -1162151.445800000103191 ], [ -1241743.768999998923391, -1162164.033899993170053 ], [ -1241723.938400001963601, -1162177.280399999115616 ], [ -1241703.806399999652058, -1162189.053400001721457 ], [ -1241683.803100001532584, -1162200.388499999418855 ], [ -1241663.846899997675791, -1162211.294200000353158 ], [ -1241644.278099999763072, -1162222.920999999390915 ], [ -1241624.441599995363504, -1162233.044799991417676 ], [ -1241604.650299996836111, -1162242.786300001433119 ], [ -1241579.067100001033396, -1162255.133100000675768 ], [ -1241552.688200002070516, -1162267.223000001627952 ], [ -1241525.392799996305257, -1162279.08229999919422 ], [ -1241497.432699998607859, -1162291.860399996628985 ], [ -1241468.507599995005876, -1162304.464499999769032 ], [ -1241438.402699995553121, -1162316.95969999814406 ], [ -1241406.915199994808063, -1162329.401799996849149 ], [ -1241373.646800000453368, -1162340.851299994625151 ], [ -1241344.601399996085092, -1162349.146399999735877 ], [ -1241314.390599998412654, -1162358.591799997258931 ], [ -1241282.319799999706447, -1162368.270600001560524 ], [ -1241248.036200001137331, -1162378.476700003026053 ], [ -1241182.6598, -1162395.983300002058968 ], [ -1241064.52249999740161, -1162428.334899995708838 ], [ -1241019.272799999220297, -1162442.536899999715388 ], [ -1240973.780299997422844, -1162457.33110000169836 ], [ -1240932.590100002475083, -1162469.867400002432987 ], [ -1240887.260400002123788, -1162483.335500000277534 ], [ -1240845.564199999207631, -1162497.429500001482666 ], [ -1240805.860399999655783, -1162510.276199998566881 ], [ -1240786.872399997198954, -1162516.732199993450195 ], [ -1240768.75930000259541, -1162524.246899993158877 ], [ -1240747.362699999473989, -1162532.212100002914667 ], [ -1240726.454399995272979, -1162540.172699992079288 ], [ -1240706.190500000491738, -1162548.2597999968566 ], [ -1240686.864499999443069, -1162557.514699999708682 ], [ -1240667.620800000848249, -1162565.815800003707409 ], [ -1240648.853399997344241, -1162574.240599999437109 ], [ -1240630.822500000474975, -1162583.767099996795878 ], [ -1240612.949299994623289, -1162592.469700001645833 ], [ -1240595.888200000161305, -1162602.406500002136454 ], [ -1240579.237800000468269, -1162612.503699998836964 ], [ -1240562.85559999733232, -1162622.66739999759011 ], [ -1240546.991900002583861, -1162633.10689999256283 ], [ -1240531.505400000140071, -1162643.7281 ], [ -1240516.258599997265264, -1162654.434600002365187 ], [ -1240501.504399999743327, -1162665.43459999631159 ], [ -1240486.684599995380268, -1162675.599000001093373 ], [ -1240463.185099996626377, -1162692.957500001648441 ], [ -1240440.06509999721311, -1162710.74839999829419 ], [ -1240417.485099997837096, -1162729.802399992709979 ], [ -1240394.86380000016652, -1162748.256100000115111 ], [ -1240372.33469999814406, -1162766.893199998419732 ], [ -1240350.198399999877438, -1162785.986299995565787 ], [ -1240328.167800004128367, -1162805.2861 ], [ -1240306.964400000637397, -1162826.098200002685189 ], [ -1240285.432299997424707, -1162846.060699999099597 ], [ -1240264.18540000054054, -1162866.371799999615178 ], [ -1240243.151699998881668, -1162886.996999995084479 ], [ -1240222.403399999486282, -1162907.970799994654953 ], [ -1240202.446300000417978, -1162930.439599995967001 ], [ -1240182.207199997268617, -1162952.060300000710413 ], [ -1240162.319699997315183, -1162974.12750000320375 ], [ -1240143.00800000061281, -1162997.47510000038892 ], [ -1240123.945700000505894, -1163021.153999998001382 ], [ -1240105.234999997075647, -1163045.279599995817989 ], [ -1240086.671000000555068, -1163069.621199992485344 ], [ -1240068.458900001132861, -1163094.409499996341765 ], [ -1240050.393500002101064, -1163119.413899996783584 ], [ -1240032.119200000539422, -1163143.693400002550334 ], [ -1240014.196600000374019, -1163168.419699993217364 ], [ -1239996.878999999258667, -1163194.418000001925975 ], [ -1239979.352499995846301, -1163219.691700003342703 ], [ -1239962.194999997271225, -1163245.418500002240762 ], [ -1239945.642700000666082, -1163272.417399996891618 ], [ -1239928.807999994372949, -1163298.576699996599928 ], [ -1239912.839199998416007, -1163326.347099996870384 ], [ -1239909.905499996384606, -1163331.591700002085418 ], [ -1239899.59169999952428, -1163334.87470000050962 ], [ -1239887.929999999701977, -1163339.478600001661107 ], [ -1239876.361699997680262, -1163342.427499996265396 ], [ -1239865.678099998738617, -1163345.699300001608208 ], [ -1239855.438200000906363, -1163348.244399995077401 ], [ -1239845.201199997682124, -1163349.0133 ], [ -1239835.848799999803305, -1163350.105000003939494 ], [ -1239831.885799998417497, -1163350.258899998385459 ], [ -1239828.141999998129904, -1163350.070499994792044 ], [ -1239824.615000000223517, -1163349.539799992926419 ], [ -1239820.861900001298636, -1163347.616900004213676 ], [ -1239817.762099997838959, -1163346.4005000020843 ], [ -1239814.87239999929443, -1163344.839999997988343 ], [ -1239812.190499998861924, -1163342.934099991805851 ], [ -1239809.7139, -1163340.681399998953566 ], [ -1239807.443300002254546, -1163338.083100001094863 ], [ -1239805.373000000603497, -1163335.133999997051433 ], [ -1239803.676399995340034, -1163332.061099996557459 ], [ -1239801.999799999408424, -1163328.3999999971129 ], [ -1239800.517200000118464, -1163324.377000002656132 ], [ -1239799.225599998375401, -1163319.985099994344637 ], [ -1239798.12300000176765, -1163315.217099998379126 ], [ -1239797.207199994008988, -1163310.0635 ], [ -1239795.605600001290441, -1163299.012399999424815 ], [ -1239795.179299995070323, -1163287.93569999630563 ], [ -1239795.129099996993318, -1163275.208200002089143 ], [ -1239795.629700000630692, -1163260.838900001253933 ], [ -1239797.098999995272607, -1163247.210299995495006 ], [ -1239798.546300001908094, -1163230.178999998373911 ], [ -1239806.546799997566268, -1163155.473299992037937 ], [ -1239808.202599994372576, -1163137.611900001298636 ], [ -1239809.529099996900186, -1163121.815100000239909 ], [ -1239810.555599999381229, -1163104.092600000323728 ], [ -1239811.061099997255951, -1163087.892400003736839 ], [ -1239811.139299995731562, -1163073.047299997648224 ], [ -1239810.619100001873448, -1163059.208099997136742 ], [ -1239810.054400001186877, -1163051.339800001354888 ], [ -1239809.384899999713525, -1163043.937200001673773 ], [ -1239808.439199996646494, -1163036.770199997583404 ], [ -1239807.301099997712299, -1163029.938100001541898 ], [ -1239805.968799999216571, -1163023.431099997600541 ], [ -1239805.926962712779641, -1163023.261644460260868 ], [ -1239804.44139999919571, -1163017.244599999627098 ], [ -1239802.717400001594797, -1163011.373000000370666 ], [ -1239800.79559999704361, -1163005.811799997463822 ], [ -1239798.757000001147389, -1163000.660000002710149 ], [ -1239795.991399999707937, -1162994.65379999182187 ], [ -1239793.464400000171736, -1162989.998500003712252 ], [ -1239790.733899995451793, -1162985.642200002446771 ], [ -1239787.798399996478111, -1162981.582600001245737 ], [ -1239784.656899996567518, -1162977.8184 ], [ -1239781.308199999853969, -1162974.348299998091534 ], [ -1239777.751299999887124, -1162971.171000002184883 ], [ -1239772.603099999018013, -1162967.080299996538088 ], [ -1239766.632200001040474, -1162962.00449999817647 ], [ -1239760.568499999819323, -1162957.838600000133738 ], [ -1239754.080400000559166, -1162953.65850000246428 ], [ -1239747.187899998854846, -1162949.477699992014095 ], [ -1239739.494499999796972, -1162944.273699999554083 ], [ -1239724.091399997472763, -1162936.147400001063943 ], [ -1239707.183199997525662, -1162927.302999996813014 ], [ -1239690.645400000968948, -1162920.39809999265708 ], [ -1239682.517499994719401, -1162917.288200000533834 ], [ -1239674.670699997572228, -1162914.505199997453019 ], [ -1239667.219099995214492, -1162912.089500000700355 ], [ -1239660.273599998792633, -1162910.077199992723763 ], [ -1239652.698399995919317, -1162908.372799998847768 ], [ -1239645.614499998278916, -1162907.489499993855134 ], [ -1239642.255199995823205, -1162907.355600001756102 ], [ -1239639.016800002194941, -1162907.426800001878291 ], [ -1239635.898699995595962, -1162907.703000003471971 ], [ -1239632.900099999271333, -1162908.184400002006441 ], [ -1239630.020799997029826, -1162908.870999997714534 ], [ -1239627.259799995925277, -1162909.762900001835078 ], [ -1239624.616399996681139, -1162910.86040000198409 ], [ -1239622.089999998454005, -1162912.163700000150129 ], [ -1239619.679999999469146, -1162913.673200002172962 ], [ -1239617.385699994163588, -1162915.389200001489371 ], [ -1239615.206500001717359, -1162917.312200001906604 ], [ -1239613.141699995379895, -1162919.442899995250627 ], [ -1239611.194199997233227, -1162921.777199991513044 ], [ -1239609.274399999063462, -1162924.211000002687797 ], [ -1239607.551799999782816, -1162926.962599993683398 ], [ -1239605.940900001674891, -1162929.924299996113405 ], [ -1239603.051600001752377, -1162936.481700000818819 ], [ -1239600.601599998306483, -1162943.894000004511327 ], [ -1239598.587500000372529, -1162952.17070000176318 ], [ -1239596.476599999703467, -1162960.252000003587455 ], [ -1239595.235099998302758, -1162970.208599996753037 ], [ -1239594.502499999478459, -1162981.206099994713441 ], [ -1239594.225099995732307, -1162990.372000004164875 ], [ -1239594.199199999449775, -1163000.135999999009073 ], [ -1239594.339600000297651, -1163010.412900001974776 ], [ -1239594.817300000460818, -1163021.451999991666526 ], [ -1239595.54759999900125, -1163033.166200003586709 ], [ -1239596.449099995661527, -1163045.512299997033551 ], [ -1239599.741900003049523, -1163074.004599999403581 ], [ -1239602.806400000117719, -1163099.693699993658811 ], [ -1239606.787900000577793, -1163129.306499997619539 ], [ -1239624.4069, -1163247.731099997414276 ], [ -1239628.209199997363612, -1163274.742199992062524 ], [ -1239629.849570067599416, -1163287.377742597833276 ], [ -1239631.333999995142221, -1163298.81210000324063 ], [ -1239634.669499998912215, -1163325.727000003214926 ], [ -1239637.2379999991972, -1163350.381000002613291 ], [ -1239639.326599997468293, -1163373.524100001901388 ], [ -1239640.939800002379343, -1163395.366600001463667 ], [ -1239642.082599999615923, -1163419.363500001840293 ], [ -1239642.562500001862645, -1163441.885599998757243 ], [ -1239642.239599998109043, -1163462.820400000317022 ], [ -1239641.839200001675636, -1163472.816500001586974 ], [ -1239641.25530000240542, -1163482.47059999871999 ], [ -1239640.486600000178441, -1163491.799899997189641 ], [ -1239639.461900001391768, -1163500.684099996229634 ], [ -1239638.323199994396418, -1163509.357700000982732 ], [ -1239636.998699998250231, -1163517.710199998691678 ], [ -1239635.48759999522008, -1163525.746000000741333 ], [ -1239633.789399995934218, -1163533.467699994100258 ], [ -1239631.83250000141561, -1163540.763700003037229 ], [ -1239629.758299998473376, -1163547.865700001362711 ], [ -1239623.066499998560175, -1163568.781199999852106 ], [ -1239616.004900003317744, -1163589.487600000109524 ], [ -1239608.727400000439957, -1163610.18019999936223 ], [ -1239601.1023, -1163630.599199997959659 ], [ -1239592.856899996288121, -1163649.920899999095127 ], [ -1239584.711300001479685, -1163669.935999998589978 ], [ -1239576.3903, -1163689.829199996544048 ], [ -1239567.333399999886751, -1163708.329200000735 ], [ -1239558.555599995655939, -1163727.665899998508394 ], [ -1239549.421900001820177, -1163746.46559999557212 ], [ -1239539.80359999393113, -1163764.185100002912804 ], [ -1239530.302200002595782, -1163782.455499996431172 ], [ -1239520.635800000745803, -1163800.416100001661107 ], [ -1239510.337099998490885, -1163816.983399994904175 ], [ -1239500.343100001569837, -1163834.337900003418326 ], [ -1239490.168699999107048, -1163851.320700001204386 ], [ -1239479.376899994676933, -1163866.696999998763204 ], [ -1239468.90800000121817, -1163882.836600000970066 ], [ -1239458.191799994790927, -1163898.446400003507733 ], [ -1239446.993900002911687, -1163912.7803 ], [ -1239436.049300001934171, -1163927.719500003149733 ], [ -1239424.463699996238574, -1163941.097800003830343 ], [ -1239413.223000003024936, -1163955.207699996652082 ], [ -1239401.840099998516962, -1163968.895599996671081 ], [ -1239389.832100001629442, -1163980.995200001401827 ], [ -1239378.178599995793775, -1163993.823000000789762 ], [ -1239365.987100002821535, -1164005.199999997857958 ], [ -1239354.073, -1164017.157200002344325 ], [ -1239341.94999999506399, -1164028.532899998826906 ], [ -1239329.381299996282905, -1164038.590100004803389 ], [ -1239317.098699998809025, -1164049.21919999900274 ], [ -1239304.29239999782294, -1164058.38369999662973 ], [ -1239280.621599996462464, -1164075.580100001767278 ], [ -1239260.557599999243394, -1164091.063400002429262 ], [ -1239241.440099995117635, -1164104.019000004045665 ], [ -1239223.648699995363131, -1164116.594799999147654 ], [ -1239206.404, -1164128.43169999611564 ], [ -1239189.7556, -1164139.283800001023337 ], [ -1239173.51359999505803, -1164149.078999998047948 ], [ -1239157.783599996706471, -1164158.137299996800721 ], [ -1239141.762499998323619, -1164165.524800001876429 ], [ -1239126.375799997709692, -1164172.853500002762303 ], [ -1239111.045600001467392, -1164178.525400000158697 ], [ -1239096.403099998366088, -1164184.327400000300258 ], [ -1239081.65910000144504, -1164188.309299999149516 ], [ -1239067.490299999481067, -1164192.290400000987574 ], [ -1239053.299900000914931, -1164194.612199996830896 ], [ -1239039.763799997977912, -1164197.093799994327128 ], [ -1239032.049699997296557, -1164198.068299995036796 ], [ -1239023.704899997217581, -1164197.661400003358722 ], [ -1239015.49800000176765, -1164197.846700002904981 ], [ -1239007.02070000115782, -1164197.638400001684204 ], [ -1238997.86989999958314, -1164196.050199997844175 ], [ -1238988.793400002410635, -1164195.053199999034405 ], [ -1238979.36829999438487, -1164193.657499995781109 ], [ -1238969.157499994849786, -1164190.870099995285273 ], [ -1238959.62099999957718, -1164188.822099996032193 ], [ -1238949.719899997347966, -1164186.554499997757375 ], [ -1238938.776100000133738, -1164182.748399996897206 ], [ -1238927.496500000124797, -1164179.485499998554587 ], [ -1238904.603099998319522, -1164171.423999996157363 ], [ -1238861.408999998820946, -1164156.258999999379739 ], [ -1238843.719999994849786, -1164149.66769999358803 ], [ -1238825.568300000857562, -1164143.457200000993907 ], [ -1238809.756399998674169, -1164139.224400002276525 ], [ -1238800.556399998720735, -1164137.065700001548976 ], [ -1238791.413600002415478, -1164134.278099998366088 ], [ -1238783.046100001316518, -1164132.821299997391179 ], [ -1238775.021100000943989, -1164131.701900000451133 ], [ -1238767.293400001944974, -1164130.913999999640509 ], [ -1238759.849199996562675, -1164130.457000001100823 ], [ -1238752.666699999477714, -1164130.329499999294057 ], [ -1238745.729699997697026, -1164130.531200000550598 ], [ -1238738.921400000341237, -1164131.010699997656047 ], [ -1238732.18789999675937, -1164131.713499999139458 ], [ -1238725.528099996270612, -1164132.639799994183704 ], [ -1238718.941299999598414, -1164133.789600003510714 ], [ -1238712.426500000292435, -1164135.163100002100691 ], [ -1238705.982799996621907, -1164136.760499999858439 ], [ -1238699.609099997440353, -1164138.581999999238178 ], [ -1238692.962799997301772, -1164139.700599999167025 ], [ -1238686.7268, -1164141.971099992282689 ], [ -1238680.459900001296774, -1164144.311199998017401 ], [ -1238674.356699998723343, -1164147.032299992628396 ], [ -1238668.318299998994917, -1164149.979500001762062 ], [ -1238662.001899994211271, -1164152.225799997569993 ], [ -1238656.089500000234693, -1164155.626799996709451 ], [ -1238650.121399998897687, -1164159.073600003262982 ], [ -1238644.329799995291978, -1164162.931399998255074 ], [ -1238638.60530000156723, -1164167.012499997857958 ], [ -1238632.560700000496581, -1164170.368400002364069 ], [ -1238626.948399997781962, -1164174.910599997732788 ], [ -1238621.389800002565607, -1164179.685299998382106 ], [ -1238615.883699998725206, -1164184.693600001744926 ], [ -1238610.294999998761341, -1164189.753699997439981 ], [ -1238599.034699995070696, -1164199.815900002140552 ], [ -1238588.451199998846278, -1164211.975199999753386 ], [ -1238577.653399995993823, -1164224.162200003862381 ], [ -1238567.24290000135079, -1164238.127599998842925 ], [ -1238556.96980000147596, -1164253.131999996956438 ], [ -1238548.439799999818206, -1164265.260799997951835 ], [ -1238540.333299994003028, -1164279.075999996857718 ], [ -1238532.138899999205023, -1164293.470299998996779 ], [ -1238524.067699999781325, -1164308.848499991232529 ], [ -1238515.611299996264279, -1164324.099800003226846 ], [ -1238507.363399996655062, -1164341.03740000189282 ], [ -1238499.142799998400733, -1164359.150399998528883 ], [ -1238490.259599999058992, -1164377.21669999952428 ], [ -1238475.892599998274818, -1164411.9611 ], [ -1238459.792599995154887, -1164450.481900001643226 ], [ -1238444.596599998418242, -1164490.191599994897842 ], [ -1238404.411199997877702, -1164594.805799991823733 ], [ -1238392.029599995585158, -1164624.748300001956522 ], [ -1238380.88579999608919, -1164652.082 ], [ -1238367.886400000192225, -1164681.413799999281764 ], [ -1238355.745000000810251, -1164709.282200004672632 ], [ -1238343.828899998450652, -1164735.205300000729039 ], [ -1238331.747999995481223, -1164758.654399998486042 ], [ -1238324.791999991284683, -1164772.540899995714426 ], [ -1238317.983155780471861, -1164785.148646290879697 ], [ -1238317.686799997696653, -1164785.69740000157617 ], [ -1238310.704499998828396, -1164798.59080000105314 ], [ -1238303.6922, -1164811.019000001018867 ], [ -1238296.49599999957718, -1164822.78089999454096 ], [ -1238289.394900003215298, -1164834.328999998513609 ], [ -1238282.238899996504188, -1164845.454100002767518 ], [ -1238275.021699994336814, -1164856.166199998464435 ], [ -1238267.585299998056144, -1164866.265800000168383 ], [ -1238260.21889999974519, -1164876.188799992902204 ], [ -1238252.774899997049943, -1164885.720700001344085 ], [ -1238244.84739999845624, -1164893.907899994868785 ], [ -1238237.234599995892495, -1164902.674499999033287 ], [ -1238229.389300001785159, -1164910.843800001312047 ], [ -1238221.592999996617436, -1164918.862100003985688 ], [ -1238214.580110846552998, -1164924.518523055594414 ], [ -1238213.298300003400072, -1164925.552400000859052 ], [ -1238189.284199997317046, -1164947.884400001959875 ], [ -1238164.818300000857562, -1164968.466600000392646 ], [ -1238140.582199997501448, -1164988.704799994826317 ], [ -1238116.2498000015039, -1165008.109000001335517 ], [ -1238092.16010000417009, -1165027.20019999705255 ], [ -1238068.267200000584126, -1165046.238500002538785 ], [ -1238044.338100002380088, -1165064.211699999403208 ], [ -1238020.345599999651313, -1165081.395300003467128 ], [ -1237996.409399998141453, -1165098.008699998026714 ], [ -1237972.714299994753674, -1165114.310400002403185 ], [ -1237949.214999998686835, -1165130.559799997601658 ], [ -1237925.664700000546873, -1165145.721299991942942 ], [ -1237902.195099997101352, -1165160.323699999134988 ], [ -1237878.64919999637641, -1165174.112599996617064 ], [ -1237855.778799996245652, -1165188.601400000974536 ], [ -1237832.99129999964498, -1165202.529399998951703 ], [ -1237810.124000003328547, -1165215.645699997665361 ], [ -1237787.073899996699765, -1165227.482099998276681 ], [ -1237764.109299994539469, -1165238.755900002317503 ], [ -1237741.656199995893985, -1165250.438299996778369 ], [ -1237718.70719999819994, -1165260.331999995512888 ], [ -1237696.003899998962879, -1165269.915499993599951 ], [ -1237673.814699996961281, -1165279.906300002010539 ], [ -1237651.289900001371279, -1165288.360900001833215 ], [ -1237628.855700000189245, -1165296.250500000314787 ], [ -1237606.34169999952428, -1165303.297899996163324 ], [ -1237584.516000000294298, -1165311.028200002619997 ], [ -1237562.344800001010299, -1165317.197800002526492 ], [ -1237540.26709999749437, -1165322.801300003193319 ], [ -1237518.283700000494719, -1165327.838399997446686 ], [ -1237496.833699997281656, -1165333.303800004068762 ], [ -1237475.041199999861419, -1165337.207700000377372 ], [ -1237465.157999995397404, -1165339.092499999795109 ], [ -1237454.206599998753518, -1165339.605000002775341 ], [ -1237442.96409999509342, -1165340.749399994267151 ], [ -1237430.79909999971278, -1165341.550800001947209 ], [ -1237418.931899995077401, -1165340.986199998995289 ], [ -1237406.135599998990074, -1165341.195000003557652 ], [ -1237359.6400000017602, -1165341.0178 ], [ -1237340.511800000909716, -1165340.267599997110665 ], [ -1237330.597199998097494, -1165340.609900001902133 ], [ -1237321.423700002487749, -1165341.126200001453981 ], [ -1237312.383600002620369, -1165340.863800000865012 ], [ -1237304.250100002856925, -1165341.755600000498816 ], [ -1237294.54020000086166, -1165342.863699999405071 ], [ -1237285.544999999459833, -1165344.568000002298504 ], [ -1237276.599599997978657, -1165345.640700003597885 ], [ -1237268.525699999649078, -1165348.016899992479011 ], [ -1237260.849100000690669, -1165350.747699997620657 ], [ -1237253.55679999710992, -1165353.838699999032542 ], [ -1237246.19759999983944, -1165356.335900001227856 ], [ -1237239.618700003484264, -1165360.171999995131046 ], [ -1237233.991999998455867, -1165363.84219999727793 ], [ -1237228.318299997365102, -1165367.811399993021041 ], [ -1237222.608299996936694, -1165372.072100000921637 ], [ -1237216.443299997365102, -1165375.652499998919666 ], [ -1237204.954200000502169, -1165385.545300002442673 ], [ -1237193.368900002446026, -1165396.117299997946247 ], [ -1237181.706, -1165406.894600002095103 ], [ -1237170.896299997810274, -1165419.31330000073649 ], [ -1237160.694699998712167, -1165432.164800000842661 ], [ -1237150.703299995744601, -1165443.886100002331659 ], [ -1237148.015599999111146, -1165448.013100000331178 ], [ -1237145.507799997925758, -1165452.274599998723716 ], [ -1237143.179000003729016, -1165456.67229999601841 ], [ -1237140.858800002373755, -1165460.926999998511747 ], [ -1237138.885199998505414, -1165465.602400000439957 ], [ -1237137.087900003185496, -1165470.420000000158325 ], [ -1237135.465599995339289, -1165475.382399991387501 ], [ -1237134.017700001364574, -1165480.492300000507385 ], [ -1237132.564200000371784, -1165485.44880000478588 ], [ -1237131.462900003883988, -1165490.858399999793619 ], [ -1237129.773199999239296, -1165502.157199998153374 ], [ -1237128.593299998901784, -1165513.847299996996298 ], [ -1237128.257099997252226, -1165526.548600001260638 ], [ -1237128.370199996978045, -1165538.836000001756474 ], [ -1237129.082199999131262, -1165551.935699995839968 ], [ -1237130.559599996777251, -1165566.231099997879937 ], [ -1237132.476599998306483, -1165581.375799991888925 ], [ -1237134.85469999560155, -1165596.09559999848716 ], [ -1237137.668499995721504, -1165612.270899998955429 ], [ -1237149.447699999669567, -1165671.73099999781698 ], [ -1237153.70549999945797, -1165695.297200001077726 ], [ -1237155.774500000523403, -1165707.957500000949949 ], [ -1237157.434199998388067, -1165719.621899992693216 ], [ -1237159.15739999897778, -1165731.506100000115111 ], [ -1237159.907900002552196, -1165741.476299998583272 ], [ -1237160.561199998250231, -1165753.5853 ], [ -1237160.658399999374524, -1165764.922299999278039 ], [ -1237160.200100000482053, -1165775.571100001689047 ], [ -1237159.183799998369068, -1165785.585499999579042 ], [ -1237156.969299999531358, -1165793.713799997698516 ], [ -1237154.818700001807883, -1165802.589400004362687 ], [ -1237152.092300001066178, -1165810.930000002728775 ], [ -1237148.78389999596402, -1165818.755000000586733 ], [ -1237145.35960000148043, -1165825.464300000108778 ], [ -1237141.555699996184558, -1165831.990800002822652 ], [ -1237137.188900000648573, -1165838.035299999173731 ], [ -1237132.6196, -1165844.206199992448092 ], [ -1237127.664099995512515, -1165850.203999993158504 ], [ -1237121.867100001079962, -1165855.027499993564561 ], [ -1237116.128599996911362, -1165860.692399999359623 ], [ -1237109.992199999047443, -1165866.197200002614409 ], [ -1237103.462099995929748, -1165871.539199997903779 ], [ -1237096.523999996483326, -1165876.731299998005852 ], [ -1237088.7188999960199, -1165880.772699993569404 ], [ -1237080.760699998121709, -1165885.378999999491498 ], [ -1237072.552499995566905, -1165890.153700000140816 ], [ -1237063.446599999675527, -1165893.797299993224442 ], [ -1237054.332399998093024, -1165898.32930000172928 ], [ -1237044.570099995704368, -1165902.467800000682473 ], [ -1237027.024599996395409, -1165908.61439999891445 ], [ -1237008.401900000171736, -1165915.553599996026605 ], [ -1236987.608399994671345, -1165921.345100001897663 ], [ -1236964.705799998948351, -1165927.099800005089492 ], [ -1236943.611499995924532, -1165932.617599998600781 ], [ -1236919.917799997609109, -1165938.798999999882653 ], [ -1236831.862300001317635, -1165957.851199997588992 ], [ -1236795.795499995350838, -1165964.885400000493973 ], [ -1236777.368299999274313, -1165969.941600001882762 ], [ -1236759.913599997293204, -1165973.895500000333413 ], [ -1236743.825500000268221, -1165978.506199997151271 ], [ -1236728.43329999758862, -1165982.477000000653788 ], [ -1236711.227899994235486, -1165988.29710000148043 ], [ -1236694.847999998135492, -1165993.584800001466647 ], [ -1236679.908699997002259, -1166000.063600002089515 ], [ -1236665.44599999813363, -1166005.771099992794916 ], [ -1236652.291499998653308, -1166012.731699997326359 ], [ -1236639.5263, -1166018.966499991947785 ], [ -1236627.826299994485453, -1166026.161500003421679 ], [ -1236616.921200001612306, -1166033.674499997170642 ], [ -1236594.040399998193607, -1166050.429599992930889 ], [ -1236571.667599995620549, -1166067.738399998517707 ], [ -1236550.0692, -1166086.289600000716746 ], [ -1236528.712799997068942, -1166104.706000002101064 ], [ -1236507.86439999518916, -1166123.676300002727658 ], [ -1236487.7904, -1166143.888799996813759 ], [ -1236468.422599997604266, -1166164.982699994463474 ], [ -1236449.364999995799735, -1166186.302799997851253 ], [ -1236439.287985943024978, -1166197.678726656595245 ], [ -1236430.56959999864921, -1166207.520899997325614 ], [ -1236412.528200000757352, -1166229.948499998543411 ], [ -1236394.74900000076741, -1166252.274199993582442 ], [ -1236377.478100002044812, -1166275.153599998680875 ], [ -1236360.961099998094141, -1166299.242700001224875 ], [ -1236344.706399996764958, -1166323.229600004153326 ], [ -1236328.988000003853813, -1166348.072900002123788 ], [ -1236313.732900002039969, -1166373.147300000302494 ], [ -1236299.030799997737631, -1166399.097999998135492 ], [ -1236284.837000001454726, -1166425.602499997243285 ], [ -1236271.106199995381758, -1166452.338299999013543 ], [ -1236257.928499998524785, -1166479.950499998638406 ], [ -1236245.214099999284372, -1166507.793900002725422 ], [ -1236233.267200000118464, -1166536.861300002085045 ], [ -1236222.029399994527921, -1166566.815800002776086 ], [ -1236210.620600000722334, -1166595.965799991739914 ], [ -1236200.180300001986325, -1166626.673099996289238 ], [ -1236198.670984839787707, -1166631.58573173568584 ], [ -1236190.466899997321889, -1166658.289000000571832 ], [ -1236180.56459999922663, -1166689.078499995870516 ], [ -1236171.648700001183897, -1166721.447199997259304 ], [ -1236163.459599999012426, -1166754.724499998614192 ], [ -1236155.358700000215322, -1166787.862 ], [ -1236147.506299996050075, -1166820.8828999993857 ], [ -1236140.622900004032999, -1166855.466700000921264 ], [ -1236200.162099996581674, -1166800.047999997623265 ], [ -1236191.3958, -1166815.510899997316301 ], [ -1236181.593199999071658, -1166829.078300000634044 ], [ -1236172.550799998920411, -1166844.18770000198856 ], [ -1236163.370499994140118, -1166859.120299998437986 ], [ -1236153.850799999199808, -1166873.537399992579594 ], [ -1236143.697500003501773, -1166886.736499997088686 ], [ -1236134.103099999018013, -1166901.13879999727942 ], [ -1236124.151700000511482, -1166915.002799996174872 ], [ -1236113.566799999214709, -1166927.648499997798353 ], [ -1236103.5584, -1166941.520599999697879 ], [ -1236093.4119999979157, -1166955.215799991739914 ], [ -1236082.412700003245845, -1166967.324599997373298 ], [ -1236071.990199997788295, -1166980.666400002781302 ], [ -1236061.429800000973046, -1166993.831299998564646 ], [ -1236050.23549999599345, -1167005.771400002297014 ], [ -1236039.179999997606501, -1167018.221299996599555 ], [ -1236028.205500001553446, -1167030.856000000843778 ], [ -1236412.482078340137377, -1167176.923347151838243 ], [ -1236826.213935477426276, -1167334.186938553582877 ], [ -1237251.33458485128358, -1167495.779523098375648 ], [ -1238016.034600002225488, -1167786.449600003194064 ], [ -1238324.183425725670531, -1167343.485697488533333 ], [ -1238439.831587695982307, -1167177.241477587493137 ], [ -1238965.862499998882413, -1166421.072099996497855 ], [ -1239633.319096224149689, -1166045.148259541718289 ], [ -1240015.171089776558802, -1165830.082188256783411 ], [ -1240524.141679647145793, -1165543.420583734754473 ], [ -1244720.56150000100024, -1163179.919700003229082 ], [ -1245480.709799999371171, -1163196.444699998479337 ], [ -1245881.015528796473518, -1162332.392334833042696 ], [ -1246400.95103804464452, -1161210.121344981947914 ], [ -1246430.341007156530395, -1161146.683650997234508 ], [ -1246538.532578941900283, -1160913.154183973092586 ], [ -1246642.837999997427687, -1160688.012899999506772 ], [ -1246605.920800001360476, -1160692.090500003425404 ], [ -1246568.901, -1160695.730300000170246 ], [ -1246534.031300000147894, -1160702.570700002135709 ], [ -1246499.215300000971183, -1160708.950800005346537 ], [ -1246464.525300000328571, -1160714.857299991883337 ], [ -1246430.028800000203773, -1160720.278799992986023 ], [ -1246395.795899996301159, -1160725.204300004290417 ], [ -1246361.881000001914799, -1160729.625999996205792 ], [ -1246326.416600001044571, -1160729.354499992914498 ], [ -1246291.379899997962639, -1160728.565699997358024 ], [ -1246257.823800001526251, -1160729.342399997869506 ], [ -1246223.826599997933954, -1160727.503000000491738 ], [ -1246190.39350000070408, -1160725.135399997467175 ], [ -1246173.324609969742596, -1160724.703266710042953 ], [ -1246158.525599998887628, -1160724.328599998960271 ], [ -1246126.337599996710196, -1160720.898800002178177 ], [ -1246095.783399996347725, -1160719.027399991638958 ], [ -1246066.893599999137223, -1160718.714400001335889 ], [ -1246038.733199998503551, -1160717.868899998720735 ], [ -1246012.822099999757484, -1160716.581700001610443 ], [ -1245987.604099998716265, -1160714.820900001330301 ], [ -1245963.097400000784546, -1160712.587799998698756 ], [ -1245939.318199997767806, -1160709.883900003042072 ], [ -1245916.282999996794388, -1160706.711100002517924 ], [ -1245893.093699998455122, -1160700.763099994743243 ], [ -1245870.672899999888614, -1160694.349900000961497 ], [ -1245849.032199999550357, -1160687.473800001200289 ], [ -1245828.189800002845004, -1160680.139100001659244 ], [ -1245808.146299997577444, -1160672.346399997128174 ], [ -1245788.910400001332164, -1160664.098300001583993 ], [ -1245770.489499997580424, -1160655.397199993021786 ], [ -1245752.526299998397008, -1160647.108600003179163 ], [ -1245736.666599996155128, -1160639.817299992544577 ], [ -1245720.365699995774776, -1160630.635600002948195 ], [ -1245712.25700000138022, -1160624.293099992442876 ], [ -1245705.268699996871874, -1160620.148300001164898 ], [ -1245698.504800001624972, -1160615.902199998032302 ], [ -1245690.676300000865012, -1160610.101599996443838 ], [ -1245684.334, -1160605.637299999129027 ], [ -1245678.203099997481331, -1160601.064299999736249 ], [ -1245672.284200001507998, -1160596.383100002072752 ], [ -1245665.667599993990734, -1160589.285800001816824 ], [ -1245659.808600000105798, -1160585.25190000096336 ], [ -1245654.527899998473004, -1160580.247699994593859 ], [ -1245648.550499998731539, -1160572.82860000198707 ], [ -1245643.331999999238178, -1160568.473800003761426 ], [ -1245638.692499998025596, -1160563.149699999717996 ], [ -1245634.267299996688962, -1160557.719500001287088 ], [ -1245630.056699995649979, -1160552.183600000105798 ], [ -1245626.060799999861047, -1160546.54230000404641 ], [ -1245621.914899997180328, -1160541.658799996832386 ], [ -1245618.349300000118092, -1160535.807599998312071 ], [ -1245614.99949999875389, -1160529.852699996903539 ], [ -1245611.500100002856925, -1160524.65659999102354 ], [ -1245608.58139999746345, -1160518.493700002552941 ], [ -1245605.878599999472499, -1160512.227300000144169 ], [ -1245603.391699995612726, -1160505.857599993236363 ], [ -1245600.755799998063594, -1160500.247899997979403 ], [ -1245598.701100001111627, -1160493.672600002260879 ], [ -1245596.86259999894537, -1160486.994899997022003 ], [ -1245594.87550000147894, -1160481.078099998412654 ], [ -1245593.469700002577156, -1160474.196699992287904 ], [ -1245592.280399999115616, -1160467.213700000895187 ], [ -1245590.942500000353903, -1160460.99239999987185 ], [ -1245590.186099996091798, -1160453.80730000208132 ], [ -1245589.646400003228337, -1160446.521500000264496 ], [ -1245588.958199999760836, -1160439.998199999565259 ], [ -1245588.851599995279685, -1160432.511899999110028 ], [ -1245588.616500003030524, -1160419.251699996879324 ], [ -1245588.998300002189353, -1160404.904600000474602 ], [ -1245589.262999996077269, -1160391.350500001572073 ], [ -1245590.135400001425296, -1160376.977200001711026 ], [ -1245591.241899999324232, -1160362.77650000480935 ], [ -1245592.578399999532849, -1160348.791000002995133 ], [ -1245594.138700000941753, -1160335.084400000981987 ], [ -1245595.917399999219924, -1160321.704400001559407 ], [ -1245597.89219999848865, -1160308.79490000102669 ], [ -1245600.071699998574331, -1160296.278799998573959 ], [ -1245602.451099996222183, -1160284.183400002075359 ], [ -1245605.026299994438887, -1160272.529700000304729 ], [ -1245607.792099998565391, -1160261.340100000379607 ], [ -1245610.745799996191636, -1160250.625200001290068 ], [ -1245613.883699995465577, -1160240.397900001844391 ], [ -1245617.20279999752529, -1160230.668699996778741 ], [ -1245619.530400002840906, -1160224.69260000414215 ], [ -1245622.227600000565872, -1160218.680100000696257 ], [ -1245625.294999998994172, -1160212.629499994218349 ], [ -1245628.733499999856576, -1160206.539099999703467 ], [ -1245634.743500000564381, -1160201.242400001734495 ], [ -1245638.927499999292195, -1160195.067099996842444 ], [ -1245643.486399997025728, -1160188.845699997851625 ], [ -1245650.086300002178177, -1160185.032100002514198 ], [ -1245657.595699995523319, -1160179.551299993647262 ], [ -1245663.287199996644631, -1160173.180600000545382 ], [ -1245669.363499996485189, -1160166.750899993581697 ], [ -1245679.692699995124713, -1160163.54909999971278 ], [ -1245686.551199997775257, -1160156.988600004697219 ], [ -1245693.8106, -1160150.353000001516193 ], [ -1245703.142499999143183, -1160146.091900001745671 ], [ -1245713.429099999368191, -1160140.117899999720976 ], [ -1245727.572200000984594, -1160132.531299994094297 ], [ -1245742.674499999266118, -1160124.687800003681332 ], [ -1245759.3433, -1160114.910399992950261 ], [ -1245776.640099995071068, -1160106.345000000437722 ], [ -1245799.202399999136105, -1160096.924100001109764 ], [ -1245820.664000001037493, -1160086.862199996830896 ], [ -1245842.675600001122802, -1160075.387900000903755 ], [ -1245898.803900001570582, -1160050.537700002314523 ], [ -1245927.6752, -1160035.65340000228025 ], [ -1245942.857299997704104, -1160026.566699997987598 ], [ -1245955.355600000126287, -1160017.412499998696148 ], [ -1245966.55889999633655, -1160010.047899997094646 ], [ -1245973.762614222476259, -1160003.808520511956885 ], [ -1245975.552200002828613, -1160002.258499999297783 ], [ -1245982.964699995471165, -1159995.010499999858439 ], [ -1245986.63760000327602, -1159992.61160000320524 ], [ -1245989.407900002785027, -1159989.276000001467764 ], [ -1245991.8140000004787, -1159986.044200000818819 ], [ -1245993.858499997062609, -1159982.9123 ], [ -1245995.544199995929375, -1159979.875999999465421 ], [ -1245996.873200001427904, -1159976.931699998211116 ], [ -1245997.848100000526756, -1159974.072200002381578 ], [ -1245998.467799995560199, -1159971.298600002890453 ], [ -1245998.733099997509271, -1159968.607900000177324 ], [ -1245998.644099997123703, -1159965.997899998910725 ], [ -1245998.200800001621246, -1159963.465899993665516 ], [ -1245997.402700000442564, -1159961.010299996938556 ], [ -1245996.249299997696653, -1159958.629099995596334 ], [ -1245994.739699997706339, -1159956.32070000236854 ], [ -1245992.148799996823072, -1159953.263199996901676 ], [ -1245988.952000001911074, -1159950.250700001837686 ], [ -1245985.151200000662357, -1159947.285100004868582 ], [ -1245980.749399999622256, -1159944.368799997260794 ], [ -1245975.749299996998161, -1159941.50349999871105 ], [ -1245970.15580000076443, -1159938.692199994809926 ], [ -1245963.974199996795505, -1159935.937499999767169 ], [ -1245957.21090000285767, -1159933.242399999406189 ], [ -1245949.860599998617545, -1159930.605299999471754 ], [ -1245941.943799996981397, -1159928.034499992150813 ], [ -1245933.47109999647364, -1159925.533300004433841 ], [ -1245924.455800001742318, -1159923.105599996633828 ], [ -1245904.856899999314919, -1159915.817599999485537 ], [ -1245883.304800000740215, -1159908.876999997301027 ], [ -1245859.113199997227639, -1159902.188799997791648 ], [ -1245833.355799997225404, -1159895.969999999506399 ], [ -1245806.421199995558709, -1159887.605099999113008 ], [ -1245778.831799994921312, -1159882.49140000063926 ], [ -1245751.054500001017004, -1159875.33730000234209 ], [ -1245723.958999999566004, -1159871.542800000403076 ], [ -1245698.3107, -1159868.470699996920303 ], [ -1245674.875500001013279, -1159866.133299996610731 ], [ -1245665.786099997814745, -1159863.857500004116446 ], [ -1245656.671700000530109, -1159864.462899995036423 ], [ -1245647.534300001338124, -1159865.280800002627075 ], [ -1245638.373500002315268, -1159866.311400001868606 ], [ -1245629.188700001686811, -1159867.554499997524545 ], [ -1245619.979400003328919, -1159869.010400003520772 ], [ -1245610.745099996915087, -1159870.679200004087761 ], [ -1245601.485099997138605, -1159872.560799994738773 ], [ -1245592.199399997014552, -1159874.655399998184294 ], [ -1245582.886800000909716, -1159876.963099999120459 ], [ -1245564.178199994843453, -1159882.218700001714751 ], [ -1245545.353600001428276, -1159888.32929999451153 ], [ -1245526.406499998411164, -1159895.296999995363876 ], [ -1245507.342899997951463, -1159903.118600002257153 ], [ -1245488.141300001414493, -1159911.802199997939169 ], [ -1245468.792699997313321, -1159921.351899992674589 ], [ -1245449.126299999887124, -1159929.548399998573586 ], [ -1245429.293200000189245, -1159938.620900003472343 ], [ -1245418.646314583951607, -1159943.917535342974588 ] ] ] } },
{ "type": "Feature", "properties": { "ID": 1072, "YEAR": "2014-2015", "Perimtr_KM": 40.704682648199999, "AREA_KM": 31.313665387499999, "SCALE": 2, "THICKNES_M": 355.25266295599999, "VOLUME_KM": 11.1242630158, "MASS_GT": 10.200949185500001, "RECURRANCE": "2-3", "UA_KM": 0.20352341324000001, "UH_M": 29.48597088, "UC_KM": 0.85116423510999994, "REGION": "West", "ICESHELF": "Getz" }, "geometry": { "type": "Polygon", "coordinates": [ [ [ -1404392.5128, -1068999.088999998988584 ], [ -1405761.863490729592741, -1069071.160110457101837 ], [ -1406527.459847527788952, -1069111.454667558893561 ], [ -1407413.234499996528029, -1069158.074400001438335 ], [ -1407403.544499998679385, -1069148.963899998459965 ], [ -1407377.912999999243766, -1069124.760999996913597 ], [ -1407352.666299998527393, -1069100.446499998914078 ], [ -1407327.364799999399111, -1069075.9761 ], [ -1407302.448000001022592, -1069051.393999993335456 ], [ -1407277.4766, -1069026.6561000039801 ], [ -1407252.889899999601766, -1069001.806400001980364 ], [ -1407228.468199995812029, -1068976.823100001551211 ], [ -1407203.991799998329952, -1068951.683800002327189 ], [ -1407179.899999996880069, -1068926.432899999897927 ], [ -1407155.753699997672811, -1068901.025999998673797 ], [ -1407132.260799998650327, -1068874.090100003406405 ], [ -1407109.18969999672845, -1068846.219799996353686 ], [ -1407086.19740000157617, -1068818.986299992073327 ], [ -1407063.321899997768924, -1068791.557000000961125 ], [ -1407040.898400000296533, -1068763.268000001087785 ], [ -1407018.613599998177961, -1068736.266799999400973 ], [ -1406995.622299995971844, -1068709.923500000499189 ], [ -1406973.168299995362759, -1068683.451399999670684 ], [ -1406950.879299998050556, -1068656.845399999758229 ], [ -1406928.383099997416139, -1068630.100900000659749 ], [ -1406906.424100000411272, -1068603.227400003466755 ], [ -1406884.2579, -1068576.215300002135336 ], [ -1406871.437174092745408, -1068560.127227011369541 ], [ -1406862.629000001121312, -1068549.074300000909716 ], [ -1406841.165000000968575, -1068521.799600003287196 ], [ -1406819.493799997260794, -1068494.386199997039512 ], [ -1406798.359999999869615, -1068466.843899997416884 ], [ -1406777.390999996569008, -1068439.167800003662705 ], [ -1406756.214899994432926, -1068411.353099999018013 ], [ -1406735.576100000645965, -1068383.409500000998378 ], [ -1406715.0105, -1068355.324099997058511 ], [ -1406695.448799998499453, -1068325.729600003454834 ], [ -1406675.598299990408123, -1068295.932999996235594 ], [ -1406655.907699995674193, -1068266.030399999348447 ], [ -1406636.192199997836724, -1068236.701999997952953 ], [ -1406616.773700000718236, -1068206.526499999687076 ], [ -1406589.36200000019744, -1068164.636900000972673 ], [ -1406527.770299999276176, -1068076.167200000490993 ], [ -1406502.27120000263676, -1068039.292099999729544 ], [ -1406486.630499998340383, -1068016.100599999306723 ], [ -1406472.039299998199567, -1067994.356500003486872 ], [ -1406458.65190000156872, -1067973.608799998182803 ], [ -1406445.880399997113273, -1067953.656500002369285 ], [ -1406432.351299999281764, -1067931.520099999150261 ], [ -1406419.673599998001009, -1067910.030099997995421 ], [ -1406407.777099999599159, -1067889.050399997737259 ], [ -1406396.602699998766184, -1067868.497899998910725 ], [ -1406386.104899995960295, -1067848.268700002226979 ], [ -1406376.259100002236664, -1067828.33599999640137 ], [ -1406366.826299996580929, -1067808.653700000373647 ], [ -1406358.225000003585592, -1067789.171799991978332 ], [ -1406351.098999996902421, -1067771.965700003085658 ], [ -1406344.56509999721311, -1067753.614399998448789 ], [ -1406338.116499999305233, -1067733.942100000334904 ], [ -1406331.847199995536357, -1067712.565100000938401 ], [ -1406326.991599997505546, -1067693.559700003592297 ], [ -1406321.701199998846278, -1067672.227300002239645 ], [ -1406305.643800001125783, -1067600.674400000832975 ], [ -1406299.481899998849258, -1067574.164200003724545 ], [ -1406292.651200000895187, -1067548.167999999132007 ], [ -1406286.081400000490248, -1067525.08139999746345 ], [ -1406282.116000001318753, -1067512.834999994607642 ], [ -1406278.049499999731779, -1067501.154399996856228 ], [ -1406273.858399997698143, -1067489.971700004069135 ], [ -1406270.036, -1067479.244199999608099 ], [ -1406265.540699996054173, -1067468.917000000597909 ], [ -1406260.9757999998983, -1067458.358700001146644 ], [ -1406256.128999997396022, -1067448.7803 ], [ -1406251.431999998865649, -1067438.926799994893372 ], [ -1406246.201799995964393, -1067429.415399998892099 ], [ -1406240.54289999557659, -1067419.287200002232566 ], [ -1406234.501899995142594, -1067409.774300003191456 ], [ -1406228.321899999165908, -1067399.649299995042384 ], [ -1406222.289899996714666, -1067390.143499999074265 ], [ -1406215.582899997476488, -1067380.012799999676645 ], [ -1406208.609499998390675, -1067369.875000003958121 ], [ -1406201.245000001741573, -1067360.33969999756664 ], [ -1406193.735599994892254, -1067350.18329999782145 ], [ -1406186.244499998167157, -1067340.018699997337535 ], [ -1406169.719999999273568, -1067320.216700002085418 ], [ -1406152.491500003263354, -1067299.709100001724437 ], [ -1406133.776299997232854, -1067279.014900001464412 ], [ -1406114.048999998020008, -1067259.77100000041537 ], [ -1406093.353099998785183, -1067240.242699996801093 ], [ -1406070.984900003299117, -1067220.301999999443069 ], [ -1406047.360300000756979, -1067199.81600000243634 ], [ -1406022.129000002052635, -1067178.944800001569092 ], [ -1405994.94810000108555, -1067156.919700001133606 ], [ -1405964.6154000016395, -1067133.216500001493841 ], [ -1405928.258299999404699, -1067105.151499998290092 ], [ -1405914.086199997458607, -1067094.620800001081079 ], [ -1405899.564300002530217, -1067084.327600000891834 ], [ -1405884.985099999466911, -1067074.282000000588596 ], [ -1405869.740899997297674, -1067064.447900003520772 ], [ -1405854.123999998439103, -1067054.835699999006465 ], [ -1405838.122900002403185, -1067045.43819999974221 ], [ -1405821.726399994920939, -1067036.248999994713813 ], [ -1405805.807300000451505, -1067026.099699998041615 ], [ -1405788.782599996542558, -1067016.741099992068484 ], [ -1405771.496400000527501, -1067006.989999996498227 ], [ -1405753.577300003031269, -1066997.990800002822652 ], [ -1405735.355899998219684, -1066988.57969999848865 ], [ -1405717.301600001286715, -1066979.412899993825704 ], [ -1405697.872799999080598, -1066970.875699997879565 ], [ -1405678.052299997769296, -1066961.956599997589365 ], [ -1405657.266399998683482, -1066954.232199998572469 ], [ -1405622.741700002225116, -1066942.099199995864183 ], [ -1405586.902100001927465, -1066930.215400000568479 ], [ -1405548.037599996896461, -1066918.210199993336573 ], [ -1405506.050799997290596, -1066905.969899993855506 ], [ -1405469.066300002159551, -1066895.679399999324232 ], [ -1405427.976699999533594, -1066884.634300003992394 ], [ -1405291.642300000879914, -1066844.456399998394772 ], [ -1405240.935299998847768, -1066828.726300002075732 ], [ -1405190.640599999343976, -1066814.281100002583116 ], [ -1405145.424999998183921, -1066801.122299996670336 ], [ -1405121.922899998724461, -1066793.949499996611848 ], [ -1405099.078599997330457, -1066786.719300004187971 ], [ -1405077.0484, -1066779.477799993008375 ], [ -1405055.746100003365427, -1066772.196500000543892 ], [ -1405035.077799999387935, -1066764.843000001274049 ], [ -1405015.011299999197945, -1066757.405299997888505 ], [ -1404995.782100000884384, -1066749.952099994756281 ], [ -1404976.788300002226606, -1066742.29679999826476 ], [ -1404948.552999996114522, -1066730.523299992550164 ], [ -1404919.993199998978525, -1066717.750999997602776 ], [ -1404891.481800002977252, -1066703.534999996656552 ], [ -1404861.932299999054521, -1066689.18540000426583 ], [ -1404831.89109999826178, -1066673.759300000499934 ], [ -1404801.150299998000264, -1066658.272900002775714 ], [ -1404769.135999996680766, -1066641.978000000817701 ], [ -1404735.592499998630956, -1066625.861900003626943 ], [ -1404678.556599998148158, -1066597.884299999801442 ], [ -1404615.198899995535612, -1066566.202799995196983 ], [ -1404554.433499998645857, -1066535.403700000606477 ], [ -1404407.942299994872883, -1066456.84089999855496 ], [ -1404331.648899995023385, -1066415.105099996319041 ], [ -1404292.18050000211224, -1066395.54989999695681 ], [ -1404255.360100002028048, -1066377.472500000381842 ], [ -1404219.934799997135997, -1066360.411999993724748 ], [ -1404185.877999998861924, -1066344.282500000670552 ], [ -1404149.4581, -1066327.29689999925904 ], [ -1404113.859199998900294, -1066311.125999996671453 ], [ -1404079.504899996565655, -1066295.832099999533966 ], [ -1404045.641399996122345, -1066281.2046 ], [ -1404012.749200001126155, -1066266.429700001142919 ], [ -1403980.61589999939315, -1066251.898599998792633 ], [ -1403949.134500002022833, -1066238.495599997695535 ], [ -1403917.956099997507408, -1066225.213499998440966 ], [ -1403878.430299998493865, -1066209.320099997567013 ], [ -1403837.760899998713285, -1066194.959699996747077 ], [ -1403795.714700000127777, -1066180.720300002489239 ], [ -1403752.480799998855218, -1066166.647000002674758 ], [ -1403708.286899997154251, -1066152.798099991632625 ], [ -1403662.306399997090921, -1066138.936099999118596 ], [ -1403614.887499997392297, -1066125.127700002631173 ], [ -1403565.397599996766075, -1066110.412200002698228 ], [ -1403523.170899994904175, -1066097.385899997316301 ], [ -1403478.581700000213459, -1066084.411900001112372 ], [ -1403431.809600000968203, -1066070.758600001456216 ], [ -1403381.247299999697134, -1066057.952900002012029 ], [ -1403285.642900002188981, -1066034.365100001916289 ], [ -1403042.977399998344481, -1065972.544600001303479 ], [ -1402973.460100000491366, -1065953.535599996568635 ], [ -1402910.83700000308454, -1065937.544300002045929 ], [ -1402841.752400001743808, -1065919.324499991722405 ], [ -1402777.053100001998246, -1065901.565399998798966 ], [ -1402716.032199998386204, -1065884.075299992458895 ], [ -1402657.722099997801706, -1065865.566199992317706 ], [ -1402524.182499996619299, -1065821.540900001535192 ], [ -1402279.04939999897033, -1065747.740500001935288 ], [ -1402183.40580000076443, -1065717.108100003097206 ], [ -1402086.144999998388812, -1065684.652099993545562 ], [ -1401998.466099999845028, -1065657.371900000609457 ], [ -1401897.110100003192201, -1065625.192899996414781 ], [ -1401802.285600001225248, -1065594.354399998439476 ], [ -1401757.461399998748675, -1065578.366099996725097 ], [ -1401713.372400002554059, -1065562.132500002160668 ], [ -1401670.280799997039139, -1065546.351899993373081 ], [ -1401628.3845999983605, -1065530.780699997209013 ], [ -1401582.630199999548495, -1065514.541499995626509 ], [ -1401537.64799999864772, -1065498.325700001092628 ], [ -1401493.574200001778081, -1065482.132300000172108 ], [ -1401450.56059999903664, -1065465.965800001751631 ], [ -1401408.11169999698177, -1065449.746099999407306 ], [ -1401366.405699999071658, -1065433.486799997510388 ], [ -1401325.793799996376038, -1065416.572299991734326 ], [ -1401285.721799995983019, -1065399.246699999319389 ], [ -1401246.386499998392537, -1065381.860899997409433 ], [ -1401207.410200000973418, -1065364.35959999775514 ], [ -1401168.952, -1065347.055699999677017 ], [ -1401131.113200000487268, -1065330.279900002526119 ], [ -1401093.621200001332909, -1065313.340599998366088 ], [ -1401056.64309999672696, -1065296.265800000866875 ], [ -1401020.344599996227771, -1065279.0827 ], [ -1400984.343299999134615, -1065261.712999999057502 ], [ -1400931.915299998829141, -1065235.88820000202395 ], [ -1400880.226000000722706, -1065209.092599996132776 ], [ -1400828.637300001690164, -1065181.3009 ], [ -1400777.247999996878207, -1065153.066999998874962 ], [ -1400726.04669999727048, -1065124.747900001006201 ], [ -1400674.514299999689683, -1065096.867499998304993 ], [ -1400623.506899998988956, -1065068.617199995554984 ], [ -1400587.61970000131987, -1065048.488699995912611 ], [ -1400561.082499996758997, -1065041.897599999792874 ], [ -1400524.616600001230836, -1065032.391099997796118 ], [ -1400488.552299998234957, -1065022.493000001413748 ], [ -1400452.540899998741224, -1065012.200700003188103 ], [ -1400416.857899998314679, -1065000.678999998839572 ], [ -1400381.40199999907054, -1064988.764399999752641 ], [ -1400346.35110000311397, -1064976.751800002297387 ], [ -1400311.461100000189617, -1064964.0959 ], [ -1400276.7276999973692, -1064951.311099997954443 ], [ -1400242.079899996751919, -1064938.661500001791865 ], [ -1400207.870799998287112, -1064925.635000000474975 ], [ -1400173.677500000223517, -1064912.199600001331419 ], [ -1400139.711499999044463, -1064898.371299993712455 ], [ -1400105.972699997015297, -1064884.15009999810718 ], [ -1400072.672499998938292, -1064869.552000004099682 ], [ -1400039.388299997197464, -1064854.54500000551343 ], [ -1400006.331300001358613, -1064839.145099998218939 ], [ -1399973.846599999116734, -1064822.848700000206009 ], [ -1399941.447299996390939, -1064805.880799994105473 ], [ -1399909.211500001139939, -1064788.77680000057444 ], [ -1399877.667999999364838, -1064770.998100003926083 ], [ -1399845.8867, -1064753.108399998396635 ], [ -1399814.254599996376783, -1064735.072899994440377 ], [ -1399783.175699999788776, -1064716.887900000670925 ], [ -1399751.936799998627976, -1064698.344899999210611 ], [ -1399720.925099996384233, -1064679.409000003244728 ], [ -1399690.527999999234453, -1064660.04529999778606 ], [ -1399659.970799999544397, -1064640.323500000638887 ], [ -1399636.914999994914979, -1064624.513100001495332 ], [ -1399612.899300001328811, -1064607.484600001014769 ], [ -1399588.1099, -1064589.06120000127703 ], [ -1399562.363000000827014, -1064568.930300003383309 ], [ -1399536.171999995596707, -1064547.316199998371303 ], [ -1399507.660200000973418, -1064522.9806999983266 ], [ -1399478.011699998984113, -1064497.375500000547618 ], [ -1399395.749100000131875, -1064425.467199999373406 ], [ -1399370.354300000937656, -1064403.8014 ], [ -1399347.255899997893721, -1064384.8881 ], [ -1399320.547299999510869, -1064363.471599999582395 ], [ -1399295.1601, -1064344.002300003077835 ], [ -1399270.742899998556823, -1064326.056099993176758 ], [ -1399247.329400000860915, -1064309.38669999781996 ], [ -1399225.01110000279732, -1064294.285600002156571 ], [ -1399202.422099998686463, -1064279.281599995912984 ], [ -1399179.852999998955056, -1064264.31660000118427 ], [ -1399156.721599996322766, -1064249.506599998800084 ], [ -1399133.318799995351583, -1064234.793399998918176 ], [ -1399109.935199999716133, -1064220.118500004522502 ], [ -1399085.951100000413135, -1064205.063200002536178 ], [ -1399061.707699997816235, -1064190.121600001351908 ], [ -1399037.204200001666322, -1064175.535000001313165 ], [ -1399012.719300002790987, -1064160.744799998356029 ], [ -1398987.656800003955141, -1064146.090700003551319 ], [ -1398962.387599998153746, -1064131.526300001190975 ], [ -1398937.016800000332296, -1064117.034399999538437 ], [ -1398911.155299998819828, -1064103.182900001294911 ], [ -1398885.018300001509488, -1064089.425700002815574 ], [ -1398858.604900000151247, -1064075.762499996460974 ], [ -1398832.094599998323247, -1064062.174500003224239 ], [ -1398805.13410000060685, -1064048.70190000301227 ], [ -1398777.895100001012906, -1064035.322199997259304 ], [ -1398750.376699998043478, -1064022.034799998393282 ], [ -1398722.750900000333786, -1064008.816900001140311 ], [ -1398694.67080000275746, -1063995.712699997704476 ], [ -1398637.757900001481175, -1063969.245499997632578 ], [ -1398579.486000001896173, -1063942.666900003794581 ], [ -1398520.34229999803938, -1063916.475699995644391 ], [ -1398459.837000001687557, -1063890.877099997829646 ], [ -1398398.521299999440089, -1063866.306700001237914 ], [ -1398376.610500001115724, -1063857.90120000182651 ], [ -1398354.403799999505281, -1063849.72429999965243 ], [ -1398331.892199997091666, -1063841.772700001718476 ], [ -1398309.065699995495379, -1063834.043000003322959 ], [ -1398285.915100001497194, -1063826.53200000221841 ], [ -1398262.577699998160824, -1063819.216100002638996 ], [ -1398238.939599995268509, -1063812.121699996991083 ], [ -1398214.735899996710941, -1063805.241199999582022 ], [ -1398190.103399995714426, -1063798.072099998127669 ], [ -1398165.099599996581674, -1063791.348999997600913 ], [ -1398139.631899998290464, -1063784.570300001651049 ], [ -1398113.723199997795746, -1063777.976800000295043 ], [ -1398087.504499999340624, -1063771.544700002064928 ], [ -1398060.643199995392933, -1063765.330399999395013 ], [ -1398033.448100001551211, -1063759.301299998536706 ], [ -1398005.576200000243261, -1063753.876700000138953 ], [ -1397978.834899996174499, -1063748.916200003586709 ], [ -1397951.50530000240542, -1063744.078000000445172 ], [ -1397923.535500000696629, -1063739.353000001516193 ], [ -1397894.8585, -1063734.72980000404641 ], [ -1397865.428699995623901, -1063730.200799994869158 ], [ -1397835.113399997819215, -1063725.745099997147918 ], [ -1397771.441600000252947, -1063716.982599996961653 ], [ -1397710.471200002124533, -1063708.258100001839921 ], [ -1397642.493299994617701, -1063698.99570000381209 ], [ -1397573.728700002655387, -1063690.449699998833239 ], [ -1397389.061000001616776, -1063670.174899997655302 ], [ -1397333.774599996395409, -1063663.867700000293553 ], [ -1397284.1701, -1063657.45199999702163 ], [ -1397227.781800003955141, -1063649.352099997922778 ], [ -1397175.170300000812858, -1063641.294799997238442 ], [ -1397125.287199998041615, -1063633.352200004039332 ], [ -1397077.647399998735636, -1063625.838099998887628 ], [ -1397048.857599999057129, -1063621.006999992299825 ], [ -1397020.873800000641495, -1063616.123899997211993 ], [ -1396993.378300001379102, -1063611.04770000022836 ], [ -1396966.452200001105666, -1063605.834800001000986 ], [ -1396940.0444, -1063600.475199994631112 ], [ -1396914.129199997521937, -1063594.963599995709956 ], [ -1396888.675099997315556, -1063589.293199994368479 ], [ -1396863.656000000890344, -1063583.458399997791275 ], [ -1396839.235499999718741, -1063577.012099993182346 ], [ -1396815.206799995619804, -1063570.390299990773201 ], [ -1396791.567899995716289, -1063563.869300003862008 ], [ -1396768.22389999916777, -1063556.874799998244271 ], [ -1396745.174400000600144, -1063549.683400000911206 ], [ -1396722.386599996592849, -1063542.52270000288263 ], [ -1396699.981699996395037, -1063534.941699997289106 ], [ -1396677.815200002165511, -1063527.384199996478856 ], [ -1396649.756799998925999, -1063517.741099996957928 ], [ -1396621.373700001742691, -1063507.625499998917803 ], [ -1396592.448699995875359, -1063496.903600001242012 ], [ -1396563.00069999974221, -1063485.609400003217161 ], [ -1396532.985199999297038, -1063473.726199995726347 ], [ -1396502.279999999096617, -1063461.206400001421571 ], [ -1396470.85790000250563, -1063448.062500000931323 ], [ -1396438.393900001654401, -1063434.112899992847815 ], [ -1396407.418499998748302, -1063420.318100001430139 ], [ -1396375.144499995512888, -1063405.322900004219264 ], [ -1396341.480699996929616, -1063389.446700002066791 ], [ -1396305.980800000717863, -1063372.21070000436157 ], [ -1396234.69699999759905, -1063337.432800001231954 ], [ -1396093.058000000659376, -1063269.819200000492856 ], [ -1396034.325800002319738, -1063242.081899997312576 ], [ -1395972.619499998865649, -1063213.390400003409013 ], [ -1395917.345499996328726, -1063187.245400001294911 ], [ -1395884.792800002498552, -1063172.287799996789545 ], [ -1395853.494099997216836, -1063158.284999998053536 ], [ -1395823.077999997418374, -1063144.852100001648068 ], [ -1395793.472700002137572, -1063132.072499994188547 ], [ -1395764.423999997787178, -1063120.082800000440329 ], [ -1395735.958299997728318, -1063109.006399997975677 ], [ -1395707.937299998244271, -1063098.323600003030151 ], [ -1395680.377099993871525, -1063088.154400002211332 ], [ -1395650.79140000231564, -1063077.587900002021343 ], [ -1395620.558600002666935, -1063067.114999995566905 ], [ -1395589.702599998330697, -1063056.860700002405792 ], [ -1395558.004799996968359, -1063046.516600005095825 ], [ -1395525.494199998443946, -1063036.210000002523884 ], [ -1395492.177200000267476, -1063025.551200002199039 ], [ -1395457.804200002690777, -1063014.853299999143928 ], [ -1395422.342899999115616, -1063003.986600002972409 ], [ -1395387.021800000686198, -1062993.499699999811128 ], [ -1395350.195899998303503, -1062982.6101 ], [ -1395311.31869999691844, -1062971.959599998546764 ], [ -1395269.854200002038851, -1062960.856199995381758 ], [ -1395185.989100001985207, -1062939.008899999549612 ], [ -1395020.931899995310232, -1062896.27749999682419 ], [ -1394952.127999997697771, -1062877.804400002351031 ], [ -1394880.393099996959791, -1062858.066799997817725 ], [ -1394816.137499998090789, -1062840.572600001469254 ], [ -1394778.470300001790747, -1062829.954000001540408 ], [ -1394742.342799996724352, -1062819.519499991787598 ], [ -1394707.5163999942597, -1062809.3337 ], [ -1394673.791199997067451, -1062799.070500000147149 ], [ -1394641.023099999176338, -1062788.918099992675707 ], [ -1394609.154099999694154, -1062778.494199995649979 ], [ -1394578.11919999984093, -1062767.877000000793487 ], [ -1394547.824000002117828, -1062757.33390000090003 ], [ -1394504.004099997458979, -1062741.258000003872439 ], [ -1394459.560899997130036, -1062724.14820000063628 ], [ -1394414.337599998572841, -1062706.286699998192489 ], [ -1394368.098499994259328, -1062687.527500002412125 ], [ -1394320.905199999222532, -1062667.648600002052262 ], [ -1394272.534599997801706, -1062646.67490000044927 ], [ -1394222.703899995423853, -1062624.249599999282509 ], [ -1394171.128200000151992, -1062600.477400001836941 ], [ -1394128.08959999633953, -1062579.579700003378093 ], [ -1394083.261700002010912, -1062557.411399998702109 ], [ -1394036.248899996746331, -1062533.87520000198856 ], [ -1393986.095699995756149, -1062508.285100005567074 ], [ -1393892.082400003680959, -1062460.850399998482317 ], [ -1393725.221000001067296, -1062375.545100001618266 ], [ -1393661.92429999820888, -1062342.894500000867993 ], [ -1393598.360000000102445, -1062310.187399995746091 ], [ -1393540.931100000161678, -1062281.113899999763817 ], [ -1393478.691100002499297, -1062250.685100003844127 ], [ -1393420.047499998938292, -1062222.735100001795217 ], [ -1393364.03400000394322, -1062196.903799996012822 ], [ -1393310.118799997260794, -1062172.689599996432662 ], [ -1393280.228499998338521, -1062159.623100004158914 ], [ -1393250.934299998683855, -1062146.89830000186339 ], [ -1393222.0772, -1062134.503199999220669 ], [ -1393193.607599998591468, -1062122.554899994749576 ], [ -1393165.430699998280033, -1062111.159300000639632 ], [ -1393137.621600000653416, -1062100.186 ], [ -1393110.118500001728535, -1062089.479300001636147 ], [ -1393082.888500000117347, -1062079.1641 ], [ -1393055.701200001873076, -1062069.593899999512359 ], [ -1393028.820199996232986, -1062060.275599998421967 ], [ -1393002.152499997289851, -1062051.328300002031028 ], [ -1392975.6733, -1062042.880700000561774 ], [ -1392949.383599997265264, -1062034.659100002609193 ], [ -1392923.262899996945634, -1062026.794000002089888 ], [ -1392897.224299996625632, -1062019.407099998090416 ], [ -1392871.405299995560199, -1062012.244300002465025 ], [ -1392857.194832622073591, -1062008.505540530662984 ], [ -1392855.146399999037385, -1062007.96659999853 ], [ -1392838.466899994527921, -1062003.845500000985339 ], [ -1392821.333699997980148, -1061999.872800002805889 ], [ -1392803.905099994968623, -1061995.755200001178309 ], [ -1392785.825800003483891, -1061991.927399999229237 ], [ -1392767.131999998353422, -1061988.212599992286414 ], [ -1392747.74309999588877, -1061984.595299993874505 ], [ -1392727.614999994868413, -1061980.928999999538064 ], [ -1392691.246699999086559, -1061975.011200001230463 ], [ -1392650.718000000808388, -1061968.902 ], [ -1392610.323299999348819, -1061963.638799997745082 ], [ -1392505.812400000169873, -1061950.405799998901784 ], [ -1392475.425900002010167, -1061946.341499999631196 ], [ -1392448.161499995971099, -1061942.709199997829273 ], [ -1392417.674699999392033, -1061938.084099998697639 ], [ -1392389.313599997200072, -1061933.406200000783429 ], [ -1392362.661999999545515, -1061928.3503 ], [ -1392337.461199997225776, -1061923.012899998342618 ], [ -1392307.959999996703118, -1061916.213100002147257 ], [ -1392279.806, -1061909.1524999930989 ], [ -1392252.809500003699213, -1061901.656999998725951 ], [ -1392226.967799994628876, -1061893.56579999695532 ], [ -1392214.343599998392165, -1061889.64029999752529 ], [ -1392201.987399995559826, -1061885.290499998256564 ], [ -1392189.859799997182563, -1061880.804400001652539 ], [ -1392177.892099998425692, -1061876.287599992472678 ], [ -1392166.136399999260902, -1061871.628200000617653 ], [ -1392154.587000001920387, -1061866.82389999856241 ], [ -1392143.106199997011572, -1061862.072199999820441 ], [ -1392131.951599996071309, -1061856.970600003143772 ], [ -1392112.57250000233762, -1061847.518500001169741 ], [ -1392093.101899998728186, -1061837.263099996605888 ], [ -1392073.499299997696653, -1061826.183099993737414 ], [ -1392053.712699997471645, -1061814.249100000131875 ], [ -1392033.576699996134266, -1061801.642299991799518 ], [ -1392013.251299998024479, -1061787.897900001145899 ], [ -1391992.513400001684204, -1061773.154199997894466 ], [ -1391971.227199999382719, -1061757.314900003140792 ], [ -1391952.93589999480173, -1061743.481799999484792 ], [ -1391934.132199998712167, -1061728.494100003736094 ], [ -1391914.656400000443682, -1061712.166899994947016 ], [ -1391893.851599996676669, -1061694.636500003980473 ], [ -1391855.087599999504164, -1061660.083299997029826 ], [ -1391783.397499999497086, -1061597.075599996838719 ], [ -1391755.110899997409433, -1061572.192200002958998 ], [ -1391726.012700001010671, -1061547.188999998150393 ], [ -1391699.313700001686811, -1061525.463499999372289 ], [ -1391684.077399999834597, -1061513.390900002093986 ], [ -1391669.383699998958036, -1061501.765999997733161 ], [ -1391654.856799998320639, -1061491.003599999239668 ], [ -1391640.832999997539446, -1061480.455500000389293 ], [ -1391627.041599997319281, -1061470.36850000382401 ], [ -1391613.378600000636652, -1061460.91640000208281 ], [ -1391599.97099999897182, -1061451.69440000038594 ], [ -1391586.710399998351932, -1061442.873699997086078 ], [ -1391546.890500000212342, -1061417.52799999830313 ], [ -1391507.134499996202067, -1061392.54420000128448 ], [ -1391467.5677, -1061367.653599992860109 ], [ -1391428.042900000931695, -1061343.245800001779571 ], [ -1391388.738700001034886, -1061318.950699997832999 ], [ -1391349.147799998521805, -1061295.598099995171651 ], [ -1391309.58149999869056, -1061272.689799994695932 ], [ -1391269.895899997791275, -1061250.5769000032451 ], [ -1391230.262200000928715, -1061228.963199996622279 ], [ -1391190.684799998998642, -1061207.886799991829321 ], [ -1391151.023800000781193, -1061187.625000001164153 ], [ -1391111.497400000691414, -1061167.831099995179102 ], [ -1391072.004699999233708, -1061148.672800003318116 ], [ -1391032.762100000167266, -1061129.802400002488866 ], [ -1390993.818699997616932, -1061111.246800002641976 ], [ -1390954.955199999269098, -1061093.513599992264062 ], [ -1390880.2584, -1061059.154899992281571 ], [ -1390684.49430000083521, -1060969.494999999878928 ], [ -1390635.738200001651421, -1060947.429799997014925 ], [ -1390591.885199999669567, -1060927.596899999771267 ], [ -1390541.600099999457598, -1060905.106900000479072 ], [ -1390494.949, -1060884.038299998035654 ], [ -1390450.24249999737367, -1060864.721900003030896 ], [ -1390407.024699997156858, -1060847.120199993485585 ], [ -1390359.294300003210083, -1060827.9735 ], [ -1390313.019599999068305, -1060810.331000002566725 ], [ -1390267.991899998160079, -1060794.301399995805696 ], [ -1390224.392299998784438, -1060779.240199999883771 ], [ -1390202.993599998066202, -1060772.15879999822937 ], [ -1390181.860299997264519, -1060765.376500001642853 ], [ -1390160.979399999137968, -1060758.889100001426414 ], [ -1390140.33989999932237, -1060752.6932 ], [ -1390119.96789999702014, -1060746.95630000368692 ], [ -1390099.99229999887757, -1060741.21349999983795 ], [ -1390080.230499997036532, -1060735.754200003342703 ], [ -1390060.8269999967888, -1060730.530099997064099 ], [ -1390039.88789999531582, -1060725.344599996926263 ], [ -1390019.188400002429262, -1060720.628600002732128 ], [ -1389998.841699995100498, -1060716.04180000256747 ], [ -1389978.552700001047924, -1060711.821399999782443 ], [ -1389958.466599997365847, -1060707.919799997005612 ], [ -1389938.645299998810515, -1060704.283699998632073 ], [ -1389918.798300000140443, -1060701.063300000969321 ], [ -1389898.905399996088818, -1060698.525600004475564 ], [ -1389879.426800000946969, -1060695.936500000534579 ], [ -1389860.128199999220669, -1060693.662600002717227 ], [ -1389841.005800001323223, -1060691.703499999130145 ], [ -1389822.055999999400228, -1060690.0587 ], [ -1389803.275299998233095, -1060688.728000002447516 ], [ -1389784.660799995996058, -1060687.711199996992946 ], [ -1389766.209800001233816, -1060687.008000003872439 ], [ -1389747.919399998616427, -1060686.6185 ], [ -1389729.770999997621402, -1060686.542699999641627 ], [ -1389711.778499997686595, -1060686.780900002922863 ], [ -1389693.939899998949841, -1060687.333299998892471 ], [ -1389676.252900001127273, -1060688.199999992502853 ], [ -1389659.13600000157021, -1060689.139800001634285 ], [ -1389641.956699997186661, -1060690.514600000809878 ], [ -1389624.898499997332692, -1060692.197600001003593 ], [ -1389607.984699997585267, -1060694.195400001946837 ], [ -1389591.212699996773154, -1060696.508299997542053 ], [ -1389574.581900000805035, -1060699.136600002180785 ], [ -1389558.349800002528355, -1060701.720199997071177 ], [ -1389541.997099996078759, -1060704.979599999729544 ], [ -1389525.781599995214492, -1060708.554900000803173 ], [ -1389509.701900001848117, -1060712.446600003866479 ], [ -1389493.756999995792285, -1060716.654700001934543 ], [ -1389477.91159999766387, -1060721.225000002654269 ], [ -1389462.363800001563504, -1060726.048099997453392 ], [ -1389446.170599996345118, -1060731.785799997858703 ], [ -1389429.30889999633655, -1060738.297499993117526 ], [ -1393518.116000001551583, -1063204.702399996574968 ], [ -1398121.875199996633455, -1066617.834199997596443 ], [ -1404392.5128, -1068999.088999998988584 ] ] ] } },
{ "type": "Feature", "properties": { "ID": 1076, "YEAR": "2014-2015", "Perimtr_KM": 81.349692830500004, "AREA_KM": 301.39980749, "SCALE": 3, "THICKNES_M": 290.572355614, "VOLUME_KM": 87.578452044000002, "MASS_GT": 80.309440524300001, "RECURRANCE": "3-4", "UA_KM": 0.40674846415, "UH_M": 24.117505397, "UC_KM": 6.7009963752499999, "REGION": "West", "ICESHELF": "Getz" }, "geometry": { "type": "Polygon", "coordinates": [ [ [ -1345354.540100002661347, -1059859.911299999803305 ], [ -1345337.32749999826774, -1059860.925600002286956 ], [ -1345317.035700000822544, -1059860.726800002390519 ], [ -1345299.789200002094731, -1059862.425900003639981 ], [ -1345282.522199997678399, -1059864.467799999285489 ], [ -1345265.232100000837818, -1059866.853100004373118 ], [ -1345247.91659999708645, -1059869.582300001755357 ], [ -1345230.574599996209145, -1059872.655399998417124 ], [ -1345213.201399999670684, -1059876.073400000343099 ], [ -1345195.79439999978058, -1059879.837000000523403 ], [ -1345178.350299996789545, -1059883.947199998190627 ], [ -1345160.8660000001546, -1059888.404699993086979 ], [ -1345143.338099998421967, -1059893.21070000063628 ], [ -1345125.736400002380833, -1059899.245700002415106 ], [ -1345108.083599999779835, -1059905.631600001594052 ], [ -1345090.403200001921505, -1059912.359099999768659 ], [ -1345072.663600001018494, -1059919.439500001724809 ], [ -1345054.860499997623265, -1059926.874499999452382 ], [ -1345036.988899999530986, -1059934.666099999565631 ], [ -1345019.044399995356798, -1059942.816300001693889 ], [ -1345001.021099998382851, -1059951.327799997292459 ], [ -1344982.91329999640584, -1059960.203200001269579 ], [ -1344964.714800002286211, -1059969.445700001670048 ], [ -1344946.425900002708659, -1059979.054699997417629 ], [ -1344928.03260000073351, -1059989.037500001024455 ], [ -1344909.527499999850988, -1059999.398200002731755 ], [ -1344885.350800001760945, -1060008.867999993264675 ], [ -1344863.82180000282824, -1060019.361600001109764 ], [ -1344842.153700003167614, -1060030.248699998017401 ], [ -1344820.335999995237216, -1060041.535799999721348 ], [ -1344798.356599997496232, -1060053.230400001164526 ], [ -1344761.994799996959046, -1060072.363999992609024 ], [ -1344725.13459999486804, -1060092.582199991680682 ], [ -1344687.707899995381013, -1060113.931899996707216 ], [ -1344646.459899995708838, -1060137.071799993747845 ], [ -1344610.246899999678135, -1060162.102800003020093 ], [ -1344570.169799995608628, -1060188.483000002335757 ], [ -1344529.036200002767146, -1060216.359000000637025 ], [ -1344486.598599998978898, -1060245.92689999891445 ], [ -1344453.057599996915087, -1060270.548400002298877 ], [ -1344414.750399995828047, -1060296.476799997733906 ], [ -1344376.68799999775365, -1060323.357500002952293 ], [ -1344340.40229999856092, -1060353.374199999030679 ], [ -1344272.305999998701736, -1060409.09420000272803 ], [ -1344106.764799999538809, -1060548.475500001106411 ], [ -1344058.217000001342967, -1060586.804299991810694 ], [ -1344013.984299997566268, -1060620.987299998290837 ], [ -1343970.914799998747185, -1060654.404900002526119 ], [ -1343930.358400000492111, -1060685.065499997697771 ], [ -1343886.147799996426329, -1060715.884900002041832 ], [ -1343841.322399998083711, -1060746.207600003806874 ], [ -1343797.582299999892712, -1060776.863299998221919 ], [ -1343758.415299998829141, -1060805.853999995160848 ], [ -1343720.441500002518296, -1060832.571199999889359 ], [ -1343701.765099998796359, -1060845.337799996836111 ], [ -1343683.033499998040497, -1060858.329799995757639 ], [ -1343664.452400000533089, -1060870.966299996711314 ], [ -1343646.0297, -1060883.241600001929328 ], [ -1343627.753600001567975, -1060895.163499993504956 ], [ -1343609.61369999544695, -1060906.738799993880093 ], [ -1343591.598999997600913, -1060917.974599999608472 ], [ -1343573.70209999778308, -1060928.875300001818687 ], [ -1343555.914700003806502, -1060939.445999996736646 ], [ -1343538.810800001258031, -1060948.873200002359226 ], [ -1343513.010999998543411, -1060963.326099992496893 ], [ -1343484.310299997217953, -1060979.821599997812882 ], [ -1343386.485299997264519, -1061032.897399998502806 ], [ -1343351.231600002618507, -1061051.6523999995552 ], [ -1343314.844500000355765, -1061070.657300000311807 ], [ -1343281.542300002649426, -1061087.312900001648813 ], [ -1343259.901700000278652, -1061097.04419999755919 ], [ -1343241.134599997429177, -1061106.373999999137595 ], [ -1343220.800099996617064, -1061115.525899998378009 ], [ -1343203.120200002100319, -1061124.391599998343736 ], [ -1343185.781200000550598, -1061132.784899997757748 ], [ -1343166.536999998614192, -1061140.485300002153963 ], [ -1343149.7738, -1061147.983100003562868 ], [ -1343131.022199996979907, -1061154.825999994529411 ], [ -1343098.282299995189533, -1061167.755800004815683 ], [ -1343064.145900000119582, -1061179.648100001504645 ], [ -1343030.319699998712167, -1061190.697699999203905 ], [ -1342999.558300001546741, -1061201.286699997493997 ], [ -1342966.85130000137724, -1061210.276200000895187 ], [ -1342937.201599997002631, -1061219.458199997898191 ], [ -1342908.059299998916686, -1061227.952699997462332 ], [ -1342879.397000001044944, -1061235.768299998948351 ], [ -1342851.129199998918921, -1061242.928499993635342 ], [ -1342823.300199996912852, -1061249.419200000585988 ], [ -1342795.892699998104945, -1061255.244900001212955 ], [ -1342768.893199995392933, -1061260.408600002294406 ], [ -1342742.380800002720207, -1061265.531200000783429 ], [ -1342716.254699998302385, -1061269.996300002094358 ], [ -1342690.505799999693409, -1061273.805300004081801 ], [ -1342665.126999997068197, -1061276.959500000579283 ], [ -1342625.267000003019348, -1061281.240700000431389 ], [ -1342541.486900004092604, -1061290.156800001394004 ], [ -1342504.864999996498227, -1061294.259199996711686 ], [ -1342467.188099996186793, -1061297.967299999203533 ], [ -1342433.301600000821054, -1061299.963099993765354 ], [ -1342414.324499997776002, -1061301.397700003813952 ], [ -1342396.098999996203929, -1061301.884599990909919 ], [ -1342378.598599998280406, -1061302.026900000404567 ], [ -1342361.831400000723079, -1061302.424199999542907 ], [ -1342345.586500001139939, -1061301.88310000160709 ], [ -1342329.916300000157207, -1061301.000699998578057 ], [ -1342314.860299998894334, -1061300.373200000962242 ], [ -1342300.324400000274181, -1061299.40249999682419 ], [ -1342285.052599996328354, -1061297.952499998500571 ], [ -1342270.354600002523512, -1061296.091399999801069 ], [ -1342256.213299997616559, -1061293.817099996842444 ], [ -1342242.615399997681379, -1061291.127499998547137 ], [ -1342229.546799994306639, -1061288.019699997035787 ], [ -1342217.000799996545538, -1061284.49179999739863 ], [ -1342204.969000000972301, -1061280.54149999958463 ], [ -1342193.496399997035041, -1061275.572299998719245 ], [ -1342182.465100002707914, -1061270.766500000609085 ], [ -1342171.982999995583668, -1061264.9365 ], [ -1342161.942899997578934, -1061259.269300000742078 ], [ -1342152.392699999501929, -1061253.168399998452514 ], [ -1342143.380299999378622, -1061246.036799998488277 ], [ -1342134.800499997800216, -1061239.061900003347546 ], [ -1342126.702500000363216, -1061231.647399997571483 ], [ -1342119.135799999115989, -1061223.196900001494214 ], [ -1342113.188000000780448, -1061216.453200004296377 ], [ -1342107.259799999417737, -1061209.265499998815358 ], [ -1342103.399200000800192, -1061202.024799991864711 ], [ -1342097.53190000122413, -1061193.975999992573634 ], [ -1342091.757300000404939, -1061184.916499991668388 ], [ -1342088.025099998805672, -1061176.434199998853728 ], [ -1342082.31479999772273, -1061167.185199996456504 ], [ -1342078.720699996687472, -1061157.954399992711842 ], [ -1342073.200099992798641, -1061147.358399995835498 ], [ -1342069.772899996954948, -1061137.420700000366196 ], [ -1342064.42419999698177, -1061126.811500003794208 ], [ -1342061.254700003424659, -1061116.332800001604483 ], [ -1342056.1976, -1061105.250699994154274 ], [ -1342053.361499997554347, -1061094.387699996586889 ], [ -1342050.7798999955412, -1061082.819700001971796 ], [ -1342046.33449999592267, -1061071.415800002170727 ], [ -1342049.077500001061708, -1061064.373999999836087 ], [ -1342047.021200003102422, -1061056.674499997170642 ], [ -1342045.378599999239668, -1061048.54640000173822 ], [ -1342049.362599995685741, -1061040.214100002078339 ], [ -1342048.536999997450039, -1061031.178599995793775 ], [ -1342053.330700000515208, -1061021.8849999953527 ], [ -1342053.308300000149757, -1061011.807199992705137 ], [ -1342062.027399997925386, -1061001.826400002231821 ], [ -1342062.649300002027303, -1060992.425000001676381 ], [ -1342068.771899998886511, -1060982.721399998757988 ], [ -1342069.970299998531118, -1060972.133400000166148 ], [ -1342076.699200001778081, -1060960.957199995871633 ], [ -1342083.152099999366328, -1060939.686500000301749 ], [ -1342091.987100000260398, -1060886.804400002583861 ], [ -1342094.102300000376999, -1060872.546299999812618 ], [ -1342095.712100000819191, -1060859.958800001069903 ], [ -1342097.067199998302385, -1060846.36309999669902 ], [ -1342097.83379999618046, -1060834.01880000019446 ], [ -1342098.02599999634549, -1060822.689899997087196 ], [ -1342097.645300001371652, -1060812.25669999467209 ], [ -1342097.127199998358265, -1060806.260699997656047 ], [ -1342096.391099996864796, -1060800.552999997511506 ], [ -1342095.435500000836328, -1060795.121000002138317 ], [ -1342094.258699997793883, -1060789.955000001005828 ], [ -1342092.858100000303239, -1060785.045000003185123 ], [ -1342091.232299996772781, -1060780.385899991495535 ], [ -1342089.379199996357784, -1060775.971799999242648 ], [ -1342087.296599996974692, -1060771.797799998195842 ], [ -1342084.97889999835752, -1060767.853899997426197 ], [ -1342079.302599996328354, -1060763.687900001415983 ], [ -1342076.514000000199303, -1060760.206800001906231 ], [ -1342073.486900000134483, -1060756.952799996826798 ], [ -1342074.176800002576783, -1060754.456300000427291 ], [ -1342070.665699996287003, -1060751.649899997515604 ], [ -1342066.909599998034537, -1060749.064799999352545 ], [ -1342062.90639999625273, -1060746.6996999992989 ], [ -1342055.274800000712276, -1060743.946600005263463 ], [ -1342050.309699997073039, -1060741.731199997710064 ], [ -1342044.835499994922429, -1060739.574799997266382 ], [ -1342038.744100000476465, -1060737.434799998532981 ], [ -1342029.000499999849126, -1060734.225399998249486 ], [ -1342002.20659999968484, -1060727.117799999658018 ], [ -1341988.935199997387826, -1060723.601000002352521 ], [ -1341783.131799997296184, -1060655.771599998697639 ], [ -1341722.364300003042445, -1060635.993199999211356 ], [ -1341662.167200000956655, -1060617.634799991734326 ], [ -1341604.699299996020272, -1060600.002399996621534 ], [ -1341550.338799994206056, -1060583.717400001361966 ], [ -1341499.828999998047948, -1060569.252899998798966 ], [ -1341451.699499994283542, -1060556.487300001783296 ], [ -1341425.338199999649078, -1060550.100999997230247 ], [ -1341399.468899995554239, -1060544.071399999782443 ], [ -1341374.062099999282509, -1060538.391799997771159 ], [ -1341351.981400003191084, -1060533.575199997983873 ], [ -1341327.426899998215958, -1060528.579700002446771 ], [ -1341301.500699998112395, -1060523.239099998725578 ], [ -1341275.95870000240393, -1060518.232000004500151 ], [ -1341253.6749, -1060514.074600001098588 ], [ -1341228.844200000399724, -1060509.725000004516914 ], [ -1341204.362499996786937, -1060505.703599997330457 ], [ -1341180.220099998638034, -1060502.008799999486655 ], [ -1341156.408899996196851, -1060498.639399994630367 ], [ -1341132.920199998887256, -1060495.594499994534999 ], [ -1341109.748499998124316, -1060492.8734 ], [ -1341086.887500001117587, -1060490.47569999890402 ], [ -1341064.331900001736358, -1060488.400799997150898 ], [ -1341041.135800000978634, -1060486.606800001580268 ], [ -1341018.263499998953193, -1060485.165599998552352 ], [ -1340997.481999997515231, -1060484.75870000012219 ], [ -1340977.015299996826798, -1060484.704399998066947 ], [ -1340956.859099997207522, -1060485.002600001404062 ], [ -1340937.010199996875599, -1060485.653499999083579 ], [ -1340917.465499998535961, -1060486.657099997857586 ], [ -1340898.221999995876104, -1060488.013500002445653 ], [ -1340879.274399996269494, -1060489.723300000652671 ], [ -1340860.622799997683614, -1060491.786499998997897 ], [ -1340841.113399998750538, -1060493.3911999957636 ], [ -1340821.895799999125302, -1060495.349800002761185 ], [ -1340804.119100002106279, -1060498.474800003226846 ], [ -1340785.478799994802102, -1060501.142200003610924 ], [ -1340767.12470000050962, -1060504.16459999862127 ], [ -1340747.632800000952557, -1060507.135699997888878 ], [ -1340730.988099999260157, -1060511.683899991679937 ], [ -1340713.474100003251806, -1060515.77619999833405 ], [ -1340696.241099998122081, -1060520.225299996323884 ], [ -1340677.865600003162399, -1060524.625300000654534 ], [ -1340662.34229999803938, -1060530.601300002308562 ], [ -1340645.945300000952557, -1060536.122999996878207 ], [ -1340628.402800001204014, -1060541.59659999795258 ], [ -1340613.710000002058223, -1060548.647500002989545 ], [ -1340598.898200002731755, -1060555.400600003544241 ], [ -1340584.08989999932237, -1060562.919000001391396 ], [ -1340569.826099998317659, -1060570.391500001074746 ], [ -1340556.228799999691546, -1060578.881399993551895 ], [ -1340541.845999998506159, -1060586.823399999178946 ], [ -1340528.792699999175966, -1060596.035100002307445 ], [ -1340515.346400000387803, -1060605.356799994362518 ], [ -1340502.835100000957027, -1060615.291700000176206 ], [ -1340495.377400001976639, -1060621.678100002463907 ], [ -1340487.098699998576194, -1060628.524699998786673 ], [ -1340479.250799996778369, -1060636.40540000400506 ], [ -1340471.023999997181818, -1060645.214500001864508 ], [ -1340463.085499994223937, -1060653.148600000422448 ], [ -1340455.091899998951703, -1060662.480800000252202 ], [ -1340426.278, -1060695.185600005090237 ], [ -1340415.391600002069026, -1060708.037500003585592 ], [ -1340403.432900001527742, -1060720.464599999133497 ], [ -1340392.901700000744313, -1060730.854099998483434 ], [ -1340386.225900003919378, -1060736.449499996379018 ], [ -1340380.338599995244294, -1060741.841500000562519 ], [ -1340374.238099998328835, -1060746.265299996826798 ], [ -1340368.49749999656342, -1060750.8391 ], [ -1340361.962799999630079, -1060754.695300000952557 ], [ -1340356.275199999567121, -1060758.524399996269494 ], [ -1340350.594500000122935, -1060761.994400000199676 ], [ -1340344.609599998686463, -1060764.564100003102794 ], [ -1340334.583199996734038, -1060769.501400002278388 ], [ -1340323.893999997759238, -1060774.285499999299645 ], [ -1340312.31599999871105, -1060778.335599999176338 ], [ -1340300.526099997805431, -1060782.715799997095019 ], [ -1340288.009400000795722, -1060786.29910000320524 ], [ -1340275.445000001695007, -1060790.154599998146296 ], [ -1340262.316999999573454, -1060793.16059999819845 ], [ -1340249.304799995850772, -1060796.391000000527129 ], [ -1340235.952500002924353, -1060798.717099995817989 ], [ -1340222.867300001904368, -1060801.235600000945851 ], [ -1340209.519000001484528, -1060802.837299998383969 ], [ -1340196.568, -1060804.608200001064688 ], [ -1340183.481100000208244, -1060805.443500003078952 ], [ -1340170.899799996055663, -1060806.435199995758012 ], [ -1340158.271999999182299, -1060806.483499999158084 ], [ -1340146.236799998674542, -1060806.682500001741573 ], [ -1340134.61989999958314, -1060805.948600002331659 ], [ -1340123.638900001300499, -1060805.391699997009709 ], [ -1340112.7207, -1060803.916800002334639 ], [ -1340102.485800000838935, -1060802.622199994511902 ], [ -1340092.357800000114366, -1060800.414600003045052 ], [ -1340082.949299996485934, -1060798.392700002761558 ], [ -1340073.975600000470877, -1060796.011599992401898 ], [ -1340065.449299997184426, -1060793.274599992670119 ], [ -1340057.394800000125542, -1060790.191000002203509 ], [ -1340049.806499995524064, -1060786.75980000034906 ], [ -1340042.692599997855723, -1060782.984799997415394 ], [ -1340036.060000000754371, -1060778.869699998525903 ], [ -1340029.915199999231845, -1060774.418699999107048 ], [ -1340024.262599998153746, -1060769.634900002507493 ], [ -1340019.10630000103265, -1060764.522000001044944 ], [ -1340014.449799996800721, -1060759.08350000390783 ], [ -1340011.3309, -1060754.608999999240041 ], [ -1340009.276399998692796, -1060749.756299996050075 ], [ -1340006.604200002038851, -1060743.786099997349083 ], [ -1340004.086100002517924, -1060736.9215999962762 ], [ -1340002.948599997907877, -1060730.9615 ], [ -1340000.951499996241182, -1060723.675099997082725 ], [ -1339995.716300001135096, -1060698.959300000686198 ], [ -1339993.324899999424815, -1060689.764199994970113 ], [ -1339991.531599996378645, -1060681.396799998590723 ], [ -1339988.836900001391768, -1060673.949600000865757 ], [ -1339985.645599995041266, -1060666.84290000423789 ], [ -1339982.988800000399351, -1060661.111699999077246 ], [ -1339981.120400002691895, -1060658.430300001753494 ], [ -1339979.161500001791865, -1060655.977900000289083 ], [ -1339977.107600001851097, -1060653.748900001170114 ], [ -1339974.954999997746199, -1060651.739200000884011 ], [ -1339971.06479999772273, -1060648.685899997130036 ], [ -1339966.777100002858788, -1060645.897000000346452 ], [ -1339962.9111, -1060643.710599993122742 ], [ -1339957.807099998462945, -1060641.437600004021078 ], [ -1339952.2852999989409, -1060639.4172 ], [ -1339946.197499998379499, -1060637.192400002852082 ], [ -1339939.778200001223013, -1060635.654500001808628 ], [ -1339932.867999997688457, -1060634.347099999664351 ], [ -1339926.440699995495379, -1060633.393099997891113 ], [ -1339919.437399994581938, -1060632.150899997446686 ], [ -1339904.02760000131093, -1060631.011799991829321 ], [ -1339888.837299995822832, -1060630.017399993725121 ], [ -1339856.667199998395517, -1060628.976100004278123 ], [ -1339844.277999996440485, -1060628.027299997163936 ], [ -1339835.981100001139566, -1060627.657100003445521 ], [ -1339827.67490000044927, -1060627.502200002316386 ], [ -1339819.231500000925735, -1060627.113999999128282 ], [ -1339810.905099995201454, -1060627.389599999180064 ], [ -1339802.567699998850003, -1060627.880499999038875 ], [ -1339794.064200001303107, -1060628.093199991155416 ], [ -1339785.703099997248501, -1060629.014800001634285 ], [ -1339777.329199998872355, -1060630.151699997950345 ], [ -1339768.787700003245845, -1060631.010600002948195 ], [ -1339760.386499996762723, -1060632.5784999972675 ], [ -1339751.970300000626594, -1060634.362299998989329 ], [ -1339743.38369999662973, -1060635.868500001030043 ], [ -1339734.935100002214313, -1060638.084200002253056 ], [ -1339726.469000001670793, -1060640.516300000948831 ], [ -1339716.97730000060983, -1060642.28460000292398 ], [ -1339708.473200001753867, -1060645.15019999537617 ], [ -1339691.263000002130866, -1060651.034200004069135 ], [ -1339674.116299998480827, -1060658.282799997832626 ], [ -1339655.861399997957051, -1060665.526200003456324 ], [ -1339638.346199999563396, -1060674.037500003352761 ], [ -1339620.86259999522008, -1060683.928 ], [ -1339602.384500001790002, -1060694.32769999303855 ], [ -1339584.599899997469038, -1060706.021200003568083 ], [ -1339565.781799999298528, -1060718.248899997677654 ], [ -1339548.187599998200312, -1060730.320600000210106 ], [ -1339531.247699999483302, -1060743.594199997838587 ], [ -1339513.229599997168407, -1060757.317099996609613 ], [ -1339495.703199998475611, -1060771.821600003633648 ], [ -1339477.993299997178838, -1060787.680299999425188 ], [ -1339459.825599999865517, -1060804.017400001408532 ], [ -1339441.233499998226762, -1060821.365700001595542 ], [ -1339422.215399997541681, -1060840.293099996168166 ], [ -1339405.492300001438707, -1060856.824299999512732 ], [ -1339388.173599995905533, -1060874.371900002937764 ], [ -1339370.100000002654269, -1060893.101900002686307 ], [ -1339351.052200002828613, -1060913.82600000500679 ], [ -1339314.184300003107637, -1060950.912500004284084 ], [ -1339234.791299995733425, -1061034.78110000025481 ], [ -1339198.614599999040365, -1061071.705999993719161 ], [ -1339178.742200000444427, -1061091.182699993951246 ], [ -1339134.073199999518692, -1061135.395899998722598 ], [ -1339116.335299997590482, -1061154.346099992282689 ], [ -1339104.654399999417365, -1061165.989500002469867 ], [ -1339094.695300003280863, -1061177.302599998190999 ], [ -1339084.679899998940527, -1061187.803300002356991 ], [ -1339076.097699999343604, -1061198.305900001199916 ], [ -1339066.169599996414036, -1061209.670500002568588 ], [ -1339057.715199999278411, -1061221.127800002461299 ], [ -1339049.892999997828156, -1061232.393699999433011 ], [ -1339042.635300001362339, -1061243.103899993468076 ], [ -1339035.981499999528751, -1061254.130199995590374 ], [ -1339029.886399999726564, -1061265.079100003233179 ], [ -1339024.335600000107661, -1061275.976700001163408 ], [ -1339019.282799996435642, -1061286.433100000955164 ], [ -1339015.889900000300258, -1061294.922099998453632 ], [ -1339012.848699998576194, -1061304.090599995339289 ], [ -1339010.127800000132993, -1061314.031400001607835 ], [ -1339007.674799997359514, -1061324.933900000527501 ], [ -1339005.835499997949228, -1061334.686299996450543 ], [ -1339004.048299998277798, -1061345.688799993135035 ], [ -1338998.086199995595962, -1061382.182800000533462 ], [ -1338995.147299998672679, -1061394.905700000934303 ], [ -1338992.775400002952665, -1061407.94910000055097 ], [ -1338989.343199994415045, -1061419.109700000146404 ], [ -1338986.043400002410635, -1061430.798799992538989 ], [ -1338984.219099999638274, -1061436.199100002646446 ], [ -1338981.411999997450039, -1061441.024799998383969 ], [ -1338979.324499996844679, -1061445.922099999617785 ], [ -1338977.097099998965859, -1061450.5874999971129 ], [ -1338974.724099998362362, -1061455.032499998109415 ], [ -1338972.201000000117347, -1061459.2658 ], [ -1338965.932899998733774, -1061466.484900003764778 ], [ -1338959.905200002714992, -1061474.258299998473376 ], [ -1338953.215800000820309, -1061481.87779999198392 ], [ -1338944.994600001256913, -1061489.048499994678423 ], [ -1338936.908399998443201, -1061495.993299991823733 ], [ -1338928.139899999601766, -1061503.252900003455579 ], [ -1338917.764400003943592, -1061510.133100000442937 ], [ -1338907.405899997567758, -1061516.88599999807775 ], [ -1338897.660899998620152, -1061523.167699997778982 ], [ -1338887.155799996806309, -1061529.107099999440834 ], [ -1338874.984399997163564, -1061535.271799998357892 ], [ -1338862.59090000228025, -1061541.991800001589581 ], [ -1338842.33299999916926, -1061551.996399997500703 ], [ -1338792.681299997260794, -1061574.897399992216378 ], [ -1338770.6452999971807, -1061585.009299998637289 ], [ -1338757.481599997030571, -1061591.702299994416535 ], [ -1338743.854800001718104, -1061597.709600002970546 ], [ -1338728.934900001622736, -1061603.548399998806417 ], [ -1338714.324999999487773, -1061609.037599997362122 ], [ -1338699.196499997517094, -1061614.693199998000637 ], [ -1338683.459999997168779, -1061620.136799992062151 ], [ -1338667.047299997648224, -1061625.39219999872148 ], [ -1338649.020700000459328, -1061630.184200002811849 ], [ -1338633.828699995996431, -1061634.391199996462092 ], [ -1338617.865699996007606, -1061638.549999998183921 ], [ -1338600.973999995738268, -1061642.702100002206862 ], [ -1338582.728700001258403, -1061646.57160000083968 ], [ -1338546.957700000377372, -1061653.498100001364946 ], [ -1338455.599000000627711, -1061671.047699997667223 ], [ -1338428.989999994635582, -1061676.61689999862574 ], [ -1338405.269199997652322, -1061682.308300001779571 ], [ -1338378.747100001201034, -1061688.854600004153326 ], [ -1338354.196899995906278, -1061695.57309999759309 ], [ -1338331.158199999015778, -1061702.597600003238767 ], [ -1338309.398600003216416, -1061710.003900001524016 ], [ -1338294.767799997003749, -1061715.356800003210083 ], [ -1338280.022299996810034, -1061721.580500002251938 ], [ -1338265.008299999637529, -1061727.93600000301376 ], [ -1338249.810499999206513, -1061735.192600001581013 ], [ -1338234.341999999480322, -1061742.985500002279878 ], [ -1338218.524199996609241, -1061751.353700002422556 ], [ -1338202.2864, -1061760.334299998823553 ], [ -1338185.523299999535084, -1061769.985699997283518 ], [ -1338171.209600001107901, -1061778.503600003896281 ], [ -1338156.3293, -1061787.600500001804903 ], [ -1338122.986300000920892, -1061806.782200000714511 ], [ -1338091.559300003573298, -1061826.516000001924112 ], [ -1338011.061900002416223, -1061876.067099998239428 ], [ -1337987.62650000071153, -1061889.354600001592189 ], [ -1337967.403000002028421, -1061901.78480000118725 ], [ -1337943.886299997800961, -1061914.350599998608232 ], [ -1337921.840600000694394, -1061926.383699994767085 ], [ -1337901.700999998720363, -1061937.735799995251 ], [ -1337882.257299997843802, -1061948.155499997315928 ], [ -1337858.706099997740239, -1061959.009000000543892 ], [ -1337847.666499997954816, -1061964.188299999339506 ], [ -1337836.740599998738617, -1061969.124800001271069 ], [ -1337825.957400000886992, -1061973.731199991656467 ], [ -1337814.322599996812642, -1061977.598800002131611 ], [ -1337803.720600001281127, -1061981.702000001445413 ], [ -1337793.22879999736324, -1061985.487899997271597 ], [ -1337782.799800003413111, -1061989.012600001646206 ], [ -1337772.439399995375425, -1061992.273500000592321 ], [ -1337762.140000000828877, -1061995.273199994582683 ], [ -1337751.894799996633083, -1061998.013500001048669 ], [ -1337741.696700000204146, -1062000.496399992145598 ], [ -1337730.580699998652562, -1062002.262199998134747 ], [ -1337720.461899998597801, -1062004.233599999686703 ], [ -1337710.375199995934963, -1062005.950799994636327 ], [ -1337674.708899998106062, -1062011.224000001559034 ], [ -1337647.315699996659532, -1062014.938599999062717 ], [ -1337622.32739999727346, -1062017.947700003162026 ], [ -1337599.2818, -1062020.297600004123524 ], [ -1337577.117599999066442, -1062022.21750000026077 ], [ -1337556.126200002152473, -1062023.532599999802187 ], [ -1337535.972899997141212, -1062024.411799994064495 ], [ -1337516.009100000374019, -1062024.200100001879036 ], [ -1337497.881100000347942, -1062024.083100001094863 ], [ -1337479.571499999379739, -1062023.148599998326972 ], [ -1337462.11249999771826, -1062021.432999997399747 ], [ -1337445.198299999115989, -1062019.243499999633059 ], [ -1337429.063299990491942, -1062016.264599998248741 ], [ -1337413.559599995845929, -1062012.648400004254654 ], [ -1337398.533300000941381, -1062008.546199997887015 ], [ -1337384.242599997203797, -1062003.64389999769628 ], [ -1337374.694300000788644, -1061999.871299999766052 ], [ -1337365.760399999795482, -1061995.682699993718415 ], [ -1337355.877699998673052, -1061990.189100004266948 ], [ -1337345.451299998909235, -1061983.9785 ], [ -1337334.505900000920519, -1061976.836900002323091 ], [ -1337326.254987145075575, -1061970.88503180234693 ], [ -1337323.375099998433143, -1061968.807600002270192 ], [ -1337310.903200002387166, -1061959.590100003173575 ], [ -1337276.688399998936802, -1061933.41489999811165 ], [ -1337265.743799997959286, -1061925.516700000502169 ], [ -1337256.645900000352412, -1061919.092799996258691 ], [ -1337245.039500002050772, -1061911.478199996752664 ], [ -1337234.054599995957687, -1061905.229200002737343 ], [ -1337223.449499996379018, -1061899.937000000150874 ], [ -1337213.900299998000264, -1061895.611200002254918 ], [ -1337205.289000000339001, -1061892.427599993301556 ], [ -1337196.476899996399879, -1061889.451800002716482 ], [ -1337187.440699997590855, -1061886.399000002536923 ], [ -1337178.223899997537956, -1061883.837699996307492 ], [ -1337168.803200000664219, -1061881.483299992978573 ], [ -1337159.15480000176467, -1061879.050999991595745 ], [ -1337149.321699997643009, -1061877.109199998434633 ], [ -1337139.279900000430644, -1061875.373099998803809 ], [ -1337129.008699995465577, -1061873.558400001842529 ], [ -1337118.547100000781938, -1061872.233100001933053 ], [ -1337108.658799999626353, -1061871.177299991715699 ], [ -1337097.763500001747161, -1061870.260899996384978 ], [ -1337086.647299997508526, -1061869.548699998296797 ], [ -1337075.283299997448921, -1061868.755600003059953 ], [ -1337063.711399995023385, -1061868.45059999730438 ], [ -1337051.881699999095872, -1061868.064400000264868 ], [ -1337027.958799995249137, -1061868.457300001755357 ], [ -1337003.015400001546368, -1061869.352600004058331 ], [ -1336976.191399996634573, -1061870.685300000943244 ], [ -1336948.9508000027854, -1061873.168699995614588 ], [ -1336920.6738000002224, -1061876.420499991625547 ], [ -1336890.600800002459437, -1061880.522900000913069 ], [ -1336858.234700001776218, -1061885.833099999232218 ], [ -1336821.100999997230247, -1061892.465499993646517 ], [ -1336804.281799997668713, -1061895.923500000266358 ], [ -1336786.802999996347353, -1061899.399399998132139 ], [ -1336770.232800001744181, -1061904.256199998315424 ], [ -1336753.7860999959521, -1061909.488799999468029 ], [ -1336737.442799999844283, -1061915.426900000544265 ], [ -1336720.37909999769181, -1061922.048899998655543 ], [ -1336704.208200001856312, -1061929.411800001282245 ], [ -1336688.093699998687953, -1061937.822399997385219 ], [ -1336671.267899999162182, -1061946.26709999749437 ], [ -1336655.282599996775389, -1061955.798899994231761 ], [ -1336639.309500000905246, -1061966.401600002544001 ], [ -1336622.451100000645965, -1061977.199900001985952 ], [ -1336606.473999998997897, -1061989.325299998279661 ], [ -1336589.567899996880442, -1062001.677999998209998 ], [ -1336573.488399999216199, -1062015.400099993217736 ], [ -1336556.421799995936453, -1062029.397799995262176 ], [ -1336542.808599998708814, -1062041.919300001813099 ], [ -1336528.265899997670203, -1062055.041299998527393 ], [ -1336514.428800001507625, -1062069.111400003079325 ], [ -1336499.518299998017028, -1062083.31279999925755 ], [ -1336485.291999998968095, -1062098.791100000729784 ], [ -1336469.895799997029826, -1062114.503100003115833 ], [ -1336455.046600000699982, -1062131.642299998318776 ], [ -1336439.718599999789149, -1062149.491500002797693 ], [ -1336412.791899998439476, -1062182.421000003814697 ], [ -1336383.183799999533221, -1062219.85319999884814 ], [ -1336353.313799996627495, -1062257.146099997451529 ], [ -1336274.499699996318668, -1062354.113100001122802 ], [ -1336251.324599997606128, -1062382.354000000283122 ], [ -1336230.2404999951832, -1062407.440199999837205 ], [ -1336206.440400001825765, -1062435.4823999973014 ], [ -1336183.931799998506904, -1062461.032499996013939 ], [ -1336162.225099999690428, -1062484.768400001106784 ], [ -1336141.112199999624863, -1062506.92990000336431 ], [ -1336128.97700000135228, -1062519.975299995625392 ], [ -1336116.158500000601634, -1062532.291899999137968 ], [ -1336104.322599996579811, -1062544.168599997879937 ], [ -1336091.701900002779439, -1062555.585399996722117 ], [ -1336080.024399995571002, -1062566.601700001396239 ], [ -1336068.345799997448921, -1062577.432900001993403 ], [ -1336056.712399998446926, -1062587.866099990904331 ], [ -1336045.172600000165403, -1062597.685799999395385 ], [ -1336033.5818, -1062607.364199998555705 ], [ -1336022.065299997106194, -1062616.444700001506135 ], [ -1336010.49619999807328, -1062625.383999993093312 ], [ -1335998.926600002450868, -1062633.962699996773154 ], [ -1335987.408000002149493, -1062641.961500000208616 ], [ -1335975.816399997798726, -1062649.834299998357892 ], [ -1335964.205399999395013, -1062657.35990000423044 ], [ -1335952.569799998309463, -1062664.541599997552112 ], [ -1335909.260900000343099, -1062689.603999991668388 ], [ -1335867.928999997442588, -1062712.747099997708574 ], [ -1335828.104599996702746, -1062734.243500002659857 ], [ -1335790.212299999082461, -1062754.856199997477233 ], [ -1335752.369500000495464, -1062774.110500001814216 ], [ -1335715.441900001373142, -1062792.040700001642108 ], [ -1335679.997399998130277, -1062809.323600004427135 ], [ -1335644.465399997541681, -1062825.2677 ], [ -1335609.299899999285117, -1062840.311500001233071 ], [ -1335575.451899998588488, -1062854.637099999003112 ], [ -1335541.30799999483861, -1062867.735599997686222 ], [ -1335508.399900001240894, -1062880.150100001366809 ], [ -1335474.996799997286871, -1062891.616399992490187 ], [ -1335442.821899997070432, -1062902.1443 ], [ -1335411.0183999997098, -1062911.7526999944821 ], [ -1335378.783299996750429, -1062920.183099996997043 ], [ -1335367.936599996173754, -1062922.981100003235042 ], [ -1335356.821300000417978, -1062925.262800003401935 ], [ -1335345.292199999094009, -1062927.645200000377372 ], [ -1335333.380200000712648, -1062929.828600001521409 ], [ -1335321.127300002612174, -1062931.511399992043152 ], [ -1335308.348199998261407, -1062933.315799997420982 ], [ -1335295.1076, -1062934.638300000922754 ], [ -1335281.19550000037998, -1062936.101599996909499 ], [ -1335256.851899997331202, -1062937.866800001589581 ], [ -1335229.552599997259676, -1062939.305399997159839 ], [ -1335202.934200001414865, -1062940.309999995632097 ], [ -1335136.822200002381578, -1062942.504100000485778 ], [ -1335101.137600000947714, -1062943.872599993599579 ], [ -1335083.198299998417497, -1062944.909100000513718 ], [ -1335066.465700001223013, -1062946.434800001559779 ], [ -1335050.698299998883158, -1062948.171600000467151 ], [ -1335035.739899997366592, -1062950.137100001098588 ], [ -1335018.957400002516806, -1062952.773699997691438 ], [ -1335003.003099999856204, -1062955.7717999976594 ], [ -1334987.746900000376627, -1062958.823899998795241 ], [ -1334973.18299999460578, -1062962.597699999343604 ], [ -1334959.179200002923608, -1062966.459800000768155 ], [ -1334944.996800002641976, -1062970.797300002304837 ], [ -1334932.089300001505762, -1062975.53799999691546 ], [ -1334919.721500000217929, -1062981.029600000474602 ], [ -1334901.977299998980016, -1062989.466799998888746 ], [ -1334882.516000000759959, -1062999.171899997862056 ], [ -1334862.966499999398366, -1063010.004900002386421 ], [ -1334842.747099997708574, -1063021.905600002733991 ], [ -1334822.056199997430667, -1063035.080099997576326 ], [ -1334801.008100000442937, -1063048.801799993962049 ], [ -1334779.816599996527657, -1063063.256200000876561 ], [ -1334758.692399998195469, -1063078.625400001881644 ], [ -1334737.842399995308369, -1063094.093699992168695 ], [ -1334717.356199995614588, -1063109.920000003417954 ], [ -1334696.5553999976255, -1063126.008399994112551 ], [ -1334677.229800001950935, -1063142.204399995971471 ], [ -1334657.866799995768815, -1063158.120799998519942 ], [ -1334639.407699998002499, -1063174.276899993652478 ], [ -1334622.740199997555465, -1063190.257899996358901 ], [ -1334606.282400003168732, -1063206.035300003131852 ], [ -1334592.425399995874614, -1063221.056999997701496 ], [ -1334578.793699999572709, -1063235.470300002256408 ], [ -1334567.07060000137426, -1063249.812499997671694 ], [ -1334555.643899995833635, -1063263.462200003443286 ], [ -1334546.187500000931323, -1063276.961900002555922 ], [ -1334536.989599998807535, -1063289.428599997190759 ], [ -1334529.878499997546896, -1063301.972199996933341 ], [ -1334526.769800001056865, -1063308.052900001173839 ], [ -1334523.139199998229742, -1063313.711200000252575 ], [ -1334520.636599998455495, -1063319.5142 ], [ -1334518.434299999382347, -1063325.182500003837049 ], [ -1334516.533000000519678, -1063330.71420000330545 ], [ -1334514.849399999249727, -1063335.830699998419732 ], [ -1334512.730199999874458, -1063340.791999998968095 ], [ -1334511.735500001115724, -1063345.902900001034141 ], [ -1334511.043599999044091, -1063350.870599998626858 ], [ -1334510.654800001299009, -1063355.693499997723848 ], [ -1334510.56910000112839, -1063360.369700003415346 ], [ -1334509.964800001122057, -1063364.607500001089647 ], [ -1334510.485300002386793, -1063368.988599993987009 ], [ -1334511.308600000338629, -1063373.22049999772571 ], [ -1334512.434599997242913, -1063377.302299996372312 ], [ -1334513.863099997164682, -1063381.233299998100847 ], [ -1334515.677899998845533, -1063385.28929999191314 ], [ -1334517.710499995853752, -1063388.916200003121048 ], [ -1334519.177799997851253, -1063391.091899999883026 ], [ -1334520.048399999504909, -1063392.921500002266839 ], [ -1334524.112300000386313, -1063397.004699999233708 ], [ -1334529.091299996245652, -1063400.885099997511134 ], [ -1334535.001699997577816, -1063404.575599995674565 ], [ -1334541.854699997697026, -1063408.084800000302494 ], [ -1334549.77549999859184, -1063411.712200001114979 ], [ -1334558.639499999582767, -1063414.923099997686222 ], [ -1334568.601699999766424, -1063418.019899995066226 ], [ -1334576.485800002934411, -1063420.11320000491105 ], [ -1334586.017999998293817, -1063422.468199995812029 ], [ -1334608.089800001122057, -1063427.215399992419407 ], [ -1334630.733700001612306, -1063431.784600001992658 ], [ -1334693.016299997922033, -1063443.409299996681511 ], [ -1334711.167200001422316, -1063446.927799992961809 ], [ -1334726.341499997070059, -1063450.356299996143207 ], [ -1334743.182299999753013, -1063454.378400002373382 ], [ -1334758.316899998113513, -1063458.836499998345971 ], [ -1334772.001099999761209, -1063463.168300001649186 ], [ -1334784.336499996017665, -1063468.040000000735745 ], [ -1334790.570299997692928, -1063470.647799999685958 ], [ -1334796.435299997217953, -1063473.336800003424287 ], [ -1334801.939599997131154, -1063476.110800001537427 ], [ -1334807.08920000330545, -1063478.972700002370402 ], [ -1334811.883200000273064, -1063482.240599999669939 ], [ -1334816.339100000681356, -1063485.287700001848862 ], [ -1334820.453199999639764, -1063488.430799996014684 ], [ -1334824.228399998508394, -1063491.672 ], [ -1334827.670199999352917, -1063495.016699997708201 ], [ -1334830.776599995559081, -1063498.463600001996383 ], [ -1334833.549300000304356, -1063502.014600001275539 ], [ -1334835.989599999738857, -1063505.671199998352677 ], [ -1334838.098599998746067, -1063509.435300001641735 ], [ -1334839.876999996136874, -1063513.30789999733679 ], [ -1334841.318199999397621, -1063517.605100000509992 ], [ -1334842.436899997293949, -1063521.699099999386817 ], [ -1334843.532200001878664, -1063527.32380000478588 ], [ -1334844.315399997401983, -1063533.314100003801286 ], [ -1334844.787599995266646, -1063539.677200003992766 ], [ -1334844.949599999468774, -1063546.423200001241639 ], [ -1334844.801899999612942, -1063553.557999996235594 ], [ -1334844.344299999764189, -1063561.104300003731623 ], [ -1334842.755699997302145, -1063568.836199997691438 ], [ -1334841.672999998088926, -1063577.280100000556558 ], [ -1334838.032799995969981, -1063593.592200001236051 ], [ -1334834.029800003627315, -1063612.744800001848489 ], [ -1334828.695899997837842, -1063631.492799997562543 ], [ -1334817.353100002510473, -1063673.073800003621727 ], [ -1334814.106800001813099, -1063682.35010000038892 ], [ -1334811.45809999643825, -1063691.824900003382936 ], [ -1334808.593699999619275, -1063700.937499996973202 ], [ -1334804.679199997568503, -1063710.070499998517334 ], [ -1334801.361400002846494, -1063719.404200001386926 ], [ -1334797.819999996107072, -1063728.692299992777407 ], [ -1334793.195000001695007, -1063737.692899991525337 ], [ -1334789.205499996431172, -1063746.892700002295896 ], [ -1334784.991799998097122, -1063756.048999992199242 ], [ -1334779.693199998466298, -1063764.920500001637265 ], [ -1334774.996299998136237, -1063773.683600003132597 ], [ -1334770.105999995255843, -1063782.717299999203533 ], [ -1334764.129399999277666, -1063791.468999997712672 ], [ -1334758.78520000167191, -1063800.426100002834573 ], [ -1334753.213199997320771, -1063809.346600001212209 ], [ -1334746.552599999820814, -1063817.988999996567145 ], [ -1334740.495900003705174, -1063826.520899999886751 ], [ -1334734.241799999028444, -1063835.330699997022748 ], [ -1334726.896899999119341, -1063843.866299998713657 ], [ -1334720.179600001545623, -1063852.615500001236796 ], [ -1334705.151300000259653, -1063869.47760000010021 ], [ -1334690.070299997692928, -1063886.795400003669783 ], [ -1334673.142299998318776, -1063903.473600001074374 ], [ -1334656.131400002166629, -1063920.641099997330457 ], [ -1334638.093100001569837, -1063937.454100002301857 ], [ -1334619.066800000146031, -1063954.55810000281781 ], [ -1334600.994299997808412, -1063969.662599996430799 ], [ -1334582.072, -1063985.109000003198162 ], [ -1334562.233399997930974, -1064000.614599999273196 ], [ -1334540.778199999826029, -1064015.728300000308082 ], [ -1334518.986100001260638, -1064031.447200003312901 ], [ -1334495.446899998467416, -1064046.871399991912767 ], [ -1334471.431799999438226, -1064062.784699997166172 ], [ -1334445.369400000199676, -1064078.825500004226342 ], [ -1334424.336699998471886, -1064092.148900001542643 ], [ -1334401.55060000019148, -1064105.382100003072992 ], [ -1334378.181199996965006, -1064119.364800001494586 ], [ -1334352.423600001027808, -1064133.867499998072162 ], [ -1334302.172400002134964, -1064162.362499999115244 ], [ -1334209.386500002816319, -1064213.643700003158301 ], [ -1334173.252600000239909, -1064233.669100000988692 ], [ -1334137.169499997282401, -1064254.715100000379607 ], [ -1334104.821099998895079, -1064273.613500001607463 ], [ -1334080.987300000153482, -1064287.555799996946007 ], [ -1334054.867099996656179, -1064301.234799996949732 ], [ -1334027.664099995745346, -1064315.300600001821294 ], [ -1333997.306499999715015, -1064329.811700001824647 ], [ -1333971.474800002295524, -1064341.904599995352328 ], [ -1333941.678699998417869, -1064354.848599998280406 ], [ -1333847.845300001325086, -1064396.254199997521937 ], [ -1333815.042199997697026, -1064410.961599994683638 ], [ -1333784.449600000632927, -1064425.09090000228025 ], [ -1333756.993599995737895, -1064438.268899993039668 ], [ -1333731.620900003239512, -1064450.38699999731034 ], [ -1333708.505199996521696, -1064462.811400000704452 ], [ -1333686.683200002415106, -1064474.864400001242757 ], [ -1333665.287099995650351, -1064486.947000003186986 ], [ -1333651.446000000461936, -1064495.647399998968467 ], [ -1333637.730400000698864, -1064504.391700000735 ], [ -1333623.215300001669675, -1064513.368899999186397 ], [ -1333609.54479999630712, -1064522.706900001736358 ], [ -1333595.794000001857057, -1064532.59479999775067 ], [ -1333581.317200001562014, -1064542.48270000028424 ], [ -1333567.66309999790974, -1064552.747199994046241 ], [ -1333553.903699997346848, -1064563.580100000370294 ], [ -1333539.500799995847046, -1064574.174099997850135 ], [ -1333525.703999998047948, -1064585.660500002792105 ], [ -1333511.227099999785423, -1064596.937200001208112 ], [ -1333497.331800000509247, -1064609.127300002612174 ], [ -1333482.638099999632686, -1064621.375600000610575 ], [ -1333468.682899998268113, -1064634.070599998580292 ], [ -1333454.528700001304969, -1064647.414099996211007 ], [ -1333439.539699998451397, -1064660.550499995006248 ], [ -1333412.261899996781722, -1064686.309999999357387 ], [ -1333384.21309999958612, -1064714.052499997196719 ], [ -1333355.254999996628612, -1064743.472300003981218 ], [ -1333324.85429999884218, -1064775.357600000454113 ], [ -1333296.397400000831112, -1064805.841199995018542 ], [ -1333265.942699994891882, -1064840.406099998624995 ], [ -1333235.46830000099726, -1064875.459699993254617 ], [ -1333152.402300001587719, -1064968.795899991178885 ], [ -1333104.594899997813627, -1065021.373899998376146 ], [ -1333078.680300003383309, -1065049.312099998816848 ], [ -1333054.204899998847395, -1065075.1129999991972 ], [ -1333030.59260000125505, -1065099.500800001667812 ], [ -1333008.506800001487136, -1065122.613999998895451 ], [ -1332981.080600000917912, -1065149.514099998166785 ], [ -1332954.276999996742234, -1065174.82449999731034 ], [ -1332927.776600001379848, -1065198.944800002500415 ], [ -1332901.730400001397356, -1065221.549600000493228 ], [ -1332876.49120000237599, -1065243.306899996241555 ], [ -1332850.759799996390939, -1065263.603500003227964 ], [ -1332838.168099996168166, -1065273.616699998732656 ], [ -1332825.586300002411008, -1065283.365400003036484 ], [ -1332813.144199996720999, -1065292.634499998763204 ], [ -1332800.562699996633455, -1065301.869300001533702 ], [ -1332787.585299995960668, -1065310.995100001804531 ], [ -1332773.73630000045523, -1065320.580400003585964 ], [ -1332759.008799996227026, -1065330.504500000737607 ], [ -1332742.334999996470287, -1065340.658999998820946 ], [ -1332712.724199998890981, -1065359.53160000173375 ], [ -1332639.299499995540828, -1065403.861699995817617 ], [ -1332619.945099995471537, -1065416.320200003217906 ], [ -1332601.95089999656193, -1065427.243500001495704 ], [ -1332583.861900001298636, -1065439.49209999316372 ], [ -1332567.186299997847527, -1065451.076699998928234 ], [ -1332550.635499997530133, -1065462.252399993129075 ], [ -1332535.855500001693144, -1065473.367499999701977 ], [ -1332507.015099998563528, -1065495.168199997860938 ], [ -1332478.448700001463294, -1065517.551999998046085 ], [ -1332451.196199994767085, -1065540.434899999061599 ], [ -1332423.765199997927994, -1065563.346199998864904 ], [ -1332396.808600001269951, -1065586.587399994255975 ], [ -1332370.078399999532849, -1065610.343199996976182 ], [ -1332344.141800003126264, -1065634.180199997499585 ], [ -1332319.373699997551739, -1065658.60929999826476 ], [ -1332294.287199997343123, -1065683.14959999686107 ], [ -1332269.883799997158349, -1065707.81169999926351 ], [ -1332246.707600000547245, -1065733.005500002996996 ], [ -1332224.052100001368672, -1065758.489199997624382 ], [ -1332201.385100001236424, -1065783.794899998698384 ], [ -1332179.368299999739975, -1065809.252300005406141 ], [ -1332158.663899999111891, -1065835.190500002587214 ], [ -1332137.987799999536946, -1065860.902399996062741 ], [ -1332127.686099997954443, -1065873.689000001875684 ], [ -1332118.356700001517311, -1065887.159499997971579 ], [ -1332108.287599996430799, -1065901.062999997986481 ], [ -1332099.04689999949187, -1065915.820099996868521 ], [ -1332089.124299998627976, -1065930.969500002916902 ], [ -1332080.063000000780448, -1065946.9755 ], [ -1332070.140799998305738, -1065963.616699998965487 ], [ -1332060.861200001556426, -1065981.428400001721457 ], [ -1332052.581700000911951, -1065996.179299992509186 ], [ -1332044.973899997305125, -1066011.878400002606213 ], [ -1332027.884100003167987, -1066046.497999993385747 ], [ -1332012.064499996602535, -1066079.801600002683699 ], [ -1331974.294700001832098, -1066159.429400001885369 ], [ -1331955.91859999881126, -1066199.594499999657273 ], [ -1331946.61339999968186, -1066219.15280000329949 ], [ -1331937.019000001950189, -1066236.972300001652911 ], [ -1331927.524399999529123, -1066253.845699998317286 ], [ -1331918.919499998912215, -1066270.064000002574176 ], [ -1331909.129399998579174, -1066285.908100000349805 ], [ -1331900.230099998181686, -1066301.119799999520183 ], [ -1331890.437500001862645, -1066315.505299999611452 ], [ -1331881.455999996745959, -1066329.519199993694201 ], [ -1331872.384400000562891, -1066342.947300000814721 ], [ -1331862.348499997286126, -1066355.405500000575557 ], [ -1331853.048199999146163, -1066367.730300005059689 ], [ -1331842.741999995196238, -1066379.270100003341213 ], [ -1331830.251599999843165, -1066394.043299996294081 ], [ -1331816.206399998394772, -1066408.274799996986985 ], [ -1331802.619099997449666, -1066422.371499997097999 ], [ -1331788.328799999086186, -1066436.209800002397969 ], [ -1331772.607799998717383, -1066449.457900002598763 ], [ -1331757.320699997479096, -1066462.594600002048537 ], [ -1331740.43859999650158, -1066475.228399997577071 ], [ -1331725.900611490011215, -1066486.29761537280865 ], [ -1331723.968399999663234, -1066487.768800002057105 ], [ -1331706.766199998324737, -1066500.079000001540408 ], [ -1331688.10709999804385, -1066511.758000005036592 ], [ -1331669.639199998229742, -1066523.536200002301484 ], [ -1331649.676600003847852, -1066534.708000002196059 ], [ -1331629.867299995850772, -1066546.002899999497458 ], [ -1331609.433300000615418, -1066557.001299999188632 ], [ -1331587.333199996966869, -1066567.520600000396371 ], [ -1331565.280499994521961, -1066578.220299993641675 ], [ -1331546.060899995267391, -1066587.07129999762401 ], [ -1331525.200199995422736, -1066595.627099997596815 ], [ -1331504.676399996038526, -1066604.305799999041483 ], [ -1331483.426800000248477, -1066612.930100000463426 ], [ -1331461.327399995643646, -1066621.594900003168732 ], [ -1331438.445599999278784, -1066630.184300003573298 ], [ -1331414.592700000153854, -1066638.815900004236028 ], [ -1331389.861299999291077, -1066647.559100001351908 ], [ -1331344.792099997634068, -1066662.775600003544241 ], [ -1331293.486099995207042, -1066678.857699995161965 ], [ -1331243.195700002135709, -1066694.531900001922622 ], [ -1331109.307599994819611, -1066734.694600001676008 ], [ -1331070.33370000240393, -1066746.936699998099357 ], [ -1331035.291000000666827, -1066758.119500002358109 ], [ -1330995.276299994904548, -1066770.793199997628108 ], [ -1330958.951100001111627, -1066783.352899991674349 ], [ -1330924.064800003543496, -1066795.498499999754131 ], [ -1330891.843800002010539, -1066807.893700000364333 ], [ -1330872.79399999557063, -1066815.542500001611188 ], [ -1330854.515299996593967, -1066823.148699997458607 ], [ -1330835.677499996498227, -1066830.596900001866743 ], [ -1330818.37999999569729, -1066838.323699998902157 ], [ -1330801.298500000499189, -1066846.212199999717996 ], [ -1330784.875299999723211, -1066854.107500002952293 ], [ -1330767.798099997453392, -1066861.887600002111867 ], [ -1330752.179899998242036, -1066869.984599993098527 ], [ -1330736.691999997477978, -1066878.286500000860542 ], [ -1330720.823299997020513, -1066886.337500002235174 ], [ -1330706.062699995702133, -1066894.883599998429418 ], [ -1330691.808100002352148, -1066903.481599998427555 ], [ -1330677.734799995552748, -1066912.295100000686944 ], [ -1330663.086699999403208, -1066920.958399993367493 ], [ -1330649.828399998834357, -1066929.979099998949096 ], [ -1330636.73189999978058, -1066939.22810000134632 ], [ -1330600.608600003179163, -1066964.64699999964796 ], [ -1330564.944599998416379, -1066990.323800003156066 ], [ -1330529.760399998165667, -1067016.243299991590902 ], [ -1330495.981599998194724, -1067042.6824 ], [ -1330461.78999999910593, -1067069.006899998988956 ], [ -1330429.037400001194328, -1067095.824299997417256 ], [ -1330395.88539999932982, -1067122.548400002531707 ], [ -1330363.294499997980893, -1067149.450200000777841 ], [ -1330331.287699998589233, -1067176.509599992074072 ], [ -1330300.813299997709692, -1067204.007600001059473 ], [ -1330269.989500002702698, -1067231.368599993176758 ], [ -1330239.773200002731755, -1067258.865499997744337 ], [ -1330210.248399999225512, -1067286.546899997862056 ], [ -1330181.691599994665012, -1067314.173300003632903 ], [ -1330153.769299999345094, -1067341.909299999475479 ], [ -1330126.489199997624382, -1067369.747099996777251 ], [ -1330118.080899994820356, -1067379.019699995173141 ], [ -1330109.726799996104091, -1067388.798199996817857 ], [ -1330100.672300000675023, -1067398.760800002142787 ], [ -1330092.375699999276549, -1067409.612100003287196 ], [ -1330084.426600004080683, -1067420.854900000616908 ], [ -1330075.365099996794015, -1067432.54639999801293 ], [ -1330066.977699998067692, -1067445.241100002080202 ], [ -1330058.478299997514114, -1067458.670400004833937 ], [ -1330050.488699994515628, -1067470.612100002588704 ], [ -1330042.705600002547726, -1067483.800699999323115 ], [ -1330025.58489999989979, -1067512.561499998671934 ], [ -1330009.41120000067167, -1067542.436000003712252 ], [ -1329965.175199996912852, -1067620.855699999490753 ], [ -1329951.2755, -1067643.650500001851469 ], [ -1329938.465100002242252, -1067663.703699997626245 ], [ -1329923.814800003776327, -1067685.95870000240393 ], [ -1329910.742299999110401, -1067706.489300004206598 ], [ -1329904.305900001199916, -1067716.076699996832758 ], [ -1329896.717400000663474, -1067724.888700002804399 ], [ -1329890.468499997630715, -1067733.569699997548014 ], [ -1329884.112899999134243, -1067741.973499997984618 ], [ -1329874.931099997833371, -1067751.6689 ], [ -1329866.923700001789257, -1067761.183799998601899 ], [ -1329858.87739999871701, -1067770.181699998676777 ], [ -1329850.896400001831353, -1067778.582800000207499 ], [ -1329841.748200001195073, -1067786.288499997463077 ], [ -1329833.501399999251589, -1067793.825099993962795 ], [ -1329825.166400000918657, -1067800.895099999615923 ], [ -1329817.068999998038635, -1067807.459900001296774 ], [ -1329808.518099998822436, -1067813.627200000919402 ], [ -1329798.874699998646975, -1067819.038500001654029 ], [ -1329790.090000000782311, -1067824.3131 ], [ -1329781.178699996322393, -1067829.147499999729916 ], [ -1329772.468600003281608, -1067833.499500001315027 ], [ -1329763.285699997562915, -1067837.462999999057502 ], [ -1329753.959399998420849, -1067840.994300003396347 ], [ -1329744.485000000800937, -1067844.095300002256408 ], [ -1329711.916899998206645, -1067853.075499993516132 ], [ -1329698.960800000233576, -1067856.597899997606874 ], [ -1329686.552399999694899, -1067859.680999998701736 ], [ -1329674.550199998775497, -1067862.388700004434213 ], [ -1329663.448800001991913, -1067864.629700000630692 ], [ -1329652.499399997992441, -1067866.511500000720844 ], [ -1329641.9937999995891, -1067867.99560000305064 ], [ -1329631.669900000328198, -1067869.107199997641146 ], [ -1329622.086899998830631, -1067869.76389999804087 ], [ -1329612.55669999611564, -1067870.058899999363348 ], [ -1329603.401900002500042, -1067869.94670000160113 ], [ -1329594.609099994879216, -1067869.426799994660541 ], [ -1329586.908999997889623, -1067868.274200002430007 ], [ -1329578.826400002231821, -1067866.937299996847287 ], [ -1329571.091699998127297, -1067865.190800000913441 ], [ -1329562.215399999171495, -1067862.69129999843426 ], [ -1329553.432099999627098, -1067859.79799999948591 ], [ -1329545.141399998683482, -1067856.332300001988187 ], [ -1329536.544, -1067852.651500000851229 ], [ -1329528.039500002749264, -1067848.5769000032451 ], [ -1329520.607299994677305, -1067844.415799994487315 ], [ -1329512.688500000163913, -1067839.375099999830127 ], [ -1329504.462900002952665, -1067834.119199996581301 ], [ -1329496.330299998400733, -1067828.469600001582876 ], [ -1329488.290600002044812, -1067822.426199996145442 ], [ -1329480.743499997537583, -1067815.810499997343868 ], [ -1329473.868999998783693, -1067809.286899995990098 ], [ -1329468.226168625988066, -1067804.033931415295228 ], [ -1329466.108099997742102, -1067802.062199991894886 ], [ -1329458.440300000831485, -1067794.443799996282905 ], [ -1329450.865399998612702, -1067786.431600003736094 ], [ -1329444.763300000457093, -1067778.155200000386685 ], [ -1329497.491644402034581, -1067778.445793847786263 ], [ -1329509.3958999956958, -1067778.511399997398257 ], [ -1329500.787547460990027, -1067775.564035787479952 ], [ -1329487.096099996706471, -1067770.876299999188632 ], [ -1329465.335599998943508, -1067763.686099997721612 ], [ -1329443.714799996232614, -1067757.119400001363829 ], [ -1329421.833999997936189, -1067751.354899996193126 ], [ -1329401.471900002099574, -1067746.342500002589077 ], [ -1329379.870400002459064, -1067741.825099998852238 ], [ -1329358.808300001779571, -1067737.752599998610094 ], [ -1329337.48629999672994, -1067734.48229999653995 ], [ -1329326.14579999470152, -1067732.872499996097758 ], [ -1329314.43989999522455, -1067731.774599997559562 ], [ -1329302.746099998010322, -1067731.032900002785027 ], [ -1329291.441699999384582, -1067730.49170000012964 ], [ -1329279.768199998186901, -1067730.462200003443286 ], [ -1329268.102799999760464, -1067730.788899996783584 ], [ -1329256.822999997064471, -1067731.315999998012558 ], [ -1329245.169599995948374, -1067732.354899996193126 ], [ -1329233.520999997854233, -1067733.750100003089756 ], [ -1329222.253400001907721, -1067735.346099995542318 ], [ -1329210.607399997767061, -1067737.45450000022538 ], [ -1329198.960000002058223, -1067739.919899998698384 ], [ -1329187.688499998301268, -1067742.586999998660758 ], [ -1329176.033099997555837, -1067745.76779999723658 ], [ -1329163.370299994945526, -1067749.022500001592562 ], [ -1329152.076999998651445, -1067752.765199997462332 ], [ -1329140.409799996530637, -1067757.017200001282617 ], [ -1329128.808399997418746, -1067761.385299997171387 ], [ -1329117.110599993960932, -1067766.35779999778606 ], [ -1329105.393599999137223, -1067771.692200000397861 ], [ -1329093.734700002707541, -1067777.146099992794916 ], [ -1329080.970600001746789, -1067782.924000000115484 ], [ -1329069.178300002822652, -1067789.352499997941777 ], [ -1329057.433999999891967, -1067795.905600002733991 ], [ -1329045.578100000275299, -1067803.0703 ], [ -1329033.682599994819611, -1067810.607600002549589 ], [ -1329020.822900000726804, -1067817.992299997480586 ], [ -1329008.834800001233816, -1067826.283299998845905 ], [ -1328996.7937, -1067834.9557000012137 ], [ -1328984.860000000335276, -1067843.811499994480982 ], [ -1328971.781099998857826, -1067853.016800000565127 ], [ -1328959.54349999781698, -1067862.86109999823384 ], [ -1328939.560499995946884, -1067878.563099995953962 ], [ -1328920.266500001307577, -1067895.510399998631328 ], [ -1328899.632399999070913, -1067913.450799998827279 ], [ -1328879.771699997130781, -1067932.508299995912239 ], [ -1328858.493700002552941, -1067952.629500003298745 ], [ -1328837.866299998015165, -1067973.987300004577264 ], [ -1328816.5594999990426, -1067996.828999998280779 ], [ -1328793.777199997100979, -1068020.338399996981025 ], [ -1328773.196400003973395, -1068042.004199996357784 ], [ -1328752.204900002339855, -1068065.063300000969321 ], [ -1328731.28590000118129, -1068090.242399995215237 ], [ -1328707.885699994163588, -1068117.099300001515076 ], [ -1328663.721400000853464, -1068169.74599999259226 ], [ -1328582.798199996817857, -1068267.86679999739863 ], [ -1328550.91450000135228, -1068306.157700001494959 ], [ -1328517.861499997787178, -1068344.804199994541705 ], [ -1328488.052799995290115, -1068378.712699991650879 ], [ -1328470.207700001541525, -1068397.765600002137944 ], [ -1328454.232799995224923, -1068416.201099997153506 ], [ -1328438.574999996926636, -1068433.747799998847768 ], [ -1328422.359099997440353, -1068450.012499997857958 ], [ -1328407.477699998999014, -1068465.936000003479421 ], [ -1328391.74130000337027, -1068480.746600000420585 ], [ -1328377.646899990038946, -1068495.182899992913008 ], [ -1328363.613200003048405, -1068509.005999998888001 ], [ -1328324.953000000212342, -1068543.65720000420697 ], [ -1328235.522500002058223, -1068627.974599991226569 ], [ -1328190.360099998535588, -1068671.320700003765523 ], [ -1328164.083399999653921, -1068695.979100000811741 ], [ -1328140.042600000277162, -1068719.213199999881908 ], [ -1328118.268599995411932, -1068741.847799994982779 ], [ -1328096.309500000439584, -1068763.039599999552593 ], [ -1328073.18030000012368, -1068786.039499994367361 ], [ -1328051.045499997911975, -1068808.543799998005852 ], [ -1328031.091699998825788, -1068831.083100000396371 ], [ -1328010.88279999839142, -1068852.766800004756078 ], [ -1327992.685599997872487, -1068874.680700000375509 ], [ -1327971.188800000818446, -1068892.968800002941862 ], [ -1327954.561999997356907, -1068914.483099999139085 ], [ -1327934.561500002630055, -1068932.465299993986264 ], [ -1327915.136900002136827, -1068950.547299997648224 ], [ -1327899.624399998923764, -1068972.85990000446327 ], [ -1327883.03090000199154, -1068995.196300002979115 ], [ -1327867.601099999621511, -1069018.873799995519221 ], [ -1327850.91860000253655, -1069042.729300002334639 ], [ -1327837.051699995528907, -1069070.221900000236928 ], [ -1327820.286099998746067, -1069095.7004 ], [ -1327806.257399996975437, -1069124.946199998492375 ], [ -1327790.796799997566268, -1069152.354699997231364 ], [ -1327774.063700003782287, -1069180.425200002500787 ], [ -1327759.666599998250604, -1069212.452299998141825 ], [ -1327750.17537827976048, -1069229.183770290808752 ], [ -1327742.219999999273568, -1069243.207799994386733 ], [ -1327724.697900000261143, -1069275.271699999459088 ], [ -1327707.057800000766292, -1069309.774799999315292 ], [ -1327678.39369999920018, -1069344.443399999290705 ], [ -1327648.116900002816692, -1069384.536899998318404 ], [ -1327631.4261, -1069397.619799999054521 ], [ -1327624.138500001514331, -1069414.153700001072139 ], [ -1327617.08809999958612, -1069431.295699999667704 ], [ -1327600.387200001161546, -1069446.020999994827434 ], [ -1327593.764799997676164, -1069464.491399997612461 ], [ -1327578.166999999200925, -1069480.851800001692027 ], [ -1327571.87040000106208, -1069500.932599999243394 ], [ -1327555.8148, -1069518.911999997450039 ], [ -1327547.164599995594472, -1069533.981300003128126 ], [ -1327541.940699998755008, -1069553.812299998709932 ], [ -1327532.533500002231449, -1069570.819300000555813 ], [ -1327527.126400003442541, -1069593.345999997807667 ], [ -1327513.044799997936934, -1069632.985500004142523 ], [ -1327482.083600001176819, -1069733.981500000692904 ], [ -1327462.389199996599928, -1069752.892999996896833 ], [ -1327447.26600000099279, -1069772.170100000221282 ], [ -1327438.527099996805191, -1069805.067099998239428 ], [ -1327428.308200001018122, -1069824.47229999769479 ], [ -1327423.824600000632927, -1069838.836200000951067 ], [ -1327411.404399998951703, -1069842.576499992050231 ], [ -1327406.7671, -1069856.040100001264364 ], [ -1327402.036999997450039, -1069869.100999993504956 ], [ -1327384.507399996742606, -1069881.66200000140816 ], [ -1327378.322099994402379, -1069896.806499999715015 ], [ -1327374.752499998081475, -1069917.74009999865666 ], [ -1327356.670699997106567, -1069928.759499993640929 ], [ -1327349.896300000837073, -1069942.446700001368299 ], [ -1327342.90659999824129, -1069955.68769999826327 ], [ -1327327.08549999515526, -1069968.438800001982599 ], [ -1327319.640599997714162, -1069980.833199998596683 ], [ -1327311.945800000103191, -1069992.840099998051301 ], [ -1327295.397600000491366, -1070004.391299999086186 ], [ -1327290.005700000794604, -1070021.916299999458715 ], [ -1327281.55549999861978, -1070032.761900002602488 ], [ -1327261.325499998172745, -1070040.109099995810539 ], [ -1327255.251499998383224, -1070053.285400001099333 ], [ -1327245.995799998287112, -1070063.034000000683591 ], [ -1327236.462400000542402, -1070072.427299998234957 ], [ -1327227.461800001794472, -1070080.862299994332716 ], [ -1327209.457299997564405, -1070092.464499997440726 ], [ -1327194.785799994366243, -1070110.916499999118969 ], [ -1327164.605599997797981, -1070123.088100001215935 ], [ -1327145.877199999056756, -1070145.987699997611344 ], [ -1327112.924599998630583, -1070157.976500003132969 ], [ -1327089.56050000176765, -1070174.142300002276897 ], [ -1327060.513399998424575, -1070187.048200002172962 ], [ -1327030.233799998648465, -1070200.967399998102337 ], [ -1327023.686099997954443, -1070209.219400001689792 ], [ -1327011.975699996110052, -1070215.615200000582263 ], [ -1326999.831800000509247, -1070221.798200002871454 ], [ -1326987.226299999281764, -1070227.782799996901304 ], [ -1326973.362399998353794, -1070233.707600000547245 ], [ -1326959.73919999669306, -1070239.340300003997982 ], [ -1326945.527199995005503, -1070244.83139999769628 ], [ -1326930.6499, -1070250.210399998119101 ], [ -1326921.34370000124909, -1070256.62240000301972 ], [ -1326906.559199996292591, -1070261.377199999056756 ], [ -1326890.908100002678111, -1070266.151499994331971 ], [ -1326878.875300000188872, -1070272.658099999418482 ], [ -1326847.033599995309487, -1070281.039999996079132 ], [ -1326794.545200003311038, -1070300.203800003742799 ], [ -1326780.16150000016205, -1070309.590699997264892 ], [ -1326753.120900002075359, -1070317.227299998514354 ], [ -1326737.410500000463799, -1070327.963199999881908 ], [ -1326727.046300003072247, -1070331.395000002812594 ], [ -1326715.355300002265722, -1070335.162099991925061 ], [ -1326702.690999996382743, -1070339.750999996438622 ], [ -1326690.528099998366088, -1070344.419600002467632 ], [ -1326678.80090000317432, -1070349.193700001807883 ], [ -1326675.786899998085573, -1070357.525799998780712 ], [ -1326664.860199995106086, -1070362.54159999708645 ], [ -1326654.294700001599267, -1070367.695900001563132 ], [ -1326633.716600000159815, -1070378.183200003113598 ], [ -1326614.700599997071549, -1070388.166799997212365 ], [ -1326594.195599997648969, -1070399.165099998936057 ], [ -1326581.532599999103695, -1070411.764099998166785 ], [ -1326553.891000000759959, -1070416.9426 ], [ -1326533.626600002637133, -1070428.636399997398257 ], [ -1326521.252500002039596, -1070441.903700002701953 ], [ -1326501.22569999913685, -1070454.016899998998269 ], [ -1326474.066400001291186, -1070460.029499993659556 ], [ -1326462.120099996449426, -1070473.882500001695007 ], [ -1326442.560499999206513, -1070486.556799998274073 ], [ -1326416.826699995202944, -1070493.482499995036051 ], [ -1326405.413000000407919, -1070507.85429999884218 ], [ -1326387.34909999743104, -1070521.395700001390651 ], [ -1326361.284200002206489, -1070528.425700002349913 ], [ -1326351.427399997366592, -1070543.622499996330589 ], [ -1326333.137099999468774, -1070557.192199999699369 ], [ -1326313.024999994784594, -1070569.668199999723583 ], [ -1326309.145199997816235, -1070590.291700002970174 ], [ -1326280.554699994623661, -1070604.945799991255626 ], [ -1326263.251099997200072, -1070619.004700002493337 ], [ -1326252.365, -1070638.609999995213002 ], [ -1326224.567099995678291, -1070653.589099998353049 ], [ -1326214.227500000735745, -1070673.395799991907552 ], [ -1326198.019699997501448, -1070687.855000001611188 ], [ -1326173.126800002530217, -1070704.336699999170378 ], [ -1326163.650899994885549, -1070724.4068 ], [ -1326139.345899998210371, -1070741.052700004074723 ], [ -1326130.466999998548999, -1070761.278699998511001 ], [ -1326115.739200000651181, -1070776.13870000327006 ], [ -1326092.347900000400841, -1070793.00039999675937 ], [ -1326083.449299999047071, -1070808.762200005585328 ], [ -1326069.794699992286041, -1070823.663299998966977 ], [ -1326046.535699996864423, -1070835.885600002715364 ], [ -1326033.507699999259785, -1070850.89640000462532 ], [ -1326010.880899999756366, -1070863.222200001822785 ], [ -1326003.699299997650087, -1070879.099200000986457 ], [ -1325991.630799997132272, -1070894.251599999377504 ], [ -1325971.250699998578057, -1070907.328500001691282 ], [ -1325967.86837817193009, -1070911.841047044144943 ], [ -1325959.832999998005107, -1070922.561500003561378 ], [ -1325948.744599998230115, -1070937.829699993599206 ], [ -1325934.559300003340468, -1070951.783699999330565 ], [ -1325924.132599996170029, -1070967.117500002961606 ], [ -1325904.12290000077337, -1070979.745499995769933 ], [ -1325895.644299999577925, -1070995.753799999831244 ], [ -1325886.221599996555597, -1071011.169100002152845 ], [ -1325875.422199999447912, -1071025.307000002125278 ], [ -1325871.884300002129748, -1071041.535400002030656 ], [ -1325861.767099996097386, -1071055.705399999860674 ], [ -1325857.337799997767434, -1071071.43939999723807 ], [ -1325849.615699998801574, -1071086.942399999359623 ], [ -1325850.004299993859604, -1071103.212099997326732 ], [ -1325833.144299999577925, -1071117.116400001337752 ], [ -1325826.4505, -1071132.655699996044859 ], [ -1325802.030999998562038, -1071145.477600001497194 ], [ -1325805.508499997202307, -1071163.086300002643839 ], [ -1325799.848999995738268, -1071178.647299998439848 ], [ -1325784.712699998402968, -1071192.588399998145178 ], [ -1325779.745199996512383, -1071208.157200003042817 ], [ -1325775.124399997293949, -1071223.727899996098131 ], [ -1325761.027999997837469, -1071237.674700000556186 ], [ -1325766.583999999100342, -1071255.298500003060326 ], [ -1325753.182599999010563, -1071269.242899995995685 ], [ -1325749.951799998059869, -1071284.808799999533221 ], [ -1325746.358158831251785, -1071293.932506430894136 ], [ -1325729.244997999398038, -1071337.380209870636463 ], [ -1325728.380200000479817, -1071339.575800001155585 ], [ -1325709.337499997345731, -1071357.531899997266009 ], [ -1325705.396799998590723, -1071380.58790000458248 ], [ -1325689.029999997466803, -1071387.803300003055483 ], [ -1325687.801499999826774, -1071397.84349999926053 ], [ -1325686.754199997987598, -1071408.528999992879108 ], [ -1325686.037900002906099, -1071418.76380000053905 ], [ -1325670.792300002416596, -1071425.280299992067739 ], [ -1325670.72910000057891, -1071434.75310000218451 ], [ -1325670.992200000211596, -1071443.900199991650879 ], [ -1325671.582300000591204, -1071452.732899999013171 ], [ -1325672.500800000270829, -1071461.26929999794811 ], [ -1325658.892499997280538, -1071466.203100001206622 ], [ -1325660.224399997154251, -1071472.768199996557087 ], [ -1325661.940399996703491, -1071479.372699995292351 ], [ -1325664.043599999742582, -1071486.028600001474842 ], [ -1325666.538800002308562, -1071492.751200005412102 ], [ -1325667.420499999541789, -1071498.3972 ], [ -1325655.861799996579066, -1071501.98330000275746 ], [ -1325659.578899997053668, -1071509.021300002001226 ], [ -1325663.734799997415394, -1071516.228199999080971 ], [ -1325667.963499999139458, -1071523.039399998029694 ], [ -1325672.61759999836795, -1071530.084100001724437 ], [ -1325675.731600001221523, -1071536.274500000989065 ], [ -1325666.552199997939169, -1071540.721400003647432 ], [ -1325678.396499998867512, -1071556.103299994254485 ], [ -1325706.165899999439716, -1071586.885899996152148 ], [ -1325715.906299998052418, -1071599.301499997498468 ], [ -1325725.670200001448393, -1071612.356399997835979 ], [ -1325731.915399999124929, -1071623.055799997178838 ], [ -1325736.456500003580004, -1071630.063099997350946 ], [ -1325736.140199999790639, -1071636.503200000384822 ], [ -1325739.892200001049787, -1071643.138600001111627 ], [ -1325753.61129999649711, -1071652.128999999258667 ], [ -1325754.64689999492839, -1071657.383300001500174 ], [ -1325757.350699999369681, -1071663.706099996576086 ], [ -1325759.721399999689311, -1071669.960900000296533 ], [ -1325761.763999994611368, -1071676.160899998620152 ], [ -1325765.658299998380244, -1071690.090000001247972 ], [ -1325767.016599997878075, -1071703.399999996181577 ], [ -1325769.858699999051169, -1071718.409300001803786 ], [ -1325772.178800002438948, -1071733.978599996538833 ], [ -1325771.969900000141934, -1071748.963900000788271 ], [ -1325773.253099998226389, -1071765.702200002968311 ], [ -1325772.013099999865517, -1071781.912699998123571 ], [ -1325772.269200001144782, -1071799.941900002770126 ], [ -1325772.023999999510124, -1071818.277000001398847 ], [ -1325769.278700001072139, -1071836.207599999848753 ], [ -1325768.047799998661503, -1071856.124799998942763 ], [ -1325760.96709999605082, -1071874.984999992419034 ], [ -1325758.755799999227747, -1071896.676000002538785 ], [ -1325750.655900000128895, -1071917.860799995018169 ], [ -1325751.972399997990578, -1071941.44529999489896 ], [ -1325757.709199996432289, -1071971.583899999503046 ], [ -1325748.606999999145046, -1071992.457100000232458 ], [ -1325763.281599999405444, -1072016.850399998016655 ], [ -1325757.97960000205785, -1072040.099400002509356 ], [ -1325771.113299995427951, -1072064.805500001646578 ], [ -1325763.142000002553686, -1072086.765599996317178 ], [ -1325773.639499997952953, -1072112.24989999900572 ], [ -1325784.492799998493865, -1072137.311600000830367 ], [ -1325775.393099996959791, -1072161.148899995256215 ], [ -1325784.749899999471381, -1072186.373799996916205 ], [ -1325773.033199998317286, -1072208.76089999708347 ], [ -1325780.931800001533702, -1072234.052699998952448 ], [ -1325770.022800000617281, -1072257.512599998619407 ], [ -1325775.393900000955909, -1072283.306899999268353 ], [ -1325780.45789999794215, -1072309.282900005578995 ], [ -1325766.37269999878481, -1072333.121399995638058 ], [ -1325768.994599999161437, -1072359.443500003311783 ], [ -1325752.77389999688603, -1072383.965799999190494 ], [ -1325754.880700000561774, -1072410.949800002155825 ], [ -1325756.380799999227747, -1072437.737399996258318 ], [ -1325738.342300002695993, -1072461.669299997854978 ], [ -1325721.335900001926348, -1072485.378999999491498 ], [ -1325702.208700001006946, -1072508.749799994053319 ], [ -1325684.17249999800697, -1072531.824300000444055 ], [ -1325682.986774954479188, -1072533.165553154423833 ], [ -1325664.805599997285753, -1072553.731499998364598 ], [ -1325645.120900003239512, -1072576.7937 ], [ -1325624.902500001480803, -1072597.85719999903813 ], [ -1325604.045800000661984, -1072618.333599996985868 ], [ -1325583.138399998424575, -1072638.38240000163205 ], [ -1325561.670200003311038, -1072657.768100002082065 ], [ -1325540.2325999957975, -1072676.649999996880069 ], [ -1325504.392700001597404, -1072690.262100002961233 ], [ -1325482.595699995057657, -1072707.8265 ], [ -1325473.039499998325482, -1072715.143199996557087 ], [ -1325448.897000002209097, -1072717.718100001104176 ], [ -1325438.552599997492507, -1072724.821799998404458 ], [ -1325427.783100002445281, -1072731.840899992967024 ], [ -1325416.572299997787923, -1072738.786200000206009 ], [ -1325390.017099997261539, -1072741.085900003090501 ], [ -1325377.795499999541789, -1072747.96290000481531 ], [ -1325365.647500000195578, -1072754.821099999826401 ], [ -1325352.768800003454089, -1072761.46379999932833 ], [ -1325328.541799995815381, -1072767.158799996366724 ], [ -1325323.105197986587882, -1072769.762238432420418 ], [ -1325314.13650000304915, -1072774.057100000791252 ], [ -1325298.671599997207522, -1072781.226399998180568 ], [ -1325260.268299999414012, -1072797.776000002864748 ], [ -1325175.657299995888025, -1072823.053299997933209 ], [ -1325149.402399996062741, -1072834.022100002970546 ], [ -1325115.289899997645989, -1072848.955300000729039 ], [ -1325091.036300001433119, -1072860.645099999150261 ], [ -1325066.348999995272607, -1072866.713700001360849 ], [ -1325063.504500002833083, -1072875.975400000112131 ], [ -1325033.979200002970174, -1072878.277200000360608 ], [ -1325021.796499998541549, -1072885.317000003298745 ], [ -1324989.025100000435486, -1072886.067199999466538 ], [ -1324977.788600002415478, -1072893.224599997512996 ], [ -1324966.984999996609986, -1072900.466400002362207 ], [ -1324956.591400000266731, -1072907.808100000256673 ], [ -1324914.545999998925254, -1072919.965799996862188 ], [ -1324884.671399995684624, -1072937.072699998738244 ], [ -1324856.655299997190014, -1072948.611200003419071 ], [ -1324829.458700000308454, -1072964.587500001071021 ], [ -1324814.071600001305342, -1072980.666400004178286 ], [ -1324784.394000001251698, -1072991.595600003143772 ], [ -1324766.025300001958385, -1073007.625699999509379 ], [ -1324753.32099999836646, -1073023.091899999184534 ], [ -1324725.994999998249114, -1073033.710000002523884 ], [ -1324709.862400001147762, -1073049.544499994255602 ], [ -1324699.304500000318512, -1073064.910800000885502 ], [ -1324684.635599998058751, -1073080.656900000292808 ], [ -1324651.044600000372157, -1073090.900399998761714 ], [ -1324633.401999998139217, -1073106.027999998768792 ], [ -1324620.805399996927008, -1073121.776500003179535 ], [ -1324615.033799995435402, -1073142.363300001947209 ], [ -1324605.786700001452118, -1073148.580199998570606 ], [ -1324581.362799995578825, -1073150.157200002111495 ], [ -1324575.872915997402743, -1073158.874726052861661 ], [ -1324571.96789999702014, -1073165.075599999167025 ], [ -1324562.787800001446158, -1073181.133800000883639 ], [ -1324549.338099997956306, -1073197.930799995781854 ], [ -1324546.198199999053031, -1073222.117400000337511 ], [ -1324516.876299999421462, -1073238.4134 ], [ -1324507.492099997587502, -1073260.842099998844787 ], [ -1324481.608999999472871, -1073300.345099998638034 ], [ -1324478.225599997676909, -1073319.774600000120699 ], [ -1324456.785899999551475, -1073331.074099997524172 ], [ -1324448.427999997511506, -1073349.292699998943135 ], [ -1324448.12629999849014, -1073359.462699996773154 ], [ -1324429.874099996639416, -1073366.636999999871477 ], [ -1324424.759199995547533, -1073376.219300002325326 ], [ -1324419.611299995100126, -1073385.382700002286583 ], [ -1324425.71140000061132, -1073396.382399995578453 ], [ -1324420.430799996946007, -1073404.822599993087351 ], [ -1324415.064499999629334, -1073412.931999993510544 ], [ -1324409.601099999155849, -1073420.727999998256564 ], [ -1324401.435900000622496, -1073431.760900000110269 ], [ -1324390.997200002660975, -1073442.164299991680309 ], [ -1324380.931099996902049, -1073451.353200002806261 ], [ -1324371.392499997513369, -1073462.577699996996671 ], [ -1324361.358199995243922, -1073473.913199999835342 ], [ -1324361.756219428731129, -1073481.426967406412587 ], [ -1324362.084599999710917, -1073487.626100000925362 ], [ -1324354.190121503314003, -1073490.50155725935474 ], [ -1324337.756999999750406, -1073496.487100002821535 ], [ -1324325.898899998050183, -1073508.528700000373647 ], [ -1324304.726799995172769, -1073526.300399998668581 ], [ -1324280.014400003477931, -1073547.141200001118705 ], [ -1324243.278299998492002, -1073564.741599996574223 ], [ -1324167.367299999110401, -1073616.857099996181205 ], [ -1324152.766499999677762, -1073638.154300002846867 ], [ -1324136.984299996634945, -1073653.037099999841303 ], [ -1324132.912200001766905, -1073669.775100001366809 ], [ -1324115.967199999606237, -1073684.843700001016259 ], [ -1324090.841899997089058, -1073700.055799999041483 ], [ -1324085.804699998348951, -1073716.726399996783584 ], [ -1324069.120299999602139, -1073731.183400004170835 ], [ -1324047.062999996822327, -1073741.495900000678375 ], [ -1324030.251334338448942, -1073752.696433774894103 ], [ -1324027.41200000140816, -1073754.5881 ], [ -1324010.32789999851957, -1073768.684599997242913 ], [ -1323987.174400003161281, -1073779.044799995841458 ], [ -1323979.950300000375137, -1073795.804300002753735 ], [ -1323948.433499998878688, -1073807.874699997948483 ], [ -1323929.716799996560439, -1073822.173799998359755 ], [ -1323889.245199996978045, -1073852.569200003286824 ], [ -1323835.000299997394904, -1073879.912800000980496 ], [ -1323798.573799998732284, -1073905.780600001802668 ], [ -1323773.446099998196587, -1073934.562599999131635 ], [ -1323724.200499997474253, -1073956.963800000958145 ], [ -1323684.258599999826401, -1073987.437999998917803 ], [ -1323636.714699994074181, -1074007.875300000887364 ], [ -1323585.41269999765791, -1074033.828599999425933 ], [ -1323439.200300002703443, -1074123.777999997837469 ], [ -1323397.210199996363372, -1074161.163499997230247 ], [ -1323364.61129999672994, -1074200.349100002320483 ], [ -1323315.983600001083687, -1074233.120400002226233 ], [ -1323309.913999998942018, -1074257.884200001368299 ], [ -1323283.277099997270852, -1074277.573600000469014 ], [ -1323279.324199998518452, -1074301.422699996270239 ], [ -1323255.934099994134158, -1074320.794599995715544 ], [ -1323232.254000000655651, -1074337.620899998350069 ], [ -1323212.847899999469519, -1074355.880699993111193 ], [ -1323190.537500001722947, -1074372.313199999043718 ], [ -1323152.090999997453764, -1074386.105499994475394 ], [ -1323131.676999997813255, -1074404.528099997201934 ], [ -1323091.313000002177432, -1074420.573499997612089 ], [ -1323068.368199999677017, -1074439.034499997040257 ], [ -1323033.230400001164526, -1074454.709699996979907 ], [ -1323011.526599996723235, -1074473.091099992627278 ], [ -1322973.659399998141453, -1074488.966300001833588 ], [ -1322943.543599999276921, -1074509.175899994559586 ], [ -1322923.528800000436604, -1074527.585599998245016 ], [ -1322864.237699997378513, -1074547.451099996222183 ], [ -1322861.451699994970113, -1074570.380300000775605 ], [ -1322833.394899999722838, -1074590.807300004409626 ], [ -1322815.384399996837601, -1074609.48839999968186 ], [ -1322814.063299998641014, -1074632.660599997034296 ], [ -1322777.061400002101436, -1074659.448499998543411 ], [ -1322766.382599999429658, -1074680.547899991506711 ], [ -1322750.231300000566989, -1074699.653300000121817 ], [ -1322742.524999995250255, -1074732.283599998103455 ], [ -1322742.409480018541217, -1074732.383235316257924 ], [ -1322724.012817181181163, -1074748.250252099707723 ], [ -1322704.169499997748062, -1074765.365000000689179 ], [ -1322699.823769036913291, -1074776.976239082636312 ], [ -1322689.7562, -1074803.875499997287989 ], [ -1322631.818699998082593, -1074856.474400001810864 ], [ -1322609.751418500673026, -1074868.988476957660168 ], [ -1322606.691484817536548, -1074870.723726750351489 ], [ -1322586.475600002100691, -1074882.187900003045797 ], [ -1322568.722999997437, -1074909.740400003036484 ], [ -1322527.161399999400601, -1074931.733000000705943 ], [ -1322523.891999999061227, -1074943.880099998088554 ], [ -1322509.915199994342402, -1074960.962499995250255 ], [ -1322475.377299998188391, -1074973.6265000004787 ], [ -1322468.827500000130385, -1074988.321199994301423 ], [ -1322456.306200002785772, -1075005.199000002350658 ], [ -1322444.909200003603473, -1075020.82629999727942 ], [ -1322435.096999996574596, -1075035.950099994195625 ], [ -1322438.8193865546491, -1075043.601870417129248 ], [ -1322444.703399998368695, -1075055.697099995100871 ], [ -1322429.119600003585219, -1075074.8228 ], [ -1322431.947597649414092, -1075080.443341648904607 ], [ -1322440.167199994903058, -1075096.779499996686354 ], [ -1322430.100999997928739, -1075113.889999999199063 ], [ -1322426.717700000852346, -1075129.309399998281151 ], [ -1322433.679200000595301, -1075152.299199997447431 ], [ -1322425.524699998786673, -1075168.981499998830259 ], [ -1322417.989799994276837, -1075185.555799997178838 ], [ -1322426.811700000194833, -1075208.219199996907264 ], [ -1322420.490299996454269, -1075224.639099997468293 ], [ -1322430.517399997683242, -1075247.171999996062368 ], [ -1322425.402, -1075263.462999996729195 ], [ -1322420.885000001639128, -1075279.703799999319017 ], [ -1322432.707399998558685, -1075302.087000004947186 ], [ -1322429.380299998447299, -1075318.253699992317706 ], [ -1322426.64589999942109, -1075334.39349999721162 ], [ -1322431.99570000381209, -1075352.688899998785928 ], [ -1322434.671399996383116, -1075397.40400000102818 ], [ -1322431.977000002050772, -1075425.912899994058535 ], [ -1322436.806526354281232, -1075437.4478213514667 ], [ -1322438.495000003371388, -1075441.480600001290441 ], [ -1322437.805599997285753, -1075454.051999998744577 ], [ -1322437.393700000131503, -1075465.950499996775761 ], [ -1322437.256599999265745, -1075477.252099991776049 ], [ -1322444.899199998937547, -1075490.677199999568984 ], [ -1322445.2796, -1075500.324800001457334 ], [ -1322446.032599999802187, -1075510.516599998576567 ], [ -1322447.089599998667836, -1075520.218999999109656 ], [ -1322455.945900002028793, -1075531.631699993973598 ], [ -1322457.547500001499429, -1075539.354400001000613 ], [ -1322459.529999998398125, -1075547.686000001383945 ], [ -1322461.82480000029318, -1075555.578699996927753 ], [ -1322463.59059999929741, -1075560.545199999120086 ], [ -1322465.675700001651421, -1075565.387600003974512 ], [ -1322468.081199998268858, -1075570.108400000957772 ], [ -1322470.808299998054281, -1075574.710000001825392 ], [ -1322481.350900001591071, -1075581.370700004277751 ], [ -1322484.655499996617436, -1075584.68589999829419 ], [ -1322488.35809999704361, -1075588.946699997410178 ], [ -1322492.391100002685562, -1075593.100400002440438 ], [ -1322509.173400001833215, -1075599.545600002398714 ], [ -1322513.870299995411187, -1075603.490200002444908 ], [ -1322518.90889999945648, -1075607.339400004828349 ], [ -1322524.295499999541789, -1075611.097900001332164 ], [ -1322530.035299997311085, -1075614.769699997734278 ], [ -1322536.139100001193583, -1075618.361699994420633 ], [ -1322542.6176999991294, -1075621.880300002172589 ], [ -1322549.485100001562387, -1075625.333199998363853 ], [ -1322573.622800001641735, -1075632.064199992222711 ], [ -1322586.538000000175089, -1075637.350200000219047 ], [ -1322600.71689999778755, -1075642.592000001808628 ], [ -1322614.203999998280779, -1075648.608899996150285 ], [ -1322640.719900000141934, -1075655.427299996139482 ], [ -1322656.719599998090416, -1075660.173599997535348 ], [ -1322720.671499998308718, -1075678.434500003466383 ], [ -1322740.229599999031052, -1075683.07180000259541 ], [ -1322769.284000001382083, -1075692.006500000366941 ], [ -1322785.824099998222664, -1075697.543700001901016 ], [ -1322802.213399997679517, -1075703.612599998014048 ], [ -1322827.099099998362362, -1075712.85810000449419 ], [ -1322840.335200001252815, -1075719.141999999526888 ], [ -1322846.44379999442026, -1075722.360800003167242 ], [ -1322852.229099998949096, -1075725.639100003521889 ], [ -1322857.668299995362759, -1075727.950499996077269 ], [ -1322862.867799999192357, -1075731.388999996939674 ], [ -1322867.76389999804087, -1075734.902699997182935 ], [ -1322870.128900000359863, -1075739.212199998088181 ], [ -1322874.43419999955222, -1075742.88869999954477 ], [ -1322878.449799997033551, -1075746.651299999793991 ], [ -1322882.178900001337752, -1075750.503200001083314 ], [ -1322885.624400000553578, -1075754.447000003885478 ], [ -1322888.791099997702986, -1075758.489099998725578 ], [ -1322891.67779999691993, -1075762.628399994689971 ], [ -1322894.286099999211729, -1075766.867300003534183 ], [ -1322896.546900001820177, -1075770.151900003198534 ], [ -1322898.602400002768263, -1075774.596700001507998 ], [ -1322900.382899997755885, -1075779.147300000302494 ], [ -1322901.888999995077029, -1075783.805500003276393 ], [ -1322903.121300002560019, -1075788.57319999858737 ], [ -1322904.862100000493228, -1075796.830999998142943 ], [ -1322906.403799997875467, -1075805.395900000818074 ], [ -1322907.660400000633672, -1075813.124800002202392 ], [ -1322908.760499994503334, -1075822.049299999838695 ], [ -1322909.623199996072799, -1075831.024000002304092 ], [ -1322910.243599997134879, -1075839.992399998707697 ], [ -1322910.617399998242036, -1075848.890799997374415 ], [ -1322910.671700000297278, -1075856.609799999045208 ], [ -1322910.5491999972146, -1075865.133099996251985 ], [ -1322910.182400001445785, -1075873.448099998990074 ], [ -1322909.572799995075911, -1075881.519500001100823 ], [ -1322908.722600001143292, -1075889.318699994124472 ], [ -1322907.635399999562651, -1075896.815299999667332 ], [ -1322906.243199998978525, -1075902.937700000824407 ], [ -1322904.690399999264628, -1075909.779700003564358 ], [ -1322902.909799999557436, -1075916.270599999465048 ], [ -1322901.056399998487905, -1075921.703200002666563 ], [ -1322898.775699998252094, -1075927.067100001964718 ], [ -1322896.063399998936802, -1075932.372799997916445 ], [ -1322892.912999999010935, -1075937.633099998813123 ], [ -1322889.320000002393499, -1075942.856700001750141 ], [ -1322885.198399994987994, -1075947.01109999907203 ], [ -1322878.703800000716001, -1075951.765600001439452 ], [ -1322873.678999997675419, -1075957.020900003379211 ], [ -1322868.743500002194196, -1075961.772799991304055 ], [ -1322865.577000000979751, -1075965.903599992627278 ], [ -1322859.661999999312684, -1075970.892599993152544 ], [ -1322853.130099999252707, -1075976.109199997736141 ], [ -1322839.707999997539446, -1075986.190999992424622 ], [ -1322800.685999997658655, -1076000.738000000128523 ], [ -1322789.776399995665997, -1076008.748899992089719 ], [ -1322778.795399997383356, -1076017.265799998771399 ], [ -1322769.409899995429441, -1076025.148099998245016 ], [ -1322765.558600002201274, -1076028.949400002602488 ], [ -1322747.801599999889731, -1076030.865699998335913 ], [ -1322743.402099998900667, -1076035.462300000246614 ], [ -1322740.55550000234507, -1076038.924299999373034 ], [ -1322736.860399996861815, -1076043.498599998885766 ], [ -1322733.501599997747689, -1076048.081799998413771 ], [ -1322730.4701, -1076052.686200002906844 ], [ -1322727.759499999694526, -1076057.321100003784522 ], [ -1322721.926399995340034, -1076068.66129999817349 ], [ -1322713.410900000482798, -1076079.946799998870119 ], [ -1322708.252000002423301, -1076092.861500001046807 ], [ -1322703.455099997343495, -1076106.503400004468858 ], [ -1322685.016499998280779, -1076117.716900001047179 ], [ -1322680.995200002798811, -1076132.664999997476116 ], [ -1322677.393600000301376, -1076148.155700001632795 ], [ -1322671.220799998380244, -1076163.238800001563504 ], [ -1322668.4867, -1076179.760300001129508 ], [ -1322667.439300000201911, -1076195.39710000436753 ], [ -1322662.704999996116385, -1076211.368999997619539 ], [ -1322661.515999999828637, -1076228.110699997516349 ], [ -1322660.872599997092038, -1076244.607799997320399 ], [ -1322657.773100001271814, -1076259.772800001082942 ], [ -1322658.242600000463426, -1076275.117999993963167 ], [ -1322659.262799996882677, -1076289.576099992496893 ], [ -1322657.053299996769056, -1076295.681799997808412 ], [ -1322658.158799994969741, -1076302.514299999456853 ], [ -1322658.377100000623614, -1076310.327100004302338 ], [ -1322660.088899998227134, -1076316.89789999765344 ], [ -1322662.10399999609217, -1076323.338599995244294 ], [ -1322664.422799999127164, -1076329.650000001303852 ], [ -1322667.045300001045689, -1076335.832600004971027 ], [ -1322666.959900001296774, -1076341.028299991739914 ], [ -1322670.190599997527897, -1076346.954800001112744 ], [ -1322673.72590000089258, -1076352.754400003002957 ], [ -1322677.56639999919571, -1076358.42790000140667 ], [ -1322681.71239999984391, -1076363.976000002585351 ], [ -1322686.164500003913417, -1076369.399300000397488 ], [ -1322701.928699997253716, -1076376.959700002567843 ], [ -1322706.994899996556342, -1076382.135799999348819 ], [ -1322710.802800000878051, -1076386.630500002065673 ], [ -1322713.4673, -1076390.69810000131838 ], [ -1322718.262699994957075, -1076396.615299998316914 ], [ -1322724.558799996972084, -1076401.30150000192225 ], [ -1322731.166399999521673, -1076405.868999992264435 ], [ -1322738.086800003657117, -1076410.318699998082593 ], [ -1322741.771759272785857, -1076412.525641547515988 ], [ -1322745.321499998681247, -1076414.651599992532283 ], [ -1322763.877799997571856, -1076421.129700000863522 ], [ -1322771.746499998727813, -1076425.231999998446554 ], [ -1322779.932900001993403, -1076429.219500004313886 ], [ -1322782.672800003085285, -1076432.788300003390759 ], [ -1322791.506099998019636, -1076436.552099999506027 ], [ -1322800.667199997929856, -1076440.205800001975149 ], [ -1322810.158799994271249, -1076443.750699997646734 ], [ -1322830.990400002803653, -1076449.449199997354299 ], [ -1322841.155299997422844, -1076452.780900004552677 ], [ -1322850.473400002345443, -1076457.119599994970486 ], [ -1322868.401599995791912, -1076462.173999999649823 ], [ -1322887.2893, -1076466.961699997074902 ], [ -1322905.978899996727705, -1076472.602600001730025 ], [ -1322926.895800000289455, -1076476.884100002236664 ], [ -1322947.311199998483062, -1076480.365199994761497 ], [ -1322966.252899997169152, -1076484.435100001050159 ], [ -1322990.649599999887869, -1076488.044499999145046 ], [ -1323015.249299997230992, -1076492.578299997840077 ], [ -1323038.12309999531135, -1076495.326499990886077 ], [ -1323061.048399999039248, -1076499.522700003348291 ], [ -1323086.725300000282004, -1076502.109000003663823 ], [ -1323113.179200002690777, -1076505.783999995328486 ], [ -1323164.555199996102601, -1076511.748100004158914 ], [ -1323289.106899995123968, -1076526.444900002330542 ], [ -1323322.92859999416396, -1076529.35600000154227 ], [ -1323352.875500001944602, -1076533.244999998947605 ], [ -1323383.389299999224022, -1076535.493200003169477 ], [ -1323412.760800002608448, -1076540.149900003103539 ], [ -1323439.470700001344085, -1076543.952899999683723 ], [ -1323464.132, -1076549.080600002082065 ], [ -1323486.887200003257021, -1076552.785299999872223 ], [ -1323509.743099996587262, -1076556.585199999157339 ], [ -1323533.868799999123439, -1076559.063300000969321 ], [ -1323558.925099996617064, -1076562.005799998296425 ], [ -1323583.908299999078736, -1076562.923899999354035 ], [ -1323610.710400000214577, -1076564.67470000195317 ], [ -1323637.681600001873448, -1076564.411700000287965 ], [ -1323666.76249999483116, -1076564.985199996270239 ], [ -1323691.232999998377636, -1076563.764599998947233 ], [ -1323717.638199998764321, -1076562.482699994463474 ], [ -1323745.641399998217821, -1076562.12730000144802 ], [ -1323775.503699996741489, -1076559.954000002704561 ], [ -1323832.31780000240542, -1076555.394200003240258 ], [ -1323839.40959557867609, -1076554.760860561626032 ], [ -1323880.170756889274344, -1076551.120646906783804 ], [ -1323935.903299994766712, -1076546.143399997381493 ], [ -1323977.573099998058751, -1076543.68489999929443 ], [ -1324017.447899999562651, -1076539.70200000051409 ], [ -1324054.13589999708347, -1076537.200300002703443 ], [ -1324073.750500002177432, -1076535.398899996653199 ], [ -1324093.651200001593679, -1076534.500600002007559 ], [ -1324112.828399998135865, -1076533.853400002699345 ], [ -1324130.952499997103587, -1076534.191100000636652 ], [ -1324148.951799999456853, -1076534.038400001823902 ], [ -1324166.440400002757087, -1076534.132300002966076 ], [ -1324183.048300001770258, -1076535.210199999157339 ], [ -1324199.644000000786036, -1076535.798699998762459 ], [ -1324219.323800000594929, -1076536.85169999836944 ], [ -1324238.079599998658523, -1076538.724899999098852 ], [ -1324256.710499995853752, -1076540.523900000145659 ], [ -1324274.8673, -1076542.700300002936274 ], [ -1324292.203400000464171, -1076545.7071 ], [ -1324306.311799996998161, -1076545.423999998252839 ], [ -1324323.200000001350418, -1076548.75420000241138 ], [ -1324339.70159999653697, -1076552.475499997846782 ], [ -1324355.474500000942498, -1076557.04600000102073 ], [ -1324371.268400000408292, -1076561.567099996376783 ], [ -1324386.715499999467283, -1076566.490800003986806 ], [ -1324403.442000000271946, -1076574.056799999205396 ], [ -1324418.227400000207126, -1076579.796300003305078 ], [ -1324432.694600001443177, -1076585.94850000157021 ], [ -1324443.667800003895536, -1076589.291199999628589 ], [ -1324459.136599997524172, -1076598.515099996002391 ], [ -1324470.412899997550994, -1076604.663300002226606 ], [ -1324481.744299996644258, -1076611.290999998338521 ], [ -1324493.151699999114498, -1076618.410399998072535 ], [ -1324504.661600002087653, -1076626.038000001339242 ], [ -1324514.724899997701868, -1076633.1963000013493 ], [ -1324526.52709999633953, -1076641.897899999748915 ], [ -1324538.54539999878034, -1076651.186999997589737 ], [ -1324550.843699998687953, -1076661.1125 ], [ -1324562.387600000947714, -1076670.78789999964647 ], [ -1324572.752799998270348, -1076680.133599999826401 ], [ -1324585.18739999528043, -1076691.224699998274446 ], [ -1324598.333099999697879, -1076703.258999997051433 ], [ -1324622.750000000232831, -1076726.77119999891147 ], [ -1324669.948099998291582, -1076772.172099999617785 ], [ -1324679.53769917669706, -1076781.264383854810148 ], [ -1324692.965899998089299, -1076793.996199997840449 ], [ -1324711.903499999782071, -1076811.287600002251565 ], [ -1324734.016999999294057, -1076831.010200003162026 ], [ -1324745.9101, -1076841.213599999202415 ], [ -1324754.277199995703995, -1076847.576000000117347 ], [ -1324764.431899996474385, -1076855.341800002148375 ], [ -1324775.509200000669807, -1076863.872999992687255 ], [ -1324788.430999999167398, -1076873.729499997105449 ], [ -1324799.224600000306964, -1076881.348800001433119 ], [ -1324809.914700001012534, -1076888.538899998413399 ], [ -1324816.207099997671321, -1076890.817000004695728 ], [ -1324830.9149, -1076899.689700003014877 ], [ -1324849.253199993865564, -1076910.948800004320219 ], [ -1324864.974800002295524, -1076919.370699998456985 ], [ -1324881.2501999984961, -1076927.592799999751151 ], [ -1324898.056799999438226, -1076935.021499991649762 ], [ -1324914.420699999202043, -1076941.628600004827604 ], [ -1324932.6212, -1076949.38050000090152 ], [ -1324954.749400002183393, -1076959.660800001816824 ], [ -1324973.804599998984486, -1076966.962699997937307 ], [ -1324993.830400002188981, -1076974.2765 ], [ -1325017.959699998609722, -1076984.052599996794015 ], [ -1325039.6897, -1076990.607299995841458 ], [ -1325088.929099999368191, -1077007.728200001176447 ], [ -1325181.806999998167157, -1077035.942400000523776 ], [ -1325220.1112, -1077047.915399998659268 ], [ -1325260.850000003119931, -1077061.580100001068786 ], [ -1325278.952899997355416, -1077067.834400001447648 ], [ -1325298.08460000064224, -1077075.232199998339638 ], [ -1325317.675499998265877, -1077081.890200001886114 ], [ -1325337.243499998934567, -1077089.610099998535588 ], [ -1325357.889100001892075, -1077098.632800003746524 ], [ -1325375.882799997692928, -1077106.54850000096485 ], [ -1325393.231399998534471, -1077114.624499996658415 ], [ -1325410.926600003847852, -1077123.061499999137595 ], [ -1325427.08879999560304, -1077131.509599996963516 ], [ -1325442.715300000272691, -1077140.173199997050688 ], [ -1325458.237399996025488, -1077148.81199999875389 ], [ -1325477.94029999547638, -1077159.50889999512583 ], [ -1325548.112300001084805, -1077195.033100000116974 ], [ -1325576.078999998513609, -1077209.264499996090308 ], [ -1325592.134599999524653, -1077218.271600003587082 ], [ -1325605.93220000108704, -1077226.282499995548278 ], [ -1325618.676900000777096, -1077234.0706 ], [ -1325630.490999998990446, -1077241.711299998220056 ], [ -1325644.662599997594953, -1077251.497200003592297 ], [ -1325655.800300000468269, -1077259.559699998702854 ], [ -1325666.82509999955073, -1077268.655799992848188 ], [ -1325676.83570000086911, -1077277.78629999817349 ], [ -1325685.878199998987839, -1077286.994600003585219 ], [ -1325693.97199999471195, -1077295.885099995182827 ], [ -1325697.66240000189282, -1077300.576500000432134 ], [ -1325700.316399999894202, -1077304.515999996569008 ], [ -1325703.542999999132007, -1077309.270700001623482 ], [ -1325706.539799998514354, -1077314.060099998256192 ], [ -1325712.374899995746091, -1077324.289399997098371 ], [ -1325717.745599997462705, -1077334.738200004212558 ], [ -1325721.705699997255579, -1077344.369399997638538 ], [ -1325725.343800002010539, -1077354.474800002062693 ], [ -1325729.321299996459857, -1077365.582099999533966 ], [ -1325732.834399995394051, -1077376.909000003011897 ], [ -1325734.936599998502061, -1077387.418399997754022 ], [ -1325736.717100000474602, -1077398.401899998774752 ], [ -1325738.836999998893589, -1077410.3872999928426 ], [ -1325740.492400004062802, -1077422.592299999669194 ], [ -1325740.879699998535216, -1077434.234299998031929 ], [ -1325741.606299998937175, -1077446.878300000680611 ], [ -1325741.868600001325831, -1077459.741799998097122 ], [ -1325741.666399996727705, -1077472.824899994768202 ], [ -1325740.195999997667968, -1077485.344899998512119 ], [ -1325739.065099999774247, -1077498.866999997757375 ], [ -1325737.469700001645833, -1077512.60870000324212 ], [ -1325734.606100001838058, -1077525.787300002062693 ], [ -1325732.08189999894239, -1077539.967999996617436 ], [ -1325729.093300000298768, -1077554.368100001476705 ], [ -1325724.836399995721877, -1077568.205299995373935 ], [ -1325720.918999999063089, -1077583.044599998742342 ], [ -1325716.537200000137091, -1077598.103299998678267 ], [ -1325710.88710000179708, -1077612.599099994637072 ], [ -1325705.576499998103827, -1077628.096900002099574 ], [ -1325699.801399993943051, -1077643.814199997112155 ], [ -1325692.717399998335168, -1077658.866199999349192 ], [ -1325685.018099998356774, -1077674.292599997017533 ], [ -1325679.879469691077247, -1077686.031742623541504 ], [ -1325677.849800000665709, -1077690.668500001076609 ], [ -1325669.372400002088398, -1077706.37900000042282 ], [ -1325662.43210000032559, -1077720.791800001636147 ], [ -1325681.1653001178056, -1077686.100543088279665 ], [ -1325698.175899997819215, -1077654.599300003610551 ], [ -1325707.982603063806891, -1077685.623981602024287 ], [ -1325709.816899996250868, -1077691.427000002702698 ], [ -1325719.862199996132404, -1077727.192599999485537 ], [ -1325728.408599999500439, -1077762.04129999736324 ], [ -1325736.203999996185303, -1077796.712700000731274 ], [ -1325745.197499998379499, -1077832.674199996050447 ], [ -1325753.083300000522286, -1077868.615399995120242 ], [ -1325759.470199999399483, -1077903.639700002269819 ], [ -1325765.106099998112768, -1077938.486799999140203 ], [ -1325769.990899998927489, -1077973.156500003766268 ], [ -1325774.872600002447143, -1078008.388600002042949 ], [ -1325778.25539999618195, -1078042.703800001647323 ], [ -1325780.887099998770282, -1078076.84160000202246 ], [ -1325782.76780000096187, -1078110.802199998870492 ], [ -1325783.896300000837073, -1078144.541900002863258 ], [ -1325785.022899998817593, -1078178.887500001117587 ], [ -1325783.957399998558685, -1078211.608300002291799 ], [ -1325782.125199995469302, -1078244.108899996383116 ], [ -1325780.290999999502674, -1078277.215500002726912 ], [ -1325777.664299995871261, -1078310.06879999791272 ], [ -1325774.328199997777119, -1078342.820800001500174 ], [ -1325770.241000001551583, -1078375.395600001793355 ], [ -1325766.110299998195842, -1078408.500100004021078 ], [ -1325760.521000003674999, -1078440.720199996838346 ], [ -1325754.180800000438467, -1078472.763099999865517 ], [ -1325747.089400000870228, -1078504.628700001398101 ], [ -1325739.954599999124184, -1078537.02399999811314 ], [ -1325734.969821068225428, -1078552.984503349056467 ], [ -1325730.364699997007847, -1078567.729400001000613 ], [ -1325720.050900000380352, -1078598.251000000629574 ], [ -1325709.979699997697026, -1078629.42769999941811 ], [ -1325699.133299997542053, -1078660.374899999471381 ], [ -1325686.852499997010455, -1078690.458099997369573 ], [ -1325673.531700000399724, -1078720.297399994218722 ], [ -1325665.715000001015142, -1078737.730400001863018 ], [ -1325658.4318999981042, -1078755.730699997395277 ], [ -1325650.299499996239319, -1078772.853399992920458 ], [ -1325642.691799997352064, -1078790.454100002534688 ], [ -1325634.249999998603016, -1078807.141200000187382 ], [ -1325626.346500001382083, -1078824.275800001807511 ], [ -1325618.304099999368191, -1078841.157399999443442 ], [ -1325608.448899995535612, -1078856.281600001500919 ], [ -1325600.151900002267212, -1078872.610299993073568 ], [ -1325591.73279999778606, -1078888.652799998875707 ], [ -1325582.515399996424094, -1078903.691500003449619 ], [ -1325573.866499999072403, -1078919.134400000795722 ], [ -1325565.109899999806657, -1078934.264699992723763 ], [ -1326114.14917049696669, -1079063.935720330104232 ], [ -1327226.62929999618791, -1079326.679099997039884 ], [ -1326300.585699999239296, -1080186.576699995668605 ], [ -1326489.40010555787012, -1080753.019859577529132 ], [ -1326644.23978986684233, -1081217.538865688722581 ], [ -1326960.207638813648373, -1082165.442317000590265 ], [ -1326962.045400001341477, -1082170.955599999055266 ], [ -1329475.592099994421005, -1083427.728999997954816 ], [ -1333973.517799995839596, -1079591.262999998638406 ], [ -1336288.626599998911843, -1078599.07350000157021 ], [ -1337413.107999994652346, -1077342.300099995685741 ], [ -1341911.033599998103455, -1072844.374499992467463 ], [ -1345416.769800001988187, -1070661.557600001338869 ], [ -1347202.710899999830872, -1065700.61019999277778 ], [ -1347619.000683763762936, -1064793.693153418367729 ], [ -1349054.797899997793138, -1061665.706300003454089 ], [ -1348786.664557400159538, -1061372.904140589758754 ], [ -1348237.108908190624788, -1060772.788245846517384 ], [ -1348009.976599994581193, -1060524.759299997705966 ], [ -1347966.98270000028424, -1060520.624200003454462 ], [ -1347954.72929999884218, -1060519.136599991703406 ], [ -1347904.077200000174344, -1060509.905400003073737 ], [ -1347853.339299996150658, -1060501.343800000380725 ], [ -1347802.515799996675923, -1060493.451999999582767 ], [ -1347751.606499999063089, -1060486.229799998458475 ], [ -1347700.611500001046807, -1060479.677399992709979 ], [ -1347649.530799995642155, -1060473.794600000139326 ], [ -1347625.119599999859929, -1060471.514999997569248 ], [ -1347590.742299995850772, -1060468.348 ], [ -1347546.144399997312576, -1060464.276199999032542 ], [ -1347503.935600000200793, -1060461.524 ], [ -1347464.566499999258667, -1060459.281800001161173 ], [ -1347430.932300001848489, -1060458.921500000404194 ], [ -1347329.271599999861792, -1060461.525999999605119 ], [ -1347289.589599999599159, -1060462.212099991971627 ], [ -1347268.732099995017052, -1060462.310900000855327 ], [ -1347249.26689999550581, -1060462.180500004440546 ], [ -1347230.832799998810515, -1060461.818300002021715 ], [ -1347213.243999995291233, -1060461.220300001325086 ], [ -1347192.894599995808676, -1060460.174900001147762 ], [ -1347173.404100001556799, -1060458.768699996871874 ], [ -1347148.536699997261167, -1060454.4501 ], [ -1347124.315699995029718, -1060449.753299997420982 ], [ -1347094.540600000182167, -1060442.123799999477342 ], [ -1347071.397999997483566, -1060436.641599999042228 ], [ -1347048.734599997987971, -1060430.756499999668449 ], [ -1347020.408100002910942, -1060421.918599997414276 ], [ -1346995.608100002631545, -1060414.346700001275167 ], [ -1346964.533100000349805, -1060403.443399998359382 ], [ -1346939.361200000392273, -1060394.281799995340407 ], [ -1346913.935899997828528, -1060384.302700003841892 ], [ -1346894.333199999062344, -1060376.037599998526275 ], [ -1346874.349599995883182, -1060366.905000002589077 ], [ -1346853.899499999592081, -1060356.866000002017245 ], [ -1346832.85729999630712, -1060345.859000002965331 ], [ -1346814.364199999487028, -1060335.667099994374439 ], [ -1346795.177699997555465, -1060324.631599998334423 ], [ -1346781.527699997881427, -1060317.297199999447912 ], [ -1346766.635299995075911, -1060308.796199997887015 ], [ -1346753.67660000291653, -1060301.177599999355152 ], [ -1346738.636199999367818, -1060291.976100003346801 ], [ -1346682.707499996060506, -1060255.661900000181049 ], [ -1346659.425000002607703, -1060240.20650000218302 ], [ -1346628.6131, -1060219.9601 ], [ -1346609.949299994623289, -1060209.432300004176795 ], [ -1346590.557499997783452, -1060197.324699994176626 ], [ -1346568.994100000942126, -1060183.431299996562302 ], [ -1346550.577099998248741, -1060172.536500002024695 ], [ -1346532.521899999585003, -1060162.179199998034164 ], [ -1346514.748699998250231, -1060152.318899997277185 ], [ -1346499.944899997208267, -1060145.366099995095283 ], [ -1346487.304807260632515, -1060139.74554650275968 ], [ -1346485.358499999856576, -1060138.880100000184029 ], [ -1346470.959199998993427, -1060132.8472999939695 ], [ -1346434.950499998172745, -1060118.456099995877594 ], [ -1346398.814799998886883, -1060104.460099999792874 ], [ -1346362.596600001212209, -1060090.8767 ], [ -1346326.33659999538213, -1060077.720999998040497 ], [ -1346290.078000001609325, -1060065.008599998429418 ], [ -1346252.934299999149516, -1060050.69099999871105 ], [ -1346217.221376010682434, -1060035.735121570993215 ], [ -1346214.93969999672845, -1060034.779600002104416 ], [ -1346176.12539999675937, -1060017.284800004446879 ], [ -1346138.385300001362339, -1060002.34330000099726 ], [ -1346100.80059999646619, -1059987.894899999722838 ], [ -1346062.479200002737343, -1059971.887200003722683 ], [ -1346027.117700000992045, -1059962.565799998585135 ], [ -1345991.986200001789257, -1059953.757800005376339 ], [ -1345957.102799998829141, -1059945.467999999644235 ], [ -1345922.487399996258318, -1059937.70079999929294 ], [ -1345888.157599998638034, -1059930.460499997483566 ], [ -1345854.251999996136874, -1059923.773599998326972 ], [ -1345820.662399996770546, -1059917.61630000337027 ], [ -1345786.727400002302602, -1059907.146899999585003 ], [ -1345753.136500002583489, -1059897.212200003443286 ], [ -1345719.903499999083579, -1059887.814100002869964 ], [ -1345687.038800000911579, -1059878.954100000904873 ], [ -1345654.553899995982647, -1059870.6336000028532 ], [ -1345622.458699997514486, -1059862.853699999162927 ], [ -1345596.176600001053885, -1059859.736200000625104 ], [ -1345565.572500003268942, -1059857.884499998530373 ], [ -1345535.385099998675287, -1059856.575200001709163 ], [ -1345505.622099998872727, -1059855.80870000156574 ], [ -1345476.291599999880418, -1059855.585200001252815 ], [ -1345447.399900000775233, -1059855.90469999355264 ], [ -1345418.953399999067187, -1059856.767100000986829 ], [ -1345390.9581, -1059858.172200000844896 ], [ -1345373.7443, -1059859.381999996490777 ], [ -1345354.540100002661347, -1059859.911299999803305 ] ] ] } },
{ "type": "Feature", "properties": { "ID": 1077, "YEAR": "2014-2015", "Perimtr_KM": 9.6186046193799992, "AREA_KM": 3.6908824470199999, "SCALE": 1, "THICKNES_M": 279.83502705900003, "VOLUME_KM": 1.0328381894300001, "MASS_GT": 0.94711261971000005, "RECURRANCE": "2-3", "UA_KM": 0.0480930231, "UH_M": 23.226307131399999, "UC_KM": 0.07902680171, "REGION": "West", "ICESHELF": "Getz" }, "geometry": { "type": "Polygon", "coordinates": [ [ [ -1539921.601661071181297, -843029.814868984743953 ], [ -1539913.841699996264651, -843050.57149999612011 ], [ -1539896.887299997499213, -843096.400800000410527 ], [ -1539886.529724128544331, -843123.671303635695949 ], [ -1539878.739999994402751, -843144.180900003062561 ], [ -1539864.035400000633672, -843187.330599999986589 ], [ -1539855.246999997412786, -843212.608800003770739 ], [ -1539847.103999996557832, -843236.960899994708598 ], [ -1539839.549199994653463, -843260.557900001993403 ], [ -1539832.54669999750331, -843283.512499992735684 ], [ -1539826.97560000163503, -843306.108100003562868 ], [ -1539820.992699999827892, -843328.065799993462861 ], [ -1539815.497999998973683, -843349.604599994374439 ], [ -1539810.479699997697026, -843370.770900001516566 ], [ -1539801.518399997614324, -843411.683499996550381 ], [ -1539799.885799998417497, -843450.585200002649799 ], [ -1539792.294200000585988, -843492.592499994440004 ], [ -1539785.127399999182671, -843535.133200000040233 ], [ -1539778.552399997133762, -843578.25120000494644 ], [ -1539772.565300000132993, -843621.972000000067055 ], [ -1539767.1627999949269, -843666.319500002544373 ], [ -1539762.341499996604398, -843711.321399998152629 ], [ -1539758.272499999031425, -843756.984699999447912 ], [ -1539754.607199997873977, -843803.338099998654798 ], [ -1539751.512400000123307, -843850.446399999549612 ], [ -1539757.1499, -843898.058799999766052 ], [ -1539755.188300000503659, -843946.803300000261515 ], [ -1539753.788999996613711, -843996.45400000247173 ], [ -1539752.950399994617328, -844047.075800000689924 ], [ -1539752.670999997993931, -844098.74889999977313 ], [ -1539752.904800003394485, -844147.024299999466166 ], [ -1539753.606800001114607, -844196.34279999951832 ], [ -1539754.778299998026341, -844246.802700005006045 ], [ -1539756.42220000224188, -844298.532799998065457 ], [ -1539767.892000002553686, -844346.996099998243153 ], [ -1539770.494199994718656, -844401.697000003186986 ], [ -1539773.591800002614036, -844458.255800004815683 ], [ -1539777.204599998658523, -844517.035500002559274 ], [ -1539779.519999997224659, -844568.12419999926351 ], [ -1539783.385799997253343, -844621.879499999340624 ], [ -1539787.704400001093745, -844678.525099999038503 ], [ -1539792.560099996859208, -844739.172699997900054 ], [ -1539807.96870000124909, -844845.7481000025291 ], [ -1539829.449299999047071, -845100.35380000108853 ], [ -1539839.320499999448657, -845219.702899998985231 ], [ -1539848.832499996526167, -845244.519000000553206 ], [ -1539850.662000000942498, -845273.752299998421222 ], [ -1539852.290900001768023, -845304.689499993808568 ], [ -1539853.750599997350946, -845337.922999994130805 ], [ -1539855.905499994754791, -845400.413499999791384 ], [ -1539859.5739, -845557.185400003101677 ], [ -1539861.183399999747053, -845600.969000001670793 ], [ -1539862.981499999063089, -845640.295099998591468 ], [ -1539872.492199995787814, -845686.275299998233095 ], [ -1539875.359599998686463, -845725.966799999587238 ], [ -1539878.699199999449775, -845763.491000001085922 ], [ -1539882.543599999044091, -845799.206000000936911 ], [ -1539885.288700001547113, -845821.290199999464676 ], [ -1539888.260100001236424, -845842.796700000297278 ], [ -1539891.463999999454245, -845863.770800000522286 ], [ -1539894.90589999826625, -845884.24790000426583 ], [ -1539898.592299999436364, -845904.265800000401214 ], [ -1539901.34540000022389, -845924.034999998984858 ], [ -1539905.532799996901304, -845943.195899998536333 ], [ -1539909.977300001308322, -845961.958899997640401 ], [ -1539914.689899997552857, -845980.368000000016764 ], [ -1539919.668200000887737, -845998.410600000293925 ], [ -1539924.91609999909997, -846016.100400001509115 ], [ -1539930.436999996891245, -846033.44910000031814 ], [ -1539935.053399998461828, -846050.660299999639392 ], [ -1539941.13099999865517, -846067.359100000467151 ], [ -1539947.491400000406429, -846083.745799992466345 ], [ -1539954.137799998279661, -846099.828000002307817 ], [ -1539961.323700000299141, -846115.705499997828156 ], [ -1539974.236299998126924, -846134.346099992049858 ], [ -1539983.171999995829538, -846150.386700003175065 ], [ -1539993.014999999664724, -846166.56849999865517 ], [ -1540003.015000002225861, -846182.959399999119341 ], [ -1540014.758299998706207, -846199.565800001844764 ], [ -1540027.533900000154972, -846216.505099999485537 ], [ -1540040.663300000596792, -846233.933100001420826 ], [ -1540052.787500001490116, -846248.409999992698431 ], [ -1540065.055699996650219, -846263.437900002347305 ], [ -1540079.131499999435619, -846279.089700002223253 ], [ -1540094.517899999395013, -846295.704399996902794 ], [ -1540123.111599997617304, -846326.464800001122057 ], [ -1540193.645400000270456, -846401.222200001589954 ], [ -1540213.253600001335144, -846421.87009999807924 ], [ -1540230.540199995739385, -846440.60329999984242 ], [ -1540251.439699997892603, -846461.625400002812967 ], [ -1540265.935913869645447, -846478.740925227990374 ], [ -1540267.779899996938184, -846480.918099997099489 ], [ -1540285.49350000359118, -846500.17660000314936 ], [ -1540299.073399994056672, -846518.219600001815706 ], [ -1540306.244099996518344, -846528.282100000418723 ], [ -1540315.865400003734976, -846538.916500000748783 ], [ -1540322.299699997529387, -846548.780100001487881 ], [ -1540328.380599997704849, -846558.566699999151751 ], [ -1540334.11750000086613, -846568.29140000208281 ], [ -1540353.586300000781193, -846581.72109999647364 ], [ -1540386.91489999787882, -846597.005400001071393 ], [ -1540391.649600000586361, -846606.597600003238767 ], [ -1540396.063900002511218, -846616.173800002317876 ], [ -1540400.155399998417124, -846625.729600000660866 ], [ -1540407.482999994652346, -846635.692199999233708 ], [ -1540410.936499998904765, -846645.226000002585351 ], [ -1540414.074300000444055, -846654.757799999322742 ], [ -1540416.897799997590482, -846664.291900003096089 ], [ -1540419.408299997448921, -846673.832800002768636 ], [ -1540421.607000002637506, -846683.384799990803003 ], [ -1540426.499500001082197, -846707.842199999373406 ], [ -1540430.8058, -846732.679199998266995 ], [ -1540438.048999996390194, -846758.125300000188872 ], [ -1540441.092499998165295, -846783.175099995685741 ], [ -1540443.471900002565235, -846808.068999997340143 ], [ -1540445.1791, -846832.709199995733798 ], [ -1540446.206000000936911, -846856.980400003027171 ], [ -1540446.548699997598305, -846880.787899993127212 ], [ -1540446.210399998584762, -846903.897100004833192 ], [ -1540445.196800002129748, -846926.395800001453608 ], [ -1540443.510399997234344, -846948.222499993629754 ], [ -1540441.155399999581277, -846969.32699999702163 ], [ -1540439.546529565006495, -846980.166494608856738 ], [ -1540438.13789999880828, -846989.65689999749884 ], [ -1540430.906300001079217, -847008.763399997027591 ], [ -1540428.823899997631088, -847018.215400001034141 ], [ -1540433.81870000064373, -847028.319799999007955 ], [ -1540464.324675132054836, -847037.8482878531795 ], [ -1540482.087899999227375, -847043.396599999628961 ], [ -1540502.459600000875071, -847055.59250000375323 ], [ -1540498.063700000522658, -847069.0538999971468 ], [ -1540493.056499994592741, -847082.559500003699213 ], [ -1540486.685800001490861, -847095.90999999968335 ], [ -1540480.460999998031184, -847109.491000001318753 ], [ -1540473.630499996012077, -847123.102899991208687 ], [ -1540843.537015186389908, -846639.362196141621098 ], [ -1541033.305453392444178, -846391.194850889965892 ], [ -1541185.015500000678003, -846192.797900000819936 ], [ -1541065.650021014036611, -845655.653272758005187 ], [ -1540688.636318476637825, -843959.091700422344729 ], [ -1540673.570461576571688, -843891.295347927138209 ], [ -1540550.014199996599928, -843335.292199996300042 ], [ -1540444.881063496693969, -843207.343775944085792 ], [ -1540313.41690438427031, -843047.350147514604032 ], [ -1540142.318234454840422, -842839.120792790316045 ], [ -1540041.91906980285421, -842716.933675387408584 ], [ -1540034.969700001878664, -842708.476199997821823 ], [ -1540027.992899998323992, -842732.215100002475083 ], [ -1540020.428199996473268, -842756.588500002631918 ], [ -1540012.237799994181842, -842781.718499996466562 ], [ -1540004.568100002361462, -842806.123499997891486 ], [ -1539995.639699996914715, -842831.437899996060878 ], [ -1539985.975099998759106, -842857.966200000606477 ], [ -1539975.414999995846301, -842886.146200004965067 ], [ -1539954.195000001695007, -842942.633000002475455 ], [ -1539921.601661071181297, -843029.814868984743953 ] ] ] } },
{ "type": "Feature", "properties": { "ID": 1078, "YEAR": "2014-2015", "Perimtr_KM": 13.230681990800001, "AREA_KM": 4.46532569785, "SCALE": 1, "THICKNES_M": 354.56218610500002, "VOLUME_KM": 1.5832356411, "MASS_GT": 1.45182708289, "RECURRANCE": "1-2", "UA_KM": 0.06615340995000001, "UH_M": 29.428661301599998, "UC_KM": 0.12114002982, "REGION": "West", "ICESHELF": "Getz" }, "geometry": { "type": "Polygon", "coordinates": [ [ [ -1538406.050550820771605, -836998.454851015470922 ], [ -1538405.233499999856576, -837004.329999995883554 ], [ -1538400.994399995077401, -837047.808000000892207 ], [ -1538397.140200000489131, -837090.843400002922863 ], [ -1538393.765900001628324, -837133.46190000185743 ], [ -1538391.649300002958626, -837175.662500004982576 ], [ -1538389.406099997693673, -837217.313700004480779 ], [ -1538387.072800001129508, -837258.807400002144277 ], [ -1538377.960999997565523, -837429.048400003230199 ], [ -1538373.260899995220825, -837523.024099995847791 ], [ -1538371.970199995441362, -837610.896900000050664 ], [ -1538368.603399998042732, -837691.202100001042709 ], [ -1538365.951399999670684, -837771.412100000539795 ], [ -1538364.080799999646842, -837846.981699997093529 ], [ -1538362.964199999347329, -837919.029800004558638 ], [ -1538362.592999998945743, -837988.164100000634789 ], [ -1538362.696199998725206, -838023.616099998820573 ], [ -1538364.240000000456348, -838057.872500000987202 ], [ -1538365.700699995737523, -838091.806699998443946 ], [ -1538366.425199998542666, -838125.512299998663366 ], [ -1538367.35819999827072, -838158.717600002419204 ], [ -1538368.500499998917803, -838191.445700002834201 ], [ -1538369.853000002447516, -838223.723900000797585 ], [ -1538372.9122, -838255.203100002603605 ], [ -1538374.689899998484179, -838286.677199994213879 ], [ -1538376.681199997430667, -838317.763999997870997 ], [ -1538378.88739999756217, -838348.480799996759742 ], [ -1538381.309400000609457, -838378.842999999877065 ], [ -1538384.051399999065325, -838408.602099998388439 ], [ -1538386.908900002250448, -838438.298400000436231 ], [ -1538389.985800001770258, -838467.679300000425428 ], [ -1538396.222799998708069, -838495.903000000864267 ], [ -1538405.652699996018782, -838537.312699997099116 ], [ -1538411.321499996352941, -838580.434400000609457 ], [ -1538417.396399997873232, -838623.673900001915172 ], [ -1538425.104199999244884, -838666.540199996670708 ], [ -1538431.988100001355633, -838709.99240000359714 ], [ -1538439.274599995464087, -838753.539099999237806 ], [ -1538446.962400001473725, -838797.172100003343076 ], [ -1538455.050100000575185, -838840.883199994452298 ], [ -1538464.764299995498732, -838884.182700002798811 ], [ -1538473.64729999913834, -838928.02669999981299 ], [ -1538486.914899998344481, -838969.989000001689419 ], [ -1538496.861800001235679, -839013.775699997553602 ], [ -1538508.07619999954477, -839057.277699997415766 ], [ -1538518.5273, -839101.278200003318489 ], [ -1538529.364999995799735, -839145.294900001725182 ], [ -1538540.587000000756234, -839189.318300004350021 ], [ -1538553.347800001734868, -839232.881800000555813 ], [ -1538565.335900001227856, -839276.905600001802668 ], [ -1538577.700899999123067, -839320.907199998851866 ], [ -1538591.592700002482161, -839364.403400002513081 ], [ -1538607.169400000944734, -839407.503699998604134 ], [ -1538621.445599997648969, -839451.22289999271743 ], [ -1538636.330100000370294, -839494.640999995870516 ], [ -1538650.535900000715628, -839538.378899998730049 ], [ -1538665.100499998778105, -839582.034600003855303 ], [ -1538681.060499999672174, -839625.202300003729761 ], [ -1538696.33119999920018, -839668.658100004307926 ], [ -1538712.989799999631941, -839711.604499992448837 ], [ -1538728.951299996580929, -839754.817300000460818 ], [ -1538745.252199997194111, -839797.892099992139265 ], [ -1538764.907999995630234, -839839.757899998687208 ], [ -1538786.353600001428276, -839880.577799995196983 ], [ -1538821.653599999845028, -839966.192099996842444 ], [ -1538851.568100002827123, -840036.102599997073412 ], [ -1538877.670000003185123, -840099.556699996814132 ], [ -1538902.330799998482689, -840158.044900002889335 ], [ -1538904.822372273309156, -840163.675595177104697 ], [ -1538927.327299998607486, -840214.534399999072775 ], [ -1538951.10169999836944, -840267.584499999415129 ], [ -1538982.632499996805564, -840315.342099996749312 ], [ -1538994.599599994253367, -840339.962899994105101 ], [ -1539006.536099997349083, -840364.064399999566376 ], [ -1539018.079399998299778, -840387.923599998001009 ], [ -1539030.329800000414252, -840411.698699996806681 ], [ -1539042.586800002260134, -840435.002599997678772 ], [ -1539054.860499999718741, -840457.854300003033131 ], [ -1539066.44969999906607, -840479.863899996737018 ], [ -1539078.784999997587875, -840501.863199998857453 ], [ -1539091.161999999545515, -840523.456000001169741 ], [ -1539102.875400000717491, -840544.24399999785237 ], [ -1539115.363699998706579, -840565.071099997265264 ], [ -1539127.912599991075695, -840585.523100001970306 ], [ -1539139.815299997571856, -840605.19880000478588 ], [ -1539152.500899999169633, -840624.925999992527068 ], [ -1539165.262600001879036, -840644.302699994994327 ], [ -1539177.391699996776879, -840662.924500002991408 ], [ -1539190.316699997289106, -840681.617300001671538 ], [ -1539203.329100003698841, -840699.976499999640509 ], [ -1539210.932500002905726, -840710.91640000231564 ], [ -1539219.56869999691844, -840722.239300000015646 ], [ -1539230.576800000621006, -840733.004099996760488 ], [ -1539243.574199996888638, -840743.602400000672787 ], [ -1539257.486599997151643, -840753.619000000646338 ], [ -1539268.376899996073917, -840764.717999999411404 ], [ -1539278.901500003645197, -840775.688499996438622 ], [ -1539289.219799995888025, -840786.576299999374896 ], [ -1539300.230199999641627, -840797.868900003377348 ], [ -1539311.612099997699261, -840809.192999996710569 ], [ -1539323.590999996522442, -840820.255100001581013 ], [ -1539335.751099997898564, -840831.677000004099682 ], [ -1539348.318099997704849, -840843.164999996311963 ], [ -1539361.529399995459244, -840854.435299997916445 ], [ -1539374.976499998010695, -840866.115499997045845 ], [ -1539388.901399998692796, -840877.925099999411032 ], [ -1539393.476937020430341, -840881.600052100839093 ], [ -1539412.846400002250448, -840897.157100001350045 ], [ -1539438.330099996877834, -840916.960299998987466 ], [ -1539465.39180000172928, -840937.842000001110137 ], [ -1539494.969999998575076, -840959.586500002536923 ], [ -1539521.433999996632338, -840978.577000001212582 ], [ -1539551.087099998723716, -840999.570399997523054 ], [ -1539591.187076381174847, -841027.786490726517513 ], [ -1539650.934099996928126, -841069.827100003836676 ], [ -1539688.306299998657778, -841096.248200002592057 ], [ -1539725.261299996869639, -841122.885699992068112 ], [ -1539757.56509999721311, -841147.005100002279505 ], [ -1539774.740299997851253, -841160.533200000179932 ], [ -1539791.501300001051277, -841173.76029999833554 ], [ -1539807.222799998009577, -841185.342100000707433 ], [ -1539905.719629373168573, -840804.576269913464785 ], [ -1539927.316642771475017, -840721.087240010267124 ], [ -1540005.56326156319119, -840418.604013448348269 ], [ -1540014.864838643698022, -840382.646280178101733 ], [ -1540021.770484306151047, -840355.950660449219868 ], [ -1540030.434777182992548, -840322.456519664032385 ], [ -1540113.450900000752881, -840001.53550000465475 ], [ -1540053.691920284647495, -839864.943560204468668 ], [ -1540045.420175430132076, -839846.036716724513099 ], [ -1540022.864143432816491, -839794.480077383574098 ], [ -1539328.839312999742106, -838208.13776840781793 ], [ -1539149.115317559568211, -837797.340106126619503 ], [ -1539148.834841251606122, -837796.699017491191626 ], [ -1539127.161021288484335, -837747.158862588694319 ], [ -1539002.19860000256449, -837461.53049999801442 ], [ -1538796.391448957612738, -835119.542162543861195 ], [ -1538782.04489999753423, -834956.285200002370402 ], [ -1538767.294499996351078, -835036.373200002359226 ], [ -1538751.970200000796467, -835119.21460000355728 ], [ -1538737.517800000496209, -835189.545099997194484 ], [ -1538723.104499995941296, -835262.561799997696653 ], [ -1538708.805299997562543, -835339.171700004255399 ], [ -1538695.673700001789257, -835420.92660000314936 ], [ -1538663.114400001242757, -835574.524600001517683 ], [ -1538606.996799997752532, -835848.221600000280887 ], [ -1538584.456600000383332, -835953.47099999897182 ], [ -1538560.935799998929724, -836059.876600004266948 ], [ -1538541.23529999749735, -836155.441800001077354 ], [ -1538521.214999996591359, -836259.019700000528246 ], [ -1538503.965599996503443, -836356.076699997298419 ], [ -1538495.221199997002259, -836403.032400003867224 ], [ -1538485.739599998109043, -836449.268100003479049 ], [ -1538477.775800000410527, -836494.227899997029454 ], [ -1538470.175999994855374, -836538.336900002323091 ], [ -1538461.830699998186901, -836588.343599998857826 ], [ -1538453.936400001635775, -836637.419400000013411 ], [ -1538445.482599998824298, -836685.844999995781109 ], [ -1538440.451999999815598, -836732.222500001313165 ], [ -1538433.836499996716157, -836778.982500005280599 ], [ -1538427.630599997704849, -836825.084599999710917 ], [ -1538421.827800000552088, -836870.577199992490932 ], [ -1538416.423000001814216, -836915.501200003782287 ], [ -1538411.405700000468642, -836959.947700004093349 ], [ -1538406.050550820771605, -836998.454851015470922 ] ] ] } },
{ "type": "Feature", "properties": { "ID": 1079, "YEAR": "2014-2015", "Perimtr_KM": 32.8471726123, "AREA_KM": 13.8161884662, "SCALE": 2, "THICKNES_M": 229.30917527899999, "VOLUME_KM": 3.1681787826800001, "MASS_GT": 2.9052199437200001, "RECURRANCE": "1-2", "UA_KM": 0.16423586306, "UH_M": 19.032661454300001, "UC_KM": 0.2424107077, "REGION": "West", "ICESHELF": "Getz" }, "geometry": { "type": "Polygon", "coordinates": [ [ [ -1542428.174995527137071, -819351.832706666085869 ], [ -1542422.312199999345466, -819357.854800001950935 ], [ -1542410.876301285810769, -819368.88262808159925 ], [ -1542408.249599996488541, -819371.415599998785183 ], [ -1542397.07209999859333, -819381.68590000201948 ], [ -1542384.870900001609698, -819391.831099994713441 ], [ -1542372.362399998819456, -819401.808899999596179 ], [ -1542359.52679999708198, -819411.680000001797453 ], [ -1542346.177599396090955, -819421.209038341417909 ], [ -1542345.8447999979835, -819421.446600004099309 ], [ -1542331.270999999251217, -819431.18589999829419 ], [ -1542316.243500001728535, -819440.865199999185279 ], [ -1542302.708138663787395, -819449.07700361427851 ], [ -1542300.20489999698475, -819450.595699997851625 ], [ -1542284.089799999259412, -819460.057900002459064 ], [ -1542267.050799997756258, -819469.659299998544157 ], [ -1542248.689500002423301, -819479.520399996312335 ], [ -1542229.200499997474253, -819489.73390000150539 ], [ -1542209.980300003895536, -819499.429699995322153 ], [ -1542188.798900002148002, -819509.969599999953061 ], [ -1542107.883299997774884, -819549.160399992950261 ], [ -1542074.108499997062609, -819565.817499997327104 ], [ -1542056.119499999564141, -819574.990200002444908 ], [ -1542047.809949612244964, -819579.549058926291764 ], [ -1542040.640000002458692, -819583.482700002612546 ], [ -1542025.677499996963888, -819591.794199995929375 ], [ -1542012.262400000588968, -819599.782099999953061 ], [ -1541996.554900000570342, -819609.588000000920147 ], [ -1541980.571800000267103, -819619.41870000003837 ], [ -1541966.246699998853728, -819629.324599998770282 ], [ -1541951.634900002041832, -819639.28010000102222 ], [ -1541936.473799999337643, -819649.434499994385988 ], [ -1541922.710499997483566, -819659.652299999259412 ], [ -1541909.2361, -819669.88909999304451 ], [ -1541896.668799999635667, -819680.366499995114282 ], [ -1541884.42589999944903, -819690.411500000860542 ], [ -1541872.953600002918392, -819700.691899992991239 ], [ -1541861.499799998709932, -819711.238600000273436 ], [ -1541849.311700003687292, -819722.082999994046986 ], [ -1541837.881499995477498, -819733.174499997869134 ], [ -1541826.455200002295896, -819744.546100004110485 ], [ -1541802.842599997064099, -819768.180200000992045 ], [ -1541791.455555064603686, -819780.500748644117266 ], [ -1541779.939300002064556, -819792.961099994136021 ], [ -1541756.1637, -819819.034000001149252 ], [ -1541732.937100002542138, -819846.429399997927248 ], [ -1541718.426590711576864, -819863.699299513828009 ], [ -1541708.656599996844307, -819875.327200000407174 ], [ -1541686.134199999505654, -819903.961899996269494 ], [ -1541662.31859999941662, -819934.2721000041347 ], [ -1541638.506099996622652, -819966.46489999582991 ], [ -1541612.828999999444932, -820001.096699999878183 ], [ -1541587.72569999913685, -820035.314999999012798 ], [ -1541561.124299999326468, -820072.999899997375906 ], [ -1541473.977800001623109, -820196.597699992591515 ], [ -1541448.465899996925145, -820232.540099994046614 ], [ -1541424.00149999675341, -820269.168999993242323 ], [ -1541400.514799999305978, -820306.447500003268942 ], [ -1541376.668999996501952, -820344.438299995614216 ], [ -1541353.123299998696893, -820383.124899991322309 ], [ -1541330.5347, -820422.494900000747293 ], [ -1541307.565099998842925, -820462.61400000215508 ], [ -1541300.823378920089453, -820474.688886884367093 ], [ -1541284.911699997028336, -820503.187800001818687 ], [ -1541261.168400001712143, -820544.51550000323914 ], [ -1541239.675799999851733, -820586.849999998463318 ], [ -1541217.864799996605143, -820629.996100001735613 ], [ -1541196.854800002649426, -820673.937399998074397 ], [ -1541175.505199995590374, -820718.733900000806898 ], [ -1541154.930899997474626, -820764.379599997773767 ], [ -1541134.5524, -820810.926099999109283 ], [ -1541113.787799996556714, -820858.430799997178838 ], [ -1541094.156800003256649, -820905.898099998245016 ], [ -1541071.908999999519438, -820954.276699997717515 ], [ -1541050.967599998228252, -821003.697299999883398 ], [ -1541031.040199998533353, -821054.261600000783801 ], [ -1541011.818900000303984, -821106.013499999651685 ], [ -1540991.83859999710694, -821159.083000001031905 ], [ -1540972.787799997720867, -821213.382600001059473 ], [ -1540953.528399996692315, -821269.273099996848032 ], [ -1540948.18578187818639, -821285.246177945286036 ], [ -1540934.587099996395409, -821325.902799998177215 ], [ -1540914.567699997220188, -821384.418800001731142 ], [ -1540892.255999999120831, -821444.942799993325025 ], [ -1540872.333599998382851, -821508.029099997365847 ], [ -1540852.031600000569597, -821573.449599999934435 ], [ -1540830.937599998200312, -821642.703899996122345 ], [ -1540808.728899997193366, -821716.665399997960776 ], [ -1540784.557700001401827, -821798.341600001789629 ], [ -1540776.112599996151403, -821827.950599995441735 ], [ -1540766.029100002255291, -821858.233900000806898 ], [ -1540756.430099997436628, -821889.263300005113706 ], [ -1540748.853399998508394, -821921.410100000211969 ], [ -1540741.533199999015778, -821954.53240000247024 ], [ -1540734.430500001413748, -821988.80169999692589 ], [ -1540727.512900000903755, -822024.374100000364706 ], [ -1540720.734199997968972, -822061.486900001065806 ], [ -1540715.4253, -822093.059099995531142 ], [ -1540709.96250000083819, -822126.222199999494478 ], [ -1540704.453699998324737, -822161.216899991501123 ], [ -1540698.795200003311038, -822198.700899999355897 ], [ -1540688.639399998122826, -822269.274200003361329 ], [ -1540663.57099999836646, -822445.328800003044307 ], [ -1540656.371300002560019, -822494.73629999649711 ], [ -1540656.279109517112374, -822495.340398245491087 ], [ -1540649.601299996953458, -822539.098199994070455 ], [ -1540641.762400000123307, -822587.579099998576567 ], [ -1540633.929999998304993, -822632.810499993385747 ], [ -1540626.818300002720207, -822675.778700000839308 ], [ -1540623.482401891611516, -822692.40819590119645 ], [ -1540618.637800000142306, -822716.558599999640137 ], [ -1540613.093699998222291, -822739.685700002359226 ], [ -1540608.050700003281236, -822762.522799995960668 ], [ -1540603.146399996709079, -822784.852300000842661 ], [ -1540597.856500001158565, -822806.558999993139878 ], [ -1540592.433600001735613, -822827.840699999826029 ], [ -1540586.872699999716133, -822848.716299998573959 ], [ -1540581.289399997098371, -822869.199199998285621 ], [ -1540575.43510000128299, -822889.32739999727346 ], [ -1540569.418400003109127, -822909.133999992860481 ], [ -1540563.242300001205876, -822928.608300001826137 ], [ -1540556.902300000423566, -822947.764099997933954 ], [ -1540550.394299997016788, -822966.613699992420152 ], [ -1540543.71399999782443, -822985.169599999673665 ], [ -1540542.652280109701678, -822988.048762344755232 ], [ -1540536.979999997653067, -823003.430799999274313 ], [ -1540529.945399996358901, -823021.425500001525506 ], [ -1540522.728799995267764, -823039.152499997057021 ], [ -1540506.29229999682866, -823078.010699995793402 ], [ -1540489.518599997274578, -823116.658999999286607 ], [ -1540472.075899999355897, -823155.089599998435006 ], [ -1540454.663999998709187, -823193.473400003975257 ], [ -1540436.765499997651204, -823230.455400002887473 ], [ -1540417.813500000629574, -823268.244500000728294 ], [ -1540398.6266, -823305.99869999778457 ], [ -1540378.668399996589869, -823343.360100004589185 ], [ -1540358.475299996556714, -823380.686499999137595 ], [ -1540337.510900000343099, -823417.620400004088879 ], [ -1540316.311600000830367, -823454.519199998816475 ], [ -1540294.341099996119738, -823491.025199996540323 ], [ -1540272.135599997127429, -823527.496399998199195 ], [ -1540249.158899999689311, -823563.574800002854317 ], [ -1540225.947200001217425, -823599.618399997940287 ], [ -1540202.106800002744421, -823635.238399998983368 ], [ -1540178.661800001747906, -823670.848299997393042 ], [ -1540153.640900001628324, -823706.440800001146272 ], [ -1540128.635800002142787, -823741.561000002315268 ], [ -1540102.640599997248501, -823776.35639999806881 ], [ -1540076.629299998283386, -823811.04890000144951 ], [ -1540049.627900000661612, -823845.416599999414757 ], [ -1540033.955565989250317, -823865.047110560582951 ], [ -1540022.255199998151511, -823879.70249999826774 ], [ -1539994.379399995785207, -823913.774699998553842 ], [ -1539965.868799996795133, -823947.500900002196431 ], [ -1539936.98669999698177, -823981.14539999794215 ], [ -1539907.601700000232086, -824014.575900000985712 ], [ -1539877.581799995154142, -824047.660599996801466 ], [ -1539847.220999997342005, -824080.617599995108321 ], [ -1539816.570199997164309, -824113.039199993247166 ], [ -1539784.646899995626882, -824145.429000001400709 ], [ -1539752.8753, -824177.757800002815202 ], [ -1539828.254357860190794, -824152.381122085498646 ], [ -1539907.291899998206645, -824125.772799997590482 ], [ -1539880.809300002874807, -824176.230300005059689 ], [ -1539855.187999997287989, -824226.964600001461804 ], [ -1539829.807999998796731, -824277.763300002552569 ], [ -1539805.190699997125193, -824328.825200001010671 ], [ -1539780.814800000749528, -824379.951700000092387 ], [ -1539757.201600001193583, -824431.341599999228492 ], [ -1539734.09050000179559, -824482.895200001541525 ], [ -1539724.725635056849569, -824504.152818552684039 ], [ -1539711.265600001206622, -824534.706199998501688 ], [ -1539687.962700000265613, -824586.536199998110533 ], [ -1539666.362699996680021, -824638.68390000006184 ], [ -1539645.241000001551583, -824690.895200002472848 ], [ -1539624.644999995362014, -824743.370800000149757 ], [ -1539604.285399995511398, -824795.808399999747053 ], [ -1539584.693499998189509, -824848.611599999479949 ], [ -1539565.338000000687316, -824901.377000003820285 ], [ -1539546.750100000528619, -824954.508099999511614 ], [ -1539536.190999997314066, -824984.215399998938665 ], [ -1539525.092599999858066, -825014.676999998511747 ], [ -1539514.39759999839589, -825045.215300000505522 ], [ -1539504.942200003191829, -825076.052200004225597 ], [ -1539495.395299998112023, -825107.023800004040822 ], [ -1539485.99109999416396, -825138.430199997965246 ], [ -1539479.39847371657379, -825161.094646969111636 ], [ -1539476.723499994724989, -825170.290800000540912 ], [ -1539467.586100002517924, -825202.628600000170991 ], [ -1539458.823799998266622, -825235.704500000691041 ], [ -1539453.981728762155399, -825253.860428424319252 ], [ -1539449.936099996557459, -825269.030000000493601 ], [ -1539441.155099997064099, -825302.915399997960776 ], [ -1539432.47120000096038, -825337.397699998691678 ], [ -1539423.876699996646494, -825372.507600001525134 ], [ -1539415.597300000721589, -825408.583300000755116 ], [ -1539407.298499997006729, -825444.921900003682822 ], [ -1539399.289499999722466, -825482.42320000147447 ], [ -1539384.794699996709824, -825549.544000000925735 ], [ -1539370.418600000208244, -825619.972799999872223 ], [ -1539355.628099996596575, -825694.260299996007234 ], [ -1539340.344300002092496, -825774.043599997414276 ], [ -1539329.386999998008832, -825834.248999998439103 ], [ -1539317.808399997651577, -825900.388900000136346 ], [ -1539263.382099999813363, -826212.149400001391768 ], [ -1539249.806499995524064, -826287.005399994552135 ], [ -1539237.618499998236075, -826354.363299992866814 ], [ -1539222.6461, -826436.266800000099465 ], [ -1539220.958290330367163, -826445.697844463866204 ], [ -1539207.916499998420477, -826518.57199999759905 ], [ -1539193.9051, -826601.893099998589605 ], [ -1539180.167899997206405, -826686.021500000962988 ], [ -1539166.41350000211969, -826770.83359999791719 ], [ -1539152.157000000122935, -826855.374400001019239 ], [ -1539139.510200000600889, -826942.30569999711588 ], [ -1539126.676599998492748, -827029.960699999006465 ], [ -1539114.145700002089143, -827118.585999999660999 ], [ -1539102.387500000186265, -827208.567999998806044 ], [ -1539089.351599995745346, -827299.016000001225621 ], [ -1539077.652299995999783, -827391.093499999027699 ], [ -1539066.214299999177456, -827484.443699993658811 ], [ -1539055.58549999888055, -827579.36659999913536 ], [ -1539044.634999997215346, -827675.548699994571507 ], [ -1539033.346799997845665, -827771.322000003652647 ], [ -1539023.190399998100474, -827867.341100001940504 ], [ -1539013.76029999810271, -827965.217200001701713 ], [ -1539006.216116565978155, -828041.859728069743142 ], [ -1539003.957899999804795, -828064.801300002727658 ], [ -1538993.708899999270216, -828165.633099999744445 ], [ -1538984.122299997135997, -828269.083600002340972 ], [ -1538981.970781719079241, -828293.401734177023172 ], [ -1538974.717400000896305, -828375.385099998908117 ], [ -1538965.873199999332428, -828484.641999999061227 ], [ -1538956.506600001826882, -828597.203699996927753 ], [ -1538947.115899998228997, -828710.034799993503839 ], [ -1538939.063129196874797, -828813.894956964766607 ], [ -1538938.087699997704476, -828826.475499998079613 ], [ -1538928.946999998763204, -828947.879899994237348 ], [ -1538920.826999999349937, -829076.99000000115484 ], [ -1538911.765999995404854, -829209.213799996534362 ], [ -1538901.735300000524148, -829352.688499999465421 ], [ -1538877.656199995428324, -829715.22390000289306 ], [ -1538873.689900001045316, -829776.399099999340251 ], [ -1538870.013000001199543, -829838.1935999924317 ], [ -1538866.623900001402944, -829900.637299997964874 ], [ -1538862.506999999051914, -829963.281800002790987 ], [ -1538861.142898418707773, -829996.380808818852529 ], [ -1538859.88109999941662, -830026.997499999124557 ], [ -1538857.344700003275648, -830091.594899999443442 ], [ -1538855.088899999391288, -830156.994499997934327 ], [ -1538853.111899997806177, -830223.246499999426305 ], [ -1538851.414500002283603, -830290.307399996789172 ], [ -1538849.991900003049523, -830358.335899994010106 ], [ -1538850.175399998901412, -830427.65749999624677 ], [ -1538849.351899998262525, -830497.829399997135624 ], [ -1538848.74580000131391, -830569.199800002155825 ], [ -1538848.40939999721013, -830641.889900000533089 ], [ -1538848.364608799107373, -830691.301988647552207 ], [ -1538848.342199996113777, -830716.022600000258535 ], [ -1538848.543999995337799, -830791.754500001436099 ], [ -1538848.494673747802153, -830916.431703771231696 ], [ -1538848.493799997260794, -830918.640200003050268 ], [ -1538850.095999997807667, -831050.271699995733798 ], [ -1538852.422499998705462, -831188.930599995655939 ], [ -1538854.070400253636762, -831325.977196373511106 ], [ -1538854.226899997098371, -831338.992400002432987 ], [ -1538857.37489999900572, -831469.850500001572073 ], [ -1538861.224899998633191, -831615.499499995959923 ], [ -1538874.08229999942705, -832105.824700005119666 ], [ -1538878.538299997802824, -832290.014800004195422 ], [ -1538882.562100003007799, -832476.53640000289306 ], [ -1538882.607344470918179, -832478.742894833674654 ], [ -1538886.008499997435138, -832644.61139999749139 ], [ -1538887.757834268035367, -832725.27558700600639 ], [ -1538887.995699999388307, -832736.24390000058338 ], [ -1538889.202099997084588, -832824.862600001273677 ], [ -1538890.093299995409325, -832910.724300000118092 ], [ -1538890.673099997686222, -832994.187200000276789 ], [ -1538890.943699999013916, -833075.645900002215058 ], [ -1538896.594900001771748, -833154.335299997357652 ], [ -1538896.246699996292591, -833232.247399997664616 ], [ -1538896.231830867705867, -833233.972841985989362 ], [ -1538896.18975066114217, -833238.855910022510216 ], [ -1538895.588399994885549, -833308.637800002936274 ], [ -1538895.528852672548965, -833313.145243429811671 ], [ -1538894.470800001407042, -833393.234700005035847 ], [ -1538892.954099998343736, -833476.222400001017377 ], [ -1538894.838399994419888, -833557.420299996621907 ], [ -1538897.061499999603257, -833635.883100000908598 ], [ -1538894.331099999835715, -833714.809500003699213 ], [ -1538891.19029999896884, -833792.566499993670732 ], [ -1538887.537799998885021, -833869.782699999865144 ], [ -1538883.566799999447539, -833945.423999999649823 ], [ -1538878.24619999807328, -834020.650299998233095 ], [ -1538877.348799998406321, -834094.026699998416007 ], [ -1538872.101399996550754, -834167.014800004195422 ], [ -1538866.423800001153722, -834239.183199998922646 ], [ -1538860.312199994921684, -834310.577700003283098 ], [ -1538853.7639, -834381.228700002655387 ], [ -1538849.111800000304356, -834450.884300003992394 ], [ -1538847.720008719014004, -834473.538880464388058 ], [ -1538844.845400000922382, -834520.329700002446771 ], [ -1538836.815599997527897, -834589.086899997666478 ], [ -1538827.14589999592863, -834659.460700002266094 ], [ -1538817.217499999096617, -834731.019799998030066 ], [ -1539126.989152828231454, -833996.704626417020336 ], [ -1539308.70070642628707, -833565.956525992369279 ], [ -1539331.975427117664367, -833510.783690106356516 ], [ -1539452.03630031296052, -833226.178820246597752 ], [ -1539471.872765753651038, -833179.156384746311232 ], [ -1539700.639333588071167, -832636.86414969433099 ], [ -1539875.325399996945634, -832222.769999998854473 ], [ -1539715.49241420510225, -831679.337816074490547 ], [ -1539676.887500000186265, -831548.081100001232699 ], [ -1539744.901890077861026, -831232.741682005580515 ], [ -1539787.758283372269943, -831034.043875507777557 ], [ -1540010.214821349363774, -830002.654560166178271 ], [ -1540113.450900000752881, -829524.014600004535168 ], [ -1540460.740522565320134, -828713.672082532197237 ], [ -1540470.639100000727922, -828690.575399996945634 ], [ -1540466.697188367135823, -828655.098195280646905 ], [ -1540272.201199997216463, -826904.63429999910295 ], [ -1540391.263900000136346, -825674.319400002947077 ], [ -1541224.703100000973791, -823213.689499998698011 ], [ -1541247.674365736311302, -823045.233486947836354 ], [ -1541343.765799997141585, -822340.562699997564778 ], [ -1541651.324809761717916, -821513.231276306323707 ], [ -1541721.648221343755722, -821324.061827931087464 ], [ -1542065.171572405612096, -820399.986596576403826 ], [ -1542271.393989725504071, -819845.249844609526917 ], [ -1542372.947221720358357, -819572.072414134629071 ], [ -1542386.097774733323604, -819536.697525409283116 ], [ -1542475.810600001132116, -819295.37070000031963 ], [ -1542462.798599999863654, -819312.264399999985471 ], [ -1542449.808399997884408, -819328.293200002983212 ], [ -1542436.319800001103431, -819343.466600003419444 ], [ -1542428.174995527137071, -819351.832706666085869 ] ] ] } },
{ "type": "Feature", "properties": { "ID": 1080, "YEAR": "2014-2015", "Perimtr_KM": 12.3302410368, "AREA_KM": 5.40153248848, "SCALE": 1, "THICKNES_M": 110.669457753, "VOLUME_KM": 0.59778467154000003, "MASS_GT": 0.5481685438, "RECURRANCE": "2-3", "UA_KM": 0.06165120518, "UH_M": 9.1855649481999997, "UC_KM": 0.04573902397, "REGION": "West", "ICESHELF": "Fox" }, "geometry": { "type": "Polygon", "coordinates": [ [ [ -1803369.572609308874235, 148604.61267052218318 ], [ -1803157.326699994737282, 148105.846900005824864 ], [ -1803171.960700002964586, 148094.448299998883158 ], [ -1803181.712600002530962, 148075.562999999616295 ], [ -1803197.326200001407415, 148061.987900005187839 ], [ -1803208.522199998376891, 148044.365900013130158 ], [ -1803221.222800003364682, 148031.013099996838719 ], [ -1803234.282400002004579, 148017.25670000910759 ], [ -1803243.011999994050711, 147999.365100001450628 ], [ -1803257.260399993043393, 147981.022600005846471 ], [ -1803268.926199996611103, 147957.528100012801588 ], [ -1803282.762499995762482, 147937.490500001702458 ], [ -1803296.450699996203184, 147916.528499996755272 ], [ -1803305.439299997640774, 147889.938700016122311 ], [ -1803320.142400001874194, 147866.626399998087436 ], [ -1803329.118600000627339, 147837.767699998337775 ], [ -1803341.764600002905354, 147811.562700009904802 ], [ -1803348.3511999968905, 147785.36110000545159 ], [ -1803360.755699996137992, 147762.218300013802946 ], [ -1803371.552499999292195, 147737.369800007436424 ], [ -1803379.667700002202764, 147706.669600012712181 ], [ -1803402.196199996396899, 147656.645200000610203 ], [ -1803448.756199997849762, 147525.520400001201779 ], [ -1803463.33109999448061, 147491.817900005262345 ], [ -1803474.458400001050904, 147458.96480000577867 ], [ -1803488.072599997976795, 147427.079900001175702 ], [ -1803501.022200000938028, 147395.0840999991633 ], [ -1803516.824399999342859, 147367.411400003358722 ], [ -1803530.673700002254918, 147340.946700006257743 ], [ -1803547.39240000071004, 147305.665500007104129 ], [ -1803566.10239999811165, 147270.872299993410707 ], [ -1803584.276400001253933, 147231.821099997498095 ], [ -1803603.622399997897446, 147190.12790000718087 ], [ -1803623.329300003126264, 147151.875700007658452 ], [ -1803644.855599996633828, 147108.425399995408952 ], [ -1803724.560600001597777, 146945.614599995780736 ], [ -1803760.268499998142943, 146876.285199998412281 ], [ -1803778.741900000255555, 146838.321699993684888 ], [ -1803796.884899996919557, 146804.422699997667223 ], [ -1803813.352400001836941, 146770.932199994567782 ], [ -1803830.03570000291802, 146740.447600013576448 ], [ -1803849.670000002952293, 146702.721099996007979 ], [ -1803869.590699997730553, 146668.148000012151897 ], [ -1803887.511599999153987, 146631.710399997420609 ], [ -1803908.049999996554106, 146599.825400001835078 ], [ -1803926.289599999785423, 146567.279400005470961 ], [ -1803944.951900001848117, 146537.982100002001971 ], [ -1803961.003000000491738, 146508.114500003866851 ], [ -1803963.754828061442822, 146503.944735867902637 ], [ -1803979.325800001155585, 146480.35050000064075 ], [ -1804000.585499999346212, 146446.845300001557916 ], [ -1804021.833200000226498, 146414.538900000508875 ], [ -1804045.602899994933978, 146384.943600009661168 ], [ -1804066.95499999797903, 146354.87020000629127 ], [ -1804089.28409999771975, 146327.381100004538894 ], [ -1804110.941100001800805, 146299.564200004562736 ], [ -1804134.380199995124713, 146272.772399995010346 ], [ -1804146.56899999617599, 146260.415700002573431 ], [ -1804157.243599997134879, 146248.455500005278736 ], [ -1804169.547899995930493, 146236.559500003699213 ], [ -1804181.100399997318164, 146223.549499995075166 ], [ -1804191.950999999186024, 146212.278700003866106 ], [ -1804204.421699999831617, 146201.081999993883073 ], [ -1804216.147499996703118, 146188.765199994668365 ], [ -1804228.740200003609061, 146178.024899995885789 ], [ -1804239.834099998697639, 146167.667300011496991 ], [ -1804252.556200002320111, 146157.376999999396503 ], [ -1804264.54179999884218, 146145.959599999245256 ], [ -1804277.401599997887388, 146136.112700000870973 ], [ -1804288.76969999470748, 146126.642900003585964 ], [ -1804300.08020000346005, 146114.442399999126792 ], [ -1804313.157200003508478, 146105.252600013278425 ], [ -1804326.309500000905246, 146096.279600002802908 ], [ -1804336.404800002695993, 146084.892699999269098 ], [ -1804347.875300002517179, 146076.247399996034801 ], [ -1804361.320799997309223, 146067.539899996947497 ], [ -1804375.579100003000349, 146055.965900010429323 ], [ -1804428.710000002756715, 146014.544899995438755 ], [ -1804450.464599999599159, 145996.451299999840558 ], [ -1804463.55719999759458, 145987.952500007580966 ], [ -1804475.836500002071261, 145980.321200012695044 ], [ -1804487.526500002946705, 145973.418600001838058 ], [ -1804497.973800000268966, 145965.740800007246435 ], [ -1804509.221599996555597, 145958.889300003182143 ], [ -1804521.835499994456768, 145952.991800000891089 ], [ -1804533.288999998010695, 145946.471400001551956 ], [ -1804545.165599999018013, 145942.182700006756932 ], [ -1804556.754700000397861, 145938.668900008779019 ], [ -1804568.073100002482533, 145935.926200003828853 ], [ -1804578.381099996389821, 145932.510700004640967 ], [ -1804589.231800002977252, 145931.293999995104969 ], [ -1804596.6653999958653, 145930.984400002751499 ], [ -1804604.281899996800348, 145931.199900011532009 ], [ -1804611.327099997084588, 145930.503000004217029 ], [ -1804619.349499996751547, 145931.770699995569885 ], [ -1804627.594099996378645, 145933.56640001013875 ], [ -1804636.09059999557212, 145935.896000008098781 ], [ -1804644.866799998795614, 145938.766999998129904 ], [ -1804654.136799996253103, 145941.647699998226017 ], [ -1804663.415600002743304, 145945.563900006003678 ], [ -1804673.115800000960007, 145950.059600001666695 ], [ -1804683.324, 145955.174800003413111 ], [ -1804694.2027000002563, 145960.990400008391589 ], [ -1804705.766100001288578, 145965.554699996951967 ], [ -1804717.40269999532029, 145972.349600012414157 ], [ -1804760.457499998155981, 145997.015799998305738 ], [ -1804778.807699998375028, 146005.741799996234477 ], [ -1804797.561600001528859, 146015.40859999647364 ], [ -1804806.024099994683638, 146019.715800004545599 ], [ -1804813.686899999622256, 146022.591600004117936 ], [ -1804823.3682, 146026.844200002029538 ], [ -1804833.354100000811741, 146030.079500005580485 ], [ -1804842.225400001043454, 146033.098299999721348 ], [ -1804850.76919999695383, 146035.528100005351007 ], [ -1804858.636599997524172, 146036.405500009190291 ], [ -1804866.636199991451576, 146037.684800006449223 ], [ -1804874.393899997230619, 146038.393500001635402 ], [ -1804881.927099996013567, 146038.533100005239248 ], [ -1804889.35110000311397, 146038.18910000147298 ], [ -1804896.369899997254834, 146036.470200000796467 ], [ -1804903.781800002325326, 146035.328399996738881 ], [ -1804911.193999994546175, 146033.786700006108731 ], [ -1804918.610199999297038, 146031.844600005540997 ], [ -1804926.036299997009337, 146029.500500007066876 ], [ -1804933.477600001031533, 146026.752699999138713 ], [ -1804939.799999997485429, 146023.010199998971075 ], [ -1804947.279399997554719, 146019.453500001691282 ], [ -1804954.7943, 146015.485599999781698 ], [ -1804962.352899998193607, 146011.102399995550513 ], [ -1804969.964699994307011, 146006.298199998214841 ], [ -1804970.541985585587099, 146005.904728532303125 ], [ -1804977.637799997348338, 146001.068299996200949 ], [ -1804984.094499998260289, 145995.216200002469122 ], [ -1804991.934099994366989, 145989.10430000256747 ], [ -1804999.881499997340143, 145982.532900001388043 ], [ -1805012.888800000306219, 145971.004900004249066 ], [ -1805025.043099998962134, 145957.969000006560236 ], [ -1805039.072400001809001, 145943.662400004453957 ], [ -1805053.95889999717474, 145927.619100008159876 ], [ -1805066.276700003072619, 145912.74809999903664 ], [ -1805080.781199996592477, 145895.947100005112588 ], [ -1805130.489399995887652, 145836.309400004334748 ], [ -1805149.946199998725206, 145813.119100006297231 ], [ -1805169.191400000127032, 145791.859600010793656 ], [ -1805178.182099999161437, 145782.552499996498227 ], [ -1805187.221999996341765, 145773.081100004725158 ], [ -1805197.625499999383464, 145761.749900001566857 ], [ -1805207.633000003639609, 145752.082400015555322 ], [ -1805216.180199997266755, 145745.260200005955994 ], [ -1805225.810399997746572, 145736.854399999137968 ], [ -1805235.445100000593811, 145728.065299996640533 ], [ -1805244.842500002123415, 145720.796499997843057 ], [ -1805253.2718, 145715.460600005928427 ], [ -1805262.51379999727942, 145709.270000004209578 ], [ -1805278.814299999037758, 145699.51280000526458 ], [ -1805294.793299995595589, 145691.502799994777888 ], [ -1805312.033399997046217, 145681.213800003286451 ], [ -1805329.559099996695295, 145671.062500006984919 ], [ -1805345.931000001495704, 145665.304000007454306 ], [ -1805364.030099999159575, 145655.427000004332513 ], [ -1805376.290400000987574, 145650.270253506023437 ], [ -1805381.441199996042997, 145648.103800005745143 ], [ -1805400.11719999439083, 145638.499200007412583 ], [ -1805418.2057, 145633.627800002228469 ], [ -1805436.485199996270239, 145626.711600000038743 ], [ -1805456.032799995969981, 145617.512400004081428 ], [ -1805474.897899997187778, 145610.864100004546344 ], [ -1805495.033599998103455, 145601.931700000073761 ], [ -1805514.025599999818951, 145597.387200004421175 ], [ -1805534.344399997964501, 145591.477500002365559 ], [ -1805554.399200001265854, 145585.356999996118248 ], [ -1805575.703899996122345, 145576.960200014524162 ], [ -1805596.336800002725795, 145571.109200004953891 ], [ -1805618.678800001507625, 145564.941600004676729 ], [ -1805641.156199995428324, 145558.326599998399615 ], [ -1805664.936600000830367, 145554.151800013612956 ], [ -1805688.04329999582842, 145547.78619999717921 ], [ -1805711.6454, 145542.116700011305511 ], [ -1805735.146800000453368, 145534.594900001771748 ], [ -1805759.395799996098503, 145529.168500006664544 ], [ -1805783.981899995356798, 145523.859300001058728 ], [ -1805809.301599999889731, 145518.432899998966604 ], [ -1805834.583399997558445, 145513.351500007323921 ], [ -1805859.797399999340996, 145506.407800014596432 ], [ -1805885.809299999615178, 145501.544399993959814 ], [ -1805938.5716, 145490.152900003828108 ], [ -1805990.690399999497458, 145481.447600000072271 ], [ -1806091.225799996871501, 145463.127400000113994 ], [ -1806133.84449999849312, 145457.61849999986589 ], [ -1806177.801199989859015, 145446.988000007346272 ], [ -1806217.535599997267127, 145437.988199999090284 ], [ -1806241.078000002074987, 145433.115800007712096 ], [ -1806262.412999990629032, 145428.647900003008544 ], [ -1806284.519599996507168, 145427.144800005014986 ], [ -1806304.507199998712167, 145423.488900000229478 ], [ -1806325.381600001826882, 145420.120700004976243 ], [ -1806344.328999991761521, 145417.221500005107373 ], [ -1806362.81599999894388, 145414.691600004211068 ], [ -1806382.298099996522069, 145412.433699995744973 ], [ -1806401.726699996041134, 145410.467100004199892 ], [ -1806422.128800003323704, 145408.842100004665554 ], [ -1806440.69000000320375, 145407.742000003810972 ], [ -1806460.275, 145406.979900001548231 ], [ -1806478.06529999547638, 145406.740699998568743 ], [ -1806496.915700000710785, 145406.838800001423806 ], [ -1806513.998900001635775, 145407.459900001529604 ], [ -1806532.114599996944889, 145409.114200002048165 ], [ -1806549.979799997759983, 145410.506399996113032 ], [ -1806566.110599998151883, 145412.424499995075166 ], [ -1806584.72430000314489, 145415.286699996329844 ], [ -1806600.254200001247227, 145418.074399997945875 ], [ -1806616.861599996918812, 145421.901500007137656 ], [ -1806631.819499995093793, 145425.564099996350706 ], [ -1806646.304099997738376, 145427.284400015603751 ], [ -1806662.077700001187623, 145432.429900004528463 ], [ -1806669.135999996680766, 145434.908800003118813 ], [ -1806676.289199999766424, 145437.665899996645749 ], [ -1806683.552999999606982, 145440.707300000824034 ], [ -1806690.947500003268942, 145444.041200003586709 ], [ -1806699.8516, 145448.275800005998462 ], [ -1806707.574499995913357, 145452.22499999916181 ], [ -1806723.742799997795373, 145461.162699996493757 ], [ -1806737.4648999995552, 145467.089599997736514 ], [ -1806754.24599999608472, 145477.403500012587756 ], [ -1806805.487799996742979, 145508.709400005638599 ], [ -1806825.0682, 145521.045999997761101 ], [ -1806842.784899997292086, 145531.851800012402236 ], [ -1806858.770599998300895, 145538.599000005051494 ], [ -1806868.308899997035041, 145543.485399993602186 ], [ -1806876.268399995286018, 145547.420400007627904 ], [ -1806884.0545, 145551.02610000083223 ], [ -1806891.694499999284744, 145554.315099997911602 ], [ -1806899.219000000506639, 145557.30020001437515 ], [ -1806906.639299995731562, 145559.98559999698773 ], [ -1806915.337699998868629, 145562.979699997697026 ], [ -1806922.594599998090416, 145565.0814000046812 ], [ -1806944.168600000673905, 145568.211300005670637 ], [ -1806967.723199998494238, 145573.663000009488314 ], [ -1806990.172100002411753, 145577.814800006337464 ], [ -1807015.587699994212016, 145581.869100014679134 ], [ -1807040.963799998164177, 145585.177099993918091 ], [ -1807063.351399994688109, 145587.101699995342642 ], [ -1807086.649300003889948, 145587.919099999126047 ], [ -1807108.029927704017609, 145588.298260454554111 ], [ -1807108.443800000706688, 145588.305599996820092 ], [ -1807130.839400002267212, 145587.583200005348772 ], [ -1807151.578400003258139, 145586.439100007526577 ], [ -1807162.900600001681596, 145585.241700008045882 ], [ -1807172.915499996161088, 145584.195799997542053 ], [ -1807182.776399997994304, 145582.961399999447167 ], [ -1807192.477099999552593, 145581.539500006008893 ], [ -1807203.167100002290681, 145579.590900003444403 ], [ -1807212.526100000133738, 145577.797300006728619 ], [ -1807221.708900001132861, 145575.818900006823242 ], [ -1807230.710899998201057, 145573.656800008378923 ], [ -1807239.527499991003424, 145571.312099995091558 ], [ -1807249.834799999371171, 145571.191000004298985 ], [ -1807258.269699997501448, 145568.484000004827976 ], [ -1807266.50859999912791, 145565.597499994561076 ], [ -1807277.931299998657778, 145561.136500004213303 ], [ -1807290.646999998250976, 145555.716199998743832 ], [ -1807302.345899999374524, 145550.013300008140504 ], [ -1807314.200399993686005, 145543.681200007442385 ], [ -1807327.379099997226149, 145536.374899993650615 ], [ -1807340.106899998849258, 145531.507700010668486 ], [ -1807352.526400001253933, 145523.233200001996011 ], [ -1807366.767099995864555, 145514.488599999807775 ], [ -1807379.367400002432987, 145505.085500000510365 ], [ -1807393.224800001597032, 145498.269300002604723 ], [ -1807408.106500000692904, 145487.604099998250604 ], [ -1807421.908399995183572, 145475.871400000993162 ], [ -1807436.955799997085705, 145466.759299996774644 ], [ -1807453.577899995492771, 145453.345400016289204 ], [ -1807475.756999995093793, 145441.673499995842576 ], [ -1807498.349999998463318, 145426.223999998532236 ], [ -1807508.418399997754022, 145422.56500000320375 ], [ -1807014.627000001259148, 146229.079299999400973 ], [ -1806164.985343887005001, 146458.71218942059204 ], [ -1805925.589400002965704, 146523.413798522204161 ], [ -1805546.186600001063198, 146625.955100006423891 ], [ -1805314.059700001962483, 147004.688448577187955 ], [ -1805151.964710694737732, 147269.159210423473269 ], [ -1804976.189540242077783, 147555.950266961473972 ], [ -1804808.619664205471054, 147829.353738384786993 ], [ -1804792.122600001050159, 147856.270000002812594 ], [ -1804647.121465345844626, 147975.441443292424083 ], [ -1804644.437549121445045, 147977.647261688485742 ], [ -1804425.75418351823464, 148157.375595290679485 ], [ -1803502.242099998984486, 148916.378400007262826 ], [ -1803369.572609308874235, 148604.61267052218318 ] ] ] } },
{ "type": "Feature", "properties": { "ID": 1081, "YEAR": "2014-2015", "Perimtr_KM": 7.97756505109, "AREA_KM": 2.1550993426699998, "SCALE": 1, "THICKNES_M": 153.279173, "VOLUME_KM": 0.33033184498000001, "MASS_GT": 0.30291430184000001, "RECURRANCE": "1-2", "UA_KM": 0.03988782526, "UH_M": 12.722171296300001, "UC_KM": 0.0252750813, "REGION": "West", "ICESHELF": "Alison" }, "geometry": { "type": "Polygon", "coordinates": [ [ [ -1750247.040053502423689, 240892.780925065744668 ], [ -1750115.528887543594465, 240801.724799312185496 ], [ -1750091.109352093888447, 240784.81712250597775 ], [ -1749925.603000001516193, 240670.223300004377961 ], [ -1749648.919500001473352, 240759.250600002706051 ], [ -1749597.306299997726455, 240497.053600000217557 ], [ -1749513.476599995046854, 240021.863199998624623 ], [ -1749928.264599999180064, 239137.017699996940792 ], [ -1750185.139000000432134, 238609.171300006099045 ], [ -1750417.693499999586493, 238285.918600003700703 ], [ -1750481.26060000108555, 237978.000799996312708 ], [ -1750503.440002627205104, 237855.168607094325125 ], [ -1751115.67431189166382, 237628.415132115595043 ], [ -1751076.883512835483998, 237760.347029073163867 ], [ -1751010.429537838324904, 237986.364641923457384 ], [ -1751008.091122144600376, 237994.317862669937313 ], [ -1751005.298931521829218, 238003.814424156211317 ], [ -1750989.917161909397691, 238056.129591892939061 ], [ -1750912.856297466671094, 238318.222455805633217 ], [ -1750719.584275235421956, 238975.562834576237947 ], [ -1750547.402238531503826, 239561.173746689688414 ], [ -1750495.151437262538821, 239738.884731967002153 ], [ -1750411.421199996490031, 240023.660900006070733 ], [ -1750360.214864780893549, 240484.630086787976325 ], [ -1750348.691811471246183, 240588.362808388657868 ], [ -1750310.030999998096377, 240936.394800001755357 ], [ -1750247.040053502423689, 240892.780925065744668 ] ] ] } },
{ "type": "Feature", "properties": { "ID": 1084, "YEAR": "2014-2015", "Perimtr_KM": 6.0759523532399999, "AREA_KM": 1.49395660294, "SCALE": 1, "THICKNES_M": 171.90593719500001, "VOLUME_KM": 0.25682000995999998, "MASS_GT": 0.23550394913, "RECURRANCE": "1-2", "UA_KM": 0.03037976177, "UH_M": 14.2681927168, "UC_KM": 0.01965038107, "REGION": "Peninsula", "ICESHELF": "Verdi" }, "geometry": { "type": "Polygon", "coordinates": [ [ [ -1944002.692901425296441, 539105.043923571240157 ], [ -1944011.953700000420213, 539028.693299997132272 ], [ -1944015.300299999769777, 538999.801100015174598 ], [ -1944017.973799996776506, 538973.886600004974753 ], [ -1944007.491399995982647, 538939.775500004645437 ], [ -1944006.177400000859052, 538911.596999996807426 ], [ -1944007.201199997682124, 538886.74909999826923 ], [ -1944007.54149999609217, 538863.11059999698773 ], [ -1944007.423500002361834, 538849.671799993142486 ], [ -1944007.068999997805804, 538836.558399995788932 ], [ -1944006.477400000905618, 538823.7456000065431 ], [ -1944005.647900001611561, 538811.213600012473762 ], [ -1944004.578899998683482, 538798.941499995533377 ], [ -1944003.269300000974908, 538786.918099996633828 ], [ -1944001.717699997127056, 538775.130100004374981 ], [ -1943999.922499999171123, 538763.566199999768287 ], [ -1943997.879499998874962, 538752.201900012791157 ], [ -1943995.589199999347329, 538741.043200001120567 ], [ -1943993.049899995094165, 538730.082100007217377 ], [ -1943990.644, 538718.864200006239116 ], [ -1943987.601499998010695, 538708.276800001971424 ], [ -1943984.304900001268834, 538697.867600007914007 ], [ -1943980.752699999604374, 538687.631200005766004 ], [ -1943976.942999998340383, 538677.562900004442781 ], [ -1943973.636500001652166, 538669.580999999307096 ], [ -1943969.98079999955371, 538661.516200003679842 ], [ -1943965.968399997334927, 538653.351500001735985 ], [ -1943961.588199999416247, 538645.064500005915761 ], [ -1943956.833399996627122, 538636.641199992969632 ], [ -1943952.063000002410263, 538627.58900000480935 ], [ -1943946.484999999403954, 538618.761899997480214 ], [ -1943940.444800002966076, 538609.651700015179813 ], [ -1943929.587799997068942, 538594.150400012265891 ], [ -1943917.313400000333786, 538576.60279999487102 ], [ -1943904.744399994146079, 538560.248400003183633 ], [ -1943873.49, 538519.857200004160404 ], [ -1943869.529575884342194, 538515.320559023413807 ], [ -1943854.975799996173009, 538498.649300012271851 ], [ -1943845.856700000585988, 538487.771900012157857 ], [ -1943837.835499996552244, 538477.043100000824779 ], [ -1943832.516699998639524, 538468.12580000422895 ], [ -1943826.547599997837096, 538458.69200000539422 ], [ -1943820.404500002041459, 538448.372200003359467 ], [ -1943814.832700000377372, 538438.303900002036244 ], [ -1943809.800999996718019, 538428.431400008033961 ], [ -1943805.289899999275804, 538418.715400002896786 ], [ -1943802.460299998521805, 538409.956399998161942 ], [ -1943798.945500000845641, 538400.451100005768239 ], [ -1943795.917700001504272, 538391.020999998785555 ], [ -1943793.371300000930205, 538381.648299997672439 ], [ -1943789.685899999458343, 538365.650000005029142 ], [ -1943786.491999999154359, 538349.512699996121228 ], [ -1943783.789500001817942, 538333.23630000045523 ], [ -1943781.578299995977432, 538316.820800004061311 ], [ -1943779.8585, 538300.266300004906952 ], [ -1943778.62999999569729, 538283.572599994018674 ], [ -1943777.89299999922514, 538266.739900014828891 ], [ -1943777.647300001233816, 538249.76810000743717 ], [ -1943777.89299999922514, 538232.657200006768107 ], [ -1943778.62999999569729, 538215.407300009857863 ], [ -1943801.745950487209484, 538215.135898794047534 ], [ -1944172.092988369986415, 538210.787704781629145 ], [ -1944320.915499996393919, 538209.040399992838502 ], [ -1944622.541099996306002, 538891.666700016241521 ], [ -1945035.291900002863258, 540431.544799993280321 ], [ -1944580.950300002237782, 540640.990199998952448 ], [ -1944582.219699999317527, 540628.34230000898242 ], [ -1944583.300099998479709, 540614.812300002202392 ], [ -1944584.029199994634837, 540601.844000011216849 ], [ -1944584.411000000778586, 540589.367200000211596 ], [ -1944584.446899994742125, 540577.335000006016344 ], [ -1944584.136400000192225, 540565.696200002916157 ], [ -1944583.478499997407198, 540554.434700003825128 ], [ -1944582.471700003603473, 540543.525900005362928 ], [ -1944581.114399997051805, 540532.951000015251338 ], [ -1944580.024000000208616, 540526.271099994424731 ], [ -1944578.718299997039139, 540519.581300007645041 ], [ -1944577.196600002003834, 540512.877999999560416 ], [ -1944575.458200002089143, 540506.157800007611513 ], [ -1944573.502099997829646, 540499.417299998924136 ], [ -1944571.327100000344217, 540492.651600006502122 ], [ -1944566.313600002089515, 540479.025300000794232 ], [ -1944557.615199998952448, 540457.203600007575005 ], [ -1944550.792399994563311, 540443.214100006502122 ], [ -1944543.017900002188981, 540428.939800004474819 ], [ -1944531.442499997094274, 540406.231100007891655 ], [ -1944523.521500000264496, 540393.959399996325374 ], [ -1944514.820900001563132, 540381.248100007884204 ], [ -1944502.456099999602884, 540359.914999993983656 ], [ -1944491.8359999966342, 540345.808900004252791 ], [ -1944479.325500001199543, 540325.281400006264448 ], [ -1944463.52909999853, 540319.053000002168119 ], [ -1944392.983100002864376, 540297.26099999435246 ], [ -1944378.033399998676032, 540278.677900004200637 ], [ -1944363.258400002028793, 540259.712400000076741 ], [ -1944350.431000001262873, 540242.469099996611476 ], [ -1944343.528799995779991, 540232.770599997136742 ], [ -1944337.074999995995313, 540223.35880000051111 ], [ -1944331.029800000833347, 540214.175599994137883 ], [ -1944325.367800003150478, 540205.181899996008724 ], [ -1944320.061700001824647, 540196.334100007545203 ], [ -1944315.103700001258403, 540187.617999995592982 ], [ -1944310.48119999608025, 540179.011600005440414 ], [ -1944306.1850999975577, 540170.498100003227592 ], [ -1944297.950600000331178, 540148.911699998192489 ], [ -1944287.610900000669062, 540126.31150000076741 ], [ -1944277.4463, 540103.123399998061359 ], [ -1944269.734499999554828, 540079.766300006769598 ], [ -1944259.879400000441819, 540055.308999996166676 ], [ -1944250.148899994790554, 540030.144300004001707 ], [ -1944242.8143, 540004.669400004670024 ], [ -1944233.262500000884756, 539977.904200003948063 ], [ -1944223.930199996102601, 539950.734100004658103 ], [ -1944216.892299994826317, 539923.007399993482977 ], [ -1944207.516799997538328, 539893.676700005307794 ], [ -1944171.523699994431809, 539865.775400012265891 ], [ -1944135.001300001749769, 539840.266300010960549 ], [ -1944125.053599994862452, 539806.117400008719414 ], [ -1944114.549100001109764, 539769.143399994354695 ], [ -1944105.387600002810359, 539726.75620001135394 ], [ -1944092.770199995487928, 539680.378500010352582 ], [ -1944081.9005, 539638.975600002799183 ], [ -1944072.230900003109127, 539600.459200005512685 ], [ -1944066.10479999659583, 539563.710000012535602 ], [ -1944058.286699999123812, 539528.685100010596216 ], [ -1944051.316200001630932, 539495.030600003898144 ], [ -1944045.143599995644763, 539462.506100013386458 ], [ -1944042.257700000423938, 539430.542899998370558 ], [ -1944005.17329999874346, 539401.598300009034574 ], [ -1943988.686900002881885, 539376.76410000724718 ], [ -1943987.18149999785237, 539358.217900003772229 ], [ -1943986.187799999024719, 539339.114100016653538 ], [ -1943985.70310000050813, 539319.421500001568347 ], [ -1943985.723999997833744, 539299.0395000083372 ], [ -1943986.250300001818687, 539277.876000004820526 ], [ -1943987.285500001627952, 539255.791500012390316 ], [ -1943988.514999998733401, 539236.93590000551194 ], [ -1943990.100000000791624, 539217.188599997200072 ], [ -1943992.056000000331551, 539196.350700003094971 ], [ -1943994.419700002297759, 539174.031799997203052 ], [ -1943999.415700000943616, 539132.062800004146993 ], [ -1944002.692901425296441, 539105.043923571240157 ] ] ] } },
{ "type": "Feature", "properties": { "ID": 1085, "YEAR": "2014-2015", "Perimtr_KM": 9.3890109565500008, "AREA_KM": 2.02853536767, "SCALE": 1, "THICKNES_M": 144.85983785, "VOLUME_KM": 0.29385330443000002, "MASS_GT": 0.26946348017, "RECURRANCE": "4-5", "UA_KM": 0.04694505478, "UH_M": 12.0233664823, "UC_KM": 0.02248395447, "REGION": "Peninsula", "ICESHELF": "Bach" }, "geometry": { "type": "Polygon", "coordinates": [ [ [ -1884515.030715433415025, 562660.922631862573326 ], [ -1884836.333900002762675, 562071.828800005372614 ], [ -1884651.929499997291714, 561485.087599996943027 ], [ -1884851.675699997926131, 561258.708500007167459 ], [ -1884926.483299996703863, 561173.926600013393909 ], [ -1885154.85049999714829, 560915.110500002745539 ], [ -1885680.445099990116432, 561084.639100003056228 ], [ -1886093.636399995768443, 561049.222700004931539 ], [ -1886680.043451640289277, 560682.70592288300395 ], [ -1886763.23989263526164, 560630.706392286345363 ], [ -1886863.830248566810042, 560567.835297950077802 ], [ -1887210.644299998879433, 560351.069200003053993 ], [ -1887185.96139999711886, 560398.983599996194243 ], [ -1887163.515000002924353, 560441.264699997846037 ], [ -1887138.483899995684624, 560487.259700011927634 ], [ -1887055.24959999951534, 560649.078399999532849 ], [ -1887020.581600000848994, 560712.996600001119077 ], [ -1886984.617199997417629, 560778.206600000150502 ], [ -1886951.784199998481199, 560836.351900007110089 ], [ -1886932.714499994646758, 560869.383199995849282 ], [ -1886914.141299997456372, 560900.968300003092736 ], [ -1886895.940999999642372, 560931.317000005859882 ], [ -1886878.030699997209013, 560960.567600007168949 ], [ -1886860.316999999573454, 560988.871300003025681 ], [ -1886842.769599998835474, 561016.275300006382167 ], [ -1886826.35450000106357, 561042.83910000603646 ], [ -1886810.697800000198185, 561068.622800014447421 ], [ -1886791.2577, 561099.698000005912036 ], [ -1886770.399200002197176, 561131.058700004126877 ], [ -1886749.523599996697158, 561161.46480000577867 ], [ -1886728.595599997788668, 561190.963700006250292 ], [ -1886707.251800000201911, 561217.900900002103299 ], [ -1886685.79600000102073, 561244.00719999987632 ], [ -1886664.202700002118945, 561269.313299999572337 ], [ -1886642.450399998575449, 561293.844799995888025 ], [ -1886620.487399995559826, 561317.657400003634393 ], [ -1886598.326699997298419, 561340.735500003676862 ], [ -1886575.95130000053905, 561363.096700001042336 ], [ -1886553.346200002124533, 561384.755800002720207 ], [ -1886530.495000000111759, 561405.728400013409555 ], [ -1886507.3869, 561426.024499996565282 ], [ -1886484.009499998763204, 561445.654800004325807 ], [ -1886460.351599996211007, 561464.628700005356222 ], [ -1886446.962800001492724, 561475.361499995924532 ], [ -1886415.068500000284985, 561502.744600008241832 ], [ -1886406.373900000471622, 561510.213600005488843 ], [ -1886398.200200000312179, 561516.746100006625056 ], [ -1886388.456999998306856, 561524.095799996051937 ], [ -1886379.271000002045184, 561530.576300009153783 ], [ -1886370.458800000138581, 561536.312400001566857 ], [ -1886361.926700000884011, 561541.361599998082966 ], [ -1886355.484400002285838, 561544.842800002079457 ], [ -1886348.888900001533329, 561548.053000006359071 ], [ -1886341.856099996948615, 561551.749600007664412 ], [ -1886334.629299995489419, 561554.798300004098564 ], [ -1886327.238300001481548, 561557.58039999846369 ], [ -1886319.710800000699237, 561560.478100008796901 ], [ -1886311.974699998041615, 561562.732599998824298 ], [ -1886304.057099999394268, 561564.725400007795542 ], [ -1886295.9971, 561566.836499997414649 ], [ -1886287.70769999967888, 561568.309300008229911 ], [ -1886279.246899998513982, 561569.905500003602356 ], [ -1886270.503700001398101, 561570.485600012820214 ], [ -1886261.536100002005696, 561570.810600007418543 ], [ -1886252.3263999982737, 561570.881400002166629 ], [ -1886242.858199995243922, 561570.698000004515052 ], [ -1886233.11009999900125, 561570.260100006125867 ], [ -1886217.008399996906519, 561569.040099996607751 ], [ -1886200.002099994104356, 561567.165800011716783 ], [ -1886181.911099999444559, 561564.618200001772493 ], [ -1886162.376699999440461, 561561.346900006756186 ], [ -1886145.22389999916777, 561558.125199995003641 ], [ -1886126.018700002226979, 561554.232600010465831 ], [ -1886060.987100002123043, 561540.449300006497651 ], [ -1886037.187300002668053, 561535.48619999550283 ], [ -1886013.545099996030331, 561531.0324000059627 ], [ -1885992.275300002191216, 561527.513400006107986 ], [ -1885970.859700003173202, 561524.513199995271862 ], [ -1885950.559200001647696, 561522.449600005056709 ], [ -1885941.0006, 561521.73570000147447 ], [ -1885931.701199996750802, 561521.240200008265674 ], [ -1885923.360460634110495, 561520.98404191294685 ], [ -1885922.63950000051409, 561520.961900002323091 ], [ -1885913.798999997554347, 561520.900200003292412 ], [ -1885889.647300000768155, 561521.384700005874038 ], [ -1885862.184800000628456, 561522.307800012640655 ], [ -1885837.794536368688568, 561522.920460302848369 ], [ -1885834.444899996975437, 561523.00459999544546 ], [ -1885810.210925126448274, 561522.117016588803381 ], [ -1885759.057699998607859, 561520.243500003125519 ], [ -1885736.622700000414625, 561519.523400011472404 ], [ -1885716.259500000160187, 561519.069300000555813 ], [ -1885694.045699995476753, 561518.863400011323392 ], [ -1885673.543999996036291, 561519.022900005802512 ], [ -1885654.709099997533485, 561519.556200008373708 ], [ -1885636.715800000354648, 561520.458299992606044 ], [ -1885616.01359999505803, 561522.087800001259893 ], [ -1885596.693200001027435, 561524.304400011431426 ], [ -1885578.956500001484528, 561527.127399998251349 ], [ -1885570.376700000138953, 561528.765399995259941 ], [ -1885562.085499996086583, 561530.558099996764213 ], [ -1885554.387000000104308, 561532.51499999826774 ], [ -1885546.643800001125783, 561534.624700003303587 ], [ -1885539.171999993966892, 561536.894000007305294 ], [ -1885532.288600001949817, 561539.329300008248538 ], [ -1885525.346300000790507, 561541.921800002921373 ], [ -1885518.984899999340996, 561544.683100004680455 ], [ -1885512.558699995046481, 561547.603900014422834 ], [ -1885506.386299998499453, 561550.690700000617653 ], [ -1885498.235099996672943, 561555.514000005088747 ], [ -1885490.505900001619011, 561560.867700010538101 ], [ -1885482.872900001006201, 561566.749300000723451 ], [ -1885475.652699999278411, 561573.167900005355477 ], [ -1885468.841299990890548, 561580.12680001091212 ], [ -1885462.433200000785291, 561587.631600010674447 ], [ -1885456.42350000096485, 561595.687899997923523 ], [ -1885450.807100001024082, 561604.302700005006045 ], [ -1885445.599299998488277, 561613.761900003068149 ], [ -1885440.773199997376651, 561623.795200012624264 ], [ -1885436.323499998310581, 561634.413199997507036 ], [ -1885432.231199998408556, 561645.33710000384599 ], [ -1885428.518299999879673, 561657.162000003736466 ], [ -1885425.164199992083013, 561669.618099999148399 ], [ -1885422.149799995357171, 561682.434699998237193 ], [ -1885419.494899995392188, 561696.223200004082173 ], [ -1885417.545499995583668, 561707.922099998220801 ], [ -1885415.824799997964874, 561720.131200002506375 ], [ -1885414.342099993955344, 561733.169100006576627 ], [ -1885413.067099996842444, 561746.486800005659461 ], [ -1885412.010200002696365, 561760.399900005199015 ], [ -1885411.165300001390278, 561774.979500013403594 ], [ -1885410.528700001072139, 561790.291900002863258 ], [ -1885410.096200000261888, 561806.436200003605336 ], [ -1885409.819799996213987, 561836.097200012765825 ], [ -1885410.111299994867295, 561869.752000006847084 ], [ -1885410.656428277026862, 561895.619984962977469 ], [ -1885410.834000000730157, 561904.046300015877932 ], [ -1885416.350999997230247, 561998.88470000308007 ], [ -1885417.365699998335913, 562027.273500005248934 ], [ -1885417.535999994492158, 562052.93480000179261 ], [ -1885417.322899997001514, 562081.630600015632808 ], [ -1885416.6129999991972, 562108.457100003492087 ], [ -1885415.45119999954477, 562133.37339999852702 ], [ -1885413.796899999026209, 562156.875800005625933 ], [ -1885412.551300000632182, 562170.490599996875972 ], [ -1885411.118299998342991, 562183.681800014339387 ], [ -1885409.466299998108298, 562196.733100007288158 ], [ -1885407.650600001448765, 562209.144800014328212 ], [ -1885405.639399997889996, 562221.196299998555332 ], [ -1885403.4021, 562233.156700004823506 ], [ -1885400.993899998255074, 562244.519600007217377 ], [ -1885398.355099999345839, 562255.813400006387383 ], [ -1885395.537600000854582, 562266.542199997697026 ], [ -1885392.484999996377155, 562277.217700007371604 ], [ -1885390.908627490047365, 562282.14843013510108 ], [ -1885389.252699999138713, 562287.328000005800277 ], [ -1885385.781499999575317, 562297.397599994204938 ], [ -1885382.126699999440461, 562306.913999995682389 ], [ -1885378.229400003096089, 562316.399399997666478 ], [ -1885374.145100001478568, 562325.339599997736514 ], [ -1885369.843599998624995, 562333.997300004120916 ], [ -1885352.86719999788329, 562365.928600003477186 ], [ -1885344.296799999894574, 562381.413700000848621 ], [ -1885336.441799995023757, 562396.570900002494454 ], [ -1885328.284799997229129, 562411.392900015693158 ], [ -1885320.083500002045184, 562425.876100006513298 ], [ -1885311.840499996673316, 562440.016100003849715 ], [ -1885303.558199999388307, 562453.809100005310029 ], [ -1885295.241399999707937, 562467.247800011187792 ], [ -1885286.37909999769181, 562480.332600006833673 ], [ -1885277.483800003072247, 562493.061100000981241 ], [ -1885268.556999998399988, 562505.430899994913489 ], [ -1885259.600800001993775, 562517.439200012944639 ], [ -1885250.616500000236556, 562529.084399999585003 ], [ -1885241.605599996400997, 562540.364400004968047 ], [ -1885232.569499995559454, 562551.277600001078099 ], [ -1885224.399299998069182, 562560.694400003179908 ], [ -1885215.916799995815381, 562569.939300002064556 ], [ -1885207.11769999563694, 562579.016799998935312 ], [ -1885197.997200001729652, 562587.932100016158074 ], [ -1885188.550900002475828, 562596.689300002995878 ], [ -1885178.771899997722358, 562605.295100005343556 ], [ -1885168.653399998322129, 562613.755300005432218 ], [ -1885158.187499997206032, 562622.07650000276044 ], [ -1885147.381599998101592, 562630.253900001291186 ], [ -1885145.594484255183488, 562631.54228576971218 ], [ -1885136.210199996829033, 562638.307700005825609 ], [ -1885124.661799999186769, 562646.245900008361787 ], [ -1885112.722399994730949, 562654.078400007914752 ], [ -1885100.380399998277426, 562661.813000007532537 ], [ -1885087.612500001210719, 562669.464300004765391 ], [ -1885074.396899997023866, 562677.045500013045967 ], [ -1885060.705400003353134, 562684.572800004389137 ], [ -1885037.540600002976134, 562696.643299997318536 ], [ -1885012.858099999837577, 562708.721700004301965 ], [ -1884986.484400002518669, 562721.874600003007799 ], [ -1884957.82920000096783, 562735.39640001533553 ], [ -1884932.204399999463931, 562747.125400000717491 ], [ -1884903.358200000366196, 562759.092700007837266 ], [ -1884804.25959999486804, 562798.164199999533594 ], [ -1884766.331599998986349, 562813.406900005880743 ], [ -1884728.533999999519438, 562829.219999996945262 ], [ -1884711.576900002080947, 562836.734900005627424 ], [ -1884695.464699998963624, 562844.096999997738749 ], [ -1884677.729899994330481, 562852.607600005343556 ], [ -1884660.577399994712323, 562861.036300002131611 ], [ -1884644.163599997293204, 562869.449400014709681 ], [ -1884628.418700000271201, 562877.882299999706447 ], [ -1884613.267399999545887, 562886.374999995343387 ], [ -1884598.946100001456216, 562894.957500002346933 ], [ -1884584.896600000327453, 562903.619300005491823 ], [ -1884571.351700002094731, 562912.393100004177541 ], [ -1884560.970099996309727, 562919.503499999176711 ], [ -1884550.024299999698997, 562927.680899997707456 ], [ -1884538.650099999271333, 562936.490100007038563 ], [ -1884526.660799997160211, 562946.066800009459257 ], [ -1884502.806100001325831, 562965.61169999698177 ], [ -1884456.644499996677041, 563004.144100004341453 ], [ -1884437.400799998082221, 563019.482899999711663 ], [ -1884417.097699995851144, 563035.049899994395673 ], [ -1884398.625500002875924, 563048.424500009976327 ], [ -1884387.62959999917075, 563055.947900000028312 ], [ -1884376.941400000127032, 563062.906700001098216 ], [ -1884366.485099998302758, 563069.350300013553351 ], [ -1884356.210499995388091, 563075.309500007890165 ], [ -1884346.060899998061359, 563080.816500006709248 ], [ -1884336.018599997740239, 563085.879900002386421 ], [ -1884326.055500002577901, 563090.513900008518249 ], [ -1884316.150199998402968, 563094.728600006084889 ], [ -1884309.158999999519438, 563097.445199998561293 ], [ -1884301.955500000156462, 563100.010700006503612 ], [ -1884294.526699996786192, 563102.429800000973046 ], [ -1884286.855200001504272, 563104.708099996205419 ], [ -1884270.715200000675395, 563108.863299997523427 ], [ -1884515.030715433415025, 562660.922631862573326 ] ] ] } },
{ "type": "Feature", "properties": { "ID": 1089, "YEAR": "2014-2015", "Perimtr_KM": 10.535044855100001, "AREA_KM": 1.21399612479, "SCALE": 1, "THICKNES_M": 103.03663253800001, "VOLUME_KM": 0.12508607261, "MASS_GT": 0.11470392859, "RECURRANCE": "2-3", "UA_KM": 0.05267522428, "UH_M": 8.5520404584800005, "UC_KM": 0.00957086246, "REGION": "Peninsula", "ICESHELF": "Bach" }, "geometry": { "type": "Polygon", "coordinates": [ [ [ -1869937.958995322696865, 572398.27463256707415 ], [ -1869909.043599996250123, 572393.431600003503263 ], [ -1869877.617699996568263, 572388.959500010591 ], [ -1869846.228299998678267, 572385.272500001359731 ], [ -1869829.006395193282515, 572383.684216842986643 ], [ -1869814.681399999186397, 572382.363099994603544 ], [ -1869783.074000003281981, 572380.235000002197921 ], [ -1869770.716800000751391, 572379.696599995717406 ], [ -1869758.098400000249967, 572379.424299995414913 ], [ -1869745.193100001430139, 572379.417800007387996 ], [ -1869731.967499999795109, 572379.676899994257838 ], [ -1869718.399799995822832, 572380.201499999500811 ], [ -1869704.422399996779859, 572380.993900002446026 ], [ -1869689.936999996891245, 572381.947400007862598 ], [ -1869674.885199997574091, 572383.181000008713454 ], [ -1869647.948600003030151, 572385.822800013702363 ], [ -1869617.917000001296401, 572389.452600012999028 ], [ -1869605.983793705934659, 572391.163116724230349 ], [ -1869588.416700002737343, 572393.681200002785772 ], [ -1869560.215684452326968, 572397.91319524962455 ], [ -1869511.904699996346608, 572405.162999993655831 ], [ -1869489.532699997536838, 572408.286700000520796 ], [ -1869469.419100003316998, 572410.871200004126877 ], [ -1869446.841800002614036, 572413.437400004360825 ], [ -1869425.726599995745346, 572415.438999995123595 ], [ -1869420.19327132939361, 572415.845883095636964 ], [ -1869405.678499996894971, 572416.913199997507036 ], [ -1869386.495000001043081, 572417.874400000553578 ], [ -1869351.322199996793643, 572419.344199998304248 ], [ -1869260.943599997786805, 572423.539600006770343 ], [ -1869211.71090000285767, 572424.932300004176795 ], [ -1869184.799700001254678, 572425.261000010650605 ], [ -1869159.543299996759742, 572425.458300000522286 ], [ -1869135.586599996546283, 572425.35660000378266 ], [ -1869112.729599998798221, 572424.897300004959106 ], [ -1869088.429099997505546, 572423.964399996679276 ], [ -1869065.08439999492839, 572422.579900007229298 ], [ -1869042.565100001636893, 572420.736199996434152 ], [ -1869020.783699999796227, 572418.425900015048683 ], [ -1868999.64409999968484, 572415.637999997474253 ], [ -1868979.114899996202439, 572412.367300010751933 ], [ -1868959.148599996464327, 572408.606300011277199 ], [ -1868939.708999999333173, 572404.348100013099611 ], [ -1868929.740599998040125, 572401.893000005744398 ], [ -1868919.617700000992045, 572399.176200004294515 ], [ -1868909.318999998737127, 572396.192199999466538 ], [ -1868898.817000000970438, 572392.932900001294911 ], [ -1868877.093999998178333, 572385.555400000885129 ], [ -1868854.194299997063354, 572376.894700008910149 ], [ -1868849.388660056749359, 572374.955465506762266 ], [ -1868833.809599998174235, 572368.66879999730736 ], [ -1868811.386100000701845, 572359.06319999974221 ], [ -1868789.578399997437373, 572349.325400001835078 ], [ -1868734.789599996525794, 572324.267600001301616 ], [ -1868704.923399996943772, 572311.273500004783273 ], [ -1868689.279099998995662, 572304.764100003056228 ], [ -1868674.570999995805323, 572298.897099997382611 ], [ -1868660.447000001324341, 572293.585000004153699 ], [ -1868646.936800001421943, 572288.739400010555983 ], [ -1868636.626722628483549, 572285.262984193395823 ], [ -1868602.744599998695776, 572273.838400001637638 ], [ -1868557.862799994181842, 572259.445900003425777 ], [ -1868512.378100001486018, 572245.544200013857335 ], [ -1868466.292899998603389, 572232.133999997749925 ], [ -1868419.609299996402115, 572219.215799999888986 ], [ -1868372.329900002339855, 572206.790600012987852 ], [ -1868324.6276, 572194.747799999080598 ], [ -1868276.437099996721372, 572183.132700003683567 ], [ -1868227.3845, 572172.189600012730807 ], [ -1868177.746999997412786, 572161.741999994497746 ], [ -1868127.5277, 572151.790700000710785 ], [ -1868076.729900000849739, 572142.336100002750754 ], [ -1868705.253929720958695, 572154.006649228278548 ], [ -1869468.33676922111772, 572168.175711054820567 ], [ -1869611.051742900162935, 572170.825668809469789 ], [ -1869793.528121090959758, 572174.213923595380038 ], [ -1869992.164782394422218, 572177.902245482429862 ], [ -1870134.276399999856949, 572180.541000005789101 ], [ -1870231.751120247878134, 572135.734073585364968 ], [ -1871385.074548825388774, 571605.577353260014206 ], [ -1871568.379841843852773, 571521.316051911562681 ], [ -1871937.061539498157799, 571351.841406008694321 ], [ -1872213.016599998343736, 571224.99110000487417 ], [ -1872215.397611350519583, 571222.419463993981481 ], [ -1872659.309799998532981, 570742.967500002589077 ], [ -1872652.0388999953866, 570752.197399997618049 ], [ -1872644.947699998738244, 570761.705700003542006 ], [ -1872638.032099997624755, 570771.497999999206513 ], [ -1872631.287799999350682, 570781.580199999269098 ], [ -1872624.717099996982142, 570791.948400002904236 ], [ -1872618.307699999772012, 570802.620600005611777 ], [ -1872612.054799997713417, 570813.605300015769899 ], [ -1872605.952300000935793, 570824.912900002673268 ], [ -1872599.995399999897927, 570836.55209999717772 ], [ -1872594.175799995660782, 570848.538900010287762 ], [ -1872588.486300000920892, 570860.888500005938113 ], [ -1872582.918099999660626, 570873.61950000282377 ], [ -1872577.8539, 570885.7872000108473 ], [ -1872572.877199997659773, 570898.322700007352978 ], [ -1872567.978499997872859, 570911.249799998477101 ], [ -1872563.145999999716878, 570924.599900003056973 ], [ -1872553.42729999544099, 570952.766299995128065 ], [ -1872543.76859999797307, 570983.217399993911386 ], [ -1872535.110599997919053, 571012.500800005625933 ], [ -1872525.919799998868257, 571045.303100012242794 ], [ -1872517.252299997489899, 571078.546199997887015 ], [ -1872512.151920540258288, 571098.531739824917167 ], [ -1872494.431800001533702, 571167.967000005766749 ], [ -1872487.361600000178441, 571194.678900003898889 ], [ -1872480.802000000141561, 571218.5311000039801 ], [ -1872473.002800000365824, 571245.507300011347979 ], [ -1872465.329699997091666, 571270.455899992957711 ], [ -1872457.633899999782443, 571293.859499997925013 ], [ -1872449.835299994330853, 571315.959900002460927 ], [ -1872444.886399996466935, 571329.177000002469867 ], [ -1872439.860199995106086, 571341.990399999544024 ], [ -1872434.746, 571354.427399994805455 ], [ -1872429.535000002244487, 571366.509400002658367 ], [ -1872424.217099999543279, 571378.259099996183068 ], [ -1872418.693799996981397, 571389.673300007823855 ], [ -1872413.051899999612942, 571400.780599998310208 ], [ -1872407.19219999294728, 571411.577499999664724 ], [ -1872401.287699999054894, 571422.118600006680936 ], [ -1872395.159599999897182, 571432.362100012134761 ], [ -1872388.892099999822676, 571442.336000001989305 ], [ -1872382.392199999187142, 571452.026900008320808 ], [ -1872375.872599996859208, 571461.503499994520098 ], [ -1872369.241500002797693, 571470.750200003851205 ], [ -1872362.455599999055266, 571479.75060001341626 ], [ -1872355.511899999575689, 571488.509000002872199 ], [ -1872336.326399997342378, 571511.946200001519173 ], [ -1872318.972499997122213, 571532.951799997594208 ], [ -1872302.584700000472367, 571552.40100001450628 ], [ -1872286.857400000793859, 571570.597699998412281 ], [ -1872271.469799998449162, 571587.907099998556077 ], [ -1872256.439399999566376, 571604.302900006528944 ], [ -1872241.675799998920411, 571619.883700008969754 ], [ -1872227.120599997229874, 571634.711100006010383 ], [ -1872212.514499998185784, 571649.037000011187047 ], [ -1872198.034799996530637, 571662.675399998668581 ], [ -1872183.649400001391768, 571675.656600009649992 ], [ -1872169.333999997237697, 571688.002499999944121 ], [ -1872164.386785747017711, 571692.069631791207939 ], [ -1872155.061499998904765, 571699.736000008415431 ], [ -1872140.820300001185387, 571710.866300000343472 ], [ -1872126.594899996882305, 571721.405599997378886 ], [ -1872112.37279999954626, 571731.363099999260157 ], [ -1872095.201000003609806, 571742.675900008063763 ], [ -1872077.130800001556054, 571753.878400007262826 ], [ -1872058.123999998904765, 571764.994400002062321 ], [ -1872038.122199997073039, 571776.058100000955164 ], [ -1872017.114199995761737, 571787.078500009607524 ], [ -1871994.924600002123043, 571798.149899999145418 ], [ -1871971.398800001712516, 571809.350000007078052 ], [ -1871946.186400000704452, 571820.829900003504008 ], [ -1871936.828299997840077, 571824.87119999434799 ], [ -1871927.355899999849498, 571828.756900012027472 ], [ -1871907.786899999482557, 571836.063499999698251 ], [ -1871887.605999999446794, 571842.769000002648681 ], [ -1871867.338612477760762, 571848.765951143577695 ], [ -1871866.928500001551583, 571848.887300006579608 ], [ -1871845.458099997369573, 571854.431700009386986 ], [ -1871823.223400002112612, 571859.438200002070516 ], [ -1871800.003900001291186, 571863.911499997600913 ], [ -1871775.790700001409277, 571867.894300004933029 ], [ -1871753.768900000955909, 571870.954799996223301 ], [ -1871730.711199994664639, 571873.695800001733005 ], [ -1871706.329500002320856, 571876.136300004087389 ], [ -1871680.129799999529496, 571878.3115000044927 ], [ -1871655.953999996650964, 571880.012499993667006 ], [ -1871629.028700000373647, 571881.63640000205487 ], [ -1871531.772400000365451, 571886.573200004640967 ], [ -1871492.295199998654425, 571888.773099998943508 ], [ -1871451.64079999551177, 571891.496600004844368 ], [ -1871433.05790000106208, 571893.050600014161319 ], [ -1871415.340999994659796, 571894.820600001141429 ], [ -1871394.402100002858788, 571897.258200001902878 ], [ -1871390.46611164836213, 571897.79138680966571 ], [ -1871374.422700001392514, 571899.964700005017221 ], [ -1871355.200800001854077, 571902.950200013350695 ], [ -1871336.580600001849234, 571906.220900000538677 ], [ -1871318.599199997261167, 571909.810599997173995 ], [ -1871301.092700002947822, 571913.71010000212118 ], [ -1871284.148399999598041, 571917.946000005118549 ], [ -1871267.596900000236928, 571922.511099996976554 ], [ -1871230.28, 571933.593499998096377 ], [ -1871194.964200000977144, 571944.544300007168204 ], [ -1871161.348900001496077, 571955.485800004098564 ], [ -1871129.161899999249727, 571966.477100014220923 ], [ -1871098.173400001134723, 571977.598499992862344 ], [ -1871068.346099994843826, 571988.865299998782575 ], [ -1871039.531099998159334, 572000.207500006072223 ], [ -1871011.636099997442216, 572011.598499999847263 ], [ -1870993.472099998733029, 572019.580199996009469 ], [ -1870975.21530000353232, 572028.282499993685633 ], [ -1870956.914700000546873, 572037.880300002638251 ], [ -1870938.431099997833371, 572048.244299997575581 ], [ -1870919.73220000276342, 572059.391299998853356 ], [ -1870900.714800001122057, 572071.381500002928078 ], [ -1870881.286999998847023, 572084.272400006186217 ], [ -1870861.310499998740852, 572098.155800005886704 ], [ -1870858.32464938564226, 572100.31037981947884 ], [ -1870844.898700000951067, 572109.998500005807728 ], [ -1870827.885499997762963, 572122.649899998679757 ], [ -1870810.092900002142414, 572136.242100014351308 ], [ -1870791.171400001272559, 572151.041799997910857 ], [ -1870756.526399997528642, 572178.830999998375773 ], [ -1870733.906792767811567, 572197.280230185948312 ], [ -1870698.041897357441485, 572226.532714747358114 ], [ -1870674.613400002475828, 572245.641699994914234 ], [ -1870652.920799998100847, 572262.991800005547702 ], [ -1870633.213799994904548, 572278.439999995753169 ], [ -1870612.740599999204278, 572293.94480001507327 ], [ -1870593.349800001829863, 572308.150300001259893 ], [ -1870574.571899997303262, 572321.080499996431172 ], [ -1870556.429999998537824, 572333.238200000021607 ], [ -1870538.787500000791624, 572344.547500005923212 ], [ -1870521.569499999051914, 572355.191300002858043 ], [ -1870504.648199997376651, 572365.280100009869784 ], [ -1870487.929899997543544, 572374.719699997454882 ], [ -1870471.355299998540431, 572383.54270000802353 ], [ -1870454.900699999416247, 572391.761399997863919 ], [ -1870438.608099997742102, 572399.390699999872595 ], [ -1870422.376499995822087, 572406.444300003815442 ], [ -1870400.503800000296906, 572415.409799999091774 ], [ -1870378.48990000016056, 572424.096000002231449 ], [ -1870356.33489999989979, 572432.502999997697771 ], [ -1870334.038699994795024, 572440.630799999460578 ], [ -1870311.601399996550754, 572448.479299995582551 ], [ -1870289.022900000214577, 572456.048499999567866 ], [ -1870266.303299997001886, 572463.33849999634549 ], [ -1870243.44249999593012, 572470.349299998953938 ], [ -1870281.785499999765307, 572508.692300003021955 ], [ -1870251.085499994223937, 572494.844100004527718 ], [ -1870220.324999999022111, 572481.777299997862428 ], [ -1870189.504000000655651, 572469.491800006013364 ], [ -1870158.622499998891726, 572457.987600001040846 ], [ -1870127.573000001022592, 572447.0645000054501 ], [ -1870096.409299999009818, 572436.822599994484335 ], [ -1870065.26579999527894, 572427.512200000695884 ], [ -1870034.142300000647083, 572419.133400015067309 ], [ -1870002.958400000585243, 572411.535900002811104 ], [ -1869971.713999997358769, 572404.719800002872944 ], [ -1869940.409099997486919, 572398.68500000378117 ], [ -1869937.958995322696865, 572398.27463256707415 ] ] ] } },
{ "type": "Feature", "properties": { "ID": 1090, "YEAR": "2014-2015", "Perimtr_KM": 29.212780259799999, "AREA_KM": 6.779039446, "SCALE": 1, "THICKNES_M": 212.35971832300001, "VOLUME_KM": 1.4395949072500001, "MASS_GT": 1.3201085299499999, "RECURRANCE": "3-4", "UA_KM": 0.1460639013, "UH_M": 17.625856533899999, "UC_KM": 0.11014947205, "REGION": "Peninsula", "ICESHELF": "Bach" }, "geometry": { "type": "Polygon", "coordinates": [ [ [ -1854340.099516874877736, 578309.507478022016585 ], [ -1854319.781280885683373, 578145.814968780614436 ], [ -1854214.773399998433888, 577299.825999996159226 ], [ -1854599.703604183392599, 576996.960686195641756 ], [ -1854627.545400002971292, 576975.054600011557341 ], [ -1854929.298000001581386, 576103.32480000751093 ], [ -1857493.309641637839377, 573394.180525565519929 ], [ -1857594.779399994760752, 573286.967200002633035 ], [ -1858416.21700000250712, 572884.630400000140071 ], [ -1858946.679149535717443, 572780.521008103620261 ], [ -1860209.968599998159334, 572532.585700002964586 ], [ -1861031.406199998920783, 572079.9568000016734 ], [ -1862288.708799996646121, 571208.227099995594472 ], [ -1862405.269221517024562, 570791.939695821609348 ], [ -1862406.056999996304512, 570789.126200012862682 ], [ -1862413.208530557574704, 570787.934278593864292 ], [ -1863110.14639999740757, 570671.778000006452203 ], [ -1863864.52789999730885, 570956.766499997582287 ], [ -1864233.336599997011945, 571375.867400000803173 ], [ -1864537.598641955992207, 571563.100201684515923 ], [ -1865050.199195611523464, 571878.537635773420334 ], [ -1865054.551500001223758, 571881.21590000577271 ], [ -1865046.01475048577413, 571878.266878047492355 ], [ -1865025.017896097851917, 571871.013510172720999 ], [ -1864946.217799999052659, 571843.792000002693385 ], [ -1864900.684900001157075, 571828.369300003163517 ], [ -1864875.902400000253692, 571820.208900007884949 ], [ -1864852.715700002619997, 571812.788900006562471 ], [ -1864830.670900000724941, 571805.964200007263571 ], [ -1864809.537900000344962, 571799.664000015240163 ], [ -1864787.331232841592282, 571793.354951212648302 ], [ -1864784.043900000629947, 571792.421000014524907 ], [ -1864759.474599994951859, 571785.85470001026988 ], [ -1864735.857500000856817, 571779.621300000231713 ], [ -1864712.943799996050075, 571773.890500007197261 ], [ -1864690.539399999193847, 571768.733300001360476 ], [ -1864668.471000001067296, 571764.340500005055219 ], [ -1864646.677199996542186, 571760.7006999948062 ], [ -1864625.245499996701255, 571757.607900003436953 ], [ -1864609.992400001268834, 571755.906100003514439 ], [ -1864593.871899999445304, 571754.735700011253357 ], [ -1864576.737100001890212, 571754.085600003600121 ], [ -1864558.307999997166917, 571753.944799997378141 ], [ -1864540.627299998654053, 571754.240400006994605 ], [ -1864520.903099996736273, 571754.941899994388223 ], [ -1864447.763599999481812, 571758.863499999511987 ], [ -1864417.839300001272932, 571760.035199998877943 ], [ -1864401.836399994790554, 571760.308899997733533 ], [ -1864387.017999995499849, 571760.254799998365343 ], [ -1864373.093599997926503, 571759.871400004718453 ], [ -1864359.917100003454834, 571759.154499994590878 ], [ -1864344.282299999846146, 571757.774500007741153 ], [ -1864329.504599997540936, 571755.847599999513477 ], [ -1864315.478199996054173, 571753.359899998642504 ], [ -1864302.134799996390939, 571750.29910000693053 ], [ -1864289.60880000074394, 571746.3514000098221 ], [ -1864277.601099997526035, 571741.90260001225397 ], [ -1864266.146799996960908, 571736.842399998102337 ], [ -1864255.151099995942786, 571731.258399996440858 ], [ -1864249.756799998227507, 571728.09079999756068 ], [ -1864244.359999997774139, 571724.647300011478364 ], [ -1864238.950100002111867, 571720.921200006268919 ], [ -1864233.513599997619167, 571716.903900003060699 ], [ -1864228.041299997130409, 571712.589200000278652 ], [ -1864222.438499995740131, 571708.056500013452023 ], [ -1864210.948499996913597, 571697.959499998483807 ], [ -1864200.292699995916337, 571687.727599998936057 ], [ -1864188.728099999250844, 571675.847100003622472 ], [ -1864184.451042294735089, 571671.237703231628984 ], [ -1864177.194399997591972, 571663.417199998162687 ], [ -1864146.14680000138469, 571629.205400007776916 ], [ -1864136.617500000633299, 571619.1050999998115 ], [ -1864127.92409999622032, 571610.272000014316291 ], [ -1864117.811599995475262, 571600.57360000628978 ], [ -1864108.119899998884648, 571591.956700001843274 ], [ -1864098.663199996575713, 571584.256199999246746 ], [ -1864089.344600001815706, 571577.39420000789687 ], [ -1864073.874500001082197, 571567.011900002602488 ], [ -1864072.888498047366738, 571566.397529530338943 ], [ -1864057.727299998980016, 571556.950700004585087 ], [ -1864040.885, 571547.199200003873557 ], [ -1864023.323799998266622, 571537.743600006215274 ], [ -1864005.0266, 571528.574200007598847 ], [ -1863985.947099994169548, 571519.667100004386157 ], [ -1863966.04210000182502, 571511.002100006211549 ], [ -1863945.250099999131635, 571502.55240000737831 ], [ -1863924.110100000398234, 571494.513400003314018 ], [ -1863913.548309073317796, 571490.745197111740708 ], [ -1863901.957600003108382, 571486.609900006093085 ], [ -1863882.058569492772222, 571479.934631392825395 ], [ -1863878.664299994241446, 571478.796000010333955 ], [ -1863854.094100000336766, 571471.031699997838587 ], [ -1863828.878499997546896, 571463.00190000096336 ], [ -1863801.610300001921132, 571454.619900013320148 ], [ -1863771.369300001300871, 571445.873500007670373 ], [ -1863733.296800000825897, 571435.822299993596971 ], [ -1863647.946400002809241, 571413.423100004903972 ], [ -1863596.177599998889491, 571400.325699997600168 ], [ -1863571.132100002840161, 571394.30020001064986 ], [ -1863547.482100000837818, 571388.847900005523115 ], [ -1863524.836800002027303, 571383.85540000256151 ], [ -1863503.135999996913597, 571379.356500004883856 ], [ -1863480.890299997292459, 571375.017900005914271 ], [ -1863459.384499995736405, 571371.141399994958192 ], [ -1863438.534699995303527, 571367.711900006048381 ], [ -1863418.284200002904981, 571364.720200003124774 ], [ -1863398.626099997432902, 571362.083600006531924 ], [ -1863379.652000000467524, 571359.652500001247972 ], [ -1863361.107900001574308, 571357.718300014268607 ], [ -1863343.026299996534362, 571356.205400007776916 ], [ -1863324.546000000787899, 571355.156900010071695 ], [ -1863306.41779999807477, 571354.713100011460483 ], [ -1863288.737099999561906, 571354.726100008469075 ], [ -1863271.490899994736537, 571355.195999999064952 ], [ -1863254.665299997897819, 571356.123099998570979 ], [ -1863238.252999996766448, 571357.508000006899238 ], [ -1863222.245300000766292, 571359.351399996317923 ], [ -1863206.635199997574091, 571361.654200010001659 ], [ -1863191.406299999449402, 571364.419200003612787 ], [ -1863176.563400002429262, 571367.646100003272295 ], [ -1863162.101500000804663, 571371.336000013630837 ], [ -1863148.016300001647323, 571375.490000012330711 ], [ -1863134.303400000557303, 571380.109500004444271 ], [ -1863120.913899999810383, 571385.137800003401935 ], [ -1863107.890900000929832, 571390.633600002154708 ], [ -1863095.277599997352809, 571396.655700004659593 ], [ -1863087.956900001503527, 571400.417200000490993 ], [ -1863080.637100000865757, 571404.575299996417016 ], [ -1863073.211100000888109, 571409.023300003260374 ], [ -1863065.705799997784197, 571413.830300004221499 ], [ -1863058.154499998548999, 571419.061800000723451 ], [ -1863050.427599996561185, 571424.62790001090616 ], [ -1863042.537799995625392, 571430.610699994489551 ], [ -1863034.435799998929724, 571437.047899996396154 ], [ -1863020.060100000817329, 571449.192200004123151 ], [ -1863004.267299999017268, 571463.228800006210804 ], [ -1862992.479343284619972, 571474.130401445552707 ], [ -1862988.713700000196695, 571477.612900007981807 ], [ -1862948.158099998952821, 571516.206600002013147 ], [ -1862936.070300002349541, 571527.278099996503443 ], [ -1862925.069700000341982, 571537.090000003110617 ], [ -1862912.538300000829622, 571547.729299997445196 ], [ -1862900.636199995409697, 571557.264700001571327 ], [ -1862889.139400000916794, 571565.878300006035715 ], [ -1862877.931499997619539, 571573.657600001897663 ], [ -1862864.133499997435138, 571582.751200006343424 ], [ -1862849.836699997307733, 571591.618500000797212 ], [ -1862837.915966995293275, 571598.581328884232789 ], [ -1862835.014599999645725, 571600.275999997276813 ], [ -1862819.632299996679649, 571608.744099997449666 ], [ -1862803.666000003460795, 571617.036600002087653 ], [ -1862787.046400000806898, 571625.190299999900162 ], [ -1862769.709300000919029, 571633.236800005659461 ], [ -1862751.560299998847768, 571641.219899999909103 ], [ -1862734.430599998217076, 571648.395200002938509 ], [ -1862716.412799996323884, 571655.617799995467067 ], [ -1862697.336599997477606, 571662.956000011414289 ], [ -1862676.87750000320375, 571670.535100008361042 ], [ -1862636.1143, 571684.981800003908575 ], [ -1862557.059899998828769, 571712.006200002972037 ], [ -1862524.643099996959791, 571723.301000009290874 ], [ -1862491.278899999801069, 571735.237499998882413 ], [ -1862461.72439999692142, 571746.303800012450665 ], [ -1862444.593500000657514, 571753.118500000331551 ], [ -1862428.305100000696257, 571759.827499999199063 ], [ -1862412.549999996321276, 571766.77300000237301 ], [ -1862397.400899997912347, 571773.767200007103384 ], [ -1862382.776900000870228, 571780.84810000564903 ], [ -1862368.653700003633276, 571788.028199997730553 ], [ -1862354.992899995530024, 571795.327000010292977 ], [ -1862341.765500003704801, 571802.760000008624047 ], [ -1862326.51830000220798, 571811.742600004654378 ], [ -1862310.809799995506182, 571821.379500002600253 ], [ -1862294.505699999863282, 571831.752799996174872 ], [ -1862277.315900001209229, 571842.97580001456663 ], [ -1862260.14009999926202, 571854.534099998418242 ], [ -1862241.236799997277558, 571867.502299998421222 ], [ -1862168.106299997773021, 571918.788399996701628 ], [ -1862136.76869999920018, 571940.418699993751943 ], [ -1862119.592400000896305, 571951.954599997960031 ], [ -1862103.433999998727813, 571962.514199997298419 ], [ -1862087.973499997286126, 571972.306199999526143 ], [ -1862073.048099995125085, 571981.433300013653934 ], [ -1862056.346199996769428, 571991.233899994753301 ], [ -1862039.253899999894202, 572000.693700014613569 ], [ -1862021.590099999681115, 572010.051600001286715 ], [ -1862003.306000003125519, 572019.333700007759035 ], [ -1861984.371099999872968, 572028.556800006888807 ], [ -1861964.586499999277294, 572037.917800004128367 ], [ -1861943.906799999298528, 572047.388499996624887 ], [ -1861922.236399999586865, 572056.962299997452646 ], [ -1861884.870499996934086, 572072.768900007009506 ], [ -1861842.868199997348711, 572089.727899992838502 ], [ -1861802.3378, 572105.557300007902086 ], [ -1861704.130600002361462, 572143.31730000115931 ], [ -1861653.894900003215298, 572163.200800008606166 ], [ -1861643.573423280380666, 572167.434109935536981 ], [ -1861628.867699997033924, 572173.465600002557039 ], [ -1861605.504600000102073, 572183.257000010460615 ], [ -1861583.412299998570234, 572192.655800003092736 ], [ -1861562.386000000638887, 572201.837499992921948 ], [ -1861540.503300000680611, 572211.893400005064905 ], [ -1861519.55979999480769, 572222.029599993024021 ], [ -1861499.447799994843081, 572232.38510000705719 ], [ -1861480.088699996704236, 572242.828800003509969 ], [ -1861461.401199997402728, 572253.405200003646314 ], [ -1861443.356599997496232, 572264.131400014273822 ], [ -1861425.913800001842901, 572275.031800015829504 ], [ -1861408.973299995064735, 572286.08430000115186 ], [ -1861394.576399998972192, 572295.914100005757064 ], [ -1861380.022599995834753, 572306.171400004997849 ], [ -1861365.419600000837818, 572316.960299994330853 ], [ -1861350.596900001866743, 572328.222599997185171 ], [ -1861335.598699998576194, 572340.018200003076345 ], [ -1861320.424599998863414, 572352.44269999768585 ], [ -1861304.878800002159551, 572365.461699997540563 ], [ -1861289.008800001582131, 572379.234199999831617 ], [ -1861274.686900002183393, 572392.059900001622736 ], [ -1861259.86339999944903, 572405.612200010567904 ], [ -1861228.016599997645244, 572435.535600013565272 ], [ -1861196.195399998221546, 572466.250099998898804 ], [ -1861111.228999994928017, 572548.38580001052469 ], [ -1861096.252800122601911, 572562.445328151807189 ], [ -1861085.467899996321648, 572572.570100001525134 ], [ -1861062.123500001151115, 572594.269800002221018 ], [ -1861035.171199997421354, 572618.668799997773021 ], [ -1861009.586099999723956, 572640.898499994073063 ], [ -1860984.872100000269711, 572661.389500010292977 ], [ -1860972.759499998297542, 572671.051100002601743 ], [ -1860960.772999999811873, 572680.352899997029454 ], [ -1860932.88099999842234, 572701.541700002271682 ], [ -1860905.036699999123812, 572722.393900000955909 ], [ -1860877.10890000173822, 572742.879900011233985 ], [ -1860849.162800000980496, 572763.014800008386374 ], [ -1860821.26359999855049, 572782.813499996904284 ], [ -1860793.476600000401959, 572802.291300001554191 ], [ -1860765.670900000724941, 572821.417999999132007 ], [ -1860738.107999997446314, 572840.253700001630932 ], [ -1860710.591399998171255, 572858.753700005821884 ], [ -1860683.107199996942654, 572876.502000004053116 ], [ -1860655.669799996074289, 572893.914299996569753 ], [ -1860628.275499997194856, 572910.886699998285621 ], [ -1860600.945999994175509, 572928.042700014077127 ], [ -1860573.663400003220886, 572944.86260000616312 ], [ -1860546.427899999544024, 572961.346200005151331 ], [ -1860519.239599994616583, 572977.493600002955645 ], [ -1860492.097299999790266, 572993.305300002917647 ], [ -1860465.002599995583296, 573008.780599998310208 ], [ -1860437.955499995499849, 573023.919300000183284 ], [ -1860410.95630000019446, 573038.721299997996539 ], [ -1860384.005199998617172, 573053.186500006355345 ], [ -1860357.102299995953217, 573067.314800000283867 ], [ -1860330.247800001176074, 573081.106199993751943 ], [ -1860303.44189999694936, 573094.560400006826967 ], [ -1860276.684799999231473, 573107.677499995566905 ], [ -1860250.026600001612678, 573120.357000007294118 ], [ -1860223.617299997247756, 573132.297699998598546 ], [ -1860197.207399998558685, 573144.001199999824166 ], [ -1860170.797400001902133, 573155.467500004451722 ], [ -1860144.287400000728667, 573166.897200002800673 ], [ -1860117.827399994945154, 573177.989200002979487 ], [ -1860091.323399999178946, 573188.714799998793751 ], [ -1860061.697899998864159, 573200.305400010198355 ], [ -1860031.949900002684444, 573211.621100006625056 ], [ -1860002.173999996855855, 573222.69060000218451 ], [ -1859972.181199997430667, 573233.456400005146861 ], [ -1859942.066199995577335, 573243.947400005534291 ], [ -1859911.922999997390434, 573254.191800012718886 ], [ -1859881.657400001073256, 573264.161500000860542 ], [ -1859851.269499997841194, 573273.856099999044091 ], [ -1859820.853399998275563, 573283.304400011431426 ], [ -1859790.3614, 573292.225900016259402 ], [ -1859759.777999996673316, 573300.704400005750358 ], [ -1859729.072200002148747, 573308.90800000121817 ], [ -1859715.155216184910387, 573312.667426481842995 ], [ -1859698.166600001044571, 573317.25660000462085 ], [ -1859667.13859999505803, 573325.330200015567243 ], [ -1859635.98819999746047, 573333.128800007514656 ], [ -1859604.715399995213374, 573340.652500004973263 ], [ -1859517.320746042998508, 573372.77090806234628 ], [ -1858713.099900001659989, 573668.330100001301616 ], [ -1857456.426299997605383, 574092.651000006590039 ], [ -1857367.419875936117023, 574160.495682191569358 ], [ -1857265.180177466478199, 574238.427358713001013 ], [ -1856893.964199996786192, 574521.384800008963794 ], [ -1856328.968799997121096, 575279.66129999794066 ], [ -1855707.643091859295964, 575671.74043538980186 ], [ -1855538.494126420002431, 575778.479588872753084 ], [ -1855485.323800002457574, 575812.032000006642193 ], [ -1855368.789481834508479, 576052.18532394990325 ], [ -1855308.9305999961216, 576175.542200004681945 ], [ -1855212.97388001694344, 576249.767680327873677 ], [ -1855122.049100002273917, 576320.100800001993775 ], [ -1855078.057240831432864, 576445.455800296273082 ], [ -1855036.157499994616956, 576564.849300004076213 ], [ -1855031.412270705681294, 576596.370029176119715 ], [ -1854897.265999998198822, 577487.452000001911074 ], [ -1854887.635721924481913, 577500.927984252106398 ], [ -1854657.346750823780894, 577823.179379657376558 ], [ -1854496.06040000077337, 578048.873000002466142 ], [ -1854528.723379392409697, 578175.068809940014035 ], [ -1854566.879299998050556, 578322.487000006251037 ], [ -1854530.155952478293329, 578336.158281723037362 ], [ -1854416.739568449789658, 578378.380667270161211 ], [ -1854371.460317217977718, 578395.237120766192675 ], [ -1854351.655799995642155, 578402.609900007024407 ], [ -1854340.099516874877736, 578309.507478022016585 ] ] ] } },
{ "type": "Feature", "properties": { "ID": 1091, "YEAR": "2014-2015", "Perimtr_KM": 14.0895242958, "AREA_KM": 2.3538194273499999, "SCALE": 1, "THICKNES_M": 108.217378998, "VOLUME_KM": 0.25472416906000001, "MASS_GT": 0.23358206303000001, "RECURRANCE": "4-5", "UA_KM": 0.07044762148, "UH_M": 8.9820424125400002, "UC_KM": 0.01949001945, "REGION": "Peninsula", "ICESHELF": "Wilkins" }, "geometry": { "type": "Polygon", "coordinates": [ [ [ -2009243.6756999976933, 606320.898800002411008 ], [ -2009219.808599999174476, 606320.583700000774115 ], [ -2009194.935099998489022, 606320.626400004141033 ], [ -2009168.882399996276945, 606321.027300010435283 ], [ -2009146.835900002159178, 606321.614399997983128 ], [ -2009123.686699999729171, 606322.442100014071912 ], [ -2009072.709399996791035, 606325.475800014100969 ], [ -2009023.243299995083362, 606328.65969999646768 ], [ -2008900.112099997699261, 606336.55609999736771 ], [ -2008865.747699999716133, 606338.520300004631281 ], [ -2008834.8694, 606340.059100000653416 ], [ -2008801.53999999910593, 606341.400700004305691 ], [ -2008770.429399996530265, 606342.279400002211332 ], [ -2008740.99810000276193, 606342.710200010798872 ], [ -2008712.966099998913705, 606342.696699996944517 ], [ -2008682.423700000159442, 606342.13860000949353 ], [ -2008653.10410000057891, 606341.121800004504621 ], [ -2008624.875899997539818, 606339.598500001244247 ], [ -2008597.6955, 606337.47950000455603 ], [ -2008571.611499997321516, 606334.547699997201562 ], [ -2008546.414700001012534, 606331.002999997232109 ], [ -2008522.045399997849017, 606326.836900010239333 ], [ -2008498.458099994342774, 606322.041799995116889 ], [ -2008470.362300001084805, 606315.733200013171881 ], [ -2008442.05060000019148, 606309.137200009077787 ], [ -2008413.511199996806681, 606302.25080000422895 ], [ -2008384.730599997797981, 606295.070900014601648 ], [ -2008355.696499998215586, 606287.594399995636195 ], [ -2008326.390799997840077, 606279.816800012718886 ], [ -2008296.796399995218962, 606271.733300001826137 ], [ -2008266.893599995877594, 606263.338699995074421 ], [ -2008236.69620000035502, 606254.637300006113946 ], [ -2008206.137700000312179, 606245.784000015817583 ], [ -2008175.194499999517575, 606236.713799997698516 ], [ -2008143.840799999888986, 606227.302999993786216 ], [ -2008079.80280000064522, 606206.849900004919618 ], [ -2008013.637199998833239, 606184.881100005935878 ], [ -2007951.376299996860325, 606163.508400006219745 ], [ -2007891.206444466486573, 606142.258047359529883 ], [ -2007886.471800000173971, 606140.58590000635013 ], [ -2007818.26170000154525, 606115.880600003991276 ], [ -2007745.457499997224659, 606089.237400009762496 ], [ -2007681.216399998404086, 606065.556999995373189 ], [ -2007609.763399997027591, 606038.325399999972433 ], [ -2007374.825100002810359, 605947.717500004451722 ], [ -2007289.156799999531358, 605915.090499999467283 ], [ -2007192.962199996691197, 605878.593000010121614 ], [ -2007182.9012999990955, 605874.716600004117936 ], [ -2007671.765258922241628, 605788.446423379704356 ], [ -2007790.852000000420958, 605767.431099998764694 ], [ -2008557.196199319791049, 606098.823212647344917 ], [ -2008574.02030000067316, 606106.098500008694828 ], [ -2008585.56752750556916, 606106.30276543321088 ], [ -2013852.08453195495531, 606199.465156078804284 ], [ -2013987.735463117947802, 606201.864761931821704 ], [ -2014076.3830999978818, 606203.432899995706975 ], [ -2014020.524900002172217, 606228.39590000687167 ], [ -2013955.519100000383332, 606255.866600000765175 ], [ -2013892.593100001569837, 606281.177399998530746 ], [ -2013831.482199997873977, 606305.019799996633083 ], [ -2013771.908300000242889, 606327.502200003247708 ], [ -2013713.562100003007799, 606348.739500007592142 ], [ -2013656.345699999015778, 606368.766000010073185 ], [ -2013600.173499999800697, 606388.217999996151775 ], [ -2013572.466799997957423, 606397.959899997804314 ], [ -2013544.945399995660409, 606407.280499998945743 ], [ -2013473.901799995452166, 606429.339000003878027 ], [ -2013413.58329999493435, 606447.671700011473149 ], [ -2013358.287999996449798, 606464.010400007478893 ], [ -2013306.679799998411909, 606478.730500007979572 ], [ -2013256.883400002494454, 606492.326199998613447 ], [ -2013209.242400000803173, 606504.741600004490465 ], [ -2013163.322900000493973, 606516.358700006268919 ], [ -2013118.90630000224337, 606527.875499995891005 ], [ -2013094.70919999666512, 606533.647200002335012 ], [ -2013070.214699998497963, 606538.797500000800937 ], [ -2013045.432000001659617, 606543.767099999822676 ], [ -2013020.349399995757267, 606548.558200015686452 ], [ -2012994.955899997148663, 606553.172999996226281 ], [ -2012969.235399997327477, 606557.614500008057803 ], [ -2012943.172499994980171, 606561.885200006887317 ], [ -2012916.749500001315027, 606565.988099998794496 ], [ -2012889.979600002523512, 606569.921600010246038 ], [ -2012862.809399998281151, 606573.693900007754564 ], [ -2012835.214699998265132, 606577.30830000480637 ], [ -2012807.166999998735264, 606580.768600004725158 ], [ -2012778.642499994020909, 606584.077900005038828 ], [ -2012749.596500002313405, 606587.241300015710294 ], [ -2012689.764600001741201, 606593.981700005941093 ], [ -2012633.973900001030415, 606599.794200013857335 ], [ -2012575.55579999787733, 606604.259400012902915 ], [ -2012513.904999998630956, 606608.395100008230656 ], [ -2012447.81379999872297, 606612.282500004861504 ], [ -2012392.114, 606615.20709999743849 ], [ -2012330.333000000566244, 606618.16730000404641 ], [ -2012103.970699997618794, 606629.843900009058416 ], [ -2012011.243299995083362, 606634.199799998663366 ], [ -2011939.51689999573864, 606637.595300002023578 ], [ -2011867.779700001701713, 606640.600000008475035 ], [ -2011795.962499998044223, 606643.802099996246397 ], [ -2011724.09269999852404, 606646.966500013601035 ], [ -2011652.323300002142787, 606648.798599998466671 ], [ -2011580.543099997099489, 606650.239899999462068 ], [ -2011508.752200002316386, 606651.290299998596311 ], [ -2011436.950400000903755, 606651.949900006875396 ], [ -2011365.109799997415394, 606652.349999995902181 ], [ -2011292.947499999310821, 606653.805500003509223 ], [ -2011221.113499995553866, 606653.292500010691583 ], [ -2011149.268800001824275, 606652.38860000250861 ], [ -2011077.413299999665469, 606651.093899996485561 ], [ -2011005.546999995829538, 606649.408300002571195 ], [ -2010933.670000001788139, 606647.331900011282414 ], [ -2010861.55579999787733, 606646.430199998430908 ], [ -2010789.616199996322393, 606643.856700005941093 ], [ -2010717.706900002202019, 606640.607700006105006 ], [ -2010645.786899997619912, 606636.967899995855987 ], [ -2010573.856099998112768, 606632.937199997249991 ], [ -2010501.914500003913417, 606628.515600002836436 ], [ -2010429.76019999710843, 606624.85390000231564 ], [ -2010357.670899996301159, 606620.36979999858886 ], [ -2010285.697099999757484, 606614.775700001511723 ], [ -2010213.712499994784594, 606608.790700001642108 ], [ -2010141.717199999839067, 606602.414899998344481 ], [ -2010069.711100003216416, 606595.648200006224215 ], [ -2009997.549700000323355, 606588.955499997828156 ], [ -2009925.196699998341501, 606582.45289999851957 ], [ -2009853.158300001639873, 606574.513599998317659 ], [ -2009781.10920000099577, 606566.183499994222075 ], [ -2009755.5968, 606563.096600010525435 ], [ -2009748.919899998465553, 606554.560600003227592 ], [ -2009734.390599999809638, 606536.793799999170005 ], [ -2009719.718399997334927, 606519.659300002269447 ], [ -2009704.82860000198707, 606503.057899998035282 ], [ -2009689.684299999848008, 606486.940099995117635 ], [ -2009674.21089999913238, 606471.206900008488446 ], [ -2009658.408700000727549, 606455.858400008641183 ], [ -2009651.212999997194856, 606449.189899997320026 ], [ -2009643.877800001297146, 606442.699999994132668 ], [ -2009636.402099999599159, 606436.387899996247143 ], [ -2009628.784999997355044, 606430.252900003455579 ], [ -2009621.025500001385808, 606424.29400000302121 ], [ -2009613.122599998489022, 606418.510600000154227 ], [ -2009605.07499999506399, 606412.901700015645474 ], [ -2009596.881600000197068, 606407.466599995736033 ], [ -2009588.542000001762062, 606402.204800005536526 ], [ -2009580.054099995177239, 606397.115000003483146 ], [ -2009571.416200002189726, 606392.196399999316782 ], [ -2009562.56010000128299, 606387.616799993440509 ], [ -2009553.584399999119341, 606383.122200002428144 ], [ -2009544.420699998503551, 606378.880500010680407 ], [ -2009535.100200002081692, 606374.806400002446026 ], [ -2009525.654799997806549, 606370.814600003883243 ], [ -2009516.030000001657754, 606367.078800001647323 ], [ -2009506.242800002917647, 606363.507200005464256 ], [ -2009496.323999998159707, 606360.014800014905632 ], [ -2009486.271299995016307, 606356.600300001911819 ], [ -2009476.048599995672703, 606353.347400001250207 ], [ -2009465.652399998623878, 606350.255000001750886 ], [ -2009444.326400001300499, 606344.547700013499707 ], [ -2009422.271799997426569, 606339.472200009040534 ], [ -2009399.445599996484816, 606335.018100005108863 ], [ -2009375.806899999268353, 606331.177500009071082 ], [ -2009351.303200000431389, 606327.941799993626773 ], [ -2009331.128900000359863, 606325.792200002353638 ], [ -2009310.32759999926202, 606324.016800004057586 ], [ -2009288.854300000471994, 606322.611800002399832 ], [ -2009266.649700003210455, 606321.57340000057593 ], [ -2009243.6756999976933, 606320.898800002411008 ] ] ] } },
{ "type": "Feature", "properties": { "ID": 1093, "YEAR": "2014-2015", "Perimtr_KM": 31.912425733599999, "AREA_KM": 50.538776944399999, "SCALE": 2, "THICKNES_M": 231.43921687299999, "VOLUME_KM": 11.6966549577, "MASS_GT": 10.7258325962, "RECURRANCE": "3-4", "UA_KM": 0.15956212867, "UH_M": 19.209454905699999, "UC_KM": 0.89496035434, "REGION": "Peninsula", "ICESHELF": "Stange" }, "geometry": { "type": "Polygon", "coordinates": [ [ [ -1784796.70715579087846, 365630.430217490997165 ], [ -1784718.873731976607814, 365610.270518502686173 ], [ -1781601.580664670327678, 364802.857882437761873 ], [ -1781378.084004359319806, 364744.969829000532627 ], [ -1781208.50858688284643, 364701.047960929572582 ], [ -1780769.649052261840552, 364587.378592645283788 ], [ -1780747.152831404469907, 364581.551828013267368 ], [ -1780670.871681913733482, 364561.794184871483594 ], [ -1780495.336386511335149, 364516.328643932472914 ], [ -1780357.733773865038529, 364480.688078287988901 ], [ -1779900.936929935123771, 364362.372752794995904 ], [ -1779658.789699999149889, 364299.654000009410083 ], [ -1779657.501265313010663, 364276.45456772390753 ], [ -1779613.911200001370162, 363491.576000000350177 ], [ -1779044.117899996694177, 363054.529399998020381 ], [ -1778953.233199998503551, 362307.212100001052022 ], [ -1778866.033699999097735, 362011.110600000247359 ], [ -1779164.443699997616932, 361503.66170000936836 ], [ -1779240.896699996897951, 360791.074700004886836 ], [ -1779526.25899999612011, 360439.079700002446771 ], [ -1779807.386599995195866, 359473.914199999067932 ], [ -1779781.964099996024743, 358203.702500006183982 ], [ -1779580.7239, 357881.275299997534603 ], [ -1779247.277299996465445, 357760.757699995301664 ], [ -1779030.274200000800192, 357277.161800014786422 ], [ -1779176.619599999627098, 356887.005099995527416 ], [ -1779282.160799997625872, 356411.444400002248585 ], [ -1779179.234499994898215, 356039.374699999112636 ], [ -1779343.820799997309223, 355700.070800000801682 ], [ -1779621.276699997950345, 355388.584099995903671 ], [ -1779912.589999997522682, 355176.406600004993379 ], [ -1779783.829200000502169, 354894.948200001846999 ], [ -1779323.058599998708814, 355007.772000006400049 ], [ -1779567.833800000604242, 354734.956699997652322 ], [ -1780022.679800001438707, 354551.671699996106327 ], [ -1780086.531100002583116, 354561.596100000664592 ], [ -1782343.510299995075911, 356768.618600005749613 ], [ -1783248.126766251632944, 357371.696214179508388 ], [ -1785359.766399993794039, 358779.455899993423373 ], [ -1785495.139211936388165, 364780.984606583137065 ], [ -1785518.516699997009709, 365817.386700006201863 ], [ -1784796.70715579087846, 365630.430217490997165 ] ] ] } },
{ "type": "Feature", "properties": { "ID": 1094, "YEAR": "2014-2015", "Perimtr_KM": 22.874642146500001, "AREA_KM": 5.6892796955399998, "SCALE": 1, "THICKNES_M": 113.74597826900001, "VOLUME_KM": 0.64713268460999995, "MASS_GT": 0.59342067179000002, "RECURRANCE": "2-3", "UA_KM": 0.11437321073, "UH_M": 9.4409161497700005, "UC_KM": 0.04951484838, "REGION": "Peninsula", "ICESHELF": "Stange" }, "geometry": { "type": "Polygon", "coordinates": [ [ [ -1851822.722157843643799, 424990.72812339104712 ], [ -1852004.494855574797839, 424743.082870916929096 ], [ -1852318.392928175861016, 424315.431367643643171 ], [ -1852429.571656900923699, 424163.962611947674304 ], [ -1852459.38339999713935, 424123.347399999387562 ], [ -1852429.821499997284263, 422971.977300014346838 ], [ -1852571.488837885903195, 422069.211016144603491 ], [ -1852615.209602602757514, 421790.603167097549886 ], [ -1852657.116700002225116, 421523.552800010424107 ], [ -1853467.1621, 420670.724400000181049 ], [ -1854458.5942, 419590.280999998562038 ], [ -1854546.106329323956743, 419456.466910259798169 ], [ -1854647.349183567101136, 419301.657280004117638 ], [ -1854895.127799996407703, 418922.780999995302409 ], [ -1856845.229547752300277, 417034.566687967628241 ], [ -1856931.292703070444986, 416951.23478910792619 ], [ -1857174.484399998560548, 416715.760899994987994 ], [ -1857411.305467986734584, 416615.104332817718387 ], [ -1857629.802899998147041, 416522.235899997409433 ], [ -1858201.711004970129579, 416724.109985906630754 ], [ -1858308.607894075801596, 416761.842816779855639 ], [ -1856438.960306560155004, 418268.235228171572089 ], [ -1856350.037192643387243, 418339.881406819447875 ], [ -1854624.486232290510088, 419730.173839584458619 ], [ -1854307.278940742136911, 419985.750700067263097 ], [ -1854244.576299998210743, 420036.270799993537366 ], [ -1854207.372604893520474, 420105.667783202137798 ], [ -1853829.675488845678046, 420810.195662631653249 ], [ -1853354.741399997612461, 421696.102100013755262 ], [ -1852953.603487168205902, 423955.894967206288129 ], [ -1852816.319010862149298, 424729.281053172424436 ], [ -1852791.262199997669086, 424870.437500004190952 ], [ -1852477.227811073185876, 424916.457854923792183 ], [ -1852349.552126012276858, 424935.168163567781448 ], [ -1851988.601356827653944, 424988.063907134346664 ], [ -1851818.390029629226774, 425013.007626563776284 ], [ -1851804.919999997597188, 425014.981600008439273 ], [ -1851822.722157843643799, 424990.72812339104712 ] ] ] } },
{ "type": "Feature", "properties": { "ID": 1098, "YEAR": "2014-2015", "Perimtr_KM": 26.011189866900001, "AREA_KM": 3.9313058669699998, "SCALE": 1, "THICKNES_M": 121.25417747500001, "VOLUME_KM": 0.4766872593, "MASS_GT": 0.43712221678000002, "RECURRANCE": "2-3", "UA_KM": 0.13005594934, "UH_M": 10.064096680800001, "UC_KM": 0.03647335072, "REGION": "Peninsula", "ICESHELF": "Stange" }, "geometry": { "type": "Polygon", "coordinates": [ [ [ -1854825.593594292877242, 447040.241170956287533 ], [ -1854912.190747122745961, 447076.541364656761289 ], [ -1855096.248399997595698, 447153.695500011555851 ], [ -1855252.48781050555408, 447099.702733517158777 ], [ -1855412.433100000489503, 447044.429300006013364 ], [ -1856023.18940000096336, 446895.364099999889731 ], [ -1856999.126799997640774, 446810.856300002895296 ], [ -1857035.472199996234849, 446832.980800013523549 ], [ -1857450.583743814146146, 446622.708159730304033 ], [ -1857710.159475469496101, 446491.221393676009029 ], [ -1857719.719050913583487, 446486.379039377439767 ], [ -1857752.617099998984486, 446469.714700012467802 ], [ -1857752.561799997230992, 446469.051400012336671 ], [ -1857610.035657639149576, 446339.317210529465228 ], [ -1856849.004899999592453, 445646.590200010221452 ], [ -1856589.683737152488902, 445213.089208431076258 ], [ -1856455.54099999810569, 444988.846000007819384 ], [ -1856194.473099996568635, 444554.424500007648021 ], [ -1855933.762300000758842, 444074.839400014840066 ], [ -1855911.548857213230804, 443883.884500168263912 ], [ -1855896.583999997936189, 443755.24109999416396 ], [ -1855816.968466895399615, 443281.185530963819474 ], [ -1855782.215300000971183, 443074.254399995785207 ], [ -1855791.81736265681684, 442848.808587965555489 ], [ -1855799.051799997221678, 442678.951999998651445 ], [ -1856037.494800000684336, 443077.272199997212738 ], [ -1856039.21063060220331, 443101.722798213828355 ], [ -1856065.295970583800226, 443473.439077700488269 ], [ -1856104.550900001777336, 444032.822100005112588 ], [ -1856672.175928223412484, 444759.382181274704635 ], [ -1856764.961395415477455, 444878.147586657200009 ], [ -1857242.196545027196407, 445489.008616122417152 ], [ -1857361.853400001302361, 445642.169400006532669 ], [ -1858116.234900001203641, 446262.438599999528378 ], [ -1858416.65268740686588, 446393.871381990611553 ], [ -1858920.908499999670312, 446614.483300003223121 ], [ -1858317.403299995698035, 446899.471899999305606 ], [ -1858085.401958351256326, 446819.471411030739546 ], [ -1857831.246299998369068, 446731.831499996129423 ], [ -1857498.124661037698388, 446848.424073635600507 ], [ -1856984.120014293817803, 447028.325700002256781 ], [ -1856825.404299998655915, 447083.876200007274747 ], [ -1856801.166001625591889, 447084.95345878507942 ], [ -1856071.022799998754635, 447117.404300003312528 ], [ -1855974.587914681993425, 447148.850459618959576 ], [ -1855299.877300003310665, 447368.864799996372312 ], [ -1853589.945900002494454, 447318.57270000455901 ], [ -1853087.024900002637878, 447486.213000002782792 ], [ -1851829.722299998160452, 446765.359599999152124 ], [ -1850974.75660000112839, 446664.775400009006262 ], [ -1850768.874499999219552, 446409.017399998381734 ], [ -1851462.334700001403689, 446408.756800001487136 ], [ -1851911.102599998936057, 446392.951099993661046 ], [ -1852038.5003, 446400.712500005029142 ], [ -1852626.922299999278039, 446607.109900006558746 ], [ -1853163.781399997882545, 447212.027200001757592 ], [ -1854328.478799995267764, 446831.858299998566508 ], [ -1854825.593594292877242, 447040.241170956287533 ] ] ] } },
{ "type": "Feature", "properties": { "ID": 1099, "YEAR": "2014-2015", "Perimtr_KM": 10.987109865100001, "AREA_KM": 3.7467107409499998, "SCALE": 1, "THICKNES_M": 116.63422966, "VOLUME_KM": 0.43699472102999998, "MASS_GT": 0.40072415917999998, "RECURRANCE": "1-2", "UA_KM": 0.05493554933, "UH_M": 9.6806410140400008, "UC_KM": 0.03343630737, "REGION": "Peninsula", "ICESHELF": "Stange" }, "geometry": { "type": "Polygon", "coordinates": [ [ [ -1838567.612035691039637, 449763.17469468805939 ], [ -1838405.893699999665841, 449732.028600010089576 ], [ -1838526.904900000430644, 449314.433099998161197 ], [ -1838462.566799996420741, 448379.466900005470961 ], [ -1838479.336465596454218, 448192.107620060443878 ], [ -1838527.305322071304545, 447656.175024665426463 ], [ -1838585.837499999674037, 447002.223600006196648 ], [ -1839278.321299999719486, 445078.293900007382035 ], [ -1839552.619800001848489, 444759.880400001071393 ], [ -1839786.928500001318753, 445055.760200005024672 ], [ -1839787.917773812776431, 445144.505664526019245 ], [ -1839788.659661089302972, 445211.058655643370003 ], [ -1839793.178693372290581, 445616.450584774836898 ], [ -1839794.227582898922265, 445710.544037024956197 ], [ -1839795.625969050917774, 445835.990023115184158 ], [ -1839809.719849925255403, 447100.319464423693717 ], [ -1839809.910300002200529, 447117.404300003312528 ], [ -1839172.877000002190471, 448039.42619999917224 ], [ -1839055.528799995779991, 448844.09980000462383 ], [ -1838988.47270000143908, 449598.481300011277199 ], [ -1838825.793935297988355, 449692.663688963279128 ], [ -1838669.956000002333894, 449782.885599998291582 ], [ -1838567.612035691039637, 449763.17469468805939 ] ] ] } },
{ "type": "Feature", "properties": { "ID": 1101, "YEAR": "2014-2015", "Perimtr_KM": 15.8337810409, "AREA_KM": 3.0094536161900001, "SCALE": 1, "THICKNES_M": 48.2855242093, "VOLUME_KM": 0.14531304544000001, "MASS_GT": 0.13325206267, "RECURRANCE": "2-3", "UA_KM": 0.0791689052, "UH_M": 4.0076984896100001, "UC_KM": 0.01111851338, "REGION": "Peninsula", "ICESHELF": "Stange" }, "geometry": { "type": "Polygon", "coordinates": [ [ [ -1832034.922643083613366, 452594.997092415113002 ], [ -1831887.807299999520183, 452478.401300005614758 ], [ -1832116.943339182762429, 452568.254178314935416 ], [ -1832391.929200001759455, 452676.086500003002584 ], [ -1832664.645300002768636, 452358.040900004096329 ], [ -1833086.512375668622553, 452474.631972381845117 ], [ -1833194.038199994014576, 452504.348800001200289 ], [ -1833263.157852911390364, 452094.762342843227088 ], [ -1833358.098800000268966, 451532.165099998004735 ], [ -1833696.974511004518718, 451296.006649915594608 ], [ -1834243.259956781286746, 450915.306824017316103 ], [ -1834518.074700001627207, 450723.791699996218085 ], [ -1834814.920451379613951, 450677.506734197027981 ], [ -1835340.042699996847659, 450595.628300005570054 ], [ -1835693.532648416934535, 450381.982540705706924 ], [ -1835733.18029999663122, 450358.019900005310774 ], [ -1835725.81185382977128, 450233.27880000974983 ], [ -1835718.416483599226922, 450108.081900004297495 ], [ -1835717.14130000025034, 450086.494200005661696 ], [ -1836075.733099996810779, 449894.023299998603761 ], [ -1836856.336499997181818, 449827.385600003413856 ], [ -1836899.919799999566749, 449879.123299996368587 ], [ -1837110.635299994843081, 449848.322099997196347 ], [ -1837709.497399997198954, 450073.461699998937547 ], [ -1837930.856899998849258, 449964.932300000917166 ], [ -1837705.156656259903684, 450231.320689359679818 ], [ -1837630.585899999830872, 450319.334700001403689 ], [ -1837451.57097745873034, 450274.580969367641956 ], [ -1837286.362300040200353, 450233.27880000974983 ], [ -1836825.912300001364201, 450118.166299993172288 ], [ -1836745.224805378587916, 450171.633923337329179 ], [ -1836652.197093586670235, 450233.27880000974983 ], [ -1836421.640367289772257, 450386.05737194372341 ], [ -1835449.165007189149037, 451030.468832617625594 ], [ -1835434.497599999420345, 451040.18819999601692 ], [ -1834797.464299999410287, 451174.30039999820292 ], [ -1833640.745999997016042, 451962.210000007878989 ], [ -1833523.39769999939017, 452683.06339999800548 ], [ -1833087.532899998594075, 452766.883600006345659 ], [ -1833039.575962134869769, 452886.775944672059268 ], [ -1832886.364499997114763, 453269.804600005969405 ], [ -1832034.922643083613366, 452594.997092415113002 ] ] ] } },
{ "type": "Feature", "properties": { "ID": 1103, "YEAR": "2014-2015", "Perimtr_KM": 18.0269134622, "AREA_KM": 3.3747713394600001, "SCALE": 1, "THICKNES_M": 98.513074239100007, "VOLUME_KM": 0.3324590995, "MASS_GT": 0.30486499425000002, "RECURRANCE": "2-3", "UA_KM": 0.09013456731, "UH_M": 8.1765851215299996, "UC_KM": 0.02543784651, "REGION": "Peninsula", "ICESHELF": "George_VI" }, "geometry": { "type": "Polygon", "coordinates": [ [ [ -1780322.041599999647588, 498042.15170000679791 ], [ -1780408.274000002304092, 497878.022900006268173 ], [ -1780832.624489852925763, 498002.151699486654252 ], [ -1780948.203599996399134, 498035.960299994330853 ], [ -1779550.625199995236471, 498569.504000002518296 ], [ -1778492.289699999848381, 498966.379800003021955 ], [ -1777777.9132999998983, 499945.340100004803389 ], [ -1777672.079700001515448, 501744.510400011669844 ], [ -1777539.787799996091053, 502220.761399998795241 ], [ -1777525.633394669974223, 502843.554859979543835 ], [ -1777513.329399998299778, 503384.93030000384897 ], [ -1777209.162299998337403, 504603.916700015775859 ], [ -1777175.833299996098503, 503909.759800008498132 ], [ -1776890.94599999813363, 502838.785400000400841 ], [ -1776991.221099999267608, 502250.980299999471754 ], [ -1777393.594799995655194, 501594.075300007127225 ], [ -1777411.180399997159839, 501274.594900002237409 ], [ -1777542.354899998288602, 499337.400599996559322 ], [ -1777926.2311, 498680.666500001680106 ], [ -1778825.438199998112395, 498213.160400010179728 ], [ -1779747.296200002077967, 498199.348800004925579 ], [ -1780322.041599999647588, 498042.15170000679791 ] ] ] } },
{ "type": "Feature", "properties": { "ID": 1106, "YEAR": "2014-2015", "Perimtr_KM": 9.2711497543900006, "AREA_KM": 1.6178635851000001, "SCALE": 1, "THICKNES_M": 140.812810262, "VOLUME_KM": 0.22781591804000001, "MASS_GT": 0.20890719684, "RECURRANCE": "1-2", "UA_KM": 0.04635574877, "UH_M": 11.687463194099999, "UC_KM": 0.01743115578, "REGION": "Peninsula", "ICESHELF": "George_VI" }, "geometry": { "type": "Polygon", "coordinates": [ [ [ -1767580.543637254275382, 530958.303360445890576 ], [ -1767466.852212629048154, 530659.058102804701775 ], [ -1767432.084500000579283, 530567.546600005589426 ], [ -1767274.953199998475611, 530135.30080000218004 ], [ -1767075.782199999550357, 529510.207200000528246 ], [ -1767150.800613178871572, 528845.64671461423859 ], [ -1767191.987799997907132, 528480.784600001759827 ], [ -1767479.223199999891222, 527916.883700002916157 ], [ -1767773.4294, 527616.570900002494454 ], [ -1767755.239162107463926, 527870.876870688982308 ], [ -1767679.957686913898215, 528923.338566839694977 ], [ -1767563.138999994844198, 530556.505200008861721 ], [ -1767835.52265378087759, 530735.196707808412611 ], [ -1768110.680399998556823, 530915.708100001327693 ], [ -1768277.886000000638887, 531450.706000003032386 ], [ -1768183.154300002148375, 531711.073300005402416 ], [ -1768087.51529999752529, 531807.39499999769032 ], [ -1767970.397100000176579, 531420.610600005369633 ], [ -1767836.0471, 531242.222999996040016 ], [ -1767624.1707, 531173.609200014732778 ], [ -1767616.720399998128414, 531053.523600002750754 ], [ -1767580.543637254275382, 530958.303360445890576 ] ] ] } },
{ "type": "Feature", "properties": { "ID": 1108, "YEAR": "2014-2015", "Perimtr_KM": 35.399952625300003, "AREA_KM": 12.1269534693, "SCALE": 2, "THICKNES_M": 155.313021, "VOLUME_KM": 1.88347377884, "MASS_GT": 1.7271454552000001, "RECURRANCE": "2-3", "UA_KM": 0.17699976313, "UH_M": 12.8909806794, "UC_KM": 0.14411251478000001, "REGION": "Peninsula", "ICESHELF": "George_VI" }, "geometry": { "type": "Polygon", "coordinates": [ [ [ -1765469.216099997283891, 539847.775200000964105 ], [ -1766158.589318291284144, 539556.870955152902752 ], [ -1766257.323599998140708, 539515.206700007431209 ], [ -1767078.66861638543196, 539407.614643695298582 ], [ -1767712.736099998466671, 539324.555000013671815 ], [ -1768139.159599998965859, 538869.848300009034574 ], [ -1768648.181200000690296, 538499.941500015091151 ], [ -1768658.113680178765208, 538494.059370110742748 ], [ -1768990.068799999076873, 538297.471699996851385 ], [ -1769476.230699997395277, 538054.241000002715737 ], [ -1769121.711899997433648, 537577.493700004648417 ], [ -1769540.027199999894947, 537672.86979999858886 ], [ -1769838.4273999966681, 537336.403000002261251 ], [ -1770488.473200001055375, 536614.231999996118248 ], [ -1771051.815200002165511, 535823.639300003647804 ], [ -1771417.504200001014397, 535278.799300006590784 ], [ -1771570.573000000556931, 534900.519399997778237 ], [ -1771755.558946904260665, 534741.325204949826002 ], [ -1772170.4504999963101, 534384.280099997296929 ], [ -1772403.840405757306144, 534022.061512980144471 ], [ -1772435.483999999705702, 533972.951000015251338 ], [ -1772505.385900000343099, 533531.474900004453957 ], [ -1772398.47909999708645, 533317.092400002293289 ], [ -1772404.846099998569116, 533084.963400005362928 ], [ -1772690.799899996491149, 532702.66519999364391 ], [ -1772793.096299996832386, 532316.051400004420429 ], [ -1772883.866423835512251, 532241.668112094048411 ], [ -1773078.519599995808676, 532082.155899995937943 ], [ -1772775.620908952318132, 531793.222399237565696 ], [ -1772722.352819450199604, 531742.410243112593889 ], [ -1772327.074299994157627, 531365.356100001372397 ], [ -1772276.869571981951594, 531338.079007563646883 ], [ -1772249.523250006372109, 531323.221280375961214 ], [ -1772210.537745845271274, 531302.03978527430445 ], [ -1772055.454551118891686, 531217.780417586211115 ], [ -1772020.269363798899576, 531198.663700001779944 ], [ -1771191.46659999853, 530748.360900002531707 ], [ -1771063.145549818873405, 530743.91027298849076 ], [ -1770161.629099996527657, 530712.642500004731119 ], [ -1771252.613800001330674, 530353.467400003224611 ], [ -1771273.509705206844956, 529925.101532796863467 ], [ -1771285.686800000490621, 529675.471200005151331 ], [ -1771956.22594283008948, 529829.365454563871026 ], [ -1772220.06310000224039, 529889.918254593852907 ], [ -1772294.412700002780184, 529906.98209999455139 ], [ -1772352.386155956657603, 530006.772472732234746 ], [ -1772724.513700004434213, 530647.319870105013251 ], [ -1772985.781485139857978, 531097.043096628040075 ], [ -1773000.385991981253028, 531122.182001275010407 ], [ -1773034.744540440151468, 531181.323763685766608 ], [ -1773050.869068780681118, 531209.079098718240857 ], [ -1773064.565186406951398, 531232.654382622800767 ], [ -1773303.138700002804399, 531643.313699996564537 ], [ -1773733.087499995483086, 531527.558200003113598 ], [ -1773745.644813943421468, 531682.431662744376808 ], [ -1773779.038997056661174, 532094.293052511755377 ], [ -1773782.69699999759905, 532139.408399996347725 ], [ -1773517.665928481379524, 532420.501969534438103 ], [ -1773236.992800002684817, 532718.185600004158914 ], [ -1773266.921846617013216, 532771.630346412304789 ], [ -1773468.503600000403821, 533131.597900013905019 ], [ -1772443.24120000214316, 534867.92949999589473 ], [ -1772443.24120000214316, 535272.212521431501955 ], [ -1772443.24120000214316, 535364.024300007149577 ], [ -1772112.511300002224743, 535810.509499997831881 ], [ -1772106.177608490223065, 535957.767973652575165 ], [ -1772082.263486632145941, 536513.771858214400709 ], [ -1772053.396360017126426, 537184.933217599522322 ], [ -1772046.365400001872331, 537348.40320000378415 ], [ -1771961.555556904058903, 537414.062425896525383 ], [ -1771887.129595458973199, 537471.682518522720784 ], [ -1771822.623359931167215, 537521.622824215795845 ], [ -1771533.734100001398474, 537745.27899999730289 ], [ -1770161.205399997998029, 538109.081799998413771 ], [ -1768625.739642926957458, 539195.496282994281501 ], [ -1768408.337299999315292, 539349.318700008094311 ], [ -1768391.800799996359274, 539944.632400005124509 ], [ -1767432.684299998218194, 539878.486400006804615 ], [ -1766903.516500001540408, 540076.924300010316074 ], [ -1765469.216099997283891, 539847.775200000964105 ] ] ] } },
{ "type": "Feature", "properties": { "ID": 1109, "YEAR": "2014-2015", "Perimtr_KM": 26.491026568500001, "AREA_KM": 14.2506606238, "SCALE": 2, "THICKNES_M": 155.313021, "VOLUME_KM": 2.2133131527300001, "MASS_GT": 2.0296081610500001, "RECURRANCE": "1-2", "UA_KM": 0.13245513284, "UH_M": 12.8909806794, "UC_KM": 0.16934991505, "REGION": "Peninsula", "ICESHELF": "George_VI" }, "geometry": { "type": "Polygon", "coordinates": [ [ [ -1761940.627799996174872, 546599.275417901575565 ], [ -1762168.764956083614379, 546552.230785546358675 ], [ -1762178.34580000047572, 546550.255100007168949 ], [ -1762413.123256116406992, 546282.499099997337908 ], [ -1762448.717099997447804, 546241.905486712697893 ], [ -1762455.552795375231653, 546234.109599998220801 ], [ -1762555.934108715271577, 546119.627999507822096 ], [ -1762670.60359999560751, 545988.851199994329363 ], [ -1762670.60359999560751, 545854.738899994175881 ], [ -1763025.93919286923483, 545785.492168514989316 ], [ -1763354.022399999201298, 545721.556299993768334 ], [ -1763391.792068391339853, 545443.373142441734672 ], [ -1763469.00849999813363, 544874.654599994886667 ], [ -1763473.188499997835606, 544737.566500004380941 ], [ -1762961.955800001975149, 544479.368500008713454 ], [ -1762742.055499999318272, 544326.779999996069819 ], [ -1762445.087017629994079, 542862.551248260773718 ], [ -1762361.247000003233552, 542449.170799995306879 ], [ -1762386.004300000378862, 541095.080599999520928 ], [ -1762497.98519999650307, 540343.928600000217557 ], [ -1762915.42879999964498, 539867.797999998088926 ], [ -1763393.809437702875584, 540047.184097785037011 ], [ -1763464.452295768074691, 540073.67418882297352 ], [ -1763975.179499997291714, 540265.189799997489899 ], [ -1763987.13123227795586, 540311.158003468997777 ], [ -1764114.83884142851457, 540802.341141298878938 ], [ -1764161.130872211186215, 540980.387422847561538 ], [ -1764319.138500001747161, 541588.109100010246038 ], [ -1763763.512399998260662, 542276.027099998667836 ], [ -1763813.920331042027101, 543107.757533558178693 ], [ -1763869.345999996643513, 544022.28060000250116 ], [ -1764133.929800000507385, 544816.032200003042817 ], [ -1763868.554445370798931, 544888.407255277968943 ], [ -1763842.887599998852238, 544895.407300005666912 ], [ -1763834.478149387054145, 545029.405285371467471 ], [ -1763775.859700000844896, 545963.444200015626848 ], [ -1763994.172411599196494, 546379.2779999980703 ], [ -1764053.67270000022836, 546492.611900000832975 ], [ -1762959.712145937839523, 547624.957055269740522 ], [ -1762881.01419895584695, 547706.416335191577673 ], [ -1762545.544699999736622, 548053.656700003892183 ], [ -1762497.106600003316998, 548380.614000835455954 ], [ -1762439.711199999088421, 548768.033099996857345 ], [ -1762770.441000001272187, 549892.514600004069507 ], [ -1762453.213273711036891, 550349.322514344938099 ], [ -1762439.711199999088421, 550368.765500000212342 ], [ -1762095.752200001617894, 550540.745000005699694 ], [ -1761606.271999998483807, 550276.161200015805662 ], [ -1761275.542199996300042, 550487.828299994114786 ], [ -1761231.827399999834597, 549719.234700008295476 ], [ -1761281.394499999238178, 549565.719800002872944 ], [ -1761253.624600002309307, 548996.009400002192706 ], [ -1761203.708099994808435, 548303.89729999890551 ], [ -1761276.609199999831617, 547334.06260000821203 ], [ -1761588.950099997688085, 546671.79560001147911 ], [ -1761940.627799996174872, 546599.275417901575565 ] ] ] } },
{ "type": "Feature", "properties": { "ID": 1110, "YEAR": "2014-2015", "Perimtr_KM": 54.036586812499998, "AREA_KM": 32.6232565579, "SCALE": 2, "THICKNES_M": 155.313021, "VOLUME_KM": 5.0668165308699997, "MASS_GT": 4.6462707588000001, "RECURRANCE": "1-2", "UA_KM": 0.27018293406, "UH_M": 12.8909806794, "UC_KM": 0.38768348167, "REGION": "Peninsula", "ICESHELF": "George_VI" }, "geometry": { "type": "Polygon", "coordinates": [ [ [ -1749132.085537421284243, 560293.534418351016939 ], [ -1749476.181999997468665, 559508.02109999768436 ], [ -1749689.793900002725422, 558913.747900006826967 ], [ -1749750.991872005397454, 558788.328549741301686 ], [ -1749928.893399996915832, 558423.736500005237758 ], [ -1750053.155899997334927, 557778.369200000073761 ], [ -1750230.696299998555332, 557240.945099993143231 ], [ -1750089.828299997141585, 556904.761999993119389 ], [ -1749974.76560000050813, 556326.964999997988343 ], [ -1749867.129299995722249, 555989.310600003693253 ], [ -1750393.224599997047335, 554947.595000004395843 ], [ -1751002.726599995046854, 554147.994100007228553 ], [ -1751237.57360000256449, 553704.344600013457239 ], [ -1751901.15680000372231, 553069.475099997129291 ], [ -1752169.605700001586229, 552120.806599995587021 ], [ -1752427.230099996551871, 552038.271699996199459 ], [ -1752785.218299999134615, 552060.163100007455796 ], [ -1753432.870299997041002, 549961.249700013082474 ], [ -1753275.363299998920411, 551354.027700006496161 ], [ -1753291.662599998293445, 552443.066600005142391 ], [ -1753533.679600002476946, 552836.272300008218735 ], [ -1753558.909300000173971, 553113.423100004903972 ], [ -1753757.775499996030703, 553511.557999996934086 ], [ -1754363.558199998224154, 552836.189200001768768 ], [ -1754769.034117662115023, 552881.427885329350829 ], [ -1754914.166399999056011, 552897.620200005825609 ], [ -1755070.483562140725553, 552948.482193027157336 ], [ -1755264.55597725068219, 553011.628873064182699 ], [ -1755626.126599998679012, 553129.275600006338209 ], [ -1755721.029757568147033, 553132.672520851250738 ], [ -1755999.339099999284372, 553142.63420000532642 ], [ -1756031.82508329465054, 553124.088606628589332 ], [ -1756356.300899997353554, 552938.851900001522154 ], [ -1756367.088872733525932, 552894.592454637866467 ], [ -1756508.43550000176765, 552314.694500001613051 ], [ -1756439.161748746875674, 552223.252369199413806 ], [ -1756326.349399995990098, 552074.33880000282079 ], [ -1756400.661922700237483, 551927.884270739275962 ], [ -1756513.842900001211092, 551704.828099998645484 ], [ -1756694.935772066237405, 551630.292867706622928 ], [ -1756878.719299998832867, 551554.650199993047863 ], [ -1756910.427933491067961, 551498.382165120914578 ], [ -1757023.116748396540061, 551298.412079093977809 ], [ -1757174.299899999517947, 551030.132500003557652 ], [ -1757512.455774129135534, 550592.739035212434828 ], [ -1757516.837899998761714, 550587.070900001097471 ], [ -1757620.707400001585484, 550561.625600003171712 ], [ -1757644.011597554199398, 550437.910738688893616 ], [ -1757655.302287604194134, 550377.971916466485709 ], [ -1757734.4470999983605, 549957.816299995407462 ], [ -1758035.770900001283735, 550177.578000001143664 ], [ -1758573.864500002702698, 549897.931200004182756 ], [ -1758786.163079685764387, 550036.222095148637891 ], [ -1758963.792399995028973, 550151.929500005673617 ], [ -1758978.892167018260807, 550075.926334070973098 ], [ -1759054.717799996957183, 549694.26560000050813 ], [ -1759944.474300002912059, 549335.852800011169165 ], [ -1760428.012699999613687, 549257.673400002531707 ], [ -1760786.204000001773238, 549509.867300005163997 ], [ -1760655.109999999636784, 549950.483800011686981 ], [ -1760684.901090671541169, 549969.918656616937369 ], [ -1760879.035499999066815, 550096.566399998031557 ], [ -1760640.540899999206886, 550434.911499998532236 ], [ -1760502.319893861422315, 550408.113546020817012 ], [ -1759763.370033934945241, 550264.84773649694398 ], [ -1759344.079999997746199, 550183.556800005957484 ], [ -1759158.871299996506423, 550461.369900010060519 ], [ -1758329.841799997258931, 550696.188000015448779 ], [ -1758313.305399999022484, 551043.454400004819036 ], [ -1758161.27476963843219, 551199.383241682779044 ], [ -1757023.459000000962988, 552366.373700004070997 ], [ -1757027.818154446780682, 552494.968690299428999 ], [ -1757034.583088788203895, 552694.534151016268879 ], [ -1757056.532000000122935, 553342.026700011920184 ], [ -1756428.1452999971807, 553986.949800006113946 ], [ -1756212.070829696953297, 553630.426904393360019 ], [ -1756097.415500001981854, 553441.245599997695535 ], [ -1756095.376950413221493, 553441.847898793872446 ], [ -1755812.984414944192395, 553525.282064053695649 ], [ -1755369.809899999760091, 553656.219999997410923 ], [ -1755141.724904679693282, 553920.318354507908225 ], [ -1755055.616500002797693, 554020.022800005041063 ], [ -1754634.919759609270841, 554020.022800005041063 ], [ -1754228.79200000106357, 554020.022800005041063 ], [ -1751913.683199997758493, 559036.367500002495944 ], [ -1749875.293739751446992, 561100.236841751262546 ], [ -1749797.012299997964874, 561179.496800007298589 ], [ -1749845.160233009140939, 561244.638132477644831 ], [ -1749981.66478370083496, 561429.320792013779283 ], [ -1749985.424993376480415, 561434.408135399688035 ], [ -1750026.898595795501024, 561490.519489613827318 ], [ -1750246.804799996316433, 561788.03969999961555 ], [ -1750390.886641661403701, 562384.950197979807854 ], [ -1750406.883334496757016, 562451.222212397959083 ], [ -1750432.013499997323379, 562555.332899995613843 ], [ -1750559.305651639122516, 562567.455943509936333 ], [ -1750987.63969999877736, 562608.249600007198751 ], [ -1750833.522257684729993, 562723.837669604923576 ], [ -1750670.138999994378537, 562846.375099997036159 ], [ -1750369.339893980883062, 563053.174500928260386 ], [ -1750302.913658935111016, 563098.842540954239666 ], [ -1749867.216427109437063, 563398.384410352446139 ], [ -1749823.47069999598898, 563428.459600005298853 ], [ -1749322.451522324467078, 564040.580407686997205 ], [ -1749010.986900000134483, 564421.112700014840811 ], [ -1748893.441699997521937, 564056.438200007658452 ], [ -1748888.553799999412149, 563194.020599993877113 ], [ -1748913.93239999958314, 562044.37249999307096 ], [ -1748980.363699994981289, 560639.889400003943592 ], [ -1749132.085537421284243, 560293.534418351016939 ] ] ] } },
{ "type": "Feature", "properties": { "ID": 1111, "YEAR": "2014-2015", "Perimtr_KM": 45.278671740699998, "AREA_KM": 13.1463356837, "SCALE": 2, "THICKNES_M": 129.050423916, "VOLUME_KM": 1.6965401929199999, "MASS_GT": 1.5557273569100001, "RECURRANCE": "4-5", "UA_KM": 0.2263933587, "UH_M": 10.711185132200001, "UC_KM": 0.12980943849000001, "REGION": "Peninsula", "ICESHELF": "George_VI" }, "geometry": { "type": "Polygon", "coordinates": [ [ [ -1780580.437999996822327, 567520.522400001063943 ], [ -1780999.538899999810383, 566279.984000009018928 ], [ -1780963.915887026814744, 566017.264335798099637 ], [ -1780865.426599999656901, 565290.906000004615635 ], [ -1780949.246800001012161, 565106.501599999144673 ], [ -1781871.268599999370053, 565240.613899999298155 ], [ -1782323.645745732821524, 565427.219467979855835 ], [ -1783112.038903186097741, 565752.431637345347553 ], [ -1783212.39130000048317, 565793.827000004705042 ], [ -1783743.500017954269424, 565839.027717578224838 ], [ -1783821.138106656260788, 565845.635210923384875 ], [ -1783833.29246784420684, 565846.66962408227846 ], [ -1784000.300899996422231, 565860.883100005798042 ], [ -1785291.131499998969957, 565156.793700004462153 ], [ -1785467.609968585893512, 565266.210373272653669 ], [ -1785488.488408423727378, 565279.155008663889021 ], [ -1786129.333099995506927, 565676.47880000481382 ], [ -1787705.152300001122057, 565894.411200008820742 ], [ -1789716.836300000548363, 565894.411200001835823 ], [ -1790923.846700001507998, 565793.827000004705042 ], [ -1792348.789599997457117, 566196.163800007198006 ], [ -1793136.699200000148267, 566481.152399996761233 ], [ -1794511.349899999564514, 566749.376900005619973 ], [ -1795232.203299996443093, 566715.848800003062934 ], [ -1795702.589443600270897, 566951.041871808003634 ], [ -1796627.495982556603849, 567413.495141286402941 ], [ -1797210.359299997566268, 567704.926800007000566 ], [ -1797757.842549180844799, 568450.304814339615405 ], [ -1797879.430299999192357, 568615.842000006698072 ], [ -1797693.435771029442549, 568428.56752893095836 ], [ -1797100.920799996471033, 567831.975100006908178 ], [ -1796741.460448146564886, 567637.494246664922684 ], [ -1795871.665499999886379, 567166.904199996031821 ], [ -1794801.6105, 567097.844200010877103 ], [ -1794568.646629658760503, 567059.24491646559909 ], [ -1793802.560800001258031, 566932.313800006639212 ], [ -1792988.462899998761714, 566660.586099998559803 ], [ -1792287.657499996013939, 566634.490700006950647 ], [ -1791785.269199997419491, 566462.875800001434982 ], [ -1791111.251299997558817, 566304.883100005332381 ], [ -1790661.764600002439693, 566159.721599999349564 ], [ -1789948.019099997822195, 566411.790300006978214 ], [ -1789749.581200001062825, 566411.790300006978214 ], [ -1789313.221799995051697, 566372.383400003891438 ], [ -1788995.870499996468425, 566319.69249999942258 ], [ -1788638.73599999723956, 566452.029700002167374 ], [ -1788334.652399995597079, 566505.191799997817725 ], [ -1787805.657799996435642, 566505.361200005747378 ], [ -1787488.368000000715256, 566545.164800013415515 ], [ -1787012.044400001410395, 566306.793300004210323 ], [ -1786641.525199997471645, 566213.868599998299032 ], [ -1786630.455099742626771, 566213.854299878235906 ], [ -1785701.813400002429262, 566212.654699998907745 ], [ -1784695.149199995445088, 566170.735100007150322 ], [ -1784334.959791264031082, 566253.142146705649793 ], [ -1784297.569499996025115, 566261.696600012481213 ], [ -1784018.839999996591359, 566510.271399999037385 ], [ -1783823.414120834786445, 566615.513356117531657 ], [ -1783607.467999994987622, 566731.806000006850809 ], [ -1783142.038486535428092, 566654.478089387528598 ], [ -1783037.288500000257045, 566637.074600002262741 ], [ -1783036.71401075925678, 566637.081586313899606 ], [ -1783028.749870183411986, 566637.178437492344528 ], [ -1782870.656199998222291, 566639.1009999983944 ], [ -1782802.963137882063165, 566613.196091552264988 ], [ -1782333.567799996584654, 566433.567000003997236 ], [ -1782188.370502531994134, 566359.144288036040962 ], [ -1782084.257399997906759, 566305.77980001270771 ], [ -1782017.966499996371567, 566635.353100000880659 ], [ -1781938.853399995714426, 567280.702000004705042 ], [ -1781929.731024604989216, 567376.742455936502665 ], [ -1781835.662099998677149, 568367.101000007241964 ], [ -1781696.889832127140835, 569009.626738857477903 ], [ -1781650.305500001646578, 569225.315600005444139 ], [ -1781688.523499999893829, 570255.36629999615252 ], [ -1781727.113799995975569, 570608.302800006233156 ], [ -1781049.830999998375773, 569582.49860000424087 ], [ -1780530.145899998024106, 568308.432000003755093 ], [ -1780580.437999996822327, 567520.522400001063943 ] ] ] } },
{ "type": "Feature", "properties": { "ID": 1113, "YEAR": "2014-2015", "Perimtr_KM": 6.4292111627399997, "AREA_KM": 1.69000935854, "SCALE": 1, "THICKNES_M": 130.331939697, "VOLUME_KM": 0.22026219781, "MASS_GT": 0.20198043539, "RECURRANCE": "3-4", "UA_KM": 0.03214605581, "UH_M": 10.8175509415, "UC_KM": 0.01685318882, "REGION": "Peninsula", "ICESHELF": "George_VI" }, "geometry": { "type": "Polygon", "coordinates": [ [ [ -1780904.663299997802824, 573392.712100001517683 ], [ -1780560.747899998445064, 573287.537999993190169 ], [ -1780019.623300002655014, 573322.185500007122755 ], [ -1779834.800199997378513, 573374.622500005178154 ], [ -1779494.751599997747689, 573361.443700003903359 ], [ -1779152.451099995756522, 573167.979900002013892 ], [ -1779423.936199996387586, 573016.015299993101507 ], [ -1779433.053299999330193, 572755.048699996434152 ], [ -1779432.590599995804951, 572557.489999994169921 ], [ -1780060.752999994438142, 572750.900900012813509 ], [ -1780815.134500000858679, 572382.092200006358325 ], [ -1781586.28010000125505, 572817.957000000402331 ], [ -1781819.699099998455495, 573292.224200003780425 ], [ -1781329.768000000156462, 573343.418000001460314 ], [ -1780904.663299997802824, 573392.712100001517683 ] ] ] } },
{ "type": "Feature", "properties": { "ID": 1114, "YEAR": "2014-2015", "Perimtr_KM": 13.4898234398, "AREA_KM": 4.2538403329100003, "SCALE": 1, "THICKNES_M": 176.84181823700001, "VOLUME_KM": 0.75225685896000005, "MASS_GT": 0.68981953966999998, "RECURRANCE": "1-2", "UA_KM": 0.0674491172, "UH_M": 14.677870841300001, "UC_KM": 0.05755834189, "REGION": "Peninsula", "ICESHELF": "George_VI" }, "geometry": { "type": "Polygon", "coordinates": [ [ [ -1802464.601846614852548, 573893.8367859586142 ], [ -1802462.463399999076501, 573827.211800000630319 ], [ -1802239.717533774208277, 573746.591111080721021 ], [ -1802219.097799999406561, 573739.127999996300787 ], [ -1801848.849000001093373, 573609.113200004212558 ], [ -1801676.778200001921505, 573519.416799996513873 ], [ -1801378.066000001039356, 573364.013400006573647 ], [ -1801029.429499997291714, 573193.367700002621859 ], [ -1800768.946400003507733, 573062.040300006978214 ], [ -1800128.176099998876452, 572531.994400000199676 ], [ -1799214.185499995481223, 571792.322900005150586 ], [ -1798671.651399995665997, 571073.082099998369813 ], [ -1798097.318499996559694, 570947.797299997415394 ], [ -1797542.883999996818602, 570575.362000000663102 ], [ -1797676.328796913614497, 570243.441501146182418 ], [ -1797815.115600002231076, 569898.233700005337596 ], [ -1799641.144200000213459, 571208.609800009988248 ], [ -1799730.088164296001196, 571270.821972724981606 ], [ -1800493.476377175189555, 571804.776578003074974 ], [ -1800897.480676395818591, 572087.358824469149113 ], [ -1801329.381427995162085, 572389.453343943227082 ], [ -1801822.816556179663166, 572734.588302355725318 ], [ -1802520.091934104217216, 573222.300049679819494 ], [ -1802708.962299997918308, 573354.406100003048778 ], [ -1802480.124901053495705, 573904.000690225046128 ], [ -1802466.015699998708442, 573937.886500003281981 ], [ -1802464.601846614852548, 573893.8367859586142 ] ] ] } },
{ "type": "Feature", "properties": { "ID": 1116, "YEAR": "2014-2015", "Perimtr_KM": 10.3676387849, "AREA_KM": 1.86758052614, "SCALE": 1, "THICKNES_M": 171.08887227400001, "VOLUME_KM": 0.3195222461, "MASS_GT": 0.29300189967000001, "RECURRANCE": "1-2", "UA_KM": 0.05183819392, "UH_M": 14.200376328700001, "UC_KM": 0.02444799335, "REGION": "Peninsula", "ICESHELF": "George_VI" }, "geometry": { "type": "Polygon", "coordinates": [ [ [ -1803374.507792909629643, 575229.388524328358471 ], [ -1803446.009614332113415, 575174.387115660123527 ], [ -1803694.663282412802801, 574983.115036957431585 ], [ -1803894.018872820306569, 574829.764561688061804 ], [ -1803915.972699998877943, 574812.876999997068197 ], [ -1804023.129143123049289, 574905.717640737537295 ], [ -1804229.297339589102194, 575084.342340310104191 ], [ -1804587.851955781457946, 575394.995058306027204 ], [ -1804673.667873337166384, 575469.346208260860294 ], [ -1804803.289099994581193, 575581.650400007609278 ], [ -1804577.0854330311995, 575543.871773255988955 ], [ -1804375.810899995267391, 575510.256599995307624 ], [ -1804310.563999995822087, 575812.115499997977167 ], [ -1804166.078299997374415, 575949.105600004084408 ], [ -1803691.71909999428317, 575868.019599998835474 ], [ -1803297.148899997351691, 575760.551200005691499 ], [ -1803266.779272862011567, 575790.161098103504628 ], [ -1803113.538999999174848, 575939.56789999268949 ], [ -1802844.101799999596551, 576060.329600012861192 ], [ -1802432.394799998961389, 576047.698300006333739 ], [ -1802155.291900000302121, 575883.153799998573959 ], [ -1802138.850200000219047, 575542.394899995997548 ], [ -1802011.514400000683963, 575493.932400013320148 ], [ -1801821.014099998399615, 575501.869900009594858 ], [ -1801511.494999998714775, 575596.579700010828674 ], [ -1801051.199399998178706, 575612.924300014507025 ], [ -1800329.487699997611344, 575732.092000007163733 ], [ -1801312.7895, 575358.949000014923513 ], [ -1801719.884300000732765, 575332.562099997419864 ], [ -1803044.242999999318272, 575483.438400006853044 ], [ -1803374.507792909629643, 575229.388524328358471 ] ] ] } },
{ "type": "Feature", "properties": { "ID": 1117, "YEAR": "2014-2015", "Perimtr_KM": 32.760338138400002, "AREA_KM": 10.477828258300001, "SCALE": 2, "THICKNES_M": 152.799298, "VOLUME_KM": 1.6010048024300001, "MASS_GT": 1.4681214038299999, "RECURRANCE": "2-3", "UA_KM": 0.16380169069, "UH_M": 12.6823416715, "UC_KM": 0.12249962322000001, "REGION": "Peninsula", "ICESHELF": "George_VI" }, "geometry": { "type": "Polygon", "coordinates": [ [ [ -1767735.50202244031243, 574739.157738649751991 ], [ -1768560.625999993877485, 574041.731499994639307 ], [ -1768648.139345456147566, 574056.317055758088827 ], [ -1769083.151709318626672, 574128.819107391405851 ], [ -1769133.345305540366098, 574137.184705724474043 ], [ -1770169.973199997562915, 574309.955999997444451 ], [ -1770324.658573402091861, 574074.565221359953284 ], [ -1770376.07061886950396, 573996.329502316191792 ], [ -1770543.199028552975506, 573742.00366903282702 ], [ -1770555.545999997761101, 573723.214800002519041 ], [ -1770587.594271501991898, 573734.868719285819679 ], [ -1771057.56018762756139, 573905.765450810547918 ], [ -1771241.245842974167317, 573972.560248155612499 ], [ -1771293.16350000188686, 573991.439400002826005 ], [ -1771438.675935678184032, 573922.801442574709654 ], [ -1771980.695210790960118, 573667.131913330405951 ], [ -1772181.65719999698922, 573572.338500000070781 ], [ -1772306.992028686916456, 573582.783078141976148 ], [ -1772757.347621814347804, 573620.312743554357439 ], [ -1772986.330900000175461, 573639.39470000565052 ], [ -1773188.866202224744484, 573561.142413222230971 ], [ -1773805.821325064403936, 573322.773355223704129 ], [ -1774093.545191143406555, 573211.607300543226302 ], [ -1774198.617149014491588, 573171.011311157606542 ], [ -1774271.675410572439432, 573142.78425161447376 ], [ -1774461.56579999695532, 573069.417500006966293 ], [ -1774573.460729086538777, 573094.283039804548025 ], [ -1774585.532521576620638, 573096.965660355053842 ], [ -1774589.453789405059069, 573097.837053204420954 ], [ -1774681.843694643583149, 573118.368143257219344 ], [ -1774914.194699998013675, 573170.001699997577816 ], [ -1775069.659608535002917, 573014.536791467107832 ], [ -1775145.418528992217034, 572938.777871009893715 ], [ -1775180.114926745183766, 572904.081473256926984 ], [ -1775517.699900001985952, 572566.496500006876886 ], [ -1775957.025683526182547, 572504.716315534897149 ], [ -1776175.953278552507982, 572473.929624393116683 ], [ -1776590.598100000759587, 572415.620199997443706 ], [ -1776974.844900001538917, 572404.390199994668365 ], [ -1776842.214042908977717, 572528.574026863090694 ], [ -1776805.476200001081452, 572562.972100003156811 ], [ -1776771.641210296656936, 572603.047604128718376 ], [ -1776572.069800002267584, 572839.427900007460266 ], [ -1776258.357300000498071, 572890.508500001393259 ], [ -1776100.280553153250366, 573075.222683410625905 ], [ -1776088.349099998595193, 573089.164699996821582 ], [ -1775799.700500000733882, 573326.943200004287064 ], [ -1775667.415470486273989, 573403.115724770817906 ], [ -1775421.190589840058237, 573544.897231630049646 ], [ -1775364.253700000466779, 573577.682700004428625 ], [ -1774702.808499998645857, 573761.212600007187575 ], [ -1774306.312199997715652, 573958.836900009773672 ], [ -1773936.731399997835979, 573825.670600006356835 ], [ -1773354.864300000248477, 573891.430800012778491 ], [ -1772967.679506874876097, 574004.494405606761575 ], [ -1772904.946699998341501, 574022.813299993984401 ], [ -1772666.910100003704429, 574100.751400008797646 ], [ -1772177.198399995220825, 574165.640300001017749 ], [ -1771855.191056901123375, 574405.800619248766452 ], [ -1771753.644400001736358, 574481.536400006618351 ], [ -1771647.451799995964393, 574653.285700007341802 ], [ -1771302.922199996886775, 574679.241399997379631 ], [ -1770939.457071028184146, 574685.408781212754548 ], [ -1770494.682911050738767, 574692.955837538000196 ], [ -1769808.098500000312924, 574704.606000000610948 ], [ -1769014.252900000661612, 574743.805500004440546 ], [ -1768684.083654132671654, 574717.560073720756918 ], [ -1768615.064700001152232, 574712.0737000037916 ], [ -1768561.586000001290813, 574936.726499995682389 ], [ -1768773.178299999563023, 575069.146699999924749 ], [ -1768825.871000000508502, 575241.511100015603006 ], [ -1768732.821499998215586, 575506.199000007472932 ], [ -1768732.046599994646385, 575690.757899995427579 ], [ -1768632.5453508826904, 575694.770313269458711 ], [ -1768129.948497105855495, 575715.037659730296582 ], [ -1768097.664999999338761, 575716.339499996975064 ], [ -1767911.993000000482425, 576299.408600001595914 ], [ -1767896.880211579147726, 576493.538989241700619 ], [ -1767856.48900000215508, 577012.381800003349781 ], [ -1767813.296592770610005, 577405.394417269155383 ], [ -1767774.789965564850718, 577755.770590096712112 ], [ -1767746.343600002583116, 578014.607300001662225 ], [ -1767665.031647523632273, 578546.829756293911487 ], [ -1767597.020499998005107, 578991.992599999066442 ], [ -1767635.2792, 579335.765300004277378 ], [ -1768190.295599999139085, 579707.395500001497567 ], [ -1768214.919699996476993, 580183.357499999459833 ], [ -1767420.67170000099577, 579288.874000002164394 ], [ -1766515.413899998413399, 578936.829300011508167 ], [ -1766699.818299997132272, 578132.155699999537319 ], [ -1766934.514699996681884, 576355.168100006412715 ], [ -1767152.447199998423457, 575231.977900000289083 ], [ -1767735.50202244031243, 574739.157738649751991 ] ] ] } },
{ "type": "Feature", "properties": { "ID": 1118, "YEAR": "2014-2015", "Perimtr_KM": 7.8622141671700003, "AREA_KM": 1.69700300533, "SCALE": 1, "THICKNES_M": 152.799298, "VOLUME_KM": 0.25930086792000001, "MASS_GT": 0.23777889588000001, "RECURRANCE": "1-2", "UA_KM": 0.03931107084, "UH_M": 12.6823416715, "UC_KM": 0.01984020196, "REGION": "Peninsula", "ICESHELF": "George_VI" }, "geometry": { "type": "Polygon", "coordinates": [ [ [ -1767346.368554497836158, 581337.4130390281789 ], [ -1767487.7279, 581283.793999998830259 ], [ -1767823.008499996736646, 581149.681700005661696 ], [ -1768388.793150091543794, 581627.455429531168193 ], [ -1768515.367071288404986, 581734.340079685673118 ], [ -1768577.389999996405095, 581786.714999998919666 ], [ -1768670.41030000266619, 582025.107099998276681 ], [ -1768499.023700000951067, 582008.83299999544397 ], [ -1768472.146696021547541, 581991.418111682403833 ], [ -1768239.651438310276717, 581840.773383921477944 ], [ -1768208.912400001427159, 581820.85610000602901 ], [ -1767852.2923, 581683.842000005301088 ], [ -1767694.858581115724519, 581931.083791987970471 ], [ -1767586.307399995625019, 582101.557999999728054 ], [ -1767247.600099999457598, 582362.485100015532225 ], [ -1767431.843599998624995, 582783.808100003283471 ], [ -1767430.785500002093613, 583125.578699994366616 ], [ -1767561.4775, 583498.472699995152652 ], [ -1767068.626999996835366, 583077.545600001234561 ], [ -1766850.694599999813363, 582759.028899995610118 ], [ -1766699.818299997132272, 582306.400000001303852 ], [ -1766431.593699996825308, 582138.759699996095151 ], [ -1766833.930499999551103, 581769.950899998191744 ], [ -1767001.570900002494454, 581468.1983000067994 ], [ -1767346.368554497836158, 581337.4130390281789 ] ] ] } },
{ "type": "Feature", "properties": { "ID": 1119, "YEAR": "2014-2015", "Perimtr_KM": 4.9538999017999998, "AREA_KM": 1.12324660363, "SCALE": 1, "THICKNES_M": 152.799298, "VOLUME_KM": 0.17163129252000001, "MASS_GT": 0.15738589524, "RECURRANCE": "1-2", "UA_KM": 0.02476949951, "UH_M": 12.6823416715, "UC_KM": 0.01313223335, "REGION": "Peninsula", "ICESHELF": "George_VI" }, "geometry": { "type": "Polygon", "coordinates": [ [ [ -1767561.4775, 583498.472699995152652 ], [ -1767619.374584407312796, 583567.770108013413846 ], [ -1767693.414099996676669, 583656.388500006869435 ], [ -1767904.458999997703359, 583866.595300002489239 ], [ -1767717.572966117644683, 583947.412322163581848 ], [ -1767242.894599999766797, 584152.682300007436424 ], [ -1767136.769999999087304, 584416.37909999396652 ], [ -1766898.528800001600757, 584806.250600000377744 ], [ -1766950.712600000202656, 585042.468500006012619 ], [ -1766599.2341, 584770.71290001552552 ], [ -1766498.649900002637878, 583597.230600010603666 ], [ -1766615.9981000025291, 583463.118300003465265 ], [ -1767561.4775, 583498.472699995152652 ] ] ] } },
{ "type": "Feature", "properties": { "ID": 1120, "YEAR": "2014-2015", "Perimtr_KM": 17.196944737799999, "AREA_KM": 8.3815617137, "SCALE": 1, "THICKNES_M": 152.799298, "VOLUME_KM": 1.280696746, "MASS_GT": 1.1743989160799999, "RECURRANCE": "4-5", "UA_KM": 0.08598472369, "UH_M": 12.6823416715, "UC_KM": 0.09799150422, "REGION": "Peninsula", "ICESHELF": "George_VI" }, "geometry": { "type": "Polygon", "coordinates": [ [ [ -1755861.8258, 586673.324948674533516 ], [ -1755825.98272346588783, 586657.602314775809646 ], [ -1755582.925500001059845, 586550.9848000141792 ], [ -1755517.971934043802321, 586586.414001571480185 ], [ -1755401.024100000504404, 586650.203699999954551 ], [ -1755287.670087848091498, 586463.6023208652623 ], [ -1755211.223200001753867, 586337.756799999158829 ], [ -1754973.973200000356883, 586108.564099998213351 ], [ -1754639.71110000112094, 585847.767700000200421 ], [ -1754613.995691739954054, 585814.93014229927212 ], [ -1754448.839400002500042, 585604.032100002747029 ], [ -1754294.85179999563843, 584882.924699995201081 ], [ -1754233.961000001523644, 584482.694000003859401 ], [ -1754178.437700000125915, 583784.246100015006959 ], [ -1754288.369100000709295, 583251.649200000334531 ], [ -1754350.741202320205048, 583350.616616080049425 ], [ -1754508.244473844300956, 583600.531100702472031 ], [ -1754653.477208938216791, 583830.975610151421279 ], [ -1754933.467000000411645, 584275.242600015830249 ], [ -1755092.184648683993146, 584384.360985357314348 ], [ -1755462.634699999121949, 584639.045399996917695 ], [ -1755661.072599995881319, 585002.848199998028576 ], [ -1756520.97019999451004, 584837.483300006948411 ], [ -1756620.189100000774488, 585333.578100004699081 ], [ -1757380.867699995404109, 585631.234900007490069 ], [ -1758240.76529999403283, 586061.183699993416667 ], [ -1759133.735800000606105, 586094.256699999328703 ], [ -1759266.027699999278411, 585895.818800009321421 ], [ -1759762.12249999679625, 586391.91350000211969 ], [ -1760290.765391191933304, 586249.514510829932988 ], [ -1760341.89362268592231, 586235.742248672991991 ], [ -1760345.737999998731539, 586234.706699999980628 ], [ -1760343.326398311881348, 586241.864107787143439 ], [ -1760287.030332120135427, 586408.945555806625634 ], [ -1760274.091600001556799, 586447.346500016283244 ], [ -1760105.19709999859333, 586715.132900004275143 ], [ -1759944.104884264990687, 586854.578197532333434 ], [ -1759872.613800001796335, 586916.462600010447204 ], [ -1759753.601585385855287, 587040.152334264945239 ], [ -1759725.792399995261803, 587069.054499993566424 ], [ -1759628.926108906744048, 587065.793832547962666 ], [ -1758712.270399998640642, 587034.937800000421703 ], [ -1758060.88809999381192, 587029.506200003437698 ], [ -1757368.055299998028204, 587038.65380000974983 ], [ -1756932.306700000772253, 587086.789300004951656 ], [ -1756154.260300000198185, 586801.601899995468557 ], [ -1755861.8258, 586673.324948674533516 ] ] ] } },
{ "type": "Feature", "properties": { "ID": 1121, "YEAR": "2014-2015", "Perimtr_KM": 12.7202885391, "AREA_KM": 5.4448699954100004, "SCALE": 1, "THICKNES_M": 152.799298, "VOLUME_KM": 0.831972313, "MASS_GT": 0.76291861102000003, "RECURRANCE": "1-2", "UA_KM": 0.0636014427, "UH_M": 12.6823416715, "UC_KM": 0.06365770716, "REGION": "Peninsula", "ICESHELF": "George_VI" }, "geometry": { "type": "Polygon", "coordinates": [ [ [ -1763523.374620360089466, 586540.027452534995973 ], [ -1763567.062553618568927, 586505.202168808784336 ], [ -1763766.112399994861335, 586346.532100000418723 ], [ -1763810.209494048496708, 586301.409494264051318 ], [ -1763997.154332368401811, 586110.117110619787127 ], [ -1764486.965899996459484, 585608.914600010029972 ], [ -1764285.797499995213002, 584988.645400010515004 ], [ -1765056.942999997409061, 585122.757600005716085 ], [ -1765274.875400001183152, 585005.409400005824864 ], [ -1765878.380599998403341, 585122.757600012701005 ], [ -1766381.301599998259917, 585105.993600009940565 ], [ -1766582.469999999506399, 585005.409400005824864 ], [ -1766950.712600000202656, 585042.468500006012619 ], [ -1766993.051766960183159, 585088.069679533597082 ], [ -1767032.218702949117869, 585130.25422418769449 ], [ -1767102.538579801330343, 585205.991881750524044 ], [ -1767345.183099999791011, 585467.330899994354695 ], [ -1767353.059152753790841, 585478.287221841979772 ], [ -1767446.809621094726026, 585608.702841930557042 ], [ -1767527.96289999736473, 585721.594600002281368 ], [ -1767175.455265117343515, 585728.345968568697572 ], [ -1767079.496999999741092, 585730.183800006750971 ], [ -1767083.406494472408667, 585915.302612114232033 ], [ -1767085.565032721264288, 586017.511744092218578 ], [ -1767090.630999997258186, 586257.390799994114786 ], [ -1767041.519598696846515, 586230.39800855377689 ], [ -1766814.456691755913198, 586105.598847293760628 ], [ -1766722.280999995302409, 586054.936900014989078 ], [ -1766682.468917618039995, 586053.537905038800091 ], [ -1766652.317709574243054, 586052.478392799384892 ], [ -1766266.980263976147398, 586038.937650422565639 ], [ -1765962.328553486149758, 586028.232201548293233 ], [ -1765914.158431960269809, 586026.539505408145487 ], [ -1765858.597599998814985, 586024.587100001052022 ], [ -1765764.104619258083403, 586213.864621337037534 ], [ -1765712.50107676256448, 586317.230930015444756 ], [ -1765667.835499997017905, 586406.699900015257299 ], [ -1765689.660054401028901, 586552.401774837169796 ], [ -1765698.055653645424172, 586608.45123763429001 ], [ -1765705.836088399868459, 586660.393829895649105 ], [ -1765723.968699998455122, 586781.448100014589727 ], [ -1765755.041199997765943, 587027.529599993489683 ], [ -1765739.906627366319299, 587233.145976757630706 ], [ -1765735.613599998177961, 587291.47050000494346 ], [ -1765551.433775038691238, 587263.436256591696292 ], [ -1765327.466399998636916, 587229.345900013577193 ], [ -1765122.822603057371452, 587278.805823177099228 ], [ -1765072.976556181209162, 587290.853008018340915 ], [ -1764981.86609999765642, 587312.873300002422184 ], [ -1764909.756235659122467, 587264.527149864006788 ], [ -1764660.934199998388067, 587097.704100015573204 ], [ -1764488.580901018809527, 587087.565663448069245 ], [ -1764448.866743219550699, 587085.229534856509417 ], [ -1764379.813899998320267, 587081.167600012850016 ], [ -1764340.686329435324296, 587186.28942729672417 ], [ -1764289.717199998674914, 587323.225300000049174 ], [ -1764053.689500000560656, 587421.247000002302229 ], [ -1763693.396199997747317, 587189.590800004545599 ], [ -1763433.544500002637506, 587030.70070000179112 ], [ -1763145.510699999053031, 586841.236899999435991 ], [ -1763523.374620360089466, 586540.027452534995973 ] ] ] } },
{ "type": "Feature", "properties": { "ID": 1122, "YEAR": "2014-2015", "Perimtr_KM": 81.125535275199994, "AREA_KM": 275.58594174699999, "SCALE": 3, "THICKNES_M": 164.96507207100001, "VOLUME_KM": 45.462054742, "MASS_GT": 41.688704198499998, "RECURRANCE": ">8", "UA_KM": 0.40562767638000002, "UH_M": 13.692100914399999, "UC_KM": 3.47849336142, "REGION": "East", "ICESHELF": "Prince_Harald" }, "geometry": { "type": "Polygon", "coordinates": [ [ [ 1333809.6820168197155, 1923478.705555852968246 ], [ 1343843.705100015737116, 1922955.191300007980317 ], [ 1346118.405400009825826, 1905632.473600001540035 ], [ 1341074.232900005765259, 1909148.70689999544993 ], [ 1333771.718299996107817, 1914334.550599998328835 ], [ 1325187.503700000233948, 1912262.346300005447119 ], [ 1324649.38300000037998, 1913929.133799998555332 ], [ 1320978.315000009723008, 1914741.556499996688217 ], [ 1320094.831100007519126, 1915941.713600003626198 ], [ 1319613.10330000333488, 1918317.836800008546561 ], [ 1318750.840500007383525, 1920856.617999995592982 ], [ 1317746.126883736811578, 1921132.071597204077989 ], [ 1317673.966800006106496, 1921151.855100002605468 ], [ 1328630.133000010624528, 1923748.942900001537055 ], [ 1333809.6820168197155, 1923478.705555852968246 ] ] ] } },
{ "type": "Feature", "properties": { "ID": 1132, "YEAR": "2014-2015", "Perimtr_KM": 7.2674101553100003, "AREA_KM": 1.3005708061700001, "SCALE": 1, "THICKNES_M": 88.754135131799998, "VOLUME_KM": 0.11543103708000001, "MASS_GT": 0.105850261, "RECURRANCE": ">8", "UA_KM": 0.03633705078, "UH_M": 7.3665931796099997, "UC_KM": 0.00883211501, "REGION": "East", "ICESHELF": "Brunt_Stancomb" }, "geometry": { "type": "Polygon", "coordinates": [ [ [ -731850.396500000730157, 1391361.722100002225488 ], [ -731868.133099995553493, 1391259.019600007217377 ], [ -732477.377099997363985, 1391787.479100014083087 ], [ -732167.81400000071153, 1392184.354900000616908 ], [ -732207.501600001007318, 1392636.793299993965775 ], [ -732398.002000001259148, 1393120.981800004839897 ], [ -732499.411799997091293, 1394593.707200001459569 ], [ -732485.25690000038594, 1394570.200900006573647 ], [ -732470.722199997864664, 1394546.880999995861202 ], [ -732455.807400001212955, 1394523.747400004882365 ], [ -732440.611999998800457, 1394500.799799998756498 ], [ -732424.937400000169873, 1394478.038700001779944 ], [ -732423.706499997992069, 1394476.313500001560897 ], [ -732401.832699997816235, 1394427.249100010376424 ], [ -732377.474799997638911, 1394373.834000003989786 ], [ -732352.808599998243153, 1394320.674900000914931 ], [ -732327.83389999717474, 1394267.7722 ], [ -732302.480099995620549, 1394215.068300012499094 ], [ -732276.738399997819215, 1394162.565300001762807 ], [ -732250.600400000810623, 1394110.265000005718321 ], [ -732223.935299995820969, 1394058.103699998930097 ], [ -732210.354399999137968, 1394032.3492 ], [ -732195.545099995564669, 1394005.761200009845197 ], [ -732179.280900000128895, 1393978.086200000252575 ], [ -732161.391900000162423, 1393948.792900002095848 ], [ -732144.192699998151511, 1393921.667799999471754 ], [ -732124.82370000006631, 1393891.745300005190074 ], [ -732053.097600001376122, 1393783.897600001655519 ], [ -732024.228999995160848, 1393739.742399997543544 ], [ -732009.060999998822808, 1393715.889400000218302 ], [ -731995.244100000709295, 1393693.415600006934255 ], [ -731982.373599998187274, 1393672.015800001565367 ], [ -731970.384599996730685, 1393651.404100006911904 ], [ -731956.662099996581674, 1393626.612699999008328 ], [ -731943.916900000534952, 1393602.555200010538101 ], [ -731932.239399999845773, 1393579.071999995503575 ], [ -731921.390500003937632, 1393555.968799996189773 ], [ -731911.53510000417009, 1393533.263999993447214 ], [ -731902.435100002214313, 1393510.774500004481524 ], [ -731894.176899997517467, 1393488.510599999688566 ], [ -731886.742699996568263, 1393466.424300003331155 ], [ -731879.458600000478327, 1393442.366200007032603 ], [ -731872.338399996981025, 1393417.161900002509356 ], [ -731865.39750000089407, 1393390.563400004059076 ], [ -731858.545100001618266, 1393362.223300004377961 ], [ -731852.063000001013279, 1393333.082500002346933 ], [ -731845.238899996504188, 1393300.909600015264004 ], [ -731838.11419999692589, 1393265.576700001489371 ], [ -731827.84450000198558, 1393213.004200003575534 ], [ -731822.930399999953806, 1393186.843200004659593 ], [ -731818.330099999438971, 1393160.449400000274181 ], [ -731814.047099995892495, 1393133.739600006490946 ], [ -731810.079200000502169, 1393106.699500004760921 ], [ -731806.424400000367314, 1393079.316000014077872 ], [ -731803.085999995470047, 1393051.499000016134232 ], [ -731800.120099997613579, 1393023.31440000468865 ], [ -731797.395699996501207, 1392994.711199997924268 ], [ -731794.986699997447431, 1392965.777299999259412 ], [ -731792.877999999094754, 1392936.38910000724718 ], [ -731791.067499997094274, 1392906.516500003635883 ], [ -731789.552899998612702, 1392876.123300007544458 ], [ -731788.314100002869964, 1392845.243500004522502 ], [ -731787.358699995558709, 1392813.700600004289299 ], [ -731786.693299998063594, 1392781.494099996052682 ], [ -731786.316799998283386, 1392748.554400008171797 ], [ -731786.291499996557832, 1392696.194300001487136 ], [ -731786.950499997008592, 1392641.496500007342547 ], [ -731788.336399998515844, 1392583.812200005166233 ], [ -731790.442699998617172, 1392522.3196 ], [ -731792.875999999698251, 1392465.15019999910146 ], [ -731795.975299999583513, 1392401.673300000373274 ], [ -731808.415199996437877, 1392171.717100006062537 ], [ -731813.110500002745539, 1392078.03589999768883 ], [ -731815.297799997963011, 1392027.874500009696931 ], [ -731817.032100000884384, 1391980.998700007330626 ], [ -731818.370600000489503, 1391936.570599994622171 ], [ -731819.292499998118728, 1391894.064700005576015 ], [ -731819.965399997774512, 1391846.370500006247312 ], [ -731821.170499994885176, 1391728.481699998024851 ], [ -731822.285200000740588, 1391666.082800000440329 ], [ -731823.282699996139854, 1391631.319200008176267 ], [ -731824.528299994301051, 1391598.875900002196431 ], [ -731826.046299997717142, 1391568.113700001034886 ], [ -731827.852699995972216, 1391538.709899997338653 ], [ -731830.026199997402728, 1391511.40739999525249 ], [ -731832.913799998350441, 1391482.888199997134507 ], [ -731836.55849999608472, 1391452.904500007163733 ], [ -731841.024300002958626, 1391420.835300009232014 ], [ -731845.309900000691414, 1391392.859700005035847 ], [ -731850.396500000730157, 1391361.722100002225488 ] ] ] } },
{ "type": "Feature", "properties": { "ID": 1136, "YEAR": "2014-2015", "Perimtr_KM": 12.969230038699999, "AREA_KM": 2.5992919160099999, "SCALE": 1, "THICKNES_M": 111.757971954, "VOLUME_KM": 0.29049159305, "MASS_GT": 0.26638079083, "RECURRANCE": "2-3", "UA_KM": 0.06484615019, "UH_M": 9.2759116264399992, "UC_KM": 0.02222673576, "REGION": "East", "ICESHELF": "Brunt_Stancomb" }, "geometry": { "type": "Polygon", "coordinates": [ [ [ -726482.975900001823902, 1406411.490200012456626 ], [ -726461.32270000083372, 1406372.494800007902086 ], [ -726439.768799998331815, 1406332.998299996368587 ], [ -726421.339199997484684, 1406297.42000000551343 ], [ -726411.814099998213351, 1406278.480800002813339 ], [ -726401.670000003185123, 1406257.229000004939735 ], [ -726367.882700001820922, 1406184.505299999378622 ], [ -726354.714299996849149, 1406156.839499996975064 ], [ -726341.171900001354516, 1406129.396999999415129 ], [ -726328.214600000530481, 1406105.009200010448694 ], [ -726320.181300001218915, 1406090.582700006198138 ], [ -726312.223999998532236, 1406076.900200003758073 ], [ -726304.287500001955777, 1406063.866999997757375 ], [ -726296.275299996137619, 1406051.418200007639825 ], [ -726288.262499995529652, 1406039.495000002440065 ], [ -726280.175999999046326, 1406028.074200011324137 ], [ -726271.993999999947846, 1406017.124900005292147 ], [ -726263.639900001231581, 1406006.620200002100319 ], [ -726258.524900002405047, 1406000.243299994152039 ], [ -726252.927499997895211, 1405993.844199995044619 ], [ -726240.897599996998906, 1405981.001000000629574 ], [ -726227.892900001723319, 1405968.011700007133186 ], [ -726213.252900001592934, 1405954.65600000275299 ], [ -726198.663799998816103, 1405941.885499997995794 ], [ -726182.046999999787658, 1405928.094800003804266 ], [ -726164.438800001982599, 1405914.223300002980977 ], [ -726116.668499994557351, 1405876.96129999961704 ], [ -726102.150500000920147, 1405865.525300002191216 ], [ -726089.484799996949732, 1405855.071200009435415 ], [ -726075.436599995940924, 1405842.872799995355308 ], [ -726062.616899999789894, 1405831.136600009165704 ], [ -726051.197599997743964, 1405819.694299999158829 ], [ -726040.330300000496209, 1405808.433700001332909 ], [ -726028.895300003234297, 1405795.352800006978214 ], [ -726017.333500002976507, 1405781.969200007151812 ], [ -726006.379899997264147, 1405768.314799996092916 ], [ -725995.146799996960908, 1405754.360899995081127 ], [ -725984.522499999031425, 1405740.122000004164875 ], [ -725974.071999999694526, 1405725.624600007198751 ], [ -725963.348999997600913, 1405710.836599999573082 ], [ -725953.241900001186877, 1405695.773000005632639 ], [ -725942.873699997551739, 1405680.463300007861108 ], [ -725932.681200001388788, 1405664.869100003503263 ], [ -725922.670599999837577, 1405649.013700007461011 ], [ -725912.84819999942556, 1405632.920600004959852 ], [ -725903.208700000308454, 1405616.554400011897087 ], [ -725893.758400002028793, 1405599.939199993386865 ], [ -725884.499800000805408, 1405583.079100001137704 ], [ -725875.439299999736249, 1405565.998400009702891 ], [ -725866.866300000809133, 1405548.618099996354431 ], [ -725858.19129999820143, 1405531.037599998060614 ], [ -725850.01959999743849, 1405513.200300006661564 ], [ -725842.05640000058338, 1405495.161800003610551 ], [ -725834.445400001946837, 1405476.878199996426702 ], [ -725826.593199993949383, 1405458.4257000121288 ], [ -725819.403699998278171, 1405439.728700004983693 ], [ -725812.581399997230619, 1405420.84340000571683 ], [ -725805.822500000707805, 1405401.754999999888241 ], [ -725798.832199996802956, 1405382.522000005003065 ], [ -725792.514299995731562, 1405363.069600006565452 ], [ -725786.573499995749444, 1405343.455100006423891 ], [ -725780.7060999982059, 1405323.666000003460795 ], [ -725774.616899999324232, 1405303.759900006465614 ], [ -725769.20939999492839, 1405283.66290000313893 ], [ -725764.035100001841784, 1405263.423400008119643 ], [ -725759.065399997867644, 1405242.92940000584349 ], [ -725754.038300001528114, 1405222.357400008011609 ], [ -725749.100699995178729, 1405201.655699999537319 ], [ -725744.407599997706711, 1405180.842500005848706 ], [ -725739.960899997968227, 1405159.926200003363192 ], [ -725735.762399998959154, 1405138.915800003800541 ], [ -725731.814100000541657, 1405117.820300012361258 ], [ -725728.514600002206862, 1405096.453400008380413 ], [ -725725.468199999071658, 1405075.018400001805276 ], [ -725722.279800001066178, 1405053.721299999859184 ], [ -725719.744800003245473, 1405032.181100014131516 ], [ -725717.467500000726432, 1405010.602799998130649 ], [ -725715.449299999047071, 1404988.995900007896125 ], [ -725713.691000001505017, 1404967.370400006882846 ], [ -725712.193799997679889, 1404945.736500008963048 ], [ -725710.958499997388572, 1404924.103900004643947 ], [ -725709.588500001467764, 1404902.672600003425032 ], [ -725708.879000002052635, 1404881.067600008100271 ], [ -725708.433600001968443, 1404859.494199999608099 ], [ -725708.252599995583296, 1404837.962700004689395 ], [ -725708.33619999838993, 1404816.483099999837577 ], [ -725708.684699997771531, 1404795.065700003877282 ], [ -725708.90089999884367, 1404773.915700007695705 ], [ -725709.381899998988956, 1404752.848000000230968 ], [ -725710.127399996854365, 1404731.872900013811886 ], [ -725711.136999994516373, 1404711.000100004952401 ], [ -725712.410299999639392, 1404690.239300011657178 ], [ -725713.946699997410178, 1404669.600399999413639 ], [ -725715.614700000733137, 1404648.91440000012517 ], [ -725717.674899999983609, 1404628.548100002575666 ], [ -725719.864999998826534, 1404608.153700000140816 ], [ -725722.314599996898323, 1404587.918999994173646 ], [ -725723.652499995660037, 1404573.963799993041903 ], [ -725724.620800001546741, 1404557.817800000309944 ], [ -725724.973499996121973, 1404541.666700004134327 ], [ -725725.541799997445196, 1404501.2497 ], [ -725726.289000001270324, 1404480.270900001749396 ], [ -725726.910800000652671, 1404469.99130000686273 ], [ -725727.873100001364946, 1404460.712599998340011 ], [ -725729.060699999332428, 1404452.109200007747859 ], [ -725730.353300000540912, 1404443.927100010681897 ], [ -725732.578999999444932, 1404434.304900008253753 ], [ -725735.241100000683218, 1404425.526199995540082 ], [ -725738.225900002755225, 1404417.355500015430152 ], [ -725741.808600001037121, 1404410.115900012664497 ], [ -725745.877500000409782, 1404403.594000003300607 ], [ -725748.09609999647364, 1404400.59980000462383 ], [ -725750.308700000401586, 1404397.602300005964935 ], [ -725752.778299994301051, 1404394.957000005524606 ], [ -725755.375200000591576, 1404392.484200003091246 ], [ -725758.100699999369681, 1404390.182500007562339 ], [ -725760.955899995286018, 1404388.051100015174598 ], [ -725764.633899999782443, 1404386.011100007221103 ], [ -725768.81129999877885, 1404383.82449999731034 ], [ -725773.472999997437, 1404381.799700002651662 ], [ -725778.698099996894598, 1404379.902099994942546 ], [ -725783.872699997387826, 1404378.297900001518428 ], [ -725789.792099996935576, 1404376.692400007974356 ], [ -725812.792500001844019, 1404371.37799999397248 ], [ -725822.432799997739494, 1404368.820800005458295 ], [ -725827.415399994235486, 1404367.582700002007186 ], [ -725831.987599996384233, 1404365.953800001181662 ], [ -725836.180100003257394, 1404364.233300006017089 ], [ -725840.034800000954419, 1404362.403800001833588 ], [ -725844.402799998875707, 1404360.021200015675277 ], [ -725848.71629999903962, 1404357.365200004540384 ], [ -725852.982200001832098, 1404354.431600000243634 ], [ -725857.209099999628961, 1404351.214600007049739 ], [ -725861.216899995226413, 1404347.861100007314235 ], [ -725865.392900002188981, 1404344.056400011759251 ], [ -725869.564599996432662, 1404339.939500002656132 ], [ -725873.750399998854846, 1404335.492100003641099 ], [ -725882.126100000925362, 1404325.669500007294118 ], [ -725890.889999999664724, 1404314.444300007075071 ], [ -725899.772100001107901, 1404301.819200015626848 ], [ -725916.700299996417016, 1404276.61049999948591 ], [ -725923.712299994658679, 1404266.683200007304549 ], [ -725931.281499999109656, 1404256.298200010322034 ], [ -725938.290899996645749, 1404247.442300005350262 ], [ -725942.560799998231232, 1404242.466699993703514 ], [ -725946.769600002560765, 1404237.896499997936189 ], [ -725950.948199997190386, 1404233.698299999814481 ], [ -725955.062100000213832, 1404230.181400004308671 ], [ -725959.24559999583289, 1404226.66430000634864 ], [ -725963.451299995649606, 1404223.471299994271249 ], [ -725967.691300002392381, 1404220.593300005886704 ], [ -725971.97529999865219, 1404218.023700001183897 ], [ -725979.989700000267476, 1404213.747900011949241 ], [ -725988.364599998574704, 1404210.008300006855279 ], [ -725997.185199996922165, 1404206.157100004609674 ], [ -726006.368699997197837, 1404202.536500006448478 ], [ -726016.020500001031905, 1404199.228400001768023 ], [ -726025.785699998028576, 1404196.432800000533462 ], [ -726035.874799998477101, 1404193.571299998089671 ], [ -726046.197500002104789, 1404190.98360001295805 ], [ -726056.664999997708946, 1404189.008400001563132 ], [ -726067.348400000482798, 1404186.994400001596659 ], [ -726078.155499995220453, 1404185.278599997982383 ], [ -726088.993599996436387, 1404184.196900004986674 ], [ -726099.9344999990426, 1404183.094200003892183 ], [ -726110.888099997770041, 1404182.304100000765175 ], [ -726121.763400000054389, 1404182.159000008367002 ], [ -726132.636700002942234, 1404182.000500007066876 ], [ -726143.222700002137572, 1404182.484700008761138 ], [ -726153.746400000993162, 1404182.947300001047552 ], [ -726164.124200003687292, 1404183.717000002972782 ], [ -726174.329899999778718, 1404184.791600006166846 ], [ -726184.336500002071261, 1404186.16840001149103 ], [ -726194.123700000811368, 1404187.844400006346405 ], [ -726203.670500001404434, 1404189.816000010352582 ], [ -726212.832300000358373, 1404192.108899997081608 ], [ -726221.827200000640005, 1404194.654800008051097 ], [ -726230.530699993949383, 1404197.482699996326119 ], [ -726238.928299999795854, 1404200.587900003883988 ], [ -726246.757299996912479, 1404204.058500002138317 ], [ -726254.505200000945479, 1404207.703399995807558 ], [ -726261.9131, 1404211.611399995628744 ], [ -726268.971700002904981, 1404215.777400012128055 ], [ -726275.551899999845773, 1404220.29340000404045 ], [ -726284.524799998383969, 1404226.860500005539507 ], [ -726293.296400001272559, 1404233.913600013125688 ], [ -726301.866700001526624, 1404241.452700005844235 ], [ -726310.114300000481308, 1404249.574600006453693 ], [ -726318.281899997033179, 1404258.08580000186339 ], [ -726326.248099999967963, 1404267.083200005348772 ], [ -726334.013000000268221, 1404276.56659999396652 ], [ -726339.338600000366569, 1404297.745200012344867 ], [ -726350.246499996632338, 1404299.120000011753291 ], [ -726361.061700001358986, 1404300.102000000420958 ], [ -726371.662899999413639, 1404300.787700007669628 ], [ -726382.292599994689226, 1404300.984100009314716 ], [ -726392.829599998425692, 1404300.787700007669628 ], [ -726403.152600002475083, 1404300.295299998018891 ], [ -726413.504099996760488, 1404299.313300009351224 ], [ -726423.762999997008592, 1404297.938500003423542 ], [ -726432.60050000064075, 1404296.368799998890609 ], [ -726441.443599997553974, 1404294.456099996808916 ], [ -726450.530099999625236, 1404292.008100013248622 ], [ -726459.733199996408075, 1404289.12300000153482 ], [ -726468.926700001116842, 1404285.898800007533282 ], [ -726478.345099997706711, 1404282.145199998281896 ], [ -726487.859199999365956, 1404277.96190000558272 ], [ -726497.45989999640733, 1404273.352799995802343 ], [ -726507.04059999762103, 1404268.406299996189773 ], [ -726516.806899999268353, 1404262.946500009857118 ], [ -726526.624000000301749, 1404257.077800005208701 ], [ -726536.353700002189726, 1404250.906800000462681 ], [ -726546.225900002289563, 1404244.248000006191432 ], [ -726556.089600000996143, 1404237.217800009530038 ], [ -726565.797200002707541, 1404229.931599995587021 ], [ -726575.556899997871369, 1404222.221699996851385 ], [ -726582.512699999380857, 1404216.363100001122802 ], [ -726589.398899994790554, 1404210.106900013051927 ], [ -726596.233200000133365, 1404203.544400004670024 ], [ -726603.013499997090548, 1404196.461800000630319 ], [ -726609.756099996622652, 1404188.951000009197742 ], [ -726616.485199995338917, 1404180.985699994489551 ], [ -726623.351100001484156, 1404172.544600002001971 ], [ -726630.125999994575977, 1404163.582300008740276 ], [ -726636.557700001168996, 1404154.648700001649559 ], [ -726643.228599996771663, 1404145.157900002319366 ], [ -726649.936499997973442, 1404135.021700000856072 ], [ -726657.042800003197044, 1404124.091699997894466 ], [ -726671.108399998396635, 1404101.185799995437264 ], [ -726694.518899996764958, 1404061.634799999650568 ], [ -726703.381800000090152, 1404046.6291000014171 ], [ -726711.826500000432134, 1404031.588600006885827 ], [ -726720.102000001817942, 1404016.536299997009337 ], [ -726727.960699998307973, 1404001.562000004108995 ], [ -726735.489300003740937, 1403986.516399999149144 ], [ -726742.828899997286499, 1403971.49740000301972 ], [ -726749.716300001833588, 1403956.508400007151067 ], [ -726756.4046999970451, 1403941.567200004123151 ], [ -726762.516700001899153, 1403926.76530000474304 ], [ -726768.533899996895343, 1403911.949299996718764 ], [ -726774.212699994910508, 1403897.203500003088266 ], [ -726779.421399998944253, 1403882.531500003300607 ], [ -726784.28609999967739, 1403867.944800012279302 ], [ -726788.693299998529255, 1403853.529199993703514 ], [ -726792.864399997983128, 1403839.130800015293062 ], [ -726796.686099996324629, 1403824.835000007878989 ], [ -726799.478900001384318, 1403812.86560000339523 ], [ -726801.878699999768287, 1403800.300400007516146 ], [ -726803.904299998655915, 1403787.043400007300079 ], [ -726805.581600000616163, 1403772.925300006754696 ], [ -726806.962399998214096, 1403757.410400005057454 ], [ -726808.217199997510761, 1403740.087200004141778 ], [ -726809.202399994712323, 1403721.623300003353506 ], [ -726811.406899996101856, 1403669.205300000496209 ], [ -726812.43599999928847, 1403652.961000002454966 ], [ -726813.499599997885525, 1403638.552699996624142 ], [ -726815.260799996554852, 1403621.966500005684793 ], [ -726817.351400001440197, 1403606.679999998770654 ], [ -726819.996399994473904, 1403592.288400015793741 ], [ -726822.992899999953806, 1403578.772999993991107 ], [ -726825.844399997964501, 1403568.490099999122322 ], [ -726829.033200001344085, 1403558.156899994239211 ], [ -726832.748899996746331, 1403547.653000008780509 ], [ -726836.818999998737127, 1403537.047200010158122 ], [ -726841.432300003245473, 1403526.22289999620989 ], [ -726846.430499997455627, 1403515.218600002583116 ], [ -726851.928899996448308, 1403503.932100015692413 ], [ -726858.009699998889118, 1403492.269199999514967 ], [ -726868.964400002267212, 1403472.659800009801984 ], [ -726881.805499999318272, 1403451.067599995061755 ], [ -726894.564099997747689, 1403430.624700006563216 ], [ -726925.192899996414781, 1403382.376500003505498 ], [ -726940.061299997847527, 1403358.127400002907962 ], [ -726946.986299995332956, 1403346.320600010454655 ], [ -726953.249899994581938, 1403335.173000007867813 ], [ -726959.046599994879216, 1403324.438999994657934 ], [ -726964.379099995829165, 1403314.059600011445582 ], [ -726969.664900001138449, 1403303.997100005857646 ], [ -726974.053800003137439, 1403294.411099998280406 ], [ -726978.083600000012666, 1403285.000799997709692 ], [ -726982.237799994647503, 1403275.511800008825958 ], [ -726985.586199997924268, 1403266.363700013142079 ], [ -726988.604399997740984, 1403257.318100003991276 ], [ -726991.817799997050315, 1403248.095900006592274 ], [ -726994.191399998962879, 1403239.206200005020946 ], [ -726996.432299997191876, 1403229.51669999724254 ], [ -726998.962699994444847, 1403219.029200013261288 ], [ -727000.764899997506291, 1403208.15800000121817 ], [ -727002.914299999829382, 1403196.16290000313893 ], [ -727005.829299999866635, 1403174.234899999108166 ], [ -727011.496700001880527, 1403123.282499999273568 ], [ -727012.850499998778105, 1403110.751699994318187 ], [ -727014.858100001700222, 1403099.170200006105006 ], [ -727016.519400000572205, 1403088.483199995942414 ], [ -727018.358199996873736, 1403078.452400003094226 ], [ -727020.91969999903813, 1403068.679500001482666 ], [ -727023.180799995549023, 1403059.611400014720857 ], [ -727029.224999997764826, 1403039.806000001262873 ], [ -727035.807500001508743, 1403020.141800005920231 ], [ -727042.408499997574836, 1403000.8801000113599 ], [ -727050.018999999854714, 1402981.533900005277246 ], [ -727057.696500000543892, 1402962.554400010965765 ], [ -727065.912199998274446, 1402943.716100001242012 ], [ -727074.66609999909997, 1402925.01880000019446 ], [ -727079.600999999791384, 1402915.164000001270324 ], [ -727093.968899995554239, 1402912.518500011879951 ], [ -727103.773699998855591, 1402909.864700002595782 ], [ -727113.372599998954684, 1402906.967900014482439 ], [ -727122.360299998428673, 1402904.11739999614656 ], [ -727131.547499997075647, 1402900.734500004909933 ], [ -727140.528799999505281, 1402897.108700004871935 ], [ -727149.304299996700138, 1402893.239899998530746 ], [ -727157.46860000025481, 1402889.417400009930134 ], [ -727165.832299998030066, 1402885.062600004952401 ], [ -727173.990199997555465, 1402880.464700009208173 ], [ -727181.53700000140816, 1402875.913200001697987 ], [ -727189.28319999948144, 1402870.829300007317215 ], [ -727196.823500001337379, 1402865.502500004135072 ], [ -727204.157999998424202, 1402859.932599997613579 ], [ -727211.286599998828024, 1402854.119699997827411 ], [ -727218.091099999845028, 1402848.615200008731335 ], [ -727225.559699998237193, 1402841.415200005285442 ], [ -727232.971999995410442, 1402833.392899996601045 ], [ -727240.675600001588464, 1402824.746100003831089 ], [ -727247.799499996937811, 1402815.109499999321997 ], [ -727254.963299999013543, 1402804.89930000109598 ], [ -727262.92539999820292, 1402793.51160000031814 ], [ -727285.875500000081956, 1402756.846600010991096 ], [ -727291.129599999636412, 1402748.657600007019937 ], [ -727295.798099994193763, 1402739.758000012487173 ], [ -727300.177399997133762, 1402730.392100000753999 ], [ -727304.565900000743568, 1402720.798300004564226 ], [ -727307.991099996957928, 1402710.726600005291402 ], [ -727311.857899996917695, 1402700.070900002028793 ], [ -727315.202699999324977, 1402688.548099999781698 ], [ -727318.334500002209097, 1402676.345300002023578 ], [ -727320.464099997654557, 1402666.153799998573959 ], [ -727322.771000001579523, 1402655.038000013213605 ], [ -727324.714200000278652, 1402643.530000005383044 ], [ -727326.899900001473725, 1402630.765800013206899 ], [ -727330.303500001318753, 1402607.01740000769496 ], [ -727337.870799996890128, 1402549.754300001543015 ], [ -727340.329399999696761, 1402534.058599995914847 ], [ -727342.74629999930039, 1402520.106300002895296 ], [ -727345.646000002510846, 1402505.270399997476488 ], [ -727348.699099996592849, 1402491.648700005374849 ], [ -727351.96049999864772, 1402478.997699997387826 ], [ -727355.462900000624359, 1402467.192099994048476 ], [ -727359.876799996942282, 1402454.399899994954467 ], [ -727364.689099997282028, 1402442.523300000466406 ], [ -727370.093799998052418, 1402431.718700001947582 ], [ -727375.785799995996058, 1402421.478000007104129 ], [ -727378.811799997929484, 1402416.637099998537451 ], [ -727381.958499999716878, 1402411.98160000750795 ], [ -727386.013899999205023, 1402408.263100008945912 ], [ -727389.409299998078495, 1402403.968600011430681 ], [ -727392.932300003711134, 1402399.850200005806983 ], [ -727396.584800003562123, 1402395.906000004615635 ], [ -727400.532699996605515, 1402392.36359999794513 ], [ -727404.449700001627207, 1402388.761599996592849 ], [ -727408.717199998442084, 1402385.169800009578466 ], [ -727414.029999997466803, 1402382.455499997362494 ], [ -727418.825399999506772, 1402379.102200007066131 ], [ -727423.89959999686107, 1402375.857500013895333 ], [ -727429.260099998209625, 1402372.716199996415526 ], [ -727435.092199996113777, 1402369.89539999794215 ], [ -727441.087999997194856, 1402366.92420000070706 ], [ -727447.440799999050796, 1402364.018200005404651 ], [ -727460.776099995709956, 1402358.558800003957003 ], [ -727477.017800000030547, 1402354.057700003962964 ], [ -727493.683899995405227, 1402348.949400002602488 ], [ -727527.363999998196959, 1402338.708800005726516 ], [ -727541.564599996898323, 1402334.233500004280359 ], [ -727556.997099997941405, 1402330.016100007575005 ], [ -727569.861799997743219, 1402325.182100006379187 ], [ -727576.580400002654642, 1402322.555700003169477 ], [ -727583.52750000031665, 1402319.470499997958541 ], [ -727590.104200000874698, 1402316.313600002788007 ], [ -727596.340599996503443, 1402313.070400006137788 ], [ -727601.622899999376386, 1402310.131500002462417 ], [ -727607.252899997401983, 1402306.675099996849895 ], [ -727613.384499999228865, 1402303.855300005059689 ], [ -727618.457899999339134, 1402300.154400003608316 ], [ -727634.110699998680502, 1402287.805599997751415 ], [ -727649.632299998309463, 1402276.324800006579608 ], [ -727484.679699996486306, 1402804.751100004650652 ], [ -727389.429499996360391, 1403304.814600001089275 ], [ -727222.741599998436868, 1403916.003400009591132 ], [ -726984.616199999582022, 1404162.066400009673089 ], [ -726817.928300002124161, 1405130.443299999460578 ], [ -726190.864599999040365, 1405225.693500006105751 ], [ -726254.364700002130121, 1405646.381800002418458 ], [ -726341.677399998996407, 1405868.632299999706447 ], [ -726698.865599999204278, 1405646.381800002418458 ], [ -726802.053300002589822, 1406178.195400003343821 ], [ -726778.240699994843453, 1406408.383300005923957 ], [ -726976.678599998354912, 1406408.383300005923957 ], [ -727214.8040999956429, 1406805.259099999442697 ], [ -727032.241199998185039, 1406956.071900012902915 ], [ -726709.422800000756979, 1407005.897000001743436 ], [ -726699.55220000166446, 1406942.935900005977601 ], [ -726697.70749999769032, 1406929.758600007276982 ], [ -726696.284800000488758, 1406918.177999993786216 ], [ -726694.572499999776483, 1406904.416100010741502 ], [ -726692.68730000173673, 1406890.637000001501292 ], [ -726690.467600001487881, 1406876.776700007729232 ], [ -726687.752100000157952, 1406862.770300015341491 ], [ -726684.864799999631941, 1406848.728400007355958 ], [ -726681.473700000438839, 1406834.52240001084283 ], [ -726677.855999996885657, 1406820.241799996234477 ], [ -726673.780000000726432, 1406805.797600003425032 ], [ -726669.528500000014901, 1406791.297399995848536 ], [ -726664.926999997347593, 1406776.648400004953146 ], [ -726659.805699998978525, 1406761.776799994520843 ], [ -726654.488599999807775, 1406746.784200004767627 ], [ -726648.641100000124425, 1406731.537800000514835 ], [ -726642.531899998895824, 1406716.108499994501472 ], [ -726636.08699999935925, 1406700.451999996323138 ], [ -726629.077399998903275, 1406684.456599998287857 ], [ -726617.041499999351799, 1406658.009899997152388 ], [ -726603.823000000789762, 1406630.524699996225536 ], [ -726589.212299994658679, 1406601.713900001253933 ], [ -726573.076999999117106, 1406571.071600009221584 ], [ -726558.092000002041459, 1406543.838300007861108 ], [ -726541.193599997553974, 1406513.644099994096905 ], [ -726482.975900001823902, 1406411.490200012456626 ] ] ] } },
{ "type": "Feature", "properties": { "ID": 1137, "YEAR": "2014-2015", "Perimtr_KM": 9.21974442502, "AREA_KM": 1.5091360595200001, "SCALE": 1, "THICKNES_M": 79.371838569600001, "VOLUME_KM": 0.1197829037, "MASS_GT": 0.10984092269, "RECURRANCE": ">8", "UA_KM": 0.04609872213, "UH_M": 6.5878625687900003, "UC_KM": 0.00916509466, "REGION": "East", "ICESHELF": "Riiser-Larsen" }, "geometry": { "type": "Polygon", "coordinates": [ [ [ -601369.157400000840425, 1809562.662200014572591 ], [ -602285.987199997063726, 1808766.090200000908226 ], [ -602566.818799994885921, 1808785.108300014864653 ], [ -603169.066999997477978, 1808421.79919999698177 ], [ -603600.261700002942234, 1808358.30160000314936 ], [ -602467.349399994593114, 1809225.01090000430122 ], [ -602118.098699997644871, 1809685.386799993459135 ], [ -600530.595499996561557, 1810495.01340000750497 ], [ -599705.281199996359646, 1810252.454299998935312 ], [ -600469.529199997894466, 1810250.0300999940373 ], [ -601033.754099998623133, 1809642.794299995992333 ], [ -601369.157400000840425, 1809562.662200014572591 ] ] ] } },
{ "type": "Feature", "properties": { "ID": 1138, "YEAR": "2014-2015", "Perimtr_KM": 25.10583973, "AREA_KM": 36.420144320299997, "SCALE": 2, "THICKNES_M": 166.47422330399999, "VOLUME_KM": 6.0630152383400002, "MASS_GT": 5.5597849735600002, "RECURRANCE": ">8", "UA_KM": 0.12552919865000001, "UH_M": 13.8173604661, "UC_KM": 0.46390684223, "REGION": "East", "ICESHELF": "Baudouin" }, "geometry": { "type": "Polygon", "coordinates": [ [ [ 979273.570275522768497, 1972329.763769224751741 ], [ 981209.031900008674711, 1972255.322900005150586 ], [ 984191.362889639101923, 1971156.56941318931058 ], [ 985607.738599999342114, 1970634.746799996588379 ], [ 986831.943200003355742, 1969362.136100016068667 ], [ 986700.9919000021182, 1968936.893599999602884 ], [ 985983.600900002755225, 1968071.169000013265759 ], [ 985268.546500006690621, 1967623.427299997303635 ], [ 984237.365199998486787, 1967791.330200005788356 ], [ 981275.177800009027123, 1968055.054099997971207 ], [ 978926.996099997777492, 1967625.105300005991012 ], [ 977703.295699997805059, 1967922.7621999992989 ], [ 976281.157400001306087, 1969940.214100001845509 ], [ 976975.690099995583296, 1971395.425400011707097 ], [ 978421.465632570907474, 1972233.975228121969849 ], [ 978475.972549653612077, 1972265.589240749832243 ], [ 978629.3392000105232, 1972354.541899996344 ], [ 979273.570275522768497, 1972329.763769224751741 ] ] ] } },
{ "type": "Feature", "properties": { "ID": 1139, "YEAR": "2014-2015", "Perimtr_KM": 37.588634073199998, "AREA_KM": 68.118792815500001, "SCALE": 2, "THICKNES_M": 84.536665302700001, "VOLUME_KM": 5.7585355890700001, "MASS_GT": 5.2805771351799997, "RECURRANCE": "2-3", "UA_KM": 0.18794317037, "UH_M": 7.0165431855299998, "UC_KM": 0.44060982135, "REGION": "East", "ICESHELF": "Baudouin" }, "geometry": { "type": "Polygon", "coordinates": [ [ [ 906768.622114661149681, 1976336.694868756923825 ], [ 908650.913658881559968, 1975992.620097229722887 ], [ 908698.935272492468357, 1975983.841953491326421 ], [ 909226.622323798481375, 1974717.393030393403023 ], [ 909565.289667802862823, 1973955.391506383661181 ], [ 910299.50784373935312, 1973658.880319945979863 ], [ 910665.958535796497017, 1973510.890617379453033 ], [ 911025.792588806245476, 1973151.056564369704574 ], [ 910856.458916803821921, 1972643.055548383388668 ], [ 910799.205477203708142, 1972375.872830245178193 ], [ 910792.958789801225066, 1972346.721622376237065 ], [ 910872.57925216993317, 1972187.480697653722018 ], [ 911110.459424800239503, 1971711.720352371688932 ], [ 911015.502002140041441, 1971535.37085315072909 ], [ 910814.125498806592077, 1971161.385918375570327 ], [ 910792.958789801225066, 1970251.21743136877194 ], [ 910962.292461803648621, 1968663.714256360661238 ], [ 911004.625879800878465, 1967668.878933352883905 ], [ 911597.293731801677495, 1965509.874615355860442 ], [ 911819.914132683072239, 1963728.911408356856555 ], [ 911224.90659999428317, 1963710.240700010675937 ], [ 910987.064600004814565, 1963604.442700005602092 ], [ 911051.952300007920712, 1962480.554199999663979 ], [ 910716.333000007085502, 1963395.814500008244067 ], [ 909653.816800005733967, 1964153.548300005029887 ], [ 905150.10310000134632, 1964349.820300006773323 ], [ 904984.372500005643815, 1964817.415100011508912 ], [ 904828.76050000730902, 1965445.611500001978129 ], [ 904832.879055186640471, 1965551.670932299923152 ], [ 905162.614195787347853, 1966250.709430346731097 ], [ 905247.281031781807542, 1967414.878425362985581 ], [ 905183.780904779210687, 1969256.382108367513865 ], [ 905162.614195787347853, 1969870.216669353190809 ], [ 905021.635124472435564, 1970412.443866686429828 ], [ 905058.941984700039029, 1971373.155631713103503 ], [ 905073.045740200672299, 1971736.350061743054539 ], [ 905081.640000005718321, 1971957.666100008878857 ], [ 904565.70150000276044, 1973942.045000005979091 ], [ 905196.090228382032365, 1975307.887244831304997 ], [ 905242.738849071785808, 1975408.959256327245384 ], [ 905295.504581470508128, 1975429.550761650782079 ], [ 905585.94837578618899, 1975542.894681377802044 ], [ 906178.61622778698802, 1976008.562279387842864 ], [ 906302.603737454861403, 1976098.10881414776668 ], [ 906480.747998621314764, 1976226.768558324780315 ], [ 906660.355999012943357, 1976356.485447491984814 ], [ 906768.622114661149681, 1976336.694868756923825 ] ] ] } },
{ "type": "Feature", "properties": { "ID": 1140, "YEAR": "2014-2015", "Perimtr_KM": 7.3496897153000003, "AREA_KM": 1.9468060095899999, "SCALE": 1, "THICKNES_M": 115.023298645, "VOLUME_KM": 0.22392804904, "MASS_GT": 0.20534202097000001, "RECURRANCE": ">8", "UA_KM": 0.03674844858, "UH_M": 9.5469337404600001, "UC_KM": 0.01713367855, "REGION": "East", "ICESHELF": "Borchgrevink" }, "geometry": { "type": "Polygon", "coordinates": [ [ [ 768715.117300000507385, 2089723.943300012964755 ], [ 769995.066919791512191, 2088585.476705193053931 ], [ 770304.024800004437566, 2088310.670400009024888 ], [ 769442.933800004888326, 2088413.372900010552257 ], [ 769060.137556848116219, 2088555.105762077961117 ], [ 768913.116200008429587, 2088609.541399998124689 ], [ 768290.885700002778322, 2088805.881199995521456 ], [ 768013.078199998941272, 2089174.682700014207512 ], [ 767729.032010073773563, 2089328.6335239703767 ], [ 767576.483000001404434, 2089411.313900009263307 ], [ 767503.566900414880365, 2089563.36430388642475 ], [ 767272.693900004494935, 2090044.798900015186518 ], [ 768715.117300000507385, 2089723.943300012964755 ] ] ] } },
{ "type": "Feature", "properties": { "ID": 1141, "YEAR": "2014-2015", "Perimtr_KM": 22.042169665300001, "AREA_KM": 29.814675358500001, "SCALE": 2, "THICKNES_M": 118.74351468, "VOLUME_KM": 3.5402993411099999, "MASS_GT": 3.2464544958000001, "RECURRANCE": "4-5", "UA_KM": 0.11021084833, "UH_M": 9.8557116698399998, "UC_KM": 0.27088321954, "REGION": "East", "ICESHELF": "Borchgrevink" }, "geometry": { "type": "Polygon", "coordinates": [ [ [ 755678.227962724398822, 2094048.427199998404831 ], [ 757046.969000006560236, 2092938.637200003955513 ], [ 758096.27052492974326, 2092420.269124052021652 ], [ 758335.324035914149135, 2092302.173700001556426 ], [ 759647.689800006337464, 2091653.848599994089454 ], [ 759417.752399997785687, 2090805.978800005745143 ], [ 759263.961599998176098, 2089987.805200000759214 ], [ 758973.251400002744049, 2089258.01580000622198 ], [ 758848.741753279231489, 2089082.814120528753847 ], [ 758575.48739999672398, 2088698.308800012338907 ], [ 758222.549500008579344, 2088883.64829999441281 ], [ 757788.238800000865012, 2088473.906900006812066 ], [ 756792.126700005959719, 2088180.115300002042204 ], [ 756079.352100001182407, 2088572.786400009412318 ], [ 754419.827400001697242, 2089413.164299997035414 ], [ 754195.129400003701448, 2089744.401200004387647 ], [ 753943.641700007021427, 2089756.15789999673143 ], [ 753476.790200005285442, 2089954.99319999711588 ], [ 753243.378745709080249, 2090733.713954994920641 ], [ 753090.475584373343736, 2091243.838300004135817 ], [ 752998.835900001227856, 2091549.571900005917996 ], [ 752898.503426510374993, 2091741.115708857309073 ], [ 752521.460927682928741, 2092460.924100002739578 ], [ 752125.709100000094622, 2093216.450300001073629 ], [ 752760.710399997420609, 2094843.64099999750033 ], [ 755578.528500001411885, 2094129.264600004535168 ], [ 755678.227962724398822, 2094048.427199998404831 ] ] ] } },
{ "type": "Feature", "properties": { "ID": 1142, "YEAR": "2014-2015", "Perimtr_KM": 31.795609863399999, "AREA_KM": 41.621574836000001, "SCALE": 2, "THICKNES_M": 109.073350486, "VOLUME_KM": 4.5398046198699999, "MASS_GT": 4.1630008364200002, "RECURRANCE": ">8", "UA_KM": 0.15897804932000001, "UH_M": 9.0530880456999991, "UC_KM": 0.34735957981, "REGION": "East", "ICESHELF": "Baudouin" }, "geometry": { "type": "Polygon", "coordinates": [ [ [ 536783.507300007157028, 2171178.764200008939952 ], [ 536702.797400009818375, 2170665.34649999672547 ], [ 536055.448700005188584, 2171872.402200001757592 ], [ 535279.795600007753819, 2171973.652100004721433 ], [ 534516.183100008405745, 2172254.613599995616823 ], [ 534303.099400002043694, 2172767.553800009656698 ], [ 534877.222600008361042, 2173099.610000009182841 ], [ 532231.383899998385459, 2175712.375700006727129 ], [ 531900.654100003186613, 2178192.849400001112372 ], [ 530445.442899998743087, 2179648.060600012075156 ], [ 530941.537599998060614, 2180507.958200010936707 ], [ 532793.624600009992719, 2180474.885200005490333 ], [ 534910.295500002801418, 2178457.433200004976243 ], [ 536067.849900004453957, 2177961.338499998208135 ], [ 538103.975400007329881, 2177850.413400012534112 ], [ 539144.670799996238202, 2177487.723600010853261 ], [ 540071.006000003311783, 2177144.045800007414073 ], [ 540333.802600007504225, 2176316.056600003968924 ], [ 539489.627199998125434, 2175792.208100008312613 ], [ 539263.321199996862561, 2175369.381100000347942 ], [ 539229.384500003419816, 2174626.977500007022172 ], [ 538753.541800005827099, 2174234.27310000685975 ], [ 537888.458099998999387, 2173563.148400008212775 ], [ 537329.500700007192791, 2172870.47020000545308 ], [ 536947.753299997188151, 2172172.178600009996444 ], [ 536683.169400002341717, 2172056.423100002575666 ], [ 536783.507300007157028, 2171178.764200008939952 ] ] ] } },
{ "type": "Feature", "properties": { "ID": 1143, "YEAR": "2014-2015", "Perimtr_KM": 5.34495516445, "AREA_KM": 1.25036807083, "SCALE": 1, "THICKNES_M": 218.396549225, "VOLUME_KM": 0.27307607193, "MASS_GT": 0.25041075796000001, "RECURRANCE": ">8", "UA_KM": 0.02672477582, "UH_M": 18.126913496299998, "UC_KM": 0.02089420086, "REGION": "East", "ICESHELF": "Fimbul" }, "geometry": { "type": "Polygon", "coordinates": [ [ [ 216369.549500006716698, 2179639.414799998980016 ], [ 216064.870000001508743, 2179265.541799994651228 ], [ 215912.752899996936321, 2179642.889700003433973 ], [ 215920.306900001596659, 2180469.813499996904284 ], [ 215506.894600005354732, 2181313.174600006546825 ], [ 215920.306900001596659, 2181379.320500006433576 ], [ 216640.438600006047636, 2180820.230700005311519 ], [ 216534.904700007289648, 2180649.748600006569177 ], [ 216641.388200003653765, 2179829.715200010221452 ], [ 216369.549500006716698, 2179639.414799998980016 ] ] ] } },
{ "type": "Feature", "properties": { "ID": 1144, "YEAR": "2014-2015", "Perimtr_KM": 46.8353215793, "AREA_KM": 47.8373367477, "SCALE": 2, "THICKNES_M": 221.93909815699999, "VOLUME_KM": 10.616975376, "MASS_GT": 9.73576641981, "RECURRANCE": ">8", "UA_KM": 0.2341766079, "UH_M": 18.420945056200001, "UC_KM": 0.81234952034999997, "REGION": "East", "ICESHELF": "Fimbul" }, "geometry": { "type": "Polygon", "coordinates": [ [ [ 233925.459753955248743, 2177778.295003244187683 ], [ 234147.577400000300258, 2177617.394799997564405 ], [ 233802.581800004467368, 2177287.420300002675503 ], [ 233272.777199998032302, 2177030.108200005721301 ], [ 233181.295200005173683, 2176710.773000005166978 ], [ 233175.277884958311915, 2176707.875775114167482 ], [ 232824.106900007463992, 2176538.793500005733222 ], [ 232071.476599995046854, 2176085.828100002836436 ], [ 230792.845000000670552, 2175937.756800004746765 ], [ 229841.775600002612919, 2175709.848999994341284 ], [ 228600.38140000263229, 2175957.038900013547391 ], [ 227213.633799996692687, 2176551.443200006615371 ], [ 223804.137000003363937, 2178057.529900005552918 ], [ 220627.253800007048994, 2178952.014699996914715 ], [ 217841.471500009298325, 2179456.980800001416355 ], [ 217724.461300001014024, 2180556.464200007263571 ], [ 217354.43330000480637, 2180635.331300002988428 ], [ 216880.665600006934255, 2180758.020400000270456 ], [ 216813.277399994898587, 2181032.054200015496463 ], [ 216432.938100004103035, 2181544.685499995481223 ], [ 216102.208299995400012, 2182520.338500002864748 ], [ 217110.934300009161234, 2182619.557400002609938 ], [ 219740.23640000494197, 2181825.805800002533942 ], [ 220831.644800008274615, 2181858.878800007980317 ], [ 223857.822800008580089, 2181230.492100012023002 ], [ 227082.438600007910281, 2179709.134900002274662 ], [ 228355.748400005046278, 2179064.21180000109598 ], [ 229529.839299996383488, 2178634.263000001665205 ], [ 231927.630600000731647, 2179014.602300012949854 ], [ 231911.094099997542799, 2178683.872400005813688 ], [ 230786.612700001802295, 2177972.803300000261515 ], [ 229562.912300002295524, 2177559.391000010538846 ], [ 230985.050599998794496, 2177757.828900000546128 ], [ 232274.89689999865368, 2178336.606100007425994 ], [ 234126.983899996615946, 2178485.43460000725463 ], [ 233862.400099999736995, 2177823.97489999840036 ], [ 233925.459753955248743, 2177778.295003244187683 ] ] ] } },
{ "type": "Feature", "properties": { "ID": 1146, "YEAR": "2014-2015", "Perimtr_KM": 24.0601832489, "AREA_KM": 27.4435248154, "SCALE": 2, "THICKNES_M": 199.85692332299999, "VOLUME_KM": 5.4847784347399999, "MASS_GT": 5.0295418246599999, "RECURRANCE": ">8", "UA_KM": 0.12030091625, "UH_M": 16.588124554, "UC_KM": 0.419663508, "REGION": "East", "ICESHELF": "Fimbul" }, "geometry": { "type": "Polygon", "coordinates": [ [ [ 46140.394200006499887, 2193073.745900012087077 ], [ 45628.514151490759104, 2192889.205450541805476 ], [ 42287.391699997708201, 2191684.680600001011044 ], [ 41295.202200000174344, 2191783.89950001379475 ], [ 41079.847399999387562, 2191112.047600007150322 ], [ 40242.643100009299815, 2191641.029400004539639 ], [ 39744.454999994952232, 2192752.365799995604903 ], [ 38576.167656039819121, 2194131.516090155113488 ], [ 38461.774200002662838, 2194266.556300001684576 ], [ 38019.953100001905113, 2195435.463200002443045 ], [ 37439.083000003360212, 2195483.309600010979921 ], [ 38913.947399999015033, 2195951.095400012563914 ], [ 43213.435199996456504, 2195620.365500006359071 ], [ 45908.883300004061311, 2195273.099200007971376 ], [ 46901.072800001129508, 2194562.030100001487881 ], [ 47297.948600008152425, 2193387.939199997577816 ], [ 46140.394200006499887, 2193073.745900012087077 ] ] ] } },
{ "type": "Feature", "properties": { "ID": 1147, "YEAR": "2014-2015", "Perimtr_KM": 8.5327409401600001, "AREA_KM": 1.0571161067499999, "SCALE": 1, "THICKNES_M": 149.99707489, "VOLUME_KM": 0.15856432383, "MASS_GT": 0.14540348495, "RECURRANCE": ">8", "UA_KM": 0.0426637047, "UH_M": 12.4497571545, "UC_KM": 0.01213242452, "REGION": "East", "ICESHELF": "Fimbul" }, "geometry": { "type": "Polygon", "coordinates": [ [ [ 78871.077600004151464, 2195931.073900002520531 ], [ 79239.163500007241964, 2194955.313300011213869 ], [ 78729.136700005736202, 2195304.241100004408509 ], [ 78315.197399999015033, 2195928.479999995324761 ], [ 77870.773799999151379, 2196531.81879999814555 ], [ 76980.949600008781999, 2196966.632999997120351 ], [ 76188.762499997857958, 2197761.729000004474074 ], [ 77581.231300004292279, 2196989.409300013910979 ], [ 78871.077600004151464, 2195931.073900002520531 ] ] ] } },
{ "type": "Feature", "properties": { "ID": 1153, "YEAR": "2014-2015", "Perimtr_KM": 6.9444309721000002, "AREA_KM": 1.6570493743300001, "SCALE": 1, "THICKNES_M": 154.65004730199999, "VOLUME_KM": 0.25626276412, "MASS_GT": 0.2349929547, "RECURRANCE": ">8", "UA_KM": 0.03472215486, "UH_M": 12.8359538628, "UC_KM": 0.01960774384, "REGION": "East", "ICESHELF": "Fimbul" }, "geometry": { "type": "Polygon", "coordinates": [ [ [ 2318.05119999917224, 2242351.289900003466755 ], [ 2400.656634815037251, 2241984.15460948785767 ], [ 2466.879600000567734, 2241689.830300006549805 ], [ 2436.754399998579174, 2240877.389500000979751 ], [ 1942.802599999122322, 2241102.084100014995784 ], [ 1875.678800000343472, 2241618.295000016223639 ], [ 1563.725600002333522, 2241779.424000004772097 ], [ 1546.277000003959984, 2241951.416799993719906 ], [ 1252.766399997286499, 2242165.741400007624179 ], [ 841.674800005741417, 2242152.42139999428764 ], [ 326.630229026079178, 2242418.512300001922995 ], [ 295.762500005308539, 2242434.459700011182576 ], [ 143.579400002025068, 2242440.490399999078363 ], [ 1358.93470000801608, 2242797.775199999567121 ], [ 2318.05119999917224, 2242351.289900003466755 ] ] ] } },
{ "type": "Feature", "properties": { "ID": 1154, "YEAR": "2014-2015", "Perimtr_KM": 11.647416188099999, "AREA_KM": 5.5782586861099999, "SCALE": 1, "THICKNES_M": 234.36272699700001, "VOLUME_KM": 1.3073359175699999, "MASS_GT": 1.19882703641, "RECURRANCE": "1-2", "UA_KM": 0.05823708094, "UH_M": 19.4521062448, "UC_KM": 0.10002977948, "REGION": "East", "ICESHELF": "Vincennes_Bay" }, "geometry": { "type": "Polygon", "coordinates": [ [ [ 2425263.495000000111759, -907334.162099997280166 ], [ 2424645.703300008550286, -908257.549899992533028 ], [ 2423408.539399997331202, -907581.853299999143928 ], [ 2423743.016837246716022, -907110.201396826421842 ], [ 2423753.257199997082353, -907095.761300000594929 ], [ 2423710.19004337862134, -907060.799497615313157 ], [ 2422676.831500004045665, -906221.92179999826476 ], [ 2421532.29619999974966, -904759.393599996343255 ], [ 2422363.314844308421016, -904715.937221511034295 ], [ 2422986.135368165560067, -904683.368127427063882 ], [ 2423008.779500005766749, -904682.184000003617257 ], [ 2423024.635970244184136, -904681.002020774176344 ], [ 2423093.693384289741516, -904675.854315905831754 ], [ 2423443.831599598750472, -904649.754175596870482 ], [ 2423621.418352636508644, -904636.516434131423011 ], [ 2423636.304300003685057, -904635.406800000928342 ], [ 2424112.555200000293553, -905826.034099996788427 ], [ 2425263.495000000111759, -907334.162099997280166 ] ] ] } },
{ "type": "Feature", "properties": { "ID": 1155, "YEAR": "2014-2015", "Perimtr_KM": 9.8407819711600002, "AREA_KM": 3.94494849751, "SCALE": 1, "THICKNES_M": 293.71774291999998, "VOLUME_KM": 1.1587013686200001, "MASS_GT": 1.06252915503, "RECURRANCE": "3-4", "UA_KM": 0.04920390986, "UH_M": 24.378572542099999, "UC_KM": 0.08865712387000001, "REGION": "East", "ICESHELF": "Totten" }, "geometry": { "type": "Polygon", "coordinates": [ [ [ 2228470.117900000885129, -1214379.975480184191838 ], [ 2228579.001610266044736, -1214612.359665704425424 ], [ 2228770.516132313758135, -1215021.097998682875186 ], [ 2228925.090684372000396, -1215350.997496912954375 ], [ 2229032.227600008249283, -1215579.653599999612197 ], [ 2228877.19636439345777, -1215677.568075418705121 ], [ 2228696.654100000858307, -1215791.594781316118315 ], [ 2228603.584300009533763, -1215850.375714125111699 ], [ 2228278.163600001484156, -1216055.904600000474602 ], [ 2228635.351800001226366, -1216571.843099996913224 ], [ 2228703.120599996298552, -1216842.918299993034452 ], [ 2228748.869088076986372, -1217025.912252320209518 ], [ 2228833.789699997752905, -1217365.59470000420697 ], [ 2228777.084577294066548, -1217448.074877295875922 ], [ 2228707.640631850808859, -1217549.084251043619588 ], [ 2228397.226299997419119, -1218000.596000001532957 ], [ 2228088.867699996568263, -1217897.780726490309462 ], [ 2227918.921976447105408, -1217841.116128685185686 ], [ 2227851.362099997699261, -1217818.589800000190735 ], [ 2227372.148100000806153, -1217390.179099997738376 ], [ 2227384.800499999895692, -1216473.157199999317527 ], [ 2227729.882699998095632, -1215941.243314231280237 ], [ 2227798.13480000756681, -1215836.038700002245605 ], [ 2227405.738499997183681, -1215029.537499994272366 ], [ 2228342.17669999692589, -1214106.918000002857298 ], [ 2228470.117900000885129, -1214379.975480184191838 ] ] ] } },
{ "type": "Feature", "properties": { "ID": 2930, "YEAR": "2014-2015", "Perimtr_KM": 17.693010568999998, "AREA_KM": 12.391506398400001, "SCALE": 2, "THICKNES_M": 139.91272168500001, "VOLUME_KM": 1.73372938598, "MASS_GT": 1.5898298469400001, "RECURRANCE": ">8", "UA_KM": 0.08846505285, "UH_M": 11.6127558426, "UC_KM": 0.13265494034, "REGION": "Peninsula", "ICESHELF": "Stange" }, "geometry": { "type": "Polygon", "coordinates": [ [ [ -1852210.306147214723751, 426917.661218715831637 ], [ -1852601.808700000634417, 426673.523999998345971 ], [ -1852683.228265558136627, 426513.179061885923147 ], [ -1852765.821179210674018, 426350.523371727205813 ], [ -1852855.309500002069399, 426174.288099999539554 ], [ -1852888.8666688404046, 425990.422172950580716 ], [ -1852875.4558999997098, 425934.340800002682954 ], [ -1852907.275282594375312, 425889.557977608870715 ], [ -1852969.588867794722319, 425548.130333221517503 ], [ -1853101.573399999644607, 424824.962700004689395 ], [ -1853436.446963109541684, 424696.781221529934555 ], [ -1853672.241999997291714, 424606.524600000586361 ], [ -1853851.151799999875948, 425660.937399999704212 ], [ -1853904.184700001496822, 425933.486100005917251 ], [ -1853933.556325852638111, 426011.013997634872794 ], [ -1854206.479699998395517, 426731.409100013785064 ], [ -1854010.381499995244667, 430034.90900000417605 ], [ -1852190.57240000157617, 430347.994400000199676 ], [ -1851749.363973018713295, 430782.365777313709259 ], [ -1851127.607899999013171, 431394.487000006716698 ], [ -1851019.599117265315726, 431436.704255394171923 ], [ -1850491.444699997548014, 431643.143299999181181 ], [ -1850804.696599993156269, 430937.254800005815923 ], [ -1851089.076000001979992, 429812.57670000102371 ], [ -1851293.787999998778105, 428217.084499998018146 ], [ -1852047.916399996494874, 427018.925900011789054 ], [ -1852210.306147214723751, 426917.661218715831637 ] ] ] } },
{ "type": "Feature", "properties": { "ID": 2977, "YEAR": "2014-2015", "Perimtr_KM": 57.431224578200002, "AREA_KM": 114.621792797, "SCALE": 3, "THICKNES_M": 322.437288927, "VOLUME_KM": 36.958340121399999, "MASS_GT": 33.890797891299997, "RECURRANCE": ">8", "UA_KM": 0.28715612288999998, "UH_M": 26.762294849, "UC_KM": 2.8278383256200001, "REGION": "East", "ICESHELF": "Totten" }, "geometry": { "type": "Polygon", "coordinates": [ [ [ 2222986.801071654073894, -1224967.012700001476333 ], [ 2222999.325400010682642, -1228645.959999999031425 ], [ 2219919.548900005407631, -1230922.316500002052635 ], [ 2219268.275289819575846, -1231403.692643493181095 ], [ 2218130.982300006784499, -1232244.300499994540587 ], [ 2218256.890925958752632, -1234132.929800003301352 ], [ 2218554.316500005312264, -1238594.313200000673532 ], [ 2216006.260099998675287, -1241620.130100003210828 ], [ 2215167.643000003881752, -1242615.987900000996888 ], [ 2212407.672588780522346, -1242940.507211336633191 ], [ 2211060.918699995614588, -1243098.85950480424799 ], [ 2210067.73110000230372, -1243215.639219058211893 ], [ 2208959.032499996945262, -1243346.000799996545538 ], [ 2209171.272900003008544, -1242667.478900002548471 ], [ 2208550.460500000976026, -1242617.782499997643754 ], [ 2208494.642103102989495, -1242502.07504216930829 ], [ 2208213.228400000371039, -1241918.725000002654269 ], [ 2209612.740799998864532, -1240591.632199991960078 ], [ 2209837.078500003553927, -1239935.824799997499213 ], [ 2209651.136900002136827, -1239754.155699999304488 ], [ 2209748.652600010856986, -1239386.997300001094118 ], [ 2210377.042200000956655, -1237874.687699993140996 ], [ 2210787.861700002104044, -1237450.772299994481727 ], [ 2210982.497900009155273, -1236700.708900002064183 ], [ 2211439.710500006563962, -1235992.830999997677281 ], [ 2212779.922300008125603, -1234566.814599996199831 ], [ 2213033.764600003138185, -1233914.684500000206754 ], [ 2213722.066200002096593, -1233081.907000005478039 ], [ 2214174.017500004731119, -1231427.817599994130433 ], [ 2214846.081200001761317, -1229822.187300001969561 ], [ 2216352.457200011238456, -1227615.437200001906604 ], [ 2217579.052600015886128, -1226736.494100003270432 ], [ 2218580.301999999210238, -1226336.656699998537078 ], [ 2219243.511699999682605, -1225268.614100004313514 ], [ 2220372.966400000266731, -1224347.344599993200973 ], [ 2220602.14820000808686, -1224412.686099999817088 ], [ 2219979.382700007408857, -1225148.683899997035041 ], [ 2220201.735600001178682, -1225476.548099999781698 ], [ 2221703.723856664262712, -1224781.739293702878058 ], [ 2222984.153899997472763, -1224189.421699998667464 ], [ 2222986.801071654073894, -1224967.012700001476333 ] ] ] } },
{ "type": "Feature", "properties": { "ID": 2978, "YEAR": "2014-2015", "Perimtr_KM": 15.3222795741, "AREA_KM": 5.8427319090500003, "SCALE": 1, "THICKNES_M": 137.759893, "VOLUME_KM": 0.80489412262000004, "MASS_GT": 0.73808791044, "RECURRANCE": "5-6", "UA_KM": 0.07661139787, "UH_M": 11.434071062599999, "UC_KM": 0.06158584072, "REGION": "East", "ICESHELF": "Totten" }, "geometry": { "type": "Polygon", "coordinates": [ [ [ 2230216.639800004661083, -1201600.223982105962932 ], [ 2230381.605300005525351, -1201966.813900004606694 ], [ 2230456.360199996270239, -1202284.522199997445568 ], [ 2230540.355600015260279, -1202641.50279999547638 ], [ 2230421.828939468599856, -1202786.368699998827651 ], [ 2230183.167399995028973, -1203078.066099998075515 ], [ 2230262.542499997653067, -1203395.566799995489419 ], [ 2230364.882000006735325, -1204068.139199999161065 ], [ 2229354.066500006243587, -1203355.576999999815598 ], [ 2228918.748200007714331, -1201806.105200003599748 ], [ 2228986.984100004658103, -1201600.753099997295067 ], [ 2228988.085280111990869, -1201597.439160092966631 ], [ 2229265.911800009198487, -1200761.335799997672439 ], [ 2229220.130300004966557, -1200175.222400001017377 ], [ 2229191.032034458592534, -1199802.69512246013619 ], [ 2229148.9662000015378, -1199264.151999999769032 ], [ 2229723.263999996706843, -1197272.929599997354671 ], [ 2230072.650500001385808, -1196969.954400002025068 ], [ 2230038.52210000436753, -1199943.937800002284348 ], [ 2230024.417000007815659, -1201173.062299997312948 ], [ 2230216.639800004661083, -1201600.223982105962932 ] ] ] } }
]
}
