{
"type": "FeatureCollection",
"name": "2017",
"crs": { "type": "name", "properties": { "name": "urn:ogc:def:crs:EPSG::3031" } },
"features": [
{ "type": "Feature", "properties": { "ID": 2050, "YEAR": "2017-2018", "Perimtr_KM": 9.2644354243699993, "AREA_KM": 2.00634811286, "SCALE": 1, "THICKNES_M": 349.947962, "VOLUME_KM": 0.70211743315999997, "MASS_GT": 0.64384168621000004, "RECURRANCE": "2-3", "UA_KM": 0.04632217712, "UH_M": 29.045680702799999, "UC_KM": 0.05372196316, "REGION": "West", "ICESHELF": "Getz" }, "geometry": { "type": "Polygon", "coordinates": [ [ [ -1354914.462600002530962, -1058512.66950000426732 ], [ -1355794.770199995022267, -1058658.942400002386421 ], [ -1356415.608100001234561, -1059045.138000001665205 ], [ -1357071.471699999412522, -1059225.360300003318116 ], [ -1357224.585089779691771, -1059074.435812695650384 ], [ -1357259.475900004152209, -1059040.043800002196804 ], [ -1358115.840800000121817, -1059049.170899996068329 ], [ -1358528.132000000681728, -1059481.747699999250472 ], [ -1358756.044199994998053, -1059277.620499996701255 ], [ -1358767.276661287527531, -1059267.045324658742175 ], [ -1359044.54159999708645, -1059006.004999999655411 ], [ -1358918.718400003621355, -1058896.195599998813123 ], [ -1358601.217699999222532, -1058700.403499999316409 ], [ -1358135.550099996849895, -1058557.528200002387166 ], [ -1357796.88279999839142, -1058557.528200002387166 ], [ -1357278.2984, -1058494.028099999530241 ], [ -1357108.964699998497963, -1058414.652899991953745 ], [ -1356812.630799997597933, -1058303.527699992293492 ], [ -1356569.213699999265373, -1058467.569700001506135 ], [ -1356188.212899998528883, -1058515.194799998076633 ], [ -1355955.379100000718608, -1058494.028099999530241 ], [ -1355743.712000001687557, -1058351.152800002600998 ], [ -1355420.91970000276342, -1058282.361000000266358 ], [ -1355124.58580000186339, -1058282.361000000266358 ], [ -1355008.168900002958253, -1058292.944399998756126 ], [ -1354914.462600002530962, -1058512.66950000426732 ] ] ] } },
{ "type": "Feature", "properties": { "ID": 2053, "YEAR": "2017-2018", "Perimtr_KM": 13.359246240599999, "AREA_KM": 5.30540736827, "SCALE": 1, "THICKNES_M": 240.081586582, "VOLUME_KM": 1.2737306184399999, "MASS_GT": 1.16801097711, "RECURRANCE": "2-3", "UA_KM": 0.0667962312, "UH_M": 19.926771588000001, "UC_KM": 0.09745849645, "REGION": "West", "ICESHELF": "Ferrigno" }, "geometry": { "type": "Polygon", "coordinates": [ [ [ -1784473.125507998280227, 204752.217555239330977 ], [ -1784034.098699998809025, 204661.58340000314638 ], [ -1783808.164414075436071, 204389.412536363583058 ], [ -1783701.44349999842234, 204260.851600004825741 ], [ -1783786.616199996788055, 203946.753000004217029 ], [ -1783808.983777671819553, 203809.386056644376367 ], [ -1783825.743999997153878, 203706.455799995455891 ], [ -1783846.569717270089313, 203405.006261274218559 ], [ -1783847.355545687489212, 203393.631497544236481 ], [ -1783848.0535, 203383.528700002934784 ], [ -1783625.930399999488145, 203254.874600001610816 ], [ -1783553.480385754490271, 203319.44939121697098 ], [ -1783434.486699627013877, 203425.508617267012596 ], [ -1783296.673499999567866, 203548.341699994169176 ], [ -1783141.136968886014074, 203588.335393752902746 ], [ -1782706.876199997728691, 203699.998500007204711 ], [ -1782308.409240333596244, 203890.403245035558939 ], [ -1782255.742899999720976, 203915.569500002544373 ], [ -1782277.76461060740985, 203862.717417398933321 ], [ -1782355.996443364070728, 203674.961100000422448 ], [ -1782371.322199996327981, 203638.179299999959767 ], [ -1782470.23, 203602.462592708878219 ], [ -1782489.27287120372057, 203595.585999997798353 ], [ -1782521.586204123217613, 203583.917295877356082 ], [ -1782847.573099999222904, 203466.199799994472414 ], [ -1783516.076001342153177, 203310.007504323963076 ], [ -1783558.350000000791624, 203300.130399996414781 ], [ -1783725.568200001260266, 203070.615099999122322 ], [ -1783993.79280000180006, 202785.626600007992238 ], [ -1784748.174300001468509, 202450.345900006592274 ], [ -1785002.812563368817791, 202373.18280523782596 ], [ -1785301.387399993138388, 202282.70560001488775 ], [ -1785519.319799996912479, 202517.401999994181097 ], [ -1785368.443500001216307, 202902.974800007883459 ], [ -1785373.563704028725624, 203015.618830496910959 ], [ -1785385.207600001478568, 203271.783500007353723 ], [ -1785535.164678985485807, 203295.640323734842241 ], [ -1786122.824999994132668, 203389.131800005212426 ], [ -1786332.195313991513103, 203442.889043665491045 ], [ -1786637.425967637449503, 203521.259077645372599 ], [ -1786766.18059999961406, 203554.317700009327382 ], [ -1786737.414500000653788, 203623.043100000359118 ], [ -1786717.17299999948591, 203656.545700005721301 ], [ -1786674.753999999491498, 203713.79010000359267 ], [ -1786668.867111621890217, 203739.0482755494304 ], [ -1786660.636800000909716, 203774.361100004520267 ], [ -1786668.127400001045316, 203882.107599994167686 ], [ -1786675.222100000362843, 203938.449999998323619 ], [ -1786655.3821, 204042.417899997904897 ], [ -1786656.551100000739098, 204083.15359999705106 ], [ -1786646.002899997169152, 204135.506900008302182 ], [ -1786608.410900000249967, 204178.191899995785207 ], [ -1786577.685099996626377, 204254.799400004092604 ], [ -1786579.734700003638864, 204281.663899996783584 ], [ -1786547.677600000984967, 204295.249100007116795 ], [ -1786544.385199999203905, 204311.766400004737079 ], [ -1786539.442899994319305, 204323.707099996041507 ], [ -1786523.83849999611266, 204337.744199994485825 ], [ -1786525.50150000071153, 204354.646900012157857 ], [ -1786540.509299996541813, 204372.385400015395135 ], [ -1786517.333199998131022, 204388.640600013546646 ], [ -1786523.575500001199543, 204405.516100014559925 ], [ -1786507.095399997895584, 204413.539400002453476 ], [ -1786526.884699996560812, 204424.542700002901256 ], [ -1786524.424607072258368, 204430.884678323287517 ], [ -1786521.154199997428805, 204439.31560000218451 ], [ -1786507.317499999888241, 204442.522600004449487 ], [ -1786493.353300000540912, 204445.542600001208484 ], [ -1786499.495899999747053, 204451.327199999708682 ], [ -1786487.117699995171279, 204456.952100007794797 ], [ -1786503.975200000451878, 204468.503400000277907 ], [ -1786494.889699998544529, 204477.041100013069808 ], [ -1786480.583900000201538, 204479.067699998151511 ], [ -1786476.722099999431521, 204483.117399999406189 ], [ -1786482.629399996716529, 204487.682099999859929 ], [ -1786483.646670597605407, 204495.045485251117498 ], [ -1786485.394800002221018, 204507.699099994264543 ], [ -1786471.136999999871477, 204512.113700003363192 ], [ -1786456.93349999957718, 204513.084599996451288 ], [ -1786447.983600002480671, 204520.14650001283735 ], [ -1786448.38080000365153, 204538.49510000506416 ], [ -1786449.642900001723319, 204527.5108000067994 ], [ -1786452.999899997143075, 204543.274000014178455 ], [ -1786439.302799996687099, 204543.166700003668666 ], [ -1786425.722399996127933, 204546.075300000142306 ], [ -1786417.468499997863546, 204551.845600008033216 ], [ -1786418.348999999463558, 204564.960200014524162 ], [ -1786410.387200000928715, 204570.30370000610128 ], [ -1786417.608100001700222, 204572.084700004197657 ], [ -1786404.781499997945502, 204570.697900007944554 ], [ -1786403.40239999932237, 204571.803100005257875 ], [ -1786391.905500000109896, 204571.912899998482317 ], [ -1786394.083600001875311, 204587.704500004649162 ], [ -1786381.994499997934327, 204585.479899996425956 ], [ -1786370.103799995500594, 204583.048300007823855 ], [ -1786372.011899997014552, 204588.237700002267957 ], [ -1786360.533499997109175, 204585.395300007425249 ], [ -1786349.268099996494129, 204582.349100000225008 ], [ -1786346.606299996143207, 204587.432199997361749 ], [ -1786348.032699998468161, 204600.568900010548532 ], [ -1786340.874999999767169, 204592.595700002275407 ], [ -1786331.527399998158216, 204586.788099995348603 ], [ -1786321.085299995727837, 204581.718999994918704 ], [ -1786327.545699995011091, 204582.37780001340434 ], [ -1786317.974900000263005, 204579.436400006525218 ], [ -1786319.390299998223782, 204573.24400000134483 ], [ -1786309.208199998131022, 204572.762400006875396 ], [ -1786308.269800001056865, 204574.51130000082776 ], [ -1786298.595100000500679, 204567.391699998173863 ], [ -1786304.477200000779703, 204556.577500007115304 ], [ -1786303.182500001974404, 204551.627099999692291 ], [ -1786285.736099998699501, 204545.546100008301437 ], [ -1786267.641799997305498, 204514.679800005629659 ], [ -1786261.728754757903516, 204497.112023854162544 ], [ -1786261.675599997630343, 204496.954099996946752 ], [ -1786251.361599998082966, 204495.29709999775514 ], [ -1786246.029221994802356, 204497.258213347755373 ], [ -1786239.995399995939806, 204499.477300000376999 ], [ -1786239.601051786215976, 204497.318070602137595 ], [ -1786239.140399998985231, 204494.795800001826137 ], [ -1786231.767899997299537, 204485.927699996624142 ], [ -1786238.054199997102842, 204476.847599999047816 ], [ -1786242.183600000105798, 204479.08670000731945 ], [ -1786238.085599995451048, 204476.802300001960248 ], [ -1786238.054199997102842, 204476.847599999047816 ], [ -1786232.839999997522682, 204474.020299998577684 ], [ -1786223.620499998563901, 204469.414500002749264 ], [ -1786222.879600001033396, 204473.585200003813952 ], [ -1786213.831500002881512, 204469.863900002092123 ], [ -1786212.538296571699902, 204469.390523633453995 ], [ -1786204.844900001073256, 204466.574600010644644 ], [ -1786200.48537737922743, 204470.878583772107959 ], [ -1786195.425499997800216, 204475.874000007286668 ], [ -1786193.383722251281142, 204477.827630735933781 ], [ -1786192.078400002093986, 204479.076600004918873 ], [ -1786184.607199996011332, 204488.333099995274097 ], [ -1786176.682561530265957, 204485.184090279508382 ], [ -1786168.442900000140071, 204481.909900004044175 ], [ -1786149.58089999621734, 204479.177300001960248 ], [ -1786147.013099994976074, 204494.664900015573949 ], [ -1786143.731577333062887, 204498.210781066212803 ], [ -1786141.407779616769403, 204500.721783164422959 ], [ -1786132.711899996967986, 204510.118199995718896 ], [ -1786121.18586009577848, 204509.629052266012877 ], [ -1786111.528300000121817, 204509.219200002029538 ], [ -1786103.845499999821186, 204510.472099999431521 ], [ -1786093.755274362396449, 204521.711565433070064 ], [ -1786092.515899997437373, 204523.092100000940263 ], [ -1786090.463560972129926, 204523.16148599749431 ], [ -1786070.231400002725422, 204523.845500005874783 ], [ -1786064.199387850938365, 204534.730222466867417 ], [ -1786060.469100000103936, 204541.461500005796552 ], [ -1786052.541531615192071, 204539.865227706264704 ], [ -1786034.045400000410154, 204536.140900004655123 ], [ -1786012.777299992041662, 204545.858700013719499 ], [ -1785996.6382, 204558.658699994906783 ], [ -1785920.866099998122081, 204581.696800004225224 ], [ -1785911.635099998675287, 204588.923200007062405 ], [ -1785894.799600002123043, 204591.019600007217377 ], [ -1785877.638099997770041, 204593.465400002431124 ], [ -1785865.065000001341105, 204600.721600002609193 ], [ -1785860.719299998832867, 204598.506600006949157 ], [ -1785842.303100000135601, 204602.042799998540431 ], [ -1785823.321099996333942, 204605.969000011216849 ], [ -1785808.61279999720864, 204614.764200002886355 ], [ -1785787.201099999481812, 204622.439399996772408 ], [ -1785750.677799998084083, 204633.637100006453693 ], [ -1785722.886599998455495, 204653.407399996183813 ], [ -1785648.272800000617281, 204680.988200004212558 ], [ -1785626.277300001820549, 204698.062299995683134 ], [ -1785603.9525000017602, 204705.947499996516854 ], [ -1785580.857, 204718.636500002350658 ], [ -1785565.9483, 204736.644999999087304 ], [ -1785542.277399993967265, 204747.337400006595999 ], [ -1785522.754599999403581, 204758.517199997790158 ], [ -1785510.896000001113862, 204766.672600008081645 ], [ -1785495.698100002715364, 204774.503199999686331 ], [ -1785477.406099999090657, 204776.775200002361089 ], [ -1785465.7681, 204784.503300006967038 ], [ -1785453.2822, 204786.366100004408509 ], [ -1785441.668399998219684, 204794.316600004676729 ], [ -1785428.934299997286871, 204803.885800005402416 ], [ -1785416.084399998420849, 204810.375100006815046 ], [ -1785395.993299995549023, 204810.788199999835342 ], [ -1785388.623599997255951, 204816.43550000153482 ], [ -1785375.695499999681488, 204827.227200001012534 ], [ -1785359.002799995243549, 204829.519100001547486 ], [ -1785337.377500003669411, 204828.704899999313056 ], [ -1785313.263999994145706, 204832.415600002277642 ], [ -1785306.918499998049811, 204845.92750000115484 ], [ -1785283.835600001737475, 204844.182099996134639 ], [ -1785248.70949999964796, 204849.37059999583289 ], [ -1785221.136399996234104, 204854.515599994920194 ], [ -1785185.883299995912239, 204863.280399994924664 ], [ -1785141.187099998351187, 204860.189399993978441 ], [ -1785112.502000001491979, 204875.651299993507564 ], [ -1785070.702799994731322, 204875.58340001385659 ], [ -1784473.125507998280227, 204752.217555239330977 ] ] ] } },
{ "type": "Feature", "properties": { "ID": 1551, "YEAR": "2017-2018", "Perimtr_KM": 12.677536848500001, "AREA_KM": 1.26610630591, "SCALE": 1, "THICKNES_M": 204.70002834300001, "VOLUME_KM": 0.25917199671000002, "MASS_GT": 0.23766072098, "RECURRANCE": "4-5", "UA_KM": 0.06338768424000001, "UH_M": 16.990102268699999, "UC_KM": 0.01983034148, "REGION": "East", "ICESHELF": "Nansen" }, "geometry": { "type": "Polygon", "coordinates": [ [ [ 465481.536400001030415, -1554190.448399997316301 ], [ 465174.671147853136063, -1555299.787999020889401 ], [ 465117.728500009980053, -1555505.639699997147545 ], [ 464952.539399996865541, -1554706.345900003099814 ], [ 464985.392700005788356, -1554357.797200004104525 ], [ 465289.660697120707482, -1553935.114455339033157 ], [ 465400.003600004594773, -1553781.828399999067187 ], [ 465500.496654882561415, -1553450.922096577705815 ], [ 465565.976092934142798, -1553235.309596567880362 ], [ 465590.323100009467453, -1553155.139099998399615 ], [ 465501.670400002971292, -1553017.520899993600324 ], [ 465486.173700000159442, -1552716.138299999758601 ], [ 465671.295500005129725, -1552214.783799995668232 ], [ 465537.450800007209182, -1551911.307999989949167 ], [ 465540.735499997623265, -1550828.10139999864623 ], [ 465407.640300003346056, -1549747.57330000307411 ], [ 465283.989599998109043, -1549462.374499997589737 ], [ 465545.036499997600913, -1549872.439800003077835 ], [ 465661.453400003258139, -1551205.942500000586733 ], [ 465851.953800003509969, -1551745.693599997553974 ], [ 465820.203700006473809, -1552486.52840000228025 ], [ 465682.620100001804531, -1552952.19599999813363 ], [ 465841.370400005020201, -1553269.696600004564971 ], [ 465481.536400001030415, -1554190.448399997316301 ] ] ] } },
{ "type": "Feature", "properties": { "ID": 1547, "YEAR": "2017-2018", "Perimtr_KM": 9.2504468533500006, "AREA_KM": 2.8668578919500001, "SCALE": 1, "THICKNES_M": 261.85470781499998, "VOLUME_KM": 0.75070023564, "MASS_GT": 0.68839211607999995, "RECURRANCE": ">8", "UA_KM": 0.04625223427, "UH_M": 21.733940641499998, "UC_KM": 0.05743923808, "REGION": "East", "ICESHELF": "Ninnis" }, "geometry": { "type": "Polygon", "coordinates": [ [ [ 1300721.352899996563792, -2023611.744200000539422 ], [ 1301101.692200001329184, -2023959.010499991942197 ], [ 1301862.370799995958805, -2023942.474000002723187 ], [ 1302242.710099999792874, -2023727.499600003007799 ], [ 1302689.195400002412498, -2023777.109099998138845 ], [ 1303620.211299996823072, -2023850.765999999362975 ], [ 1303237.674300007522106, -2024167.311199998948723 ], [ 1302529.342699998058379, -2024637.489100001985207 ], [ 1302157.816700000315905, -2024631.631899998057634 ], [ 1301873.166999997571111, -2024425.000999991316348 ], [ 1301350.409100001677871, -2024811.066599999787286 ], [ 1300823.010800008662045, -2024792.869900002377108 ], [ 1300417.139500007033348, -2024532.627500001341105 ], [ 1299686.545999998226762, -2024326.133599997498095 ], [ 1299663.017499999143183, -2023909.40100000333041 ], [ 1299828.382400004193187, -2023595.207699997583404 ], [ 1300721.352899996563792, -2023611.744200000539422 ] ] ] } },
{ "type": "Feature", "properties": { "ID": 1542, "YEAR": "2017-2018", "Perimtr_KM": 7.5521237583399996, "AREA_KM": 1.64462537558, "SCALE": 1, "THICKNES_M": 139.394775391, "VOLUME_KM": 0.22925218483000001, "MASS_GT": 0.21022425349000001, "RECURRANCE": "2-3", "UA_KM": 0.03776061879, "UH_M": 11.5697663004, "UC_KM": 0.01754105061, "REGION": "West", "ICESHELF": "Getz" }, "geometry": { "type": "Polygon", "coordinates": [ [ [ -1212107.62782565667294, -1179181.682965820189565 ], [ -1212080.630600001430139, -1179186.769399993820116 ], [ -1212065.167158938245848, -1179195.153190515935421 ], [ -1211553.579500001389533, -1179472.519900003215298 ], [ -1211240.775819110451266, -1179549.438840571558103 ], [ -1211175.965493585448712, -1179565.375806414987892 ], [ -1211166.228700002189726, -1179567.770100003341213 ], [ -1210555.629453951492906, -1179934.129752517212182 ], [ -1210484.180085739120841, -1179976.999385721981525 ], [ -1210467.727399992989376, -1179986.870999992825091 ], [ -1210392.467483388725668, -1180070.267106486717239 ], [ -1210357.018391759134829, -1180109.548524194862694 ], [ -1210234.380534473108128, -1180245.444500002078712 ], [ -1210147.372724062530324, -1180341.858540170826018 ], [ -1209997.826399997342378, -1180507.572000003186986 ], [ -1209832.726100002648309, -1180952.072900000261143 ], [ -1209879.846271526999772, -1181005.083110986975953 ], [ -1209929.875435964670032, -1181061.36594011168927 ], [ -1209930.804199997568503, -1181062.410800000652671 ], [ -1209934.626557941548526, -1181059.796158646000549 ], [ -1209944.876499997451901, -1181052.784800001885742 ], [ -1210248.917838395107538, -1180967.488482860615477 ], [ -1210369.944999998435378, -1180933.535300003131852 ], [ -1210489.461114427773282, -1180756.078379864571616 ], [ -1210573.663211453938857, -1180631.055533539969474 ], [ -1210602.761999996146187, -1180587.849799998337403 ], [ -1210651.416135820327327, -1180588.903433467959985 ], [ -1211366.086785911815241, -1180604.380039960378781 ], [ -1211434.893999997293577, -1180605.870099995983765 ], [ -1211426.289047623751685, -1180555.313086232403293 ], [ -1211370.647799042752013, -1180228.401878891745582 ], [ -1211352.561000002082437, -1180122.135800000745803 ], [ -1211665.748062145430595, -1179884.854268929222599 ], [ -1212054.894324762746692, -1179590.023376574274153 ], [ -1212448.306999998167157, -1179291.960099999560043 ], [ -1212633.933600001968443, -1179082.523900001076981 ], [ -1212107.62782565667294, -1179181.682965820189565 ] ] ] } },
{ "type": "Feature", "properties": { "ID": 2073, "YEAR": "2017-2018", "Perimtr_KM": 16.1554230323, "AREA_KM": 3.33290476666, "SCALE": 1, "THICKNES_M": 120.273104797, "VOLUME_KM": 0.40085880427999998, "MASS_GT": 0.36758752352000001, "RECURRANCE": ">8", "UA_KM": 0.08077711516, "UH_M": 9.9826676489300006, "UC_KM": 0.03067139612, "REGION": "Peninsula", "ICESHELF": "LarsenC" }, "geometry": { "type": "Polygon", "coordinates": [ [ [ -2100355.1011, 1143671.11040000198409 ], [ -2099432.878999998793006, 1143395.931200002785772 ], [ -2100119.399799994658679, 1143070.036500013433397 ], [ -2101611.652800002135336, 1143641.537600002717227 ], [ -2102056.153699999209493, 1143641.537600002717227 ], [ -2103135.655800002161413, 1144070.163500006776303 ], [ -2103850.0323, 1144467.039299993310124 ], [ -2104342.158199995756149, 1144689.289700006600469 ], [ -2105342.285199996083975, 1145276.665900007355958 ], [ -2106904.569699997082353, 1145946.519000006373972 ], [ -2105994.215899997856468, 1145803.642199999652803 ], [ -2105070.372600000351667, 1145318.835000000428408 ], [ -2104159.262699990533292, 1145245.264500005170703 ], [ -2102303.547699997201562, 1144451.985900006722659 ], [ -2101799.116, 1144159.968300002627075 ], [ -2101379.862600000575185, 1144070.098100009374321 ], [ -2101004.490099999122322, 1143875.821900002192706 ], [ -2100355.1011, 1143671.11040000198409 ] ] ] } },
{ "type": "Feature", "properties": { "ID": 1705, "YEAR": "2017-2018", "Perimtr_KM": 4.8898823491899996, "AREA_KM": 1.05380091746, "SCALE": 1, "THICKNES_M": 343.339182, "VOLUME_KM": 0.36181114499, "MASS_GT": 0.33178081995999997, "RECURRANCE": "2-3", "UA_KM": 0.02444941175, "UH_M": 28.497151965499999, "UC_KM": 0.02768369518, "REGION": "West", "ICESHELF": "Getz" }, "geometry": { "type": "Polygon", "coordinates": [ [ [ -1302522.000799997709692, -1108687.499900001334026 ], [ -1302887.571199994767085, -1108817.729999999515712 ], [ -1303719.524199995910749, -1108158.190999997779727 ], [ -1304036.833599995356053, -1107834.110999998403713 ], [ -1304310.240899998927489, -1107639.956500003812835 ], [ -1303987.010199998738244, -1107580.8511999968905 ], [ -1303844.134900001809001, -1107271.288000002503395 ], [ -1303534.571799998637289, -1107414.163299999199808 ], [ -1302875.757999998517334, -1108072.977099992567673 ], [ -1302522.000799997709692, -1108687.499900001334026 ] ] ] } },
{ "type": "Feature", "properties": { "ID": 1932, "YEAR": "2017-2018", "Perimtr_KM": 12.976478999199999, "AREA_KM": 5.5044079091600002, "SCALE": 1, "THICKNES_M": 129.98749113100001, "VOLUME_KM": 0.71550417427000002, "MASS_GT": 0.65611732780999998, "RECURRANCE": ">8", "UA_KM": 0.064882395, "UH_M": 10.788961710700001, "UC_KM": 0.05474623913, "REGION": "East", "ICESHELF": "Slava" }, "geometry": { "type": "Polygon", "coordinates": [ [ [ 1001299.78250000346452, -2124924.769600002095103 ], [ 1001040.674700005445629, -2125530.12810000218451 ], [ 1000484.626323790289462, -2127353.506690565962344 ], [ 1000416.011999996379018, -2127578.50490000192076 ], [ 999201.284300006460398, -2127513.933400004636496 ], [ 998967.651100000366569, -2127266.853200000710785 ], [ 998282.556799998041242, -2127310.958899999037385 ], [ 997835.831664237193763, -2127192.506108105182648 ], [ 997561.183800002094358, -2127119.681000001262873 ], [ 997521.047900007106364, -2127114.152199996635318 ], [ 997603.726451280061156, -2126736.193179121706635 ], [ 997621.275099996943027, -2126655.970800003502518 ], [ 998097.526000013109297, -2126523.678899998310953 ], [ 998229.818000002764165, -2126497.220499993301928 ], [ 998520.860200004652143, -2126497.220499993301928 ], [ 998706.068899998907, -2126655.970800003502518 ], [ 998780.740700514055789, -2126641.036434254143387 ], [ 998970.652800007723272, -2126603.053999993950129 ], [ 999208.77829999756068, -2126364.928500003647059 ], [ 999091.738647216465324, -2125961.791994645260274 ], [ 998970.652800007723272, -2125544.718600003048778 ], [ 999398.135431799571961, -2125309.603100005537271 ], [ 999403.087799998000264, -2125306.879296889994293 ], [ 999499.820499999448657, -2125253.67630000365898 ], [ 999896.696300006471574, -2125280.134700001683086 ], [ 1000346.488899996038526, -2125015.550799992866814 ], [ 1000822.739800005685538, -2124698.050200000405312 ], [ 1001202.476465506013483, -2124500.379067174624652 ], [ 1001783.829599999822676, -2124197.756900003645569 ], [ 1001299.78250000346452, -2124924.769600002095103 ] ] ] } },
{ "type": "Feature", "properties": { "ID": 1933, "YEAR": "2017-2018", "Perimtr_KM": 8.2497685869400001, "AREA_KM": 3.1284729853900002, "SCALE": 1, "THICKNES_M": 86.218536366099997, "VOLUME_KM": 0.26973236186, "MASS_GT": 0.24734457583, "RECURRANCE": "1-2", "UA_KM": 0.04124884293, "UH_M": 7.1561384831000003, "UC_KM": 0.02063835952, "REGION": "East", "ICESHELF": "Gannutz" }, "geometry": { "type": "Polygon", "coordinates": [ [ [ 701458.5121999992989, -2044123.372599999420345 ], [ 701744.262800006661564, -2044139.247699996922165 ], [ 701903.013099996373057, -2044004.309900003485382 ], [ 702252.263799999840558, -2044139.247699996922165 ], [ 702355.451500003226101, -2044266.247900003101677 ], [ 702609.452000000048429, -2044282.123000000603497 ], [ 702855.515000000130385, -2044504.373400000156835 ], [ 703053.952899996656924, -2044607.56109999679029 ], [ 703337.178100005723536, -2044940.767200003843755 ], [ 703299.715600003022701, -2044939.2957 ], [ 702950.114600003231317, -2045096.792399999685585 ], [ 702499.416199997067451, -2045473.081999995745718 ], [ 701280.081999998539686, -2045307.889400000683963 ], [ 700806.193000000435859, -2044848.602999999187887 ], [ 700325.198700004257262, -2043427.999400001484901 ], [ 700331.140700006857514, -2043399.004300000146031 ], [ 700733.329500001855195, -2043277.849399998318404 ], [ 700733.365299997851253, -2043273.634099999209866 ], [ 701172.761700003873557, -2043821.746999999508262 ], [ 701458.5121999992989, -2044123.372599999420345 ] ] ] } },
{ "type": "Feature", "properties": { "ID": 1934, "YEAR": "2017-2018", "Perimtr_KM": 16.5657029451, "AREA_KM": 5.6303287722000004, "SCALE": 1, "THICKNES_M": 305.57450866699998, "VOLUME_KM": 1.7204849482, "MASS_GT": 1.5776846975000001, "RECURRANCE": "1-2", "UA_KM": 0.08282851473, "UH_M": 25.3626840943, "UC_KM": 0.1316415526, "REGION": "East", "ICESHELF": "Francais" }, "geometry": { "type": "Polygon", "coordinates": [ [ [ 1723806.737857136875391, -1934831.478603083640337 ], [ 1723896.647500009275973, -1935016.907799997832626 ], [ 1724038.719273063354194, -1935192.397859796183184 ], [ 1724074.501399997621775, -1935236.596700001973659 ], [ 1724218.1716, -1935422.568700001109391 ], [ 1724110.408595310524106, -1935468.822851252742112 ], [ 1723707.575500003993511, -1935641.727300002239645 ], [ 1723211.574, -1935760.630799997597933 ], [ 1723151.631713100709021, -1935783.465973704587668 ], [ 1722633.689599998295307, -1935980.7774 ], [ 1722374.954499997198582, -1936050.472500002477318 ], [ 1721648.1626639040187, -1936252.347133927512914 ], [ 1721567.893500003032386, -1936274.642799998167902 ], [ 1721472.998100007884204, -1936374.263599996920675 ], [ 1721232.8631999976933, -1936297.480999996187165 ], [ 1721181.872745185159147, -1936224.28099105018191 ], [ 1721001.661499995738268, -1935965.576399997342378 ], [ 1720869.249599996954203, -1935582.619600004050881 ], [ 1720718.120300004258752, -1936123.913199995644391 ], [ 1720478.978400006890297, -1936287.00160000147298 ], [ 1720256.713200000114739, -1936133.094400002388284 ], [ 1720061.916400000452995, -1936210.890400003874674 ], [ 1720221.438000006601214, -1936407.264800001401454 ], [ 1720172.553002960048616, -1936496.573134227888659 ], [ 1719887.732200005091727, -1937016.914199998602271 ], [ 1719728.063100008293986, -1937291.008099998347461 ], [ 1719597.162700003944337, -1937735.649300004821271 ], [ 1719459.893900007940829, -1937936.784099998883903 ], [ 1719175.438999999314547, -1937769.61050000297837 ], [ 1718734.721900006756186, -1937384.315000002039596 ], [ 1718601.393000004813075, -1937080.505199996754527 ], [ 1718609.29829999897629, -1936172.887199995107949 ], [ 1719386.51339999679476, -1936387.861600001808256 ], [ 1719452.659299996681511, -1936205.960200001019984 ], [ 1719452.659299996681511, -1935643.719500003382564 ], [ 1719564.2785231359303, -1935621.395646371413022 ], [ 1719700.706700002774596, -1935594.110000001266599 ], [ 1720560.604300001636147, -1935561.037000002106652 ], [ 1720868.324659198522568, -1935291.781637236941606 ], [ 1720957.479999996721745, -1935213.770699996966869 ], [ 1721862.502619471400976, -1935341.03948047477752 ], [ 1722015.815500006079674, -1935362.599099998362362 ], [ 1722313.472300008870661, -1934965.723299998324364 ], [ 1722474.179593786597252, -1934959.027159387245774 ], [ 1722710.34810000192374, -1934949.186800002120435 ], [ 1723523.857435054145753, -1934731.991516495821998 ], [ 1723731.605400004424155, -1934676.525800000177696 ], [ 1723806.737857136875391, -1934831.478603083640337 ] ] ] } },
{ "type": "Feature", "properties": { "ID": 1937, "YEAR": "2017-2018", "Perimtr_KM": 13.9473626642, "AREA_KM": 2.6898991637799998, "SCALE": 1, "THICKNES_M": 401.47917005800002, "VOLUME_KM": 1.0799384838099999, "MASS_GT": 0.99030358965999998, "RECURRANCE": ">8", "UA_KM": 0.06973681332, "UH_M": 33.322770950500001, "UC_KM": 0.08263064369000001, "REGION": "West", "ICESHELF": "Rose_Point" }, "geometry": { "type": "Polygon", "coordinates": [ [ [ -1146426.901999999536201, -1208571.112799996277317 ], [ -1145722.050600000657141, -1208577.462800001725554 ], [ -1144890.198899997863919, -1208539.362699999241158 ], [ -1144401.24799999804236, -1208793.363200002582744 ], [ -1143836.096799995517358, -1209320.414299996104091 ], [ -1143366.195899997837842, -1209815.715200001141056 ], [ -1143188.395500001264736, -1210120.515900001861155 ], [ -1143156.645500002196059, -1210393.566400000592694 ], [ -1143029.645199991296977, -1210641.216899998718873 ], [ -1142947.095099999569356, -1210907.917399998987094 ], [ -1142934.394999997923151, -1211206.368000003276393 ], [ -1142902.644999998621643, -1211371.468400002922863 ], [ -1142893.909799999790266, -1211554.564099999144673 ], [ -1142904.939100001240149, -1211539.553800000576302 ], [ -1142915.131199999013916, -1211521.387800002470613 ], [ -1142926.472499998053536, -1211504.759999999077991 ], [ -1142938.441899995785207, -1211487.879799993010238 ], [ -1142952.021699995035306, -1211472.85100000188686 ], [ -1142959.326100000645965, -1211442.979299993254244 ], [ -1142967.248399990843609, -1211412.90110000083223 ], [ -1142975.789799995487556, -1211382.613699998706579 ], [ -1142984.940000002505258, -1211352.155799997504801 ], [ -1142994.692999999737367, -1211321.5474 ], [ -1143005.041499994695187, -1211290.810899992473423 ], [ -1143015.978900001384318, -1211259.966899999184534 ], [ -1143032.472700000973418, -1211229.966100001474842 ], [ -1143050.36419999669306, -1211200.068799997447059 ], [ -1143067.981699999887496, -1211169.999300002353266 ], [ -1143077.391300001414493, -1211154.365400000475347 ], [ -1143088.123799997847527, -1211138.730000002542511 ], [ -1143098.534200001507998, -1211122.754299999214709 ], [ -1143110.301499999128282, -1211106.704899999545887 ], [ -1143121.779399995692074, -1211090.247300001326948 ], [ -1143133.839100000914186, -1211073.455699996789917 ], [ -1143144.031100000720471, -1211055.797999993199483 ], [ -1143154.904500001575798, -1211037.630600003525615 ], [ -1143164.925199998542666, -1211021.395400001201779 ], [ -1143175.594999996479601, -1211004.550700003979728 ], [ -1143187.017199999652803, -1210986.932900000130758 ], [ -1143199.392900001257658, -1210968.231500001857057 ], [ -1143223.847800000105053, -1210932.110899997176602 ], [ -1143289.466200000606477, -1210836.64650000189431 ], [ -1143309.397999997949228, -1210808.110199996037409 ], [ -1143331.31120000127703, -1210786.489599996013567 ], [ -1143356.607799999415874, -1210772.344800002174452 ], [ -1143379.762499997392297, -1210757.955599996959791 ], [ -1143389.883899998152629, -1210749.668300000717863 ], [ -1143398.626999997301027, -1210739.410000001545995 ], [ -1143407.781099998624995, -1210729.190300001995638 ], [ -1143415.845499995630234, -1210719.307100004283711 ], [ -1143429.724300001980737, -1210702.118299991823733 ], [ -1143443.422699996037409, -1210684.285999999148771 ], [ -1143456.205799999414012, -1210665.925199993420392 ], [ -1143469.617799998493865, -1210646.646699998527765 ], [ -1143482.354500000132248, -1210623.322099996265024 ], [ -1143492.481599998893216, -1210597.931499992031604 ], [ -1143502.603699998930097, -1210571.490600000368431 ], [ -1143512.792699999408796, -1210543.811400002567098 ], [ -1143521.016299997223541, -1210520.716100003570318 ], [ -1143529.41030000243336, -1210496.48150000302121 ], [ -1143547.142899997998029, -1210443.333299999590963 ], [ -1143567.55189999891445, -1210389.123799997614697 ], [ -1143617.412099997978657, -1210258.440399999264628 ], [ -1143642.903900002362207, -1210193.159400002565235 ], [ -1143653.971900001168251, -1210162.845099997473881 ], [ -1143663.546300003537908, -1210135.309999992139637 ], [ -1143672.926600003847852, -1210109.187800002517179 ], [ -1143682.197000000160187, -1210084.244700002484024 ], [ -1143691.410399995511398, -1210060.33639999688603 ], [ -1143700.630199994891882, -1210037.296099998988211 ], [ -1143709.896599998697639, -1210015.023200002964586 ], [ -1143719.239600000204518, -1209993.446299999020994 ], [ -1143728.692899997811764, -1209972.487999999430031 ], [ -1143737.811699999729171, -1209949.888300005113706 ], [ -1143746.615199997555465, -1209925.606099993688986 ], [ -1143755.578399999067187, -1209901.839200002374128 ], [ -1143769.005899998126552, -1209866.52829999756068 ], [ -1143783.941399995936081, -1209829.036599998828024 ], [ -1143837.911299996543676, -1209715.446099998429418 ], [ -1143860.496099998708814, -1209678.736399999819696 ], [ -1143883.409600000828505, -1209643.929600001312792 ], [ -1143904.458399997092783, -1209612.285599991679192 ], [ -1143917.302299997536466, -1209593.544699999270961 ], [ -1143929.849599995650351, -1209575.874100003158674 ], [ -1143942.05749999708496, -1209557.760099993320182 ], [ -1143953.977599998470396, -1209539.112500000745058 ], [ -1143965.217500001424924, -1209518.692299992777407 ], [ -1143975.465200001606718, -1209496.704499998362735 ], [ -1143985.2, -1209474.244499998865649 ], [ -1143995.345299997599795, -1209453.560700001893565 ], [ -1144006.304300000658259, -1209430.512600001646206 ], [ -1144017.710499993758276, -1209409.322799996472895 ], [ -1144029.132599998963997, -1209388.822999998461455 ], [ -1144040.135699996957555, -1209367.851000002585351 ], [ -1144051.639099997933954, -1209348.666599998250604 ], [ -1144063.201100000645965, -1209330.117600005120039 ], [ -1144075.284199999179691, -1209313.331699998583645 ], [ -1144086.996399997733533, -1209296.015799996675923 ], [ -1144098.811799996299669, -1209279.287400000961497 ], [ -1144112.076899999286979, -1209266.576799998292699 ], [ -1144125.446800003293902, -1209254.453600004082546 ], [ -1144138.928100000834092, -1209242.911700001684949 ], [ -1144152.528099998366088, -1209231.945099998731166 ], [ -1144166.251599998446181, -1209221.549999999348074 ], [ -1144180.103900000452995, -1209211.722200001357123 ], [ -1144194.089899999089539, -1209202.458300000522286 ], [ -1144206.090599996969104, -1209195.025300002191216 ], [ -1144218.450199997518212, -1209187.837400000775233 ], [ -1144231.25259999721311, -1209182.505500001134351 ], [ -1144244.661100000375882, -1209182.25400000018999 ], [ -1144258.366400001803413, -1209180.624799998942763 ], [ -1144272.534199997317046, -1209180.841300000902265 ], [ -1144287.015400002012029, -1209179.672400004928932 ], [ -1144301.976799996104091, -1209180.34150000102818 ], [ -1144317.330799998017028, -1209181.237699998309836 ], [ -1144333.108300002524629, -1209182.348900001263246 ], [ -1144349.322900001658127, -1209183.670200002146885 ], [ -1144366.070200001588091, -1209186.810199999250472 ], [ -1144383.127699995646253, -1209186.922999998088926 ], [ -1144400.444199998863041, -1209182.386899999342859 ], [ -1144418.281399999279529, -1209178.036700001452118 ], [ -1144436.672400000970811, -1209173.864399992628023 ], [ -1144452.697400000644848, -1209170.465799991507083 ], [ -1144469.175599995767698, -1209167.182300003245473 ], [ -1144503.636799996485934, -1209160.931499991798773 ], [ -1144540.400499996496364, -1209155.048600001260638 ], [ -1144580.166799998609349, -1209149.421099999221042 ], [ -1144615.017499996116385, -1209144.980600000591949 ], [ -1144654.022800000617281, -1209140.411500002490357 ], [ -1144771.589999998221174, -1209154.585499999346212 ], [ -1144811.064299998572096, -1209161.495299997506663 ], [ -1144849.797899997094646, -1209158.828400000464171 ], [ -1144884.883299995213747, -1209154.087099997792393 ], [ -1144914.02879999531433, -1209150.191700003109872 ], [ -1144943.744499998399988, -1209146.748799997847527 ], [ -1144974.077300002565607, -1209143.752699997508898 ], [ -1145005.086199994664639, -1209141.19770000432618 ], [ -1145036.814499999396503, -1209139.079499997897074 ], [ -1145069.370999996317551, -1209137.390400001080707 ], [ -1145102.855599998729303, -1209136.125199998961762 ], [ -1145136.492500001564622, -1209138.032200002809986 ], [ -1145170.27780000353232, -1209146.772499998565763 ], [ -1145205.638999997870997, -1209155.948000000556931 ], [ -1145242.30679999710992, -1209167.394199998117983 ], [ -1145283.955800001043826, -1209171.938700000522658 ], [ -1145326.076000003376976, -1209173.135899997549132 ], [ -1145372.732500000158325, -1209174.763099999399856 ], [ -1145550.955099999206141, -1209182.107899994589388 ], [ -1145609.151799999643117, -1209162.895099997753277 ], [ -1145636.318299998529255, -1209146.498300003353506 ], [ -1145661.90150000131689, -1209131.197400001110509 ], [ -1145696.859099996974692, -1209130.147899997187778 ], [ -1145731.359400000423193, -1209130.213000000687316 ], [ -1145772.910499997437, -1209129.805399996461347 ], [ -1145812.784999998286366, -1209128.84899999643676 ], [ -1145851.266999997897074, -1209127.336900000460446 ], [ -1145888.542100003222004, -1209125.261699998052791 ], [ -1145924.814899996621534, -1209122.610600001411512 ], [ -1145960.147399998037145, -1209119.377599998144433 ], [ -1145994.637599998852238, -1209115.553800002206117 ], [ -1146027.875300000887364, -1209110.643800004385412 ], [ -1146044.796199997188523, -1209102.578600003616884 ], [ -1146063.3275000017602, -1209093.717000000644475 ], [ -1146081.931200002320111, -1209083.94370000064373 ], [ -1146104.63769999681972, -1209073.756699999794364 ], [ -1146127.446799996774644, -1209068.394799993373454 ], [ -1146152.8536, -1209062.237699994118884 ], [ -1146239.609900001669303, -1209040.647300003329292 ], [ -1146273.0568, -1209032.579100003233179 ], [ -1146306.8679, -1209024.826699997065589 ], [ -1146337.294699996709824, -1209018.309199998853728 ], [ -1146354.040699996287003, -1209014.786599998828024 ], [ -1146370.653300000354648, -1209011.9256 ], [ -1146386.756100000115111, -1209009.365999999456108 ], [ -1146401.939099999843165, -1209006.754599993117154 ], [ -1146417.238199998624623, -1209004.765200002584606 ], [ -1146432.198999998159707, -1209003.052699998952448 ], [ -1146446.380099998088554, -1209001.270499998005107 ], [ -1146460.770199998281896, -1209000.100200003711507 ], [ -1146527.8078, -1208984.849700002232566 ], [ -1146584.974600000306964, -1208981.195999999763444 ], [ -1146611.785500003490597, -1208979.87939999694936 ], [ -1146637.284900000784546, -1208978.843600002815947 ], [ -1146661.744600002653897, -1208978.07759999926202 ], [ -1146685.319200002821162, -1208977.576599997002631 ], [ -1146708.884399999631569, -1208977.3346000041347 ], [ -1146731.729600002989173, -1208977.372099999105558 ], [ -1146753.931099996203557, -1208977.689100002171472 ], [ -1146775.542800002964213, -1208978.286500001791865 ], [ -1146796.623799994587898, -1208979.166100001428276 ], [ -1146817.19589999737218, -1208980.329200001433492 ], [ -1146837.673599995439872, -1208981.983500001952052 ], [ -1146857.313699998194352, -1208983.718800004338846 ], [ -1146877.145899996161461, -1208985.814499998930842 ], [ -1146896.919199998723343, -1208988.426499999826774 ], [ -1146915.883299998007715, -1208991.144699999596924 ], [ -1146933.551800003275275, -1208992.943699993891641 ], [ -1146950.322900002123788, -1208994.032200002577156 ], [ -1146967.802899999078363, -1209000.356699996627867 ], [ -1146986.318899999605492, -1209008.646699991542846 ], [ -1147003.335899999365211, -1209012.956899998476729 ], [ -1147020.104499995242804, -1209016.734399997396395 ], [ -1147036.515399998053908, -1209020.838300002971664 ], [ -1147052.469400000292808, -1209026.129799992544577 ], [ -1147068.181699996581301, -1209030.891399991232902 ], [ -1147083.552499998593703, -1209035.984599997987971 ], [ -1147098.585199997527525, -1209041.410799997393042 ], [ -1147113.283599996706471, -1209047.171599997207522 ], [ -1147127.65099999611266, -1209053.268599991686642 ], [ -1147139.578899999614805, -1209058.798400002997369 ], [ -1147151.799799998290837, -1209065.308399999281392 ], [ -1147164.439299998572096, -1209072.873800000175834 ], [ -1147177.634599999757484, -1209082.516899999696761 ], [ -1147189.053300000261515, -1209091.398799998685718 ], [ -1147201.642700000433251, -1209101.64029999752529 ], [ -1147243.080499995267019, -1209136.749899999704212 ], [ -1147258.560999999055639, -1209149.561999996658415 ], [ -1147274.037699999753386, -1209161.734100002096966 ], [ -1147288.204299999400973, -1209172.090199996717274 ], [ -1147295.87480000173673, -1209177.3184 ], [ -1147303.356400004122406, -1209182.131199996685609 ], [ -1147310.691500002052635, -1209186.555900001665577 ], [ -1147317.909800002118573, -1209190.61019999650307 ], [ -1147325.043899997835979, -1209194.312099997652695 ], [ -1147332.105599998030812, -1209197.667100000195205 ], [ -1147339.111899998271838, -1209200.683200002880767 ], [ -1147346.076200001174584, -1209203.366299998946488 ], [ -1147356.249999995576218, -1209206.910200001904741 ], [ -1147366.671999997925013, -1209210.257100001676008 ], [ -1147377.229500000132248, -1209213.059199998155236 ], [ -1147387.339700000593439, -1209213.261499993968755 ], [ -1147397.546399996615946, -1209212.908100000349805 ], [ -1147408.016399994725361, -1209212.677000000374392 ], [ -1147418.54079999960959, -1209211.880199999781325 ], [ -1147429.661800000118092, -1209212.562900000950322 ], [ -1147441.262400002218783, -1209214.379700002027676 ], [ -1147452.946699998341501, -1209215.960899994010106 ], [ -1147464.69300000090152, -1209217.303699993528426 ], [ -1147476.479899995727465, -1209218.405599997844547 ], [ -1147488.285400001099333, -1209219.264600000809878 ], [ -1147500.089099996257573, -1209219.879299997119233 ], [ -1147511.870600000256673, -1209220.248499997891486 ], [ -1147523.609899997711182, -1209220.3716000020504 ], [ -1147535.226199995493516, -1209220.249799998244271 ], [ -1147546.763199997134507, -1209219.884400000795722 ], [ -1147558.202999997651204, -1209219.276199999498203 ], [ -1147569.528900001430884, -1209218.425900000846013 ], [ -1147580.723599998280406, -1209217.33499999390915 ], [ -1147591.772799990372732, -1209216.004799993010238 ], [ -1147602.661800002679229, -1209214.436999996658415 ], [ -1147613.376899997703731, -1209212.633800000650808 ], [ -1147623.897100000875071, -1209210.598900003358722 ], [ -1147634.218699999852106, -1209208.333299997495487 ], [ -1147644.330299998866394, -1209205.839699995936826 ], [ -1147654.221299998927861, -1209203.120499996235594 ], [ -1147663.881100000813603, -1209200.178699997952208 ], [ -1147673.301399999065325, -1209197.016900001792237 ], [ -1147682.473499996354803, -1209193.638000002363697 ], [ -1147691.389699995052069, -1209190.044900001259521 ], [ -1147696.719300001161173, -1209187.664000000571832 ], [ -1147702.079099996713921, -1209184.996399990515783 ], [ -1147707.480700000189245, -1209182.036499998532236 ], [ -1147712.93899999698624, -1209178.775900000240654 ], [ -1147718.4636, -1209175.20970000163652 ], [ -1147724.084999998565763, -1209171.318599999882281 ], [ -1147735.73999999393709, -1209162.475799996871501 ], [ -1147745.636699998751283, -1209154.25159999798052 ], [ -1147756.512700000312179, -1209144.616799997165799 ], [ -1147791.087699999567121, -1209112.195999996038154 ], [ -1147803.384799997322261, -1209100.988799998769537 ], [ -1147815.175399997271597, -1209090.874999997438863 ], [ -1147826.054499996127561, -1209082.297999999718741 ], [ -1147835.257599999895319, -1209068.271199999609962 ], [ -1147844.263499998021871, -1209056.066899998579174 ], [ -1147853.079399998532608, -1209044.858700001379475 ], [ -1147857.440499995835125, -1209039.615100002847612 ], [ -1147861.781699995975941, -1209034.606300003128126 ], [ -1147869.527699991362169, -1209027.553500002948567 ], [ -1147878.061099997954443, -1209024.526800001505762 ], [ -1147886.69090000144206, -1209022.359299991978332 ], [ -1147895.363499999511987, -1209019.750099994707853 ], [ -1147904.132399996975437, -1209017.999999998137355 ], [ -1147912.944099995540455, -1209015.808299998287112 ], [ -1147921.825400000205263, -1209013.82529999804683 ], [ -1147930.803100001998246, -1209012.701399998506531 ], [ -1147939.823500000173226, -1209011.135899995686486 ], [ -1147948.913600002415478, -1209009.779099999228492 ], [ -1147954.290899997344241, -1209009.105100002139807 ], [ -1147954.181600000942126, -1208973.377199996262789 ], [ -1147939.758099996019155, -1208905.381599993444979 ], [ -1147888.110399996628985, -1208701.137500001816079 ], [ -1147455.604100001277402, -1208698.113000002456829 ], [ -1146941.252999997930601, -1208412.362400002079085 ], [ -1146655.502500002272427, -1208412.362400002079085 ], [ -1146426.901999999536201, -1208571.112799996277317 ] ] ] } },
{ "type": "Feature", "properties": { "ID": 1942, "YEAR": "2017-2018", "Perimtr_KM": 6.3853271027699998, "AREA_KM": 1.11218571188, "SCALE": 1, "THICKNES_M": 283.480036418, "VOLUME_KM": 0.31528244611, "MASS_GT": 0.28911400308000001, "RECURRANCE": "1-2", "UA_KM": 0.03192663551, "UH_M": 23.5288429067, "UC_KM": 0.02412358839, "REGION": "East", "ICESHELF": "Noll" }, "geometry": { "type": "Polygon", "coordinates": [ [ [ 805109.732200008817017, -2114478.807199993170798 ], [ 805321.3993000080809, -2114753.974399995524436 ], [ 805617.733200001996011, -2114669.307600000407547 ], [ 806284.484499998390675, -2114224.806699996814132 ], [ 806527.901700008194894, -2114034.30630000308156 ], [ 806443.234800001606345, -2114224.806699996814132 ], [ 805935.233800008427352, -2114722.224299998488277 ], [ 805691.816699996590614, -2115007.974899998866022 ], [ 805554.233100005891174, -2115156.141900001559407 ], [ 805505.851700002793223, -2115456.342399992980063 ], [ 804806.676200000569224, -2115309.58629999961704 ], [ 804564.460800008382648, -2114819.282099999021739 ], [ 804550.40560000250116, -2114049.451699996367097 ], [ 804591.240499995648861, -2113988.3421 ], [ 805109.732200008817017, -2114478.807199993170798 ] ] ] } },
{ "type": "Feature", "properties": { "ID": 1943, "YEAR": "2017-2018", "Perimtr_KM": 11.401228925, "AREA_KM": 1.8176447468600001, "SCALE": 1, "THICKNES_M": 299.08158874499998, "VOLUME_KM": 0.54362407865999995, "MASS_GT": 0.49850328014, "RECURRANCE": ">8", "UA_KM": 0.05700614462, "UH_M": 24.823771743399998, "UC_KM": 0.0415949688, "REGION": "East", "ICESHELF": "Noll" }, "geometry": { "type": "Polygon", "coordinates": [ [ [ 812993.774800006300211, -2113031.88540000282228 ], [ 813289.138400008436292, -2113692.33680000109598 ], [ 812840.698600009549409, -2113330.140199999790639 ], [ 812878.682900006882846, -2113967.186200002674013 ], [ 814077.674900000914931, -2114838.421000003349036 ], [ 814338.825300000607967, -2115327.138300000689924 ], [ 814006.066999998409301, -2115598.205399993807077 ], [ 813679.671200002077967, -2115824.994300003629178 ], [ 813527.247300001326948, -2115496.352600003127009 ], [ 813196.517400008160621, -2114950.648399994708598 ], [ 813394.95530000468716, -2114851.429500001948327 ], [ 813428.028299997095019, -2114669.528100001625717 ], [ 812535.057800003793091, -2113809.630499996244907 ], [ 811642.087199999485165, -2113793.094 ], [ 812452.375300002750009, -2113396.218199999537319 ], [ 812617.740200007334352, -2113247.389799998141825 ], [ 812336.619900007266551, -2112718.222099999431521 ], [ 812716.959199997596443, -2112585.930100002791733 ], [ 812893.06440000096336, -2112378.216300001367927 ], [ 812993.774800006300211, -2113031.88540000282228 ] ] ] } },
{ "type": "Feature", "properties": { "ID": 1945, "YEAR": "2017-2018", "Perimtr_KM": 9.2778228697700005, "AREA_KM": 2.9841884368599998, "SCALE": 1, "THICKNES_M": 230.30777410600001, "VOLUME_KM": 0.68728179640999998, "MASS_GT": 0.6302374073, "RECURRANCE": "1-2", "UA_KM": 0.04638911435, "UH_M": 19.115545156500001, "UC_KM": 0.05258682609, "REGION": "East", "ICESHELF": "Gillet" }, "geometry": { "type": "Polygon", "coordinates": [ [ [ 781526.523543961811811, -2108079.669399996753782 ], [ 781559.434100000187755, -2108096.476700003724545 ], [ 782273.48660000320524, -2108395.907699995674193 ], [ 783267.698300001211464, -2108612.608199996873736 ], [ 783315.113499995786697, -2108954.979999997653067 ], [ 782601.577799995429814, -2109175.121200002264231 ], [ 781840.408699999563396, -2109284.337300000712276 ], [ 781073.127500000875443, -2109373.63970000250265 ], [ 780198.886399999726564, -2108772.322899998631328 ], [ 779617.360558259766549, -2108759.530373665969819 ], [ 779542.023800009861588, -2108757.87309999903664 ], [ 779288.783400002401322, -2108827.799499997403473 ], [ 779666.470800005830824, -2108536.627300004474819 ], [ 779777.232983693480492, -2108234.548556647263467 ], [ 779782.887699997983873, -2108219.126599993556738 ], [ 780144.20869999891147, -2108221.854499997105449 ], [ 780045.144499998074025, -2108256.535700002685189 ], [ 780711.795800003223121, -2108296.710300001315773 ], [ 781299.897368172649294, -2108056.9769451408647 ], [ 781401.216200004331768, -2108015.675400000996888 ], [ 781526.523543961811811, -2108079.669399996753782 ] ] ] } },
{ "type": "Feature", "properties": { "ID": 1946, "YEAR": "2017-2018", "Perimtr_KM": 6.8023785648899997, "AREA_KM": 1.6044887430300001, "SCALE": 1, "THICKNES_M": 337.22720336899999, "VOLUME_KM": 0.54107725164999998, "MASS_GT": 0.49616783976000001, "RECURRANCE": "4-5", "UA_KM": 0.03401189282, "UH_M": 27.989857741600002, "UC_KM": 0.04140010034, "REGION": "East", "ICESHELF": "Gillet" }, "geometry": { "type": "Polygon", "coordinates": [ [ [ 770249.383599998429418, -2104148.569796811323613 ], [ 770353.118900008499622, -2104239.785300004296005 ], [ 770882.286600000690669, -2105022.953600004315376 ], [ 771318.102600008249283, -2105700.024999996647239 ], [ 771042.682999996468425, -2105627.801900001708418 ], [ 770602.691900003701448, -2105506.743599999696016 ], [ 770007.210093203466386, -2104933.904243692755699 ], [ 769924.57717219972983, -2104854.413336100056767 ], [ 769833.988099999260157, -2104767.26880000019446 ], [ 769617.888180441688746, -2104565.517180434893817 ], [ 769284.098500000312924, -2104253.890000002458692 ], [ 768951.01423871750012, -2104207.657125958241522 ], [ 768773.226700006518513, -2104182.979800004512072 ], [ 768778.178260487038642, -2104166.507367876823992 ], [ 768779.844999999273568, -2104160.962599997408688 ], [ 768832.29100000904873, -2104062.878499997314066 ], [ 768833.452001093421131, -2104062.678655277471989 ], [ 769157.199800008907914, -2104006.951499999500811 ], [ 769293.753527012187988, -2103896.232269418891519 ], [ 769548.78389999596402, -2103689.45089999306947 ], [ 769739.284299996681511, -2103700.034299998078495 ], [ 770249.383599998429418, -2104148.569796811323613 ] ] ] } },
{ "type": "Feature", "properties": { "ID": 1947, "YEAR": "2017-2018", "Perimtr_KM": 6.8501909655700004, "AREA_KM": 1.72121464891, "SCALE": 1, "THICKNES_M": 252.61799282499999, "VOLUME_KM": 0.43480978983000002, "MASS_GT": 0.39872057727, "RECURRANCE": "5-6", "UA_KM": 0.03425095483, "UH_M": 20.9672933011, "UC_KM": 0.03326912908, "REGION": "East", "ICESHELF": "Matusevitch" }, "geometry": { "type": "Polygon", "coordinates": [ [ [ 879508.951199999079108, -2113200.390700002666563 ], [ 879958.13730000006035, -2113454.9104 ], [ 880307.663799999747425, -2113435.430799991823733 ], [ 880351.815900006797165, -2113240.011800000909716 ], [ 880675.207899998407811, -2113664.90309999184683 ], [ 881037.953199997078627, -2114817.153200002387166 ], [ 880798.91039999620989, -2114842.057199999690056 ], [ 880030.319600000046194, -2114503.34010000154376 ], [ 879965.827300001401454, -2113984.86629999987781 ], [ 879644.355400008615106, -2113994.056700000539422 ], [ 879314.358700001612306, -2113872.789900002069771 ], [ 879068.666100004687905, -2113326.236000002827495 ], [ 879004.16130000539124, -2112995.953900001011789 ], [ 879241.630200006533414, -2112827.852400002069771 ], [ 879528.62569999974221, -2112994.038199999369681 ], [ 879508.951199999079108, -2113200.390700002666563 ] ] ] } },
{ "type": "Feature", "properties": { "ID": 1948, "YEAR": "2017-2018", "Perimtr_KM": 8.9090291955099996, "AREA_KM": 1.79221829097, "SCALE": 1, "THICKNES_M": 217.540562948, "VOLUME_KM": 0.38988017594000002, "MASS_GT": 0.35752012134, "RECURRANCE": "5-6", "UA_KM": 0.04454514598, "UH_M": 18.055866635699999, "UC_KM": 0.02983137501, "REGION": "East", "ICESHELF": "Matusevitch" }, "geometry": { "type": "Polygon", "coordinates": [ [ [ 877059.632100004237145, -2110866.810199996456504 ], [ 877710.483400006778538, -2111141.840199999511242 ], [ 877856.639800000470132, -2110819.594099995680153 ], [ 877489.455800000112504, -2110502.333399998024106 ], [ 878161.661199998576194, -2110860.314199996646494 ], [ 878541.471400008536875, -2111757.914599998854101 ], [ 877827.209699995815754, -2111559.608999993186444 ], [ 876981.706399999093264, -2111613.200400000903755 ], [ 876489.656800000462681, -2111171.102600002195686 ], [ 875818.885800009127706, -2109754.554199994541705 ], [ 876015.10170000558719, -2109663.433699991088361 ], [ 877059.632100004237145, -2110866.810199996456504 ] ] ] } },
{ "type": "Feature", "properties": { "ID": 1953, "YEAR": "2017-2018", "Perimtr_KM": 18.584041802000002, "AREA_KM": 3.6711732645900002, "SCALE": 1, "THICKNES_M": 181.443765259, "VOLUME_KM": 0.66611150003999997, "MASS_GT": 0.61082424554000003, "RECURRANCE": "1-2", "UA_KM": 0.09292020901, "UH_M": 15.059832442199999, "UC_KM": 0.05096699751, "REGION": "East", "ICESHELF": "Deakin" }, "geometry": { "type": "Polygon", "coordinates": [ [ [ 1171329.999712443444878, -2059885.539994656573981 ], [ 1171416.727049457840621, -2059891.626122086308897 ], [ 1171479.754500003065914, -2059896.049099997384474 ], [ 1171475.870499997399747, -2059899.03989999811165 ], [ 1171419.181829920504242, -2059947.230207617860287 ], [ 1170382.863100009039044, -2060828.191400001291186 ], [ 1170267.714700005482882, -2061077.679699995787814 ], [ 1169307.808399998117238, -2061731.335700002498925 ], [ 1169058.597800008021295, -2061921.135000000242144 ], [ 1168215.716600000858307, -2062975.575300003634766 ], [ 1167661.374400001484901, -2063493.970699997153133 ], [ 1167106.871100006625056, -2064031.203000002307817 ], [ 1166782.56950000859797, -2064664.134800001746044 ], [ 1166362.23859999794513, -2065009.306099997833371 ], [ 1165731.673700009007007, -2065163.45549999922514 ], [ 1165402.510533170308918, -2065683.145527149550617 ], [ 1165366.421300001442432, -2065740.124000001698732 ], [ 1165567.566940186545253, -2065789.873031172435731 ], [ 1165672.184800005983561, -2065815.747999998275191 ], [ 1165619.595900006126612, -2065933.1927 ], [ 1165527.394040615297854, -2065880.262011596700177 ], [ 1165205.136600008234382, -2065695.262400002218783 ], [ 1165165.449000001419336, -2065443.907699996139854 ], [ 1165443.262000000569969, -2065166.094700003508478 ], [ 1165681.387500004377216, -2064689.843699995893985 ], [ 1166329.618000003974885, -2064160.675999997183681 ], [ 1166329.618000003974885, -2063724.112599996617064 ], [ 1167017.535999999381602, -2063022.965399992186576 ], [ 1168525.66399999987334, -2061977.859099999070168 ], [ 1169108.225910313427448, -2061744.642715154215693 ], [ 1169297.99189999839291, -2061668.67389999399893 ], [ 1169482.243854312691838, -2061478.541513093747199 ], [ 1169716.291400007437915, -2061237.024300001328811 ], [ 1171171.502700009848922, -2059874.417400001781061 ], [ 1171329.999712443444878, -2059885.539994656573981 ] ] ] } },
{ "type": "Feature", "properties": { "ID": 1960, "YEAR": "2017-2018", "Perimtr_KM": 16.378816585199999, "AREA_KM": 8.8862394927999997, "SCALE": 1, "THICKNES_M": 207.22739563, "VOLUME_KM": 1.8414722670400001, "MASS_GT": 1.68863006887, "RECURRANCE": "5-6", "UA_KM": 0.08189408293, "UH_M": 17.1998737525, "UC_KM": 0.14089880214, "REGION": "East", "ICESHELF": "Fisher" }, "geometry": { "type": "Polygon", "coordinates": [ [ [ 1403026.0691, -2041267.211300002411008 ], [ 1403880.814100007526577, -2041604.226600000634789 ], [ 1404692.298199998214841, -2041375.068999996641651 ], [ 1405368.592999994754791, -2041587.88559999759309 ], [ 1405730.150599998421967, -2042020.021699999226257 ], [ 1404986.345099999569356, -2042320.69819999858737 ], [ 1404689.344500008039176, -2042942.916600001975894 ], [ 1403921.210599998943508, -2043480.869399996940047 ], [ 1402256.892900002188981, -2043040.424899992533028 ], [ 1401476.23970000911504, -2042586.119600004516542 ], [ 1400724.362200000323355, -2041759.890900001395494 ], [ 1400015.404000008478761, -2041963.458299997262657 ], [ 1399581.79689999949187, -2041751.494300002232194 ], [ 1400062.671400004997849, -2041613.368700004648417 ], [ 1400591.839100004173815, -2041454.618400001432747 ], [ 1400856.423000006005168, -2040978.367499998537824 ], [ 1400962.256499999202788, -2040396.282999997027218 ], [ 1401045.331000006757677, -2039775.725699996575713 ], [ 1401747.605800002813339, -2040309.731800001114607 ], [ 1401377.83840000256896, -2040358.541300000622869 ], [ 1403026.0691, -2041267.211300002411008 ] ] ] } },
{ "type": "Feature", "properties": { "ID": 1961, "YEAR": "2017-2018", "Perimtr_KM": 5.5280895772000003, "AREA_KM": 1.5614599650100001, "SCALE": 1, "THICKNES_M": 95.040678405799994, "VOLUME_KM": 0.14840221438000001, "MASS_GT": 0.13608483059000001, "RECURRANCE": "5-6", "UA_KM": 0.02764044789, "UH_M": 7.8883762687800001, "UC_KM": 0.01135487871, "REGION": "East", "ICESHELF": "Fisher" }, "geometry": { "type": "Polygon", "coordinates": [ [ [ 1403625.351699999533594, -2037511.408699993975461 ], [ 1403367.492500005289912, -2037833.840399991255254 ], [ 1402476.628699997439981, -2037702.559200001414865 ], [ 1401483.949600008316338, -2036996.159499998670071 ], [ 1401259.14130000025034, -2036832.852199999382719 ], [ 1401855.36459999717772, -2036696.730999995954335 ], [ 1402625.765099997632205, -2036647.404900003224611 ], [ 1403251.920100002549589, -2037063.432300004642457 ], [ 1403625.351699999533594, -2037511.408699993975461 ] ] ] } },
{ "type": "Feature", "properties": { "ID": 1962, "YEAR": "2017-2018", "Perimtr_KM": 17.547296339399999, "AREA_KM": 5.0934670671099997, "SCALE": 1, "THICKNES_M": 148.967562781, "VOLUME_KM": 0.75876137508999997, "MASS_GT": 0.69578418096000005, "RECURRANCE": ">8", "UA_KM": 0.0877364817, "UH_M": 12.364307649900001, "UC_KM": 0.05805602983, "REGION": "East", "ICESHELF": "Ainsworth" }, "geometry": { "type": "Polygon", "coordinates": [ [ [ 1319490.27070000115782, -2029300.297200004570186 ], [ 1320399.777699997648597, -2029399.516199995297939 ], [ 1321408.503699997439981, -2029382.97969999210909 ], [ 1321838.452399998903275, -2029382.979699999094009 ], [ 1322086.499800004996359, -2029382.97969999210909 ], [ 1322351.083699999377131, -2029465.662100002169609 ], [ 1322830.641899996437132, -2029631.027099997736514 ], [ 1323227.51770000346005, -2029779.855499999132007 ], [ 1323418.201800002716482, -2029711.209236912429333 ], [ 1323640.929999999701977, -2029631.027099997736514 ], [ 1323837.143644763156772, -2029996.697968697175384 ], [ 1324004.732800007797778, -2030309.023200004827231 ], [ 1324323.152017507702112, -2030482.706417508190498 ], [ 1324368.53560000192374, -2030507.46110000135377 ], [ 1324768.411536796949804, -2030531.695982921402901 ], [ 1324856.832100002095103, -2030537.054799998179078 ], [ 1325106.416100000962615, -2031005.172900000587106 ], [ 1325102.237580793909729, -2031059.11529999691993 ], [ 1325046.717400000430644, -2031775.850499997846782 ], [ 1324654.542700009420514, -2031523.157299991697073 ], [ 1324484.218700006604195, -2031378.489200002048165 ], [ 1323919.595599997788668, -2031530.378100001253188 ], [ 1323382.574200008064508, -2031219.495100002270192 ], [ 1323109.753800010308623, -2031124.532299996819347 ], [ 1322788.337900004349649, -2031048.297099993098527 ], [ 1322309.679699994623661, -2030417.040000001899898 ], [ 1321886.085700017400086, -2030291.427899999078363 ], [ 1321425.724800010211766, -2030300.235399995930493 ], [ 1321081.271800002083182, -2030258.719200000166893 ], [ 1321100.537699998356402, -2029956.44759999634698 ], [ 1321504.741899998858571, -2029918.774100000970066 ], [ 1322247.458699999377131, -2029775.099899999331683 ], [ 1321894.489900009706616, -2029704.26490000076592 ], [ 1321343.935800007544458, -2029767.113499998115003 ], [ 1320654.939799997955561, -2029706.76599999750033 ], [ 1319787.312300004996359, -2029681.619600001722574 ], [ 1319129.401399999856949, -2029520.765700004063547 ], [ 1318923.787700003944337, -2029400.047000001650304 ], [ 1318811.596300004050136, -2029204.709299999754876 ], [ 1319490.27070000115782, -2029300.297200004570186 ] ] ] } },
{ "type": "Feature", "properties": { "ID": 1965, "YEAR": "2017-2018", "Perimtr_KM": 33.101011873200001, "AREA_KM": 25.446311742799999, "SCALE": 2, "THICKNES_M": 318.48976651700002, "VOLUME_KM": 8.1043898856799998, "MASS_GT": 7.4317255251700001, "RECURRANCE": ">8", "UA_KM": 0.16550505937000001, "UH_M": 26.434650490599999, "UC_KM": 0.62010101777000004, "REGION": "East", "ICESHELF": "Ninnis" }, "geometry": { "type": "Polygon", "coordinates": [ [ [ 1249668.291616345755756, -2034445.451224052347243 ], [ 1249861.452943093143404, -2034571.694132004398853 ], [ 1251295.43370000552386, -2035508.889499999582767 ], [ 1254576.273600001819432, -2038048.89459999743849 ], [ 1257222.112299998290837, -2040747.649999991990626 ], [ 1260611.925100003369153, -2043946.910599997965619 ], [ 1258984.614499998278916, -2043671.881799997296184 ], [ 1256274.174600005149841, -2042416.724599995650351 ], [ 1254220.351100007072091, -2041188.431500001810491 ], [ 1253651.162599998526275, -2041635.574200003640726 ], [ 1252555.945400003343821, -2041395.582300001755357 ], [ 1252497.145599998533726, -2040510.676399994641542 ], [ 1252183.322809163480997, -2039691.385919546242803 ], [ 1251065.894800005480647, -2036774.140400002012029 ], [ 1249681.891513515263796, -2034919.537740416591987 ], [ 1249088.637900003232062, -2034124.561499998904765 ], [ 1248765.983800009824336, -2033855.73709999397397 ], [ 1249668.291616345755756, -2034445.451224052347243 ] ] ] } },
{ "type": "Feature", "properties": { "ID": 1972, "YEAR": "2017-2018", "Perimtr_KM": 10.474148248400001, "AREA_KM": 2.9180453910400002, "SCALE": 1, "THICKNES_M": 356.803528, "VOLUME_KM": 1.04116889039, "MASS_GT": 0.95475187249000004, "RECURRANCE": "1-2", "UA_KM": 0.05237074124, "UH_M": 29.614692678000001, "UC_KM": 0.07966421874, "REGION": "East", "ICESHELF": "Mertz" }, "geometry": { "type": "Polygon", "coordinates": [ [ [ 1400420.804500004276633, -2073137.487502748146653 ], [ 1400434.486846560612321, -2073156.05640000407584 ], [ 1400443.672100007534027, -2073168.522099999012426 ], [ 1400472.602700007148087, -2073182.987399998586625 ], [ 1400740.006099999882281, -2073316.689100001938641 ], [ 1401269.173800005577505, -2073570.689599991543218 ], [ 1401756.008100000210106, -2073613.022999995853752 ], [ 1401438.507500006817281, -2074205.690900002606213 ], [ 1401396.173999997787178, -2074629.024999995948747 ], [ 1400867.006300006061792, -2075433.360000001499429 ], [ 1400372.159400000236928, -2076333.081600002478808 ], [ 1400380.792399998754263, -2076031.965400001266971 ], [ 1400512.302600004710257, -2075458.428300003055483 ], [ 1400431.368999998085201, -2075271.903899994213134 ], [ 1400399.412900006398559, -2075297.447199997259304 ], [ 1400513.973600001074374, -2074844.587399998679757 ], [ 1400639.748300001956522, -2074472.116099996492267 ], [ 1400541.069400009699166, -2074398.75559999467805 ], [ 1400222.955500005744398, -2074458.525800002971664 ], [ 1400227.007900005206466, -2074425.790299999061972 ], [ 1400110.015700006857514, -2074385.753278997726738 ], [ 1399864.151100007817149, -2074301.613600003533065 ], [ 1399591.411400004290044, -2074132.968800004571676 ], [ 1399973.026100004091859, -2073730.275199997005984 ], [ 1399933.2533, -2073382.449499997543171 ], [ 1399862.578800003044307, -2073325.5746999992989 ], [ 1399853.46269999910146, -2072450.43849999178201 ], [ 1400147.338200000114739, -2072766.354699997464195 ], [ 1400420.804500004276633, -2073137.487502748146653 ] ] ] } },
{ "type": "Feature", "properties": { "ID": 1974, "YEAR": "2017-2018", "Perimtr_KM": 29.149805366399999, "AREA_KM": 17.854654008400001, "SCALE": 2, "THICKNES_M": 356.803528, "VOLUME_KM": 6.3706035414200004, "MASS_GT": 5.8418434474799996, "RECURRANCE": "4-5", "UA_KM": 0.14574902683, "UH_M": 29.614692678000001, "UC_KM": 0.48744171931000002, "REGION": "East", "ICESHELF": "Mertz" }, "geometry": { "type": "Polygon", "coordinates": [ [ [ 1396827.811114769428968, -2058341.565138118341565 ], [ 1396887.665000002831221, -2058351.825800000689924 ], [ 1397268.665800004266202, -2058542.326199994422495 ], [ 1397566.553449107334018, -2058534.487054260913283 ], [ 1397585.264787084423006, -2058533.994650816079229 ], [ 1398073.000700004398823, -2058521.159500002395362 ], [ 1398191.857405979186296, -2058857.920108419144526 ], [ 1398581.001800016500056, -2059960.495700000552461 ], [ 1399194.836300009861588, -2060341.49650000128895 ], [ 1400020.338000007905066, -2060870.664199993014336 ], [ 1400418.177755416370928, -2060682.213760903803632 ], [ 1400824.67289999499917, -2060489.663399999262765 ], [ 1401332.673900001682341, -2060489.663399999262765 ], [ 1401798.34149999730289, -2060912.9975999975577 ], [ 1401692.508000010624528, -2062140.666700003203005 ], [ 1401692.50800000410527, -2062521.667499997187406 ], [ 1401621.31314193457365, -2062659.310872836271301 ], [ 1401375.007299999706447, -2063135.50209999573417 ], [ 1401344.678233026526868, -2063314.106753696221858 ], [ 1401297.683100003749132, -2063590.856099997181445 ], [ 1401058.685885838232934, -2063212.997205865802243 ], [ 1400889.742200005799532, -2062945.894199994159862 ], [ 1399928.352700005285442, -2062783.79239999759011 ], [ 1399475.536900003440678, -2062303.306299997959286 ], [ 1399467.013400004245341, -2061427.69540000311099 ], [ 1398771.691500008106232, -2061282.951900004642084 ], [ 1397892.862600007094443, -2060994.07900000247173 ], [ 1396939.023600001819432, -2060476.406199996359646 ], [ 1396749.769400001503527, -2060315.925900003872812 ], [ 1395640.531000005081296, -2060256.330699996557087 ], [ 1395407.319000001996756, -2060110.268099999288097 ], [ 1395018.071829895488918, -2060111.060115629341453 ], [ 1394603.18560001347214, -2060111.904299999121577 ], [ 1394376.853900004178286, -2059749.554299999726936 ], [ 1393892.549700006842613, -2059416.286799994530156 ], [ 1393822.657799997366965, -2059122.044300002045929 ], [ 1394074.969200003892183, -2058325.91160000488162 ], [ 1393674.363337223418057, -2056501.532359558157623 ], [ 1393281.369200004264712, -2054711.817299998831004 ], [ 1394389.993400007486343, -2056637.322400000412017 ], [ 1394834.494300004094839, -2056785.489399996586144 ], [ 1395363.662000009790063, -2058034.325200001243502 ], [ 1395977.496499996632338, -2058140.158700001658872 ], [ 1396146.830199998803437, -2058224.825600001495332 ], [ 1396827.811114769428968, -2058341.565138118341565 ] ] ] } },
{ "type": "Feature", "properties": { "ID": 1975, "YEAR": "2017-2018", "Perimtr_KM": 16.9087314806, "AREA_KM": 8.1151826908199993, "SCALE": 1, "THICKNES_M": 356.803528, "VOLUME_KM": 2.89552581445, "MASS_GT": 2.6551971718499998, "RECURRANCE": "4-5", "UA_KM": 0.0845436574, "UH_M": 29.614692678000001, "UC_KM": 0.22154888028, "REGION": "East", "ICESHELF": "Mertz" }, "geometry": { "type": "Polygon", "coordinates": [ [ [ 1445674.302058554254472, -2048728.901312835281715 ], [ 1445480.216100002638996, -2048868.080935804639012 ], [ 1445422.559300004504621, -2048909.426800002576783 ], [ 1445159.134499996900558, -2049157.887000000569969 ], [ 1445412.214200000278652, -2049435.780499991960824 ], [ 1445373.869600009173155, -2049803.110399995464832 ], [ 1445251.695800005458295, -2050424.349100003717467 ], [ 1445146.152100004255772, -2050598.75410000118427 ], [ 1445602.554200004786253, -2050783.814000902697444 ], [ 1445608.358000001870096, -2050786.167300003580749 ], [ 1445903.046300006099045, -2050704.087999997893348 ], [ 1446028.427199997007847, -2050735.5883 ], [ 1446035.04789999499917, -2050735.467999998945743 ], [ 1447308.266900002025068, -2051056.961800002492964 ], [ 1447345.64780000038445, -2051615.722499998752028 ], [ 1446996.246699998155236, -2051834.323200001846999 ], [ 1446875.759600006043911, -2051981.610199999529868 ], [ 1446875.477699999697506, -2052320.248600002611056 ], [ 1446638.297599998302758, -2052455.491400002036244 ], [ 1446214.280700005590916, -2052373.430399999720976 ], [ 1446124.617800001055002, -2052376.024024386424571 ], [ 1445798.031099997460842, -2052385.470999997574836 ], [ 1445704.747499995864928, -2052478.192299996502697 ], [ 1445599.108800017274916, -2052450.837700001429766 ], [ 1445116.836600001901388, -2052918.496145855868235 ], [ 1445059.251199999824166, -2052974.3366 ], [ 1444417.26050000730902, -2052951.959399999585003 ], [ 1444039.634400004521012, -2052699.901999996509403 ], [ 1444017.796600002795458, -2052707.356699996162206 ], [ 1443932.720000001601875, -2052586.749700001906604 ], [ 1443744.164799998514354, -2052671.941299997735769 ], [ 1443315.717000006698072, -2052770.897500002756715 ], [ 1443088.832499996758997, -2052958.32479999307543 ], [ 1443065.045600016601384, -2052706.929100003093481 ], [ 1443065.045600010082126, -2052325.928400000324473 ], [ 1443255.545999996364117, -2052146.011300000362098 ], [ 1443594.213300001807511, -2051944.927599999587983 ], [ 1443816.4637999990955, -2051775.593899998115376 ], [ 1443795.297000002115965, -2051511.010100001003593 ], [ 1443943.464000005275011, -2051288.759599996730685 ], [ 1444091.631000008434057, -2051045.342499998630956 ], [ 1444091.631000008434057, -2050537.341400000732392 ], [ 1444303.29810000769794, -2050473.841299997642636 ], [ 1444318.004500004462898, -2050473.841299997642636 ], [ 1444641.965399999171495, -2050473.841299997642636 ], [ 1444610.215300002135336, -2050188.090699997032061 ], [ 1444345.631500004790723, -2049796.506600002758205 ], [ 1444303.298100014217198, -2049479.006000003311783 ], [ 1444356.214800004847348, -2049055.67179999826476 ], [ 1444589.048600003123283, -2049034.505099999252707 ], [ 1444864.215799998492002, -2049193.255399995949119 ], [ 1445033.549499999731779, -2049002.755000002216548 ], [ 1445329.88340000808239, -2048791.088000001152977 ], [ 1445480.216100002638996, -2048755.387607523007318 ], [ 1445561.622448411770165, -2048736.055562082212418 ], [ 1445715.176399999298155, -2048699.590200000908226 ], [ 1445674.302058554254472, -2048728.901312835281715 ] ] ] } },
{ "type": "Feature", "properties": { "ID": 1977, "YEAR": "2017-2018", "Perimtr_KM": 8.0085337859599992, "AREA_KM": 2.0244017150800002, "SCALE": 1, "THICKNES_M": 384.54684448199998, "VOLUME_KM": 0.7784772915, "MASS_GT": 0.7138636763, "RECURRANCE": "4-5", "UA_KM": 0.04004266893, "UH_M": 31.917387934600001, "UC_KM": 0.05956457766, "REGION": "East", "ICESHELF": "Liotard" }, "geometry": { "type": "Polygon", "coordinates": [ [ [ 1674038.012932200916111, -1960463.265946366125718 ], [ 1674227.857700008898973, -1960483.750300002517179 ], [ 1674649.717600006610155, -1960488.752099997363985 ], [ 1674658.123800004832447, -1961000.29179999185726 ], [ 1674401.104200006462634, -1961293.642299995757639 ], [ 1674324.047800009138882, -1961472.519099998986349 ], [ 1674143.850499995052814, -1961373.418500000610948 ], [ 1673882.084600001573563, -1961347.835599998477846 ], [ 1673374.635400010272861, -1961362.1785 ], [ 1673098.292400005273521, -1961468.070300001651049 ], [ 1672954.728499999269843, -1961529.6453 ], [ 1672887.06300000846386, -1961905.219500002916902 ], [ 1672829.663100001402199, -1961895.419100004248321 ], [ 1672299.677500002086163, -1962292.450599995907396 ], [ 1672084.391800901852548, -1962371.547205112408847 ], [ 1671996.672600000165403, -1962403.775499997194856 ], [ 1672097.143299999646842, -1961785.970299997832626 ], [ 1672264.783600004389882, -1961534.509799991268665 ], [ 1672650.356400004588068, -1961568.037899994291365 ], [ 1672734.176599999889731, -1961417.161600005114451 ], [ 1672734.176599999889731, -1961129.373455946100876 ], [ 1672734.176599999889731, -1960813.656400001142174 ], [ 1672845.131771262735128, -1960781.662400002824143 ], [ 1673438.454897599294782, -1960610.577268168330193 ], [ 1673946.019573256373405, -1960464.220644605346024 ], [ 1673973.47900000680238, -1960456.302700001280755 ], [ 1674038.012932200916111, -1960463.265946366125718 ] ] ] } },
{ "type": "Feature", "properties": { "ID": 1994, "YEAR": "2017-2018", "Perimtr_KM": 9.7739301027999996, "AREA_KM": 2.79515705726, "SCALE": 1, "THICKNES_M": 175.70870666499999, "VOLUME_KM": 0.49113343146, "MASS_GT": 0.45036935665, "RECURRANCE": ">8", "UA_KM": 0.04886965051, "UH_M": 14.5838225813, "UC_KM": 0.03757868822, "REGION": "West", "ICESHELF": "Nickerson" }, "geometry": { "type": "Polygon", "coordinates": [ [ [ -921064.735900000436231, -1303059.562854098156095 ], [ -920716.732200000435114, -1303202.87998950178735 ], [ -920516.370599997462705, -1303285.394200002774596 ], [ -920468.868158619385213, -1303482.944782764650881 ], [ -920443.713599996408448, -1303587.556200002552941 ], [ -920675.364899999927729, -1303598.668000002391636 ], [ -920694.979889201000333, -1303602.622410799842328 ], [ -921200.4052000020165, -1303704.516899998066947 ], [ -921577.039500000886619, -1303555.825899998191744 ], [ -921978.94350000214763, -1303459.087999995332211 ], [ -922260.461399995256215, -1303479.300999999744818 ], [ -922636.375999994343147, -1303600.908600000198931 ], [ -922958.690399997401983, -1303624.422800001688302 ], [ -922930.59859999618493, -1303763.201000002678484 ], [ -923143.637900000438094, -1303983.841699999757111 ], [ -923467.405200003180653, -1304000.207200000528246 ], [ -923479.781436503864825, -1304113.62076349533163 ], [ -923480.306200002320111, -1304118.429600002476946 ], [ -923546.082999999634922, -1304236.54690000298433 ], [ -923975.784100001212209, -1304252.903499996988103 ], [ -924392.726700002327561, -1304071.765000002691522 ], [ -924368.226100000785664, -1303372.708700003335252 ], [ -924040.142099995864555, -1303372.708700003335252 ], [ -923971.590500003192574, -1303366.695398567477241 ], [ -923436.890900002559647, -1303319.791900000767782 ], [ -923193.473799997474998, -1303161.041599997552112 ], [ -923235.807200001785532, -1302949.37449999852106 ], [ -922844.223100000759587, -1302790.624200002057478 ], [ -921965.8046000006143, -1302832.957599999615923 ], [ -921203.803099997108802, -1303002.29130000108853 ], [ -921064.735900000436231, -1303059.562854098156095 ] ] ] } },
{ "type": "Feature", "properties": { "ID": 1996, "YEAR": "2017-2018", "Perimtr_KM": 6.8322806969099998, "AREA_KM": 1.5366087807, "SCALE": 1, "THICKNES_M": 166.11793263800001, "VOLUME_KM": 0.25525827392, "MASS_GT": 0.23407183719, "RECURRANCE": "4-5", "UA_KM": 0.03416140348, "UH_M": 13.787788341000001, "UC_KM": 0.01953088606, "REGION": "East", "ICESHELF": "Moscow_University" }, "geometry": { "type": "Polygon", "coordinates": [ [ [ 2196876.374943070113659, -1328697.898585918126628 ], [ 2196945.553900001570582, -1328712.999599997187033 ], [ 2197142.372000006958842, -1328721.259800001513213 ], [ 2197288.096800008788705, -1329173.126999998930842 ], [ 2197356.590200005099177, -1329412.931399998953566 ], [ 2197546.427700011059642, -1329452.513700002105907 ], [ 2197552.671699998900294, -1329717.521200004499406 ], [ 2197416.66370000038296, -1329840.322100001154467 ], [ 2197362.981199994683266, -1330020.387399997329339 ], [ 2197360.725931326858699, -1330280.971636631991714 ], [ 2197360.076599997468293, -1330355.998399999691173 ], [ 2197404.928900005295873, -1330515.710899998666719 ], [ 2197443.621300003491342, -1330688.35339999711141 ], [ 2197472.489200003445148, -1330877.369899997953326 ], [ 2197362.116500000469387, -1330991.53169999900274 ], [ 2197392.889999999664724, -1331240.853299997979775 ], [ 2197048.386200011707842, -1331077.667299999156967 ], [ 2197064.922700008377433, -1330598.109100002329797 ], [ 2196932.630699997767806, -1330316.988699997775257 ], [ 2196601.90090000256896, -1330035.868399997707456 ], [ 2196734.192800001241267, -1329655.529100000392646 ], [ 2196705.042764856480062, -1329587.512325210031122 ], [ 2196585.364400000311434, -1329308.262699997518212 ], [ 2196564.959762426093221, -1329216.441800058819354 ], [ 2196486.145500007085502, -1328861.7774999930989 ], [ 2196388.814900003373623, -1328575.868999992264435 ], [ 2196687.029500006698072, -1328549.980900001944974 ], [ 2196707.988700001500547, -1328661.141700001899153 ], [ 2196876.374943070113659, -1328697.898585918126628 ] ] ] } },
{ "type": "Feature", "properties": { "ID": 1999, "YEAR": "2017-2018", "Perimtr_KM": 14.6931224865, "AREA_KM": 2.1349792168100001, "SCALE": 1, "THICKNES_M": 429.635868, "VOLUME_KM": 0.91726364898000001, "MASS_GT": 0.84113076611000004, "RECURRANCE": "2-3", "UA_KM": 0.07346561243, "UH_M": 35.659776868199998, "UC_KM": 0.07018370665, "REGION": "West", "ICESHELF": "Hull" }, "geometry": { "type": "Polygon", "coordinates": [ [ [ -1117742.166483390145004, -1195644.288464113371447 ], [ -1117411.77019281918183, -1195661.831602998077869 ], [ -1117382.335259192856029, -1195663.394517421489581 ], [ -1117087.273300000466406, -1195679.061499999137595 ], [ -1116716.855899998219684, -1195890.728599998168647 ], [ -1116123.015274387318641, -1196383.918296614428982 ], [ -1115936.3335, -1196538.959099997999147 ], [ -1115868.529118527658284, -1196688.950601584510878 ], [ -1115499.770099999383092, -1197504.690200004028156 ], [ -1115597.128599999472499, -1197860.196059473324567 ], [ -1115645.291299998294562, -1198036.062800002517179 ], [ -1115852.252965370425954, -1198405.637245017802343 ], [ -1115899.484461822081357, -1198489.979212681530043 ], [ -1115923.104299997678027, -1198532.157499995315447 ], [ -1115993.47139433817938, -1198862.669599999673665 ], [ -1116110.462922860868275, -1199412.175248050363734 ], [ -1116114.906626766081899, -1199433.047190008917823 ], [ -1116119.390205644536763, -1199454.106423531193286 ], [ -1116141.38599999784492, -1199557.41999999852851 ], [ -1116103.281447794986889, -1199689.320383232086897 ], [ -1115969.406499999109656, -1200152.733700002310798 ], [ -1116031.245664070593193, -1200329.417064068606123 ], [ -1116072.307438994525, -1200446.736446329625323 ], [ -1116108.312999998917803, -1200549.609499995596707 ], [ -1116108.312999998917803, -1200666.461500003002584 ], [ -1116108.312999998917803, -1200925.697818899992853 ], [ -1116108.312999998917803, -1201058.933399997651577 ], [ -1116068.613091599429026, -1201223.02644006931223 ], [ -1116067.733317589852959, -1201226.662841211073101 ], [ -1116009.094099999405444, -1201469.038400000194088 ], [ -1116114.397999996086583, -1201623.320799991954118 ], [ -1116205.792163468198851, -1201418.655739856651053 ], [ -1116274.22199644963257, -1201265.416240195510909 ], [ -1116276.767599997343495, -1201259.715699999826029 ], [ -1116245.316496966639534, -1201095.546675435034558 ], [ -1116186.571500001009554, -1200788.90850000269711 ], [ -1116311.551396286813542, -1200549.002176942303777 ], [ -1116311.598999998532236, -1200548.910798793891445 ], [ -1116525.85499999881722, -1200137.633699997328222 ], [ -1116530.880399996414781, -1199987.693999995011836 ], [ -1116468.67352571641095, -1199707.355448564747348 ], [ -1116379.792445884784684, -1199306.808186622336507 ], [ -1116355.69819999509491, -1199198.226200002012774 ], [ -1116312.633530182065442, -1199171.691877849632874 ], [ -1116297.315425201551989, -1199162.253618269460276 ], [ -1116145.993299996946007, -1199069.01639999798499 ], [ -1116131.940990958595648, -1198769.585864091524854 ], [ -1116112.912041174946353, -1198364.111673521110788 ], [ -1116106.976499998476356, -1198237.635500001488253 ], [ -1116098.287015015492216, -1198211.399832244263962 ], [ -1115994.874099999433383, -1197899.1711 ], [ -1115978.155304710380733, -1197728.45562341529876 ], [ -1115953.885631835088134, -1197480.638199997600168 ], [ -1115947.959769581444561, -1197420.129270926350728 ], [ -1115916.138700001174584, -1197095.204600002616644 ], [ -1116010.913246299140155, -1196984.027933636447415 ], [ -1116243.65409867069684, -1196711.007875968702137 ], [ -1116265.883800000185147, -1196684.931000002892688 ], [ -1116731.205600002082065, -1196549.862000002292916 ], [ -1117422.982600001618266, -1195860.921199996257201 ], [ -1117450.33267177734524, -1195842.669012415921316 ], [ -1117539.184350133873522, -1195783.373464184813201 ], [ -1117687.083784882212058, -1195684.672142736846581 ], [ -1117747.093507043318823, -1195644.624397542094812 ], [ -1117748.066299997502938, -1195643.975199999287724 ], [ -1117742.166483390145004, -1195644.288464113371447 ] ] ] } },
{ "type": "Feature", "properties": { "ID": 2001, "YEAR": "2017-2018", "Perimtr_KM": 11.452181429, "AREA_KM": 4.3072856529000001, "SCALE": 1, "THICKNES_M": 61.368496, "VOLUME_KM": 0.26433164236000001, "MASS_GT": 0.24239211604, "RECURRANCE": "1-2", "UA_KM": 0.05726090714, "UH_M": 5.0935851428800003, "UC_KM": 0.02022512771, "REGION": "West", "ICESHELF": "Sulzberger" }, "geometry": { "type": "Polygon", "coordinates": [ [ [ -680652.330999282188714, -1249280.324930547270924 ], [ -680582.238224471453577, -1249343.228689025621861 ], [ -680226.604599999263883, -1249662.386999996146187 ], [ -679610.65329999756068, -1249840.187399999471381 ], [ -679109.002300002612174, -1249814.787399998866022 ], [ -678766.101599997840822, -1249624.286999998614192 ], [ -678378.750899996608496, -1249776.687300003366545 ], [ -678203.548300001304597, -1249808.542299999156967 ], [ -678246.086899995803833, -1249841.273899995256215 ], [ -678342.802916021551937, -1249908.255660720635206 ], [ -678387.08960000006482, -1249938.926899999845773 ], [ -678528.919499996583909, -1250237.790899997809902 ], [ -679028.783299998380244, -1250647.390199999790639 ], [ -679223.09650000417605, -1250625.799800002248958 ], [ -679489.529399995692074, -1251284.196199996164069 ], [ -679411.97902332060039, -1251394.250799991888925 ], [ -679335.116600000765175, -1251503.329100003698841 ], [ -679095.999999992083758, -1251594.08779999660328 ], [ -679123.271200000308454, -1252082.159500002162531 ], [ -679336.342499997466803, -1252130.847600003238767 ], [ -679642.614100000821054, -1252107.54039999563247 ], [ -679822.396399999968708, -1252096.973799997474998 ], [ -679981.698099992703646, -1251719.900500002549961 ], [ -679958.795262845233083, -1251273.845818577334285 ], [ -679956.29939999897033, -1251225.236499998252839 ], [ -680033.372449026908726, -1251223.564922796562314 ], [ -680280.309400000609457, -1251218.209300000686198 ], [ -680552.266600001137704, -1251239.7528 ], [ -680821.764288139995188, -1251019.77029496547766 ], [ -680852.297020644880831, -1250994.847383644198999 ], [ -680866.242899994831532, -1250983.463800000725314 ], [ -681148.740270443726331, -1250825.309994199313223 ], [ -681475.333299996331334, -1250642.469599996227771 ], [ -681474.629869810305536, -1250598.394100000383332 ], [ -681467.945000000763685, -1250179.533799991942942 ], [ -681418.027006085496396, -1250187.253057063091546 ], [ -681280.706700001843274, -1250208.488099998561665 ], [ -681064.806200002785772, -1250094.187899996060878 ], [ -680956.855999998748302, -1249802.087299997219816 ], [ -681080.001233733724803, -1249474.982750162947923 ], [ -681160.056400002911687, -1249262.3362 ], [ -680721.90560000250116, -1249217.886199997039512 ], [ -680652.330999282188714, -1249280.324930547270924 ] ] ] } },
{ "type": "Feature", "properties": { "ID": 2002, "YEAR": "2017-2018", "Perimtr_KM": 6.4075704124000001, "AREA_KM": 1.02619304722, "SCALE": 1, "THICKNES_M": 56.541382, "VOLUME_KM": 0.05802237309, "MASS_GT": 0.05320651612, "RECURRANCE": "2-3", "UA_KM": 0.03203785206, "UH_M": 4.6929346828599998, "UC_KM": 0.00443953624, "REGION": "West", "ICESHELF": "Sulzberger" }, "geometry": { "type": "Polygon", "coordinates": [ [ [ -673539.714776211883873, -1249291.953340928070247 ], [ -673473.92629999993369, -1249317.599697403144091 ], [ -673012.990100000053644, -1249497.286700001219288 ], [ -672722.468399999663234, -1249538.338699997635558 ], [ -672788.771883238106966, -1249684.586188016692176 ], [ -672880.360899995546788, -1249886.606699999654666 ], [ -673368.748399995267391, -1249763.372499998426065 ], [ -673614.231600000057369, -1249764.242899997392669 ], [ -674362.357795604970306, -1249705.66999121569097 ], [ -674790.303700000979006, -1249672.164900003233925 ], [ -675209.317199998069555, -1249733.621399997966364 ], [ -675556.579300001263618, -1250002.509100002702326 ], [ -675400.594899999909103, -1249706.837099997093901 ], [ -675108.494300001300871, -1249630.63699999707751 ], [ -674968.794099998194724, -1249478.236699999077246 ], [ -674517.943099997937679, -1249186.1361 ], [ -673762.291599999647588, -1249205.186100002378225 ], [ -673539.714776211883873, -1249291.953340928070247 ] ] ] } },
{ "type": "Feature", "properties": { "ID": 2008, "YEAR": "2017-2018", "Perimtr_KM": 6.2439159474399997, "AREA_KM": 1.72099510141, "SCALE": 1, "THICKNES_M": 224.444786072, "VOLUME_KM": 0.38626837737000003, "MASS_GT": 0.35420810203999997, "RECURRANCE": "2-3", "UA_KM": 0.03121957974, "UH_M": 18.628917152100001, "UC_KM": 0.02955502108, "REGION": "East", "ICESHELF": "Moscow_University" }, "geometry": { "type": "Polygon", "coordinates": [ [ [ 2230157.623670320957899, -1213946.302099998574704 ], [ 2230147.201600006781518, -1214055.795599994016811 ], [ 2230113.817280295304954, -1214091.569929912686348 ], [ 2230056.501400004141033, -1214152.989100004313514 ], [ 2230039.861700002104044, -1214218.055465171346441 ], [ 2230026.498810479417443, -1214270.308489523595199 ], [ 2230021.588499997742474, -1214289.509319740114734 ], [ 2230020.22005835082382, -1214294.860349140828475 ], [ 2229961.507699997164309, -1214524.443799996981397 ], [ 2229879.754400006495416, -1214599.414099992252886 ], [ 2229953.728947568684816, -1214785.157952433917671 ], [ 2230011.097400006838143, -1214929.205300001194701 ], [ 2229795.521500003524125, -1215151.710399996954948 ], [ 2229394.418099999427795, -1215628.218600003514439 ], [ 2229163.123900000937283, -1215676.714099992299452 ], [ 2229058.021300001069903, -1215723.815199998673052 ], [ 2229011.919500013813376, -1215885.8871 ], [ 2228908.38176647759974, -1215732.282292352989316 ], [ 2228898.382199997082353, -1215717.447299995459616 ], [ 2228877.19636439345777, -1215677.568075418705121 ], [ 2228822.100605713203549, -1215573.858399995369837 ], [ 2228790.43200000654906, -1215514.24689999804832 ], [ 2228568.181499996222556, -1215196.746200000634417 ], [ 2228758.681899996474385, -1215031.645899991970509 ], [ 2228770.516132313758135, -1215021.097998682875186 ], [ 2229050.782499995082617, -1214771.295400003669783 ], [ 2229215.882800003513694, -1214517.294899993576109 ], [ 2229311.133000010624528, -1214288.694400004576892 ], [ 2229313.916389944031835, -1214157.87481005419977 ], [ 2229317.483000001870096, -1213990.243800000287592 ], [ 2229406.383200003765523, -1213983.893799994839355 ], [ 2229507.983400003053248, -1213863.24360000086017 ], [ 2229624.910399999469519, -1213731.065203449456021 ], [ 2229654.033700008876622, -1213698.143199994461611 ], [ 2229691.860000001266599, -1213655.720295489998534 ], [ 2229821.250700000673532, -1213510.606199995614588 ], [ 2230183.009599999524653, -1213679.599399995990098 ], [ 2230157.623670320957899, -1213946.302099998574704 ] ] ] } },
{ "type": "Feature", "properties": { "ID": 2009, "YEAR": "2017-2018", "Perimtr_KM": 20.239003263899999, "AREA_KM": 15.4387913013, "SCALE": 2, "THICKNES_M": 346.35146901500002, "VOLUME_KM": 5.3472480470199999, "MASS_GT": 4.9034264591200003, "RECURRANCE": "1-2", "UA_KM": 0.10119501632, "UH_M": 28.747171786500001, "UC_KM": 0.40914047856000002, "REGION": "East", "ICESHELF": "Totten" }, "geometry": { "type": "Polygon", "coordinates": [ [ [ 2295918.674146604724228, -1145217.309158763615415 ], [ 2295925.781406229361892, -1145242.184546473668888 ], [ 2295934.143400004133582, -1145271.451500001596287 ], [ 2295971.413964395411313, -1145310.63338372297585 ], [ 2296093.577751605771482, -1145439.062007852829993 ], [ 2296140.518800003454089, -1145488.410299999872223 ], [ 2296145.561540003865957, -1145489.574009415926412 ], [ 2296194.092673311941326, -1145500.773503524716944 ], [ 2296346.894200010225177, -1145536.03540000342764 ], [ 2296447.435999997891486, -1145620.702199998544529 ], [ 2296602.656923399306834, -1145746.819146787747741 ], [ 2296701.436600006185472, -1145827.077599998330697 ], [ 2296876.061900001950562, -1145996.411299993051216 ], [ 2296997.770500000566244, -1145901.161099992925301 ], [ 2297135.354100004769862, -1145663.035599995870143 ], [ 2297246.479300004430115, -1145673.619000001111999 ], [ 2297452.391783590428531, -1146068.970899997279048 ], [ 2297511.063200006261468, -1146181.620000001043081 ], [ 2297613.767900003120303, -1146258.648535104002804 ], [ 2297765.063700010068715, -1146372.120400001527742 ], [ 2297805.46230757702142, -1146713.264145409921184 ], [ 2297850.441999793052673, -1147093.092599791707471 ], [ 2297860.31390000320971, -1147176.455300002358854 ], [ 2297876.250399999320507, -1147202.425890106707811 ], [ 2297907.276475248858333, -1147252.986896794755012 ], [ 2298003.1892, -1147409.289100000169128 ], [ 2298230.437900012359023, -1147520.140000000130385 ], [ 2298133.605073464103043, -1147674.11246367986314 ], [ 2298080.624500001780689, -1147758.356099998345599 ], [ 2298079.647887657396495, -1148019.965854138601571 ], [ 2298078.920400008559227, -1148214.841400003060699 ], [ 2297990.049810987897217, -1148281.296432794770226 ], [ 2297766.35553680267185, -1148448.568985946010798 ], [ 2296187.183100009337068, -1149629.43160000233911 ], [ 2295809.875899997539818, -1149206.569600002141669 ], [ 2295776.775400001555681, -1148583.696600002469495 ], [ 2295757.356400041840971, -1148543.112399999750778 ], [ 2295647.891562046483159, -1148314.339399998541921 ], [ 2295577.803500003181398, -1148167.860800000140443 ], [ 2295536.35190000012517, -1147706.517000002786517 ], [ 2295134.362218250520527, -1147692.916067011188716 ], [ 2294705.9307000041008, -1147678.420499996747822 ], [ 2294550.92938628885895, -1147824.938799992436543 ], [ 2294484.863700007088482, -1147887.38879999704659 ], [ 2294414.759868098422885, -1148163.765288080088794 ], [ 2294401.823174203746021, -1148214.766751597868279 ], [ 2294398.20370567124337, -1148229.036100001307204 ], [ 2294317.218800001777709, -1148548.310000001685694 ], [ 2294218.751100005581975, -1148633.494241489795968 ], [ 2293470.940999999642372, -1149280.423499999567866 ], [ 2293462.327735784463584, -1149276.888225920731202 ], [ 2292843.977600009180605, -1149023.089299996150658 ], [ 2292440.601999999023974, -1148569.943700003670529 ], [ 2292271.143542919307947, -1148273.682898678118363 ], [ 2292111.159200005233288, -1147993.985499997623265 ], [ 2291827.825600001960993, -1148021.558799996972084 ], [ 2291981.260400000959635, -1147869.664999996777624 ], [ 2292245.844300009310246, -1147859.081700003007427 ], [ 2292312.103122781962156, -1147802.519300000974908 ], [ 2292462.803100001066923, -1147673.873000002000481 ], [ 2292500.730287856422365, -1147635.9457999963779 ], [ 2292775.012000001035631, -1147361.66400000359863 ], [ 2292917.887299997732043, -1147017.704999999143183 ], [ 2293087.221, -1146901.288099993485957 ], [ 2293137.591030457988381, -1146829.167367688613012 ], [ 2293320.054799997247756, -1146567.912400003056973 ], [ 2293466.459307272918522, -1146457.545912184286863 ], [ 2293592.571745931170881, -1146362.476524065481499 ], [ 2293664.013799995183945, -1146308.620199993718415 ], [ 2293918.014300012029707, -1146218.661699992604554 ], [ 2294330.765100005082786, -1145901.16109999967739 ], [ 2294461.047524175606668, -1145666.652724175015464 ], [ 2294542.432200004346669, -1145520.160299999173731 ], [ 2294796.432700000703335, -1145472.535200002370402 ], [ 2295039.849899997003376, -1145345.53500000317581 ], [ 2295128.640801879577339, -1145216.384601882193238 ], [ 2295140.501807114109397, -1145199.132231256226078 ], [ 2295251.425199999473989, -1145037.789120107889175 ], [ 2295389.100600000470877, -1144837.534000003011897 ], [ 2295391.80248340498656, -1144836.662424286827445 ], [ 2295396.540821904316545, -1144835.133927248418331 ], [ 2295553.142599996179342, -1144784.617200000444427 ], [ 2295658.976100003346801, -1144784.617200000444427 ], [ 2295817.726500004529953, -1144869.283999995561317 ], [ 2295849.47650000359863, -1144975.117600000696257 ], [ 2295918.674146604724228, -1145217.309158763615415 ] ] ] } },
{ "type": "Feature", "properties": { "ID": 2010, "YEAR": "2017-2018", "Perimtr_KM": 28.475786082799999, "AREA_KM": 18.753985309099999, "SCALE": 2, "THICKNES_M": 346.35146901500002, "VOLUME_KM": 6.4954703616899998, "MASS_GT": 5.9563463216699999, "RECURRANCE": "1-2", "UA_KM": 0.14237893041, "UH_M": 28.747171786500001, "UC_KM": 0.49699580585999997, "REGION": "East", "ICESHELF": "Totten" }, "geometry": { "type": "Polygon", "coordinates": [ [ [ 2318937.409599998965859, -1126033.039588768966496 ], [ 2319117.238400004804134, -1126059.879699999233708 ], [ 2320022.512000007554889, -1126072.471399999689311 ], [ 2320031.378899996168911, -1126093.004556261701509 ], [ 2320169.166664564050734, -1126412.0808630741667 ], [ 2320186.378000002354383, -1126451.937299998709932 ], [ 2320449.968000002205372, -1126620.615299992728978 ], [ 2320450.126410128548741, -1126627.20178987341933 ], [ 2320460.047877996228635, -1127039.72370000439696 ], [ 2320466.274400005117059, -1127298.614500003866851 ], [ 2320257.113100000657141, -1127372.394499995745718 ], [ 2320138.548687831498682, -1127336.861912170657888 ], [ 2319964.218600002117455, -1127284.616899999789894 ], [ 2319984.892134994268417, -1127457.491799998795614 ], [ 2319986.75050000846386, -1127473.031700001331046 ], [ 2319702.531021896749735, -1127519.578265389194712 ], [ 2319577.795700006186962, -1127540.00614336784929 ], [ 2319403.961100007407367, -1127568.475000003585592 ], [ 2319222.71730000898242, -1127690.650799993891269 ], [ 2319086.7018002262339, -1128017.574900000588968 ], [ 2319080.751800000667572, -1128031.876200003083795 ], [ 2319123.157600001432002, -1128405.918999993242323 ], [ 2319138.532344037666917, -1128524.82459518359974 ], [ 2319153.252200009301305, -1128638.665399991907179 ], [ 2319067.610000004991889, -1128944.649999991990626 ], [ 2318527.668000007979572, -1129118.129699994111434 ], [ 2318569.138900007121265, -1129480.9106 ], [ 2318775.311299998313189, -1129882.032200002809986 ], [ 2318703.690600001253188, -1130670.831999997142702 ], [ 2318803.303100008517504, -1130919.118700003717095 ], [ 2319472.090799998492002, -1131313.436399993021041 ], [ 2319490.245496086776257, -1131416.437195798614994 ], [ 2319522.789900000207126, -1131601.078099998878315 ], [ 2319516.652900007553399, -1131992.76430000201799 ], [ 2319258.615400006063282, -1132018.522999995853752 ], [ 2318990.600199998356402, -1132273.434300001244992 ], [ 2318774.123400006443262, -1132314.349300001282245 ], [ 2318001.523446948267519, -1131902.505398274632171 ], [ 2317953.85510000679642, -1131877.095200001262128 ], [ 2317661.545100002549589, -1131681.891185724176466 ], [ 2317096.969999996945262, -1131304.869099999079481 ], [ 2317089.074163038283587, -1131317.607081402791664 ], [ 2317015.405599999241531, -1131436.453099992359057 ], [ 2316720.698403928428888, -1131322.523596068844199 ], [ 2316680.705700006335974, -1131307.062999994494021 ], [ 2316579.989552677609026, -1130784.081800000509247 ], [ 2316559.406900000758469, -1130677.203800001647323 ], [ 2316275.73041080776602, -1130554.218341276049614 ], [ 2316136.83835961855948, -1130494.002908271038905 ], [ 2316021.474000003188848, -1130443.987700001103804 ], [ 2315746.620917002670467, -1130514.164158499799669 ], [ 2315716.005101893097162, -1130521.981096392031759 ], [ 2315669.606700005941093, -1130533.827699998393655 ], [ 2315657.38925439119339, -1130608.154554420383647 ], [ 2315531.81780000589788, -1131372.089300001738593 ], [ 2315382.150299998931587, -1131449.059714052360505 ], [ 2315225.78959531430155, -1131529.472283110022545 ], [ 2315080.223000006750226, -1131604.333699998445809 ], [ 2314959.574290519580245, -1131860.26859999797307 ], [ 2314953.57940000295639, -1131872.985700002638623 ], [ 2314614.715400001965463, -1132025.353799998294562 ], [ 2314570.22915552277118, -1131860.26859999797307 ], [ 2314525.930600000545382, -1131695.879899999825284 ], [ 2314538.00970000680536, -1131443.753700001630932 ], [ 2314023.970561130903661, -1131499.034883658634499 ], [ 2314004.056226065382361, -1131501.176526058930904 ], [ 2313951.739600005559623, -1131506.802799997851253 ], [ 2313948.221150572411716, -1131481.14259999897331 ], [ 2313896.668000009842217, -1131105.163300001528114 ], [ 2314247.241600008681417, -1130886.88160000112839 ], [ 2314306.773000005632639, -1130728.13129999791272 ], [ 2314340.5552649339661, -1130330.787091044010594 ], [ 2314341.49959999974817, -1130319.67990000359714 ], [ 2314235.666100005619228, -1130121.242 ], [ 2314151.505588134750724, -1130007.024146237177774 ], [ 2314050.457399997860193, -1129869.887300000526011 ], [ 2313887.354255452752113, -1129869.887300000526011 ], [ 2313838.790299998596311, -1129869.887300000526011 ], [ 2313587.435600006021559, -1129737.595399995334446 ], [ 2313706.4984, -1129512.69910000055097 ], [ 2314605.49309999961406, -1129039.543982186121866 ], [ 2315214.626400000415742, -1128718.947500000242144 ], [ 2315334.841700002551079, -1128706.925994234159589 ], [ 2315611.50220000743866, -1128679.260000004665926 ], [ 2315992.444692755118012, -1128907.825418867170811 ], [ 2316008.378000007942319, -1128917.385400003753603 ], [ 2316220.045099999755621, -1128930.614599992521107 ], [ 2316709.525199998170137, -1129155.51090000057593 ], [ 2316855.046299999579787, -1128838.010300001129508 ], [ 2316909.066200002096593, -1128801.997042407281697 ], [ 2317005.557335171848536, -1128737.669635175727308 ], [ 2317053.484200010076165, -1128705.718400002457201 ], [ 2317476.818400007672608, -1128613.113999999593943 ], [ 2317701.714699995703995, -1128374.988499995786697 ], [ 2317754.631500004790723, -1127713.528899998404086 ], [ 2317648.797899999655783, -1127673.841299998108298 ], [ 2317648.797899999655783, -1127475.403400001581758 ], [ 2317569.422799997031689, -1127104.985999999102205 ], [ 2317426.21255172137171, -1126911.652199995005503 ], [ 2317304.838900009170175, -1126747.797799999127164 ], [ 2317673.187961908057332, -1126277.12948977551423 ], [ 2317781.08979999832809, -1126139.254899993073195 ], [ 2318084.485607144422829, -1125996.480406487593427 ], [ 2318230.882400001399219, -1125927.587800000794232 ], [ 2318937.409599998965859, -1126033.039588768966496 ] ] ] } },
{ "type": "Feature", "properties": { "ID": 2011, "YEAR": "2017-2018", "Perimtr_KM": 8.1114157412200001, "AREA_KM": 1.2169210658, "SCALE": 1, "THICKNES_M": 346.35146901500002, "VOLUME_KM": 0.42148239881, "MASS_GT": 0.38649935971, "RECURRANCE": "3-4", "UA_KM": 0.04055707871, "UH_M": 28.747171786500001, "UC_KM": 0.03224939424, "REGION": "East", "ICESHELF": "Totten" }, "geometry": { "type": "Polygon", "coordinates": [ [ [ 2316390.060949619859457, -1117212.469655195716769 ], [ 2316420.053499998524785, -1117189.631699995137751 ], [ 2316879.821900006383657, -1117786.415300001623109 ], [ 2317442.469541260041296, -1117900.675868583843112 ], [ 2317571.644600002095103, -1117926.908299999544397 ], [ 2317632.228566232137382, -1117940.590520599624142 ], [ 2317967.635600008070469, -1118016.338500003796071 ], [ 2318059.71000000834465, -1118475.829200000502169 ], [ 2317981.954182388260961, -1118539.207705907290801 ], [ 2317824.933300006203353, -1118667.194899996276945 ], [ 2317835.625900009647012, -1118874.871900002239272 ], [ 2317400.131400006823242, -1118971.648400004720315 ], [ 2317257.256099997088313, -1118717.64790000137873 ], [ 2317257.007403285242617, -1118717.284420175012201 ], [ 2317178.311571598984301, -1118602.267429527826607 ], [ 2317154.068400006741285, -1118566.835100001422688 ], [ 2317198.509970469400287, -1118465.254397981334478 ], [ 2317320.756300004199147, -1118185.83429999393411 ], [ 2317217.568600000813603, -1117979.458900000667199 ], [ 2316725.442600000649691, -1117741.333500001579523 ], [ 2316412.693074367009103, -1117661.724479036638513 ], [ 2316288.879200000315905, -1117630.208199997199699 ], [ 2315844.378300002776086, -1117646.083300001453608 ], [ 2315708.705283955670893, -1117660.118409102316946 ], [ 2315614.190299996174872, -1117669.895799997495487 ], [ 2315442.475700006820261, -1117462.962899997830391 ], [ 2315454.032007433474064, -1117398.865320425480604 ], [ 2315517.554600005969405, -1117046.53440000093542 ], [ 2315729.127400012686849, -1116965.836399996420369 ], [ 2316018.672200013883412, -1117495.265200001886114 ], [ 2316390.060949619859457, -1117212.469655195716769 ] ] ] } },
{ "type": "Feature", "properties": { "ID": 2015, "YEAR": "2017-2018", "Perimtr_KM": 8.8819299019700004, "AREA_KM": 1.79548654817, "SCALE": 1, "THICKNES_M": 136.87588501, "VOLUME_KM": 0.2457588103, "MASS_GT": 0.22536082905, "RECURRANCE": "3-4", "UA_KM": 0.04440964951, "UH_M": 11.3606983998, "UC_KM": 0.01880404207, "REGION": "West", "ICESHELF": "Getz" }, "geometry": { "type": "Polygon", "coordinates": [ [ [ -1218850.251499998616055, -1174672.168840361526236 ], [ -1218560.645836749114096, -1174701.75101996329613 ], [ -1218409.846910707652569, -1174717.154589295852929 ], [ -1218106.792599997948855, -1174748.110499993665144 ], [ -1217624.191699996590614, -1174913.210800002096221 ], [ -1217242.337356417672709, -1174981.096007724991068 ], [ -1217052.690499995369464, -1175014.810999993933365 ], [ -1217050.075394290033728, -1175033.81409999798052 ], [ -1217039.609632014064118, -1175109.865299995522946 ], [ -1217028.316147681558505, -1175191.931279813637957 ], [ -1217017.424681706586853, -1175271.075926462654024 ], [ -1216957.440299995243549, -1175706.962400002637878 ], [ -1216309.739000001223758, -1176151.463299999479204 ], [ -1215468.827799997292459, -1176700.284799997229129 ], [ -1215596.549699995899573, -1176649.022599995601922 ], [ -1215884.728799994336441, -1176732.912300005322322 ], [ -1217277.54489999753423, -1176106.959163392661139 ], [ -1217379.206807171925902, -1176061.270783181069419 ], [ -1217639.280899999663234, -1175944.389400004642084 ], [ -1217738.030455064726993, -1175834.734989832853898 ], [ -1218036.114700002595782, -1175503.733477593865246 ], [ -1218255.370400000130758, -1175260.265499999281019 ], [ -1218322.236399998888373, -1174862.710000003920868 ], [ -1218365.068199997767806, -1174849.776004161685705 ], [ -1218534.464167571626604, -1174798.62319854227826 ], [ -1218837.097674025921151, -1174707.236413183389232 ], [ -1219005.864799997303635, -1174656.273499992676079 ], [ -1218850.251499998616055, -1174672.168840361526236 ] ] ] } },
{ "type": "Feature", "properties": { "ID": 2016, "YEAR": "2017-2018", "Perimtr_KM": 30.967657805599998, "AREA_KM": 12.3121433124, "SCALE": 2, "THICKNES_M": 362.792169, "VOLUME_KM": 4.4667491773399997, "MASS_GT": 4.0960089956200001, "RECURRANCE": "1-2", "UA_KM": 0.15483828903, "UH_M": 30.1117498785, "UC_KM": 0.34176980008000002, "REGION": "West", "ICESHELF": "Getz" }, "geometry": { "type": "Polygon", "coordinates": [ [ [ -1235181.9768, -1166429.593899997416884 ], [ -1234970.733848405536264, -1166693.647554831812158 ], [ -1234877.176199990557507, -1166810.594600000185892 ], [ -1234747.010478915646672, -1166780.556350605096668 ], [ -1234712.075799997895956, -1166772.494499997934327 ], [ -1234267.574999998789281, -1166581.994200002169237 ], [ -1234104.958366856910288, -1166640.536161293275654 ], [ -1234075.813355629099533, -1166651.028360561234877 ], [ -1233950.074299994390458, -1166696.294399997917935 ], [ -1233588.123600000748411, -1166861.394699999596924 ], [ -1233340.473099995870143, -1167191.595400000922382 ], [ -1233111.872599999886006, -1167680.546399998711422 ], [ -1232975.210665807360783, -1168051.486001518089324 ], [ -1232955.809825139585882, -1168104.145435545826331 ], [ -1232934.072299994528294, -1168163.1473 ], [ -1232881.331763769732788, -1168171.53784221271053 ], [ -1232375.271200001938269, -1168252.04750000173226 ], [ -1232121.270699998596683, -1168613.998200002126396 ], [ -1231770.510936480481178, -1168753.402723215287551 ], [ -1231625.969700002344325, -1168810.848600001074374 ], [ -1231225.918899999465793, -1169020.399000003701076 ], [ -1231019.121465014060959, -1169609.322123921010643 ], [ -1230933.818300000391901, -1169852.25069999974221 ], [ -1230705.217799997655675, -1170023.700999999884516 ], [ -1230360.215558234369382, -1170012.834809217602015 ], [ -1229898.766200000187382, -1169998.300999999046326 ], [ -1229853.918211529264227, -1169980.682144234655425 ], [ -1229543.165499998256564, -1169858.600699998205528 ], [ -1228819.264099997235462, -1170430.101899999193847 ], [ -1228797.298164633102715, -1170443.06540064048022 ], [ -1227886.415018237195909, -1170980.63569087558426 ], [ -1227657.21169999986887, -1171115.903199997730553 ], [ -1226794.228227376937866, -1171319.370886194054037 ], [ -1226489.867832426913083, -1171391.130667579593137 ], [ -1226260.392869134899229, -1171445.23453086335212 ], [ -1226178.541578961769119, -1171464.532806150615215 ], [ -1226095.108599997358397, -1171484.204000001540408 ], [ -1225358.507100001443177, -1171655.654300001682714 ], [ -1224466.936800000490621, -1171946.70412066928111 ], [ -1223821.804099997738376, -1172157.305300003150478 ], [ -1224145.654699995880947, -1172519.256000003777444 ], [ -1224551.379228829406202, -1172911.456410811282694 ], [ -1224638.417899997672066, -1172995.593800002709031 ], [ -1225172.821000000927597, -1172860.549299992853776 ], [ -1226021.139500002842396, -1172556.870679546380416 ], [ -1226373.278700002469122, -1172430.812899991869926 ], [ -1226698.864754618844017, -1172454.371141485869884 ], [ -1226952.475400000112131, -1172472.721499999752268 ], [ -1227303.965095381485298, -1172291.43916949024424 ], [ -1229209.874967474956065, -1171308.457910329569131 ], [ -1229225.990800001658499, -1171300.146100002573803 ], [ -1229318.815954592311755, -1171345.857257226947695 ], [ -1229493.057300000917166, -1171431.661300000501797 ], [ -1229503.454599995631725, -1171423.841399999335408 ], [ -1229507.154399999417365, -1171419.929099992848933 ], [ -1229511.247499996330589, -1171417.179599999450147 ], [ -1229515.110499999718741, -1171414.123599997023121 ], [ -1229519.023400000529364, -1171412.015100001357496 ], [ -1229522.853900001151487, -1171410.222599995322526 ], [ -1229526.606600001687184, -1171408.744199997978285 ], [ -1229530.291800000471994, -1171407.576499997638166 ], [ -1229534.008699998026714, -1171406.0081 ], [ -1229537.556900000665337, -1171405.464100000681356 ], [ -1229541.041399997891858, -1171405.231000001076609 ], [ -1229544.927099995547906, -1171404.129200001480058 ], [ -1229548.092499998863786, -1171403.970899995649233 ], [ -1229551.400899997213855, -1171404.67080000275746 ], [ -1229554.517200000351295, -1171405.054000000236556 ], [ -1229558.264999999897555, -1171407.428099998505786 ], [ -1229562.083300000522286, -1171409.615400000708178 ], [ -1229565.878599999472499, -1171412.334100004052743 ], [ -1229569.661799996392801, -1171415.5915 ], [ -1229573.735399994300678, -1171419.681400001980364 ], [ -1229577.529599995585158, -1171424.04659999650903 ], [ -1229581.356800002977252, -1171428.995100002503023 ], [ -1229585.703899990068749, -1171433.379800002789125 ], [ -1229592.766199998091906, -1171446.6742 ], [ -1229600.074499998241663, -1171459.581699994159862 ], [ -1229606.890800000634044, -1171476.332099998369813 ], [ -1229628.52019999618642, -1171519.951099999016151 ], [ -1229635.241300003835931, -1171532.435100003844127 ], [ -1229640.905900002224371, -1171546.436300001572818 ], [ -1229648.382499998901039, -1171558.451499999733642 ], [ -1229652.352899997029454, -1171564.106100000441074 ], [ -1229656.009399996139109, -1171569.079099997645244 ], [ -1229659.664500003680587, -1171573.681900001130998 ], [ -1229663.188799995929003, -1171578.762900000903755 ], [ -1229667.047599997604266, -1171581.5629 ], [ -1229670.738500001374632, -1171585.100399998947978 ], [ -1229674.784600001992658, -1171588.102499997708946 ], [ -1229679.196499998914078, -1171591.593499996932223 ], [ -1229683.837200002511963, -1171594.945899998769164 ], [ -1229688.708200002321973, -1171598.160800001351163 ], [ -1229693.810799998696893, -1171601.239000001456589 ], [ -1229698.615499999374151, -1171605.517600000603124 ], [ -1229704.648800001945347, -1171607.146199994022027 ], [ -1229710.210999991046265, -1171609.36460000067018 ], [ -1229716.118000001413748, -1171611.277300002751872 ], [ -1229722.405499996850267, -1171613.687399999471381 ], [ -1229728.760899999644607, -1171617.314499993110076 ], [ -1229735.544199995929375, -1171619.466999992262572 ], [ -1229750.092799997655675, -1171621.75699999788776 ], [ -1229765.407400002935901, -1171624.094699998851866 ], [ -1230143.203099996317178, -1171381.531099994666874 ], [ -1230876.347618345636874, -1170877.914149334887043 ], [ -1231079.59090000228025, -1170738.30080000218004 ], [ -1231479.879600000800565, -1170475.503000002587214 ], [ -1231529.507620532298461, -1170454.175682698842138 ], [ -1232011.9468, -1170246.850600002566352 ], [ -1232239.13430000282824, -1169617.592999997548759 ], [ -1232273.67221150896512, -1169563.174037848366424 ], [ -1232782.075799997663125, -1168762.118200002005324 ], [ -1233214.195089985616505, -1168254.574580428190529 ], [ -1233360.149700000416487, -1168083.14430000144057 ], [ -1233661.346299995435402, -1168016.321699998341501 ], [ -1233679.908532334724441, -1167984.457466859836131 ], [ -1233746.053977732080966, -1167870.911108091473579 ], [ -1233903.000399998156354, -1167601.494299997808412 ], [ -1234289.433822219492868, -1167279.000472758430988 ], [ -1234409.163699999684468, -1167179.081199993146583 ], [ -1234522.52030705078505, -1167366.683892616070807 ], [ -1234525.06529999896884, -1167370.895799991441891 ], [ -1234557.53535124915652, -1167352.870853620115668 ], [ -1235335.661600003484637, -1166920.913300002226606 ], [ -1235838.51208805013448, -1166314.63455975940451 ], [ -1236125.928099998738617, -1165968.101700001163408 ], [ -1236075.942200001562014, -1165934.268999997759238 ], [ -1235594.72760000010021, -1165991.442999999038875 ], [ -1235181.9768, -1166429.593899997416884 ] ] ] } },
{ "type": "Feature", "properties": { "ID": 2017, "YEAR": "2017-2018", "Perimtr_KM": 14.018650944599999, "AREA_KM": 4.3928802075700002, "SCALE": 1, "THICKNES_M": 442.94192504900002, "VOLUME_KM": 1.9457908156499999, "MASS_GT": 1.78429017795, "RECURRANCE": "3-4", "UA_KM": 0.07009325472, "UH_M": 36.764179597800002, "UC_KM": 0.14888065384, "REGION": "West", "ICESHELF": "Getz" }, "geometry": { "type": "Polygon", "coordinates": [ [ [ -1247113.650599998887628, -1159711.280400001443923 ], [ -1247084.015199998626485, -1159831.468700002646074 ], [ -1246973.950399995781481, -1159889.080799998017028 ], [ -1246180.198800001991913, -1160092.281200001947582 ], [ -1245973.762614222476259, -1160003.808520511956885 ], [ -1245869.048200000775978, -1159958.930899992585182 ], [ -1245418.646314583951607, -1159943.917535342974588 ], [ -1245297.546999999787658, -1159939.880899997195229 ], [ -1245129.10409278050065, -1160095.611111365957186 ], [ -1244960.9963, -1160251.031499998411164 ], [ -1244914.850862940773368, -1160330.808368357131258 ], [ -1244586.345600002678111, -1160898.732799999415874 ], [ -1244568.073774439748377, -1160896.06815802375786 ], [ -1244281.545, -1160854.282699991716072 ], [ -1244219.522391081089154, -1160845.337130225030705 ], [ -1243621.143700001994148, -1160759.032499991590157 ], [ -1243398.89319999772124, -1160949.532899998826906 ], [ -1243132.768599998438731, -1161110.981799998087808 ], [ -1243804.570783691015095, -1161158.838368844473734 ], [ -1244079.282185540301725, -1161178.407738272566348 ], [ -1244397.510115436743945, -1161201.077055531088263 ], [ -1244545.089000003645197, -1161211.58999999682419 ], [ -1244533.742302619386464, -1161238.145174167817459 ], [ -1244232.499599997419864, -1161943.156699998537078 ], [ -1244244.281241794582456, -1161964.121694390662014 ], [ -1244361.387263498967513, -1162172.507514512166381 ], [ -1244374.962699996307492, -1162196.664500005310401 ], [ -1244425.548075861763209, -1162174.758773324079812 ], [ -1245034.106499996501952, -1161911.225799997569993 ], [ -1245412.666099995840341, -1161565.636399996001273 ], [ -1245597.712379443692043, -1161496.4236069326289 ], [ -1246230.492999998154119, -1161259.7449 ], [ -1246250.926300001097843, -1161231.644999996060506 ], [ -1246270.571400002576411, -1161203.867499999236315 ], [ -1246272.623250745469704, -1161201.168244370492175 ], [ -1246291.539799997815862, -1161176.283099997788668 ], [ -1246312.305300003150478, -1161152.675500005017966 ], [ -1246322.821563128149137, -1161140.98201812361367 ], [ -1246332.614799995906651, -1161130.092499999562278 ], [ -1246352.614399995421991, -1161109.321400001179427 ], [ -1246370.784499997505918, -1161089.161999999545515 ], [ -1246388.654599999310449, -1161069.894099996890873 ], [ -1246407.34919999493286, -1161052.867400000104681 ], [ -1246423.751799998804927, -1161033.216800003312528 ], [ -1246441.012200003257021, -1161013.672 ], [ -1246524.747699997387826, -1160927.406099994899705 ], [ -1246538.532578941900283, -1160913.154183973092586 ], [ -1246768.555399997159839, -1160675.33809999958612 ], [ -1247004.377899998333305, -1160592.869499993044883 ], [ -1247322.299300001934171, -1160599.307400000747293 ], [ -1247449.357971774414182, -1160458.825700001092628 ], [ -1247671.16800000355579, -1160213.582699992228299 ], [ -1247663.071699998341501, -1160092.137100002728403 ], [ -1247642.351300001144409, -1159752.351000001654029 ], [ -1247637.588599998038262, -1159753.570599999045953 ], [ -1247373.101700001629069, -1159800.682099994970486 ], [ -1247259.4054000005126, -1159619.124400004511699 ], [ -1247051.683200001949444, -1159239.578899994725361 ], [ -1247051.683200001949444, -1159045.265800000866875 ], [ -1247087.6795, -1158842.879400003002957 ], [ -1247038.405299997655675, -1158830.419299994595349 ], [ -1246961.250300000887364, -1159006.429000002564862 ], [ -1246954.900299995671958, -1159349.329699994064867 ], [ -1247037.450499998871237, -1159584.2802000020165 ], [ -1247113.650599998887628, -1159711.280400001443923 ] ] ] } },
{ "type": "Feature", "properties": { "ID": 2019, "YEAR": "2017-2018", "Perimtr_KM": 10.192601487299999, "AREA_KM": 2.5629576885000001, "SCALE": 1, "THICKNES_M": 343.339182, "VOLUME_KM": 0.87996379627, "MASS_GT": 0.80692680118000004, "RECURRANCE": "4-5", "UA_KM": 0.05096300744, "UH_M": 28.497151965499999, "UC_KM": 0.06732973776, "REGION": "West", "ICESHELF": "Getz" }, "geometry": { "type": "Polygon", "coordinates": [ [ [ -1289032.730300002731383, -1116002.555500003043562 ], [ -1288704.709321881178766, -1116400.866666637128219 ], [ -1288560.079583059065044, -1116576.48848305689171 ], [ -1288477.104199999244884, -1116677.244300002697855 ], [ -1288318.353899996029213, -1116542.306600000243634 ], [ -1288221.964957676827908, -1116398.843999999575317 ], [ -1288128.519556163577363, -1116259.762483624741435 ], [ -1287977.040699995821342, -1116034.305600000312552 ], [ -1287871.947397095849738, -1116143.777781326789409 ], [ -1287766.286794296232983, -1116253.840900003910065 ], [ -1287596.039900001836941, -1116431.18140000058338 ], [ -1287512.416400002781302, -1116496.221896245609969 ], [ -1287185.946373490383849, -1116750.143013335997239 ], [ -1287100.526099995244294, -1116816.581000003032386 ], [ -1287107.208199998131022, -1116825.043499996187165 ], [ -1287107.089799999026582, -1116827.14779999689199 ], [ -1287108.603900001384318, -1116830.72139999922365 ], [ -1287148.406199995428324, -1116890.132699998328462 ], [ -1287169.762199999764562, -1116920.457300001522526 ], [ -1287193.140399998053908, -1116950.454499998828396 ], [ -1287207.010899998713285, -1116969.389800000470132 ], [ -1287219.382000000216067, -1116982.922300002770498 ], [ -1287222.41019999794662, -1116981.56982566555962 ], [ -1287463.236996438819915, -1116874.010198602220044 ], [ -1288037.50789999589324, -1116617.525599999818951 ], [ -1288831.972400000551715, -1116995.9546 ], [ -1288991.14989467849955, -1117014.930519388057292 ], [ -1289740.165399994468316, -1117104.222399994730949 ], [ -1290151.991966854548082, -1117122.268294389592484 ], [ -1290309.503099998692051, -1117129.17029999778606 ], [ -1290707.241706447210163, -1116988.099808786762878 ], [ -1290772.529899996006861, -1116964.943300003185868 ], [ -1290839.720799997914582, -1116804.63929999852553 ], [ -1290577.199871564051136, -1116842.142282233573496 ], [ -1290342.420399999711663, -1116875.682199999457225 ], [ -1290340.818509319098666, -1116872.647039431147277 ], [ -1290191.607599999755621, -1116589.931699996814132 ], [ -1290188.94584486912936, -1116512.740650274557993 ], [ -1290181.262175138341263, -1116289.913792550796643 ], [ -1290175.7326, -1116129.555800000438467 ], [ -1289945.544599999440834, -1115883.49280000012368 ], [ -1289821.717092220438644, -1115746.329999999841675 ], [ -1289429.606099996250123, -1115311.991599992383271 ], [ -1289032.730300002731383, -1116002.555500003043562 ] ] ] } },
{ "type": "Feature", "properties": { "ID": 2020, "YEAR": "2017-2018", "Perimtr_KM": 6.3040088826499998, "AREA_KM": 1.3306473215200001, "SCALE": 1, "THICKNES_M": 343.339182, "VOLUME_KM": 0.4568633629, "MASS_GT": 0.41894370378000001, "RECURRANCE": "2-3", "UA_KM": 0.03152004441, "UH_M": 28.497151965499999, "UC_KM": 0.03495654088, "REGION": "West", "ICESHELF": "Getz" }, "geometry": { "type": "Polygon", "coordinates": [ [ [ -1304864.914467167807743, -1107560.188471231609583 ], [ -1304682.834399996791035, -1107720.271599997999147 ], [ -1304765.577899997588247, -1107738.107500004814938 ], [ -1304731.636700001778081, -1107844.164799992693588 ], [ -1304942.326000000350177, -1107860.894200001843274 ], [ -1305128.236499996390194, -1107764.097699997015297 ], [ -1305225.038300000596792, -1107861.502800001529977 ], [ -1304984.471199997002259, -1108109.573800003156066 ], [ -1304982.966099999379367, -1108253.315199999138713 ], [ -1305645.64349999721162, -1108027.678100004792213 ], [ -1305765.498599996557459, -1108208.147200002335012 ], [ -1306005.694299997063354, -1108605.247200002195314 ], [ -1306208.37229999830015, -1108287.81509999721311 ], [ -1306421.20397479692474, -1108154.558765048859641 ], [ -1306449.967679219553247, -1108136.549482197966427 ], [ -1306568.980499999830499, -1108062.034200004069135 ], [ -1306608.164824847597629, -1108033.308765070745721 ], [ -1306822.868299995549023, -1107875.912900003837422 ], [ -1306574.640400000149384, -1107795.1641 ], [ -1306421.091285306029022, -1107700.109901492716745 ], [ -1306241.264699996216223, -1107588.7887 ], [ -1306026.9518, -1107541.163600003346801 ], [ -1305812.638899996643886, -1107422.100800002459437 ], [ -1305615.593868687516078, -1107244.279753928538412 ], [ -1305487.200699995970353, -1107128.412799996789545 ], [ -1305193.512599999085069, -1107271.287999995518476 ], [ -1304864.914467167807743, -1107560.188471231609583 ] ] ] } },
{ "type": "Feature", "properties": { "ID": 2021, "YEAR": "2017-2018", "Perimtr_KM": 13.488497365100001, "AREA_KM": 1.57632009767, "SCALE": 1, "THICKNES_M": 194.435923258, "VOLUME_KM": 0.30649325354000001, "MASS_GT": 0.2810543135, "RECURRANCE": ">8", "UA_KM": 0.06744248683, "UH_M": 16.138181550799999, "UC_KM": 0.02345109023, "REGION": "East", "ICESHELF": "Ross_East" }, "geometry": { "type": "Polygon", "coordinates": [ [ [ 97136.81470000743866, -1357664.479100002208725 ], [ 98241.541000005789101, -1357801.864100002683699 ], [ 99194.042899996042252, -1358452.740399999544024 ], [ 99527.418600006960332, -1358484.490399998612702 ], [ 99733.793999999761581, -1358722.615900002652779 ], [ 100702.17089999653399, -1359135.366700002457947 ], [ 101368.922300004400313, -1359167.116799992742017 ], [ 101734.048000000882894, -1359246.492 ], [ 102299.84650000045076, -1359705.417399994796142 ], [ 103309.1848000055179, -1359832.628900001524016 ], [ 102925.537799995392561, -1359959.022300004726276 ], [ 102265.205299999564886, -1359783.49640000029467 ], [ 101519.469900000374764, -1359436.4191000002902 ], [ 100081.303300004452467, -1359225.581400002585724 ], [ 99654.943500002380461, -1358887.683600003365427 ], [ 99054.322400003671646, -1358753.177700002444908 ], [ 99019.129900004714727, -1358745.301800000481308 ], [ 97212.001300001982599, -1357685.306699998211116 ], [ 97136.81470000743866, -1357664.479100002208725 ] ] ] } },
{ "type": "Feature", "properties": { "ID": 2023, "YEAR": "2017-2018", "Perimtr_KM": 13.839682205500001, "AREA_KM": 2.46697008706, "SCALE": 1, "THICKNES_M": 325.80708195599999, "VOLUME_KM": 0.80375632533999997, "MASS_GT": 0.73704455034000005, "RECURRANCE": "5-6", "UA_KM": 0.06919841103, "UH_M": 27.041987669000001, "UC_KM": 0.06149878306, "REGION": "West", "ICESHELF": "Ross_West" }, "geometry": { "type": "Polygon", "coordinates": [ [ [ -414969.732399996370077, -1215460.160000003874302 ], [ -414572.856600002851337, -1215671.827100002905354 ], [ -413805.563400000333786, -1215737.973000003257766 ], [ -413249.937299997080117, -1215605.681099997833371 ], [ -412363.581399998161942, -1215592.451900002313778 ], [ -411544.950500000733882, -1215580.315500001655892 ], [ -412586.251899995841086, -1215924.562900000717491 ], [ -413999.959900001529604, -1215951.144500000635162 ], [ -414906.882899997290224, -1215818.352000005077571 ], [ -416375.052400002256036, -1216346.653700002701953 ], [ -417229.095699991565198, -1217140.00290000019595 ], [ -417323.23459999775514, -1217165.612900000996888 ], [ -416887.965399999171495, -1216597.870600001886487 ], [ -416861.507000001613051, -1216399.432699998375028 ], [ -417152.549300001002848, -1216161.30720000131987 ], [ -417152.549300001002848, -1215618.910299993352965 ], [ -416980.569800002500415, -1215473.389199999393895 ], [ -416358.797700000461191, -1215579.222699993057176 ], [ -415710.567200000863522, -1215446.930800001369789 ], [ -414969.732399996370077, -1215460.160000003874302 ] ] ] } },
{ "type": "Feature", "properties": { "ID": 2024, "YEAR": "2017-2018", "Perimtr_KM": 19.8489452347, "AREA_KM": 5.6713317750999996, "SCALE": 1, "THICKNES_M": 305.07444624499999, "VOLUME_KM": 1.7301784007600001, "MASS_GT": 1.5865735935, "RECURRANCE": "5-6", "UA_KM": 0.09924472617000001, "UH_M": 25.321178913499999, "UC_KM": 0.1323832395, "REGION": "West", "ICESHELF": "Ross_West" }, "geometry": { "type": "Polygon", "coordinates": [ [ [ -406356.466299999970943, -1214528.145100003574044 ], [ -407081.091399999801069, -1214951.336900001391768 ], [ -407455.489899997133762, -1214845.576799996430054 ], [ -407724.641700001433492, -1215426.783200001344085 ], [ -409008.132699996698648, -1215054.681499998550862 ], [ -409905.483299996703863, -1215032.141599994851276 ], [ -409003.366300001740456, -1214825.158699999796227 ], [ -408288.989900001790375, -1214692.86680000112392 ], [ -407680.447000002488494, -1214679.637599998852238 ], [ -407402.633999996352941, -1214401.824500001501292 ], [ -406952.841400000266731, -1214150.469900000141934 ], [ -406635.340800000820309, -1213713.906499999575317 ], [ -405907.735100000631064, -1213290.572300001513213 ], [ -404690.649399999529123, -1212854.008900000946596 ], [ -403566.167899999301881, -1212470.36230000294745 ], [ -403314.813299997709692, -1212311.611999999731779 ], [ -402957.625099997967482, -1212192.549300003563985 ], [ -401912.518799997866154, -1211927.965400001965463 ], [ -401330.434300003107637, -1212139.632500000996515 ], [ -400947.171099998988211, -1212306.1812 ], [ -401782.202099997550249, -1212417.58369999891147 ], [ -404394.052299994509667, -1213676.50549999345094 ], [ -405926.092799995560199, -1214131.076800002716482 ], [ -406356.466299999970943, -1214528.145100003574044 ] ] ] } },
{ "type": "Feature", "properties": { "ID": 2033, "YEAR": "2017-2018", "Perimtr_KM": 6.6616291949899997, "AREA_KM": 1.53310429981, "SCALE": 1, "THICKNES_M": 119.24929046600001, "VOLUME_KM": 0.18282159996, "MASS_GT": 0.16764740717000001, "RECURRANCE": "4-5", "UA_KM": 0.03330814598, "UH_M": 9.8976910598700005, "UC_KM": 0.01398845093, "REGION": "West", "ICESHELF": "Hamilton" }, "geometry": { "type": "Polygon", "coordinates": [ [ [ -508085.966512879356742, -1270531.172466617077589 ], [ -508080.84719999646768, -1270879.289199999067932 ], [ -508194.669199995696545, -1271055.843299997970462 ], [ -508546.713899999391288, -1271542.000300002051517 ], [ -510172.825099999085069, -1272782.538799999281764 ], [ -510206.353200001642108, -1272346.673899993766099 ], [ -509193.796999994665384, -1271259.617300002835691 ], [ -509103.989252699539065, -1271084.367311448091641 ], [ -509052.528199998661876, -1270983.946700000436977 ], [ -508681.136499998159707, -1270712.242099998285994 ], [ -508194.97950000083074, -1270460.781599998474121 ], [ -508087.510299996938556, -1270426.19390000263229 ], [ -508085.966512879356742, -1270531.172466617077589 ] ] ] } },
{ "type": "Feature", "properties": { "ID": 2084, "YEAR": "2017-2018", "Perimtr_KM": 7.2247959494199998, "AREA_KM": 1.5748439460100001, "SCALE": 1, "THICKNES_M": 56.945293426500001, "VOLUME_KM": 0.08967995061, "MASS_GT": 0.08223651471, "RECURRANCE": "1-2", "UA_KM": 0.03612397975, "UH_M": 4.72645933109, "UC_KM": 0.00686179089, "REGION": "West", "ICESHELF": "Fox" }, "geometry": { "type": "Polygon", "coordinates": [ [ [ -1804157.690982962958515, 149591.365887558087707 ], [ -1804131.127799997804686, 149555.159499996807426 ], [ -1804150.159345489693806, 149518.56038960069418 ], [ -1804225.2481, 149374.159000005573034 ], [ -1804240.07759377034381, 149302.977400002535433 ], [ -1804344.310800002887845, 148802.657799997832626 ], [ -1804365.558119671419263, 148634.313648665789515 ], [ -1804411.041668293299153, 148273.943987381644547 ], [ -1804425.75418351823464, 148157.375595290679485 ], [ -1804439.09442706592381, 148051.679817509837449 ], [ -1804447.498499992769212, 147985.093699994497001 ], [ -1804521.586891954299062, 147857.291248950175941 ], [ -1804700.532209516735747, 147548.610636744182557 ], [ -1804764.999199997168034, 147437.4050999940373 ], [ -1804832.347634993260726, 147408.123169060796499 ], [ -1805151.964710694737732, 147269.159210423473269 ], [ -1805312.687799997394904, 147199.279600003734231 ], [ -1805314.059700001962483, 147198.950343974865973 ], [ -1805380.169093803036958, 147183.084088128060102 ], [ -1805709.563599997665733, 147104.029399997089058 ], [ -1805900.712299994658679, 147027.569899995811284 ], [ -1805920.173502192366868, 147094.043682611081749 ], [ -1805929.491399997379631, 147125.870900003239512 ], [ -1805875.013588232686743, 147158.772892619483173 ], [ -1805692.026900000637397, 147269.288100002333522 ], [ -1805753.686174090020359, 147332.675519554875791 ], [ -1805863.348900001961738, 147445.411800004541874 ], [ -1804948.708000002196059, 148344.213900005910546 ], [ -1805141.993492207257077, 148530.463599996175617 ], [ -1805144.916700004134327, 148533.280400002375245 ], [ -1805102.91694408794865, 148579.364990419242531 ], [ -1805090.769114540889859, 148592.694300001952797 ], [ -1804621.719399999827147, 149107.363100000657141 ], [ -1804457.148899998050183, 149373.034317362122238 ], [ -1804359.784600002225488, 149530.212500009220093 ], [ -1804231.605876524932683, 149624.154974796343595 ], [ -1804202.453806299949065, 149645.520592642948031 ], [ -1804199.181599996984005, 149647.91880000103265 ], [ -1804157.690982962958515, 149591.365887558087707 ] ] ] } },
{ "type": "Feature", "properties": { "ID": 2085, "YEAR": "2017-2018", "Perimtr_KM": 8.7093455811999991, "AREA_KM": 2.2487790091700002, "SCALE": 1, "THICKNES_M": 217.638427734, "VOLUME_KM": 0.48942072788000002, "MASS_GT": 0.44879880746, "RECURRANCE": "2-3", "UA_KM": 0.04354672791, "UH_M": 18.063989412800002, "UC_KM": 0.03744764205, "REGION": "West", "ICESHELF": "Ferrigno" }, "geometry": { "type": "Polygon", "coordinates": [ [ [ -1767167.032349382061511, 212316.019804566632956 ], [ -1766900.725059404037893, 212045.233408148400486 ], [ -1766875.715199999278411, 212019.802900015376508 ], [ -1766883.643528872169554, 211996.023365917615592 ], [ -1767108.802099999040365, 211320.702500014565885 ], [ -1767129.968799997819588, 210738.618000006303191 ], [ -1767406.691820474807173, 210273.932158276438713 ], [ -1767476.391416853992268, 210156.889436075463891 ], [ -1767690.88660000055097, 209796.699400003068149 ], [ -1768188.304200002225116, 209108.781399994157255 ], [ -1768248.604200003435835, 209010.798500007484108 ], [ -1768585.554423834197223, 208929.820460557006299 ], [ -1768655.269814384169877, 208913.066010649781674 ], [ -1768755.295289155328646, 208889.027246846351773 ], [ -1768800.563499995972961, 208878.148100004997104 ], [ -1769126.301299998303875, 209011.048100000247359 ], [ -1769118.256400000303984, 209024.763900002464652 ], [ -1769096.111799996346235, 209047.970199997071177 ], [ -1769073.769200003240258, 209070.985600005369633 ], [ -1769057.689800003543496, 209085.807999996934086 ], [ -1769037.776499998755753, 209100.766100004315376 ], [ -1769014.219900001306087, 209116.366599994711578 ], [ -1768988.893299996387213, 209132.650400008074939 ], [ -1768971.002300004009157, 209146.739900006912649 ], [ -1768947.792299997527152, 209162.414700007997453 ], [ -1768880.891800003359094, 209220.353000014089048 ], [ -1768851.5632999970112, 209244.500100003555417 ], [ -1768837.765999995870516, 209257.367000005673617 ], [ -1768822.957300000591204, 209269.852400002069771 ], [ -1768810.093499996000901, 209281.065300004556775 ], [ -1768803.638899992452934, 209293.311700000427663 ], [ -1768789.31649999669753, 209307.927600001450628 ], [ -1768778.684099995763972, 209320.796499995980412 ], [ -1768766.015499997185543, 209335.052600006107241 ], [ -1768755.867500001098961, 209348.558400008827448 ], [ -1768751.747800002107397, 209361.894800003152341 ], [ -1768742.864399999845773, 209375.376700002234429 ], [ -1768732.761899996781722, 209389.554200015030801 ], [ -1768726.03739999816753, 209402.259800005238503 ], [ -1768720.263500003376976, 209420.121799997519702 ], [ -1768709.594900001073256, 209437.848900004290044 ], [ -1768702.313799997558817, 209456.422699995804578 ], [ -1768692.91269999765791, 209474.711900002788752 ], [ -1768687.0674, 209494.163499997463077 ], [ -1768677.518299999646842, 209515.687100005801767 ], [ -1768671.892699999036267, 209537.191600000020117 ], [ -1768666.266899995971471, 209559.906499998178333 ], [ -1768654.239700000500306, 209579.845800003968179 ], [ -1768645.982799996156245, 209602.203500005416572 ], [ -1768639.500800000270829, 209625.445000001229346 ], [ -1768628.719399999128655, 209651.49060000712052 ], [ -1768617.705199999036267, 209700.629599996376783 ], [ -1768608.050399995874614, 209794.233099995646626 ], [ -1768602.478500002995133, 209830.501900003757328 ], [ -1768599.013199997367337, 209866.927100002299994 ], [ -1768593.020699996268377, 209898.581299998331815 ], [ -1768592.886000000173226, 209917.437100014649332 ], [ -1768588.915600002044812, 209934.25309999845922 ], [ -1768583.076400000834838, 209952.074500012211502 ], [ -1768583.237300000619143, 209970.66670000506565 ], [ -1768579.401099995244294, 209985.811800004448742 ], [ -1768575.558599997311831, 210000.491299998946488 ], [ -1768571.726799996336922, 210016.382900009863079 ], [ -1768567.815600001020357, 210030.226700010709465 ], [ -1768567.270300001371652, 210056.04149999609217 ], [ -1768563.360799998277798, 210062.879300004336983 ], [ -1768342.897500000428408, 210252.17650000192225 ], [ -1767705.648200001800433, 211006.834499997086823 ], [ -1767667.291952359722927, 211080.359788482543081 ], [ -1767573.840838875854388, 211259.496708826161921 ], [ -1767360.545000001788139, 211668.364600001834333 ], [ -1767281.893299997318536, 212103.120499993208796 ], [ -1767184.003599999239668, 212333.276500008068979 ], [ -1767167.032349382061511, 212316.019804566632956 ] ] ] } },
{ "type": "Feature", "properties": { "ID": 2086, "YEAR": "2017-2018", "Perimtr_KM": 12.968341373, "AREA_KM": 2.8748405951499998, "SCALE": 1, "THICKNES_M": 153.279173, "VOLUME_KM": 0.44065318893, "MASS_GT": 0.40407897425, "RECURRANCE": "1-2", "UA_KM": 0.06484170687, "UH_M": 12.722171296300001, "UC_KM": 0.03371623217, "REGION": "West", "ICESHELF": "Alison" }, "geometry": { "type": "Polygon", "coordinates": [ [ [ -1750966.089790764497593, 242093.630044711753726 ], [ -1751011.296859111636877, 241828.845729539170861 ], [ -1751037.062800003681332, 241677.930899998173118 ], [ -1751470.968653718708083, 240918.595637781079859 ], [ -1751568.287911154329777, 240748.286933184135705 ], [ -1751632.3765000004787, 240636.131900005973876 ], [ -1751684.289860069286078, 240233.803594923112541 ], [ -1751698.522499998798594, 240123.500700003001839 ], [ -1751611.444089888362214, 240055.773002186790109 ], [ -1751549.6940999974031, 240007.745199996046722 ], [ -1751375.353829861385748, 240198.689312561880797 ], [ -1750855.16140000289306, 240768.423900002148002 ], [ -1750739.406000000657514, 240718.814399993512779 ], [ -1750855.16140000289306, 240073.891199994366616 ], [ -1751078.272804317763075, 239769.648392658680677 ], [ -1751218.964199997251853, 239577.796500015072525 ], [ -1751218.964199997251853, 239186.116015723906457 ], [ -1751218.964199997251853, 238963.070560408756137 ], [ -1751218.964199997251853, 238916.336800006218255 ], [ -1751217.327805777080357, 238849.244676530826837 ], [ -1751216.503085631411523, 238815.431170478463173 ], [ -1751215.837051361100748, 238788.123781611211598 ], [ -1751208.740957961883396, 238497.18412372469902 ], [ -1751202.427700001280755, 238238.340699999127537 ], [ -1751126.412513151532039, 238259.310403981246054 ], [ -1750966.361660413211212, 238303.462357603479177 ], [ -1750912.856297466671094, 238318.222455805633217 ], [ -1750796.505378684494644, 238350.319256805349141 ], [ -1750784.437013803748414, 238353.648460476659238 ], [ -1750722.869499997701496, 238370.632599997799844 ], [ -1750889.618299990426749, 238002.047200002707541 ], [ -1750996.387846866622567, 237988.187399787828326 ], [ -1751010.429537838324904, 237986.364641923457384 ], [ -1751013.017718541435897, 237986.028669087216258 ], [ -1751226.939941633259878, 237958.259334486443549 ], [ -1751343.54205503477715, 237943.123164643067867 ], [ -1751406.047632729401812, 237935.009289061650634 ], [ -1751417.898459765594453, 237933.470928172115237 ], [ -1751467.162235595285892, 237927.075976516120136 ], [ -1751686.889400000451133, 237898.553100015502423 ], [ -1751742.825439566746354, 238697.440220693591982 ], [ -1751752.161600001854822, 238830.780700000934303 ], [ -1751847.175841238349676, 239284.445906264707446 ], [ -1751999.37364431261085, 240011.145891729276627 ], [ -1752038.197700002463534, 240196.519400003366172 ], [ -1752038.616300739115104, 240274.954097832553089 ], [ -1752039.072599997045472, 240360.452500014565885 ], [ -1752012.9069, 240821.01509999576956 ], [ -1751973.412547202780843, 241043.846400001551956 ], [ -1751972.509100001305342, 241048.943744310643524 ], [ -1751968.149139653891325, 241073.543100002221763 ], [ -1751964.259999999310821, 241095.486035725101829 ], [ -1751939.392914682626724, 241235.788751309271902 ], [ -1751932.191944222897291, 241276.417385422624648 ], [ -1751924.410023873439059, 241320.323800002690405 ], [ -1751886.533616058062762, 241534.026483937166631 ], [ -1751835.317200002958998, 241822.994900002609938 ], [ -1751806.069459507009014, 241835.389100595377386 ], [ -1751761.304287470178679, 241854.359062459785491 ], [ -1751753.083800000138581, 241857.842626285739243 ], [ -1751467.598299998790026, 241978.821700003929436 ], [ -1751056.07339889369905, 242136.804049411322922 ], [ -1751038.952699999790639, 242143.376600007992238 ], [ -1751015.563621191773564, 242171.746617744676769 ], [ -1750936.348000000463799, 242267.832000000867993 ], [ -1750966.089790764497593, 242093.630044711753726 ] ] ] } },
{ "type": "Feature", "properties": { "ID": 2092, "YEAR": "2017-2018", "Perimtr_KM": 6.4563426902099996, "AREA_KM": 1.5221763394800001, "SCALE": 1, "THICKNES_M": 317.104980469, "VOLUME_KM": 0.4826896984, "MASS_GT": 0.44262645343000001, "RECURRANCE": ">8", "UA_KM": 0.03228171345, "UH_M": 26.319713249100001, "UC_KM": 0.03693262262, "REGION": "East", "ICESHELF": "Hovde" }, "geometry": { "type": "Polygon", "coordinates": [ [ [ 2222952.291400006972253, 516387.468600006308407 ], [ 2223086.117800001986325, 515952.941500001121312 ], [ 2223101.992800008505583, 515794.19109999993816 ], [ 2223579.906000003218651, 515356.785999993328005 ], [ 2223447.878600009717047, 514974.750399998389184 ], [ 2222957.387200000695884, 515212.204199998639524 ], [ 2222879.558800001628697, 514684.137800002936274 ], [ 2222553.168700003065169, 514624.805800000205636 ], [ 2222436.708100007846951, 514601.883600014261901 ], [ 2222505.111100005917251, 514852.994900002144277 ], [ 2222420.444299996830523, 515032.911900003906339 ], [ 2222304.027400004677474, 515329.245799998287112 ], [ 2222198.193799999542534, 515667.913100003264844 ], [ 2222201.899300001561642, 516496.998000002466142 ], [ 2222239.243999999016523, 516237.772900003008544 ], [ 2222961.619199995882809, 516611.544300008099526 ], [ 2222952.291400006972253, 516387.468600006308407 ] ] ] } },
{ "type": "Feature", "properties": { "ID": 2093, "YEAR": "2017-2018", "Perimtr_KM": 24.687704699400001, "AREA_KM": 7.19036489428, "SCALE": 1, "THICKNES_M": 170.623419625, "VOLUME_KM": 1.22684464661, "MASS_GT": 1.1250165409399999, "RECURRANCE": "1-2", "UA_KM": 0.1234385235, "UH_M": 14.161743759, "UC_KM": 0.09387105319, "REGION": "Peninsula", "ICESHELF": "Verdi" }, "geometry": { "type": "Polygon", "coordinates": [ [ [ -1943903.171602788148448, 542698.584564942400903 ], [ -1943436.798399991821498, 542157.591799994930625 ], [ -1943172.214600001461804, 541956.507999996189028 ], [ -1942854.713899997062981, 541681.340800000820309 ], [ -1942780.630500000435859, 541141.589699997100979 ], [ -1942779.788918297970667, 541117.183843319769949 ], [ -1942727.713699997868389, 539607.003300005570054 ], [ -1942748.880399996414781, 539427.086300003807992 ], [ -1942606.75660931575112, 539120.39809034531936 ], [ -1942601.033094859682024, 539108.047347427345812 ], [ -1942547.796700002625585, 538993.168800005223602 ], [ -1942579.546700001694262, 538675.668100000824779 ], [ -1942759.463799994904548, 538231.167200003750622 ], [ -1942773.468417275696993, 537867.047018531244248 ], [ -1942780.630500000435859, 537680.832799999509007 ], [ -1942785.541784128174186, 537464.736205468419939 ], [ -1942801.797199999215081, 536749.497600014787167 ], [ -1943289.262696377467364, 536047.547274167649448 ], [ -1943330.964899997925386, 535987.496100011281669 ], [ -1943823.312719461973757, 535376.984793948940933 ], [ -1944124.716499998467043, 535003.244100003968924 ], [ -1944346.966899998020381, 534802.160400009714067 ], [ -1944399.883700000587851, 534103.659000016283244 ], [ -1944410.467099999077618, 533807.325100001879036 ], [ -1944485.459917121566832, 533638.591172903310508 ], [ -1944579.800700002582744, 533426.324300001375377 ], [ -1944759.717799995560199, 533182.907100005075336 ], [ -1944802.051200000103563, 532907.739899996202439 ], [ -1944844.384599997662008, 532420.905600001569837 ], [ -1944851.575630417326465, 532405.804432721342891 ], [ -1944918.705032320693135, 532264.832657017745078 ], [ -1944950.218099998077378, 532198.65520000224933 ], [ -1945144.3815999974031, 531804.780699996743351 ], [ -1945088.014746402390301, 532099.864220009651035 ], [ -1945039.032779159024358, 532356.287461497355253 ], [ -1944951.180719651980326, 532816.197733373846859 ], [ -1944850.385699998121709, 533343.865100004710257 ], [ -1944844.394450563006103, 533675.771404913626611 ], [ -1944817.962599996943027, 535140.056600008159876 ], [ -1944910.907899999525398, 535765.487200001720339 ], [ -1944686.562799998559058, 536118.905200008302927 ], [ -1944694.727299998048693, 536463.767800013534725 ], [ -1944540.410500001627952, 537031.701900007668883 ], [ -1944498.263299998827279, 537566.064899994526058 ], [ -1944100.646600000793114, 537775.361399998422712 ], [ -1944089.633562024217099, 537796.025354962795973 ], [ -1943937.097300001885742, 538082.231800006236881 ], [ -1943782.247692992910743, 538128.78646311769262 ], [ -1943502.9548, 538212.754300004802644 ], [ -1943230.340800000820309, 538460.653500000480562 ], [ -1943115.035199996083975, 538800.490500005893409 ], [ -1943070.31639999547042, 539072.375000003259629 ], [ -1943022.770490133436397, 539104.80807151272893 ], [ -1942923.256299995817244, 539172.690900005865842 ], [ -1942835.789799995720387, 539870.103000007104129 ], [ -1942884.020599997369573, 540063.297500001266599 ], [ -1942881.208799996878952, 540838.554400003980845 ], [ -1943033.889256594935432, 541148.28404533257708 ], [ -1943113.923600001260638, 541310.642800006549805 ], [ -1943344.135499998461455, 541440.980099997017533 ], [ -1943625.828799998154864, 541524.594000003766268 ], [ -1943810.108013376127928, 541765.645464659202844 ], [ -1943976.841300001833588, 541983.745499992743134 ], [ -1944043.783499999437481, 542405.00010000448674 ], [ -1944074.440478994511068, 542610.167693566065282 ], [ -1944083.911800001282245, 542673.553200001828372 ], [ -1943969.055033047916368, 542693.960373720619828 ], [ -1943908.465599998366088, 542704.725600001402199 ], [ -1943903.171602788148448, 542698.584564942400903 ] ] ] } },
{ "type": "Feature", "properties": { "ID": 2094, "YEAR": "2017-2018", "Perimtr_KM": 9.8980270244300002, "AREA_KM": 1.1219160184300001, "SCALE": 1, "THICKNES_M": 179.909713745, "VOLUME_KM": 0.20184358972, "MASS_GT": 0.18509057177, "RECURRANCE": "5-6", "UA_KM": 0.04949013512, "UH_M": 14.9325061672, "UC_KM": 0.01544390351, "REGION": "Peninsula", "ICESHELF": "Mendelssohn" }, "geometry": { "type": "Polygon", "coordinates": [ [ [ -1981683.34652581717819, 611211.081193078309298 ], [ -1981133.16260000038892, 610967.890399995259941 ], [ -1980958.537299997638911, 610817.077600008808076 ], [ -1980902.974699997808784, 610507.514500005636364 ], [ -1980617.22409999743104, 610142.388799995649606 ], [ -1980603.685045565478504, 609885.146717050578445 ], [ -1980561.661499997368082, 609086.699200002476573 ], [ -1980815.662000000942498, 608348.510200008284301 ], [ -1980950.599800001364201, 608165.947299997787923 ], [ -1980799.787000001175329, 607943.696899998001754 ], [ -1980895.037200001534075, 607546.821100004948676 ], [ -1981037.912499998230487, 607300.758100004401058 ], [ -1981205.764099997002631, 607227.06710000615567 ], [ -1981208.492799998028204, 607275.175200002267957 ], [ -1981209.261700002942234, 607292.913600007537752 ], [ -1981209.719799999147654, 607308.80480000609532 ], [ -1981209.884500002022833, 607326.982200006954372 ], [ -1981209.603999994229525, 607343.895800004247576 ], [ -1981208.872499999823049, 607359.877400001510978 ], [ -1981228.378699996741489, 607365.970000005327165 ], [ -1981256.497599996626377, 607365.527100008446723 ], [ -1981284.307899996638298, 607365.283500007353723 ], [ -1981308.767299998085946, 607364.745900012087077 ], [ -1981319.775499999523163, 607369.645100008230656 ], [ -1981336.350600001867861, 607371.602299996651709 ], [ -1981340.064500000327826, 607381.279700002633035 ], [ -1981336.792100000660866, 607395.514900002162904 ], [ -1981332.403000002726912, 607411.166500012855977 ], [ -1981323.846000000368804, 607441.029500010423362 ], [ -1981313.676199998008087, 607473.856399999000132 ], [ -1981301.845599993597716, 607508.603300015907735 ], [ -1981278.812499996740371, 607575.374100006185472 ], [ -1981269.598399995360523, 607602.834299999289215 ], [ -1981260.346400000387803, 607631.50119999749586 ], [ -1981252.395599999465048, 607657.38429999537766 ], [ -1981247.661300002131611, 607672.991100005339831 ], [ -1981244.038699997356161, 607687.090099998749793 ], [ -1981239.981400003191084, 607701.715899999253452 ], [ -1981236.994899995392188, 607714.997800002805889 ], [ -1981234.3027000031434, 607727.976200003642589 ], [ -1981231.140099996235222, 607741.641000004019588 ], [ -1981229.021899996791035, 607754.091199998743832 ], [ -1981234.768000000622123, 607761.894500009249896 ], [ -1981243.745299997273833, 607771.541900015436113 ], [ -1981254.767999998759478, 607780.698700001928955 ], [ -1981265.180800000205636, 607790.161700010299683 ], [ -1981275.165100000333041, 607801.047400015406311 ], [ -1981283.887700000777841, 607813.183999998494983 ], [ -1981288.692400000989437, 607827.428500003181398 ], [ -1981288.656800000928342, 607846.199899998959154 ], [ -1981288.944099998101592, 607865.769699996337295 ], [ -1981290.425900000147521, 607898.07490001572296 ], [ -1981291.896299999207258, 607925.235700002871454 ], [ -1981277.847399087855592, 607937.589516068343073 ], [ -1981264.425256461370736, 607949.392196016386151 ], [ -1981155.845100000500679, 608044.871500003151596 ], [ -1981116.973999995738268, 608207.325500004459172 ], [ -1981144.401099998038262, 608349.214600004255772 ], [ -1980857.838300001807511, 608424.59149999730289 ], [ -1980814.09370000124909, 608574.132199994754046 ], [ -1980741.07179999910295, 608847.267500005662441 ], [ -1980663.428499996429309, 609160.77349999640137 ], [ -1980791.106699998723343, 609567.897000010125339 ], [ -1981013.977599997306243, 610094.419199998956174 ], [ -1981238.759966989047825, 610451.299306934233755 ], [ -1981570.264600002905354, 610977.619100003968924 ], [ -1981669.651901452569291, 611047.311150130815804 ], [ -1981899.673399997875094, 611208.606100014410913 ], [ -1981754.848499998450279, 611242.686300012748688 ], [ -1981683.34652581717819, 611211.081193078309298 ] ] ] } },
{ "type": "Feature", "properties": { "ID": 2095, "YEAR": "2017-2018", "Perimtr_KM": 82.694245326599997, "AREA_KM": 28.8523571387, "SCALE": 2, "THICKNES_M": 171.546399783, "VOLUME_KM": 4.9495179923999997, "MASS_GT": 4.5387079990299997, "RECURRANCE": "4-5", "UA_KM": 0.41347122663000002, "UH_M": 14.2383511118, "UC_KM": 0.37870847624999998, "REGION": "Peninsula", "ICESHELF": "Bach" }, "geometry": { "type": "Polygon", "coordinates": [ [ [ -1854948.592202686006203, 576531.437109935563058 ], [ -1854980.590489718364552, 576308.715321145951748 ], [ -1854987.884899998083711, 576257.943100006785244 ], [ -1855064.274519747355953, 576216.678806996438652 ], [ -1855368.789481834508479, 576052.18532394990325 ], [ -1855404.263499997323379, 576033.022899995092303 ], [ -1855538.494126420002431, 575778.479588872753084 ], [ -1855597.809000626439229, 575666.000008894596249 ], [ -1855700.79310000105761, 575470.709900013171136 ], [ -1855864.582600002642721, 575220.686800006311387 ], [ -1856164.381768792169169, 574964.671391497831792 ], [ -1856947.354200003901497, 574296.047100006602705 ], [ -1857129.951400000834838, 574158.423800005111843 ], [ -1857367.419875936117023, 574160.495682191569358 ], [ -1858007.06449999846518, 574166.076500000432134 ], [ -1858485.446999996667728, 574062.041800004895777 ], [ -1859213.178199999034405, 573752.486300001386553 ], [ -1859517.320746042998508, 573372.77090806234628 ], [ -1859633.600699997041374, 573227.597899994347245 ], [ -1859814.690300000365824, 573009.875000007450581 ], [ -1860282.005799999227747, 572860.602900005411357 ], [ -1861055.053099997108802, 572448.197100002318621 ], [ -1861600.480099997483194, 572173.041600010357797 ], [ -1861643.573423280380666, 572167.434109935536981 ], [ -1863915.8118, 571871.76060000853613 ], [ -1864417.508000000845641, 571893.146200007293373 ], [ -1864588.239699999103323, 572052.49579999782145 ], [ -1866405.588702449342236, 571999.779565142467618 ], [ -1866423.813999999547377, 571999.250900003593415 ], [ -1867323.857799991266802, 572285.225200000684708 ], [ -1868166.107399997068569, 572386.553199996706098 ], [ -1868408.440983461914584, 572475.926116107963026 ], [ -1868781.355400000931695, 572613.457400008570403 ], [ -1869339.6280000009574, 572567.183599999174476 ], [ -1869415.935534634394571, 572423.843822409864515 ], [ -1869420.19327132939361, 572415.845883095636964 ], [ -1869435.279952745186165, 572387.506328308954835 ], [ -1869482.312796833459288, 572299.157550643198192 ], [ -1869548.755900000454858, 572174.347600007429719 ], [ -1869611.051742900162935, 572170.825668809469789 ], [ -1869726.98400767496787, 572164.271371740847826 ], [ -1870056.439735681051388, 572145.645403240807354 ], [ -1870231.751120247878134, 572135.734073585364968 ], [ -1870858.32464938564226, 572100.31037981947884 ], [ -1870897.200699995737523, 572098.112500008195639 ], [ -1870977.636191124562174, 572086.103321246337146 ], [ -1871591.028700000606477, 571994.522599997930229 ], [ -1871867.338612477760762, 571848.765951143577695 ], [ -1872164.386785747017711, 571692.069631791207939 ], [ -1872238.542199999094009, 571652.951800006907433 ], [ -1872771.412099999608472, 571105.795600007288158 ], [ -1872815.834051247918978, 570971.75181826017797 ], [ -1872929.832699996419251, 570627.759500011336058 ], [ -1873532.635501419194043, 570647.730070521123707 ], [ -1873587.616069843992591, 570649.551550643518567 ], [ -1873908.105099995387718, 570660.169199996162206 ], [ -1873910.757833495736122, 570659.976513448636979 ], [ -1874545.489799996139482, 570613.871500011067837 ], [ -1875023.636699998518452, 570511.315599997993559 ], [ -1876239.582999999867752, 570386.044699995778501 ], [ -1876498.0264, 569964.709500000812113 ], [ -1877302.110700001940131, 569840.581200006883591 ], [ -1877904.191799996653572, 569579.547099994961172 ], [ -1878208.097999999066815, 569261.026900006923825 ], [ -1878479.498099998570979, 568702.484100004192442 ], [ -1879399.076599997933954, 568227.537700002081692 ], [ -1879863.731899997452274, 567943.723399999551475 ], [ -1880406.578239656751975, 567501.265453316736966 ], [ -1880851.152699999744073, 567138.906000002287328 ], [ -1881304.290893743513152, 566762.235335978213698 ], [ -1881670.716287159593776, 566457.644599291495979 ], [ -1882630.564063095487654, 565659.772108915261924 ], [ -1882798.716699998127297, 565519.995400007814169 ], [ -1883759.3950999986846, 564592.401899999007583 ], [ -1884483.616799996001646, 563574.378000005614012 ], [ -1885145.594484255183488, 562631.54228576971218 ], [ -1885390.908627490047365, 562282.14843013510108 ], [ -1885437.846199999796227, 562215.296599993947893 ], [ -1885709.183743392350152, 561710.185259959194809 ], [ -1885810.210925126448274, 561522.117016588803381 ], [ -1885887.080299996538088, 561379.020000003743917 ], [ -1886003.117560971993953, 561349.793449111748487 ], [ -1886057.118789570871741, 561336.192045190837234 ], [ -1886151.777892944868654, 561312.350056163966656 ], [ -1886160.673899999586865, 561310.109400010667741 ], [ -1886163.683324915356934, 561306.473985406570137 ], [ -1886680.043451640289277, 560682.70592288300395 ], [ -1886782.429399996995926, 560559.022700011264533 ], [ -1886847.574699997901917, 560365.20060000102967 ], [ -1887001.780373593326658, 560207.834529788699001 ], [ -1887657.521300000371411, 559538.6544000050053 ], [ -1887885.16359999938868, 559367.922800004947931 ], [ -1888107.157999995630234, 559052.379700007848442 ], [ -1888122.161914418684319, 559071.30885983677581 ], [ -1888286.645199995487928, 559278.823400004766881 ], [ -1888200.003, 559579.791000003926456 ], [ -1888054.481800001114607, 559817.916500001214445 ], [ -1887631.147700000787154, 560360.313400002196431 ], [ -1887432.709799997275695, 560743.960000006947666 ], [ -1887353.334600003669038, 561193.752599996048957 ], [ -1886930.000399998622015, 561418.648899997584522 ], [ -1886638.958199996966869, 561643.545100001152605 ], [ -1886387.603499997407198, 562384.380000003613532 ], [ -1885646.768699999665841, 563416.256999996490777 ], [ -1884231.244999997550622, 565188.968900005333126 ], [ -1883397.805900001432747, 565757.824200011324137 ], [ -1882670.200200001243502, 566022.408099999651313 ], [ -1882008.740599997108802, 566564.805000014137477 ], [ -1881651.552399997133762, 567107.201900001615286 ], [ -1880791.654799998505041, 567583.45280000474304 ], [ -1880699.050500000361353, 567900.953500009141862 ], [ -1880156.653599999146536, 568456.579600005876273 ], [ -1879853.727324837818742, 568759.50584884127602 ], [ -1879651.297914040274918, 568961.935242054052651 ], [ -1879448.465070880483836, 569164.768067588098347 ], [ -1879005.713700000662357, 569607.519399999175221 ], [ -1878688.213100000983104, 569607.519399999175221 ], [ -1878251.649700000649318, 569991.166000003926456 ], [ -1877828.315600000321865, 570216.062300005462021 ], [ -1877206.193300000391901, 570328.248300007544458 ], [ -1877180.085100000724196, 570361.583400006406009 ], [ -1876511.222502188757062, 570774.461590724531561 ], [ -1876108.520500000799075, 571023.043099994771183 ], [ -1875486.748399998992682, 571089.188999995123595 ], [ -1874827.461100000655279, 570932.193799993954599 ], [ -1874732.684399998979643, 570930.438700012397021 ], [ -1873171.639600002672523, 571089.188999995123595 ], [ -1873145.181199997896329, 571433.147999992594123 ], [ -1872774.763799995649606, 571446.377199994865805 ], [ -1872430.804799997946247, 571922.628200009465218 ], [ -1872179.450099998619407, 572504.712700004223734 ], [ -1871742.886699998052791, 572650.233800011686981 ], [ -1871253.406599999638274, 572954.505300006829202 ], [ -1870816.843199999071658, 573033.880399995949119 ], [ -1869762.15939787728712, 573207.848874912597239 ], [ -1869533.611500000115484, 573245.547499995213002 ], [ -1869388.090300001204014, 573324.922699995804578 ], [ -1868911.839399998309091, 573364.610200004652143 ], [ -1868223.921399996383116, 573166.172299994621426 ], [ -1867192.044299999019131, 572689.921399998478591 ], [ -1866160.167200001422316, 572610.546199997887015 ], [ -1864916.62310000276193, 572359.191600003279746 ], [ -1864400.684500001603737, 572266.587200000416487 ], [ -1863487.870199998142198, 572676.692199996206909 ], [ -1862495.680700000841171, 573033.880399995949119 ], [ -1861807.762699998915195, 573602.735699994955212 ], [ -1860789.114799997070804, 574317.112200013361871 ], [ -1859148.69489999813959, 575018.259400004055351 ], [ -1857336.29540000250563, 575520.968700004741549 ], [ -1856410.251899996539578, 575970.761300007812679 ], [ -1855695.875499996822327, 576155.970000009052455 ], [ -1855031.412270705681294, 576596.370029176119715 ], [ -1855022.668404994299635, 576602.16538178967312 ], [ -1854929.663899995619431, 576663.807900006882846 ], [ -1854938.399800000479445, 576602.380600008647889 ], [ -1854948.592202686006203, 576531.437109935563058 ] ] ] } },
{ "type": "Feature", "properties": { "ID": 2096, "YEAR": "2017-2018", "Perimtr_KM": 37.020636232199998, "AREA_KM": 67.719023781900006, "SCALE": 2, "THICKNES_M": 53.240647316, "VOLUME_KM": 3.6054046617600002, "MASS_GT": 3.3061560748300001, "RECURRANCE": ">8", "UA_KM": 0.18510318116, "UH_M": 4.41897370544, "UC_KM": 0.27586470194000001, "REGION": "Peninsula", "ICESHELF": "Wordie_(Prospect)" }, "geometry": { "type": "Polygon", "coordinates": [ [ [ -2095561.387200003024191, 874825.826700001955032 ], [ -2095538.262199997669086, 874824.205100006889552 ], [ -2095513.377099998295307, 874829.961200001649559 ], [ -2095536.601299997419119, 874411.077500006649643 ], [ -2094599.351100004278123, 874340.531760774087161 ], [ -2093581.025899996515363, 874263.883600005879998 ], [ -2091457.623599997721612, 873089.651900015771389 ], [ -2090023.854600000893697, 873004.053800005931407 ], [ -2089832.03129999851808, 872554.261200009845197 ], [ -2089739.426899995654821, 871866.343200001399964 ], [ -2089693.124699993990362, 871237.95649999845773 ], [ -2090050.312999998684973, 870669.101200005970895 ], [ -2090063.542200001189485, 869809.203700005076826 ], [ -2090169.375700001837686, 869101.441800008527935 ], [ -2090123.073500000406057, 868969.14990000333637 ], [ -2090096.615100002381951, 868618.57630000449717 ], [ -2090519.949300000444055, 868148.939899998251349 ], [ -2090857.293699997011572, 867890.970600004307926 ], [ -2090982.971099999034777, 867394.875900004524738 ], [ -2091088.804599999450147, 866971.541700006462634 ], [ -2091419.534499999601394, 866826.020600012503564 ], [ -2091459.221999995177612, 866409.301000001840293 ], [ -2091842.868599999696016, 866303.467500008177012 ], [ -2091902.399999996880069, 866832.635200006887317 ], [ -2092676.73659999622032, 866579.111800002399832 ], [ -2093145.160999997984618, 866217.147499996703118 ], [ -2094503.047699994873255, 865999.215099999681115 ], [ -2094989.204699998954311, 866368.023799999151379 ], [ -2095438.004995926516131, 866242.777199998963624 ], [ -2095710.05809999583289, 866166.855400004889816 ], [ -2096414.147499996935949, 866300.967700005043298 ], [ -2097084.7089, 866518.900100002065301 ], [ -2098124.07889999775216, 866870.944799999240786 ], [ -2099363.161200001835823, 866952.56100000301376 ], [ -2099352.513900002464652, 866965.439099998213351 ], [ -2099329.873499997891486, 866986.154000000096858 ], [ -2099314.707299998495728, 867005.631399999372661 ], [ -2099296.672999996691942, 867025.199000008404255 ], [ -2099279.723899997770786, 867044.558000001590699 ], [ -2099265.641699997708201, 867063.798400000203401 ], [ -2099251.066699996590614, 867083.321900000795722 ], [ -2099239.047299996484071, 867103.195800002198666 ], [ -2099222.770099996589124, 867123.8787000044249 ], [ -2099210.098299995996058, 867144.080500002019107 ], [ -2099197.705800001043826, 867169.709300002548844 ], [ -2099180.336399993859231, 867196.488499999977648 ], [ -2099168.051499996334314, 867222.621499998029321 ], [ -2099152.526499999221414, 867249.726800001226366 ], [ -2099145.131700001657009, 867275.341800014488399 ], [ -2099130.444899994879961, 867302.607899999246001 ], [ -2099118.472199996933341, 867329.248900004662573 ], [ -2099108.006199997849762, 867355.851300003938377 ], [ -2099096.5563999931328, 867382.731400001328439 ], [ -2099086.074799995869398, 867409.329700003378093 ], [ -2099075.489500002935529, 867435.528600002173334 ], [ -2099067.188900002278388, 867461.47379999794066 ], [ -2099055.983500001952052, 867487.578600006643683 ], [ -2099048.774299997836351, 867513.569300001952797 ], [ -2099045.046699996571988, 867539.16090000141412 ], [ -2099043.700899997726083, 867551.910100003704429 ], [ -2099041.904300001449883, 867564.779699997510761 ], [ -2099036.26169999781996, 867586.347600003704429 ], [ -2099031.863399999216199, 867607.479600003920496 ], [ -2099027.740099999587983, 867628.443999993614852 ], [ -2099023.901399997994304, 867649.226199994329363 ], [ -2099019.472400000318885, 867670.17030000127852 ], [ -2099016.262499996926636, 867690.521200003568083 ], [ -2099014.069300000555813, 867710.50510000763461 ], [ -2099010.595599998254329, 867730.727500001434237 ], [ -2099010.642699999269098, 867749.665300012566149 ], [ -2099008.482099996879697, 867768.882600005250424 ], [ -2099005.798799998126924, 867788.211300011724234 ], [ -2099004.024599995464087, 867806.81370000494644 ], [ -2099002.1327, 867825.114900002256036 ], [ -2099000.276399997062981, 867843.51210000552237 ], [ -2098998.440799996256828, 867861.228300012648106 ], [ -2098996.962399998679757, 867878.609700003638864 ], [ -2098996.561400000937283, 867895.861600006464869 ], [ -2098994.895299999043345, 867912.634300006087869 ], [ -2098993.989299993496388, 867928.932700003962964 ], [ -2098994.398599996697158, 867945.332299994770437 ], [ -2098995.163399997632951, 867961.374100001528859 ], [ -2098996.736500000581145, 867976.743500012438744 ], [ -2098998.215599996969104, 867992.053000013809651 ], [ -2098998.406099997926503, 868007.31430000346154 ], [ -2098999.427900002337992, 868022.054400006309152 ], [ -2099002.407699998468161, 868035.932299997191876 ], [ -2099005.278299996629357, 868049.739700007252395 ], [ -2099008.502799998503178, 868063.170100001152605 ], [ -2099012.080200003925711, 868076.221300002653152 ], [ -2099016.010699995327741, 868088.891699998173863 ], [ -2099019.46770000224933, 868101.274300000164658 ], [ -2099021.833299999125302, 868113.699500001035631 ], [ -2099027.817800001706928, 868127.737500008195639 ], [ -2099034.84499999973923, 868141.446299998555332 ], [ -2099042.214599999599159, 868155.480099997017533 ], [ -2099049.745799999218434, 868169.566599996760488 ], [ -2099058.459399994462729, 868183.593200000934303 ], [ -2099066.613199997227639, 868197.852600011043251 ], [ -2099071.319500001147389, 868212.868200002238154 ], [ -2099082.04139999859035, 868226.875400005374104 ], [ -2099093.48229999653995, 868240.870800014119595 ], [ -2099104.9734, 868254.923499996773899 ], [ -2099115.161199998110533, 868269.233300007414073 ], [ -2099127.429699993692338, 868283.371700011193752 ], [ -2099140.008200001437217, 868297.611300000920892 ], [ -2099151.31709999544546, 868311.88520000455901 ], [ -2099166.495899993460625, 868325.79200000455603 ], [ -2099180.980099997483194, 868339.531000004615635 ], [ -2099193.155099997296929, 868354.512200011871755 ], [ -2099207.463099997956306, 868368.949799997732043 ], [ -2099224.428500001318753, 868382.877200001385063 ], [ -2099241.369399999734014, 868397.149600001517683 ], [ -2099258.004099996760488, 868411.027400001417845 ], [ -2099275.682100003119558, 868425.160599996335804 ], [ -2099296.160899992566556, 868438.678099995478988 ], [ -2099316.552199997939169, 868452.284300000872463 ], [ -2099336.23009999608621, 868466.09750001411885 ], [ -2099356.327700000721961, 868479.917499995790422 ], [ -2099376.725499994587153, 868493.48540000943467 ], [ -2099397.975299999583513, 868506.675399997271597 ], [ -2099421.929399998858571, 868519.45600000442937 ], [ -2099442.99449999909848, 868532.761700006667525 ], [ -2099467.722399997524917, 868545.163100001867861 ], [ -2099491.322799995541573, 868557.827499998733401 ], [ -2099512.481300000566989, 868569.6338000013493 ], [ -2099536.1179, 868580.845400002785027 ], [ -2099560.338599994778633, 868591.410700007341802 ], [ -2099584.29519999679178, 868601.726799997501075 ], [ -2099608.500699999276549, 868611.678200002759695 ], [ -2099632.92610000167042, 868621.274300006218255 ], [ -2099657.990200001280755, 868630.118500000797212 ], [ -2099684.218100000172853, 868638.133600001689047 ], [ -2099708.95630000391975, 868646.207500006537884 ], [ -2099737.452100002206862, 868652.813500001560897 ], [ -2099760.374399999156594, 868659.947700002230704 ], [ -2099788.695799997542053, 868665.700199996121228 ], [ -2099813.597999997902662, 868671.290099998936057 ], [ -2099841.433800002560019, 868675.874799994751811 ], [ -2099867.277000000700355, 868680.256099997088313 ], [ -2099893.163799997419119, 868683.798400005791336 ], [ -2099914.872099997475743, 868686.010600011330098 ], [ -2099932.207100000232458, 868688.615999998524785 ], [ -2099952.165100000798702, 868690.192300010006875 ], [ -2099971.167400001082569, 868691.522300008218735 ], [ -2099987.229200003203005, 868693.023600002750754 ], [ -2100004.826299998909235, 868693.551300005055964 ], [ -2100020.883899999316782, 868694.451800001785159 ], [ -2100037.829999999143183, 868694.646300002001226 ], [ -2100053.709200000856072, 868694.745900007896125 ], [ -2100067.404099998995662, 868694.882300002966076 ], [ -2100083.059700001962483, 868694.25460000988096 ], [ -2100099.126399998553097, 868693.53720000339672 ], [ -2100111.651700001675636, 868692.796500015072525 ], [ -2100126.051700001582503, 868691.345300014130771 ], [ -2100140.859200001228601, 868689.509900002274662 ], [ -2100154.367899998091161, 868687.470799996517599 ], [ -2100168.633699998725206, 868684.846600002609193 ], [ -2100181.756599997170269, 868681.968999999109656 ], [ -2100197.099199996329844, 868677.505300003103912 ], [ -2100212.366799998562783, 868672.254100005142391 ], [ -2100228.566199991386384, 868666.366900014691055 ], [ -2100241.938700002618134, 868660.153599998448044 ], [ -2100257.841400002129376, 868652.344999995082617 ], [ -2100274.583500000648201, 868643.817100004758686 ], [ -2100290.486699996516109, 868634.997300003189594 ], [ -2100303.544499998446554, 868625.684500004164875 ], [ -2100320.864599995315075, 868614.895200009457767 ], [ -2100338.941500002052635, 868602.947600004263222 ], [ -2100355.090799994766712, 868591.362100003287196 ], [ -2100372.382299996912479, 868578.320100008975714 ], [ -2100439.510899998713285, 868528.390400001779199 ], [ -2100468.972199999727309, 868507.480200002901256 ], [ -2100482.275399998761714, 868497.142000006511807 ], [ -2100496.871399994939566, 868487.38400000333786 ], [ -2100511.553399999625981, 868478.341200011782348 ], [ -2100524.751099991612136, 868470.099900004919618 ], [ -2100540.476799997501075, 868460.489900002721697 ], [ -2100555.702399995643646, 868452.012000000569969 ], [ -2100571.19609999936074, 868444.302999997045845 ], [ -2100586.954199995845556, 868437.063400014769286 ], [ -2100600.247499995399266, 868431.261100007221103 ], [ -2100614.456999994348735, 868425.764900003559887 ], [ -2100628.899200000800192, 868421.226600009016693 ], [ -2100642.977999996393919, 868417.138500004541129 ], [ -2100667.74309999588877, 868411.201600005384535 ], [ -2100690.958299989812076, 868405.462399995420128 ], [ -2100715.551899997517467, 868399.926399996504188 ], [ -2100736.314199994318187, 868395.655400003772229 ], [ -2100759.010299999266863, 868391.392100001685321 ], [ -2100781.15479999827221, 868387.20399999897927 ], [ -2100801.2588, 868384.033399994019419 ], [ -2100822.540599998086691, 868380.991400002036244 ], [ -2100843.544500002637506, 868378.00680000288412 ], [ -2100861.387199998367578, 868375.971199999563396 ], [ -2100881.991900001652539, 868373.764600007794797 ], [ -2100901.979200003668666, 868371.994799995794892 ], [ -2100919.708100000396371, 868371.281400002073497 ], [ -2100938.390600000973791, 868370.374200007412583 ], [ -2100957.752500002272427, 868369.765999999362975 ], [ -2100974.847600002773106, 868369.807400002144277 ], [ -2100992.712999999523163, 868370.113000016193837 ], [ -2101010.0600999975577, 868370.806200011633337 ], [ -2101026.54540000250563, 868372.06760000390932 ], [ -2101043.415700002107769, 868373.304200004320592 ], [ -2101059.171700001228601, 868375.266900001559407 ], [ -2101075.878899998962879, 868377.514299995265901 ], [ -2101090.323199996724725, 868380.4145000083372 ], [ -2101105.470199997536838, 868383.580899998079985 ], [ -2101121.229799997061491, 868386.725500002037734 ], [ -2101135.326799998059869, 868390.411600002553314 ], [ -2101148.818599996622652, 868394.943200005684048 ], [ -2101162.366899999789894, 868399.173600006382912 ], [ -2101175.665600003208965, 868404.332800004631281 ], [ -2101188.614100001752377, 868409.926500010304153 ], [ -2101201.717699997127056, 868415.576400006189942 ], [ -2101212.68099999986589, 868422.156599996145815 ], [ -2101230.356499996967614, 868431.820400010794401 ], [ -2101247.75169999524951, 868441.492000000551343 ], [ -2101264.19139999570325, 868451.263799997512251 ], [ -2101278.243799998424947, 868461.411999996285886 ], [ -2101293.113699995912611, 868471.553700006566942 ], [ -2101307.124000003095716, 868481.477300000842661 ], [ -2101320.98640000121668, 868491.35140000237152 ], [ -2101332.12439999775961, 868501.488300003111362 ], [ -2101344.340599997900426, 868511.378400001209229 ], [ -2101354.933700000401586, 868521.375199995003641 ], [ -2101365.542799999006093, 868531.549200012348592 ], [ -2101374.29349999781698, 868541.520100003108382 ], [ -2101383.127300003077835, 868551.399300008546561 ], [ -2101391.124599996488541, 868561.263900001998991 ], [ -2101398.263099990319461, 868571.111499999649823 ], [ -2101403.611799996811897, 868581.075100004673004 ], [ -2101407.040599993895739, 868587.246099995914847 ], [ -2101409.758299997076392, 868593.386100008152425 ], [ -2101412.436499999370426, 868600.010100005660206 ], [ -2101415.141299996525049, 868606.556600003968924 ], [ -2101417.660100002307445, 868613.607600007206202 ], [ -2101419.24959999974817, 868620.679399996064603 ], [ -2101421.2804, 868627.906800012104213 ], [ -2101423.128599999472499, 868635.650300004985183 ], [ -2101424.714000000152737, 868643.34300000499934 ], [ -2101426.087199998088181, 868651.27959999255836 ], [ -2101427.274200001731515, 868659.748000000137836 ], [ -2101428.211100002750754, 868668.192399999592453 ], [ -2101428.931200000923127, 868676.90030001103878 ], [ -2101429.467999998945743, 868686.16610001353547 ], [ -2101429.757300002500415, 868695.437799996230751 ], [ -2101429.829799996223301, 868705.012000002898276 ], [ -2101429.430000000633299, 868722.533000010997057 ], [ -2101428.385799996554852, 868741.453599995933473 ], [ -2101426.619500000961125, 868761.38599999435246 ], [ -2101424.118099996820092, 868782.976800004020333 ], [ -2101421.881700000725687, 868799.843900001607835 ], [ -2101419.04619999974966, 868818.10899999551475 ], [ -2101403.464299999643117, 868900.515999994706362 ], [ -2101399.53989999787882, 868919.31339999800548 ], [ -2101396.804100000299513, 868935.984300010371953 ], [ -2101393.868799997493625, 868954.265099999960512 ], [ -2101390.945000002160668, 868972.372600014787167 ], [ -2101386.820999996270984, 868990.836499995086342 ], [ -2101382.937299998477101, 869009.78829999640584 ], [ -2101378.200599995907396, 869028.664999996777624 ], [ -2101373.661799998488277, 869047.996599997859448 ], [ -2101368.313900002278388, 869067.234400002285838 ], [ -2101362.645699996501207, 869086.627300003543496 ], [ -2101358.161200001370162, 869106.364799996837974 ], [ -2101351.887999996542931, 869126.039399995002896 ], [ -2101345.314300001598895, 869145.840700011700392 ], [ -2101338.435600000899285, 869165.736399998422712 ], [ -2101331.736200001090765, 869185.975800002459437 ], [ -2101325.009199999738485, 869205.946400008630008 ], [ -2101318.051699999254197, 869226.023900005966425 ], [ -2101310.928099997341633, 869246.033000013791025 ], [ -2101302.440900003537536, 869266.260900003369898 ], [ -2101294.244600000791252, 869286.693500007037073 ], [ -2101284.479900000151247, 869306.715400001965463 ], [ -2101274.864199999719858, 869326.657499997876585 ], [ -2101264.778799997642636, 869346.581000003032386 ], [ -2101255.089400000870228, 869366.752800000365824 ], [ -2101245.001300000119954, 869386.435999997891486 ], [ -2101234.956699999514967, 869405.935199996456504 ], [ -2101224.617099997587502, 869425.44980000378564 ], [ -2101214.073899999726564, 869445.174400004558265 ], [ -2101202.350599998608232, 869464.474699998274446 ], [ -2101191.604200003668666, 869483.51029999833554 ], [ -2101180.482900002039969, 869502.727100000716746 ], [ -2101169.775600002612919, 869521.310699994210154 ], [ -2101157.743700002320111, 869539.860099999699742 ], [ -2101146.111799999605864, 869558.433200012426823 ], [ -2101134.691799998749048, 869576.280600006692111 ], [ -2101122.875700001139194, 869594.175999996718019 ], [ -2101110.013300001621246, 869611.609800001140684 ], [ -2101098.912799999583513, 869628.613300000783056 ], [ -2101087.805999998934567, 869645.50570001360029 ], [ -2101074.938299999572337, 869662.092399994377047 ], [ -2101062.460900001227856, 869678.593000003136694 ], [ -2101051.183200002647936, 869694.668400003574789 ], [ -2101037.874299998860806, 869710.365400002803653 ], [ -2101026.025399997830391, 869725.759200013242662 ], [ -2101013.789699998684227, 869740.673300003632903 ], [ -2101000.319699998944998, 869755.29460000898689 ], [ -2100986.7820999994874, 869769.541399999987334 ], [ -2100973.015700000338256, 869783.004600003827363 ], [ -2100959.9997, 869796.449400006327778 ], [ -2100947.823399999644607, 869809.36360000539571 ], [ -2100934.168400001246482, 869822.032700000330806 ], [ -2100921.779899998567998, 869834.195600005332381 ], [ -2100908.057900001294911, 869846.041800000704825 ], [ -2100895.273399999830872, 869857.342500000726432 ], [ -2100882.051199995912611, 869868.344599999021739 ], [ -2100868.983299998566508, 869878.876000002026558 ], [ -2100855.690299999434501, 869889.016500010155141 ], [ -2100842.820799997076392, 869898.647000004537404 ], [ -2100830.121199998538941, 869907.883200012613088 ], [ -2100817.465100000612438, 869916.551200003363192 ], [ -2100805.11419999692589, 869925.191799995023757 ], [ -2100792.776500000618398, 869933.058800010941923 ], [ -2100779.123299999162555, 869940.554599998984486 ], [ -2100768.300900000147521, 869947.694900003261864 ], [ -2100755.865199998486787, 869954.057799994014204 ], [ -2100742.993599998299032, 869960.145700005814433 ], [ -2100736.624499999452382, 869963.405499993357807 ], [ -2100729.639299998991191, 869966.43730001244694 ], [ -2100722.501799998804927, 869969.234099995810539 ], [ -2100714.761599998921156, 869971.486600006464869 ], [ -2100708.37309999903664, 869973.788199997041374 ], [ -2100700.773200002498925, 869975.88140000263229 ], [ -2100694.084100001025945, 869977.574700000695884 ], [ -2100686.171100002713501, 869979.200299995020032 ], [ -2100678.667899996973574, 869980.578100000042468 ], [ -2100671.204800000879914, 869981.66790000256151 ], [ -2100661.50370000069961, 869982.377799993846565 ], [ -2100652.951299998443574, 869983.07090001180768 ], [ -2100644.747400002554059, 869983.520899998024106 ], [ -2100636.82960000121966, 869983.623199996072799 ], [ -2100629.656399995554239, 869983.372700002044439 ], [ -2100620.905299998354167, 869983.127800000831485 ], [ -2100611.533300003502518, 869982.658300008624792 ], [ -2100601.989500002469867, 869981.956899998243898 ], [ -2100595.075299999676645, 869981.125300001353025 ], [ -2100585.606099996715784, 869979.953500004019588 ], [ -2100576.600100000854582, 869978.388500004541129 ], [ -2100566.345599998254329, 869976.756300003733486 ], [ -2100546.613299999851733, 869972.707100005820394 ], [ -2100526.611000001430511, 869968.009200005792081 ], [ -2100506.824999995995313, 869961.788300002925098 ], [ -2100485.142099995631725, 869955.190900000743568 ], [ -2100463.604000000748783, 869947.516900002490729 ], [ -2100444.402600000146776, 869940.37650000071153 ], [ -2100426.131999996956438, 869932.882100003771484 ], [ -2100407.335699997842312, 869924.688499999698251 ], [ -2100386.833399997092783, 869915.435099999420345 ], [ -2100365.496499999891967, 869905.975100004114211 ], [ -2100345.350999997463077, 869895.488499994855374 ], [ -2100323.464800001587719, 869884.190299997571856 ], [ -2100299.327899998985231, 869872.234700000844896 ], [ -2100260.293200002517551, 869850.586299996357411 ], [ -2100217.068799995817244, 869825.562800008803606 ], [ -2100173.13699999358505, 869800.907099997159094 ], [ -2100068.299199998378754, 869739.95320001244545 ], [ -2100011.678600000217557, 869708.912900001741946 ], [ -2099985.224200000986457, 869693.368900008499622 ], [ -2099958.711999997496605, 869679.502900003455579 ], [ -2099937.733199999202043, 869666.196400004439056 ], [ -2099913.523800002876669, 869654.565900006797165 ], [ -2099888.088999998755753, 869642.420000005047768 ], [ -2099864.952899998053908, 869631.011500004678965 ], [ -2099841.763099996838719, 869621.062100005801767 ], [ -2099820.800399999599904, 869611.683700000401586 ], [ -2099799.734499995596707, 869603.316900005098432 ], [ -2099779.028800001367927, 869596.247100002132356 ], [ -2099761.367699999827892, 869589.665899998974055 ], [ -2099740.480999998748302, 869584.393699998501688 ], [ -2099730.80399999814108, 869581.817200006917119 ], [ -2099720.046899999026209, 869579.600500005763024 ], [ -2099710.500399999320507, 869577.768800012767315 ], [ -2099702.644199999049306, 869575.557900014333427 ], [ -2099694.256199998781085, 869573.844099996611476 ], [ -2099685.029499999247491, 869572.617099995259196 ], [ -2099675.326199996750802, 869571.700300008524209 ], [ -2099665.823799998499453, 869571.042100011836737 ], [ -2099657.37879999820143, 869570.54869999550283 ], [ -2099648.8717, 869570.369600004050881 ], [ -2099641.332699998281896, 869570.166100005619228 ], [ -2099633.673399996478111, 869570.375500011723489 ], [ -2099625.13610000256449, 869571.009900002740324 ], [ -2099616.786199998576194, 869571.902899997774512 ], [ -2099609.924899999517947, 869572.957200004719198 ], [ -2099601.944499997422099, 869574.368399994447827 ], [ -2099594.138099996373057, 869576.040800002403557 ], [ -2099588.018599996808916, 869577.583399994764477 ], [ -2099580.544500002637506, 869579.527599999681115 ], [ -2099574.525300001725554, 869581.725200000219047 ], [ -2099568.11719999788329, 869584.389800004195422 ], [ -2099561.205499998293817, 869587.367200009524822 ], [ -2099553.477099999785423, 869590.483400000724941 ], [ -2099546.915599998086691, 869593.985800002701581 ], [ -2099540.527399999089539, 869597.751800014637411 ], [ -2099535.733199999667704, 869601.144799995236099 ], [ -2099529.690199999604374, 869605.438500002492219 ], [ -2099524.422200000844896, 869609.958800000604242 ], [ -2099518.718999996315688, 869614.53349999897182 ], [ -2099514.566799994558096, 869619.301999998278916 ], [ -2099508.1365, 869624.574700008146465 ], [ -2099502.94449999788776, 869630.197199997957796 ], [ -2099493.91119999345392, 869639.319700004998595 ], [ -2099486.234699999447912, 869648.905699999071658 ], [ -2099477.311699998099357, 869659.1473000026308 ], [ -2099468.448200000450015, 869669.942699993960559 ], [ -2099460.458700002171099, 869681.210700002033263 ], [ -2099452.763999995775521, 869692.600900012534112 ], [ -2099444.433999996632338, 869705.071099996101111 ], [ -2099437.024099997710437, 869718.068799999542534 ], [ -2099429.68749999627471, 869731.599800012540072 ], [ -2099421.039800001773983, 869745.378700005821884 ], [ -2099411.977799997664988, 869759.31689999718219 ], [ -2099403.53929999936372, 869774.117600007914007 ], [ -2099397.235100001096725, 869788.954399995040148 ], [ -2099387.688600001856685, 869804.4992999965325 ], [ -2099381.918300000485033, 869820.302599999122322 ], [ -2099372.618499998934567, 869836.777700003702193 ], [ -2099365.271200000774115, 869854.097999996971339 ], [ -2099356.17729999544099, 869871.635800004936755 ], [ -2099349.335299999453127, 869889.772999999113381 ], [ -2099340.563500000629574, 869908.136799997184426 ], [ -2099331.9652, 869926.918000015430152 ], [ -2099324.815999995917082, 869946.172300006262958 ], [ -2099317.515999994706362, 869965.510200006421655 ], [ -2099310.143499999772757, 869985.193400003947318 ], [ -2099303.567799998447299, 870004.914200001396239 ], [ -2099296.976399994920939, 870024.978799993172288 ], [ -2099289.395699996501207, 870045.430800004862249 ], [ -2099281.977699995040894, 870066.005199993960559 ], [ -2099275.364999995566905, 870086.633099995087832 ], [ -2099269.029799997806549, 870107.280900007113814 ], [ -2099262.095599999651313, 870127.878700003027916 ], [ -2099255.121999997645617, 870148.397300007753074 ], [ -2099249.477100001182407, 870183.287700002547354 ], [ -2099240.911400001496077, 870216.944700005464256 ], [ -2099231.542499996721745, 870250.365300002042204 ], [ -2099222.994199998676777, 870283.339899997692555 ], [ -2099215.274300001561642, 870315.787100004963577 ], [ -2099210.503600000403821, 870347.343000002671033 ], [ -2099204.494099996052682, 870378.724700002465397 ], [ -2099199.296799995005131, 870409.493299994152039 ], [ -2099194.918099999893457, 870439.611899996176362 ], [ -2099191.320199995767325, 870469.075600008945912 ], [ -2099189.326299996115267, 870483.91750000603497 ], [ -2099188.795, 870498.191200013738126 ], [ -2099186.856499999761581, 870512.360800012480468 ], [ -2099186.685499997809529, 870526.284500004258007 ], [ -2099186.70359999826178, 870539.995499996934086 ], [ -2099185.191699998453259, 870553.724200005177408 ], [ -2099185.526699997019023, 870567.071400008164346 ], [ -2099186.050099999643862, 870580.201500000897795 ], [ -2099184.869899998884648, 870593.395100003108382 ], [ -2099187.427299996837974, 870605.91960000898689 ], [ -2099190.172300001606345, 870618.222000006120652 ], [ -2099193.104400002863258, 870630.300999993924052 ], [ -2099193.5351, 870639.467700007371604 ], [ -2099194.288899996783584, 870648.611400005873293 ], [ -2099195.36699999589473, 870657.73529999749735 ], [ -2099198.892299994826317, 870667.119899997953326 ], [ -2099200.622899998910725, 870676.215199994854629 ], [ -2099201.661899995058775, 870685.392900005914271 ], [ -2099203.278499998152256, 870694.511400000192225 ], [ -2099206.045600002631545, 870703.624499997589737 ], [ -2099209.144399999175221, 870712.737399998586625 ], [ -2099212.628199997358024, 870721.897100000176579 ], [ -2099218.486199998296797, 870731.292499995324761 ], [ -2099221.476799996104091, 870740.723400006070733 ], [ -2099225.10179999936372, 870749.981500003952533 ], [ -2099228.852599998004735, 870759.36800000583753 ], [ -2099234.150100000202656, 870768.74790000775829 ], [ -2099239.822399996221066, 870778.193500007968396 ], [ -2099245.379699997603893, 870787.863299994263798 ], [ -2099251.994200001005083, 870797.656900010537356 ], [ -2099258.102699995972216, 870807.653700004331768 ], [ -2099263.776500002015382, 870818.031300004106015 ], [ -2099270.6039, 870828.443500011228025 ], [ -2099279.113099995534867, 870838.89870000211522 ], [ -2099286.368599996902049, 870849.686000003945082 ], [ -2099296.076699994970113, 870860.740400004666299 ], [ -2099313.081399996764958, 870881.972700010053813 ], [ -2099333.26660000346601, 870905.25570001360029 ], [ -2099356.568499998189509, 870928.773100003600121 ], [ -2099411.996899998281151, 870993.569499999750406 ], [ -2099429.682000000961125, 871013.241900002583861 ], [ -2099444.485599999781698, 871031.244300002697855 ], [ -2099463.548299998510629, 871051.684300003107637 ], [ -2099480.286999999079853, 871070.807300015818328 ], [ -2099495.02409999538213, 871088.805800001136959 ], [ -2099505.345400000922382, 871105.943500000052154 ], [ -2099511.746299996506423, 871116.591699994634837 ], [ -2099517.219100000336766, 871127.293600003700703 ], [ -2099522.532599992118776, 871137.699000007938594 ], [ -2099528.233600001316518, 871148.049300006590784 ], [ -2099532.336399995256215, 871158.384300014935434 ], [ -2099537.169999998062849, 871168.637600008398294 ], [ -2099540.608100000303239, 871178.812600012402982 ], [ -2099544.557099997997284, 871188.986600002739578 ], [ -2099548.138500002678484, 871199.190300005953759 ], [ -2099551.291000000201166, 871209.378799996338785 ], [ -2099556.379999998025596, 871219.795100007206202 ], [ -2099558.687, 871229.977200007531792 ], [ -2099558.312899998389184, 871240.213200003840029 ], [ -2099559.850000001955777, 871250.464200004003942 ], [ -2099560.973600001074374, 871260.734200006816536 ], [ -2099561.685600003227592, 871271.028499997686595 ], [ -2099562.174899994861335, 871290.41860000230372 ], [ -2099562.374499998986721, 871310.394599999301136 ], [ -2099562.279399995226413, 871330.919500003103167 ], [ -2099561.878900000825524, 871351.940000005066395 ], [ -2099561.257199999410659, 871373.504100000951439 ], [ -2099560.233800000976771, 871395.380999998189509 ], [ -2099559.003199999220669, 871417.713700005318969 ], [ -2099557.356600002851337, 871440.248899997211993 ], [ -2099555.5521, 871463.119999996386468 ], [ -2099553.511399999726564, 871486.226200001779944 ], [ -2099552.873100000433624, 871509.13759999955073 ], [ -2099553.445599996950477, 871531.663400008808821 ], [ -2099547.904100002720952, 871553.399699995294213 ], [ -2099539.181900000665337, 871574.718200004659593 ], [ -2099532.868500002194196, 871596.252200002782047 ], [ -2099526.233399995602667, 871617.657799996901304 ], [ -2099519.187499995809048, 871638.618600006215274 ], [ -2099511.852999999187887, 871659.396299997810274 ], [ -2099504.104599998798221, 871679.873700002208352 ], [ -2099496.098499996121973, 871700.123499995563179 ], [ -2099488.79829999897629, 871720.109699999447912 ], [ -2099480.163399998564273, 871739.740099998190999 ], [ -2099471.233399998862296, 871759.041700012981892 ], [ -2099465.53039999678731, 871778.215100006200373 ], [ -2099457.669499997980893, 871796.895699998363853 ], [ -2099449.635499999858439, 871815.308899997733533 ], [ -2099443.158699998632073, 871833.009899999015033 ], [ -2099432.789200001396239, 871850.338700007181615 ], [ -2099424.348400002811104, 871867.091500002425164 ], [ -2099413.5707, 871883.604299997910857 ], [ -2099406.01900000218302, 871899.591500001959503 ], [ -2099394.720399999525398, 871915.110500014387071 ], [ -2099391.094699997454882, 871921.905200006440282 ], [ -2099385.585699999239296, 871929.037899997550994 ], [ -2099381.1538, 871936.323600001167506 ], [ -2099376.812099996954203, 871942.959300002548844 ], [ -2099372.2281, 871949.547600008547306 ], [ -2099367.399300000164658, 871956.092700015287846 ], [ -2099363.536799999885261, 871962.783300006296486 ], [ -2099358.209599998779595, 871969.252799994777888 ], [ -2099353.743000001180917, 871975.843800006434321 ], [ -2099349.628600001800805, 871982.326500001829118 ], [ -2099342.124299998395145, 871988.508100005798042 ], [ -2099334.376299996860325, 871994.692099994048476 ], [ -2099317.712800001725554, 872007.020900004077703 ], [ -2099301.429999995045364, 872019.536800004076213 ], [ -2099283.248699999880046, 872031.293300000019372 ], [ -2099262.256499999202788, 872043.114100002683699 ], [ -2099242.821999998763204, 872055.59139999654144 ], [ -2099222.388399995397776, 872068.655799997970462 ], [ -2099206.032099995296448, 872081.36549999890849 ], [ -2099178.564599996432662, 872094.257000010460615 ], [ -2099091.585299997590482, 872145.101599995978177 ], [ -2099054.349499997682869, 872166.65820001065731 ], [ -2099034.892400001175702, 872178.660799996927381 ], [ -2099015.398699997924268, 872189.932300000917166 ], [ -2098999.38140000263229, 872201.178700005635619 ], [ -2098986.491300003137439, 872212.684400013647974 ], [ -2098970.653700000606477, 872226.643000005744398 ], [ -2098949.907799992244691, 872239.820799993816763 ], [ -2098934.686800001189113, 872253.207300002221018 ], [ -2098918.83039999846369, 872266.551100007258356 ], [ -2098910.09399999724701, 872273.365299998782575 ], [ -2098905.53359999647364, 872280.161100002471358 ], [ -2098897.465100002475083, 872287.22099999897182 ], [ -2098892.724100000690669, 872294.045500002335757 ], [ -2098886.70010000327602, 872301.569199999794364 ], [ -2098880.331399995833635, 872308.900400003418326 ], [ -2098876.892399998847395, 872316.070000014733523 ], [ -2098872.451999998185784, 872323.812500000931323 ], [ -2098865.786799999885261, 872333.89070000872016 ], [ -2098861.95990000013262, 872343.932700002100319 ], [ -2098854.389400002546608, 872354.520299995318055 ], [ -2098846.957800002302974, 872365.50530000589788 ], [ -2098840.469399995636195, 872376.38490000134334 ], [ -2098834.09050000179559, 872387.718899994622916 ], [ -2098827.803199995309114, 872399.546100001316518 ], [ -2098822.705699995625764, 872411.932299997191876 ], [ -2098819.80179999768734, 872424.709700002335012 ], [ -2098811.500199997331947, 872437.52760000852868 ], [ -2098803.204399999696761, 872451.168200011830777 ], [ -2098791.433599999174476, 872465.415999996010214 ], [ -2098774.296100003179163, 872495.69790000282228 ], [ -2098738.791900000534952, 872555.958099995274097 ], [ -2098722.739500001538545, 872581.150099995546043 ], [ -2098710.758400000166148, 872608.039899996481836 ], [ -2098695.317299999762326, 872631.634899997618049 ], [ -2098687.374499997124076, 872645.289100005757064 ], [ -2098679.40390000352636, 872658.25690000038594 ], [ -2098674.140799999237061, 872670.450100006069988 ], [ -2098666.19199999794364, 872682.494500013999641 ], [ -2098658.123099998570979, 872694.067499993834645 ], [ -2098649.924299999140203, 872705.188100002706051 ], [ -2098642.624500000849366, 872716.071800001896918 ], [ -2098634.1261, 872726.807100008707494 ], [ -2098627.77409999538213, 872739.107900004833937 ], [ -2098617.966299999505281, 872750.970700004603714 ], [ -2098609.300699993036687, 872763.322099997662008 ], [ -2098602.2278, 872776.530499993823469 ], [ -2098595.033299998380244, 872789.646899997256696 ], [ -2098584.173099997453392, 872801.710100004915148 ], [ -2098573.097600003704429, 872812.539900007192045 ], [ -2098561.427899998612702, 872824.427299996372312 ], [ -2098549.462999996729195, 872836.330500006210059 ], [ -2098538.520100001711398, 872849.336900000460446 ], [ -2098531.153700003400445, 872860.345300004817545 ], [ -2098522.081400000955909, 872872.039299997966737 ], [ -2098513.555699998978525, 872883.975500000175089 ], [ -2098496.645100001245737, 872894.929800005163997 ], [ -2098472.991000001784414, 872919.84520000545308 ], [ -2098441.227999991737306, 872939.234800006728619 ], [ -2098413.412599994800985, 872959.805600002408028 ], [ -2098386.221800000872463, 872981.102100003045052 ], [ -2098356.749099997337908, 873004.607000005897135 ], [ -2098330.81559999845922, 873026.0493000051938 ], [ -2098299.967500001192093, 873048.037000001873821 ], [ -2098186.396800000220537, 873143.698200004175305 ], [ -2098160.773499995004386, 873164.437999995425344 ], [ -2098136.381099998950958, 873186.765699996612966 ], [ -2098108.922299997881055, 873221.834299994632602 ], [ -2098074.283200001344085, 873248.193600003607571 ], [ -2098039.9084, 873277.223300005309284 ], [ -2098015.060099996160716, 873297.665100002661347 ], [ -2097986.295999996829778, 873325.628500007092953 ], [ -2097949.303599995095283, 873347.383999999146909 ], [ -2097914.233299998100847, 873368.642899999860674 ], [ -2097879.529199996031821, 873394.064399999100715 ], [ -2097842.69179999968037, 873419.155699995812029 ], [ -2097805.739700003061444, 873440.46139999711886 ], [ -2097771.048199999146163, 873461.326100002974272 ], [ -2097740.093499997630715, 873487.880400001537055 ], [ -2097704.023999999742955, 873511.198700004722923 ], [ -2097670.686500002630055, 873532.407400007359684 ], [ -2097640.481400002725422, 873553.996200003661215 ], [ -2097613.216199999675155, 873578.697899998631328 ], [ -2097579.358900000806898, 873599.049199992790818 ], [ -2097549.558899995870888, 873616.039900004398078 ], [ -2097526.97270000167191, 873641.415399993769825 ], [ -2097490.478400000371039, 873661.819599998183548 ], [ -2097458.444099997170269, 873682.678499994799495 ], [ -2097427.886899997480214, 873702.744100006762892 ], [ -2097392.82439999608323, 873728.037200001999736 ], [ -2097353.969300001394004, 873745.522600010037422 ], [ -2097328.109400000423193, 873767.063900000415742 ], [ -2097289.210299995262176, 873787.176900006830692 ], [ -2097244.640099996700883, 873802.263699998613447 ], [ -2097207.436199998017401, 873820.03630000539124 ], [ -2097172.377199999522418, 873841.64709999691695 ], [ -2097129.063199997879565, 873855.675900003407151 ], [ -2097092.405800001695752, 873872.671799995936453 ], [ -2097060.750299998093396, 873893.962800001259893 ], [ -2097042.392000002088025, 873901.337000009138137 ], [ -2097023.620099996216595, 873906.509800005704165 ], [ -2097003.300800001714379, 873911.445999993477017 ], [ -2096990.43399999756366, 873917.270100006833673 ], [ -2096974.175899998284876, 873924.065700001083314 ], [ -2096964.166199998464435, 873934.706900010816753 ], [ -2096943.3961, 873941.440700001548976 ], [ -2096920.645000000484288, 873946.398800000082701 ], [ -2096885.716200002236292, 873954.762600002810359 ], [ -2096857.249499995494261, 873970.352699996437877 ], [ -2096814.258099997183308, 873980.25870000012219 ], [ -2096712.408599999733269, 874006.063899999950081 ], [ -2096683.59879999794066, 874015.175799994729459 ], [ -2096663.058199998456985, 874022.628299998585135 ], [ -2096628.979499996174127, 874032.188600006047636 ], [ -2096594.80310000339523, 874038.662099993787706 ], [ -2096571.114299999084324, 874044.048600009642541 ], [ -2096547.353099999018013, 874054.620399995706975 ], [ -2096528.375700002070516, 874058.250199994537979 ], [ -2096512.377500000409782, 874062.564000002108514 ], [ -2096493.224899999797344, 874065.181100006680936 ], [ -2096474.085799999069422, 874062.410900004673749 ], [ -2096464.222299996297807, 874070.320500012487173 ], [ -2096446.195900002028793, 874076.350500001572073 ], [ -2096428.523399997502565, 874082.491500006522983 ], [ -2096411.192199998302385, 874088.750900010578334 ], [ -2096393.638499998487532, 874094.986099996604025 ], [ -2096369.051799998153001, 874093.748900001868606 ], [ -2096356.846199996769428, 874101.248799994122237 ], [ -2096330.178599995560944, 874104.906199994962662 ], [ -2096313.279799999203533, 874111.744200005661696 ], [ -2096302.901500000152737, 874120.013799999374896 ], [ -2096292.808299995493144, 874128.441200002562255 ], [ -2096286.039400001522154, 874137.867100000847131 ], [ -2096259.74249999737367, 874150.150400004349649 ], [ -2096239.724499996751547, 874170.440299993380904 ], [ -2096218.493400000268593, 874191.805299995932728 ], [ -2096196.928699996322393, 874213.390300002414733 ], [ -2096174.211700000800192, 874232.671499995980412 ], [ -2096146.948000000789762, 874250.452300003729761 ], [ -2096121.607099998276681, 874271.586100014857948 ], [ -2096096.140599995385855, 874293.382700002286583 ], [ -2096074.953200002200902, 874315.670100005343556 ], [ -2096054.50289999647066, 874336.523100000806153 ], [ -2096036.8999, 874353.158899995498359 ], [ -2096024.792599997483194, 874371.958400003612041 ], [ -2096005.300200001569465, 874392.415800012182444 ], [ -2095987.747699997387826, 874413.097800005692989 ], [ -2095965.764499996323138, 874430.222000004258007 ], [ -2095940.185500002000481, 874440.846800005529076 ], [ -2095920.151700000744313, 874439.543400002643466 ], [ -2095900.175599999260157, 874440.951700004283339 ], [ -2095873.386799995787442, 874441.742100014351308 ], [ -2095856.254200000315905, 874449.529800006654114 ], [ -2095850.1176, 874467.432900001294911 ], [ -2095844.34529999922961, 874485.743600013665855 ], [ -2095836.767600000370294, 874503.649300008546561 ], [ -2095836.204500000458211, 874523.79620000300929 ], [ -2095831.541999997803941, 874543.275700013153255 ], [ -2095825.285399997141212, 874558.849600001238286 ], [ -2095818.783599995076656, 874575.415799996815622 ], [ -2095815.257499992381781, 874595.955299999099225 ], [ -2095819.591499991249293, 874617.046300015412271 ], [ -2095812.589699999894947, 874637.17429999820888 ], [ -2095810.220499996095896, 874658.653900003060699 ], [ -2095808.240699990885332, 874680.416700000874698 ], [ -2095797.366400002036244, 874700.207600007764995 ], [ -2095787.484700000612065, 874719.775300014298409 ], [ -2095777.998100002994761, 874739.577100007329136 ], [ -2095756.532299999147654, 874765.944699994288385 ], [ -2095746.235300002619624, 874789.507100007962435 ], [ -2095740.087699997704476, 874811.437800004146993 ], [ -2095732.273400003556162, 874830.714400004129857 ], [ -2095714.924299999373034, 874840.785000005271286 ], [ -2095561.387200003024191, 874825.826700001955032 ] ] ] } },
{ "type": "Feature", "properties": { "ID": 2097, "YEAR": "2017-2018", "Perimtr_KM": 15.096382766, "AREA_KM": 8.5813990767899995, "SCALE": 1, "THICKNES_M": 50.088044484500003, "VOLUME_KM": 0.4298254987, "MASS_GT": 0.39414998230999998, "RECURRANCE": "2-3", "UA_KM": 0.07548191383, "UH_M": 4.1573076717099999, "UC_KM": 0.03288775996, "REGION": "Peninsula", "ICESHELF": "Wordie_(Harriott_Headla*" }, "geometry": { "type": "Polygon", "coordinates": [ [ [ -2113886.46100000012666, 903397.444900003261864 ], [ -2113272.626400001347065, 903392.153199997264892 ], [ -2112748.750399995129555, 903392.153199997264892 ], [ -2112547.666599996387959, 903212.23619999550283 ], [ -2112532.578310627490282, 903210.234692071098834 ], [ -2112029.082299996167421, 903143.444400006905198 ], [ -2111685.123200000263751, 902857.693800006527454 ], [ -2111443.745454431511462, 902797.349387370515615 ], [ -2111431.122699990402907, 902794.193700003437698 ], [ -2111235.330699995625764, 902661.901800004765391 ], [ -2111265.617443943396211, 902522.582648125477135 ], [ -2111314.705799998249859, 902296.776000003796071 ], [ -2111414.083463136572391, 902059.798545603174716 ], [ -2111440.308956055901945, 901997.260844918433577 ], [ -2111452.289399995934218, 901968.692100010346621 ], [ -2111442.35857645701617, 901940.640887851826847 ], [ -2111405.555300001520663, 901836.684099997393787 ], [ -2111409.567800001706928, 901835.083400006406009 ], [ -2111419.868799997493625, 901824.614400001242757 ], [ -2111425.357100001070648, 901826.749300010036677 ], [ -2111434.632099997252226, 901822.909399999305606 ], [ -2111442.438899996690452, 901817.753000004217029 ], [ -2111452.405200000852346, 901813.600400003604591 ], [ -2111468.090499996673316, 901810.819699994288385 ], [ -2111483.191599999088794, 901814.669900003354996 ], [ -2111490.719631805084646, 901813.813078982755542 ], [ -2111502.989099998958409, 901812.416599995456636 ], [ -2111520.877799998037517, 901815.749300002586097 ], [ -2111536.85529999807477, 901818.350500001572073 ], [ -2111554.883799996692687, 901820.98100000154227 ], [ -2111616.506499997340143, 901829.028899998869747 ], [ -2111643.310400002170354, 901826.483299995306879 ], [ -2111666.300500001758337, 901830.157400005497038 ], [ -2111686.663899998180568, 901833.993999995756894 ], [ -2111697.456400001421571, 901836.321300007402897 ], [ -2111707.726200001314282, 901838.766399996355176 ], [ -2111720.995000002905726, 901835.533700007479638 ], [ -2111731.874100001528859, 901829.172300005797297 ], [ -2111745.367500001564622, 901804.804899997543544 ], [ -2111756.99269999936223, 901789.677399995271116 ], [ -2111768.26869999896735, 901774.716599995736033 ], [ -2111780.71000000089407, 901750.848200003616512 ], [ -2111802.389399998355657, 901714.417799996677786 ], [ -2111819.188399999868125, 901693.445799994282424 ], [ -2111841.055799995549023, 901658.165200010407716 ], [ -2111853.537399996072054, 901658.566399997100234 ], [ -2111866.177199997007847, 901659.577400013338774 ], [ -2111879.038199998438358, 901661.237000006251037 ], [ -2111892.1762999962084, 901663.582899994682521 ], [ -2111905.674799999222159, 901666.673999993596226 ], [ -2111917.319499996490777, 901672.243399997241795 ], [ -2111929.351299998816103, 901674.937400000169873 ], [ -2111943.854299996048212, 901678.122799999080598 ], [ -2111957.194999997038394, 901682.496599992737174 ], [ -2111984.4189000017941, 901704.420300010591745 ], [ -2112054.077900001313537, 901760.735900010447949 ], [ -2112074.717700001318008, 901776.877000002190471 ], [ -2112093.34199999878183, 901790.686700005549937 ], [ -2112116.272799997590482, 901805.745799997355789 ], [ -2112138.177799999713898, 901819.214399998541921 ], [ -2112155.271799995563924, 901831.489200014155358 ], [ -2112175.969799999147654, 901842.412900011055171 ], [ -2112186.801499996334314, 901842.885800001211464 ], [ -2112199.702900000847876, 901843.068500000052154 ], [ -2112212.250599990598857, 901842.496399995870888 ], [ -2112222.784300001338124, 901841.796099997125566 ], [ -2112233.253800002858043, 901840.723600004799664 ], [ -2112243.668299996294081, 901839.28329999698326 ], [ -2112255.596500000916421, 901836.97370000788942 ], [ -2112265.163199998438358, 901837.365000008605421 ], [ -2112274.717700003180653, 901837.40520000224933 ], [ -2112284.3939, 901833.919999998994172 ], [ -2112293.920299999415874, 901833.254799996968359 ], [ -2112303.442600001581013, 901832.239600013010204 ], [ -2112313.106800001114607, 901827.70450000744313 ], [ -2112324.827100003138185, 901826.105200001504272 ], [ -2112332.894100000616163, 901821.437900002580136 ], [ -2112342.45549999922514, 901819.033799997530878 ], [ -2112371.076400000602007, 901808.04730001045391 ], [ -2112380.883600002154708, 901805.234900015871972 ], [ -2112389.691599995363504, 901802.181499993894249 ], [ -2112398.2686, 901799.085500000510365 ], [ -2112404.585899999830872, 901796.281399997416884 ], [ -2112409.79899999499321, 901792.318500007968396 ], [ -2112416.692099997773767, 901788.396799997892231 ], [ -2112420.609299998730421, 901787.629899999592453 ], [ -2112424.589899997226894, 901783.699200005270541 ], [ -2112428.381900003179908, 901782.528300009667873 ], [ -2112432.114099998027086, 901781.154500003438443 ], [ -2112435.914599998388439, 901776.615399998612702 ], [ -2112439.532299995422363, 901774.833900003693998 ], [ -2112439.430500000715256, 901770.125700012315065 ], [ -2112442.942599999718368, 901767.932299999520183 ], [ -2112449.814599995967001, 901762.924700002186 ], [ -2112456.512899997644126, 901757.069399999920279 ], [ -2112461.446499998681247, 901750.906200003810227 ], [ -2112465.708299997262657, 901742.953600006178021 ], [ -2112471.530699998140335, 901735.141600012313575 ], [ -2112475.721999996341765, 901727.032600003294647 ], [ -2112479.39500000141561, 901717.099600012879819 ], [ -2112485.382799997925758, 901706.386000000871718 ], [ -2112487.074499995447695, 901696.112500002142042 ], [ -2112492.996600000187755, 901684.12920000590384 ], [ -2112505.993899998255074, 901642.813600006513298 ], [ -2112512.629999998025596, 901628.676700006239116 ], [ -2112516.124100001528859, 901619.431500000413507 ], [ -2112520.122100001201034, 901614.572000008076429 ], [ -2112524.944899995811284, 901606.389800006523728 ], [ -2112528.103699999395758, 901599.413599997293204 ], [ -2112533.11470000166446, 901594.893599999602884 ], [ -2112539.086899999529123, 901587.148700001649559 ], [ -2112543.522899996023625, 901580.738300004974008 ], [ -2112548.762699997983873, 901578.555900010280311 ], [ -2112555.065900003071874, 901573.031700005754828 ], [ -2112561.5219999961555, 901568.207900004927069 ], [ -2112568.148300000466406, 901564.071600008290261 ], [ -2112573.341499998234212, 901561.176399994175881 ], [ -2112585.960599998012185, 901555.795999994967133 ], [ -2112598.592199997976422, 901554.677200006321073 ], [ -2112612.770299998577684, 901549.837700009346008 ], [ -2112627.290599999018013, 901545.424000008963048 ], [ -2112640.949000002350658, 901534.995100005995482 ], [ -2112656.085200001951307, 901524.563800005242229 ], [ -2112669.594400002155453, 901521.848299997393042 ], [ -2112683.537599999457598, 901514.740300007164478 ], [ -2112696.4748, 901509.978600003756583 ], [ -2112708.757299992255867, 901505.846800002735108 ], [ -2112720.31259999750182, 901502.349600008688867 ], [ -2112731.088099997956306, 901499.487700014840811 ], [ -2112740.238800001330674, 901500.611299993470311 ], [ -2112749.326999995391816, 901499.009300002362579 ], [ -2112753.542300001252443, 901498.442200003191829 ], [ -2112757.419199996627867, 901499.700100006535649 ], [ -2112761.18699999852106, 901499.442500002216548 ], [ -2112764.727899995166808, 901499.338300002738833 ], [ -2112770.20410000346601, 901498.726300011854619 ], [ -2112776.532400000840425, 901499.25219999672845 ], [ -2112780.432699996512383, 901503.282000000588596 ], [ -2112784.226499999407679, 901505.988699999637902 ], [ -2112787.381599997635931, 901511.344699998851866 ], [ -2112790.454499998129904, 901515.412000010721385 ], [ -2112792.917899997439235, 901522.18140001501888 ], [ -2112797.61939999833703, 901525.484599998220801 ], [ -2112799.527499999850988, 901530.861300005577505 ], [ -2112800.937100001610816, 901538.923900005407631 ], [ -2112804.694599998183548, 901543.542900001164526 ], [ -2112805.696700001135468, 901553.328000016044825 ], [ -2112809.652899999637157, 901569.777100006118417 ], [ -2112814.331600001547486, 901608.303700003772974 ], [ -2112820.170299999415874, 901623.834500010591 ], [ -2112825.728600000962615, 901630.230400000698864 ], [ -2112826.960900001227856, 901637.738900012802333 ], [ -2112828.082800001371652, 901646.588599995709956 ], [ -2112834.112699999473989, 901650.974900010973215 ], [ -2112835.93949999846518, 901660.454000006429851 ], [ -2112840.495399996638298, 901667.606300014536828 ], [ -2112844.67329999897629, 901674.931500006001443 ], [ -2112847.656399995088577, 901680.568299999926239 ], [ -2112852.864599996246397, 901687.962499996181577 ], [ -2112856.505499997641891, 901692.108600008301437 ], [ -2112860.194499999284744, 901698.12179999705404 ], [ -2112865.992599998600781, 901702.74900000076741 ], [ -2112880.236099996604025, 901711.678099998272955 ], [ -2112892.039599995594472, 901722.001799995079637 ], [ -2112905.55940000154078, 901730.273600011598319 ], [ -2112913.4446000023745, 901735.49720000801608 ], [ -2112919.108399996999651, 901740.494500007014722 ], [ -2112924.725900001358241, 901745.167400006204844 ], [ -2112930.302999995648861, 901749.521700000856072 ], [ -2112937.606800000183284, 901752.680400013457984 ], [ -2112943.092900001443923, 901756.389599999878556 ], [ -2112948.528799998108298, 901759.773000001907349 ], [ -2112956.10200000135228, 901762.743500006385148 ], [ -2112961.431499996222556, 901765.471799995284528 ], [ -2112966.704800000879914, 901767.871000005863607 ], [ -2112974.29369999980554, 901770.824899999424815 ], [ -2112982.311299996450543, 901773.403400011360645 ], [ -2112992.507899996824563, 901774.725900007877499 ], [ -2113001.317199997138232, 901776.534100002609193 ], [ -2113010.487499997485429, 901777.948900013230741 ], [ -2113019.979699995368719, 901778.963700005318969 ], [ -2113029.755899996496737, 901779.574500000569969 ], [ -2113039.771099991630763, 901779.778400003910065 ], [ -2113050.052399998996407, 901779.571399996522814 ], [ -2113060.467599998693913, 901778.951600003521889 ], [ -2113070.953699998091906, 901777.922600011806935 ], [ -2113080.953499997965991, 901775.261500003747642 ], [ -2113090.399900001473725, 901770.976800001226366 ], [ -2113098.405599992256612, 901768.417800015769899 ], [ -2113107.458299997262657, 901763.393800002988428 ], [ -2113116.189099998679012, 901758.03050000499934 ], [ -2113128.424300001468509, 901750.941700006369501 ], [ -2113138.232999999076128, 901743.274700006470084 ], [ -2113149.767399999778718, 901734.950000006705523 ], [ -2113159.185399997979403, 901726.680400005541742 ], [ -2113170.057799998670816, 901718.370499999728054 ], [ -2113177.887699997983873, 901709.786400005221367 ], [ -2113182.450199996121228, 901704.556300000287592 ], [ -2113184.924400003626943, 901702.008500001393259 ], [ -2113189.002099998295307, 901696.640700007788837 ], [ -2113193.032600001432002, 901692.766499997582287 ], [ -2113199.006299995817244, 901684.511399996932596 ], [ -2113200.5302, 901676.699700003024191 ], [ -2113206.137200003489852, 901666.701699993573129 ], [ -2113211.873799999244511, 901657.234399999026209 ], [ -2113212.386700000613928, 901650.307899998500943 ], [ -2113217.704700001515448, 901637.644200007431209 ], [ -2113218.595999998040497, 901627.908700002823025 ], [ -2113225.333599991630763, 901605.206400010269135 ], [ -2113227.997600000817329, 901599.310799995902926 ], [ -2113230.879399999044836, 901591.614500002004206 ], [ -2113233.46590000204742, 901583.595099994912744 ], [ -2113231.206199997104704, 901579.564700010698289 ], [ -2113233.016399998683482, 901569.288200005888939 ], [ -2113232.568199994973838, 901560.249400006607175 ], [ -2113231.676599998492748, 901554.926600002683699 ], [ -2113232.898600000888109, 901544.846400002017617 ], [ -2113231.992300000973046, 901531.524000011384487 ], [ -2113230.8243, 901512.861600011121482 ], [ -2113230.860699997283518, 901496.640800003893673 ], [ -2113226.413500000722706, 901458.537300003692508 ], [ -2113224.72679999563843, 901439.140900006517768 ], [ -2113225.204999998677522, 901425.828199999406934 ], [ -2113223.754299994558096, 901419.173900007735938 ], [ -2113224.923099999316037, 901408.941900010220706 ], [ -2113226.354699996300042, 901399.281899998895824 ], [ -2113225.903499993961304, 901393.354700010735542 ], [ -2113227.969399997964501, 901382.17190000647679 ], [ -2113228.551599998027086, 901374.236299998126924 ], [ -2113231.247499995399266, 901368.607100003864616 ], [ -2113234.444899998605251, 901358.79340000776574 ], [ -2113238.24239999987185, 901350.940500000491738 ], [ -2113239.873500002548099, 901346.166700008325279 ], [ -2113244.286399999633431, 901337.518099998123944 ], [ -2113257.844099998939782, 901315.333800010383129 ], [ -2113266.530799991451204, 901302.874700008891523 ], [ -2113271.836699997074902, 901294.394299997016788 ], [ -2113276.956300003454089, 901286.513699996750802 ], [ -2113280.097999999299645, 901281.918800014071167 ], [ -2113284.674699997063726, 901278.117000013124198 ], [ -2113289.921900002751499, 901273.087799998931587 ], [ -2113295.104400003328919, 901268.560000005643815 ], [ -2113300.236300000920892, 901264.521399999503046 ], [ -2113305.326999997720122, 901260.964500013273209 ], [ -2113308.334599998779595, 901259.081100005656481 ], [ -2113313.368000001646578, 901256.471700012218207 ], [ -2113318.064099997747689, 901257.380900013260543 ], [ -2113323.057600000873208, 901255.710500005166978 ], [ -2113327.754500001203269, 901254.529400009196252 ], [ -2113332.724700001534075, 901253.613900002092123 ], [ -2113337.963499996811152, 901252.964800001122057 ], [ -2113343.46489999582991, 901252.583000001963228 ], [ -2113349.223800000734627, 901252.468900009524077 ], [ -2113355.229699997231364, 901252.622800003737211 ], [ -2113361.472399999387562, 901253.044500003103167 ], [ -2113367.938799996860325, 901253.733199995942414 ], [ -2113374.668900002725422, 901254.696100011467934 ], [ -2113381.590699998661876, 901255.925700006540865 ], [ -2113388.680499996989965, 901257.418000002857298 ], [ -2113396.221799998544157, 901256.117899999953806 ], [ -2113403.563499996438622, 901258.118000014685094 ], [ -2113413.006799996364862, 901259.153400010429323 ], [ -2113420.38670000154525, 901261.604200004134327 ], [ -2113427.673799997195601, 901264.244200005196035 ], [ -2113435.072699998505414, 901267.325500002596527 ], [ -2113442.446800000965595, 901270.970199993345886 ], [ -2113449.803800003137439, 901275.181800007820129 ], [ -2113457.153100000694394, 901279.965900004841387 ], [ -2113464.816299997270107, 901282.27770000975579 ], [ -2113474.234699993859977, 901287.027899998705834 ], [ -2113481.634399998933077, 901293.579800001345575 ], [ -2113489.092399998567998, 901300.755500002764165 ], [ -2113496.603499997407198, 901305.159900004509836 ], [ -2113505.970500000286847, 901312.046700014732778 ], [ -2113513.450800002086908, 901320.818400002084672 ], [ -2113521.50269999820739, 901327.333299992606044 ], [ -2113531.020099999848753, 901334.976500007323921 ], [ -2113539.08430000115186, 901344.992599997203797 ], [ -2113564.103999998420477, 901364.048599998001009 ], [ -2113571.024899999145418, 901369.451800002716482 ], [ -2113575.502699996810406, 901376.69940000353381 ], [ -2113579.598799999803305, 901384.606900013517588 ], [ -2113585.733399993740022, 901388.944600003771484 ], [ -2113589.133900003507733, 901398.222399997059256 ], [ -2113592.18550000153482, 901408.239400002639741 ], [ -2113597.311499997973442, 901414.789800001773983 ], [ -2113599.811099998187274, 901427.442999998573214 ], [ -2113603.955399999860674, 901433.355100012384355 ], [ -2113605.601700002327561, 901445.24930000398308 ], [ -2113609.02250000089407, 901455.791399997193366 ], [ -2113610.703399996738881, 901466.554200015030801 ], [ -2113614.972999997902662, 901487.542199993506074 ], [ -2113627.748799995519221, 901536.613299996592104 ], [ -2113630.950700000859797, 901550.422199996188283 ], [ -2113638.572299998719245, 901555.436300009023398 ], [ -2113644.068200001958758, 901566.557299996260554 ], [ -2113652.075699996203184, 901573.848700004629791 ], [ -2113654.8692, 901582.83300000615418 ], [ -2113663.553399996832013, 901587.770600005984306 ], [ -2113669.085299998521805, 901590.217400000896305 ], [ -2113672.601699997670949, 901592.508199996780604 ], [ -2113674.749000002164394, 901597.897699998226017 ], [ -2113677.403099998366088, 901599.901500004343688 ], [ -2113681.367199990432709, 901601.188900004606694 ], [ -2113689.87040000082925, 901599.614900006912649 ], [ -2113692.636000002268702, 901603.710499999579042 ], [ -2113695.56419999524951, 901607.496300010941923 ], [ -2113700.176899998448789, 901607.538199997041374 ], [ -2113703.444299999624491, 901610.718999995384365 ], [ -2113708.397599995136261, 901610.156300007831305 ], [ -2113712.010999999009073, 901612.737500011455268 ], [ -2113717.315999995917082, 901611.57920000096783 ], [ -2113721.286100000143051, 901613.568100008647889 ], [ -2113732.84950000140816, 901605.836100003216416 ], [ -2113737.1858, 901607.237500004470348 ], [ -2113744.313000002410263, 901605.185100014321506 ], [ -2113750.327300002798438, 901606.288900013547391 ], [ -2113755.663699998054653, 901606.009200002532452 ], [ -2113762.501199998427182, 901606.543200004380196 ], [ -2113768.674300001002848, 901605.695500006433576 ], [ -2113775.287500003818423, 901604.565099998377264 ], [ -2113783.443900000303984, 901604.25010000821203 ], [ -2113791.001100000459701, 901602.553300007246435 ], [ -2113796.717700000852346, 901600.82979999948293 ], [ -2113804.368500001262873, 901601.703900003340095 ], [ -2113824.403999994974583, 901598.735400005243719 ], [ -2113845.605799997225404, 901594.977100004442036 ], [ -2113883.420099998824298, 901587.67379999672994 ], [ -2113892.296999999321997, 901588.637300006579608 ], [ -2113904.661100002005696, 901585.390100003685802 ], [ -2113916.847499998286366, 901581.573299999348819 ], [ -2113928.862500000745058, 901577.184900007676333 ], [ -2113938.570799994748086, 901575.470900001004338 ], [ -2113950.26259999955073, 901569.932100011967123 ], [ -2113961.804499994963408, 901563.812900006305426 ], [ -2113969.533999998122454, 901560.751500006299466 ], [ -2113980.662300004158169, 901552.942700000479817 ], [ -2113989.401699997950345, 901547.262599995359778 ], [ -2114000.1702, 901537.732200003694743 ], [ -2114007.23259999928996, 901531.606699998490512 ], [ -2114015.60960000148043, 901523.94249999569729 ], [ -2114025.994699996430427, 901512.244699999224395 ], [ -2114032.653499997220933, 901503.538500007241964 ], [ -2114040.866900001186877, 901493.915900006424636 ], [ -2114049.887900000903755, 901482.593400000594556 ], [ -2114055.244500000961125, 901474.374500001315027 ], [ -2114062.030499995686114, 901464.674999995157123 ], [ -2114067.4611, 901455.302299994509667 ], [ -2114076.144100001081824, 901444.20170000847429 ], [ -2114085.234600001946092, 901429.225199999287724 ], [ -2114090.695300003513694, 901421.03330000070855 ], [ -2114100.147799997124821, 901404.501900001429021 ], [ -2114113.010099998675287, 901381.458600004203618 ], [ -2114127.417299999855459, 901354.518299997318536 ], [ -2114141.566300002392381, 901326.982500006444752 ], [ -2114177.571800000965595, 901254.275600008200854 ], [ -2114188.62690000096336, 901234.248599995393306 ], [ -2114198.883299998473376, 901218.078000007197261 ], [ -2114210.870900001376867, 901201.9679000149481 ], [ -2114222.871500001754612, 901182.15260000852868 ], [ -2114237.107499998062849, 901166.082600005436689 ], [ -2114247.779099999461323, 901155.445100001059473 ], [ -2114256.740499997511506, 901143.564900006167591 ], [ -2114262.056899997405708, 901139.27720000455156 ], [ -2114270.586500000208616, 901131.049400005023926 ], [ -2114279.517999996431172, 901120.572600004263222 ], [ -2114284.852699999231845, 901117.6294000078924 ], [ -2114293.439100000541657, 901110.700900000520051 ], [ -2114302.461899997200817, 901101.485100000165403 ], [ -2114311.236599997151643, 901095.871499997097999 ], [ -2114319.981100001372397, 901090.136000005993992 ], [ -2114329.186000002082437, 901082.090999996289611 ], [ -2114338.461699998006225, 901074.42800000263378 ], [ -2114347.517099995166063, 901070.343299995642155 ], [ -2114356.555900001432747, 901066.127000003587455 ], [ -2114366.078399992547929, 901059.582399999722838 ], [ -2114375.693000002298504, 901053.403800002299249 ], [ -2114385.107099999208003, 901050.789300005417317 ], [ -2114420.720299997366965, 901032.581000002566725 ], [ -2114438.475200002547354, 901027.480800004210323 ], [ -2114455.345399997197092, 901023.385600002948195 ], [ -2114470.559500001370907, 901013.709800004493445 ], [ -2114485.039299994241446, 901008.319800006691366 ], [ -2114499.666800000704825, 900997.291199997533113 ], [ -2114513.032099997624755, 900990.744300007354468 ], [ -2114526.606199998408556, 900981.60990000795573 ], [ -2114540.38539999909699, 900973.205200012307614 ], [ -2114557.255199995357543, 900972.372000007890165 ], [ -2114575.969000002834946, 900970.159000005107373 ], [ -2114596.561199998948723, 900968.770799996796995 ], [ -2114614.23359999852255, 900966.480600002221763 ], [ -2114633.889199994504452, 900969.201000004075468 ], [ -2114708.204200001433492, 900962.7034000037238 ], [ -2114729.144199997186661, 900960.818700002506375 ], [ -2114750.391100001055747, 900959.188000011257827 ], [ -2114771.957300001289696, 900957.810299997217953 ], [ -2114793.857099995482713, 900956.684600001201034 ], [ -2114816.102899999823421, 900955.810200009960681 ], [ -2114838.716899998020381, 900955.186300012748688 ], [ -2114861.719899997115135, 900954.812199997715652 ], [ -2114884.131499995011836, 900959.314200005959719 ], [ -2114904.894099998753518, 900973.31810000911355 ], [ -2114927.599500002339482, 900992.26580001367256 ], [ -2114955.618399997707456, 901015.868099993094802 ], [ -2114983.502000002190471, 901046.874300006777048 ], [ -2115008.633199998643249, 901068.90150000480935 ], [ -2115032.856800001580268, 901089.799499996937811 ], [ -2115060.071499999146909, 901096.879599998239428 ], [ -2115088.438299999106675, 901098.781399993691593 ], [ -2115158.229400000534952, 901103.813600014429539 ], [ -2115209.992199998814613, 901107.899900001939386 ], [ -2115257.803599994629622, 901109.585100003983825 ], [ -2115301.011999998241663, 901112.512199999764562 ], [ -2115338.111499994527549, 901137.104700009804219 ], [ -2115369.96049999864772, 901199.563900007866323 ], [ -2115398.964199999347329, 901256.29670000448823 ], [ -2115432.826299994718283, 901315.504000002052635 ], [ -2115452.207499999552965, 901346.939400002826005 ], [ -2115471.219399998895824, 901378.525800003670156 ], [ -2115488.144799997564405, 901389.563600006513298 ], [ -2115506.168599998112768, 901392.933799995109439 ], [ -2115522.664099996909499, 901397.020399997010827 ], [ -2115538.848100000992417, 901401.271000009030104 ], [ -2115553.147547899279743, 901404.502852097153664 ], [ -2115555.939199995715171, 901405.133800003211945 ], [ -2115571.53029999602586, 901409.720600003376603 ], [ -2115586.848399997223169, 901414.4824000117369 ], [ -2115601.889599997550249, 901419.418400003574789 ], [ -2115607.366570888087153, 901420.980629114899784 ], [ -2115617.868300000205636, 901423.976100005675107 ], [ -2115632.374499999452382, 901429.26690000295639 ], [ -2115646.622199999168515, 901434.738199996761978 ], [ -2115661.823399997781962, 901439.836999996565282 ], [ -2115675.566699997521937, 901445.674500005785376 ], [ -2115690.271899999119341, 901451.14300000295043 ], [ -2115701.961399996653199, 901456.70979999890551 ], [ -2115713.730999994557351, 901462.75630000140518 ], [ -2115726.814399998635054, 901468.741100005339831 ], [ -2115738.828799999784678, 901475.791699996218085 ], [ -2115739.322744943667203, 901476.050755058880895 ], [ -2115752.211099999491125, 901482.810200002975762 ], [ -2115764.613099996000528, 901490.946999995969236 ], [ -2115775.492400004062802, 901508.124100004788488 ], [ -2115776.48739999672398, 901553.497600006405264 ], [ -2115785.6219999990426, 901619.061800003051758 ], [ -2115818.480600000359118, 901662.383000005502254 ], [ -2115838.51040000282228, 901711.068199998233467 ], [ -2115873.717199998907745, 901840.10099999466911 ], [ -2115902.137799997814, 901900.274800001643598 ], [ -2115916.065399997401983, 901910.794100002851337 ], [ -2115929.310199997387826, 901920.490600002463907 ], [ -2115942.069900000467896, 901929.51539999851957 ], [ -2115954.4523, 901937.948100015055388 ], [ -2115966.335099995601922, 901945.710099993273616 ], [ -2115977.993399997707456, 901952.999300006311387 ], [ -2115989.473900001961738, 901959.846100005321205 ], [ -2116000.8103, 901966.271700001787394 ], [ -2116011.44019999820739, 901972.276699996553361 ], [ -2116022.578299999237061, 901977.912000000942498 ], [ -2116033.645599998999387, 901983.167100000195205 ], [ -2116044.058700001332909, 901988.029000010807067 ], [ -2116080.80609999736771, 902003.849000002723187 ], [ -2116114.834000000264496, 902017.977000002749264 ], [ -2116146.439999998081475, 902030.776200014166534 ], [ -2116177.004299994092435, 902042.361700001172721 ], [ -2116205.599299992900342, 902052.793200004845858 ], [ -2116229.669700000435114, 902074.160800001118332 ], [ -2116246.279100002720952, 902114.789296987932175 ], [ -2116250.678199998103082, 902125.550000014714897 ], [ -2116266.406300001777709, 902171.156099998857826 ], [ -2116280.834300002083182, 902215.632500014733523 ], [ -2116288.076799999456853, 902234.667500006966293 ], [ -2116294.960799999535084, 902253.40980000467971 ], [ -2116301.486699994653463, 902271.859400000888854 ], [ -2116308.786400001496077, 902284.488100006710738 ], [ -2116314.594999995082617, 902302.352199996355921 ], [ -2116322.309599998872727, 902308.867100006900728 ], [ -2116330.797899990342557, 902309.561100013088435 ], [ -2116338.926900001242757, 902309.962200008798391 ], [ -2116346.696199998725206, 902310.070400001015514 ], [ -2116354.105600001290441, 902309.885800007265061 ], [ -2116361.154899998567998, 902309.408200005069375 ], [ -2116367.843899995088577, 902308.637800003867596 ], [ -2116374.172299996949732, 902307.574500012677163 ], [ -2116380.139799997210503, 902306.21850000647828 ], [ -2116386.1431, 902304.361200004350394 ], [ -2116391.747999998740852, 902302.009600004181266 ], [ -2116396.957699996419251, 902299.162500004284084 ], [ -2116401.775700001046062, 902295.817900004796684 ], [ -2116406.204900001641363, 902291.973899997305125 ], [ -2116410.249000003095716, 902287.627399997785687 ], [ -2116413.911100002005696, 902282.775000008754432 ], [ -2116417.194400001317263, 902277.412500001024455 ], [ -2116420.098600000143051, 902271.542700005229563 ], [ -2116422.630899999290705, 902265.153199998661876 ], [ -2116424.794100002385676, 902258.237100007943809 ], [ -2116426.590699998196214, 902250.78610000712797 ], [ -2116428.022899996489286, 902242.792300002183765 ], [ -2116429.0932, 902234.242099995724857 ], [ -2116429.80349999666214, 902225.121500003617257 ], [ -2116430.1551, 902215.413100011181086 ], [ -2116430.167099997401237, 902206.27200000686571 ], [ -2116429.896300000138581, 902196.632399996276945 ], [ -2116429.342000002041459, 902186.473500000778586 ], [ -2116428.50279999896884, 902175.7686000126414 ], [ -2116427.377599999308586, 902164.497999997343868 ], [ -2116425.961500002071261, 902152.609799997415394 ], [ -2116422.229399998206645, 902126.760700005106628 ], [ -2116409.706899998243898, 902104.040600012522191 ], [ -2116392.93100000359118, 902078.952800005208701 ], [ -2116375.166000002995133, 902051.114500004332513 ], [ -2116351.529674936085939, 901985.329825067427009 ], [ -2116350.930500000715256, 901983.662200001999736 ], [ -2116344.315599998924881, 901951.816600009333342 ], [ -2116337.74309999961406, 901918.591100000310689 ], [ -2116332.283699998166412, 901888.852800007909536 ], [ -2116326.8083999985829, 901855.519900004379451 ], [ -2116324.527599993627518, 901839.867100005038083 ], [ -2116322.537099998444319, 901824.79400000302121 ], [ -2116320.827900001313537, 901810.231200001668185 ], [ -2116319.398299997206777, 901796.159100004006177 ], [ -2116318.245099996682256, 901782.545899993274361 ], [ -2116317.366099998354912, 901769.367699999827892 ], [ -2116317.023299997206777, 901761.819100006017834 ], [ -2116433.209399996325374, 901800.370348059572279 ], [ -2116439.591899997554719, 901802.488100014161319 ], [ -2116426.804136621300131, 902407.775891276076436 ], [ -2116426.466099997982383, 902423.776300000958145 ], [ -2115854.964899990241975, 903175.194500010926276 ], [ -2115114.130099999252707, 903275.736300005111843 ], [ -2114733.129299998283386, 903413.319900002796203 ], [ -2113886.46100000012666, 903397.444900003261864 ] ] ] } },
{ "type": "Feature", "properties": { "ID": 2098, "YEAR": "2017-2018", "Perimtr_KM": 20.116675902299999, "AREA_KM": 7.6191585235700003, "SCALE": 1, "THICKNES_M": 66.065636316899997, "VOLUME_KM": 0.50336455605999997, "MASS_GT": 0.46158529791000003, "RECURRANCE": "4-5", "UA_KM": 0.10058337951, "UH_M": 5.4834477872600003, "UC_KM": 0.0385145431, "REGION": "Peninsula", "ICESHELF": "Wordie_(Harriott)" }, "geometry": { "type": "Polygon", "coordinates": [ [ [ -2120455.357853500172496, 907433.962146797217429 ], [ -2120313.361013458576053, 907419.27281085588038 ], [ -2120236.859463726170361, 907411.358853305689991 ], [ -2120074.019200001377612, 907394.513299999758601 ], [ -2119663.914199999067932, 906838.887200003024191 ], [ -2118853.589125778991729, 906299.276039145421237 ], [ -2118848.265900001861155, 906295.731200005859137 ], [ -2119017.480400000233203, 905838.081300004385412 ], [ -2119072.659499994944781, 905585.005000005476177 ], [ -2119085.503800000995398, 905592.588000004179776 ], [ -2119098.945899997837842, 905601.322600001469254 ], [ -2119116.926899997051805, 905614.670800004154444 ], [ -2119181.323815113864839, 905929.192875722423196 ], [ -2119190.528799997176975, 905974.151099993847311 ], [ -2119827.768599994946271, 906380.004099999554455 ], [ -2120172.72896439768374, 906920.417750474531204 ], [ -2120254.837000001221895, 907049.047899997327477 ], [ -2120324.880756911356002, 906957.41943087708205 ], [ -2120837.384139850735664, 906286.982800000347197 ], [ -2120890.147700001951307, 906217.959599997382611 ], [ -2120849.869902424514294, 906131.474774421192706 ], [ -2120696.158099999185652, 905801.423499996308237 ], [ -2120839.791899997740984, 905634.408799993805587 ], [ -2121384.776299995370209, 905358.986300000920892 ], [ -2121461.583575065247715, 905416.075600430369377 ], [ -2121577.179199996870011, 905501.995499996934086 ], [ -2121674.198635312728584, 905523.323557720519602 ], [ -2122041.741028095129877, 905604.121444684453309 ], [ -2122220.910599996335804, 905643.508800002746284 ], [ -2122735.086199995130301, 905641.764200001489371 ], [ -2123094.827020370401442, 905519.459749611094594 ], [ -2123181.479690360836685, 905489.999631164595485 ], [ -2123482.797200004104525, 905387.557900006417185 ], [ -2123833.117716088891029, 905103.357906710822135 ], [ -2123909.563899997621775, 905041.340400006156415 ], [ -2124415.044599995948374, 904430.0541000100784 ], [ -2124698.329900002572685, 904487.54660000372678 ], [ -2124944.229699996300042, 904630.275500001385808 ], [ -2125105.448970672674477, 904671.698851300869137 ], [ -2125459.092499998398125, 904762.563300009351224 ], [ -2125668.926834101323038, 904732.091728175058961 ], [ -2125740.083701342809945, 904721.758521258831024 ], [ -2125824.464299998246133, 904709.505000001285225 ], [ -2125505.858320038765669, 905383.545080692972988 ], [ -2125411.9986, 905582.113900002092123 ], [ -2125054.810399999842048, 905859.926899994723499 ], [ -2124796.841099999379367, 906064.979400013107806 ], [ -2124748.101814530789852, 906119.811099999118596 ], [ -2124713.092200002633035, 906159.196919097565114 ], [ -2124698.569462433457375, 906175.535000003874302 ], [ -2124479.3405, 906422.167600012850016 ], [ -2124307.36100000096485, 906408.938400010578334 ], [ -2124107.469069116283208, 906419.059516241773963 ], [ -2124073.52424206584692, 906420.778242647647858 ], [ -2123917.842363019473851, 906428.660873952787369 ], [ -2123784.807899996638298, 906435.396799994632602 ], [ -2123645.9012999990955, 906514.771999995224178 ], [ -2123585.803532967343926, 906716.919147195294499 ], [ -2123573.140799997374415, 906759.512000009417534 ], [ -2123518.181540922261775, 906817.704156674910337 ], [ -2123460.692599997855723, 906878.574799996335059 ], [ -2123415.159495357889682, 906854.859640733338892 ], [ -2123368.058640958741307, 906830.327945115044713 ], [ -2123143.19199999794364, 906713.209900005720556 ], [ -2122852.149699998553842, 906561.074200003873557 ], [ -2122707.031499996781349, 906629.602235503029078 ], [ -2122614.024299999698997, 906673.522299998439848 ], [ -2122567.045273011550307, 906789.162927172146738 ], [ -2122528.034499997738749, 906885.189399997703731 ], [ -2122423.267532697413117, 906903.022086751181632 ], [ -2122217.148499999195337, 906938.106199993751943 ], [ -2122071.841889694798738, 906785.880224806722254 ], [ -2121939.335400002077222, 906647.063900007400662 ], [ -2121846.020849720574915, 906659.013084449339658 ], [ -2121717.32219999236986, 906675.49330000160262 ], [ -2121357.250900000333786, 907057.168900003191084 ], [ -2121283.675838256254792, 907230.286780859343708 ], [ -2121245.03699410520494, 907321.201754763256758 ], [ -2121244.802799998782575, 907321.752799998037517 ], [ -2121244.160503810271621, 907321.294016805011779 ], [ -2121013.291900002863258, 907156.387799995951355 ], [ -2121007.01839249394834, 907129.202616600319743 ], [ -2120933.916700002271682, 906812.428799998480827 ], [ -2120722.249599996488541, 907063.783500011079013 ], [ -2120688.645140426233411, 907244.025756696239114 ], [ -2120662.830430323258042, 907382.48659387184307 ], [ -2120649.489100001752377, 907454.044700003694743 ], [ -2120455.357853500172496, 907433.962146797217429 ] ] ] } },
{ "type": "Feature", "properties": { "ID": 2101, "YEAR": "2017-2018", "Perimtr_KM": 5.36103746687, "AREA_KM": 1.85490195067, "SCALE": 1, "THICKNES_M": 479.19323730500003, "VOLUME_KM": 0.88885647061999995, "MASS_GT": 0.81508138356000004, "RECURRANCE": ">8", "UA_KM": 0.02680518733, "UH_M": 39.773038500200002, "UC_KM": 0.06801015374, "REGION": "East", "ICESHELF": "Shirase" }, "geometry": { "type": "Polygon", "coordinates": [ [ [ 1393154.70870000962168, 1736439.903500006068498 ], [ 1392007.920699998736382, 1735675.378200005274266 ], [ 1391536.241100003011525, 1736752.626000000629574 ], [ 1392632.449800002388656, 1737630.66110000712797 ], [ 1392798.089900001883507, 1737572.196099998895079 ], [ 1393119.153200004249811, 1737066.60480000404641 ], [ 1393154.70870000962168, 1736439.903500006068498 ] ] ] } },
{ "type": "Feature", "properties": { "ID": 2102, "YEAR": "2017-2018", "Perimtr_KM": 11.1236231497, "AREA_KM": 2.3157208606699999, "SCALE": 1, "THICKNES_M": 260.55113601699998, "VOLUME_KM": 0.60336370095000003, "MASS_GT": 0.55328451377, "RECURRANCE": "1-2", "UA_KM": 0.05561811575, "UH_M": 21.625744182799998, "UC_KM": 0.04616589902, "REGION": "East", "ICESHELF": "Vincennes_Bay" }, "geometry": { "type": "Polygon", "coordinates": [ [ [ 2423778.059056979604065, -904040.459924312308431 ], [ 2423729.729299999773502, -904206.470400002319366 ], [ 2423668.143599997274578, -904624.154100003652275 ], [ 2423626.616683304309845, -904620.863465407397598 ], [ 2423436.358299996703863, -904605.787200001301244 ], [ 2423443.831599598750472, -904649.754175596870482 ], [ 2423480.564401065930724, -904865.86088497354649 ], [ 2423483.46510000154376, -904882.926300001330674 ], [ 2423296.134100003167987, -905105.095699998782948 ], [ 2423204.126761190593243, -905038.694209639914334 ], [ 2423174.475000004284084, -905017.29459999804385 ], [ 2423098.194826058112085, -904800.603332581464201 ], [ 2423073.544800010509789, -904730.579299998935312 ], [ 2423024.635970244184136, -904681.002020774176344 ], [ 2422993.514100004918873, -904649.454799992032349 ], [ 2422986.135368165560067, -904683.368127427063882 ], [ 2422962.038459031842649, -904794.119729108642787 ], [ 2422909.433351482264698, -905035.897622039774433 ], [ 2422889.737600001506507, -905126.42109999503009 ], [ 2422894.00964520405978, -905150.418248296482489 ], [ 2422972.327399997040629, -905590.348700003465638 ], [ 2423370.432515236549079, -905744.724579290952533 ], [ 2423508.342099998146296, -905798.202700003515929 ], [ 2424229.226800002157688, -906659.633900003507733 ], [ 2424226.539000007323921, -906729.430599991232157 ], [ 2424235.133200003765523, -906881.578299997374415 ], [ 2423916.847500007599592, -907371.803699997952208 ], [ 2423743.016837246716022, -907110.201396826421842 ], [ 2423710.19004337862134, -907060.799497615313157 ], [ 2423671.562700003385544, -907002.668200000189245 ], [ 2423219.12430000398308, -906518.479800000786781 ], [ 2422806.373499996960163, -906002.541199999628589 ], [ 2422799.290355902165174, -905648.383281342219561 ], [ 2422798.436000000685453, -905605.66539999935776 ], [ 2422750.810899997130036, -905304.039799992693588 ], [ 2422422.592620925977826, -904902.884176630759612 ], [ 2422393.622699997387826, -904867.47650000359863 ], [ 2422363.314844308421016, -904715.937221511034295 ], [ 2422345.997600006870925, -904629.350999993039295 ], [ 2422576.185500003397465, -904653.163500002585351 ], [ 2422592.060600014403462, -904446.788100002566352 ], [ 2422504.747900010086596, -904303.912799992132932 ], [ 2422449.185299997217953, -904176.91259999293834 ], [ 2422576.185500003397465, -904002.287199998972937 ], [ 2422758.748400007374585, -904097.537399999098852 ], [ 2423072.452307873405516, -904092.924116640584543 ], [ 2423298.499499997124076, -904089.599900002591312 ], [ 2423383.142528414726257, -904075.148651883238927 ], [ 2423561.306576738134027, -904044.730401064036414 ], [ 2423623.937600007280707, -904034.037300002761185 ], [ 2423818.489099999889731, -903901.584600002504885 ], [ 2423778.059056979604065, -904040.459924312308431 ] ] ] } },
{ "type": "Feature", "properties": { "ID": 2103, "YEAR": "2017-2018", "Perimtr_KM": 7.5960780831200001, "AREA_KM": 2.27270399421, "SCALE": 1, "THICKNES_M": 337.42555257399999, "VOLUME_KM": 0.76686840107999998, "MASS_GT": 0.70321832379000004, "RECURRANCE": "1-2", "UA_KM": 0.03798039042, "UH_M": 28.0063207255, "UC_KM": 0.05867633255, "REGION": "East", "ICESHELF": "Vincennes_Bay" }, "geometry": { "type": "Polygon", "coordinates": [ [ [ 2420054.727800004184246, -891575.605300000868738 ], [ 2420068.168549552559853, -891590.878575226292014 ], [ 2420181.619899995625019, -891719.797999997623265 ], [ 2420191.783699999563396, -892224.096399997361004 ], [ 2420240.276821792125702, -892375.337621776154265 ], [ 2420254.224600001238286, -892418.838203716790304 ], [ 2420261.004849822260439, -892439.984568999148905 ], [ 2420266.543369103223085, -892457.258202689699829 ], [ 2420272.776000006124377, -892476.696644227718934 ], [ 2420280.438151392154396, -892500.593499999959022 ], [ 2420309.878700003959239, -892592.41321335779503 ], [ 2420310.320922519080341, -892593.792424905346707 ], [ 2420328.429999997839332, -892650.27134194993414 ], [ 2420333.971925806254148, -892667.555599999381229 ], [ 2420365.985400001518428, -892767.399800000945106 ], [ 2420317.362876144237816, -893045.769567565992475 ], [ 2420289.856999997980893, -893203.243999998085201 ], [ 2420432.800699998624623, -893569.629799999762326 ], [ 2420429.951963732950389, -893598.582615152699873 ], [ 2420407.064923538826406, -893831.192510498687625 ], [ 2420365.748500005342066, -894251.107399997999892 ], [ 2420358.021573017351329, -894380.463199996156618 ], [ 2420347.283483299426734, -894560.228608350735158 ], [ 2420346.887000004760921, -894566.866099995095283 ], [ 2420329.684052066877484, -894563.566899997647852 ], [ 2420210.805800005793571, -894540.76829999871552 ], [ 2420044.118000006303191, -894366.142999995965511 ], [ 2419916.40031666867435, -894196.626800515223294 ], [ 2419910.725492072291672, -894189.094760526437312 ], [ 2419607.554600005969405, -893786.704299998469651 ], [ 2419591.679599999450147, -893278.703299998538569 ], [ 2419464.679299995303154, -892762.764800002099946 ], [ 2419461.364234848879278, -892752.541399997193366 ], [ 2419405.51170000154525, -892580.296578336972743 ], [ 2419369.126413377001882, -892468.087218041764572 ], [ 2419315.350100001320243, -892302.245299995876849 ], [ 2419377.587382837198675, -892181.762532376917079 ], [ 2419401.956599998287857, -892134.587099992670119 ], [ 2419293.214362351223826, -891822.366861321497709 ], [ 2419276.971699999645352, -891775.731000000843778 ], [ 2419276.381807233206928, -891597.212394327390939 ], [ 2419276.201534537598491, -891542.656665462767705 ], [ 2419276.095100006088614, -891510.446499992860481 ], [ 2419298.97786792833358, -891519.880332072498277 ], [ 2419515.559500001370907, -891609.170000003883615 ], [ 2419587.920699997805059, -891604.877599996747449 ], [ 2419636.139993890188634, -891472.754745564656332 ], [ 2419663.891599998809397, -891396.714200000278652 ], [ 2419797.154099997133017, -891357.986400004476309 ], [ 2420054.727800004184246, -891575.605300000868738 ] ] ] } },
{ "type": "Feature", "properties": { "ID": 2113, "YEAR": "2017-2018", "Perimtr_KM": 9.0317055749200001, "AREA_KM": 2.2684551881199999, "SCALE": 1, "THICKNES_M": 311.486112322, "VOLUME_KM": 0.70659228752000003, "MASS_GT": 0.64794512766000001, "RECURRANCE": "1-2", "UA_KM": 0.04515852787, "UH_M": 25.853347195200001, "UC_KM": 0.05406435313, "REGION": "East", "ICESHELF": "Vincennes_Bay" }, "geometry": { "type": "Polygon", "coordinates": [ [ [ 2406554.790450297296047, -850899.541119943372905 ], [ 2406598.031700003892183, -851656.950800002552569 ], [ 2406773.543681037612259, -852092.831119485897943 ], [ 2406774.265000003390014, -852094.622499997960404 ], [ 2406787.386588451452553, -852185.682677783537656 ], [ 2406846.089481836184859, -852593.064446345670149 ], [ 2406855.462299997918308, -852658.109199999598786 ], [ 2406740.841299995779991, -852662.434599992120638 ], [ 2406590.028500002808869, -852686.247100001899526 ], [ 2406553.483534802682698, -852750.809886178933084 ], [ 2406412.992473832331598, -852999.010815622052178 ], [ 2406351.903099996969104, -853106.935400004731491 ], [ 2406253.446467805653811, -853090.525995753472671 ], [ 2406209.027800000272691, -853083.122899995185435 ], [ 2406200.229639763012528, -852959.948379524517804 ], [ 2406193.152800007723272, -852860.872399997897446 ], [ 2405915.339700003154576, -852186.183600004995242 ], [ 2405780.401900009252131, -852067.120900002075359 ], [ 2405693.089299997314811, -852122.683500001905486 ], [ 2405534.338899996131659, -852027.433300001779571 ], [ 2405291.219266104511917, -851969.084582968149334 ], [ 2405137.463100009597838, -851932.183100001653656 ], [ 2404883.462600005790591, -852051.24579999782145 ], [ 2404862.707101032137871, -852087.294835397507995 ], [ 2404833.885432248003781, -852137.353538375347853 ], [ 2404732.64979999884963, -852313.183899995405227 ], [ 2404260.485751944594085, -852687.994568562833592 ], [ 2404253.021500006318092, -852693.919799999566749 ], [ 2404358.014200002886355, -852380.384200000669807 ], [ 2404373.41278412565589, -852366.034316109493375 ], [ 2405623.211028943769634, -851201.351930223871022 ], [ 2405879.6941, -850962.336300002411008 ], [ 2405945.998600006103516, -850930.306800001766533 ], [ 2406351.697500008158386, -850748.103000002913177 ], [ 2406452.303693558089435, -850729.524651785381138 ], [ 2406523.229030468501151, -850716.427291069412604 ], [ 2406544.116100005805492, -850712.570199998561293 ], [ 2406554.790450297296047, -850899.541119943372905 ] ] ] } },
{ "type": "Feature", "properties": { "ID": 2114, "YEAR": "2017-2018", "Perimtr_KM": 4.9541208677600004, "AREA_KM": 1.15456053892, "SCALE": 1, "THICKNES_M": 254.102252819, "VOLUME_KM": 0.29337643396000002, "MASS_GT": 0.26902618994, "RECURRANCE": "2-3", "UA_KM": 0.02477060434, "UH_M": 21.09048688, "UC_KM": 0.0224474671, "REGION": "East", "ICESHELF": "Underwood" }, "geometry": { "type": "Polygon", "coordinates": [ [ [ 2405493.663606090471148, -823089.054535595467314 ], [ 2405570.394299998879433, -823097.626099998131394 ], [ 2405527.131524416618049, -823118.6331169991754 ], [ 2404685.438680780120194, -823527.332180781289935 ], [ 2404267.863299999386072, -823730.093400004087016 ], [ 2404163.601200002245605, -823646.946899992180988 ], [ 2403985.007100009359419, -823468.352799999061972 ], [ 2403881.385252848267555, -823367.32149999612011 ], [ 2403808.838845130056143, -823296.588753160089254 ], [ 2403720.4232, -823210.383499991847202 ], [ 2403874.290935868397355, -822980.236946911318228 ], [ 2404064.050200005061924, -822696.405900002690032 ], [ 2405169.904399995692074, -822663.81370000098832 ], [ 2405309.770500004291534, -822712.309099991805851 ], [ 2405133.600900009274483, -822993.193799996050075 ], [ 2405092.435000003315508, -823044.233399999095127 ], [ 2405493.663606090471148, -823089.054535595467314 ] ] ] } },
{ "type": "Feature", "properties": { "ID": 2116, "YEAR": "2017-2018", "Perimtr_KM": 18.744095810800001, "AREA_KM": 4.0337903732699996, "SCALE": 1, "THICKNES_M": 212.51351274800001, "VOLUME_KM": 0.85723496191000004, "MASS_GT": 0.78608446007, "RECURRANCE": "2-3", "UA_KM": 0.09372047905, "UH_M": 17.638621471099999, "UC_KM": 0.06559065887, "REGION": "West", "ICESHELF": "Getz" }, "geometry": { "type": "Polygon", "coordinates": [ [ [ -1529949.500069437781349, -881794.635394804412499 ], [ -1529699.370699997991323, -881804.640500000910833 ], [ -1528839.473099999362603, -882466.100200002780184 ], [ -1527939.887999998172745, -883709.644399999408051 ], [ -1527609.158199996221811, -884357.874800001271069 ], [ -1527132.907200002111495, -884900.271700002253056 ], [ -1526788.948199997656047, -886143.815899998880923 ], [ -1526754.598629469284788, -886287.388534586178139 ], [ -1526647.665699998382479, -886734.341499999631196 ], [ -1526737.174199999077246, -886492.512400002684444 ], [ -1527079.91479945066385, -886174.031311296159402 ], [ -1527426.218199997907504, -885852.239599997643381 ], [ -1527667.257399994879961, -885636.667499997885898 ], [ -1527870.8720665324945, -885141.221760994987562 ], [ -1527877.507083234842867, -885125.077095144893974 ], [ -1528072.005699999397621, -884651.812999993795529 ], [ -1528497.040500001981854, -883726.492100002709776 ], [ -1529307.474200000986457, -882729.724600000539795 ], [ -1529584.563200000906363, -882297.790399996098131 ], [ -1529945.971600000979379, -882062.999500001082197 ], [ -1530393.243099998217076, -881979.63099999865517 ], [ -1530401.519748894497752, -881973.831266346387565 ], [ -1530421.068798667052761, -881960.132572195027024 ], [ -1530692.9733, -881769.599700000835583 ], [ -1531077.984200002625585, -881653.611199998762459 ], [ -1531649.698299998417497, -881264.52710000355728 ], [ -1532052.705499997595325, -881161.485700001707301 ], [ -1532681.851499999407679, -881176.410699998494238 ], [ -1532960.635799997486174, -881126.796599996043369 ], [ -1532901.663822756381705, -881063.440718819852918 ], [ -1532894.800699998857453, -881056.067399998195469 ], [ -1532891.174100001808256, -880975.085599999409169 ], [ -1532398.126099999062717, -880799.221899999305606 ], [ -1531644.062099999049678, -880772.7635000012815 ], [ -1530651.872600001748651, -881315.160400002496317 ], [ -1530030.1005, -881791.411400003358722 ], [ -1529949.500069437781349, -881794.635394804412499 ] ] ] } },
{ "type": "Feature", "properties": { "ID": 2117, "YEAR": "2017-2018", "Perimtr_KM": 52.340333751499998, "AREA_KM": 14.5390093228, "SCALE": 2, "THICKNES_M": 333.33373436599999, "VOLUME_KM": 4.8463422715500002, "MASS_GT": 4.4440958630100003, "RECURRANCE": "1-2", "UA_KM": 0.26170166876000001, "UH_M": 27.666699816000001, "UC_KM": 0.37081406711999998, "REGION": "West", "ICESHELF": "Getz" }, "geometry": { "type": "Polygon", "coordinates": [ [ [ -1543646.374988031806424, -817979.807549122720957 ], [ -1543519.941210705088452, -817989.990831343224272 ], [ -1543486.174299997277558, -817992.710499999811873 ], [ -1543271.260730620007962, -818270.018309477949515 ], [ -1543076.069300001487136, -818521.878199991770089 ], [ -1542439.66251896484755, -819306.022263354156166 ], [ -1542415.820236780680716, -819335.399360813433304 ], [ -1542346.177599396090955, -819421.209038341417909 ], [ -1542335.23449999676086, -819434.692500001983717 ], [ -1542234.749877250986174, -819588.76894855638966 ], [ -1542136.796600000234321, -819738.964000004110858 ], [ -1541989.993667598813772, -819759.935858812415972 ], [ -1541951.587899998994544, -819765.422400001902133 ], [ -1541779.60840000025928, -820149.06899999990128 ], [ -1541713.09018518589437, -820291.176052685827017 ], [ -1541694.888151522958651, -820330.062203856185079 ], [ -1541488.566100000403821, -820770.840999996755272 ], [ -1541233.740425173891708, -821460.993983017280698 ], [ -1541171.065500000724569, -821630.738600002368912 ], [ -1541142.198561436496675, -821809.188789114588872 ], [ -1541025.5444, -822530.323699996573851 ], [ -1540661.647722037974745, -823099.901090782834217 ], [ -1540570.668175078462809, -823242.303855394013226 ], [ -1540467.94531501410529, -823403.087457312038168 ], [ -1540417.00150000071153, -823482.825600000331178 ], [ -1540014.933227130677551, -823940.079679189482704 ], [ -1539828.254357860190794, -824152.381122085498646 ], [ -1539742.312600003089756, -824250.118800002848729 ], [ -1539724.725635056849569, -824504.152818552684039 ], [ -1539684.711990097304806, -825082.1278731666971 ], [ -1539623.249900000169873, -825969.91390000237152 ], [ -1539438.041199998930097, -826909.186699994839728 ], [ -1539146.998899999307469, -827702.938199997413903 ], [ -1539006.216116565978155, -828041.859728069743142 ], [ -1538829.422788408119231, -828467.473311442183331 ], [ -1538807.957782319746912, -828519.148328000446782 ], [ -1538690.885245053796098, -828800.98963172826916 ], [ -1538432.622499999357387, -829422.733300003688782 ], [ -1538207.726199997821823, -830454.610400001285598 ], [ -1538392.934899999061599, -832584.51049999659881 ], [ -1538796.042283992283046, -832918.513731174170971 ], [ -1538855.956699997652322, -832968.157100001350045 ], [ -1538896.231830867705867, -833233.972841985989362 ], [ -1538896.763025859137997, -833237.478727324167266 ], [ -1538912.653922204161063, -833342.358595138648525 ], [ -1538922.102699995739385, -833404.720500001916662 ], [ -1538945.106732871383429, -833397.719267999054864 ], [ -1539166.181466538226232, -833330.435609183274209 ], [ -1539172.490666344529018, -833328.515416676178575 ], [ -1539226.374099999899045, -833312.116099998820573 ], [ -1539266.56028840597719, -833436.023541665868834 ], [ -1539308.70070642628707, -833565.956525992369279 ], [ -1539385.124400003114715, -833801.59630000195466 ], [ -1539366.766258588759229, -833882.896688685519621 ], [ -1539292.520099998218939, -834211.701299997977912 ], [ -1539155.210077416617423, -834454.013029131339863 ], [ -1539067.623799996683374, -834608.577000000281259 ], [ -1539076.375395201379433, -834634.20667605753988 ], [ -1539252.832499997923151, -835150.973999992478639 ], [ -1539292.520099998218939, -836103.475900002988055 ], [ -1539173.457299997331575, -836420.976500002667308 ], [ -1539162.50272523611784, -836985.136810349533334 ], [ -1539146.998899999307469, -837783.583400002215058 ], [ -1539148.973900878801942, -837796.420898243552074 ], [ -1539149.115317559568211, -837797.340106126619503 ], [ -1539188.51190701359883, -838053.4177886901889 ], [ -1539252.832499997923151, -838471.501400004141033 ], [ -1539530.645499997073784, -839119.731899996986613 ], [ -1539643.277252168627456, -839476.398902357090265 ], [ -1539689.395899998256937, -839622.441199997905642 ], [ -1539536.83522382657975, -839894.871043606195599 ], [ -1539504.187199997249991, -839953.171100004576147 ], [ -1539504.187199997249991, -840419.875514844199643 ], [ -1539504.187199997249991, -840707.235099998069927 ], [ -1539681.222208875697106, -840750.152666846290231 ], [ -1539905.719629373168573, -840804.576269913464785 ], [ -1539924.118482933845371, -840809.03659689729102 ], [ -1539940.750499993097037, -840813.068599998485297 ], [ -1540088.603041695430875, -841179.00360466260463 ], [ -1540207.395900001050904, -841473.015900003956631 ], [ -1540213.539400001987815, -841394.743300000205636 ], [ -1540124.858029138064012, -841128.12967447261326 ], [ -1540085.7913, -841010.678599996957928 ], [ -1540150.3475, -840751.898899997351691 ], [ -1540236.223469922086224, -840667.455860943067819 ], [ -1540319.573931391816586, -840585.496189570985734 ], [ -1540461.309345406247303, -840446.125779987312853 ], [ -1540525.810799998464063, -840382.700599996140227 ], [ -1540515.139298375928774, -840277.722795365843922 ], [ -1540506.478053313679993, -840192.520307057304308 ], [ -1540486.952100003138185, -840000.439399996306747 ], [ -1540496.221978880930692, -839971.404513149056584 ], [ -1540536.0868, -839846.540900001302361 ], [ -1540828.546799997799098, -839601.917999999597669 ], [ -1540818.674100001109764, -839574.880199991399422 ], [ -1540800.321999999461696, -839530.594599997624755 ], [ -1540786.290399996330962, -839486.942299997201189 ], [ -1540768.935699999099597, -839443.025400000857189 ], [ -1540755.280900003155693, -839398.999699997715652 ], [ -1540746.839099997654557, -839352.364500003634021 ], [ -1540740.242499999236315, -839305.932999996701255 ], [ -1540725.873899997677654, -839260.462499996880069 ], [ -1540713.736099998699501, -839216.3226000033319 ], [ -1540700.996800003107637, -839172.353399997809902 ], [ -1540685.550099995685741, -839127.560100003844127 ], [ -1540673.59270000224933, -839083.1826000015717 ], [ -1540661.984299997566268, -839039.146199994720519 ], [ -1540648.806499995989725, -838997.063500001095235 ], [ -1540128.340655922191218, -838625.051792896352708 ], [ -1540033.14849999640137, -838557.011599997524172 ], [ -1540006.325700000626966, -838318.463800000026822 ], [ -1539994.7336, -837801.032900002552196 ], [ -1539808.549199995817617, -837466.686700003920123 ], [ -1539755.494388650404289, -837243.644623979693279 ], [ -1539690.003199997590855, -836968.320099999429658 ], [ -1539688.612527761375532, -836959.895580460550264 ], [ -1539609.186899998690933, -836478.745000001974404 ], [ -1539604.475024456856772, -836461.57830205722712 ], [ -1539569.646581176901236, -836334.688412734074518 ], [ -1539499.243600005749613, -836078.19040000019595 ], [ -1539472.275230360683054, -835800.622700204374269 ], [ -1539458.670448455028236, -835660.597623843932524 ], [ -1539425.074799995636567, -835314.819699997780845 ], [ -1539366.641247256658971, -834703.808298159157857 ], [ -1539350.320199998561293, -834533.147000000812113 ], [ -1539453.769927329849452, -834326.250687572639436 ], [ -1539626.86779999313876, -833980.060200001578778 ], [ -1539615.287972249323502, -833675.70715180458501 ], [ -1539613.675502018304542, -833633.32653617602773 ], [ -1539608.821220877580345, -833505.741282330593094 ], [ -1539608.545499995583668, -833498.494499993277714 ], [ -1539517.100519136525691, -833339.386267559370026 ], [ -1539487.29649284738116, -833287.529228512197733 ], [ -1539452.03630031296052, -833226.178820246597752 ], [ -1539337.556200002320111, -833026.991000003181398 ], [ -1539371.787134448299184, -832858.563933164346963 ], [ -1539437.893199998419732, -832533.301099993987009 ], [ -1539665.924300002167001, -831380.457499998388812 ], [ -1539451.970499997260049, -830945.327799999387935 ], [ -1539423.054071018705145, -830625.149196258746088 ], [ -1539394.279199996730313, -830306.537999998778105 ], [ -1539387.754591499222443, -830265.104376700241119 ], [ -1539270.387199997669086, -829519.779000002425164 ], [ -1539336.716600000625476, -829140.25020000198856 ], [ -1539714.322000002255663, -828326.487100002588704 ], [ -1539805.159613611409441, -828055.446699907304719 ], [ -1540010.652700001141056, -827442.298399992287159 ], [ -1540220.919199995929375, -826819.7227999989409 ], [ -1540243.47280000266619, -826357.604200002970174 ], [ -1540258.739199995761737, -825613.253900001291186 ], [ -1540330.403516793390736, -824937.174247503979132 ], [ -1540331.440200000535697, -824927.394200003705919 ], [ -1540594.752621469786391, -823887.316647809697315 ], [ -1540622.342300001997501, -823778.338100004708394 ], [ -1540875.987300000851974, -823237.057900001993403 ], [ -1541143.689799998886883, -822621.497200001496822 ], [ -1541362.271987635409459, -822215.795456929365173 ], [ -1541440.79219999932684, -822070.05720000108704 ], [ -1541464.279268281999975, -821840.924122518626973 ], [ -1541529.37090000230819, -821205.908899998990819 ], [ -1541603.293771950993687, -821006.674707256490365 ], [ -1541740.927600000519305, -820635.729100003838539 ], [ -1541860.346299997763708, -820421.264900000300258 ], [ -1542065.171572405612096, -820399.986596576403826 ], [ -1542122.16140000289306, -820394.066199992317706 ], [ -1542253.222143310587853, -820276.938441144535318 ], [ -1542280.382272644899786, -820252.665687924483791 ], [ -1542443.218121331650764, -820107.140814994694665 ], [ -1542622.736299998359755, -819946.7071 ], [ -1542637.514421386644244, -819897.532304735388607 ], [ -1542681.617899995530024, -819750.776199993677437 ], [ -1542789.82904108450748, -819535.096551811788231 ], [ -1542935.740699999034405, -819244.274600000120699 ], [ -1543024.747928962344304, -819142.96220979723148 ], [ -1543077.095847873715684, -819083.377242953283712 ], [ -1543192.53819999541156, -818951.975099996430799 ], [ -1543212.896528783254325, -818814.354407662060112 ], [ -1543238.143519043456763, -818643.686750464839861 ], [ -1543272.33940000156872, -818412.525299993110821 ], [ -1543539.433899994473904, -818060.641900000860915 ], [ -1543646.546708651585504, -818012.352771087083966 ], [ -1543734.477000000188127, -817972.711599999340251 ], [ -1543646.374988031806424, -817979.807549122720957 ] ] ] } },
{ "type": "Feature", "properties": { "ID": 2118, "YEAR": "2017-2018", "Perimtr_KM": 7.91534585534, "AREA_KM": 1.88300606753, "SCALE": 1, "THICKNES_M": 205.28576914499999, "VOLUME_KM": 0.38655434888000001, "MASS_GT": 0.35447033792, "RECURRANCE": ">8", "UA_KM": 0.03957672928, "UH_M": 17.038718755000001, "UC_KM": 0.02957690197, "REGION": "West", "ICESHELF": "Getz" }, "geometry": { "type": "Polygon", "coordinates": [ [ [ -1545682.80421029124409, -805183.031750249909237 ], [ -1545671.524797695456073, -805213.537432802375406 ], [ -1545548.820788434473798, -805545.395986832911149 ], [ -1545371.789399998262525, -806024.185399999143556 ], [ -1545404.439917789772153, -806369.348123947624117 ], [ -1545487.839893442112952, -807251.005283548496664 ], [ -1545489.137599997920915, -807264.723900003125891 ], [ -1545538.365836629178375, -808217.281061853049323 ], [ -1545538.827619345393032, -808226.216470938408747 ], [ -1545541.994868882000446, -808287.502156457630917 ], [ -1545562.176099997712299, -808678.005199997220188 ], [ -1545790.198280675336719, -808390.644542280584574 ], [ -1545983.342531427275389, -808147.238138714572415 ], [ -1546007.015600000973791, -808117.404600000241771 ], [ -1546160.481899995822459, -807698.286600003018975 ], [ -1546230.457999996142462, -807339.372699999716133 ], [ -1546189.382136628264561, -806861.036413361085579 ], [ -1546182.599075586302206, -806782.046369998017326 ], [ -1546180.360299999825656, -806755.975399998715147 ], [ -1545960.739499998511747, -805935.378499997546896 ], [ -1545872.463100002612919, -805423.650699999881908 ], [ -1545795.418499999679625, -804878.461300001479685 ], [ -1545682.80421029124409, -805183.031750249909237 ] ] ] } },
{ "type": "Feature", "properties": { "ID": 2119, "YEAR": "2017-2018", "Perimtr_KM": 9.5826978069499997, "AREA_KM": 1.41990544103, "SCALE": 1, "THICKNES_M": 348.84892781600001, "VOLUME_KM": 0.4953324907, "MASS_GT": 0.45421989398000001, "RECURRANCE": ">8", "UA_KM": 0.04791348903, "UH_M": 28.954460866000002, "UC_KM": 0.03789997593, "REGION": "West", "ICESHELF": "Getz" }, "geometry": { "type": "Polygon", "coordinates": [ [ [ -1569279.891591693041846, -738383.604723230702803 ], [ -1568860.973199998727068, -738910.245000000344589 ], [ -1568860.973199998727068, -739300.420702824834734 ], [ -1568860.973199998727068, -739559.241699999431148 ], [ -1568975.974300001049414, -739462.111800003563985 ], [ -1569058.932052485877648, -739356.783625439740717 ], [ -1569528.117999998154119, -738761.076799996895716 ], [ -1569826.725799996638671, -738305.134199997875839 ], [ -1569863.45589999621734, -738052.142099996330217 ], [ -1570177.530699998140335, -737739.805199997499585 ], [ -1570730.647300001466647, -737441.151599998353049 ], [ -1571174.803500002250075, -737297.58590000262484 ], [ -1571529.601799996802583, -737099.541399997193366 ], [ -1571880.348399997223169, -737087.939399996772408 ], [ -1572329.61859999736771, -736924.760100002400577 ], [ -1572233.87714014085941, -736912.923883671639487 ], [ -1571429.01659999974072, -736813.421499997843057 ], [ -1571329.922600001329556, -736814.326699999859557 ], [ -1570723.643599995179102, -737089.908000001451001 ], [ -1570173.309199997689575, -737365.07519999681972 ], [ -1569601.807999996701255, -737978.909800002118573 ], [ -1569279.891591693041846, -738383.604723230702803 ] ] ] } },
{ "type": "Feature", "properties": { "ID": 2121, "YEAR": "2017-2018", "Perimtr_KM": 10.400746208499999, "AREA_KM": 1.64410365912, "SCALE": 1, "THICKNES_M": 396.34414672899999, "VOLUME_KM": 0.65163086190999997, "MASS_GT": 0.59754550036999998, "RECURRANCE": ">8", "UA_KM": 0.05200373104, "UH_M": 32.896564016299997, "UC_KM": 0.04985902287, "REGION": "East", "ICESHELF": "Conger_Glenzer" }, "geometry": { "type": "Polygon", "coordinates": [ [ [ 2590594.896800000220537, -594888.003699998138472 ], [ 2590838.906592694111168, -595672.548300000373274 ], [ 2591210.046999994665384, -596865.845499992836267 ], [ 2591681.654299999587238, -596776.136899998644367 ], [ 2591741.243438675999641, -597045.85530000529252 ], [ 2591934.079114836640656, -597918.687685162993148 ], [ 2592137.539300010539591, -598839.609800002304837 ], [ 2591822.211500013247132, -598774.236900003859773 ], [ 2591809.426319079473615, -598573.936380917439237 ], [ 2591803.161400006152689, -598475.786299992818385 ], [ 2591777.76139999832958, -598170.985699997050688 ], [ 2591580.911000006832182, -598113.835599999176338 ], [ 2591580.911000006832182, -597980.485300003318116 ], [ 2591688.861200010403991, -597739.184900001622736 ], [ 2591714.261200004257262, -597383.584100001724437 ], [ 2591587.26099999807775, -597320.083999998634681 ], [ 2591433.604500003159046, -597247.60453264717944 ], [ 2591250.710300005041063, -597161.333700002171099 ], [ 2591034.809899996966124, -597294.683999998029321 ], [ 2590971.309800000861287, -597281.983899996383116 ], [ 2590914.159600005485117, -596913.68320000404492 ], [ 2590840.585600000806153, -596702.770901872310787 ], [ 2590818.909500002861023, -596640.632699998561293 ], [ 2590514.108800008893013, -596532.682399996556342 ], [ 2590366.470700011588633, -596507.475900003220886 ], [ 2590369.869999998249114, -596434.917100002989173 ], [ 2590343.456799998879433, -595484.560899995965883 ], [ 2590357.173100004903972, -594864.571899997070432 ], [ 2590594.896800000220537, -594888.003699998138472 ] ] ] } },
{ "type": "Feature", "properties": { "ID": 2123, "YEAR": "2017-2018", "Perimtr_KM": 49.543413540899998, "AREA_KM": 11.644995100599999, "SCALE": 2, "THICKNES_M": 295.83792274899997, "VOLUME_KM": 3.4450311609800002, "MASS_GT": 3.15909357462, "RECURRANCE": "2-3", "UA_KM": 0.2477170677, "UH_M": 24.554547467100001, "UC_KM": 0.26359384967, "REGION": "West", "ICESHELF": "Dotson" }, "geometry": { "type": "Polygon", "coordinates": [ [ [ -1598286.315078843617812, -648693.019289722898975 ], [ -1597904.343799997586757, -648722.401700004469603 ], [ -1597921.527100000996143, -649497.837399997981265 ], [ -1597354.009399999864399, -650119.404499998316169 ], [ -1596634.341300000902265, -651558.740699996473268 ], [ -1595766.506199999013916, -654289.246100003598258 ], [ -1595364.338699999498203, -656300.083500002743676 ], [ -1595025.671400001039729, -657316.085499996086583 ], [ -1594414.796100000385195, -660320.931299997726455 ], [ -1593861.50239999149926, -661380.093699991935864 ], [ -1592867.928489397512749, -662596.365201480221003 ], [ -1592633.833299999125302, -662882.929999993182719 ], [ -1592421.684071016730741, -663199.073940204456449 ], [ -1591554.3310999982059, -664491.599899992812425 ], [ -1591326.320409063249826, -665130.029784345300868 ], [ -1590919.329799994127825, -666269.603399996180087 ], [ -1590828.499592204811051, -667064.368093663593754 ], [ -1590820.4979414914269, -667134.382570484187454 ], [ -1590749.996199997374788, -667751.273099996615201 ], [ -1590792.329599994933233, -668894.275300002889708 ], [ -1590882.155299994628876, -669013.346583631355315 ], [ -1591122.20035241660662, -669331.545857568038628 ], [ -1591317.496019027195871, -669590.426174783846363 ], [ -1591702.498100001132116, -670100.777799994219095 ], [ -1592023.596499762032181, -671124.821312157437205 ], [ -1592070.196899998234585, -671273.438800000585616 ], [ -1592086.626068311044946, -671243.699862647103146 ], [ -1592091.305599996354431, -671235.229299997212365 ], [ -1592110.927899999078363, -671198.864700000034645 ], [ -1592120.645499998703599, -671180.116800002288073 ], [ -1592129.554699999047443, -671162.486399999819696 ], [ -1592137.98529999749735, -671145.789400002686307 ], [ -1592145.691300002159551, -671129.592100000474602 ], [ -1592154.255499998806044, -671111.935800001956522 ], [ -1592161.049199998145923, -671096.878100001718849 ], [ -1592059.687764651142061, -670546.781299890717492 ], [ -1591964.394204987678677, -670029.615357419010252 ], [ -1591955.016299999086186, -669978.720699996687472 ], [ -1591749.936499999836087, -668943.482700002612546 ], [ -1591752.535061897011474, -668452.97252389183268 ], [ -1591758.878499996848404, -667255.571400003274903 ], [ -1592130.002599995117635, -666279.127999992109835 ], [ -1592253.879899998195469, -665572.648799996823072 ], [ -1592306.991609196877107, -665324.754829757381231 ], [ -1592460.371999998344108, -664608.866099990671501 ], [ -1592804.095499998191372, -664067.929599998053163 ], [ -1593347.133439697092399, -663577.871901074424386 ], [ -1593366.895700002089143, -663560.037699998356402 ], [ -1593766.639899998204783, -663289.133300001733005 ], [ -1593868.146122344071046, -662887.20701375300996 ], [ -1594762.50270000169985, -659345.89290000195615 ], [ -1595535.46469999756664, -656529.327599997399375 ], [ -1596544.348899998702109, -652439.518100002547726 ], [ -1597063.66619999660179, -651049.752100001089275 ], [ -1598084.27019999595359, -649380.557699999772012 ], [ -1598486.23541676113382, -648827.414705064846203 ], [ -1598601.519400001270697, -648668.772799995029345 ], [ -1598286.315078843617812, -648693.019289722898975 ] ] ] } },
{ "type": "Feature", "properties": { "ID": 2125, "YEAR": "2017-2018", "Perimtr_KM": 47.043695231299999, "AREA_KM": 45.4066485098, "SCALE": 2, "THICKNES_M": 276.83853795300001, "VOLUME_KM": 12.5703101868, "MASS_GT": 11.5269744413, "RECURRANCE": "3-4", "UA_KM": 0.23521847616, "UH_M": 22.977598536799999, "UC_KM": 0.96180739703999996, "REGION": "West", "ICESHELF": "Thwaites" }, "geometry": { "type": "Polygon", "coordinates": [ [ [ -1563330.273070808500051, -473716.286084231454879 ], [ -1563314.854499996174127, -473730.162800001911819 ], [ -1562706.311599996872246, -474179.955399997998029 ], [ -1561700.892899997299537, -474391.622499997261912 ], [ -1561460.306433712830767, -474354.609175971243531 ], [ -1561356.933899999596179, -474338.7057000012137 ], [ -1561330.498142901808023, -474290.640697823371738 ], [ -1561065.8916, -473809.537999995984137 ], [ -1560139.848100000992417, -473703.704399997368455 ], [ -1559663.597199998097494, -474338.7057000012137 ], [ -1559267.198722250526771, -474500.470715192146599 ], [ -1558731.808099998626858, -474718.956599992699921 ], [ -1559168.277241937350482, -475001.082438189536333 ], [ -1559414.390900000929832, -475160.165899998508394 ], [ -1559798.490505406400189, -475411.365739935077727 ], [ -1560039.951580439694226, -475569.280464513227344 ], [ -1560958.283000001683831, -476169.866099991835654 ], [ -1562002.264612100087106, -476448.382894944865257 ], [ -1562008.397699996130541, -476450.01909999223426 ], [ -1562021.633546684635803, -476459.957867748104036 ], [ -1562633.613699996145442, -476919.49240000359714 ], [ -1562709.600105358054861, -476979.032841147389263 ], [ -1563213.430599999148399, -477373.817799998447299 ], [ -1564530.212599998805672, -476511.832199996337295 ], [ -1564625.172349237138405, -476468.674420043360442 ], [ -1564981.208799995947629, -476306.861200003884733 ], [ -1564924.626099997665733, -477140.917899997439235 ], [ -1565372.891399998450652, -477275.458300000522286 ], [ -1565621.015899998368695, -477631.215599996037781 ], [ -1566418.063399996375665, -477710.020500002428889 ], [ -1566394.138299997430295, -478183.655499996617436 ], [ -1566785.34099461697042, -478267.749771601520479 ], [ -1568088.947999998927116, -478547.977600003127009 ], [ -1567753.65939999721013, -479245.973199998494238 ], [ -1567853.249233539914712, -479669.520395383704454 ], [ -1567855.203000000445172, -479677.829599996097386 ], [ -1568935.937500002328306, -479843.868099992163479 ], [ -1568922.448464279761538, -479937.914061439689249 ], [ -1568800.445999998599291, -480788.518899999093264 ], [ -1568863.323817331809551, -480949.708812825381756 ], [ -1568916.044578502187505, -481084.860687653534114 ], [ -1568929.339899997226894, -481118.9438 ], [ -1569450.848903668345883, -481056.531560685485601 ], [ -1569503.922599998302758, -481050.179900000337511 ], [ -1569519.716819821158424, -481062.71865960303694 ], [ -1569530.065957422135398, -481070.934662029612809 ], [ -1569690.534399999538437, -481198.327799995895475 ], [ -1569852.933099999092519, -481516.647999994922429 ], [ -1570575.852399992989376, -481354.881600002758205 ], [ -1570801.30050000292249, -481980.315099997911602 ], [ -1571715.602699998300523, -481969.776500000152737 ], [ -1572439.228099993662909, -482089.469900002703071 ], [ -1572407.325299997814, -482442.135899995919317 ], [ -1573152.280699996510521, -482702.42539999820292 ], [ -1573447.373500001383945, -482566.619499998632818 ], [ -1573417.784799996996298, -482210.830200003925711 ], [ -1573459.410376783693209, -482197.913835532963276 ], [ -1574071.263099996838719, -482008.056700000539422 ], [ -1574325.372599995927885, -481686.50019999826327 ], [ -1574331.997299999697134, -481514.507599990814924 ], [ -1574913.909599996404722, -481304.606899992097169 ], [ -1574348.001499999780208, -481006.219000000506639 ], [ -1573633.6251, -480794.551900001242757 ], [ -1573183.832499996991828, -480477.051300001330674 ], [ -1572945.707099997904152, -479894.966800000052899 ], [ -1572776.303157275775447, -479662.036348744761199 ], [ -1572734.0399999988731, -479603.924500000663102 ], [ -1572149.357330820057541, -479095.504825265612453 ], [ -1572125.497099999571219, -479074.756800001952797 ], [ -1571963.533092404715717, -478783.221659790724516 ], [ -1571868.364334030076861, -478611.917937881313264 ], [ -1571860.913199997739866, -478598.505899998825043 ], [ -1571411.120699999621138, -478492.672300000209361 ], [ -1570776.119399995543063, -478439.755499997641891 ], [ -1570749.660999997751787, -478095.796500000171363 ], [ -1571172.99520000256598, -477672.462300002109259 ], [ -1570749.660999997751787, -477460.795300000812858 ], [ -1570405.702, -477407.878499998245388 ], [ -1569982.367800001986325, -477619.54559999704361 ], [ -1569744.242299998179078, -477487.253600000869483 ], [ -1569506.116899999091402, -477143.294599996414036 ], [ -1569611.950399999506772, -476455.37659999448806 ], [ -1569717.783900000154972, -475714.541799996513873 ], [ -1569134.187579724937677, -475510.961683501023799 ], [ -1568580.073300002142787, -475317.666000002995133 ], [ -1567442.362699997145683, -475397.041099992115051 ], [ -1566569.23600000073202, -475476.416299999691546 ], [ -1566013.60989999724552, -475079.540499992668629 ], [ -1565537.358899996615946, -474920.790199995972216 ], [ -1565537.358899996615946, -474576.831199998501688 ], [ -1565378.608600000152364, -473888.913099998608232 ], [ -1564902.35759999928996, -473809.537999995984137 ], [ -1564902.35759999928996, -473553.759379982482642 ], [ -1564902.35759999928996, -473359.745399999897927 ], [ -1564479.023499998962507, -473200.995099996682256 ], [ -1563844.02220000163652, -473253.911799994297326 ], [ -1563330.273070808500051, -473716.286084231454879 ] ] ] } },
{ "type": "Feature", "properties": { "ID": 2126, "YEAR": "2017-2018", "Perimtr_KM": 33.848993901699998, "AREA_KM": 22.057419181099998, "SCALE": 2, "THICKNES_M": 290.29367944699999, "VOLUME_KM": 6.4031293731899996, "MASS_GT": 5.87166963521, "RECURRANCE": "2-3", "UA_KM": 0.16924496951000001, "UH_M": 24.094375275299999, "UC_KM": 0.48993040775000002, "REGION": "West", "ICESHELF": "Thwaites" }, "geometry": { "type": "Polygon", "coordinates": [ [ [ -1575766.278667417122051, -468456.797758279833943 ], [ -1575300.503400003537536, -468861.819699991494417 ], [ -1575221.128300000913441, -469576.196199996396899 ], [ -1574744.8773, -470343.489399991929531 ], [ -1574665.502199997426942, -470819.740300002042204 ], [ -1574480.293499996419996, -471243.074500000104308 ], [ -1574480.293499996419996, -471639.950299993623048 ], [ -1573845.292199999094009, -472116.20120000327006 ], [ -1574004.04250000230968, -472274.951599997468293 ], [ -1574011.704939606366679, -472287.539892149623483 ], [ -1574374.459899997804314, -472883.494399998802692 ], [ -1574442.272271101130173, -473064.327380113769323 ], [ -1574612.585400001611561, -473518.495700003113598 ], [ -1574612.585400001611561, -474047.663400001823902 ], [ -1574533.210200001019984, -474338.7057000012137 ], [ -1574691.960600002203137, -474762.039899999741465 ], [ -1574559.668599999044091, -475741.000100003089756 ], [ -1574586.126999996835366, -476376.001400000415742 ], [ -1574586.126999996835366, -476692.854537366889417 ], [ -1574586.126999996835366, -476838.551315532065928 ], [ -1574586.126999996835366, -476931.627500004135072 ], [ -1574568.94819175102748, -477103.415517518762499 ], [ -1574533.210200001019984, -477460.795300000812858 ], [ -1574517.775785964680836, -477638.291280128993094 ], [ -1574480.293499996419996, -478069.338100002147257 ], [ -1574861.254139784956351, -478783.639277091715485 ], [ -1574903.627700001234189, -478863.089699995703995 ], [ -1575009.461199995130301, -478995.381699998863041 ], [ -1574824.252500000642613, -479259.965500002726912 ], [ -1575102.671779659809545, -479902.471579789649695 ], [ -1575168.211499998345971, -480053.717099996749312 ], [ -1575512.170499995816499, -480265.384199995547533 ], [ -1575591.545699996408075, -480635.801599998027086 ], [ -1575518.968399997102097, -481086.357100000139326 ], [ -1575829.458999997936189, -480903.229699998162687 ], [ -1576278.481599998194724, -480923.881999992299825 ], [ -1576671.300999999279156, -480462.178200001828372 ], [ -1576372.020199996652082, -480217.515799998771399 ], [ -1576642.97945169149898, -479551.174459727015346 ], [ -1576721.535343060502782, -479357.990290471818298 ], [ -1576769.750000000931323, -479239.421099999919534 ], [ -1576566.646099998848513, -478971.783600000664592 ], [ -1576497.402530835475773, -478934.628311822656542 ], [ -1576191.777500001015142, -478770.633499996270984 ], [ -1575978.758000003173947, -478515.279100004583597 ], [ -1575961.435302726458758, -478420.942197607830167 ], [ -1575914.013000000733882, -478162.687199999112636 ], [ -1576024.239599998574704, -477953.228799995966256 ], [ -1576177.639005972305313, -477930.541606712155044 ], [ -1576374.907099998556077, -477901.366399998310953 ], [ -1576494.800600001122802, -477747.950699993409216 ], [ -1576110.487200000323355, -477425.243599998764694 ], [ -1576176.672399999340996, -477173.625499999150634 ], [ -1576516.906699996907264, -477123.855399997904897 ], [ -1576621.358799998415634, -476909.186700003221631 ], [ -1576752.684099996695295, -476723.132300003431737 ], [ -1577465.286899995058775, -476243.161799997556955 ], [ -1577756.236092201899737, -475645.768308909144253 ], [ -1577838.018299997784197, -475477.849000001326203 ], [ -1578008.087271895259619, -475335.214742513373494 ], [ -1578601.619088191073388, -474837.428644482977688 ], [ -1578675.751999996136874, -474775.254500003997236 ], [ -1578622.495399998268113, -474633.894499991554767 ], [ -1578578.718590600881726, -474631.578219119925052 ], [ -1577819.966994659975171, -474591.43180748494342 ], [ -1577405.793200002517551, -474569.517400003038347 ], [ -1576795.467999997548759, -474381.833200000692159 ], [ -1576698.876500000944361, -474183.766700000502169 ], [ -1576475.31639999919571, -473827.127100000157952 ], [ -1576456.824700000695884, -473293.002799992449582 ], [ -1576435.987899997271597, -471940.343500001821667 ], [ -1576110.13059999817051, -471188.900199999567121 ], [ -1575124.091799996094778, -471074.162700000219047 ], [ -1575229.626299996394664, -470502.996099999640137 ], [ -1575628.571300000417978, -469854.127600001636893 ], [ -1575873.074999999022111, -469469.543699997477233 ], [ -1576198.217810707399622, -468582.552196590229869 ], [ -1576273.468600003281608, -468377.267600000370294 ], [ -1576309.190900002373382, -468071.018999998923391 ], [ -1575909.046300002839416, -468332.651999999769032 ], [ -1575766.278667417122051, -468456.797758279833943 ] ] ] } },
{ "type": "Feature", "properties": { "ID": 2127, "YEAR": "2017-2018", "Perimtr_KM": 13.7296261596, "AREA_KM": 3.4871296106299998, "SCALE": 1, "THICKNES_M": 532.08654785199997, "VOLUME_KM": 1.8554547564299999, "MASS_GT": 1.70145201165, "RECURRANCE": ">8", "UA_KM": 0.0686481308, "UH_M": 44.163183253900002, "UC_KM": 0.14196866132, "REGION": "West", "ICESHELF": "Pine_Island" }, "geometry": { "type": "Polygon", "coordinates": [ [ [ -1593641.591388808563352, -331439.80680000083521 ], [ -1593596.082755071576685, -331624.51831481885165 ], [ -1593419.721599996089935, -332340.337126239202917 ], [ -1593393.488385766511783, -332446.813114227261394 ], [ -1593324.767966590821743, -332725.73717070184648 ], [ -1593297.64035769412294, -332835.843348844442517 ], [ -1593131.250900000799447, -333511.188800001982599 ], [ -1593105.781353217549622, -333545.920000002719462 ], [ -1592144.778299997793511, -334856.378702922258526 ], [ -1592093.994057181524113, -334925.629942811559886 ], [ -1592081.031099998159334, -334943.306702530477196 ], [ -1591676.03970000310801, -335495.567699991632253 ], [ -1591642.966699997195974, -335793.224599999375641 ], [ -1591657.798099993495271, -335808.056000002194196 ], [ -1591841.404599993955344, -335991.6625000028871 ], [ -1591477.601799999596551, -336487.757199995685369 ], [ -1591469.332507339306176, -336507.158228298649192 ], [ -1591321.3742000029888, -336854.291099995840341 ], [ -1591442.075499997241423, -336993.42780000064522 ], [ -1591502.14770698454231, -337195.542306907940656 ], [ -1591544.866500002564862, -337339.270800000522286 ], [ -1591786.029900001129135, -337015.844976849388331 ], [ -1591931.500199995934963, -336820.753799999132752 ], [ -1592518.298910926328972, -336237.210454950574785 ], [ -1592534.185599997639656, -336221.411899992264807 ], [ -1592569.010200002929196, -335660.932699993718415 ], [ -1592702.739325005095452, -335418.946640439797193 ], [ -1593263.542799999471754, -334404.159300001803786 ], [ -1593704.002417508512735, -332943.688010461628437 ], [ -1593891.929499995429069, -332320.561400000937283 ], [ -1593884.212672819849104, -332278.118852493818849 ], [ -1593779.933718204498291, -331704.584628375247121 ], [ -1593731.792292658006772, -331439.80680000083521 ], [ -1593693.491599998669699, -331229.152999997604638 ], [ -1593641.591388808563352, -331439.80680000083521 ] ] ] } },
{ "type": "Feature", "properties": { "ID": 2128, "YEAR": "2017-2018", "Perimtr_KM": 119.695048086, "AREA_KM": 292.72608967799999, "SCALE": 3, "THICKNES_M": 410.48175597699998, "VOLUME_KM": 120.158719311, "MASS_GT": 110.185545608, "RECURRANCE": "2-3", "UA_KM": 0.59847524043, "UH_M": 34.069985578100002, "UC_KM": 9.19384989988, "REGION": "West", "ICESHELF": "Pine_Island" }, "geometry": { "type": "Polygon", "coordinates": [ [ [ -1619251.300500003155321, -306226.639399999752641 ], [ -1619011.982082117814571, -306561.685198440216482 ], [ -1618677.789937708992511, -307029.55421931669116 ], [ -1617822.54769999650307, -308226.893400000408292 ], [ -1615917.543900002492592, -310989.148899998050183 ], [ -1614584.041199998231605, -312370.276699998881668 ], [ -1613742.664500000886619, -312862.402699992526323 ], [ -1613123.538300001295283, -313291.028499998617917 ], [ -1612059.911199997877702, -314576.906099999789149 ], [ -1611202.659500000998378, -315735.783399996347725 ], [ -1610377.157799996668473, -316545.410099994391203 ], [ -1610059.65719999698922, -316735.910399997141212 ], [ -1609287.540800001472235, -317882.020600000396371 ], [ -1609204.720599998021498, -317900.740899996366352 ], [ -1608901.943399998825043, -317991.573999998159707 ], [ -1608677.029110375326127, -317808.310494960751384 ], [ -1608646.779299998655915, -317783.662500001024455 ], [ -1608212.531100000953302, -318198.397699999157339 ], [ -1607881.801200000802055, -317536.93810000224039 ], [ -1606501.430413433583453, -318967.322316916659474 ], [ -1603317.729599999263883, -322266.374600001145154 ], [ -1603116.979656553827226, -322484.581069444771856 ], [ -1602557.050999997882172, -323093.19919999409467 ], [ -1602549.553931648144498, -323179.415440670214593 ], [ -1602548.270297461887822, -323194.177226055413485 ], [ -1602547.785466343630105, -323199.75278098648414 ], [ -1602490.904999999795109, -323853.877800002228469 ], [ -1601300.277699996950105, -325309.088999999687076 ], [ -1599547.409599998267367, -326334.351500003132969 ], [ -1598885.949900003150105, -326334.351500003132969 ], [ -1598125.271299995016307, -327690.343800001312047 ], [ -1597145.033700002823025, -328584.089888079091907 ], [ -1597065.273228904465213, -328656.812673885840923 ], [ -1597000.789899999275804, -328715.606299997773021 ], [ -1597145.033700002823025, -328681.66657706676051 ], [ -1598125.271299995016307, -328451.022400002926588 ], [ -1598480.088376724394038, -328575.208379534538835 ], [ -1598786.730999996885657, -328682.533299998845905 ], [ -1599811.993400002131239, -327988.000700002070516 ], [ -1600407.307099999161437, -328021.073600003495812 ], [ -1601291.397274171700701, -327717.956964490935206 ], [ -1601564.861500000813976, -327624.197799996472895 ], [ -1603516.167499996023253, -326764.300299995578825 ], [ -1604772.940900001907721, -326499.716400000732392 ], [ -1604640.648899998515844, -327061.957099998369813 ], [ -1603979.189300001366064, -327756.489799999631941 ], [ -1602755.488899994641542, -328914.04420000128448 ], [ -1602722.415899995481595, -329476.284899998921901 ], [ -1601300.277699996950105, -330203.890499994624406 ], [ -1601289.294521635631099, -330368.638075764290988 ], [ -1601267.204699997790158, -330699.985200000926852 ], [ -1600804.182899999432266, -330699.985200000926852 ], [ -1600684.765736861620098, -330770.750939183868468 ], [ -1599911.212399999378249, -331229.152999997604638 ], [ -1599825.199396299663931, -331938.760426844935864 ], [ -1599778.920500000938773, -332320.561400000937283 ], [ -1599691.326831549871713, -332512.320504994597286 ], [ -1599479.970015624538064, -332975.020544523838907 ], [ -1599032.82140890089795, -333953.913404447492212 ], [ -1598949.606984086567536, -334136.085516950581223 ], [ -1598901.801250708522275, -334240.741307810414582 ], [ -1598835.442299995571375, -334386.013599992729723 ], [ -1599011.950900001451373, -334467.011099994182587 ], [ -1599076.257299999473616, -334478.984569751657546 ], [ -1599237.023600002285093, -334508.918299997225404 ], [ -1599104.843199995579198, -334692.102399999275804 ], [ -1599261.5705010893289, -334809.886507412418723 ], [ -1599271.926799998153001, -334817.669499998446554 ], [ -1599591.811800001189113, -334776.470400003250688 ], [ -1599802.089399998309091, -334508.725499995984137 ], [ -1600099.583599995821714, -334334.762699996121228 ], [ -1600377.414407423697412, -334281.2019860628061 ], [ -1600529.968699999153614, -334251.792300003580749 ], [ -1600812.553793127881363, -334045.729288598522544 ], [ -1600916.689099999610335, -333969.793099996633828 ], [ -1600939.647714063990861, -334007.698637972585857 ], [ -1601015.838499997742474, -334133.492500000167638 ], [ -1601420.462099997093901, -334178.444799999240786 ], [ -1601395.1128216504585, -334209.419064447283745 ], [ -1600826.653900003060699, -334904.01859999448061 ], [ -1600762.481299998937175, -335152.00990000134334 ], [ -1600967.710099998628721, -335214.322699999902397 ], [ -1600509.938199997879565, -335479.997099996544421 ], [ -1600332.383000002941117, -335637.113199999555945 ], [ -1600529.036799997324124, -335955.671900002751499 ], [ -1601074.610000001266599, -335884.072800002526492 ], [ -1601317.737515981774777, -335743.123686864972115 ], [ -1601599.489299999084324, -335579.782800001092255 ], [ -1601644.566174454521388, -335550.3453777320683 ], [ -1602237.969099994981661, -335162.823999994434416 ], [ -1602326.011799996718764, -335304.88870000327006 ], [ -1602687.281100003281608, -335305.742499997839332 ], [ -1602841.196799997007474, -335393.064700002782047 ], [ -1603066.927700001513585, -335574.338700003921986 ], [ -1603418.452700001187623, -335329.06260000448674 ], [ -1603510.718899996485561, -335648.56299999775365 ], [ -1603486.260599999688566, -336018.552499999757856 ], [ -1603466.514299997827038, -336244.595099993981421 ], [ -1603542.766600002301857, -336355.918900004588068 ], [ -1604150.469200000632554, -335979.465100002475083 ], [ -1604651.552586904959753, -335621.481021758168936 ], [ -1604710.719200000632554, -335579.211199999786913 ], [ -1604966.200100000947714, -335156.708999997004867 ], [ -1605368.388999994378537, -334657.950199996586889 ], [ -1605649.913100002100691, -334421.230199998244643 ], [ -1605818.927199999801815, -334812.703100000973791 ], [ -1605849.481300002429634, -335019.263499999884516 ], [ -1606142.992999999783933, -335026.110500001814216 ], [ -1606925.863599999807775, -333820.234999997541308 ], [ -1607011.459399995394051, -333776.820800002664328 ], [ -1607378.237199996830896, -333370.576899995096028 ], [ -1607738.043299998389557, -332825.938700003549457 ], [ -1607951.050000001676381, -332483.38679999159649 ], [ -1608121.897799998754635, -332546.485100000165403 ], [ -1608496.724899995839223, -332509.417100000195205 ], [ -1608611.181499995524064, -332524.811199997551739 ], [ -1609153.020599996205419, -331688.7829 ], [ -1609462.245700001250952, -331038.056899996940047 ], [ -1609616.560799998464063, -330342.788899998180568 ], [ -1610005.598400000948459, -329311.250499998219311 ], [ -1610171.386899999342859, -328741.450399998109788 ], [ -1610613.256999995559454, -328378.797099998686463 ], [ -1611289.761799999279901, -327908.066300002858043 ], [ -1611661.19990000128746, -327689.70050000352785 ], [ -1611787.096600002143532, -327337.815799997188151 ], [ -1611928.5763999982737, -327188.957299998030066 ], [ -1612108.100400000810623, -326265.384399991948158 ], [ -1612053.281500002136454, -325030.379699998535216 ], [ -1612708.97150000417605, -324752.021000001113862 ], [ -1613076.436799996299669, -324577.595899996347725 ], [ -1613640.15239999582991, -324119.52040000166744 ], [ -1614088.666400000918657, -323687.63629999756813 ], [ -1614327.195799997076392, -323310.522200000938028 ], [ -1615402.073699996108189, -322284.422500000800937 ], [ -1615599.031111548654735, -322059.902099998202175 ], [ -1616307.682299998123199, -321252.079499998129904 ], [ -1616846.331899996148422, -320739.001000000629574 ], [ -1617370.4866, -320486.280499999877065 ], [ -1617683.613799997605383, -320663.729800003115088 ], [ -1618118.389599999878556, -320705.267499991226941 ], [ -1618320.624599999282509, -320683.141000001225621 ], [ -1619752.588400000240654, -318912.176399998832494 ], [ -1620779.605999998748302, -317484.874699995387346 ], [ -1621256.189200464636087, -316879.870403768029064 ], [ -1621462.150299999862909, -316618.410599996335804 ], [ -1621861.373300002189353, -316004.013599996920675 ], [ -1623330.916399996960536, -314572.776999997440726 ], [ -1624380.890299998922274, -314161.132400001399219 ], [ -1625500.032499996013939, -314048.781200000550598 ], [ -1625940.674599998164922, -314006.410799997393042 ], [ -1626284.803151673870161, -314302.066503421403468 ], [ -1626454.030699995113537, -314447.457199997268617 ], [ -1627130.502499999478459, -314371.166200002189726 ], [ -1627253.695999996969476, -314080.23900000192225 ], [ -1627056.836021263850853, -313950.888813697267324 ], [ -1626277.809300001710653, -313439.016100002918392 ], [ -1626479.845299998531118, -313129.338699997402728 ], [ -1625723.744100000942126, -312854.490099999587983 ], [ -1625123.309199996758252, -312901.908799996599555 ], [ -1625094.5364, -312312.001499992329627 ], [ -1625850.599800002295524, -312037.977199999149889 ], [ -1625824.999400000786409, -311736.136899993754923 ], [ -1625500.445199997164309, -311468.190899999812245 ], [ -1624966.794599997112527, -311398.935299996286631 ], [ -1624521.476899997331202, -311008.077500001527369 ], [ -1625186.927699998952448, -310842.823500001337379 ], [ -1625071.743599997134879, -310498.373199998866767 ], [ -1625185.005699991714209, -310192.199899994302541 ], [ -1625075.112799999536946, -309970.330899995751679 ], [ -1624751.1449, -309893.422400000970811 ], [ -1624529.868020007619634, -309677.05603166250512 ], [ -1624278.887400003615767, -309431.645100003108382 ], [ -1624056.41649999609217, -309149.066700001712888 ], [ -1624360.667399994796142, -309134.36199999647215 ], [ -1623974.785499998601153, -308787.407599997706711 ], [ -1623385.116600000532344, -308477.619700000621378 ], [ -1623390.7148999995552, -308142.670199994929135 ], [ -1624011.118699997430667, -308189.175699998624623 ], [ -1624344.676582602551207, -308247.870060321874917 ], [ -1624508.981499996269122, -308276.781900000758469 ], [ -1624850.522900002077222, -307931.13839999306947 ], [ -1624924.833472059573978, -307429.899997974280268 ], [ -1624982.714200001675636, -307039.483900001272559 ], [ -1624982.450224883854389, -307036.84465752216056 ], [ -1624950.28310000221245, -306715.235399995930493 ], [ -1624801.049861286301166, -306743.660778800956905 ], [ -1624219.854799999855459, -306854.364599992521107 ], [ -1624167.231490281410515, -306864.889265120960772 ], [ -1623889.1249, -306920.510600004345179 ], [ -1623526.066817074082792, -306718.811654882505536 ], [ -1622903.81931313383393, -306373.118579714093357 ], [ -1622698.497499999124557, -306259.050900002010167 ], [ -1621965.931000001728535, -306306.014600000344217 ], [ -1621362.679800001671538, -306560.015099996700883 ], [ -1620759.428599994629622, -306274.264499996323138 ], [ -1619981.552000000374392, -306099.639200000092387 ], [ -1619251.300500003155321, -306226.639399999752641 ] ] ] } },
{ "type": "Feature", "properties": { "ID": 2129, "YEAR": "2017-2018", "Perimtr_KM": 17.339893617400001, "AREA_KM": 9.2132035452000007, "SCALE": 1, "THICKNES_M": 219.13351867700001, "VOLUME_KM": 2.01892171115, "MASS_GT": 1.85135120912, "RECURRANCE": ">8", "UA_KM": 0.08669946809, "UH_M": 18.1880819605, "UC_KM": 0.15447620679, "REGION": "East", "ICESHELF": "Tracy_Tremenchus" }, "geometry": { "type": "Polygon", "coordinates": [ [ [ 2602561.582199996337295, -564980.48359999479726 ], [ 2603411.143200006335974, -565007.45379999675788 ], [ 2603674.698200006969273, -564842.494800004642457 ], [ 2603547.974600007757545, -565168.577499998966232 ], [ 2601766.724600001238286, -565754.623999994946644 ], [ 2600492.229499999433756, -567003.19529999489896 ], [ 2598564.855800011195242, -567314.466399999335408 ], [ 2597901.212800005450845, -568179.26509999576956 ], [ 2597713.983099998906255, -568106.094499994069338 ], [ 2596878.601699999533594, -567555.643200000515208 ], [ 2596565.407700000330806, -566723.052700004307553 ], [ 2596761.904000005684793, -566578.57009999640286 ], [ 2596962.98770000692457, -566292.819500002544373 ], [ 2597333.405099995434284, -566197.569300002418458 ], [ 2597418.072000009007752, -566261.069499996723607 ], [ 2597724.98919999692589, -566250.48609999823384 ], [ 2597947.239700007252395, -566049.402399997459725 ], [ 2598201.240200011059642, -565911.818799999775365 ], [ 2598444.657300002872944, -565753.068500003544614 ], [ 2598656.324400001205504, -565763.65179999708198 ], [ 2598984.408400006592274, -565784.818500002613291 ], [ 2599132.575399995781481, -565657.818300003185868 ], [ 2599725.243199997581542, -565170.984000002034009 ], [ 2600296.74439999833703, -565075.733799995156005 ], [ 2600677.745100000873208, -565096.900500000687316 ], [ 2601037.579200003296137, -565223.900699999881908 ], [ 2601231.035199996083975, -565217.452199999941513 ], [ 2601394.75899999961257, -565117.620599996997043 ], [ 2601534.996899995952845, -564779.399799996288493 ], [ 2601736.080600010231137, -564715.899699999950826 ], [ 2602095.914699998684227, -564620.649499999824911 ], [ 2602561.582199996337295, -564980.48359999479726 ] ] ] } },
{ "type": "Feature", "properties": { "ID": 2131, "YEAR": "2017-2018", "Perimtr_KM": 13.3505673727, "AREA_KM": 3.8813433965400002, "SCALE": 1, "THICKNES_M": 61.906420314999998, "VOLUME_KM": 0.24028007569000001, "MASS_GT": 0.22033682941, "RECURRANCE": ">8", "UA_KM": 0.06675283686, "UH_M": 5.1382328608099996, "UC_KM": 0.018384841, "REGION": "East", "ICESHELF": "Tracy_Tremenchus" }, "geometry": { "type": "Polygon", "coordinates": [ [ [ 2619780.700000001117587, -544448.775800003670156 ], [ 2620098.20070000551641, -544840.360000002663583 ], [ 2620479.20140000898391, -544988.526899993885309 ], [ 2620648.535100010223687, -545200.193999999668449 ], [ 2620860.202199995517731, -545316.610899998573586 ], [ 2621424.644899998791516, -545564.415100002195686 ], [ 2619868.624900005757809, -545458.363700001267716 ], [ 2617534.462299996986985, -544696.074399997713044 ], [ 2615715.427000008523464, -544594.167899992782623 ], [ 2615594.809813272207975, -544486.805046447552741 ], [ 2615422.072700001299381, -544333.049600004218519 ], [ 2616679.777200005948544, -544469.942600000184029 ], [ 2617145.444700003601611, -544152.441900002770126 ], [ 2617457.55393204651773, -543903.910523031372577 ], [ 2617716.9459000043571, -543697.357699998421595 ], [ 2617896.862900006584823, -543633.857600002316758 ], [ 2618701.197900005616248, -543602.107500005047768 ], [ 2618764.698000001721084, -544014.858299998100847 ], [ 2619494.949400007724762, -544353.525700001278892 ], [ 2619780.700000001117587, -544448.775800003670156 ] ] ] } },
{ "type": "Feature", "properties": { "ID": 2132, "YEAR": "2017-2018", "Perimtr_KM": 7.1186796812499997, "AREA_KM": 1.1900630679899999, "SCALE": 1, "THICKNES_M": 117.643043518, "VOLUME_KM": 0.1400026413, "MASS_GT": 0.12838242207, "RECURRANCE": ">8", "UA_KM": 0.03559339841, "UH_M": 9.7643725638499994, "UC_KM": 0.01071219198, "REGION": "East", "ICESHELF": "Tracy_Tremenchus" }, "geometry": { "type": "Polygon", "coordinates": [ [ [ 2629772.564300005324185, -542452.963500003796071 ], [ 2629079.758200002834201, -542910.078100002836436 ], [ 2629521.354900008067489, -541761.926700002746657 ], [ 2630100.132100008428097, -541166.612999998964369 ], [ 2631301.517300007864833, -540225.229100003140047 ], [ 2629772.564300005324185, -542452.963500003796071 ] ] ] } },
{ "type": "Feature", "properties": { "ID": 2133, "YEAR": "2017-2018", "Perimtr_KM": 34.204416848800001, "AREA_KM": 18.217459549200001, "SCALE": 2, "THICKNES_M": 203.08854821599999, "VOLUME_KM": 3.6997574120299999, "MASS_GT": 3.3926775468299999, "RECURRANCE": ">8", "UA_KM": 0.17102208424000001, "UH_M": 16.856349418800001, "UC_KM": 0.28308402842000002, "REGION": "East", "ICESHELF": "Tracy_Tremenchus" }, "geometry": { "type": "Polygon", "coordinates": [ [ [ 2644361.396800003945827, -526176.282599993981421 ], [ 2642327.502600000239909, -528622.863599998410791 ], [ 2641146.689499996602535, -530913.098499995423481 ], [ 2637782.031400006264448, -532146.918000002857298 ], [ 2636934.896600000560284, -534487.584199997130781 ], [ 2635604.659800007939339, -536137.854200002970174 ], [ 2634540.59290000423789, -536806.492299998411909 ], [ 2634113.921200002543628, -537119.459600002737716 ], [ 2634350.010399997234344, -536569.46839999826625 ], [ 2634713.813199998810887, -536453.712999996030703 ], [ 2635028.006600002758205, -536007.227700000395998 ], [ 2635375.272900000214577, -535378.840999990701675 ], [ 2635573.710800004191697, -534733.917900003260002 ], [ 2635623.32020000834018, -534320.505600000033155 ], [ 2636135.951499994844198, -533956.702799998922274 ], [ 2636383.998900000937283, -533824.410899993730709 ], [ 2636615.509700012393296, -533311.7796 ], [ 2636830.484100005589426, -532898.367299996782094 ], [ 2636830.484100005589426, -532484.955000000307336 ], [ 2636830.484100005589426, -531972.323799997800961 ], [ 2636665.119200000539422, -531889.641400001244619 ], [ 2636847.020599994808435, -531261.254699998302385 ], [ 2637011.761193411424756, -531279.559216526104137 ], [ 2637144.677499995566905, -531294.327699997462332 ], [ 2637326.578900002874434, -531079.353300004731864 ], [ 2637574.626200010068715, -530814.769400002900511 ], [ 2638617.727230231277645, -529834.886642988072708 ], [ 2638666.034699997864664, -529789.506899999687448 ], [ 2638763.423943547531962, -529497.339169358834624 ], [ 2638798.32659999653697, -529392.631199997384101 ], [ 2639889.735000000335276, -528317.759199992287904 ], [ 2640501.585200007073581, -528433.514699992490932 ], [ 2641361.482800005935133, -528615.416100000031292 ], [ 2641627.512332095764577, -528335.384919995907694 ], [ 2641675.67609999794513, -528284.686199993127957 ], [ 2641708.749100003391504, -528003.565900000045076 ], [ 2641447.953333768062294, -527729.730337567860261 ], [ 2641378.019299995154142, -527656.299599994905293 ], [ 2641874.114000008441508, -527309.033199998782948 ], [ 2642287.526300004683435, -527292.496700002811849 ], [ 2642502.500700004398823, -526994.839899999788031 ], [ 2642788.679407932795584, -526622.807527770521119 ], [ 2642833.230499999597669, -526564.891099993605167 ], [ 2642849.767000002786517, -526019.186899998690933 ], [ 2643622.233900004066527, -525714.552099996712059 ], [ 2644425.3235, -526049.900099997175857 ], [ 2644361.396800003945827, -526176.282599993981421 ] ] ] } },
{ "type": "Feature", "properties": { "ID": 2136, "YEAR": "2017-2018", "Perimtr_KM": 16.689205347400002, "AREA_KM": 5.7230419815499998, "SCALE": 1, "THICKNES_M": 266.56573740599998, "VOLUME_KM": 1.5255669060199999, "MASS_GT": 1.3989448528199999, "RECURRANCE": "4-5", "UA_KM": 0.08344602674, "UH_M": 22.124956095600002, "UC_KM": 0.11672755191, "REGION": "East", "ICESHELF": "Tracy_Tremenchus" }, "geometry": { "type": "Polygon", "coordinates": [ [ [ 2638311.93948570638895, -444911.149938172195107 ], [ 2638455.156899997964501, -444981.779899999964982 ], [ 2638457.93100000731647, -445274.464499996043742 ], [ 2638464.961499998345971, -445609.718799998052418 ], [ 2638444.791510609909892, -445772.921436585485935 ], [ 2638432.551100007258356, -445871.962999992538244 ], [ 2638379.593908409588039, -445964.321377684362233 ], [ 2638358.212490644305944, -446001.610988370142877 ], [ 2638301.306699999608099, -446100.855799998156726 ], [ 2638350.342728039249778, -446129.225887100212276 ], [ 2638353.728516671806574, -446131.184755346737802 ], [ 2638585.555600000545382, -446265.309699997771531 ], [ 2638690.654094616882503, -446267.800341189838946 ], [ 2638979.126200004480779, -446274.636599997989833 ], [ 2639161.045200002379715, -446294.434600001201034 ], [ 2639702.667000004090369, -446793.58199999621138 ], [ 2639859.770799995400012, -447428.0784000037238 ], [ 2640213.892299995757639, -447596.606299993116409 ], [ 2640488.76620000321418, -447868.092400000430644 ], [ 2640402.000300002284348, -448181.181900000199676 ], [ 2640639.903500007465482, -448638.67650000192225 ], [ 2640764.288799998350441, -449152.088200001046062 ], [ 2640981.693100007250905, -449270.744399997405708 ], [ 2640887.683400008827448, -449525.025299997068942 ], [ 2641368.325299997814, -450591.939300000667572 ], [ 2641058.855299999006093, -450314.737200000789016 ], [ 2640777.734900000505149, -450281.6642000018619 ], [ 2640645.443000002764165, -450083.226299998350441 ], [ 2640595.833500007167459, -449587.131599998567253 ], [ 2640215.49420000333339, -449306.011200000997633 ], [ 2639802.081900007091463, -449091.036899992264807 ], [ 2639835.154899998567998, -448710.697600001934916 ], [ 2639802.081900007091463, -448363.431199999060482 ], [ 2639662.637726611457765, -448245.678354124072939 ], [ 2639057.939800001680851, -447735.044600000604987 ], [ 2638458.990644094534218, -447517.244869524613023 ], [ 2638330.334199999459088, -447470.460699998773634 ], [ 2637999.6044000107795, -447652.362099999561906 ], [ 2637983.067900001071393, -447404.314700000919402 ], [ 2637619.265099999494851, -447123.194399993866682 ], [ 2637255.462200000882149, -446627.099599996581674 ], [ 2637447.636069245636463, -446555.924104030709714 ], [ 2637701.947500010021031, -446461.734699998982251 ], [ 2637719.730700151994824, -446363.927152972202748 ], [ 2637768.093500001356006, -446097.931899997871369 ], [ 2637765.392714845947921, -446022.309964577667415 ], [ 2637756.548942087218165, -445774.684487716294825 ], [ 2637755.540753067471087, -445746.455213449895382 ], [ 2637753.242431852966547, -445682.10226115398109 ], [ 2637751.557000005617738, -445634.910199997015297 ], [ 2637727.728271092288196, -445428.148655455093831 ], [ 2637668.453200010582805, -444913.819700001738966 ], [ 2638091.799200003035367, -444863.37439999403432 ], [ 2638289.155599996447563, -444899.913699998520315 ], [ 2638311.93948570638895, -444911.149938172195107 ] ] ] } },
{ "type": "Feature", "properties": { "ID": 2137, "YEAR": "2017-2018", "Perimtr_KM": 14.376995232900001, "AREA_KM": 3.9265117247600001, "SCALE": 1, "THICKNES_M": 358.81261335099998, "VOLUME_KM": 1.40888193331, "MASS_GT": 1.29194473285, "RECURRANCE": "1-2", "UA_KM": 0.07188497616, "UH_M": 29.7814467613, "UC_KM": 0.107799493, "REGION": "East", "ICESHELF": "Tracy_Tremenchus" }, "geometry": { "type": "Polygon", "coordinates": [ [ [ 2623447.412768934853375, -433790.522857856471092 ], [ 2623768.299900000914931, -433849.461299994029105 ], [ 2624996.647200006060302, -433961.774200003128499 ], [ 2624541.421, -434239.826799997128546 ], [ 2624346.017799995839596, -434458.73749999795109 ], [ 2618187.522700008004904, -435450.019900005310774 ], [ 2620328.709600010886788, -434742.431799993850291 ], [ 2620665.584339787252247, -434545.921563418116421 ], [ 2621122.461200004443526, -434279.410099999979138 ], [ 2622147.723700007423759, -433551.804499997757375 ], [ 2623447.412768934853375, -433790.522857856471092 ] ] ] } },
{ "type": "Feature", "properties": { "ID": 2138, "YEAR": "2017-2018", "Perimtr_KM": 11.912410572200001, "AREA_KM": 1.2112972306700001, "SCALE": 1, "THICKNES_M": 199.86146545400001, "VOLUME_KM": 0.24209163962, "MASS_GT": 0.22199803353, "RECURRANCE": "2-3", "UA_KM": 0.05956205286, "UH_M": 16.588501550899998, "UC_KM": 0.01852345139, "REGION": "East", "ICESHELF": "Shackleton" }, "geometry": { "type": "Polygon", "coordinates": [ [ [ 2706913.445103729143739, -263411.44772509066388 ], [ 2707372.164200000464916, -263567.890700003597885 ], [ 2707938.344700009562075, -263715.397200002800673 ], [ 2708685.797499999403954, -263697.931499996222556 ], [ 2709033.049400009214878, -263651.372299992013723 ], [ 2709455.124200007878244, -263558.425499999430031 ], [ 2710083.0337999984622, -263448.196199996396899 ], [ 2710252.225348627194762, -263490.394749014638364 ], [ 2710266.594900003634393, -263493.978700000792742 ], [ 2710366.870200007222593, -263518.982800000347197 ], [ 2711285.058400000445545, -263478.890900002326816 ], [ 2712045.730055996216834, -263348.542108562309295 ], [ 2712258.650699999183416, -263312.056000004056841 ], [ 2712112.241684034466743, -263458.31546268099919 ], [ 2712050.226800004020333, -263520.266999998129904 ], [ 2711214.141800005920231, -263721.35069999890402 ], [ 2710409.806900004856288, -263753.100800002925098 ], [ 2709174.805200004018843, -263705.294299994129688 ], [ 2709023.387400005012751, -263763.684200001414865 ], [ 2708578.886500007472932, -263922.434499997645617 ], [ 2707742.801499996334314, -263933.017799998167902 ], [ 2706779.716300006024539, -263668.43400000128895 ], [ 2706559.617300007492304, -263290.777199991978705 ], [ 2706913.445103729143739, -263411.44772509066388 ] ] ] } },
{ "type": "Feature", "properties": { "ID": 2139, "YEAR": "2017-2018", "Perimtr_KM": 7.2457790875499999, "AREA_KM": 1.04943614409, "SCALE": 1, "THICKNES_M": 195.13743845600001, "VOLUME_KM": 0.20478428098000001, "MASS_GT": 0.18778718566, "RECURRANCE": "5-6", "UA_KM": 0.03622889544, "UH_M": 16.196407312000002, "UC_KM": 0.01566890819, "REGION": "East", "ICESHELF": "Shackleton" }, "geometry": { "type": "Polygon", "coordinates": [ [ [ 2699586.168407317250967, -263092.755845597479492 ], [ 2699839.532100005075336, -263185.8687 ], [ 2700517.480300007387996, -263328.156499996781349 ], [ 2700968.269600008614361, -263358.590799995232373 ], [ 2701431.283700016327202, -263476.289500000886619 ], [ 2702109.480399999767542, -263409.285700002219528 ], [ 2702338.743200009688735, -263243.859900002367795 ], [ 2702352.208200003951788, -263240.355800001416355 ], [ 2702365.771999999880791, -263236.934899997897446 ], [ 2702365.826700006611645, -263236.921399997547269 ], [ 2702009.656228727661073, -263629.068631011527032 ], [ 2701964.290000004693866, -263679.017300001345575 ], [ 2701318.705400006845593, -263806.01759999897331 ], [ 2700482.620299997739494, -263806.01759999897331 ], [ 2699678.285399996675551, -263520.266999998129904 ], [ 2699676.839842974208295, -263518.653880957514048 ], [ 2699408.331886290572584, -263219.021773394197226 ], [ 2699094.390400007367134, -262868.689700003713369 ], [ 2699362.312500004656613, -263010.487300000153482 ], [ 2699586.168407317250967, -263092.755845597479492 ] ] ] } },
{ "type": "Feature", "properties": { "ID": 2140, "YEAR": "2017-2018", "Perimtr_KM": 13.1909841455, "AREA_KM": 3.5017097226899998, "SCALE": 1, "THICKNES_M": 203.35628400499999, "VOLUME_KM": 0.71209467687000005, "MASS_GT": 0.65299081868999997, "RECURRANCE": "4-5", "UA_KM": 0.06595492073000001, "UH_M": 16.878571489199999, "UC_KM": 0.05448536412, "REGION": "East", "ICESHELF": "Shackleton" }, "geometry": { "type": "Polygon", "coordinates": [ [ [ 2715227.850499999709427, -262061.884299993515015 ], [ 2715509.870500005781651, -262222.284199999179691 ], [ 2715843.259699996560812, -262169.650300002656877 ], [ 2715980.030600016005337, -262082.689999999478459 ], [ 2716163.585000009275973, -262087.960000004153699 ], [ 2716515.987400006502867, -262307.302899998147041 ], [ 2716859.563300005160272, -262328.728100003208965 ], [ 2717108.676000000908971, -262260.135899997781962 ], [ 2717344.136799996718764, -262167.217099999543279 ], [ 2717541.309179521165788, -262201.948164832778275 ], [ 2717630.470800013281405, -262217.653599997982383 ], [ 2718093.617899998091161, -262386.94689999660477 ], [ 2718363.123200006783009, -262485.106000000145286 ], [ 2718359.899800002574921, -262505.438599999528378 ], [ 2718380.733600007370114, -262521.303999999538064 ], [ 2718353.238300003111362, -262816.151699994225055 ], [ 2718279.898981387726963, -262847.160344250034541 ], [ 2718142.719000007025898, -262905.1614999929443 ], [ 2718125.421622581779957, -262925.862827057018876 ], [ 2718115.212728291749954, -262938.080728913191706 ], [ 2717945.18806401733309, -263141.56453445693478 ], [ 2717662.972899996675551, -263479.316799996420741 ], [ 2717684.965391846373677, -263388.965676940511912 ], [ 2717697.949204633943737, -263335.624651514925063 ], [ 2717716.378159165382385, -263259.913506534416229 ], [ 2717807.571700008586049, -262885.265700000803918 ], [ 2717447.73760000616312, -262895.849099999293685 ], [ 2716717.486200000159442, -263022.849299998488277 ], [ 2716242.437732151709497, -263022.849299998488277 ], [ 2716156.568400003947318, -263022.849299998488277 ], [ 2716049.346841407008469, -262999.197488013654947 ], [ 2715436.900300005450845, -262864.099000002257526 ], [ 2714823.06570000667125, -262726.515399997588247 ], [ 2714336.23139999806881, -262715.932100004050881 ], [ 2713976.397300010547042, -262811.182199992705137 ], [ 2713362.562800009734929, -262853.51570000173524 ], [ 2712894.450935769826174, -262925.292835852131248 ], [ 2712800.596800003200769, -262939.683799997903407 ], [ 2712812.182300004176795, -262931.723299999721348 ], [ 2713231.175599996000528, -262585.225599999073893 ], [ 2713247.458840953186154, -262565.517508093267679 ], [ 2713452.916400007903576, -262316.846099990885705 ], [ 2713611.876100002788007, -262157.50429999595508 ], [ 2713797.937700003385544, -262128.417399997357279 ], [ 2714020.960300001315773, -262290.135100001469254 ], [ 2714256.012899997644126, -262267.31740000192076 ], [ 2714735.947500010021031, -262141.552399998065084 ], [ 2714909.476500001735985, -262054.729800003580749 ], [ 2715227.850499999709427, -262061.884299993515015 ] ] ] } },
{ "type": "Feature", "properties": { "ID": 2143, "YEAR": "2017-2018", "Perimtr_KM": 20.120754023700002, "AREA_KM": 5.0812649951399997, "SCALE": 1, "THICKNES_M": 176.22105969899999, "VOLUME_KM": 0.89542590205000006, "MASS_GT": 0.82110555218000003, "RECURRANCE": "3-4", "UA_KM": 0.10060377012000001, "UH_M": 14.626347882899999, "UC_KM": 0.06851280862, "REGION": "East", "ICESHELF": "Shackleton" }, "geometry": { "type": "Polygon", "coordinates": [ [ [ 2658588.22620000783354, -256672.876899997703731 ], [ 2658633.841890011914074, -256706.837086064275354 ], [ 2659115.840439850464463, -257065.677661254070699 ], [ 2659476.474200004711747, -257334.16400000359863 ], [ 2659515.521800006739795, -257092.74520000256598 ], [ 2659546.907599997706711, -257103.875399996992201 ], [ 2659903.036569160409272, -257229.891340374015272 ], [ 2660738.70070001296699, -257525.590399998240173 ], [ 2661520.888882495462894, -257950.867200109176338 ], [ 2661632.568200007081032, -258011.587399997748435 ], [ 2662085.559753123670816, -258527.611746726091951 ], [ 2662373.414799999445677, -258855.521199999377131 ], [ 2662728.811499999836087, -259105.329200002364814 ], [ 2663112.745637690648437, -259141.161993340589106 ], [ 2663255.453499999828637, -259154.481000000145286 ], [ 2663445.578017089515924, -258996.515922005288303 ], [ 2663493.962932203896344, -258956.315283985808492 ], [ 2663498.818900003097951, -258952.280699999071658 ], [ 2663754.950599996373057, -258925.59559999871999 ], [ 2663817.057799999602139, -259003.837600001133978 ], [ 2664187.483200000599027, -259050.27719999756664 ], [ 2664865.009900006465614, -259050.781499999575317 ], [ 2664987.009499999694526, -259096.361499998252839 ], [ 2665223.705300007946789, -259187.148399994242936 ], [ 2666088.475500007160008, -258946.450299999676645 ], [ 2667075.134300004690886, -258878.461800000164658 ], [ 2666730.398700005374849, -259148.254799997899681 ], [ 2666230.335200008004904, -259346.69270000141114 ], [ 2665649.432775587774813, -259560.420932912267745 ], [ 2665388.958500004373491, -259656.255800005048513 ], [ 2664563.456900004297495, -259759.443499994464219 ], [ 2664247.563588941469789, -259754.20770982792601 ], [ 2664021.633941370993853, -259750.463027097750455 ], [ 2663126.766499997116625, -259735.63099999865517 ], [ 2662333.014899996109307, -259473.692999999038875 ], [ 2662045.232965, -259235.328174198511988 ], [ 2661547.200800005346537, -258822.81670000217855 ], [ 2661490.422318863682449, -258784.491208242252469 ], [ 2661229.700199998915195, -258608.503700001165271 ], [ 2660864.171060518361628, -258429.187511812429875 ], [ 2660809.011900003068149, -258402.128300000913441 ], [ 2659721.572199998423457, -257608.376700000371784 ], [ 2659332.633900001645088, -257616.314300001598895 ], [ 2659062.758399998769164, -257497.25150000071153 ], [ 2658665.882600005716085, -257219.438500001560897 ], [ 2658561.789594825357199, -257050.287330723367631 ], [ 2658544.326607041992247, -257021.90996955987066 ], [ 2658411.882100008428097, -256806.687600003555417 ], [ 2658353.551100004464388, -256552.776299996301532 ], [ 2658588.22620000783354, -256672.876899997703731 ] ] ] } },
{ "type": "Feature", "properties": { "ID": 2149, "YEAR": "2017-2018", "Perimtr_KM": 11.3991471602, "AREA_KM": 2.20115577325, "SCALE": 1, "THICKNES_M": 199.45934186700001, "VOLUME_KM": 0.43904108188000002, "MASS_GT": 0.40260067208, "RECURRANCE": "1-2", "UA_KM": 0.0569957358, "UH_M": 16.555125293300001, "UC_KM": 0.03359288306, "REGION": "East", "ICESHELF": "Shackleton" }, "geometry": { "type": "Polygon", "coordinates": [ [ [ 2691082.730400004424155, -254452.818699997849762 ], [ 2691320.102200008928776, -254617.896200000308454 ], [ 2691581.430499997921288, -254745.103099999949336 ], [ 2691736.420926822349429, -254834.469755846075714 ], [ 2691762.005699996836483, -254849.221799996681511 ], [ 2691777.760182475671172, -254843.984718884341419 ], [ 2692202.258299995213747, -254702.873699999414384 ], [ 2692682.714999996125698, -254717.515500003006309 ], [ 2692738.110702473670244, -254766.851248116698116 ], [ 2692794.559399998746812, -254817.124800001271069 ], [ 2692449.854300015605986, -254947.74989999178797 ], [ 2692068.853500008583069, -255021.833299995400012 ], [ 2691571.4359, -254915.99980000173673 ], [ 2691349.185400002636015, -254852.499699991662055 ], [ 2691074.018200007267296, -254937.166500000283122 ], [ 2690079.182900005951524, -254990.083299996331334 ], [ 2689676.18653748370707, -255049.347446249332279 ], [ 2689600.250052077695727, -255060.514571801293641 ], [ 2689359.5148, -255095.916799996979535 ], [ 2688915.013900009915233, -255095.916799996979535 ], [ 2687973.09529999922961, -254661.999299998395145 ], [ 2687803.761700009927154, -254683.166000003926456 ], [ 2687387.986827627755702, -254496.49161838227883 ], [ 2687353.466499996371567, -254480.992699996568263 ], [ 2687368.004400000907481, -254417.421900003217161 ], [ 2687404.190369616262615, -254399.596195738296956 ], [ 2687447.466984028927982, -254378.277542725671083 ], [ 2687486.534600005485117, -254359.032299996819347 ], [ 2688162.341400003992021, -254403.410999994724989 ], [ 2688765.052000002935529, -254566.808099998161197 ], [ 2689545.737900000996888, -254487.09819999942556 ], [ 2689987.019299995154142, -254339.738700001034886 ], [ 2690538.958900006487966, -254314.272700001485646 ], [ 2691082.730400004424155, -254452.818699997849762 ] ] ] } },
{ "type": "Feature", "properties": { "ID": 2153, "YEAR": "2017-2018", "Perimtr_KM": 12.997319575500001, "AREA_KM": 3.61991654806, "SCALE": 1, "THICKNES_M": 190.89610672000001, "VOLUME_KM": 0.69102797567999996, "MASS_GT": 0.6336726537, "RECURRANCE": ">8", "UA_KM": 0.06498659788, "UH_M": 15.844376779599999, "UC_KM": 0.05287346205, "REGION": "East", "ICESHELF": "Shackleton" }, "geometry": { "type": "Polygon", "coordinates": [ [ [ 2638972.392100006341934, -253399.261100004892796 ], [ 2639323.593300007283688, -253834.777099998667836 ], [ 2639519.977699995972216, -254267.174399998504668 ], [ 2640061.85190000012517, -254797.027300001587719 ], [ 2640528.991500009782612, -255030.601199992932379 ], [ 2640802.842153831385076, -255136.819047851953655 ], [ 2640948.626500005833805, -255193.364100001286715 ], [ 2641275.128400010056794, -255249.896099998150021 ], [ 2641526.08362812269479, -255479.671878076158464 ], [ 2641600.999499996192753, -255548.265199996996671 ], [ 2641623.154399998486042, -255545.504300000611693 ], [ 2641547.519049876369536, -255621.139611838385463 ], [ 2641425.598100000992417, -255743.060500000137836 ], [ 2641180.232549949549139, -255779.86534023983404 ], [ 2641108.097500008530915, -255790.685600003693253 ], [ 2641084.284900007769465, -255623.997799997217953 ], [ 2640951.108560123480856, -255385.682188651058823 ], [ 2640933.472100000828505, -255354.122200002893806 ], [ 2640814.441012488678098, -255341.948573410045356 ], [ 2640476.65029146336019, -255307.401816004887223 ], [ 2640234.970700007863343, -255282.684599997010082 ], [ 2639790.469800003804266, -255163.621900000609457 ], [ 2639629.203548820689321, -255002.355626967735589 ], [ 2639052.280900008045137, -254425.432899993378669 ], [ 2637631.465500006452203, -254099.994699992705137 ], [ 2636940.901599995791912, -254012.68210000032559 ], [ 2636362.177900013513863, -254213.561400000937283 ], [ 2636414.935700003989041, -254064.687700002454221 ], [ 2636566.969800007529557, -253690.273400004487485 ], [ 2636610.406900006346405, -253712.112799999769777 ], [ 2637409.488200004212558, -253294.837199999485165 ], [ 2637783.830400000326335, -253064.327399999368936 ], [ 2638055.175799999386072, -252930.290299998596311 ], [ 2638677.593199998140335, -252986.39970000134781 ], [ 2638972.392100006341934, -253399.261100004892796 ] ] ] } },
{ "type": "Feature", "properties": { "ID": 2159, "YEAR": "2017-2018", "Perimtr_KM": 6.6285290675099997, "AREA_KM": 1.20518236261, "SCALE": 1, "THICKNES_M": 196.167582194, "VOLUME_KM": 0.23641771018, "MASS_GT": 0.21679504023000001, "RECURRANCE": "2-3", "UA_KM": 0.03314264534, "UH_M": 16.281909241800001, "UC_KM": 0.01808931514, "REGION": "East", "ICESHELF": "Shackleton" }, "geometry": { "type": "Polygon", "coordinates": [ [ [ 2607722.830186899751425, -235129.28449482191354 ], [ 2607847.07899999897927, -235204.747300001326948 ], [ 2607962.115900003351271, -235488.088799991179258 ], [ 2607791.209000001661479, -235834.684099991805851 ], [ 2607660.028499995358288, -236101.661299996543676 ], [ 2607641.937599997967482, -236285.740499998442829 ], [ 2607432.411900003440678, -236478.418099998496473 ], [ 2607202.292900000698864, -236564.105500001925975 ], [ 2607100.041552560403943, -236862.267229926306754 ], [ 2607023.795100006274879, -237084.599499998148531 ], [ 2606980.747414509765804, -237211.975975729990751 ], [ 2606936.766006579622626, -237342.115300887264311 ], [ 2606762.579600003547966, -237857.526299999561161 ], [ 2606721.842639301903546, -237560.569270632229745 ], [ 2606694.732799997553229, -237362.948799999430776 ], [ 2606599.482600004412234, -237172.448399999178946 ], [ 2606604.774300010874867, -237056.03149999352172 ], [ 2606594.979401402175426, -236969.50999335758388 ], [ 2606573.02419999986887, -236775.572599998675287 ], [ 2606498.940800002776086, -236611.530600003432482 ], [ 2606716.027596625499427, -236471.062651481479406 ], [ 2606820.315247238613665, -236403.582396742887795 ], [ 2606858.774800007231534, -236378.696799998637289 ], [ 2607070.441900006495416, -236124.696300001814961 ], [ 2607092.67245208658278, -236030.72169085778296 ], [ 2607186.858799998648465, -235632.570299994666129 ], [ 2607368.610258514992893, -235546.477488635573536 ], [ 2607426.028302480466664, -235519.279463001526892 ], [ 2607689.568099998869002, -235394.444799997843802 ], [ 2607736.304900005459785, -235223.076599997468293 ], [ 2607712.374292058870196, -235134.054630522150546 ], [ 2607708.801600011065602, -235120.764200000558048 ], [ 2607722.830186899751425, -235129.28449482191354 ] ] ] } },
{ "type": "Feature", "properties": { "ID": 2161, "YEAR": "2017-2018", "Perimtr_KM": 9.6447867763699993, "AREA_KM": 3.3850713946500002, "SCALE": 1, "THICKNES_M": 182.98754119899999, "VOLUME_KM": 0.61942589129000003, "MASS_GT": 0.56801354231000001, "RECURRANCE": "4-5", "UA_KM": 0.04822393388, "UH_M": 15.187965844600001, "UC_KM": 0.04739488488, "REGION": "East", "ICESHELF": "Shackleton" }, "geometry": { "type": "Polygon", "coordinates": [ [ [ 2608590.19580000359565, -229838.95819999743253 ], [ 2608600.421200001612306, -229937.207300001289696 ], [ 2608877.892500003799796, -229871.962100000586361 ], [ 2608929.828402260318398, -229881.445142398122698 ], [ 2609138.640999997965991, -229919.572500001173466 ], [ 2609182.048897095955908, -229948.430694025009871 ], [ 2609295.239899999462068, -230023.681699996814132 ], [ 2609773.802999998442829, -230162.263899994082749 ], [ 2610048.201299996115267, -230180.738300002645701 ], [ 2610422.281900001689792, -230547.489299999549985 ], [ 2610885.469700010493398, -230815.625899999402463 ], [ 2610789.737400005571544, -230956.346399996895343 ], [ 2609788.838100009597838, -231441.943100004456937 ], [ 2609694.480300010181963, -231752.362499998416752 ], [ 2609649.501999996602535, -232110.547999997623265 ], [ 2609319.313100003637373, -232405.472199998795986 ], [ 2609326.08260000590235, -232528.153000004123896 ], [ 2609229.44620000384748, -232441.688899999950081 ], [ 2609123.612700003199279, -232298.813600003253669 ], [ 2609150.071100007742643, -232044.813099999912083 ], [ 2609044.237500002607703, -232002.479700002353638 ], [ 2608684.403499998152256, -231806.687600002624094 ], [ 2608605.02829999756068, -231632.062299993354827 ], [ 2608710.861800004728138, -231325.145000000484288 ], [ 2608723.744566652923822, -231253.704267535358667 ], [ 2608769.070300013758242, -231002.352700002025813 ], [ 2608743.657478542998433, -230899.206535637844354 ], [ 2608685.041633062064648, -230661.295147481374443 ], [ 2608679.111800005659461, -230637.226999998558313 ], [ 2608405.6297507006675, -230315.765618339646608 ], [ 2608385.006211617030203, -230291.523912588134408 ], [ 2608377.486200005747378, -230282.684599996078759 ], [ 2608328.621406031772494, -230259.180019544437528 ], [ 2607959.443699999712408, -230081.600899995304644 ], [ 2608103.853505918756127, -230005.595721980091184 ], [ 2608276.743253563530743, -229914.601097596809268 ], [ 2608361.611100001260638, -229869.933800003025681 ], [ 2608476.138300007209182, -229496.796899993438274 ], [ 2608590.19580000359565, -229838.95819999743253 ] ] ] } },
{ "type": "Feature", "properties": { "ID": 2164, "YEAR": "2017-2018", "Perimtr_KM": 16.737411932099999, "AREA_KM": 4.2300136542600004, "SCALE": 1, "THICKNES_M": 106.591946411, "VOLUME_KM": 0.45088538875, "MASS_GT": 0.41346190149000001, "RECURRANCE": "2-3", "UA_KM": 0.08368705966, "UH_M": 8.8471315084899995, "UC_KM": 0.03449914089, "REGION": "East", "ICESHELF": "Shackleton" }, "geometry": { "type": "Polygon", "coordinates": [ [ [ 2585825.00262984354049, -224371.292685421649367 ], [ 2586111.3081000065431, -224612.622800000943244 ], [ 2586301.994544494897127, -224616.896487931255251 ], [ 2586716.351199997588992, -224626.183100000955164 ], [ 2586729.290670651942492, -224608.62896871054545 ], [ 2586914.676700008101761, -224357.127900003455579 ], [ 2587280.961800006218255, -224238.608399996068329 ], [ 2587556.054900006391108, -224447.140799997840077 ], [ 2588232.802700002677739, -224541.405100001487881 ], [ 2588649.597400001250207, -224533.900300001725554 ], [ 2588696.53490911796689, -224523.922853676602244 ], [ 2588716.188100006431341, -224519.74520000256598 ], [ 2588797.012030331417918, -224502.106905850116163 ], [ 2589335.390899997204542, -224384.615900001022965 ], [ 2589484.6503000035882, -224401.550299990922213 ], [ 2589384.403100004419684, -224599.599599999375641 ], [ 2589099.803150600753725, -224831.773252857383341 ], [ 2589082.777500004507601, -224845.66259999293834 ], [ 2588630.339100004173815, -225004.41290000313893 ], [ 2588399.516974708065391, -224984.851695419754833 ], [ 2588162.025600000284612, -224964.725299995858222 ], [ 2587971.525300004519522, -224861.537599992472678 ], [ 2587725.462300004437566, -224893.287700003013015 ], [ 2587471.461800000630319, -225036.163000000175089 ], [ 2587463.317628330551088, -225036.163000000175089 ], [ 2587201.586199999786913, -225036.163000000175089 ], [ 2587011.085799999535084, -224964.725300002843142 ], [ 2586407.834599999710917, -224813.912500002421439 ], [ 2586153.834100002422929, -224861.537599992472678 ], [ 2585836.333500009961426, -224861.537599992472678 ], [ 2585554.243821046315134, -224835.296753451228142 ], [ 2585495.020300002768636, -224829.787599999923259 ], [ 2585485.849886515177786, -224857.298840457107872 ], [ 2585391.832599999383092, -225139.350699996575713 ], [ 2585169.5822, -224972.662899997085333 ], [ 2585022.067879352718592, -224937.259460071567446 ], [ 2584971.144300003536046, -224925.037800000514835 ], [ 2584897.760136189870536, -225140.873531138524413 ], [ 2584836.206500003114343, -225321.913600000552833 ], [ 2584839.897307545877993, -225332.370885458309203 ], [ 2584870.213842919096351, -225418.267714446410537 ], [ 2584876.642842049710453, -225436.483207484707236 ], [ 2584931.456700016744435, -225591.789099996909499 ], [ 2584867.956600000150502, -225607.664099996443838 ], [ 2584417.610498554073274, -225520.500332524999976 ], [ 2584375.830599999055266, -225512.413899996317923 ], [ 2584185.351663889363408, -225506.641822045203298 ], [ 2584113.892600006423891, -225504.476399999577552 ], [ 2584047.228628403507173, -225571.14037159550935 ], [ 2584020.744935152120888, -225597.624064847361296 ], [ 2583875.767100002616644, -225742.601899996865541 ], [ 2583653.516600005328655, -225702.914299996569753 ], [ 2583404.781869419850409, -225501.35341346822679 ], [ 2583193.140700002200902, -225329.851100003812462 ], [ 2582987.581811970099807, -225133.723035950213671 ], [ 2582650.325200005434453, -224811.939399995375425 ], [ 2582888.29169999808073, -225010.072799996472895 ], [ 2583027.735100014135242, -224961.369999999180436 ], [ 2583109.812644953839481, -224912.949178571347147 ], [ 2583195.875337309204042, -224862.177359546534717 ], [ 2583218.008200003765523, -224849.120299992151558 ], [ 2583376.920600009150803, -224811.449800002854317 ], [ 2583297.584000001661479, -224566.974300000350922 ], [ 2583241.943900008685887, -224419.316100002266467 ], [ 2583243.907700004056096, -224219.013199998997152 ], [ 2584150.911202379502356, -224462.196188147645444 ], [ 2584184.325399997644126, -224471.155099999625236 ], [ 2585614.057200000621378, -224193.484400002751499 ], [ 2585825.00262984354049, -224371.292685421649367 ] ] ] } },
{ "type": "Feature", "properties": { "ID": 2168, "YEAR": "2017-2018", "Perimtr_KM": 7.0242890733000003, "AREA_KM": 2.1603138178000001, "SCALE": 1, "THICKNES_M": 413.74157714799998, "VOLUME_KM": 0.89381164610999997, "MASS_GT": 0.81962527947999997, "RECURRANCE": "4-5", "UA_KM": 0.03512144537, "UH_M": 34.340550733999997, "UC_KM": 0.06838929509, "REGION": "East", "ICESHELF": "Helen" }, "geometry": { "type": "Polygon", "coordinates": [ [ [ 2562766.06159127317369, -185336.577200000640005 ], [ 2562935.744999997317791, -185383.711500002536923 ], [ 2563388.156349555589259, -185582.028772631194443 ], [ 2563388.464409430511296, -185582.163812552113086 ], [ 2563429.520122418180108, -185600.160834581125528 ], [ 2563708.329899999313056, -185722.378799994010478 ], [ 2563792.996700007468462, -185500.128399994689971 ], [ 2564033.574583761394024, -185669.626459155697376 ], [ 2564258.664300003089011, -185828.212399999145418 ], [ 2564745.498599997721612, -185870.545800003688782 ], [ 2564855.716800005175173, -185627.304300000891089 ], [ 2564969.667300012893975, -186016.284399999305606 ], [ 2564909.826120822690427, -186124.143683382775635 ], [ 2564763.077100009657443, -186388.647900001611561 ], [ 2564124.384600001387298, -186469.87070000031963 ], [ 2564099.888192553073168, -186519.35223829606548 ], [ 2563893.115900008007884, -186937.02210000436753 ], [ 2562865.982100006192923, -186529.219600001350045 ], [ 2562724.077899998053908, -186251.546499999705702 ], [ 2562639.411000004969537, -185997.545999996364117 ], [ 2562634.287428407929838, -185966.072599996812642 ], [ 2562565.327599994838238, -185542.461799998767674 ], [ 2562655.087594820186496, -185436.861785554327071 ], [ 2562740.329475975595415, -185336.577200000640005 ], [ 2562745.244600017555058, -185330.794699999503791 ], [ 2562766.06159127317369, -185336.577200000640005 ] ] ] } },
{ "type": "Feature", "properties": { "ID": 2169, "YEAR": "2017-2018", "Perimtr_KM": 17.487510810100002, "AREA_KM": 4.8402807057099997, "SCALE": 1, "THICKNES_M": 238.84688631700001, "VOLUME_KM": 1.1560859754599999, "MASS_GT": 1.0601308395, "RECURRANCE": "2-3", "UA_KM": 0.08743755405, "UH_M": 19.824291466599998, "UC_KM": 0.08845700912, "REGION": "East", "ICESHELF": "Helen" }, "geometry": { "type": "Polygon", "coordinates": [ [ [ 2574331.216591068543494, -178968.674124275334179 ], [ 2573972.662900006398559, -179450.732599992770702 ], [ 2573771.432700009085238, -179562.051199994981289 ], [ 2573445.464299995452166, -179843.659000003710389 ], [ 2573349.767718308605254, -180106.348247209563851 ], [ 2573336.097035803832114, -180143.874575037974864 ], [ 2573298.851500004529953, -180246.114400001242757 ], [ 2572844.745499999262393, -180689.513899997342378 ], [ 2572191.752300003543496, -180959.143700002226979 ], [ 2572133.637699996121228, -180889.410999999847263 ], [ 2571699.862117565236986, -181098.144988487940282 ], [ 2571607.109500002115965, -181142.777799997478724 ], [ 2571088.563500007614493, -181114.214399999938905 ], [ 2570913.589012474752963, -181096.118111053016037 ], [ 2570911.964500002563, -181095.950100002810359 ], [ 2570879.841226930730045, -181104.510766861494631 ], [ 2570650.913500006310642, -181165.518684711307287 ], [ 2570501.345100008882582, -181205.377799995709211 ], [ 2570183.390100005082786, -181087.559500002302229 ], [ 2569783.537200000137091, -181067.298399996943772 ], [ 2569757.09220000449568, -181131.06459999922663 ], [ 2569687.431347043253481, -181241.59915073774755 ], [ 2569385.141500008292496, -181721.258400002960116 ], [ 2569228.694200007244945, -181794.101899999193847 ], [ 2568930.495200009085238, -182149.670999993570149 ], [ 2568476.682900005020201, -182558.663600004278123 ], [ 2568312.866800014860928, -182613.852299998514354 ], [ 2569517.987100009806454, -181414.095099998172373 ], [ 2569574.254760060459375, -181186.985787592828274 ], [ 2569697.330048422329128, -180690.225408887024969 ], [ 2569719.675200008787215, -180600.035200000740588 ], [ 2569672.781123138964176, -180549.533904808573425 ], [ 2569582.091599997133017, -180451.868299995549023 ], [ 2569689.018641582690179, -180344.941258423961699 ], [ 2569772.592000004835427, -180261.367900002282113 ], [ 2569847.911065701395273, -180225.006964963395149 ], [ 2570079.509300003759563, -180113.200899999588728 ], [ 2570375.843199998140335, -180081.450900000054389 ], [ 2570805.417908383533359, -180153.046604193281382 ], [ 2570820.344099994748831, -180155.534299996681511 ], [ 2570979.094399997964501, -180123.784299997612834 ], [ 2571314.537859933450818, -179926.464579295367002 ], [ 2571338.928400002419949, -179912.117199991829693 ], [ 2571794.01269999705255, -179700.45009999955073 ], [ 2571991.909397937357426, -179634.484534019604325 ], [ 2572079.763300004415214, -179605.199899999424815 ], [ 2572430.409510307945311, -179350.184463373851031 ], [ 2572661.84780000615865, -179181.865700001362711 ], [ 2572776.531943161040545, -179303.717610572930425 ], [ 2572780.424692761152983, -179307.853657309431583 ], [ 2572877.742493151687086, -179411.253827411681414 ], [ 2572953.465397712774575, -179491.70941909821704 ], [ 2573169.848799998871982, -179721.616799998097122 ], [ 2573254.51560000795871, -179658.116700001992285 ], [ 2573466.182700007222593, -179308.865999998524785 ], [ 2573942.433700000867248, -179171.282399993855506 ], [ 2574173.103121809661388, -178871.82419465854764 ], [ 2574181.527814500965178, -178860.88714312762022 ], [ 2574320.806511990725994, -178680.073628862854093 ], [ 2574593.35179999936372, -178326.251600002404302 ], [ 2574525.722299999557436, -178707.170399994589388 ], [ 2574331.216591068543494, -178968.674124275334179 ] ] ] } },
{ "type": "Feature", "properties": { "ID": 2170, "YEAR": "2017-2018", "Perimtr_KM": 31.906578443600001, "AREA_KM": 11.162667410299999, "SCALE": 2, "THICKNES_M": 161.21921331199999, "VOLUME_KM": 1.79963645835, "MASS_GT": 1.6502666323099999, "RECURRANCE": "1-2", "UA_KM": 0.15953289222, "UH_M": 13.3811946389, "UC_KM": 0.13769776815000001, "REGION": "East", "ICESHELF": "Helen" }, "geometry": { "type": "Polygon", "coordinates": [ [ [ 2576412.857221177779138, -167260.362216286361217 ], [ 2576423.418479102663696, -167263.508579335641116 ], [ 2576761.481958104297519, -167364.22294946340844 ], [ 2577158.614610307849944, -167482.534945303574204 ], [ 2577181.078668951056898, -167489.227337883319706 ], [ 2577215.335900004021823, -167499.433100000489503 ], [ 2577215.453002132475376, -167498.163925985340029 ], [ 2577230.69129999820143, -167333.008499991614372 ], [ 2577597.352000007405877, -167545.740599994547665 ], [ 2577642.783459105528891, -167589.221919876988977 ], [ 2577720.698249866254628, -167663.792228819802403 ], [ 2577740.821396983228624, -167683.05159257678315 ], [ 2577777.823131731711328, -167718.465032880660146 ], [ 2577807.994340192526579, -167747.34114631684497 ], [ 2577825.114216566085815, -167763.726154323667288 ], [ 2577888.602523819543421, -167824.489234606269747 ], [ 2577908.458400009199977, -167843.492800001986325 ], [ 2577937.402599999681115, -168210.735299992840737 ], [ 2578090.064200007356703, -168205.68269999884069 ], [ 2578432.563699997961521, -167929.803599999286234 ], [ 2578682.018900002352893, -168002.517799996770918 ], [ 2578641.120900005102158, -168481.415499996393919 ], [ 2578418.185300008393824, -168603.373400000389665 ], [ 2578417.227653237991035, -168710.85174655681476 ], [ 2578415.061300007626414, -168953.985299997963011 ], [ 2578537.502615750767291, -168964.362427116371691 ], [ 2578606.858900003135204, -168970.24050000263378 ], [ 2578704.496700008399785, -169436.470600003376603 ], [ 2578704.236675809137523, -169481.772912575863302 ], [ 2578703.335664455778897, -169638.750215320382267 ], [ 2578702.998800004832447, -169697.439899991732091 ], [ 2578628.585950731299818, -169773.561164706945419 ], [ 2578555.169535278342664, -169848.663118863478303 ], [ 2578495.586399994790554, -169909.614200001582503 ], [ 2578512.267072819173336, -169958.747181849554181 ], [ 2578516.9182402594015, -169972.447212286293507 ], [ 2578530.140375897288322, -170011.393060395028442 ], [ 2578608.448899996466935, -170242.051100003067404 ], [ 2578651.102443401701748, -170180.846802688203752 ], [ 2578788.246890162117779, -169984.055895659141243 ], [ 2578792.358285849913955, -169978.156383827794343 ], [ 2579046.056699997745454, -169614.120200003031641 ], [ 2579145.504099996760488, -169592.796000002417713 ], [ 2579338.437600009143353, -169805.750999990850687 ], [ 2579352.234071421436965, -169856.978242285549641 ], [ 2579455.934599999338388, -170242.025400002487004 ], [ 2579439.424467309378088, -170328.845511109568179 ], [ 2579422.193499997258186, -170419.456199992913753 ], [ 2579550.725369649939239, -170701.58759143576026 ], [ 2579653.498699999414384, -170927.178200001828372 ], [ 2579653.568691813386977, -170927.17096200119704 ], [ 2580022.58899999782443, -170889.00980000058189 ], [ 2580202.990099997259676, -171225.679699996486306 ], [ 2580153.9649, -171403.561500000301749 ], [ 2579779.483400007709861, -171770.453799992799759 ], [ 2579469.828699996694922, -172323.900999997742474 ], [ 2579394.776098855771124, -172450.60821885894984 ], [ 2579225.507900006137788, -172736.37449999852106 ], [ 2579334.939700009301305, -172784.8320999937132 ], [ 2579460.573516060598195, -172718.184404708445072 ], [ 2579476.224100003950298, -172709.881899998523295 ], [ 2579792.296399999409914, -172706.420100002549589 ], [ 2579855.373855906538665, -173089.989882347173989 ], [ 2579857.686300014145672, -173104.051699998788536 ], [ 2579430.088700009509921, -173592.659600001759827 ], [ 2579070.35492040682584, -173741.919448481407017 ], [ 2578995.835094537585974, -173772.839029983151704 ], [ 2578758.508000005036592, -173871.310199996456504 ], [ 2578745.700200000777841, -173879.116355213336647 ], [ 2578668.841501427814364, -173925.960538500454277 ], [ 2578470.327883686870337, -174046.951505918987095 ], [ 2578159.836800002492964, -174236.19099999871105 ], [ 2577909.191004980355501, -174708.344499998260289 ], [ 2577837.90100000333041, -174842.636900003068149 ], [ 2577819.574300001375377, -175033.673800000920892 ], [ 2577303.175100008025765, -175010.350000002421439 ], [ 2576966.244899995625019, -175132.819999997038394 ], [ 2576739.516500002704561, -175376.764999993611127 ], [ 2576709.107600004412234, -175580.021099998150021 ], [ 2576704.689200005494058, -175117.857599996495992 ], [ 2576852.856099996715784, -175001.440699990838766 ], [ 2577066.017049021087587, -174708.344499998260289 ], [ 2577106.85670000500977, -174652.189999993890524 ], [ 2577329.107100010849535, -174387.606099999044091 ], [ 2577466.690699994564056, -174080.688900004606694 ], [ 2577456.10729999653995, -173985.438700004480779 ], [ 2577333.853294933214784, -173899.860838699620217 ], [ 2577244.440299995243549, -173837.271700001321733 ], [ 2577456.10729999653995, -173519.771100001875311 ], [ 2577509.191500008106232, -173472.131442890502512 ], [ 2577868.858200008049607, -173149.353699999395758 ], [ 2577980.411281362175941, -172976.446426532696933 ], [ 2578080.52530000731349, -172821.269700001459569 ], [ 2578093.093879375606775, -172747.952957341913134 ], [ 2578142.651134422048926, -172458.868852507323027 ], [ 2578144.025400009937584, -172450.852299992460757 ], [ 2578085.995322292670608, -172385.568466850090772 ], [ 2577974.69170000217855, -172260.351899998728186 ], [ 2578196.942200005985796, -172038.101400001440197 ], [ 2578675.055418349802494, -171606.257188677322119 ], [ 2578853.110099997371435, -171445.433599999640137 ], [ 2578845.501596422865987, -171380.761301619466394 ], [ 2578841.74016407225281, -171348.789117742329836 ], [ 2578831.943399998359382, -171265.516600004397333 ], [ 2578794.180405305698514, -171158.521359152626246 ], [ 2578768.443300002254546, -171085.599499997682869 ], [ 2578778.949410527013242, -170970.03223459655419 ], [ 2578789.610000001266599, -170852.765699999872595 ], [ 2578738.671158503741026, -170815.541166257113218 ], [ 2578514.44280000589788, -170651.68199999909848 ], [ 2578438.815923027694225, -170639.677738312631845 ], [ 2578267.723136324435472, -170612.520163299515843 ], [ 2577997.281477459706366, -170569.592931956984103 ], [ 2577920.187069613486528, -170557.35572894802317 ], [ 2577847.691500009037554, -170545.848499991931021 ], [ 2577847.691500009037554, -170532.895731217227876 ], [ 2577847.691500009037554, -170452.884262543171644 ], [ 2577847.691500009037554, -170450.598299998324364 ], [ 2577838.711143429391086, -170374.265406962949783 ], [ 2577814.598478096537292, -170169.308121905196458 ], [ 2577814.219843957573175, -170166.089737566653639 ], [ 2577805.358, -170090.764199996367097 ], [ 2577688.941100007854402, -169508.679699995089322 ], [ 2577617.74904328212142, -169473.08367835637182 ], [ 2577505.946182156912982, -169417.182258361484855 ], [ 2577275.661731697618961, -169302.040054889861494 ], [ 2577275.602900006808341, -169302.010639047715813 ], [ 2577236.00936309248209, -169282.213874332141131 ], [ 2577159.773400009609759, -169244.095899998210371 ], [ 2577135.216502217575908, -168955.552205957937986 ], [ 2577118.562331363558769, -168759.865599999669939 ], [ 2577118.212598913349211, -168755.756241684779525 ], [ 2577117.440000005066395, -168746.678199991583824 ], [ 2577032.773200009949505, -168535.011099999304861 ], [ 2576937.523000002838671, -168312.760699999984354 ], [ 2576978.232358939945698, -168269.143488499801606 ], [ 2577085.689900008030236, -168154.010299991816282 ], [ 2576952.125009896233678, -167855.453495546709746 ], [ 2576905.772900005802512, -167751.842899997252971 ], [ 2576565.979731830768287, -167619.701057868544012 ], [ 2576524.772200003266335, -167603.675899994559586 ], [ 2576397.771899999119341, -167857.676399990916252 ], [ 2576154.3547000028193, -167825.926299993880093 ], [ 2575910.93760000448674, -167900.009799995459616 ], [ 2575646.353700010105968, -168143.426999998278916 ], [ 2575544.927121258340776, -168153.829722241964191 ], [ 2575233.602899996563792, -168185.76040000282228 ], [ 2575161.604850520379841, -168223.324599090032279 ], [ 2574746.76860000193119, -168439.760899999178946 ], [ 2574513.934800011105835, -168228.093800000380725 ], [ 2574164.835600003600121, -168050.585699999239296 ], [ 2574214.750500010326505, -168041.548700003419071 ], [ 2574459.558142771013081, -168001.61884277081117 ], [ 2574737.157999997958541, -167956.340343530289829 ], [ 2574783.797718926332891, -167948.733075644820929 ], [ 2574986.769009821116924, -167915.627023171167821 ], [ 2575431.606400004588068, -167843.070900000166148 ], [ 2575718.147400001063943, -167545.175799996126443 ], [ 2575987.29326284211129, -167386.557410828769207 ], [ 2576050.306739539839327, -167349.421056347899139 ], [ 2576137.205684115178883, -167298.208043209277093 ], [ 2576272.416700008325279, -167218.522800000850111 ], [ 2576412.857221177779138, -167260.362216286361217 ] ] ] } },
{ "type": "Feature", "properties": { "ID": 2171, "YEAR": "2017-2018", "Perimtr_KM": 31.818344462900001, "AREA_KM": 13.146486600299999, "SCALE": 2, "THICKNES_M": 227.99718022299999, "VOLUME_KM": 2.9973618747100002, "MASS_GT": 2.7485808391100002, "RECURRANCE": "3-4", "UA_KM": 0.15909172231, "UH_M": 18.9237658652, "UC_KM": 0.22934078633, "REGION": "West", "ICESHELF": "Abbot" }, "geometry": { "type": "Polygon", "coordinates": [ [ [ -1900252.984959837747738, -69746.885676151141524 ], [ -1900243.7781, -69873.940200002398342 ], [ -1898920.85880000074394, -71355.609799997881055 ], [ -1898180.023999996017665, -72334.570099999662489 ], [ -1897597.939500001491979, -73366.447199997026473 ], [ -1897386.272399995476007, -73895.614900002721697 ], [ -1897317.52070349920541, -74072.40498307812959 ], [ -1896460.228899996494874, -76276.869699997361749 ], [ -1895348.976599998539314, -78843.333099995274097 ], [ -1895216.684699999867007, -79372.500899998936802 ], [ -1895279.349625583272427, -79574.325967844575644 ], [ -1895359.74439999461174, -79833.253600002732128 ], [ -1895312.119299997808412, -80150.75420000217855 ], [ -1895248.619199994718656, -80404.754799996968359 ], [ -1895343.869399994844571, -80722.255399996414781 ], [ -1895502.619699998060241, -80992.130899992771447 ], [ -1895581.994899998651817, -81706.507399997208267 ], [ -1895527.443722155876458, -81913.801765830721706 ], [ -1895502.619699998060241, -82008.13300000410527 ], [ -1895494.472401276463643, -82122.195028179790825 ], [ -1895470.869600001024082, -82452.633799996227026 ], [ -1895612.744353378424421, -82637.687800951767713 ], [ -1895642.175999990897253, -82676.076900004409254 ], [ -1895646.718562475405633, -82633.729641421698034 ], [ -1895651.641900735441595, -82587.832666059024632 ], [ -1895672.44079999695532, -82393.93849999178201 ], [ -1895693.180651497328654, -82372.458883694838732 ], [ -1895953.367299995850772, -82102.991699994076043 ], [ -1895990.667800000868738, -81729.318600001279265 ], [ -1895972.115800001658499, -81702.37449999153614 ], [ -1895920.322499999776483, -81630.172699992544949 ], [ -1895905.165399996330962, -81608.586999999824911 ], [ -1895891.575299998745322, -81589.119399995543063 ], [ -1895876.230700000189245, -81566.458599996753037 ], [ -1895861.547999996924773, -81544.862599999178201 ], [ -1895848.373999998439103, -81524.197699999902397 ], [ -1895836.425499998033047, -81504.280000004451722 ], [ -1895829.438200000207871, -81492.071800002362579 ], [ -1895823.02609999733977, -81480.028100000228733 ], [ -1895816.880600003758445, -81468.189799997955561 ], [ -1895811.285700002452359, -81456.468499996699393 ], [ -1895805.936199998715892, -81444.908800000790507 ], [ -1895803.499043519375846, -81439.099369718693197 ], [ -1895801.121399995638058, -81433.431799999438226 ], [ -1895796.540999999502674, -81422.090700003318489 ], [ -1895792.48479999625124, -81410.806200002320111 ], [ -1895788.649199998937547, -81399.617699999827892 ], [ -1895785.331799995852634, -81388.465600001625717 ], [ -1895782.382999998982996, -81377.374699999112636 ], [ -1895779.800399997038767, -81366.337300001643598 ], [ -1895777.435299996985123, -81355.378699996974319 ], [ -1895775.580799998249859, -81344.426600001286715 ], [ -1895774.088699997635558, -81333.508200003765523 ], [ -1895772.958400001050904, -81322.618299996480346 ], [ -1895771.968899997184053, -81306.356600003316998 ], [ -1895771.823000000789762, -81289.904199999757111 ], [ -1895772.244600002188236, -81273.210699998307973 ], [ -1895772.681299997726455, -81256.16850000154227 ], [ -1895773.686199996853247, -81238.902499997057021 ], [ -1895774.983, -81221.366400001104921 ], [ -1895776.571499997749925, -81203.572000002022833 ], [ -1895778.59859999967739, -81185.498499999754131 ], [ -1895780.49399999785237, -81167.150400004349649 ], [ -1895782.956299999263138, -81148.64459999743849 ], [ -1895785.552700002212077, -81129.959199995733798 ], [ -1895787.72370000067167, -81110.904299999121577 ], [ -1895789.9428, -81091.623799991328269 ], [ -1895792.55339999566786, -81072.178500003181398 ], [ -1895795.33520000288263, -81052.650799993891269 ], [ -1895798.392599996877834, -81033.040299999527633 ], [ -1895800.629799996735528, -81020.302400002256036 ], [ -1895803.337900000857189, -81007.349799999967217 ], [ -1895806.30500000086613, -80994.215499998535961 ], [ -1895809.646600001258776, -80980.839700000826269 ], [ -1895813.475699996575713, -80967.172499995213002 ], [ -1895817.591999997850507, -80953.2104999916628 ], [ -1895822.119499997235835, -80938.869899997022003 ], [ -1895827.192299996269867, -80924.041999996639788 ], [ -1895837.301600001752377, -80896.279900001827627 ], [ -1895849.287100000539795, -80865.6736000017263 ], [ -1895863.384599997662008, -80834.79249999858439 ], [ -1895902.308200000785291, -80752.014100003521889 ], [ -1895913.468800000380725, -80727.036299998406321 ], [ -1895923.143699996871874, -80704.570099997799844 ], [ -1895933.772000000812113, -80678.766000002156943 ], [ -1895941.821899997536093, -80654.579200001433492 ], [ -1895775.055899999337271, -80371.520099994260818 ], [ -1895759.6998, -79993.651399997062981 ], [ -1895916.886500001884997, -79764.98880000365898 ], [ -1895915.070599995786324, -79748.930000000633299 ], [ -1895911.568899999838322, -79712.94709999114275 ], [ -1895908.826499995775521, -79678.601400001905859 ], [ -1895907.434599995845929, -79657.836700000800192 ], [ -1895906.377899997401983, -79637.488799997605383 ], [ -1895905.60460000182502, -79617.575199992395937 ], [ -1895905.11369999521412, -79598.061299990862608 ], [ -1895904.904100000392646, -79578.909999997355044 ], [ -1895904.975799997104332, -79560.102200004272163 ], [ -1895905.329199997475371, -79541.614900003187358 ], [ -1895905.964199996553361, -79523.429099998436868 ], [ -1895908.160799990640953, -79507.570999997202307 ], [ -1895911.206099996110424, -79493.110299997963011 ], [ -1895914.536600000923499, -79478.905600002035499 ], [ -1895917.538899995852262, -79463.87909999769181 ], [ -1895921.491899999324232, -79450.088399996515363 ], [ -1895925.684099998790771, -79436.582599994260818 ], [ -1895930.166200003121048, -79423.291099998168647 ], [ -1895934.469399997964501, -79409.085700003430247 ], [ -1895943.739999996731058, -79363.421800001058728 ], [ -1895954.216899995459244, -79318.724799999501556 ], [ -1895964.283199997153133, -79272.755700002424419 ], [ -1895975.156399995321408, -79226.750399996992201 ], [ -1895986.822800000198185, -79180.763800000306219 ], [ -1895999.267099994467571, -79134.852699996437877 ], [ -1896012.473099999362603, -79089.073199991602451 ], [ -1896026.825800002552569, -79042.847499996889383 ], [ -1896042.503600003197789, -78997.978999996557832 ], [ -1896058.390999998664483, -78952.805199997033924 ], [ -1896074.480999997351319, -78906.774100000038743 ], [ -1896091.528800000902265, -78862.373400000389665 ], [ -1896108.283000001451001, -78817.253999994136393 ], [ -1896126.212200001580641, -78773.85090000089258 ], [ -1896144.194400003179908, -78729.802600001916289 ], [ -1896163.307500002672896, -78687.568999999202788 ], [ -1896169.975399999413639, -78671.935299993492663 ], [ -1896177.012300000758842, -78656.155499995686114 ], [ -1896184.981099997647107, -78641.410899997223169 ], [ -1896193.278600001009181, -78625.965500003658235 ], [ -1896201.986499998485669, -78610.296499998308718 ], [ -1896211.604400001233444, -78594.19749999511987 ], [ -1896221.579799994127825, -78577.802700000349432 ], [ -1896232.143899996299297, -78561.500800000037998 ], [ -1896254.452000000746921, -78527.155699991621077 ], [ -1896279.796699992846698, -78489.16879999358207 ], [ -1896307.389099999330938, -78452.570299999788404 ], [ -1896361.48999999742955, -78380.862399992533028 ], [ -1896383.495800001546741, -78349.654099999461323 ], [ -1896406.194500000448897, -78316.807500001974404 ], [ -1896426.121699997456744, -78287.109099995810539 ], [ -1896437.590700000757352, -78269.520200001075864 ], [ -1896448.410899997223169, -78252.510000003967434 ], [ -1896458.659000002779067, -78235.95829999493435 ], [ -1896468.383600000990555, -78219.786099998746067 ], [ -1896477.623100002063438, -78203.930899998638779 ], [ -1896486.421500002965331, -78188.313399998471141 ], [ -1896494.788500000722706, -78172.916200004052371 ], [ -1896503.479899998754263, -78159.03510000417009 ], [ -1896527.20310000050813, -78128.734599993098527 ], [ -1896547.12029999983497, -78091.283299997914582 ], [ -1896564.564399995841086, -78049.405999997165054 ], [ -1896582.115800002589822, -78008.709199991077185 ], [ -1896598.441500001586974, -77966.403800000902265 ], [ -1896614.53329999698326, -77925.520199992228299 ], [ -1896630.122900001239032, -77884.382200001738966 ], [ -1896645.186900000786409, -77842.942000002134591 ], [ -1896660.391499996883795, -77802.593899991828948 ], [ -1896675.117400000104681, -77762.039899998344481 ], [ -1896689.341099998448044, -77721.231600000523031 ], [ -1896706.020199997583404, -77686.665100002661347 ], [ -1896723.356699996395037, -77654.394700000062585 ], [ -1896740.214299999643117, -77621.918199998792261 ], [ -1896756.546399995684624, -77589.139400003943592 ], [ -1896766.579500002320856, -77555.220499996561557 ], [ -1896766.500700002303347, -77555.37350000301376 ], [ -1896750.167500001844019, -77586.356400000862777 ], [ -1896729.240799996303394, -77609.071699997410178 ], [ -1896708.144800001289696, -77632.739100001286715 ], [ -1896765.73119999631308, -77555.865999997127801 ], [ -1896768.492600002791733, -77548.157099997624755 ], [ -1896766.579500002320856, -77555.220499996561557 ], [ -1896781.477499998407438, -77522.81160000199452 ], [ -1896796.023699995363131, -77490.123700001742691 ], [ -1896809.832600001944229, -77457.136699996888638 ], [ -1896822.903999994974583, -77423.850699991453439 ], [ -1896835.238099997863173, -77390.265399998985231 ], [ -1896837.793600001372397, -77380.25899999262765 ], [ -1896840.911299995845184, -77371.137299995869398 ], [ -1896843.956199995940551, -77361.433799997903407 ], [ -1896846.984199997736141, -77350.970600002445281 ], [ -1896851.608299996936694, -77329.471900003962219 ], [ -1896862.974799999734387, -77274.947900001425296 ], [ -1896864.952899998985231, -77256.080899992026389 ], [ -1896866.858600002480671, -77238.863799999002367 ], [ -1896869.726500001968816, -77220.326200001873076 ], [ -1896872.200399995082989, -77201.621000000275671 ], [ -1896875.709599999710917, -77185.252700002864003 ], [ -1896880.934099997859448, -77172.331599996890873 ], [ -1896887.673999998485669, -77165.570000001695007 ], [ -1896895.473400000948459, -77158.098900000564754 ], [ -1896903.891700001433492, -77150.448700000997633 ], [ -1896927.982199995778501, -77130.086700003128499 ], [ -1896935.181100001558661, -77123.903600003104657 ], [ -1896941.510099997976795, -77118.446599999442697 ], [ -1896948.810199990170076, -77110.679099998902529 ], [ -1896956.634599993936718, -77103.520300002302974 ], [ -1896963.791999998735264, -77094.403199999593198 ], [ -1896971.013799994485453, -77084.358899992890656 ], [ -1896977.807699996512383, -77074.506299996282905 ], [ -1896984.377399999182671, -77061.922800003550947 ], [ -1897007.337699994677678, -77011.461499993223697 ], [ -1897016.784600001992658, -76989.357999998144805 ], [ -1897022.777699997415766, -76978.749599998351187 ], [ -1897028.010699996957555, -76967.806400002911687 ], [ -1897033.831499996827915, -76958.783899993170053 ], [ -1897039.049400001764297, -76949.105299998540431 ], [ -1897050.456399998860434, -76931.80420000385493 ], [ -1897063.65590000175871, -76912.990499996580184 ], [ -1897078.339800000889227, -76893.012899992056191 ], [ -1897108.081000001635402, -76850.655299996957183 ], [ -1897120.113999999826774, -76831.000300002750009 ], [ -1897132.541800001170486, -76810.299199995119125 ], [ -1897142.885999996447936, -76791.150800002738833 ], [ -1897152.291700003435835, -76773.079399998299778 ], [ -1897161.643199999583885, -76754.625699997879565 ], [ -1897170.95139999804087, -76735.770299993921071 ], [ -1897180.808199996128678, -76718.308500002138317 ], [ -1897190.065299994777888, -76698.584199995268136 ], [ -1897199.323000001255423, -76678.375599995721132 ], [ -1897208.082699991064146, -76656.663099993951619 ], [ -1897216.46860000025481, -76633.810799994040281 ], [ -1897234.403400000417605, -76590.505199996288866 ], [ -1897252.256899998057634, -76542.346799997147173 ], [ -1897271.932500002905726, -76492.176800002809614 ], [ -1897293.334600001340732, -76432.315300000831485 ], [ -1897299.35169999836944, -76413.020399997476488 ], [ -1897306.11120000272058, -76394.911799998488277 ], [ -1897312.107500000391155, -76373.597700000740588 ], [ -1897317.214800001820549, -76348.158700001891702 ], [ -1897323.192200001562014, -76293.058600002899766 ], [ -1897349.210999995470047, -76231.245499998796731 ], [ -1897362.664999998640269, -76215.468700000550598 ], [ -1897376.3744999950286, -76199.862499998416752 ], [ -1897388.663000000175089, -76185.320699999108911 ], [ -1897400.6412, -76166.764899996574968 ], [ -1897410.368299994152039, -76145.669699998572469 ], [ -1897419.300200002267957, -76124.297800003085285 ], [ -1897429.425000000977889, -76105.675299996044487 ], [ -1897435.352600001031533, -76097.360299992840737 ], [ -1897441.335900001460686, -76086.532000000588596 ], [ -1897448.788000000407919, -76077.150099998805672 ], [ -1897467.953999996650964, -76048.895099997986108 ], [ -1897474.185899996664375, -76041.344000001437962 ], [ -1897478.671900002053007, -76033.041499998886138 ], [ -1897484.384199995780364, -76024.99430000083521 ], [ -1897488.355500002624467, -76015.826200002804399 ], [ -1897491.615999996196479, -76006.96899999724701 ], [ -1897494.199199992464855, -75998.329099997878075 ], [ -1897497.833999997237697, -75988.856899995822459 ], [ -1897500.080299999797717, -75977.640799998771399 ], [ -1897501.889599999180064, -75966.294499993789941 ], [ -1897503.262300000758842, -75954.818000002298504 ], [ -1897504.314000000245869, -75943.165000000037253 ], [ -1897505.160600000526756, -75931.289099998306483 ], [ -1897505.739299998153001, -75919.427999997045845 ], [ -1897505.934300001710653, -75907.628000000491738 ], [ -1897487.475600002333522, -75941.515399997588247 ], [ -1897502.069299998693168, -75909.257999998982996 ], [ -1897517.109299996867776, -75877.722200001589954 ], [ -1897532.436500000534579, -75846.333900001831353 ], [ -1897547.331000000936911, -75812.493700003251433 ], [ -1897562.077799994498491, -75776.300299997441471 ], [ -1897577.54700000025332, -75742.755099993664771 ], [ -1897591.47349999519065, -75708.069399999454618 ], [ -1897604.663600001716986, -75672.329300000797957 ], [ -1897618.14079999551177, -75636.736600000876933 ], [ -1897631.905600000405684, -75601.291300000622869 ], [ -1897645.957599997520447, -75565.993500004056841 ], [ -1897659.267899993108585, -75528.005900000222027 ], [ -1897673.894600002560765, -75493.003000000491738 ], [ -1897688.94129999820143, -75458.008900002576411 ], [ -1897704.363699996843934, -75423.069799999240786 ], [ -1897719.088600000366569, -75385.394800000824034 ], [ -1897728.937700000824407, -75367.24039999442175 ], [ -1897738.554100000299513, -75345.6225999975577 ], [ -1897751.03800000064075, -75328.490700001362711 ], [ -1897767.634199996246025, -75318.076699997764081 ], [ -1897797.696499997051433, -75295.237299996893853 ], [ -1897847.091, -75243.288399995304644 ], [ -1897863.306899999268353, -75217.701100002042949 ], [ -1897879.174800002481788, -75191.809799996204674 ], [ -1897893.157899999758229, -75168.442000001203269 ], [ -1897907.636000000406057, -75143.193099997937679 ], [ -1897920.648199997376651, -75119.199600002262741 ], [ -1897932.417800002265722, -75096.053699993062764 ], [ -1897943.103700001025572, -75073.722399997990578 ], [ -1897949.568899996578693, -75058.909299998078495 ], [ -1897952.819399999221787, -75038.229799993801862 ], [ -1897955.021799996029586, -75014.815100000239909 ], [ -1897961.552500000689179, -74998.433300002478063 ], [ -1897972.420000000623986, -74966.931700000073761 ], [ -1897995.004900000989437, -74891.56990000186488 ], [ -1898000.666700002737343, -74872.267300000879914 ], [ -1898006.154599994188175, -74855.667000001296401 ], [ -1898011.783599999500439, -74842.098299997393042 ], [ -1898015.77269999939017, -74826.65199999557808 ], [ -1898022.184999998193234, -74814.824499994982034 ], [ -1898027.170600000536069, -74800.107799992430955 ], [ -1898035.801999998511747, -74782.034500000067055 ], [ -1898044.315099995350465, -74761.843300001695752 ], [ -1898053.458800000371411, -74741.491799998097122 ], [ -1898063.258599997730926, -74720.932399998418987 ], [ -1898073.731399999465793, -74700.134100003633648 ], [ -1898084.931999996770173, -74679.00290000019595 ], [ -1898096.912500003585592, -74657.454899998381734 ], [ -1898109.75339999771677, -74635.36649999814108 ], [ -1898121.14189999550581, -74615.993500000797212 ], [ -1898133.308599996846169, -74595.988399999216199 ], [ -1898146.381099994527176, -74575.17210000148043 ], [ -1898156.5191, -74545.732999998610467 ], [ -1898174.46540000080131, -74484.913099997211248 ], [ -1898220.1044, -74401.363699999637902 ], [ -1898240.922999997856095, -74374.384700002148747 ], [ -1898262.887000000569969, -74345.775099998805672 ], [ -1898282.218000000342727, -74319.833500003442168 ], [ -1898303.46619999781251, -74290.458500004373491 ], [ -1898322.742199996486306, -74262.629500002134591 ], [ -1898340.311200000578538, -74235.801199997775257 ], [ -1898348.592499997932464, -74222.695299995131791 ], [ -1898356.532300001243129, -74209.748399997595698 ], [ -1898371.006800001487136, -74185.052799992728978 ], [ -1898385.651700002606958, -74158.927199998404831 ], [ -1898400.618800001451746, -74131.099900002125651 ], [ -1898416.290499998722225, -74101.050899998750538 ], [ -1898429.600800001062453, -74074.69440000038594 ], [ -1898444.05899999756366, -74046.210599992889911 ], [ -1898491.020299997413531, -73951.888799991924316 ], [ -1898507.274900001008064, -73916.300699999555945 ], [ -1898525.11800000211224, -73881.125099998433143 ], [ -1898541.444600002840161, -73849.673799992538989 ], [ -1898558.959699996747077, -73817.603699999861419 ], [ -1898575.82099999813363, -73787.866399993188679 ], [ -1898592.50689999316819, -73759.943299994338304 ], [ -1898600.938299995614216, -73746.558200004510581 ], [ -1898609.379400001838803, -73733.537300003226846 ], [ -1898619.949799996335059, -73717.687500000931323 ], [ -1898630.863799995975569, -73701.883799992501736 ], [ -1898642.126099999295548, -73686.119699997361749 ], [ -1898653.528999999165535, -73670.433699995744973 ], [ -1898665.5032, -73654.727300000376999 ], [ -1898677.842799998121336, -73639.036600000225008 ], [ -1898690.898999998811632, -73622.814700002316386 ], [ -1898704.166700002504513, -73606.471300001256168 ], [ -1898717.809200000483543, -73590.130899992771447 ], [ -1898731.745199996745214, -73573.822200003545731 ], [ -1898745.668099998030812, -73557.707700000144541 ], [ -1898760.015599999576807, -73541.537699999287724 ], [ -1898774.906499999342486, -73525.312100003007799 ], [ -1898790.148299996741116, -73508.982600000686944 ], [ -1898805.868899998487905, -73492.540399997495115 ], [ -1898822.200700000859797, -73475.972000000067055 ], [ -1898837.519800001755357, -73461.261899997480214 ], [ -1898853.299500001827255, -73446.389599994756281 ], [ -1898886.47859999537468, -73416.046899997629225 ], [ -1898922.922600000398234, -73384.853699998930097 ], [ -1898962.538399999262765, -73352.131499999202788 ], [ -1898999.853699998231605, -73321.71999999973923 ], [ -1899041.501199999125674, -73288.260300000663847 ], [ -1899083.562600003788248, -73254.904399995226413 ], [ -1899195.943999994080514, -73166.546499994117767 ], [ -1899229.234900000505149, -73139.954099999275059 ], [ -1899256.557799996575341, -73116.187200000975281 ], [ -1899287.466099996352568, -73088.816400000359863 ], [ -1899315.744300001533702, -73063.114499997813255 ], [ -1899343.250999994343147, -73038.515499999281019 ], [ -1899369.907400001771748, -73014.588599996641278 ], [ -1899402.960099998163059, -72985.613300001714379 ], [ -1899433.695399996358901, -72957.203600002452731 ], [ -1899462.853299998911098, -72929.263300004415214 ], [ -1899477.417199997929856, -72915.52849999954924 ], [ -1899491.099599995650351, -72901.761300003156066 ], [ -1899504.465899999020621, -72888.030200003646314 ], [ -1899517.507299999007955, -72874.344300003256649 ], [ -1899530.233299996936694, -72860.692699995823205 ], [ -1899542.652199998265132, -72847.06620000069961 ], [ -1899554.772300001932308, -72833.454999996349216 ], [ -1899566.599399997154251, -72819.852599994279444 ], [ -1899578.139499995857477, -72806.251199998427182 ], [ -1899588.863299995195121, -72792.5431999983266 ], [ -1899601.03349999897182, -72777.385299997869879 ], [ -1899613.2322, -72761.820000002160668 ], [ -1899625.478199997451156, -72745.822499999776483 ], [ -1899637.670800001826137, -72729.317100001499057 ], [ -1899649.456399996066466, -72712.147299997974187 ], [ -1899661.493199997581542, -72694.476800000295043 ], [ -1899686.760900000343099, -72665.201299995649606 ], [ -1899714.118699997430667, -72636.865999998524785 ], [ -1899744.2518, -72603.937599995173514 ], [ -1899775.139099997701123, -72566.205099992454052 ], [ -1899838.073500000173226, -72467.404399996623397 ], [ -1899863.828799996059388, -72423.010799993295223 ], [ -1899891.414000001503155, -72375.584900001529604 ], [ -1899916.3941, -72334.183499997481704 ], [ -1899931.040199996670708, -72309.635899999644607 ], [ -1899943.374497512588277, -72288.008290076162666 ], [ -1899944.9053, -72285.32410000031814 ], [ -1899958.62919999868609, -72262.158200002275407 ], [ -1899964.406099999556318, -72252.589147468097508 ], [ -1899972.144499995512888, -72239.771000004373491 ], [ -1899985.527599998982623, -72218.052799997851253 ], [ -1899998.936599998734891, -72197.236699995584786 ], [ -1900011.244199997512624, -72182.183000001590699 ], [ -1900023.8236, -72166.851099999621511 ], [ -1900067.843899998813868, -72114.398200002498925 ], [ -1900089.753800002159551, -72086.646899995859712 ], [ -1900110.821300000185147, -72060.282600001897663 ], [ -1900131.451599999330938, -72034.789600001648068 ], [ -1900151.594999990658835, -72010.237799995578825 ], [ -1900171.263099994044751, -71986.620699994731694 ], [ -1900190.681400001980364, -71963.64940000185743 ], [ -1900209.918599998578429, -71941.269399997778237 ], [ -1900229.001099996734411, -71919.430300002917647 ], [ -1900247.97190000070259, -71897.441100003197789 ], [ -1900267.022399999201298, -71875.056499992497265 ], [ -1900284.410799995297566, -71851.514699995517731 ], [ -1900300.881099996855482, -71826.647599992342293 ], [ -1900317.422200000146404, -71801.413300001062453 ], [ -1900334.125099997967482, -71778.426500000990927 ], [ -1900367.708600000711158, -71730.967499998863786 ], [ -1900397.360100002028048, -71696.394699994940311 ], [ -1900421.732641632203013, -71671.237037878017873 ], [ -1900426.341899998951703, -71666.479299996979535 ], [ -1900455.995900003006682, -71639.241599997505546 ], [ -1900485.037900002673268, -71613.526399997528642 ], [ -1900513.180900001665577, -71589.449499994982034 ], [ -1900540.742899996228516, -71566.811299999244511 ], [ -1900567.969700002577156, -71545.478799999691546 ], [ -1900593.937899999786168, -71525.873700002674013 ], [ -1900607.844397346256301, -71515.719001036137342 ], [ -1900620.213399996282533, -71506.686999998055398 ], [ -1900646.796300003537908, -71487.918600001372397 ], [ -1900673.686900001484901, -71469.568700002040714 ], [ -1900701.646099997218698, -71451.486899994313717 ], [ -1900729.796399995451793, -71433.849700002931058 ], [ -1900758.138299999060109, -71416.657199998851866 ], [ -1900786.787500001955777, -71399.883000002708286 ], [ -1900816.124799996614456, -71383.452199995517731 ], [ -1900844.835099997231737, -71367.412700002547354 ], [ -1900873.85280000185594, -71351.791699999943376 ], [ -1900903.558500000275671, -71336.51399999530986 ], [ -1900933.329400000395253, -71321.755400000140071 ], [ -1900962.76009999983944, -71307.328399999532849 ], [ -1900991.99810000276193, -71293.147799996193498 ], [ -1900994.181300001218915, -71291.964499997906387 ], [ -1901004.958500000648201, -71284.641999998595566 ], [ -1901016.821600001305342, -71275.355800001882017 ], [ -1901028.673900000285357, -71265.750300001818687 ], [ -1901039.729099998017773, -71255.713099998421967 ], [ -1901050.773599998792633, -71245.356599998194724 ], [ -1901061.020799995632842, -71234.568499999120831 ], [ -1901071.257300002500415, -71223.461100003682077 ], [ -1901077.036000000312924, -71217.076099992729723 ], [ -1901082.857100000604987, -71209.868200002703816 ], [ -1901088.526399997528642, -71201.978599997702986 ], [ -1901094.403000002261251, -71193.046800001058728 ], [ -1901099.204799994593486, -71185.087599996477365 ], [ -1901104.495099995518103, -71175.914400001522154 ], [ -1901120.661099997349083, -71146.086399996187538 ], [ -1901126.360499998787418, -71135.815499998629093 ], [ -1901132.109099998604506, -71126.154200000222772 ], [ -1901137.679900000570342, -71117.76499999826774 ], [ -1901143.287099999841303, -71109.855099996551871 ], [ -1901148.736699999310076, -71102.942199994344264 ], [ -1901154.646899997955188, -71096.620300000999123 ], [ -1901160.249300000956282, -71091.225100001320243 ], [ -1901164.266100001055747, -71087.987999994773418 ], [ -1901168.145199998747557, -71085.061899998690933 ], [ -1901172.171199999283999, -71082.356100001838058 ], [ -1901176.629000001354143, -71079.779899996705353 ], [ -1901180.954199998173863, -71077.51099999807775 ], [ -1901185.432599996915087, -71075.458799996878952 ], [ -1901190.3496, -71073.532499996945262 ], [ -1901195.142000002553686, -71071.909999993164092 ], [ -1901200.374299996299669, -71070.41260000038892 ], [ -1901205.488600002834573, -71069.216200000140816 ], [ -1901210.771800000686198, -71068.23070000205189 ], [ -1901216.51199999009259, -71067.36579999839887 ], [ -1901222.147099998546764, -71066.79949999647215 ], [ -1901228.250399999320507, -71066.352299999911338 ], [ -1901234.262799997814, -71066.202600000426173 ], [ -1901240.759199995780364, -71066.171300000045449 ], [ -1901253.731599997961894, -71066.790000002365559 ], [ -1901267.596000001998618, -71068.200199991930276 ], [ -1901282.477799992309883, -71070.414999998174608 ], [ -1901298.613299997523427, -71073.471300001256168 ], [ -1901314.945400000549853, -71076.933599994052202 ], [ -1901332.945899998769164, -71081.38059999467805 ], [ -1901351.928000000771135, -71086.246399999596179 ], [ -1901404.758200001204386, -71100.478899993468076 ], [ -1901420.873399996897206, -71104.614000000990927 ], [ -1901435.299399997806177, -71108.061299997381866 ], [ -1901451.897399996872991, -71111.523499992210418 ], [ -1901466.998100000899285, -71114.354200003668666 ], [ -1901481.165099999401718, -71116.518799998331815 ], [ -1901494.53749999916181, -71118.039400002453476 ], [ -1901502.604099998483434, -71118.632200001738966 ], [ -1901510.139299996662885, -71119.072399993427098 ], [ -1901517.7247, -71119.181800001300871 ], [ -1901524.806299997493625, -71119.139699992258102 ], [ -1901531.962599997874349, -71118.767100000753999 ], [ -1901538.916799998376518, -71118.152999998535961 ], [ -1901545.393399996915832, -71117.386300002690405 ], [ -1901551.964899996062741, -71116.287299999967217 ], [ -1901558.079100003000349, -71115.031899992842227 ], [ -1901564.297899994533509, -71113.441800000611693 ], [ -1901570.059400000376627, -71111.694599999114871 ], [ -1901575.933499995619059, -71109.61029999377206 ], [ -1901581.357599997427315, -71107.366500000935048 ], [ -1901586.617400001734495, -71104.872699996456504 ], [ -1901591.881000002613291, -71102.04880000045523 ], [ -1901596.819300001487136, -71099.051300002261996 ], [ -1901607.666199997998774, -71091.807799991685897 ], [ -1901618.783599997870624, -71083.798199993092567 ], [ -1901629.758599997498095, -71075.206000002566725 ], [ -1901640.688200001837686, -71066.085599992889911 ], [ -1901648.042199997697026, -71059.590600000228733 ], [ -1901655.11609999765642, -71052.792500002775341 ], [ -1901662.027300001122057, -71045.681100001093 ], [ -1901668.89249999448657, -71038.246100003365427 ], [ -1901675.47699999762699, -71030.508799998555332 ], [ -1901682.015000001294538, -71022.449000001884997 ], [ -1901688.271300001302734, -71014.08769999537617 ], [ -1901694.480499993544072, -71005.404400000348687 ], [ -1901700.40759999724105, -70996.420699999667704 ], [ -1901706.286900000879541, -70987.115699996706098 ], [ -1901711.883299998240545, -70977.511500003747642 ], [ -1901717.431200003484264, -70967.587099992204458 ], [ -1901722.813099998515099, -70957.353899999056011 ], [ -1901727.911299997242168, -70946.822999992407858 ], [ -1901732.959899999201298, -70935.973700004629791 ], [ -1901737.724099998595193, -70924.828000003471971 ], [ -1901740.934100000187755, -70913.525299997068942 ], [ -1901743.976599995279685, -70901.916999997571111 ], [ -1901746.851299997186288, -70890.003800003323704 ], [ -1901748.939799997489899, -70877.848900003358722 ], [ -1901751.478299997746944, -70865.327899993397295 ], [ -1901753.848599999444559, -70852.504000002052635 ], [ -1901755.549700000323355, -70839.42920000385493 ], [ -1901757.988499996718019, -70825.938799996860325 ], [ -1901761.261300001759082, -70811.968200000468642 ], [ -1901764.077700002584606, -70797.74650000128895 ], [ -1901766.82109999936074, -70783.231600005179644 ], [ -1901769.491700001992285, -70768.422399999573827 ], [ -1901772.473199997330084, -70753.27780000353232 ], [ -1901774.999499997822568, -70737.875099999830127 ], [ -1901777.359499994432554, -70722.158900002483279 ], [ -1901779.554399996297434, -70706.121199992485344 ], [ -1901782.390799999469891, -70683.31209999974817 ], [ -1901784.9372, -70662.687600003089756 ], [ -1901786.715999996289611, -70643.444299996364862 ], [ -1901788.03910000086762, -70625.258399994112551 ], [ -1901788.927299999864772, -70607.777999998535961 ], [ -1901789.372099998639897, -70591.054000000469387 ], [ -1901789.376300000352785, -70575.003499996382743 ], [ -1901788.939299997175112, -70559.577799991238862 ], [ -1901788.045400000177324, -70544.540600003208965 ], [ -1901786.695599995320663, -70530.076499999500811 ], [ -1901784.887899996945634, -70516.163000001572073 ], [ -1901782.331899997079745, -70502.835000003688037 ], [ -1901779.600799998035654, -70489.973599997349083 ], [ -1901776.405199998756871, -70477.624099992215633 ], [ -1901771.287899992894381, -70466.211200001649559 ], [ -1901765.989900001091883, -70455.244799994397908 ], [ -1901762.039299995871261, -70447.860799998510629 ], [ -1901757.434800000395626, -70440.456400002352893 ], [ -1901753.136199998902157, -70432.789899998810142 ], [ -1901748.069499996490777, -70425.151099995244294 ], [ -1901742.329999999143183, -70417.452799995429814 ], [ -1901736.476200000150129, -70409.5615000044927 ], [ -1901736.274011559784412, -70409.332190607208759 ], [ -1901729.525099996710196, -70401.677999996114522 ], [ -1901722.803899997845292, -70393.405000003986061 ], [ -1901708.435700001660734, -70377.585699998307973 ], [ -1901692.246699998155236, -70360.19510000012815 ], [ -1901675.210500000277534, -70342.600299997720867 ], [ -1901641.035700001521036, -70306.172400000505149 ], [ -1901625.4209, -70288.673799999989569 ], [ -1901609.321299995528534, -70271.772700003348291 ], [ -1901593.419000001391396, -70255.168300000019372 ], [ -1901577.90879999822937, -70239.843699996825308 ], [ -1901562.647500002058223, -70224.870400003623217 ], [ -1901547.324899998493493, -70210.430699999444187 ], [ -1901531.959399995859712, -70196.542600001208484 ], [ -1901517.064199996413663, -70184.010900001041591 ], [ -1901501.682299998821691, -70171.287300001364201 ], [ -1901486.301799999549985, -70159.153099996037781 ], [ -1901471.432500002905726, -70148.408499997574836 ], [ -1901456.090700001223013, -70137.481799994595349 ], [ -1901440.785499999066815, -70127.171700003091246 ], [ -1901426.02110000140965, -70118.272999996785074 ], [ -1901410.812299996614456, -70109.211900001391768 ], [ -1901395.663400000659749, -70100.78270000172779 ], [ -1901383.144299998879433, -70094.587100000586361 ], [ -1901370.075199999148026, -70088.949399998411536 ], [ -1901356.929699997417629, -70084.648399998899549 ], [ -1901342.683100002119318, -70080.091200000140816 ], [ -1901327.810799999628216, -70076.05890000006184 ], [ -1901312.252200001850724, -70072.531800004653633 ], [ -1901296.448599998373538, -70070.2845000019297 ], [ -1901279.325000001117587, -70067.718600002583116 ], [ -1901262.598700002999976, -70066.511599996592849 ], [ -1901244.395300000905991, -70064.906899993307889 ], [ -1901225.53759999666363, -70064.462499999906868 ], [ -1901205.205800001509488, -70064.354999993462116 ], [ -1901185.039299996802583, -70063.892100000753999 ], [ -1901162.988099997630343, -70064.406700001563877 ], [ -1901078.285100001376122, -70065.107799997087568 ], [ -1901042.425899997353554, -70064.08779999660328 ], [ -1901023.162900002440438, -70063.248299999628216 ], [ -1901005.199899999191985, -70062.032399993855506 ], [ -1900988.464899990009144, -70060.771300002466887 ], [ -1900972.346000002929941, -70059.036399998236448 ], [ -1900953.439799999352545, -70056.660100004635751 ], [ -1900935.258499997202307, -70053.616400000173599 ], [ -1900917.930399995064363, -70050.101499997545034 ], [ -1900901.629399996716529, -70046.316399992443621 ], [ -1900891.319539564894512, -70043.383305453695357 ], [ -1900885.75349999521859, -70041.799799999222159 ], [ -1900882.496404781937599, -70040.721655579749495 ], [ -1900870.533000000519678, -70036.761600000783801 ], [ -1900856.026999997440726, -70031.35339999711141 ], [ -1900842.002099998993799, -70025.23059999756515 ], [ -1900820.76359999878332, -70015.060699997469783 ], [ -1900800.165500001981854, -70004.854499998502433 ], [ -1900780.060299997683614, -69994.43529999256134 ], [ -1900760.294300000881776, -69983.624000003095716 ], [ -1900741.174300001002848, -69972.794200000818819 ], [ -1900722.689499996136874, -69961.813699998892844 ], [ -1900704.599999997531995, -69950.473600002471358 ], [ -1900687.07880000048317, -69939.219300004187971 ], [ -1900669.954499997198582, -69927.429199994076043 ], [ -1900653.437899998622015, -69915.495199993718415 ], [ -1900637.399799996986985, -69903.436799995601177 ], [ -1900622.123000000836328, -69891.233899999875575 ], [ -1900607.400099997175857, -69878.879299991298467 ], [ -1900593.545499994652346, -69866.482300000730902 ], [ -1900580.331999995047227, -69853.968600003048778 ], [ -1900567.763700001640245, -69841.342000002041459 ], [ -1900559.776199996005744, -69832.808300001546741 ], [ -1900551.93269999884069, -69823.831399996764958 ], [ -1900544.27670000330545, -69814.353300001006573 ], [ -1900536.667999997735023, -69804.426899996586144 ], [ -1900529.152999997604638, -69793.996899996418506 ], [ -1900521.752799995942041, -69782.970499996095896 ], [ -1900514.31359999650158, -69771.375800001434982 ], [ -1900512.167240659473464, -69767.806281180121005 ], [ -1900506.906699996907264, -69759.057700001634657 ], [ -1900500.67799999890849, -69748.358600003179163 ], [ -1900494.39820000086911, -69736.998000001069158 ], [ -1900481.072900001890957, -69711.918400001246482 ], [ -1900468.538900001440197, -69686.950600000564009 ], [ -1900437.12439999775961, -69622.77229999890551 ], [ -1900427.505600000265986, -69604.534899997524917 ], [ -1900418.486799996113405, -69588.31929999217391 ], [ -1900408.380600001430139, -69570.523899999912828 ], [ -1900398.353800000855699, -69554.221999999601394 ], [ -1900388.505899996031076, -69539.050800001248717 ], [ -1900378.742600000463426, -69524.859700003638864 ], [ -1900368.762499995529652, -69511.48529999749735 ], [ -1900357.925000002374873, -69497.779800000134856 ], [ -1900346.125999998766929, -69483.605500002857298 ], [ -1900333.15529999579303, -69468.699099996592849 ], [ -1900321.287000000476837, -69455.476700003258884 ], [ -1900307.761600001016632, -69440.907900003250688 ], [ -1900277.506999995559454, -69408.481900000944734 ], [ -1900252.984959837747738, -69746.885676151141524 ] ] ] } },
{ "type": "Feature", "properties": { "ID": 2172, "YEAR": "2017-2018", "Perimtr_KM": 11.102948083, "AREA_KM": 1.3306951331300001, "SCALE": 1, "THICKNES_M": 170.42540741, "VOLUME_KM": 0.2267842602, "MASS_GT": 0.2079611666, "RECURRANCE": "2-3", "UA_KM": 0.05551474041, "UH_M": 14.145308745299999, "UC_KM": 0.0173522193, "REGION": "West", "ICESHELF": "Abbot" }, "geometry": { "type": "Polygon", "coordinates": [ [ [ -1900819.565100001171231, -59601.244500003289431 ], [ -1900816.985300002619624, -59601.361200003419071 ], [ -1900814.526499997125939, -59601.147699993569404 ], [ -1900812.182199996197596, -59600.6034000008367 ], [ -1900809.948100000387058, -59599.727000003214926 ], [ -1900807.873400001320988, -59598.664499995298684 ], [ -1900805.694799996213987, -59597.196100002154708 ], [ -1900801.334199995268136, -59593.327199998311698 ], [ -1900796.938600002089515, -59588.813700002618134 ], [ -1900787.042199997929856, -59577.649399997666478 ], [ -1900780.024200001033023, -59569.479999997187406 ], [ -1900776.6955999978818, -59565.30619999859482 ], [ -1900773.68309999583289, -59561.034599998034537 ], [ -1900770.865499999374151, -59556.686699999962002 ], [ -1900768.366599991451949, -59552.311700003687292 ], [ -1900765.816400001058355, -59547.831899999640882 ], [ -1900763.581500001251698, -59543.252600001171231 ], [ -1900761.416200000792742, -59538.545999996829778 ], [ -1900759.568599995691329, -59533.810499996878207 ], [ -1900757.91440000012517, -59528.995900003705174 ], [ -1900756.456399996532127, -59524.173099995590746 ], [ -1900755.312599999597296, -59519.248300003819168 ], [ -1900754.361599997151643, -59514.242300000507385 ], [ -1900753.603399995947257, -59509.15470000077039 ], [ -1900753.037700002314523, -59503.984799998346716 ], [ -1900674.926176708657295, -59812.835160368587822 ], [ -1900630.254899999592453, -59989.463899997528642 ], [ -1900645.357593778753653, -60593.569082614500076 ], [ -1900646.129999997094274, -60624.465200001839548 ], [ -1900656.923069009091705, -60623.89714486617595 ], [ -1900856.988994881743565, -60613.367380237206817 ], [ -1900877.804169385926798, -60612.271846917457879 ], [ -1900947.755600003991276, -60608.59020000230521 ], [ -1900998.45303372037597, -60686.94078994076699 ], [ -1901009.838831508532166, -60704.537025253754109 ], [ -1901030.725558257196099, -60736.816516395192593 ], [ -1901058.604503446491435, -60779.902164774946868 ], [ -1901061.351623468566686, -60784.147714470047504 ], [ -1901122.3809, -60878.465699998196214 ], [ -1901207.819899999769405, -61023.943299998994917 ], [ -1901189.964294535573572, -61058.502532847225666 ], [ -1901158.509725127601996, -61119.382338381372392 ], [ -1901090.906262176111341, -61250.22773717995733 ], [ -1901026.559790630592033, -61374.769282286521047 ], [ -1900979.505600003059953, -61465.841899991966784 ], [ -1900820.755299999844283, -62164.343299999367446 ], [ -1900819.691047830972821, -62170.272705764975399 ], [ -1900783.81618216377683, -62370.146985020488501 ], [ -1900709.630100000184029, -62783.469499998725951 ], [ -1900675.385950656840578, -63857.937730621546507 ], [ -1900662.460837134858593, -64263.485075791366398 ], [ -1900660.280099997296929, -64331.909400002099574 ], [ -1900663.104250994510949, -64312.851802884135395 ], [ -1900674.265092819230631, -64237.537548414897174 ], [ -1900684.958565532695502, -64165.377138105686754 ], [ -1900756.812553865369409, -63680.500670222565532 ], [ -1900776.821899997070432, -63545.476000001188368 ], [ -1900810.805670434143394, -63373.162155479658395 ], [ -1901092.701699998928234, -61943.815499992109835 ], [ -1901191.159437214722857, -61523.175826060585678 ], [ -1901236.409851749194786, -61329.853085236623883 ], [ -1901265.750806239899248, -61204.500117784831673 ], [ -1901330.351041759829968, -60928.509395544417202 ], [ -1901338.064099993091077, -60895.557000002358109 ], [ -1901337.808765445370227, -60894.930500358343124 ], [ -1901334.158599995775148, -60885.974299994297326 ], [ -1901325.351700000232086, -60862.512299997266382 ], [ -1901317.635699997888878, -60839.659299998544157 ], [ -1901310.89519999595359, -60817.254399998579174 ], [ -1901304.666599995922297, -60795.323800000362098 ], [ -1901299.388099996373057, -60773.748599995393306 ], [ -1901294.595600002678111, -60752.548100000247359 ], [ -1901290.754900001687929, -60732.52110000140965 ], [ -1901287.228300002403557, -60712.440400001592934 ], [ -1901283.788899999810383, -60692.337200003676116 ], [ -1901280.89019999653101, -60672.148899999912828 ], [ -1901278.305399999022484, -60651.906900002155453 ], [ -1901276.034500000765547, -60631.611200003884733 ], [ -1901273.851099999621511, -60611.293099998030812 ], [ -1901271.887400002451614, -60590.973399998154491 ], [ -1901270.130600001197308, -60570.627799995243549 ], [ -1901268.580899999011308, -60550.256399993784726 ], [ -1901267.452199996449053, -60529.803200000431389 ], [ -1901266.530299999052659, -60509.324399997480214 ], [ -1901266.029499999480322, -60488.763799995649606 ], [ -1901265.340300003066659, -60468.142599992454052 ], [ -1901264.866199996555224, -60447.45910000288859 ], [ -1901264.911999997217208, -60426.70259999576956 ], [ -1901266.094899996882305, -60405.815300000365824 ], [ -1901267.59180000028573, -60384.874400002416223 ], [ -1901269.402700000675395, -60363.879699998535216 ], [ -1901271.5275, -60342.831300001125783 ], [ -1901274.094099998939782, -60321.689100000075996 ], [ -1901276.846899999305606, -60300.533099998254329 ], [ -1901279.913699996424839, -60279.323499993421137 ], [ -1901283.294300001580268, -60258.059899994172156 ], [ -1901287.116900001885369, -60236.702599996235222 ], [ -1901291.125399996060878, -60215.331600002478808 ], [ -1901295.575899999123067, -60193.866900003049523 ], [ -1901300.212599996943027, -60172.388300004880875 ], [ -1901305.219999998575076, -60150.788899995852262 ], [ -1901310.129499999806285, -60129.067400002852082 ], [ -1901315.551700000185519, -60107.279199991840869 ], [ -1901321.089099997421727, -60085.450099994428456 ], [ -1901345.863499995553866, -60114.623299994505942 ], [ -1901334.711399990366772, -60084.759599997662008 ], [ -1901324.110899998107925, -60054.778399996925145 ], [ -1901313.892700001364574, -60024.751599998213351 ], [ -1901304.556600000476465, -59994.611200003419071 ], [ -1901296.098299995297566, -59964.431999993044883 ], [ -1901288.848000002559274, -59934.216999993659556 ], [ -1901282.348599998513237, -59903.872400001622736 ], [ -1901276.464699994539842, -59873.456499997992069 ], [ -1901274.797900000354275, -59863.248599999584258 ], [ -1901273.414599999785423, -59852.770099999848753 ], [ -1901272.31180000025779, -59841.999400002416223 ], [ -1901271.486600000644103, -59830.908099994529039 ], [ -1901270.869299996644258, -59819.507299998775125 ], [ -1901270.592099995585158, -59807.679600002709776 ], [ -1901270.585600000340492, -59795.40069999685511 ], [ -1901270.850200003013015, -59782.589099996257573 ], [ -1901271.941399997100234, -59760.160100003704429 ], [ -1901273.740699998801574, -59735.117800002917647 ], [ -1901275.937299999641255, -59710.735500002745539 ], [ -1901280.425400002393872, -59649.441399997100234 ], [ -1901282.23570000147447, -59616.819800003431737 ], [ -1901282.708800001302734, -59599.960099996067584 ], [ -1901282.929499998223037, -59584.269199999980628 ], [ -1901282.659799998858944, -59569.367499998770654 ], [ -1901282.136500000953674, -59555.221299999859184 ], [ -1901281.101799997733906, -59539.317099997308105 ], [ -1901279.468400001293048, -59524.143699996639043 ], [ -1901277.73269999329932, -59509.702199995983392 ], [ -1901275.455099997110665, -59495.802599996794015 ], [ -1901272.623499996960163, -59482.376900001429021 ], [ -1901269.159799992339686, -59469.43610000051558 ], [ -1901265.199499996844679, -59456.880800004117191 ], [ -1901260.6625000028871, -59444.718500000890344 ], [ -1901256.588800000259653, -59434.159299992956221 ], [ -1901248.820399997523054, -59411.739700003527105 ], [ -1901245.271699998527765, -59402.223799998406321 ], [ -1901241.384700000518933, -59392.57709999801591 ], [ -1901237.48220000276342, -59384.33489999640733 ], [ -1901235.139600000809878, -59379.872100002132356 ], [ -1901232.745400002459064, -59375.752099995967001 ], [ -1901230.28499999595806, -59371.950099999085069 ], [ -1901227.676399999763817, -59368.483899998478591 ], [ -1901225.051800000481308, -59365.271499991882592 ], [ -1901222.335099996998906, -59362.341999998316169 ], [ -1901219.519999996526167, -59359.688300000969321 ], [ -1901216.52930000051856, -59357.33889999659732 ], [ -1901213.645699998596683, -59355.294699993450195 ], [ -1901210.528099995106459, -59353.347199995536357 ], [ -1901203.514800003264099, -59349.773800002876669 ], [ -1901195.551099996548146, -59346.580399998929352 ], [ -1901186.612700000172481, -59343.756699998863041 ], [ -1901176.879900000989437, -59341.289799997583032 ], [ -1901165.913200000301003, -59339.209199997596443 ], [ -1901153.828400003025308, -59337.387999998871237 ], [ -1901139.422600000165403, -59335.684100001119077 ], [ -1901134.116199998185039, -59335.295199998654425 ], [ -1901128.917300002416596, -59335.182699993718415 ], [ -1901123.750799998175353, -59335.379299991298467 ], [ -1901118.613799997372553, -59335.885400004219264 ], [ -1901113.503499996615574, -59336.70099999755621 ], [ -1901108.415799998911098, -59337.826600003056228 ], [ -1901103.346999998902902, -59339.263499999418855 ], [ -1901098.292900001630187, -59341.012400000356138 ], [ -1901093.2565, -59343.071800002362579 ], [ -1901088.224999998928979, -59345.445999991614372 ], [ -1901083.193099999567494, -59348.137899996712804 ], [ -1901078.154299999587238, -59351.150599994696677 ], [ -1901072.981999999145046, -59354.509099999908358 ], [ -1901067.90879999473691, -59358.176099993288517 ], [ -1901062.683199999155477, -59362.201599997468293 ], [ -1901057.536099995719269, -59366.551299999002367 ], [ -1901048.976899997796863, -59374.358699992764741 ], [ -1901040.200499998871237, -59383.163999994285405 ], [ -1901031.115400002105162, -59393.059600001201034 ], [ -1901021.547499995213002, -59404.236399999819696 ], [ -1901013.200699995504692, -59414.6274000024423 ], [ -1901003.865600001066923, -59426.571300002280623 ], [ -1900970.952100003371015, -59470.138399999123067 ], [ -1900957.639500000746921, -59487.415499998722225 ], [ -1900943.79089999711141, -59504.466099999379367 ], [ -1900937.237799998838454, -59512.035400001332164 ], [ -1900930.870600001653656, -59519.081500003580004 ], [ -1900923.610800007591024, -59526.83590000262484 ], [ -1900916.617600002326071, -59534.106199997477233 ], [ -1900909.596500001382083, -59540.764599999878556 ], [ -1900902.763999999733642, -59546.866200001444668 ], [ -1900895.968799997353926, -59552.532099999953061 ], [ -1900889.073100000619888, -59557.648700000252575 ], [ -1900882.305800000671297, -59562.255800003185868 ], [ -1900875.411499995272607, -59566.405900001060218 ], [ -1900870.774000000441447, -59569.207899999339134 ], [ -1900865.480099999113008, -59572.903299991972744 ], [ -1900848.135600002249703, -59586.268999993801117 ], [ -1900842.067600001115352, -59590.777300001587719 ], [ -1900836.401599997421727, -59594.534099999349564 ], [ -1900831.340299999341369, -59597.3445999994874 ], [ -1900828.211699998239055, -59598.880399995949119 ], [ -1900825.216899998486042, -59599.993400002829731 ], [ -1900822.373599994927645, -59600.7715999991633 ], [ -1900819.565100001171231, -59601.244500003289431 ] ] ] } },
{ "type": "Feature", "properties": { "ID": 2174, "YEAR": "2017-2018", "Perimtr_KM": 16.9193801919, "AREA_KM": 5.8871831731800004, "SCALE": 1, "THICKNES_M": 314.471344, "VOLUME_KM": 1.85135040484, "MASS_GT": 1.69768832124, "RECURRANCE": "2-3", "UA_KM": 0.08459690096, "UH_M": 26.1011214233, "UC_KM": 0.14165462009, "REGION": "West", "ICESHELF": "Venable" }, "geometry": { "type": "Polygon", "coordinates": [ [ [ -1867866.402919634710997, 75505.811425967141986 ], [ -1867803.692691516829655, 75467.996041361708194 ], [ -1867600.026500001549721, 75345.18170000333339 ], [ -1867587.121740461094305, 75344.321383245289326 ], [ -1867282.525799997150898, 75324.015000011306256 ], [ -1867592.719416432315484, 74721.87452651374042 ], [ -1867642.359899999108166, 74625.513599997386336 ], [ -1867753.811253017280251, 74516.848542655818164 ], [ -1867865.487478095805272, 74407.964235076215118 ], [ -1868272.416973330779001, 74011.208020472433418 ], [ -1868290.063968065427616, 73994.002202484756708 ], [ -1868489.028299995465204, 73800.011999997776002 ], [ -1868541.818648491753265, 73562.455338256433606 ], [ -1868559.815837415400892, 73481.467956223059446 ], [ -1868571.300807490712032, 73429.785570524167269 ], [ -1868658.36189999920316, 73038.010499994270504 ], [ -1868760.020154588855803, 72883.489958780352026 ], [ -1869181.304505925392732, 72243.137768637854606 ], [ -1869443.597338147694245, 71844.452678529080003 ], [ -1869716.69740000134334, 71429.340599994640797 ], [ -1869877.379465681035072, 71283.265988558065146 ], [ -1870321.844662094954401, 70879.206701744347811 ], [ -1870601.764336665160954, 70624.734259390737861 ], [ -1870648.032599999569356, 70582.672200005035847 ], [ -1870884.657721690600738, 70014.771863225847483 ], [ -1870915.958758028922603, 69939.649370092432946 ], [ -1870965.533199999248609, 69820.670700001530349 ], [ -1871084.662485805107281, 69721.396287344861776 ], [ -1871601.584883363218978, 69290.627588787581772 ], [ -1871727.534699995769188, 69185.669399997685105 ], [ -1871929.940601754467934, 69181.661384312901646 ], [ -1872311.14619999867864, 69174.112799999304116 ], [ -1871871.650500001152977, 69647.781800012569875 ], [ -1871343.524799997685477, 70380.33810000307858 ], [ -1871326.983489556703717, 70420.034493604209274 ], [ -1871324.186348110903054, 70426.747167799156159 ], [ -1870883.380199997220188, 71484.608600012026727 ], [ -1870656.421699997037649, 71647.623600001912564 ], [ -1870117.311099994461983, 72759.085400010459125 ], [ -1869873.375200000824407, 73256.890699998475611 ], [ -1869120.073122884146869, 74006.992291495669633 ], [ -1869013.893799999030307, 74112.720500002149493 ], [ -1868512.998297034064308, 74747.808746736031026 ], [ -1868134.690299999434501, 75227.467600009404123 ], [ -1867977.074399996781722, 75572.548299997579306 ], [ -1867866.402919634710997, 75505.811425967141986 ] ] ] } },
{ "type": "Feature", "properties": { "ID": 2176, "YEAR": "2017-2018", "Perimtr_KM": 8.930774523, "AREA_KM": 1.43820904479, "SCALE": 1, "THICKNES_M": 243.44050903300001, "VOLUME_KM": 0.35011834196000002, "MASS_GT": 0.32105851957999998, "RECURRANCE": "4-5", "UA_KM": 0.04465387261, "UH_M": 20.2055621501, "UC_KM": 0.02678902956, "REGION": "West", "ICESHELF": "Venable" }, "geometry": { "type": "Polygon", "coordinates": [ [ [ -1863779.194759003585204, 108355.850315858144313 ], [ -1863646.021099995588884, 108259.414199995342642 ], [ -1863571.937600007746369, 107740.829900002107024 ], [ -1863804.771399998804554, 106830.661400015931576 ], [ -1863845.116067944327369, 106730.376074144151062 ], [ -1864175.188800001051277, 105909.909500004723668 ], [ -1864726.517799999332055, 104562.195700000505894 ], [ -1864718.399499999126419, 104609.049699996598065 ], [ -1864720.75660000089556, 104652.204100012779236 ], [ -1864725.329600000288337, 104692.387400002218783 ], [ -1864729.447900000959635, 104730.999000007752329 ], [ -1864725.661299999337643, 104770.144699999596924 ], [ -1864722.554600002244115, 104809.560600007418543 ], [ -1864717.31329999724403, 104738.458400005474687 ], [ -1864718.727100001182407, 104720.601499996613711 ], [ -1864713.9695999994874, 104693.09839999768883 ], [ -1864717.31329999724403, 104738.458400005474687 ], [ -1864716.606799997156486, 104747.38189999666065 ], [ -1864714.251499998848885, 104774.110600008629262 ], [ -1864710.080300001194701, 104803.142700008582324 ], [ -1864707.254900002386421, 104829.768800008576363 ], [ -1864703.273100001504645, 104856.25040000397712 ], [ -1864699.977899996098131, 104882.77339999563992 ], [ -1864696.447700003162026, 104909.245000000111759 ], [ -1864692.6826, 104935.664999994449317 ], [ -1864686.739899998530746, 104962.969000006560236 ], [ -1864682.504799999529496, 104989.286000003572553 ], [ -1864676.453400003025308, 105017.906200006604195 ], [ -1864667.604999999748543, 105045.515000014565885 ], [ -1864598.989100000588223, 105112.750400010030717 ], [ -1864594.272499998565763, 105147.220100005157292 ], [ -1864593.121500000357628, 105176.739600009284914 ], [ -1864590.06370000122115, 105190.648600011598319 ], [ -1864586.744399996474385, 105204.805400002747774 ], [ -1864579.382299997843802, 105233.425000004004687 ], [ -1864565.267499997280538, 105267.558400006499141 ], [ -1864555.329899999778718, 105300.218300005886704 ], [ -1864540.844300004187971, 105331.327300007455051 ], [ -1864530.33939999807626, 105362.641700001899153 ], [ -1864490.17279999749735, 105465.250400013756007 ], [ -1864472.661400002194569, 105503.914500004146248 ], [ -1864461.867199999745935, 105536.430500006768852 ], [ -1864444.869799996959046, 105572.236499999649823 ], [ -1864434.310300002107397, 105601.267700004391372 ], [ -1864426.126999996136874, 105635.57460000552237 ], [ -1864419.890299999853596, 105660.673399996478111 ], [ -1864414.469899996416643, 105684.944600003771484 ], [ -1864408.900800000177696, 105712.809000003151596 ], [ -1864396.779599998844787, 105743.461999998893589 ], [ -1864391.919000002089888, 105772.303499999921769 ], [ -1864387.459899999666959, 105801.520299998112023 ], [ -1864383.400999997509643, 105831.123499996028841 ], [ -1864379.739800000330433, 105861.129299999214709 ], [ -1864369.7188000024762, 105893.466899996157736 ], [ -1864366.847400000551715, 105924.327100002206862 ], [ -1864364.370499994372949, 105955.610900002066046 ], [ -1864362.282900002785027, 105987.371300010941923 ], [ -1864360.583299998193979, 106019.632699995301664 ], [ -1864379.286299997474998, 106043.134900006465614 ], [ -1864423.392299996456131, 106065.022900005802512 ], [ -1864423.715999997453764, 106102.264399996958673 ], [ -1864423.555599994258955, 106136.844999996479601 ], [ -1864423.765067189000547, 106170.019637435674667 ], [ -1864423.77829999756068, 106172.115400006994605 ], [ -1864424.328699994133785, 106205.546200004406273 ], [ -1864425.210999999195337, 106239.67879999615252 ], [ -1864426.426499999826774, 106274.57720000250265 ], [ -1864427.978500002296641, 106310.325399997644126 ], [ -1864429.868699999060482, 106346.978399996180087 ], [ -1864433.979899996658787, 106384.468599998857826 ], [ -1864441.230699999490753, 106423.189700010232627 ], [ -1864444.434300003806129, 106460.468099995050579 ], [ -1864453.645199996419251, 106533.388300007209182 ], [ -1864461.335899996804073, 106617.890700006857514 ], [ -1864474.984199997736141, 106691.948300005402416 ], [ -1864490.984200002858415, 106851.196299997158349 ], [ -1864494.079900002339855, 106917.702399993781 ], [ -1864508.093699998687953, 106937.921600013040006 ], [ -1864268.714100001845509, 107128.402900006156415 ], [ -1864120.47899999609217, 107636.22140000294894 ], [ -1864147.154899995774031, 107717.554600002709776 ], [ -1864124.98392535909079, 108348.278637952636927 ], [ -1864122.639699996216223, 108414.967600005678833 ], [ -1864171.323899996001273, 108475.841100003104657 ], [ -1863952.938400001497939, 108481.664700006600469 ], [ -1863779.194759003585204, 108355.850315858144313 ] ] ] } },
{ "type": "Feature", "properties": { "ID": 2182, "YEAR": "2017-2018", "Perimtr_KM": 6.3936738855700002, "AREA_KM": 1.64219887704, "SCALE": 1, "THICKNES_M": 211.04125452, "VOLUME_KM": 0.34657171118000002, "MASS_GT": 0.31780625915, "RECURRANCE": ">8", "UA_KM": 0.03196836943, "UH_M": 17.5164240388, "UC_KM": 0.02651766189, "REGION": "East", "ICESHELF": "West" }, "geometry": { "type": "Polygon", "coordinates": [ [ [ 2565417.710492290556431, 63118.218689025379717 ], [ 2565373.70620000269264, 62813.811600004788488 ], [ 2564940.993800007738173, 61915.31010000500828 ], [ 2564951.436750291846693, 61837.944055614527315 ], [ 2565016.456700001843274, 61356.247199999634176 ], [ 2564864.377600002102554, 60997.164799996651709 ], [ 2564812.662300002761185, 61572.826500005554408 ], [ 2564495.161600005812943, 61985.577299998141825 ], [ 2564018.910700002685189, 62414.203200002666563 ], [ 2564590.411800005473197, 63430.205200002528727 ], [ 2565467.971000009216368, 63465.90419999929145 ], [ 2565417.710492290556431, 63118.218689025379717 ] ] ] } },
{ "type": "Feature", "properties": { "ID": 2183, "YEAR": "2017-2018", "Perimtr_KM": 12.5281993942, "AREA_KM": 3.75377856828, "SCALE": 1, "THICKNES_M": 345.17169189499998, "VOLUME_KM": 1.29569809941, "MASS_GT": 1.18815515716, "RECURRANCE": ">8", "UA_KM": 0.06264099697, "UH_M": 28.649250286000001, "UC_KM": 0.09913932097, "REGION": "East", "ICESHELF": "West" }, "geometry": { "type": "Polygon", "coordinates": [ [ [ 2574483.049316682852805, 64669.675473586190492 ], [ 2574460.002999999560416, 64442.267099997960031 ], [ 2574657.495899999514222, 64323.819799997378141 ], [ 2574565.388694498687983, 64080.220435855444521 ], [ 2574564.503300006501377, 64077.878800003789365 ], [ 2574496.405900002457201, 63873.133599997963756 ], [ 2574223.630800007842481, 63682.44490001257509 ], [ 2574096.9763999953866, 63436.056900004390627 ], [ 2574142.567900002002716, 62973.05870000179857 ], [ 2574146.541299999691546, 62541.59419999923557 ], [ 2574015.482266602106392, 62430.541158088482916 ], [ 2574005.774300009943545, 62422.315100005827844 ], [ 2573056.223415520973504, 62746.55500120902434 ], [ 2572355.906000006943941, 62985.690000008326024 ], [ 2572005.192100011743605, 62856.306299993768334 ], [ 2571407.779345695860684, 62944.98084299871698 ], [ 2571152.383588965050876, 62982.88947793841362 ], [ 2569899.691200002096593, 63168.827799993101507 ], [ 2569865.115200002677739, 63178.403600013814867 ], [ 2571081.856600006110966, 63402.34369999775663 ], [ 2571334.343991775996983, 63435.69111038884148 ], [ 2571783.003800003789365, 63494.948100007139146 ], [ 2572682.589000009000301, 63468.489699995610863 ], [ 2573026.548000006936491, 63614.010800003539771 ], [ 2573396.965399995446205, 64182.866099995560944 ], [ 2573631.002894359640777, 64398.900702329818159 ], [ 2574084.883500002324581, 64817.867400006391108 ], [ 2574515.462000001221895, 64989.50599999865517 ], [ 2574483.049316682852805, 64669.675473586190492 ] ] ] } },
{ "type": "Feature", "properties": { "ID": 2184, "YEAR": "2017-2018", "Perimtr_KM": 12.992456391299999, "AREA_KM": 4.9860506282200001, "SCALE": 1, "THICKNES_M": 179.67262413399999, "VOLUME_KM": 0.89585680044000005, "MASS_GT": 0.821500686, "RECURRANCE": "4-5", "UA_KM": 0.06496228196000001, "UH_M": 14.9128277296, "UC_KM": 0.06854577847, "REGION": "East", "ICESHELF": "West" }, "geometry": { "type": "Polygon", "coordinates": [ [ [ 2561708.677403076551855, 222164.068532309029251 ], [ 2561974.160571875981987, 222075.574142708908767 ], [ 2562303.721200003288686, 221965.720600000116974 ], [ 2562303.721200003288686, 222217.350265461485833 ], [ 2562303.721200003288686, 222312.987000002991408 ], [ 2562072.21030000038445, 223172.884500003419816 ], [ 2561829.02704512886703, 223523.354498963337392 ], [ 2561509.969600002281368, 223983.172600000165403 ], [ 2560600.462600006721914, 224528.876799995079637 ], [ 2560961.339934828691185, 224658.422514237929136 ], [ 2561110.49340099375695, 224711.964785919524729 ], [ 2561245.385800012387335, 224760.387699997983873 ], [ 2561923.381900005973876, 224495.803800002671778 ], [ 2562638.682199995964766, 224917.601500011980534 ], [ 2563403.602500002831221, 223625.781100011430681 ], [ 2563026.3278, 221882.030300004873425 ], [ 2563648.59740000218153, 221306.947799997404218 ], [ 2563328.983700006268919, 221205.042000005487353 ], [ 2562948.64440000243485, 221138.89610000513494 ], [ 2562287.1847, 221023.140599998179823 ], [ 2561972.99140000808984, 221601.917799999006093 ], [ 2561691.870999996550381, 221998.79360000602901 ], [ 2561708.40749999973923, 222164.158499996643513 ], [ 2561708.677403076551855, 222164.068532309029251 ] ] ] } },
{ "type": "Feature", "properties": { "ID": 2185, "YEAR": "2017-2018", "Perimtr_KM": 12.5642278057, "AREA_KM": 3.48164041305, "SCALE": 1, "THICKNES_M": 258.40918731699998, "VOLUME_KM": 0.89968786967000003, "MASS_GT": 0.82501377647999996, "RECURRANCE": "1-2", "UA_KM": 0.06282113903, "UH_M": 21.447962441600001, "UC_KM": 0.06883890972, "REGION": "East", "ICESHELF": "West" }, "geometry": { "type": "Polygon", "coordinates": [ [ [ 2568210.113883746787906, 255489.293840168043971 ], [ 2568522.896300002001226, 255178.736300004180521 ], [ 2569535.428028480149806, 255131.814224065747112 ], [ 2569764.3149000024423, 255121.207299994770437 ], [ 2570752.724800002761185, 254036.2074000001885 ], [ 2570817.605300004594028, 253299.163500010501593 ], [ 2571184.032500002533197, 253241.982399999629706 ], [ 2570442.982300007715821, 252915.417900001164526 ], [ 2569358.188500004820526, 253788.544700002297759 ], [ 2568511.520100008696318, 254582.296300002839416 ], [ 2566771.596799996681511, 256917.57849999750033 ], [ 2568210.113883746787906, 255489.293840168043971 ] ] ] } },
{ "type": "Feature", "properties": { "ID": 2186, "YEAR": "2017-2018", "Perimtr_KM": 12.4934944907, "AREA_KM": 9.92455275905, "SCALE": 1, "THICKNES_M": 167.31557487699999, "VOLUME_KM": 1.66053225028, "MASS_GT": 1.5227080735, "RECURRANCE": "4-5", "UA_KM": 0.06246747245, "UH_M": 13.887192646300001, "UC_KM": 0.12705431908000001, "REGION": "East", "ICESHELF": "West" }, "geometry": { "type": "Polygon", "coordinates": [ [ [ 2561741.06840000487864, 278235.002899998333305 ], [ 2561613.976186339743435, 276371.725940245669335 ], [ 2561573.113099996931851, 275772.639299998991191 ], [ 2560970.879999995231628, 275934.214000008068979 ], [ 2560256.503600008785725, 275960.672399999573827 ], [ 2559621.502299997955561, 275749.005300007294863 ], [ 2559125.729039426892996, 275882.482721862848848 ], [ 2558933.584300003014505, 275934.214000008068979 ], [ 2558629.896200003102422, 275873.476400009356439 ], [ 2558794.832100003026426, 278989.98820000840351 ], [ 2560275.348700008355081, 279835.091899998951703 ], [ 2561741.06840000487864, 278235.002899998333305 ] ] ] } },
{ "type": "Feature", "properties": { "ID": 2187, "YEAR": "2017-2018", "Perimtr_KM": 13.3406551921, "AREA_KM": 3.0299682694099999, "SCALE": 1, "THICKNES_M": 348.60073198600003, "VOLUME_KM": 1.0562491566100001, "MASS_GT": 0.96858047661000002, "RECURRANCE": ">8", "UA_KM": 0.06670327596, "UH_M": 28.9338606122, "UC_KM": 0.08081807345, "REGION": "East", "ICESHELF": "West" }, "geometry": { "type": "Polygon", "coordinates": [ [ [ 2487922.169900007545948, 348892.011100003961474 ], [ 2489443.240500005893409, 347488.652000005356967 ], [ 2490239.548900010064244, 346445.050700011663139 ], [ 2490057.22340000513941, 346479.978700006380677 ], [ 2489865.400100009515882, 346638.729100014083087 ], [ 2489769.032700014300644, 346786.114599999971688 ], [ 2489297.343100001104176, 347168.238900001626462 ], [ 2488965.815000001341105, 347187.740600002929568 ], [ 2488502.793200010433793, 347320.032500001136214 ], [ 2488205.136400006711483, 347591.230999997351319 ], [ 2488072.844500008970499, 347981.492200003471226 ], [ 2487788.416799996979535, 348113.784100001677871 ], [ 2487583.364299998618662, 348027.794300000183284 ], [ 2487444.457799999043345, 348107.169500007294118 ], [ 2486670.550000001676381, 349311.02609999710694 ], [ 2485381.839400009252131, 350638.280600011348724 ], [ 2486254.941699999384582, 350043.44080001115799 ], [ 2487079.996000004000962, 349751.704599996097386 ], [ 2487922.169900007545948, 348892.011100003961474 ] ] ] } },
{ "type": "Feature", "properties": { "ID": 2188, "YEAR": "2017-2018", "Perimtr_KM": 7.8506335788300001, "AREA_KM": 1.25974275772, "SCALE": 1, "THICKNES_M": 349.16677856400003, "VOLUME_KM": 0.43986032053000002, "MASS_GT": 0.40335191392999997, "RECURRANCE": "1-2", "UA_KM": 0.03925316789, "UH_M": 28.980842477900001, "UC_KM": 0.03365556646, "REGION": "East", "ICESHELF": "West" }, "geometry": { "type": "Polygon", "coordinates": [ [ [ 2482824.192469612695277, 353107.972022579982877 ], [ 2483258.21660000924021, 352953.548200002871454 ], [ 2483545.19896328728646, 352590.876252715010196 ], [ 2483772.380376687273383, 352303.777336094062775 ], [ 2483830.919158731587231, 352229.799361160025001 ], [ 2483944.808899999596179, 352085.872000007890165 ], [ 2484392.218573070131242, 351456.248418908566236 ], [ 2484590.22199999820441, 351177.605300004128367 ], [ 2485170.272000007331371, 350782.420400004368275 ], [ 2484731.937700004316866, 350850.257899997290224 ], [ 2484182.926199994981289, 351247.133600006345659 ], [ 2483992.360037555918097, 351386.882102060131729 ], [ 2483885.269300008192658, 351465.415300006512552 ], [ 2483858.810900003649294, 351710.155399998184294 ], [ 2483799.279600011184812, 352054.114400002174079 ], [ 2483675.976104310713708, 352101.428535347804427 ], [ 2483477.546863686293364, 352177.569993421435356 ], [ 2483230.424300012178719, 352272.396100002806634 ], [ 2483045.215599996969104, 352193.021000006701797 ], [ 2482813.704700008034706, 352252.552300012670457 ], [ 2482621.4880615985021, 352501.285944572184235 ], [ 2482338.992199995554984, 352866.843399999663234 ], [ 2482633.093176758848131, 353035.80364372767508 ], [ 2482783.756100008264184, 353122.3590999962762 ], [ 2482824.192469612695277, 353107.972022579982877 ] ] ] } },
{ "type": "Feature", "properties": { "ID": 2190, "YEAR": "2017-2018", "Perimtr_KM": 7.0361809593300002, "AREA_KM": 1.09885873638, "SCALE": 1, "THICKNES_M": 413.90618896500001, "VOLUME_KM": 0.45482443178999998, "MASS_GT": 0.41707400395, "RECURRANCE": "1-2", "UA_KM": 0.0351809048, "UH_M": 34.3542135147, "UC_KM": 0.03480053367, "REGION": "East", "ICESHELF": "West" }, "geometry": { "type": "Polygon", "coordinates": [ [ [ 2463718.46309860330075, 358953.658262110780925 ], [ 2463905.640599999576807, 358935.51810001488775 ], [ 2464037.251592048443854, 358684.673616494517773 ], [ 2464068.233199997805059, 358625.624100002925843 ], [ 2464076.431400002911687, 358615.908100004307926 ], [ 2464238.083800000138581, 357976.48020000057295 ], [ 2464387.187790662050247, 357816.132493312470615 ], [ 2464447.212600008584559, 357751.581300004851073 ], [ 2464543.578627086244524, 357455.399124852847308 ], [ 2464554.054499996826053, 357423.201400003861636 ], [ 2464666.744999997317791, 357277.197999995667487 ], [ 2464785.754799996502697, 357131.29530000500381 ], [ 2464844.362100000493228, 356824.902999995741993 ], [ 2465273.638600008562207, 356411.713200013618916 ], [ 2465288.88806632347405, 356382.560342138167471 ], [ 2465376.770700009539723, 356214.552499996032566 ], [ 2465124.440972966141999, 356361.614019006956369 ], [ 2464491.272200006060302, 356730.634199996944517 ], [ 2464385.438699998892844, 356843.082300005480647 ], [ 2464114.240200002677739, 357425.166800006758422 ], [ 2463950.404488348402083, 357801.988893470726907 ], [ 2463849.656300007365644, 358033.709700006060302 ], [ 2463588.585758632048965, 358792.057428416796029 ], [ 2463526.549700004048645, 358972.257400001399219 ], [ 2463718.46309860330075, 358953.658262110780925 ] ] ] } },
{ "type": "Feature", "properties": { "ID": 2195, "YEAR": "2017-2018", "Perimtr_KM": 9.9402045482600005, "AREA_KM": 1.72928879788, "SCALE": 1, "THICKNES_M": 316.99780019100001, "VOLUME_KM": 0.54818074482000001, "MASS_GT": 0.502681743, "RECURRANCE": "3-4", "UA_KM": 0.04970102274, "UH_M": 26.310817286100001, "UC_KM": 0.04194361853, "REGION": "East", "ICESHELF": "West" }, "geometry": { "type": "Polygon", "coordinates": [ [ [ 2475138.145532423630357, 362879.846780742518604 ], [ 2475208.669922151602805, 362857.333425415679812 ], [ 2475540.729600004851818, 362751.330700002145022 ], [ 2475713.579399997368455, 362395.366600001696497 ], [ 2475715.211145156994462, 362372.82897977437824 ], [ 2475716.015734187327325, 362361.716017778031528 ], [ 2475739.935199997387826, 362031.34099999954924 ], [ 2476193.745202287100255, 361915.610200645867735 ], [ 2476194.467500008642673, 361915.426000004634261 ], [ 2476194.575271042995155, 361915.137008797843009 ], [ 2476379.159300002269447, 361420.169500001706183 ], [ 2476647.406200004741549, 361347.165700007230043 ], [ 2476796.52080000564456, 361205.16730001103133 ], [ 2477258.59945409744978, 360931.328575644176453 ], [ 2478029.152400000952184, 360474.680700014345348 ], [ 2478155.463800001889467, 360289.74110000487417 ], [ 2477996.654886922799051, 360016.883153120987117 ], [ 2477968.377099997363985, 359968.297600004356354 ], [ 2478045.372599999420345, 359930.179800006560981 ], [ 2477815.335108206607401, 359924.045430014375597 ], [ 2477621.246400010772049, 359918.869700009934604 ], [ 2477283.901900009252131, 360242.984999995213002 ], [ 2476794.421799997799098, 360719.235900004860014 ], [ 2476813.766470987349749, 360819.82813063217327 ], [ 2476860.567800016142428, 361063.194900009315461 ], [ 2476696.574500001966953, 361261.028100000694394 ], [ 2476583.87984542734921, 361268.908835644368082 ], [ 2476404.160600004717708, 361281.476600002497435 ], [ 2476278.621013179421425, 361349.074841871391982 ], [ 2476138.479897431097925, 361424.535445790272206 ], [ 2476060.201600007712841, 361466.685299997217953 ], [ 2475729.471799998544157, 361658.508600006345659 ], [ 2475669.940400001592934, 361810.64440000616014 ], [ 2475438.429499998688698, 362015.696900004055351 ], [ 2474922.491000016219914, 362048.769799998495728 ], [ 2474919.96672987844795, 362126.391087523661554 ], [ 2474905.954700002446771, 362557.260900001041591 ], [ 2474949.84510000795126, 362570.254600005690008 ], [ 2475066.320668334141374, 362770.808085164986551 ], [ 2475127.879371587187052, 362876.802953073754907 ], [ 2475130.976300003007054, 362882.135400007944554 ], [ 2475138.145532423630357, 362879.846780742518604 ] ] ] } },
{ "type": "Feature", "properties": { "ID": 2199, "YEAR": "2017-2018", "Perimtr_KM": 10.367006549, "AREA_KM": 3.3879032440499999, "SCALE": 1, "THICKNES_M": 310.80331420900001, "VOLUME_KM": 1.05297155647, "MASS_GT": 0.96557491728, "RECURRANCE": "1-2", "UA_KM": 0.05183503275, "UH_M": 25.796674952099998, "UC_KM": 0.08056729045, "REGION": "East", "ICESHELF": "West" }, "geometry": { "type": "Polygon", "coordinates": [ [ [ 2428530.223975609056652, 370650.214275029487908 ], [ 2428579.888842061161995, 370648.885562528390437 ], [ 2428596.590803690254688, 370648.438725422136486 ], [ 2428688.710300005041063, 370645.974199997261167 ], [ 2428781.460612425580621, 370561.727706349920481 ], [ 2428812.749412506818771, 370533.307622055057436 ], [ 2428835.750600005500019, 370512.415300006512552 ], [ 2428866.760577539913356, 370495.03612537169829 ], [ 2429048.606199997477233, 370393.122900008689612 ], [ 2429121.555100002326071, 370363.299800004344434 ], [ 2429151.59180000051856, 370379.986372393555939 ], [ 2429232.763400001451373, 370425.080400011967868 ], [ 2429165.601915467530489, 370370.174155189655721 ], [ 2429151.59180000051856, 370358.720524658448994 ], [ 2428952.319765713065863, 370195.810499998740852 ], [ 2428885.530699997209013, 370141.20871715946123 ], [ 2428867.75589619204402, 370126.677356869913638 ], [ 2428848.807914533652365, 370111.186893438920379 ], [ 2428679.846400009468198, 369973.056500010192394 ], [ 2428396.888767995871603, 369748.561182523611933 ], [ 2427879.480200007557869, 369338.055200005881488 ], [ 2427382.584017634391785, 369322.718935862649232 ], [ 2426807.915600007399917, 369304.982299997936934 ], [ 2426559.284908751957119, 369200.717796036973596 ], [ 2426315.61569999717176, 369098.533914177678525 ], [ 2425987.705600001849234, 368961.023200002498925 ], [ 2425425.464900004677474, 368802.272899999283254 ], [ 2425338.272826416417956, 368883.00632226606831 ], [ 2425068.276700011454523, 369133.002800005953759 ], [ 2424969.211383768357337, 369198.141627140343189 ], [ 2424745.591400002129376, 369345.179399995133281 ], [ 2424817.358900003135204, 369321.619299995247275 ], [ 2425013.913699999451637, 369603.434100004844368 ], [ 2425134.151574890129268, 369703.584628487937152 ], [ 2425383.697300005704165, 369911.440400002524257 ], [ 2425445.56408169772476, 369917.2480977489613 ], [ 2425630.234870696440339, 369934.583929604850709 ], [ 2425732.036699997261167, 369944.140500002074987 ], [ 2425741.164666761644185, 369941.425527357496321 ], [ 2426017.985999999567866, 369859.08929999358952 ], [ 2426223.838554087094963, 369792.705847622826695 ], [ 2426299.079200000502169, 369768.442200004123151 ], [ 2426834.03830000013113, 369798.477199996821582 ], [ 2427095.742900006473064, 369936.260200015734881 ], [ 2427104.427745187655091, 369946.645154796075076 ], [ 2427197.212848427705467, 370057.593488486483693 ], [ 2427404.801799998618662, 370305.819199996069074 ], [ 2427470.430500004440546, 370448.782900012563914 ], [ 2427739.383000005967915, 370528.147500007413328 ], [ 2428177.477600002661347, 370659.651500011794269 ], [ 2428530.223975609056652, 370650.214275029487908 ] ] ] } },
{ "type": "Feature", "properties": { "ID": 2200, "YEAR": "2017-2018", "Perimtr_KM": 7.7695439843400003, "AREA_KM": 1.33254375902, "SCALE": 1, "THICKNES_M": 177.66424560499999, "VOLUME_KM": 0.23674538168000001, "MASS_GT": 0.217095515, "RECURRANCE": "2-3", "UA_KM": 0.03884771992, "UH_M": 14.7461323125, "UC_KM": 0.01811438667, "REGION": "East", "ICESHELF": "West" }, "geometry": { "type": "Polygon", "coordinates": [ [ [ 2438692.568855194374919, 370702.33376384479925 ], [ 2438687.731000000610948, 370667.589200004469603 ], [ 2438562.053700003772974, 370555.14100000448525 ], [ 2438390.07419999781996, 370482.380500003229827 ], [ 2438262.639766149222851, 370380.847370919771492 ], [ 2438068.936902209185064, 370226.51500332634896 ], [ 2437576.478800007142127, 369834.150000003632158 ], [ 2437457.415999999269843, 369840.764600011520088 ], [ 2437212.676000006496906, 369662.170499997679144 ], [ 2437120.071600003167987, 369450.503400005400181 ], [ 2437081.995383684523404, 369379.31740859663114 ], [ 2436967.935900000855327, 369166.075700006913394 ], [ 2436657.049899996258318, 369060.242199992761016 ], [ 2436564.159799996763468, 369074.633600007276982 ], [ 2436031.24069841299206, 369114.228521661367267 ], [ 2435740.305456000380218, 369135.844481933861971 ], [ 2435699.919300006702542, 369138.845099997706711 ], [ 2435867.727799996733665, 369245.547899999190122 ], [ 2436105.491249981336296, 369439.482511952985078 ], [ 2436286.522407285869122, 369587.142748399171978 ], [ 2436372.577904475852847, 369657.334947641007602 ], [ 2436615.167300002649426, 369855.205900002736598 ], [ 2437054.819399997591972, 369741.970600006170571 ], [ 2437355.404700007289648, 370025.431800002697855 ], [ 2437412.136432101018727, 370097.186519403941929 ], [ 2437584.671165853738785, 370315.409742128103971 ], [ 2437672.152611592784524, 370426.056929535232484 ], [ 2437701.873655798844993, 370463.648328715004027 ], [ 2437810.289500011131167, 370600.773500001989305 ], [ 2437983.691499996930361, 370809.172699996735901 ], [ 2438188.503378069028258, 370824.070639810524881 ], [ 2438372.442933707498014, 370837.450334659777582 ], [ 2438575.41709999833256, 370852.214600007515401 ], [ 2438700.092647843062878, 370939.269733319059014 ], [ 2438728.302700010128319, 370958.967500002589077 ], [ 2438692.568855194374919, 370702.33376384479925 ] ] ] } },
{ "type": "Feature", "properties": { "ID": 2202, "YEAR": "2017-2018", "Perimtr_KM": 16.078180790299999, "AREA_KM": 3.3413573920899999, "SCALE": 1, "THICKNES_M": 218.63941955600001, "VOLUME_KM": 0.73055244074000003, "MASS_GT": 0.66991658815, "RECURRANCE": "2-3", "UA_KM": 0.08039090395, "UH_M": 18.147071733699999, "UC_KM": 0.0558976454, "REGION": "Peninsula", "ICESHELF": "Brahms" }, "geometry": { "type": "Polygon", "coordinates": [ [ [ -1956771.484929795842618, 564511.726411203388125 ], [ -1956750.581235560588539, 564330.561121530365199 ], [ -1956720.552699998952448, 564070.313900002744049 ], [ -1956635.885899997316301, 563223.645600004587322 ], [ -1956660.016302174888551, 562765.167730666231364 ], [ -1956678.219300001394004, 562419.310600005555898 ], [ -1956843.184369412716478, 562133.794147547800094 ], [ -1956953.386499996762723, 561943.059699995908886 ], [ -1957016.20622903900221, 561789.936645238194615 ], [ -1957122.720199998468161, 561530.30889999633655 ], [ -1957131.35964641533792, 561522.979109555482864 ], [ -1957178.908397722057998, 561482.638286088127643 ], [ -1957404.899949640734121, 561290.904853578656912 ], [ -1957574.154199996031821, 561147.307900003157556 ], [ -1957394.384909551590681, 561570.762829938903451 ], [ -1957305.01699999673292, 561781.273100005462766 ], [ -1957052.292399999219924, 562712.247200006153435 ], [ -1957089.6742, 563743.627199995797127 ], [ -1957129.656493164598942, 564045.481686640065163 ], [ -1957136.242699996335432, 564095.205599995329976 ], [ -1957137.764669448602945, 564098.31760720256716 ], [ -1957346.632614703383297, 564525.394872604403645 ], [ -1957428.485100001329556, 564692.760599996428937 ], [ -1957329.828550996724516, 565314.999668600503355 ], [ -1957316.6937, 565397.842799994628876 ], [ -1957431.566199996042997, 565969.325300007127225 ], [ -1957445.619188231183216, 565980.74313729070127 ], [ -1957643.295896499417722, 566141.352429206948727 ], [ -1957813.5872, 566279.711500005796552 ], [ -1957817.859499999787658, 566288.617299994919449 ], [ -1957824.195200000889599, 566302.57410000404343 ], [ -1957831.624699996318668, 566320.004700006451458 ], [ -1957838.852899996098131, 566337.729900005273521 ], [ -1957845.589399999007583, 566355.593700001016259 ], [ -1957852.298500002827495, 566373.909300000872463 ], [ -1957858.565400001592934, 566392.390500004868954 ], [ -1957862.480700000654906, 566411.146500005852431 ], [ -1957866.739100001752377, 566429.853099998552352 ], [ -1957872.586199996294454, 566449.511500011663884 ], [ -1957877.895899998024106, 566469.237100005149841 ], [ -1957883.311899997061118, 566489.625500002410263 ], [ -1957888.52539999759756, 566510.424300000537187 ], [ -1957893.233199997805059, 566531.415800015907735 ], [ -1957898.053199995309114, 566553.07500000204891 ], [ -1957902.696699995547533, 566575.262799998745322 ], [ -1957907.166499995160848, 566597.986800006590784 ], [ -1957911.156999993603677, 566621.022199996747077 ], [ -1957917.715600000694394, 566659.586400000844151 ], [ -1957923.937199995387346, 566700.111000008881092 ], [ -1957929.572599990991876, 566742.743600002489984 ], [ -1957935.367699997266755, 566788.868200002238154 ], [ -1957940.045200003311038, 566829.337799995671958 ], [ -1957938.619899998884648, 566874.121500010602176 ], [ -1957944.82008068729192, 566936.221003458369523 ], [ -1957953.552900000475347, 567023.686799996998161 ], [ -1957959.0846, 567078.728000014554709 ], [ -1957965.251800001598895, 567133.054800004232675 ], [ -1957971.3196, 567181.88780000153929 ], [ -1957974.545999996364117, 567207.274800005368888 ], [ -1957978.105699993204325, 567232.012200004886836 ], [ -1957981.762800000142306, 567255.935600005090237 ], [ -1957985.531699999701232, 567279.138500008266419 ], [ -1957987.198100002249703, 567301.846200012136251 ], [ -1957986.830499995499849, 567324.02250000834465 ], [ -1957990.748399995500222, 567345.166000002529472 ], [ -1957995.078800000716001, 567366.148000002838671 ], [ -1957999.694799996912479, 567387.406300002709031 ], [ -1958004.260200003162026, 567407.846300003584474 ], [ -1958009.270299996715039, 567428.189699997194111 ], [ -1958014.440499999560416, 567448.16790001001209 ], [ -1958019.578899998683482, 567467.405000015627593 ], [ -1958025.178599996259436, 567486.608800007496029 ], [ -1958030.984600002411753, 567505.467000015079975 ], [ -1958036.741299998247996, 567523.665500002447516 ], [ -1958042.97870000032708, 567541.891500007361174 ], [ -1958049.435499999206513, 567559.810100001748651 ], [ -1958055.855299999471754, 567577.103500012308359 ], [ -1958062.761599995195866, 567594.438100009225309 ], [ -1958069.638400000985712, 567611.166500004939735 ], [ -1958077.008299995213747, 567627.952500002458692 ], [ -1958084.35499999881722, 567644.145899996627122 ], [ -1958092.200900000985712, 567660.410700007341802 ], [ -1958100.538599997991696, 567676.952100004535168 ], [ -1958109.963900001952425, 567694.401299997232854 ], [ -1958120.054400000954047, 567712.281900013796985 ], [ -1958131.529999997466803, 567731.604099998250604 ], [ -1958139.594599997159094, 567747.391699998639524 ], [ -1958147.4065, 567764.235500007402152 ], [ -1958185.0844, 567824.967599997296929 ], [ -1958199.697699993383139, 567848.066899995319545 ], [ -1958213.899399996735156, 567871.177500012330711 ], [ -1958226.267599996645004, 567892.160599996801466 ], [ -1958239.104600003454834, 567914.999700003303587 ], [ -1958250.239200002048165, 567936.372999997809529 ], [ -1958260.137899999506772, 567956.992299999110401 ], [ -1958264.792299999389797, 567967.25690000411123 ], [ -1958269.17089999653399, 567977.403200001455843 ], [ -1958272.795699996408075, 567986.647700014989823 ], [ -1958276.553399995900691, 567996.531500007025898 ], [ -1958280.176099998643622, 568006.726500006392598 ], [ -1958283.673699997598305, 568017.26130000082776 ], [ -1958287.052599997026846, 568028.153400003444403 ], [ -1958290.055399995064363, 568039.112800004892051 ], [ -1958292.911899998318404, 568050.599699999671429 ], [ -1958296.044799998868257, 568062.930800002999604 ], [ -1958301.005700000794604, 568084.116899996064603 ], [ -1958305.813599996734411, 568107.559099993668497 ], [ -1958310.048499999567866, 568130.174000000581145 ], [ -1958319.694599998416379, 568185.079700011294335 ], [ -1958319.884799998719245, 568213.436100001446903 ], [ -1958323.793299995362759, 568240.309300004970282 ], [ -1958329.67780000064522, 568264.193700006697327 ], [ -1958333.095999998506159, 568276.294400009326637 ], [ -1958336.618899999186397, 568287.910499997902662 ], [ -1958339.957800000905991, 568298.810100002214313 ], [ -1958343.738699997775257, 568309.614100006408989 ], [ -1958347.367499996908009, 568319.757299999706447 ], [ -1958351.457099998136982, 568329.893099995795637 ], [ -1958355.407099995296448, 568339.434700015000999 ], [ -1958359.534499998902902, 568348.661200012546033 ], [ -1958363.84239999903366, 568357.195200006477535 ], [ -1958368.381499990122393, 568365.688600001391023 ], [ -1958373.81270000198856, 568374.811000003945082 ], [ -1958379.627900001592934, 568384.124000011943281 ], [ -1958391.166900002863258, 568401.377799996174872 ], [ -1958413.280199999688193, 568432.547700013034046 ], [ -1958421.272500001359731, 568444.226100015453994 ], [ -1958429.656099996995181, 568456.771200011484325 ], [ -1958436.1872, 568467.594400013796985 ], [ -1958443.446399999316782, 568480.356400003656745 ], [ -1958449.254399998113513, 568492.262200007680804 ], [ -1958451.920299995690584, 568498.223299996927381 ], [ -1958454.333999999798834, 568504.113199999555945 ], [ -1958456.501999991945922, 568509.947199998889118 ], [ -1958458.428299999097362, 568515.737099996767938 ], [ -1958461.114700002130121, 568525.458499999716878 ], [ -1958463.850400001276284, 568535.555700003635138 ], [ -1957821.221599998883903, 567933.238300006836653 ], [ -1957334.387299997732043, 567139.486699999775738 ], [ -1956953.386499996762723, 566038.817900004796684 ], [ -1956847.552999996347353, 565170.982800002675503 ], [ -1956771.484929795842618, 564511.726411203388125 ] ] ] } },
{ "type": "Feature", "properties": { "ID": 2209, "YEAR": "2017-2018", "Perimtr_KM": 7.5968478785600002, "AREA_KM": 1.16715937727, "SCALE": 1, "THICKNES_M": 152.159622192, "VOLUME_KM": 0.17759452988, "MASS_GT": 0.1628541839, "RECURRANCE": "4-5", "UA_KM": 0.03798423939, "UH_M": 12.6292485797, "UC_KM": 0.01358850577, "REGION": "East", "ICESHELF": "Publications" }, "geometry": { "type": "Polygon", "coordinates": [ [ [ 2161165.603100004605949, 582515.398899995721877 ], [ 2161339.127600007690489, 582273.334000000264496 ], [ 2161631.397513343021274, 582344.400843208190054 ], [ 2161750.436300002969801, 582373.345700001344085 ], [ 2162020.985900008119643, 582346.450000006705523 ], [ 2162287.778802203014493, 582203.861275334376842 ], [ 2162508.045500006526709, 582086.138700005132705 ], [ 2162670.298600003123283, 582093.021900008432567 ], [ 2162723.987688675522804, 582192.73273314954713 ], [ 2162848.257300005294383, 582423.524999994318932 ], [ 2163070.1387, 582441.411500004585832 ], [ 2163318.723500004969537, 582306.817000015638769 ], [ 2163330.446314125321805, 582236.012003160081804 ], [ 2163351.236500001512468, 582110.44070000294596 ], [ 2163761.769900001585484, 582004.244300007354468 ], [ 2163853.188900001347065, 582053.673800002783537 ], [ 2163783.280500005930662, 581836.004600003361702 ], [ 2163713.768028140068054, 581823.839914008043706 ], [ 2163529.280000009573996, 581791.554500008933246 ], [ 2163484.829900002107024, 581588.354100005235523 ], [ 2163173.679300000891089, 581575.654100014828146 ], [ 2163098.871920126490295, 581611.431545902974904 ], [ 2162881.578700001351535, 581715.354400015901774 ], [ 2162799.028500004671514, 581709.004300012718886 ], [ 2162633.928199996240437, 581689.954300003591925 ], [ 2162538.678000003099442, 581823.304599999450147 ], [ 2162512.998932468704879, 581822.353517876006663 ], [ 2162195.777300004847348, 581810.60450000455603 ], [ 2162077.870536115951836, 581931.979158070404083 ], [ 2162016.351256457157433, 581995.307853446807712 ], [ 2161979.876899996772408, 582032.855000001844019 ], [ 2161744.926400003023446, 582166.205299997702241 ], [ 2161684.325257895514369, 582132.117105382028967 ], [ 2161643.326200003735721, 582109.055100015364587 ], [ 2161027.375000006519258, 582147.155200004577637 ], [ 2160761.835699997842312, 582543.824999996926636 ], [ 2161165.603100004605949, 582515.398899995721877 ] ] ] } },
{ "type": "Feature", "properties": { "ID": 2211, "YEAR": "2017-2018", "Perimtr_KM": 6.3207704074000004, "AREA_KM": 1.1216653974599999, "SCALE": 1, "THICKNES_M": 168.17543335, "VOLUME_KM": 0.18863656429, "MASS_GT": 0.17297972946000001, "RECURRANCE": "1-2", "UA_KM": 0.03160385204, "UH_M": 13.9585608992, "UC_KM": 0.01443337835, "REGION": "Peninsula", "ICESHELF": "Mendelssohn" }, "geometry": { "type": "Polygon", "coordinates": [ [ [ -1969652.143336096778512, 602319.740257879719138 ], [ -1969532.663599998224527, 602315.757600005250424 ], [ -1969127.8502999949269, 602085.569600011687726 ], [ -1968445.223900001030415, 601593.443600004538894 ], [ -1968344.275219061877578, 601436.707500691059977 ], [ -1968143.598300000885502, 601125.130200004670769 ], [ -1967768.624942375579849, 600675.162239572498947 ], [ -1967707.034900000318885, 600601.254200004972517 ], [ -1967593.552453287411481, 600381.854695002082735 ], [ -1967587.972199997399002, 600371.066199997905642 ], [ -1967611.78470000019297, 600252.003500001505017 ], [ -1967770.421893330523744, 600247.196262774523348 ], [ -1967873.722799997776747, 600244.065900007262826 ], [ -1967953.319499999284744, 600113.816799992695451 ], [ -1968279.867400000104681, 600534.299300011247396 ], [ -1968663.340991506818682, 601044.115385551005602 ], [ -1968761.759200000669807, 601174.959299999289215 ], [ -1969325.727499996777624, 601889.95660001039505 ], [ -1969333.26149999955669, 601921.900599999818951 ], [ -1969342.700399994850159, 601944.161100006662309 ], [ -1969352.483499996829778, 601965.860900005325675 ], [ -1969368.793299997225404, 601984.335299993399531 ], [ -1969388.469600001350045, 602000.854300010483712 ], [ -1969408.349699997343123, 602016.688600006513298 ], [ -1969428.39359999448061, 602031.805900001432747 ], [ -1969448.55900000128895, 602046.174899994861335 ], [ -1969468.80650000134483, 602059.767200001515448 ], [ -1969487.004499998874962, 602071.319800007622689 ], [ -1969505.474300000350922, 602082.468000004533678 ], [ -1969524.215799994301051, 602093.212200011592358 ], [ -1969537.481199997942895, 602109.981700002681464 ], [ -1969549.581399997230619, 602127.954200014006346 ], [ -1969561.953400000464171, 602145.522700014524162 ], [ -1969574.59710000269115, 602162.686900004278868 ], [ -1969587.512699999846518, 602179.446700004860759 ], [ -1969600.700199998682365, 602195.802499995101243 ], [ -1969614.159299998544157, 602211.753900009673089 ], [ -1969615.353292987216264, 602213.105802814941853 ], [ -1969627.890500003006309, 602227.301100004930049 ], [ -1969649.078499997733161, 602234.406900006346405 ], [ -1969670.538199998205528, 602241.108500001486391 ], [ -1969690.246100003365427, 602246.819299999158829 ], [ -1969665.697000002488494, 602300.890500004403293 ], [ -1969656.720895913429558, 602318.391108718700707 ], [ -1969655.963599995477125, 602319.867600007448345 ], [ -1969652.143336096778512, 602319.740257879719138 ] ] ] } },
{ "type": "Feature", "properties": { "ID": 2212, "YEAR": "2017-2018", "Perimtr_KM": 19.751876557, "AREA_KM": 5.8511097361199997, "SCALE": 1, "THICKNES_M": 152.16674871000001, "VOLUME_KM": 0.89034434489000003, "MASS_GT": 0.81644576427000004, "RECURRANCE": "3-4", "UA_KM": 0.09875938279, "UH_M": 12.629840080699999, "UC_KM": 0.06812399727, "REGION": "Peninsula", "ICESHELF": "Wilkins" }, "geometry": { "type": "Polygon", "coordinates": [ [ [ -2018800.783408963587135, 601935.580560381058604 ], [ -2018728.640800001332536, 601756.482000008225441 ], [ -2019085.700599997770041, 601342.128800011705607 ], [ -2019096.151999998837709, 601334.45660001039505 ], [ -2019131.196799997938797, 601309.661600002087653 ], [ -2019165.902800001669675, 601284.496399993076921 ], [ -2019200.261699997354299, 601258.709400005172938 ], [ -2019234.232099996414036, 601231.039599996991456 ], [ -2019267.855300002731383, 601202.74780000699684 ], [ -2019301.140000001061708, 601174.086000005714595 ], [ -2019334.085799999069422, 601145.054199999663979 ], [ -2019366.692699996754527, 601115.652600011788309 ], [ -2019379.285599999595433, 601103.919199994765222 ], [ -2019391.909499995410442, 601091.662600005045533 ], [ -2019404.59, 601078.857799993827939 ], [ -2019416.270899998489767, 601065.276700007729232 ], [ -2019427.51810000045225, 601050.995400014333427 ], [ -2019438.669400001410395, 601035.992500005755574 ], [ -2019450.055100002558902, 601020.251499996054918 ], [ -2019461.488799999700859, 601003.624300000723451 ], [ -2019483.093099995981902, 600974.462100005242974 ], [ -2019508.591699996031821, 600943.105100012384355 ], [ -2019533.165099998936057, 600912.088500002399087 ], [ -2019594.792899996507913, 600833.285099999047816 ], [ -2019612.546200000215322, 600810.931899993214756 ], [ -2019628.6475999946706, 600791.137500004377216 ], [ -2019646.781699998071417, 600769.084299998823553 ], [ -2019664.097600000211969, 600748.058099998626858 ], [ -2019680.821599998045713, 600728.459500003606081 ], [ -2019697.122199998004362, 600710.09249999653548 ], [ -2019716.383299998007715, 600689.39110000198707 ], [ -2019735.380500001367182, 600670.0898999995552 ], [ -2019744.82109999563545, 600660.922500013839453 ], [ -2019754.237599997548386, 600652.063299995381385 ], [ -2019763.640500001143664, 600643.502100004814565 ], [ -2019773.039299994008616, 600635.230500004719943 ], [ -2019782.455200001597404, 600627.230300002731383 ], [ -2019791.24949999852106, 600619.377900005318224 ], [ -2019799.429499997757375, 600611.667400005273521 ], [ -2019807.634499998297542, 600604.222600012551993 ], [ -2019816.187800002284348, 600597.103399994783103 ], [ -2019824.460700002964586, 600590.17720000166446 ], [ -2019833.091499999631196, 600583.569399996194988 ], [ -2019841.767900001024827, 600577.213000000454485 ], [ -2019860.884900001809001, 600563.849200000055134 ], [ -2019881.181099996902049, 600550.882800003513694 ], [ -2019903.319400001550093, 600538.426000001840293 ], [ -2019927.338499999605119, 600526.457799999509007 ], [ -2019951.910799997858703, 600516.667100004851818 ], [ -2019977.449899998959154, 600507.437100011855364 ], [ -2020004.093899997184053, 600498.420900001656264 ], [ -2020031.943999999202788, 600489.576300001703203 ], [ -2020059.894099999219179, 600481.588300006929785 ], [ -2020089.512600000947714, 600472.387700005434453 ], [ -2020121.010499997995794, 600461.900299999397248 ], [ -2020154.498000002000481, 600451.263699996750802 ], [ -2020189.025999998440966, 600440.749900004360825 ], [ -2020226.96889999974519, 600429.610299999825656 ], [ -2020268.798899996560067, 600417.684900012798607 ], [ -2020328.267699999734759, 600401.053699997719377 ], [ -2020345.141999998362735, 600396.513300006277859 ], [ -2020362.443799999076873, 600392.182099997065961 ], [ -2020380.170999997062609, 600388.372899999376386 ], [ -2020398.253699999768287, 600386.041200003586709 ], [ -2020416.921499997377396, 600383.56829999666661 ], [ -2020436.158799998695031, 600381.899599994067103 ], [ -2020456.178499998524785, 600380.050800013821572 ], [ -2020477.084900001063943, 600378.31920001655817 ], [ -2020512.628899998962879, 600376.382800006773323 ], [ -2020552.734899998176843, 600372.190999999176711 ], [ -2020591.186700002057478, 600367.665000009350479 ], [ -2020682.596599999815226, 600357.349600004963577 ], [ -2020728.261999998474494, 600351.811800002120435 ], [ -2020771.153000000398606, 600345.985800007823855 ], [ -2020790.913199994247407, 600343.018800012301654 ], [ -2020809.8338, 600339.973800014238805 ], [ -2020827.800999998115003, 600336.873800001572818 ], [ -2020844.964799995999783, 600335.455300006084144 ], [ -2020861.654500001110137, 600333.551100005861372 ], [ -2020877.837999995332211, 600331.868799997959286 ], [ -2020893.657600001897663, 600329.677600001450628 ], [ -2020909.093500000890344, 600327.331300007645041 ], [ -2020924.176499996101484, 600324.822600004728884 ], [ -2020938.931200003717095, 600322.144900005776435 ], [ -2020958.365099995862693, 600318.242800006642938 ], [ -2020978.116200000513345, 600313.684399998746812 ], [ -2021018.881399996578693, 600300.774899998214096 ], [ -2021061.069400001084432, 600286.575500001665205 ], [ -2021105.045899998862296, 600270.963200002908707 ], [ -2021150.565299996640533, 600254.043700005393475 ], [ -2021199.163199994713068, 600235.263000010978431 ], [ -2021251.957400003448129, 600214.1960000093095 ], [ -2021313.176899997517467, 600192.10620000353083 ], [ -2021330.638999996241182, 600185.965799999888986 ], [ -2021348.140299995895475, 600179.877599993720651 ], [ -2021364.330599999753758, 600173.512599998619407 ], [ -2021375.784200001042336, 600166.51060000481084 ], [ -2021397.529399994760752, 600152.302399999927729 ], [ -2021428.2792, 600134.364799995906651 ], [ -2021465.095300000393763, 600115.07979999948293 ], [ -2021502.562399996444583, 600094.594800002407283 ], [ -2021540.818099998869002, 600072.834199999924749 ], [ -2021580.058099997229874, 600049.686999996658415 ], [ -2021617.491500001400709, 600026.886800003703684 ], [ -2021656.263300000689924, 600002.600200008135289 ], [ -2021696.73409999650903, 599976.601800001226366 ], [ -2021739.320000001695007, 599950.00180000718683 ], [ -2021778.851499998476356, 599928.357499999459833 ], [ -2021795.216083589475602, 599919.048116889316589 ], [ -2021801.319399998057634, 599915.57609999505803 ], [ -2022280.428470445796847, 599907.213659746572375 ], [ -2022481.621899998746812, 599903.702000010292977 ], [ -2022610.804808190325275, 599888.607813858427107 ], [ -2023195.26949999621138, 599820.316899996716529 ], [ -2023396.946299996692687, 599767.496700014453381 ], [ -2024091.505299999378622, 599270.428800007794052 ], [ -2024630.510699995793402, 598762.493800006341189 ], [ -2024836.989300002343953, 598532.006000008434057 ], [ -2024856.529801032971591, 598470.698889019433409 ], [ -2024966.55970000103116, 598125.48689999897033 ], [ -2024971.281085550552234, 598128.995246272999793 ], [ -2025268.480000001844019, 598349.836500002536923 ], [ -2025273.525299996836111, 598351.657099999953061 ], [ -2025194.160400001332164, 598530.962900008540601 ], [ -2025172.993700002552941, 598959.588800012599677 ], [ -2025077.743500002427027, 599118.33910000231117 ], [ -2024834.326299999374896, 599435.839800006709993 ], [ -2024262.825199996354058, 599917.38240000186488 ], [ -2023553.740399997681379, 600129.049500001128763 ], [ -2022765.280499996384606, 600308.966500009875745 ], [ -2022606.5302, 600388.341700010467321 ], [ -2022256.806206694338471, 600563.203696659766138 ], [ -2022246.696199995931238, 600568.258700012229383 ], [ -2022119.709178017219529, 600557.527430541347712 ], [ -2022094.251699998509139, 600555.376100014429539 ], [ -2021778.268899999558926, 600651.302499993704259 ], [ -2021759.861900001531467, 600674.092199999373406 ], [ -2021214.819099998567253, 601039.217999993357807 ], [ -2020532.19269999768585, 601240.301699994131923 ], [ -2020182.942000000970438, 601388.468699997290969 ], [ -2019881.316400000825524, 602071.09499999973923 ], [ -2019414.631228961516172, 603135.556870411150157 ], [ -2019410.357199997175485, 603145.305500001646578 ], [ -2019159.976665236521512, 603204.717837074771523 ], [ -2019098.148199998773634, 603219.388999996241182 ], [ -2018496.374400002881885, 603863.325300005730242 ], [ -2018496.374400002881885, 603848.548300016205758 ], [ -2018891.29009999986738, 603166.661900004372001 ], [ -2018874.143299998249859, 602117.70110000250861 ], [ -2018800.783408963587135, 601935.580560381058604 ] ] ] } },
{ "type": "Feature", "properties": { "ID": 2213, "YEAR": "2017-2018", "Perimtr_KM": 105.978644813, "AREA_KM": 34.688707614499997, "SCALE": 2, "THICKNES_M": 131.556652668, "VOLUME_KM": 4.5635302591400002, "MASS_GT": 4.1847572476300003, "RECURRANCE": "2-3", "UA_KM": 0.52989322405999995, "UH_M": 10.919202117599999, "UC_KM": 0.34917492842999998, "REGION": "Peninsula", "ICESHELF": "Wilkins" }, "geometry": { "type": "Polygon", "coordinates": [ [ [ -1984912.661870993673801, 617239.231657220516354 ], [ -1984490.578999998047948, 617046.541599994525313 ], [ -1984295.562404819764197, 616880.277478953357786 ], [ -1983837.564515869831666, 616489.804984150920063 ], [ -1983819.083525663707405, 616474.048757918179035 ], [ -1983707.565715813077986, 616378.972692113835365 ], [ -1983668.124848762294278, 616345.34683023719117 ], [ -1983665.077300000470132, 616342.748599993065 ], [ -1983396.973789446987212, 616271.999028286430985 ], [ -1983284.076599997933954, 616242.206700007431209 ], [ -1982770.783899998757988, 615723.622300002258271 ], [ -1982755.70990583114326, 615701.986687284428626 ], [ -1982651.26009442191571, 615552.070504327770323 ], [ -1982320.991300002671778, 615078.037700011394918 ], [ -1982415.727699999231845, 614620.145300007425249 ], [ -1982424.407322226557881, 614614.470080880913883 ], [ -1982479.203800000948831, 614578.641100001521409 ], [ -1982503.458500001579523, 614875.08920000679791 ], [ -1982827.507599999196827, 615322.369300003163517 ], [ -1983682.11400000192225, 615897.435199999716133 ], [ -1983749.997499998193234, 616299.323899996932596 ], [ -1984066.545599998906255, 616522.642200001515448 ], [ -1984165.978993667755276, 616543.575597664806992 ], [ -1984190.102021289989352, 616548.654142320621759 ], [ -1984228.740599997574463, 616556.788600008003414 ], [ -1984802.782200000714511, 616656.449700012337416 ], [ -1985162.690999998478219, 616620.545900003518909 ], [ -1985544.432579536689445, 616448.119379725307226 ], [ -1985598.777399998158216, 616423.572700007818639 ], [ -1986278.975178656401113, 615727.915769497398287 ], [ -1986334.086900000693277, 615671.551500005181879 ], [ -1986818.173141196370125, 615656.269796960521489 ], [ -1986888.959599999245256, 615654.035200002137572 ], [ -1987063.756214541848749, 615044.979840761050582 ], [ -1987067.780000003054738, 615030.959499994758517 ], [ -1987485.832499999785796, 614809.064700004644692 ], [ -1987878.756799999624491, 614655.435000000521541 ], [ -1988364.570100000593811, 614347.967900006100535 ], [ -1988730.900199995143339, 614245.162900004070252 ], [ -1989873.987599998246878, 614355.288700013421476 ], [ -1991998.726900001056492, 614345.439099995885044 ], [ -1992263.176099999807775, 614456.13300000410527 ], [ -1992459.517499998211861, 614396.376999995205551 ], [ -1992621.739599995315075, 614285.234099993482232 ], [ -1992967.097882867790759, 614269.283601429313421 ], [ -1992997.282799998298287, 614267.889499998651445 ], [ -1993910.226599996443838, 613234.185199996922165 ], [ -1994395.212164090713486, 612724.575337153859437 ], [ -1994430.490599996875972, 612687.505700004287064 ], [ -1994732.664258830947801, 612525.249161466024816 ], [ -1994780.6776, 612499.467699996195734 ], [ -1994849.271827324060723, 612425.962097743991762 ], [ -1994900.30680000083521, 612371.273000005632639 ], [ -1995212.215962709859014, 612293.003306397236884 ], [ -1995241.680700000375509, 612285.609500005375594 ], [ -1996410.7901999973692, 611055.382000001613051 ], [ -1996542.267178029054776, 610945.390574103686959 ], [ -1996615.447199999820441, 610884.169399994425476 ], [ -1996982.257000184385106, 610752.059267558157444 ], [ -1997042.366899992804974, 610730.410100004635751 ], [ -1997536.45719999819994, 609748.220599996391684 ], [ -1997527.176399999065325, 609449.157799998763949 ], [ -1997953.474099996732548, 608766.065400015097111 ], [ -1998131.776099996874109, 607988.783400010317564 ], [ -1998241.7555, 606997.883400003425777 ], [ -1998240.089799996698275, 605785.112999999895692 ], [ -1998188.105900002643466, 605007.760499993804842 ], [ -1998094.20350000099279, 604819.955499994568527 ], [ -1998050.318700002040714, 603964.927299994509667 ], [ -1997921.76789999846369, 603460.815900000277907 ], [ -1997775.143399997148663, 602581.584000001661479 ], [ -1997612.011000000871718, 602128.692399999126792 ], [ -1997626.280197869986296, 601985.847136913333088 ], [ -1997632.240606540348381, 601926.17902155360207 ], [ -1997636.810099999653175, 601880.435000000521541 ], [ -1998158.446800001896918, 601683.688900012522936 ], [ -1998409.893402778310701, 601765.166303914505988 ], [ -1998500.013699998613447, 601794.368400005158037 ], [ -1998705.49120000237599, 602025.268699994776398 ], [ -1998995.458599991630763, 601742.646100000943989 ], [ -1999175.730575852561742, 601652.530299898702651 ], [ -1999337.914099999237806, 601571.456700011622161 ], [ -1999448.9176, 601494.568700002040714 ], [ -1999893.917299997061491, 601707.937099997885525 ], [ -2000440.951199996517971, 601982.186399994883686 ], [ -2000504.028164410963655, 602033.558771314565092 ], [ -2000765.92229999625124, 602246.855699995998293 ], [ -2001321.355899998918176, 602495.025100001133978 ], [ -2001479.356778928777203, 602542.870252042543143 ], [ -2001517.915700001176447, 602554.546500007621944 ], [ -2001608.814012337476015, 602353.324874941259623 ], [ -2001626.419891165569425, 602314.350734960287809 ], [ -2001629.822399997385219, 602306.818600000813603 ], [ -2001661.241099996026605, 602217.490699994843453 ], [ -2001961.328977392986417, 602405.305853410623968 ], [ -2002017.16475693276152, 602440.251635262276977 ], [ -2002090.347799997543916, 602486.054500009398907 ], [ -2002095.989992084214464, 602281.866554600652307 ], [ -2002098.820552840363234, 602179.430059014819562 ], [ -2002100.264899996342137, 602127.159900009166449 ], [ -2002373.435699995607138, 602058.867100003175437 ], [ -2002458.503999998560175, 602204.556500000413507 ], [ -2002460.820349004585296, 602348.352717668283731 ], [ -2002466.626100002322346, 602708.766900013200939 ], [ -2002815.659800000488758, 603529.031100009102374 ], [ -2003007.468643675092608, 603626.73613343667239 ], [ -2003018.664877647068352, 603632.439355420414358 ], [ -2003455.68959999922663, 603855.054300013463944 ], [ -2004216.507304001133889, 604319.732503281906247 ], [ -2004240.063299990491942, 604334.119599997065961 ], [ -2004453.805123920319602, 604422.123741576913744 ], [ -2004579.293666479177773, 604473.791268609464169 ], [ -2004717.119399997638538, 604530.538399997167289 ], [ -2004811.477200003806502, 604881.357199997641146 ], [ -2005152.301699999719858, 604932.767100005876273 ], [ -2006159.349399998085573, 605462.52189999865368 ], [ -2006355.912972908699885, 605730.503905066289008 ], [ -2006441.64229999948293, 605847.381700003985316 ], [ -2007569.41920000128448, 606412.713800001423806 ], [ -2008047.856300001963973, 606550.40090000629425 ], [ -2009114.613399997819215, 606816.652600008994341 ], [ -2010155.130100000649691, 607033.84010001597926 ], [ -2011307.087099998258054, 607097.085499995853752 ], [ -2011603.512363923480734, 607047.833826324436814 ], [ -2011656.589799999259412, 607039.014900005422533 ], [ -2011775.825099998619407, 606782.891299994662404 ], [ -2011780.364368149545044, 606764.734279450960457 ], [ -2011793.265399998286739, 606713.130300004966557 ], [ -2012198.679899997543544, 606719.606199997477233 ], [ -2013519.09510000096634, 606713.760700004175305 ], [ -2014647.099299992900342, 606559.350100004579872 ], [ -2015380.159682050812989, 606237.493270069826394 ], [ -2015421.725999999092892, 606219.243200010620058 ], [ -2016430.843263504095376, 605626.622693958226591 ], [ -2016481.922299999278039, 605596.625699997413903 ], [ -2016725.049591154558584, 605556.160814029164612 ], [ -2016754.992899998323992, 605551.177200006321073 ], [ -2017472.557699996512383, 605098.925900002475828 ], [ -2018247.138399999588728, 604395.263799993786961 ], [ -2018442.156899996101856, 604181.224399993661791 ], [ -2018251.479800002416596, 604584.641700006555766 ], [ -2017602.061384718865156, 605123.183822385966778 ], [ -2017600.603499998804182, 605124.392800010740757 ], [ -2017329.225633526686579, 605232.610962335485965 ], [ -2017253.207099997904152, 605262.925099996849895 ], [ -2016976.185599999735132, 605484.226900005713105 ], [ -2016653.393300001043826, 605722.352299998048693 ], [ -2016272.392599998274818, 606087.478100012522191 ], [ -2016002.516999997198582, 606500.228900005575269 ], [ -2015735.761405099648982, 606627.10046567954123 ], [ -2015568.599499998614192, 606706.60429999884218 ], [ -2014663.722699991660193, 607103.480100012850016 ], [ -2013356.678399998694658, 607320.438900004141033 ], [ -2011081.257199995685369, 607532.105899998452514 ], [ -2009652.504299998050556, 607505.647600005380809 ], [ -2008700.002400001045316, 607436.855800009798259 ], [ -2007620.500200000125915, 607182.855199994985014 ], [ -2006308.16429999936372, 606701.312600006349385 ], [ -2005789.579900000942871, 606410.270400004927069 ], [ -2005665.154283298179507, 606324.880275866948068 ], [ -2005367.36487243976444, 606120.51500580413267 ], [ -2005249.82879999699071, 606039.853000002447516 ], [ -2005204.970579002518207, 606028.95287094078958 ], [ -2005159.091794373001903, 606017.804754445329309 ], [ -2004916.665589159354568, 605958.897449039854109 ], [ -2004835.098388382699341, 605939.077380485832691 ], [ -2004683.6194, 605902.269399997778237 ], [ -2004524.869099996518344, 605627.102100004442036 ], [ -2004379.530001138336957, 605001.703792970627546 ], [ -2004350.243700002785772, 604875.683999999426305 ], [ -2004155.306754779303446, 604861.883126915898174 ], [ -2003752.284200001740828, 604833.35050000436604 ], [ -2003408.325199997285381, 604515.849899997469038 ], [ -2003127.866300002671778, 604489.391500006429851 ], [ -2003074.949500000104308, 604034.307300015818328 ], [ -2002846.603561003226787, 603745.069142557680607 ], [ -2002836.824000003281981, 603732.681699995417148 ], [ -2002825.288800617447123, 603732.681699995417148 ], [ -2002525.351937594357878, 603732.681699995417148 ], [ -2002445.239900002023205, 603732.681699995417148 ], [ -2002423.956243709195405, 603680.032657712697983 ], [ -2002344.697999995900318, 603483.972800007089972 ], [ -2002127.739300002343953, 602759.013099993113428 ], [ -2001855.246258908882737, 602729.817390750162303 ], [ -2001831.405299996724352, 602727.262999996077269 ], [ -2001704.405099997296929, 602907.179999997839332 ], [ -2001589.76307054515928, 603132.054814177565277 ], [ -2001566.82149999961257, 603177.055600005667657 ], [ -2001423.946199995931238, 603245.847400001250207 ], [ -2000952.986900001298636, 602896.596700004301965 ], [ -2000783.653199999593198, 602880.721600013785064 ], [ -2000677.819699998944998, 602938.930100015364587 ], [ -2000466.152600000146776, 602907.179999997839332 ], [ -2000344.443999995011836, 602737.846400014590472 ], [ -1999820.568000002298504, 602346.262200015597045 ], [ -1999428.983900001272559, 602182.220199999865144 ], [ -1999259.054803040344268, 602255.598696908913553 ], [ -1999196.150099996477365, 602282.762099999003112 ], [ -1999125.831568933092058, 602605.400093623902649 ], [ -1999106.191599995596334, 602695.51289999904111 ], [ -1998841.60770000051707, 602600.262700005434453 ], [ -1998666.982299999799579, 602584.387700005900115 ], [ -1998579.247440747916698, 602622.991080521140248 ], [ -1998534.690400001360103, 602642.596200007945299 ], [ -1998526.432614049408585, 602657.735480746254325 ], [ -1998471.190299998503178, 602759.013099993113428 ], [ -1998344.190000001108274, 602531.470900009851903 ], [ -1998153.689599994104356, 602462.679100001230836 ], [ -1998044.387083064299077, 602498.041714748367667 ], [ -1997973.772599998861551, 602520.887600002810359 ], [ -1997942.845199998468161, 603468.040300003252923 ], [ -1998021.397700002416968, 603584.51470001321286 ], [ -1998196.02309999614954, 603933.765399996191263 ], [ -1998229.20789999444969, 604891.976300007663667 ], [ -1998354.773399999365211, 605066.184300008695573 ], [ -1998688.148999998811632, 606002.811199999414384 ], [ -1998952.732900000410154, 607500.355899999383837 ], [ -1998958.024599999655038, 607976.606799995526671 ], [ -1998820.440999994985759, 608590.441399993840605 ], [ -1998677.565699998289347, 608923.817100004758686 ], [ -1998280.689899998018518, 610093.277700001839548 ], [ -1997508.104999996256083, 611188.65490000275895 ], [ -1996936.6039, 612067.073299997951835 ], [ -1996481.519599997904152, 612638.574500005692244 ], [ -1995340.156846509780735, 613566.552051607053727 ], [ -1995264.433899997267872, 613628.118099994491786 ], [ -1994650.599299998721108, 613744.53500000666827 ], [ -1994299.895986533723772, 613926.900780261959881 ], [ -1994183.366506959777325, 613987.496128658764064 ], [ -1994125.437302596168593, 614017.619324389379472 ], [ -1993989.139700001571327, 614088.494099995587021 ], [ -1992914.929199999663979, 614723.495300001930445 ], [ -1992725.202452389057726, 614858.624424448702484 ], [ -1992341.066782292444259, 615132.217459803912789 ], [ -1992179.385999996215105, 615247.371400012634695 ], [ -1992010.521525346441194, 615423.911493042483926 ], [ -1991946.552199998404831, 615490.788500004447997 ], [ -1991449.134599996730685, 615326.746499995235354 ], [ -1991371.606305682100356, 615368.492517636623234 ], [ -1991311.550999999046326, 615400.830000003334135 ], [ -1990934.793656212510541, 615839.585384283680469 ], [ -1990893.5085, 615887.664299997966737 ], [ -1990353.757399996276945, 616035.831300000660121 ], [ -1989713.464399999706075, 616162.831500006839633 ], [ -1988972.629600001964718, 616046.414600001182407 ], [ -1988194.753099998924881, 616517.373900002799928 ], [ -1987676.168700000504032, 616527.957300000824034 ], [ -1986644.291599996155128, 616713.166000015567988 ], [ -1985876.998400000389665, 616924.833100001327693 ], [ -1985205.799748010933399, 617181.467872124165297 ], [ -1985091.48716769227758, 617225.175622300244868 ], [ -1984977.413299999199808, 617268.792100005783141 ], [ -1984912.661870993673801, 617239.231657220516354 ] ] ] } },
{ "type": "Feature", "properties": { "ID": 2216, "YEAR": "2017-2018", "Perimtr_KM": 8.1238144501500003, "AREA_KM": 1.09573419833, "SCALE": 1, "THICKNES_M": 173.249207, "VOLUME_KM": 0.18983508094000001, "MASS_GT": 0.17407876923000001, "RECURRANCE": "3-4", "UA_KM": 0.04061907225, "UH_M": 14.379684110099999, "UC_KM": 0.01452508191, "REGION": "Peninsula", "ICESHELF": "Stange" }, "geometry": { "type": "Polygon", "coordinates": [ [ [ -1781381.559725598897785, 367160.151389309205115 ], [ -1781118.510000001639128, 367107.541399996262044 ], [ -1781073.850709038320929, 366899.13131298776716 ], [ -1781036.182709262706339, 366723.347261323593557 ], [ -1781023.767887673806399, 366665.411409859079868 ], [ -1781004.396437481511384, 366575.011281861923635 ], [ -1780999.447299998719245, 366551.915299999527633 ], [ -1780862.475802132626995, 366429.361871263943613 ], [ -1780697.821699998574331, 366282.039799996651709 ], [ -1780713.69669999810867, 365242.225199996028095 ], [ -1780541.617765296017751, 365020.333927075844258 ], [ -1780412.071099998196587, 364853.286900005768985 ], [ -1780357.733773865038529, 364480.688078287988901 ], [ -1780357.162253209156916, 364476.769079358316958 ], [ -1780356.50849999836646, 364472.286200016271323 ], [ -1780388.258600002154708, 364162.723100006580353 ], [ -1780407.333895863266662, 364112.229631537105888 ], [ -1780523.19629999785684, 363805.534800001885742 ], [ -1780736.443447298370302, 364068.560138952452689 ], [ -1780761.96210000035353, 364100.035599997732788 ], [ -1780737.582311118254438, 364273.31797890830785 ], [ -1780721.49259999813512, 364387.677599997259676 ], [ -1780747.152831404469907, 364581.551828013267368 ], [ -1780748.098257637582719, 364588.694935102015734 ], [ -1780766.020777653204277, 364724.107382424175739 ], [ -1780796.943999998038635, 364957.745800002943724 ], [ -1780816.930221722694114, 365100.246176749933511 ], [ -1780833.944951068609953, 365221.560018641874194 ], [ -1780869.083199996734038, 365472.093300005421042 ], [ -1780868.864754259353504, 365506.087048209737986 ], [ -1780865.64619999891147, 366006.947000003419816 ], [ -1780914.948179659433663, 366058.01884877635166 ], [ -1781069.92469999496825, 366218.558800007682294 ], [ -1781156.038032427430153, 366276.228223561309278 ], [ -1781246.73230679705739, 366336.965468016918749 ], [ -1781401.09940000041388, 366440.343900003004819 ], [ -1781631.740899997064844, 366888.216900003142655 ], [ -1781723.452668929239735, 366954.675184203777462 ], [ -1781836.675805550767109, 367036.721528726629913 ], [ -1781857.405699998140335, 367051.74330000532791 ], [ -1781839.927454420831054, 367057.569377794396132 ], [ -1781758.18013295950368, 367084.818465925753117 ], [ -1781630.732088112737983, 367127.301117877475917 ], [ -1781570.948399994987994, 367147.22900000307709 ], [ -1781475.69819999486208, 367178.979100007098168 ], [ -1781381.559725598897785, 367160.151389309205115 ] ] ] } },
{ "type": "Feature", "properties": { "ID": 2218, "YEAR": "2017-2018", "Perimtr_KM": 13.8487535743, "AREA_KM": 3.1159774091700001, "SCALE": 1, "THICKNES_M": 111.827419281, "VOLUME_KM": 0.3484517122, "MASS_GT": 0.31953022008999998, "RECURRANCE": "2-3", "UA_KM": 0.06924376787, "UH_M": 9.2816757545499993, "UC_KM": 0.02666150869, "REGION": "Peninsula", "ICESHELF": "Stange" }, "geometry": { "type": "Polygon", "coordinates": [ [ [ -1852349.552126012276858, 424935.168163567781448 ], [ -1852318.392928175861016, 424315.431367643643171 ], [ -1852215.107799999183044, 422261.155299997888505 ], [ -1852615.209602602757514, 421790.603167097549886 ], [ -1854148.61782364686951, 419987.190874710679054 ], [ -1854222.751458858605474, 419900.003713986836374 ], [ -1854599.100799996173009, 419457.386400000657886 ], [ -1854611.944901264505461, 419595.406877983827144 ], [ -1854614.008731787325814, 419617.5844417498447 ], [ -1854624.486232290510088, 419730.173839584458619 ], [ -1854639.134799998253584, 419887.58480000635609 ], [ -1854375.083299997029826, 420123.239400002639741 ], [ -1854231.498899999540299, 420555.253499997779727 ], [ -1854158.035700001288205, 420637.99450000282377 ], [ -1853829.675488845678046, 420810.195662631653249 ], [ -1853714.535599999595433, 420870.578200011514127 ], [ -1853419.226299999514595, 421334.618300004862249 ], [ -1853353.966500000795349, 421573.777000002097338 ], [ -1853241.885752588976175, 421706.252211769111454 ], [ -1853016.108499996829778, 421973.112399998120964 ], [ -1852901.333399997791275, 423429.939100007992238 ], [ -1852902.871354399016127, 423445.414416485931724 ], [ -1852953.603487168205902, 423955.894967206288129 ], [ -1853016.285999994026497, 424586.623499995563179 ], [ -1852928.420243130065501, 424713.483743100427091 ], [ -1852503.24954730598256, 425327.343564694281667 ], [ -1852378.337499994318932, 425507.691100002732128 ], [ -1852349.552126012276858, 424935.168163567781448 ] ] ] } },
{ "type": "Feature", "properties": { "ID": 2220, "YEAR": "2017-2018", "Perimtr_KM": 6.9087125872000001, "AREA_KM": 1.0875301925500001, "SCALE": 1, "THICKNES_M": 181.371299744, "VOLUME_KM": 0.19724676453000001, "MASS_GT": 0.18087528308, "RECURRANCE": "3-4", "UA_KM": 0.03454356294, "UH_M": 15.0538178045, "UC_KM": 0.01509218105, "REGION": "Peninsula", "ICESHELF": "Stange" }, "geometry": { "type": "Polygon", "coordinates": [ [ [ -1844750.956599999219179, 442187.865600002463907 ], [ -1843777.721110549522564, 441925.653395640198141 ], [ -1843507.489000000292435, 441852.846599995158613 ], [ -1843503.46909387386404, 441886.182462754193693 ], [ -1843483.617199996486306, 442050.808199997060001 ], [ -1843431.605503821047023, 441949.788302344270051 ], [ -1843127.498799996683374, 441359.135999998543411 ], [ -1843255.134781346423551, 441239.477276906371117 ], [ -1843635.499799996614456, 440882.885100002400577 ], [ -1845546.748500001383945, 442927.054000006988645 ], [ -1844898.546100000152364, 442567.87639999575913 ], [ -1844750.956599999219179, 442187.865600002463907 ] ] ] } },
{ "type": "Feature", "properties": { "ID": 2223, "YEAR": "2017-2018", "Perimtr_KM": 29.3265182996, "AREA_KM": 6.2212623254799997, "SCALE": 1, "THICKNES_M": 111.35604354900001, "VOLUME_KM": 0.69277515845000004, "MASS_GT": 0.6352748203, "RECURRANCE": "2-3", "UA_KM": 0.1466325915, "UH_M": 9.2425515689900006, "UC_KM": 0.05300714636, "REGION": "Peninsula", "ICESHELF": "Stange" }, "geometry": { "type": "Polygon", "coordinates": [ [ [ -1833035.018199998186901, 452926.797200012020767 ], [ -1833039.575962134869769, 452886.775944672059268 ], [ -1833086.512375668622553, 452474.631972381845117 ], [ -1833110.3538, 452265.2828000029549 ], [ -1833263.157852911390364, 452094.762342843227088 ], [ -1833658.50688661984168, 451653.575759885367006 ], [ -1834205.731000000378117, 451042.905399996321648 ], [ -1834243.259956781286746, 450915.306824017316103 ], [ -1834285.106099996250123, 450773.029800015501678 ], [ -1835237.608, 450233.27880000974983 ], [ -1835725.81185382977128, 450233.27880000974983 ], [ -1836313.086101736640558, 450233.27880000974983 ], [ -1836652.197093586670235, 450233.27880000974983 ], [ -1836972.322543927235529, 450233.27880000974983 ], [ -1837286.362300040200353, 450233.27880000974983 ], [ -1837476.053966007195413, 450233.27880000974983 ], [ -1837698.238000001991168, 450233.27880000974983 ], [ -1837705.156656259903684, 450231.320689359679818 ], [ -1838539.614600001368672, 449995.153300005942583 ], [ -1838567.612035691039637, 449763.17469468805939 ], [ -1838650.739899998996407, 449074.401399994269013 ], [ -1838555.489699998870492, 448772.775800014846027 ], [ -1838479.336465596454218, 448192.107620060443878 ], [ -1838428.489399994723499, 447804.398899998050183 ], [ -1838527.305322071304545, 447656.175024665426463 ], [ -1838880.845723477657884, 447125.864450412336737 ], [ -1839063.490699998801574, 446851.897000014316291 ], [ -1839142.865800001425669, 446296.270899997558445 ], [ -1839492.11649999814108, 445804.144899996928871 ], [ -1839788.659661089302972, 445211.058655643370003 ], [ -1839873.11729999887757, 445042.143399993423373 ], [ -1840412.868399996077642, 444867.51800000667572 ], [ -1840365.243299999274313, 444629.392499995883554 ], [ -1840762.119099999545142, 444438.892200007103384 ], [ -1841187.7972, 444034.616800012998283 ], [ -1841235.895200000610203, 444231.526700015645474 ], [ -1841171.273795529501513, 444337.17620331607759 ], [ -1840730.140999999595806, 445058.38400001404807 ], [ -1840536.012699994957075, 445584.301500010769814 ], [ -1840285.289100000401959, 445708.626099994871765 ], [ -1840055.967800000449643, 445411.091599998995662 ], [ -1839794.227582898922265, 445710.544037024956197 ], [ -1839779.239100001286715, 445727.692100014071912 ], [ -1839760.83139566401951, 445777.471875339280814 ], [ -1839535.044608438620344, 446388.064882049337029 ], [ -1839065.371199998538941, 447658.198099995031953 ], [ -1839050.55559999588877, 447825.449200010858476 ], [ -1838830.9286, 448559.670800005551428 ], [ -1838825.793935297988355, 449692.663688963279128 ], [ -1838824.798399996710941, 449912.33420000039041 ], [ -1838936.229899995960295, 450067.696999997831881 ], [ -1838833.15539999678731, 450373.499900012742728 ], [ -1838128.221800000406802, 450713.352100003510714 ], [ -1837561.548399999272078, 450469.438900003675371 ], [ -1837350.938799995696172, 450496.664100002497435 ], [ -1837333.153743130154908, 450474.34778527636081 ], [ -1837308.94199999817647, 450443.967400002293289 ], [ -1836519.819600000511855, 450500.013800005428493 ], [ -1836154.572899997467175, 450686.466299994848669 ], [ -1836161.72229999746196, 450957.668399997986853 ], [ -1836032.790925799170509, 451032.585680440999568 ], [ -1835760.481799999019131, 451190.814500007778406 ], [ -1834925.908799999160692, 451309.703099997714162 ], [ -1833747.342999998247251, 452105.027500006835908 ], [ -1833564.483299996238202, 453077.984400007873774 ], [ -1833035.018199998186901, 452926.797200012020767 ] ] ] } },
{ "type": "Feature", "properties": { "ID": 2226, "YEAR": "2017-2018", "Perimtr_KM": 4.48600663704, "AREA_KM": 1.11990901525, "SCALE": 1, "THICKNES_M": 42.475475947100001, "VOLUME_KM": 0.04756866844, "MASS_GT": 0.04362046896, "RECURRANCE": "2-3", "UA_KM": 0.02243003319, "UH_M": 3.5254644862300002, "UC_KM": 0.00363967925, "REGION": "Peninsula", "ICESHELF": "George_VI" }, "geometry": { "type": "Polygon", "coordinates": [ [ [ -1768481.291307395556942, 526026.443759920541197 ], [ -1768471.184199739247561, 526014.862700127530843 ], [ -1768317.146600002422929, 525838.361300013493747 ], [ -1768303.451307672075927, 525660.322154657915235 ], [ -1768269.521599996834993, 525219.235100000165403 ], [ -1768809.272599996067584, 524679.483999996446073 ], [ -1769067.463169886497781, 524646.80165056232363 ], [ -1769361.428899998310953, 524609.590799999888986 ], [ -1769354.96599999605678, 524614.507699998095632 ], [ -1769289.249032253865153, 524907.462186513468623 ], [ -1769248.517000002088025, 525089.038299995008856 ], [ -1769105.410100001841784, 525388.74470000481233 ], [ -1769078.59229999827221, 525459.030900001060218 ], [ -1769174.029899995308369, 525778.039399995002896 ], [ -1769176.985097261378542, 525845.466223692987114 ], [ -1769179.835600000806153, 525910.504300008527935 ], [ -1769189.117199990199879, 525927.933200005441904 ], [ -1768785.942599996225908, 526116.122699995990843 ], [ -1768672.844000002136454, 526245.9312 ], [ -1768481.291307395556942, 526026.443759920541197 ] ] ] } },
{ "type": "Feature", "properties": { "ID": 2227, "YEAR": "2017-2018", "Perimtr_KM": 11.300679371099999, "AREA_KM": 1.30712566668, "SCALE": 1, "THICKNES_M": 201.51226806599999, "VOLUME_KM": 0.26340185774000002, "MASS_GT": 0.24153950355000001, "RECURRANCE": "1-2", "UA_KM": 0.05650339686, "UH_M": 16.725518167000001, "UC_KM": 0.02015398597, "REGION": "Peninsula", "ICESHELF": "George_VI" }, "geometry": { "type": "Polygon", "coordinates": [ [ [ -1773582.103650007862598, 533450.261928510386497 ], [ -1773795.417700002668425, 533226.54233588790521 ], [ -1773952.782900001620874, 533061.500800000503659 ], [ -1774007.998800209956244, 532771.617399998940527 ], [ -1774079.783199999015778, 532394.749400006141514 ], [ -1774090.870642181718722, 532370.462619041558355 ], [ -1774227.63385926396586, 532070.886013122275472 ], [ -1774413.15879999822937, 531664.498000006657094 ], [ -1774331.355843861820176, 531617.399324507918209 ], [ -1774106.690526713151485, 531488.046555746346712 ], [ -1773889.282799998531118, 531362.872399999760091 ], [ -1773872.285175061784685, 531360.188575882464647 ], [ -1773479.53787661367096, 531298.17610799241811 ], [ -1773331.502113106893376, 531274.802139369305223 ], [ -1773064.565186406951398, 531232.654382622800767 ], [ -1772984.894517122069374, 531220.074856704566628 ], [ -1772927.456290151458234, 531211.005701501388103 ], [ -1772785.28463566233404, 531188.557640895247459 ], [ -1772765.44590374478139, 531185.425222843885422 ], [ -1772623.501408711308613, 531163.013029368128628 ], [ -1772500.456699997419491, 531143.585000003222376 ], [ -1772617.60131861967966, 531138.569798529613763 ], [ -1772796.18660444766283, 531130.924196027219296 ], [ -1772911.157807067036629, 531126.00204294687137 ], [ -1773000.385991981253028, 531122.182001275010407 ], [ -1773115.834695522906259, 531117.239405398722738 ], [ -1773311.006499995244667, 531108.883700004313141 ], [ -1773341.582185157807544, 531142.819291660096496 ], [ -1773351.509993622777984, 531153.838048961013556 ], [ -1773355.531937387306243, 531158.301956816576421 ], [ -1773429.64710000064224, 531240.561500007752329 ], [ -1773565.999266449129209, 531262.438121384941041 ], [ -1773672.84019999508746, 531279.579900000244379 ], [ -1773711.029045982519165, 531209.668718347791582 ], [ -1773716.092981089605018, 531200.3983233445324 ], [ -1773755.927827391773462, 531127.473857998847961 ], [ -1773760.443200001958758, 531119.207699995022267 ], [ -1773795.022200000472367, 530945.474400001112372 ], [ -1774038.361772319534793, 531067.19160798471421 ], [ -1774275.063099995953962, 531185.588399993721396 ], [ -1774445.785569198196754, 531330.38395374128595 ], [ -1774508.276586091145873, 531383.384718304034323 ], [ -1774638.452199996216223, 531493.791100007016212 ], [ -1774651.826799998292699, 531869.628600012045354 ], [ -1774520.53929999563843, 532520.582600004039705 ], [ -1774428.025965004693717, 532586.853839275427163 ], [ -1774318.91300000064075, 532665.016100011765957 ], [ -1774245.31261992151849, 533149.783209212590009 ], [ -1774234.080999999539927, 533223.760000007692724 ], [ -1774040.198900003219023, 533408.321937993634492 ], [ -1773945.427800001343712, 533498.537269273307174 ], [ -1773763.889600002905354, 533671.34869441203773 ], [ -1773689.719192216638476, 533741.953635266516358 ], [ -1773494.044009348843247, 533928.22246031742543 ], [ -1773489.605399998370558, 533932.447700002696365 ], [ -1773057.011599998921156, 534423.361900008283556 ], [ -1773301.90659999800846, 533744.12710000295192 ], [ -1773582.103650007862598, 533450.261928510386497 ] ] ] } },
{ "type": "Feature", "properties": { "ID": 2229, "YEAR": "2017-2018", "Perimtr_KM": 8.7280709844400004, "AREA_KM": 1.2466882437, "SCALE": 1, "THICKNES_M": 142.545493, "VOLUME_KM": 0.17770979032000001, "MASS_GT": 0.16295987772000001, "RECURRANCE": "1-2", "UA_KM": 0.04364035492, "UH_M": 11.8312758607, "UC_KM": 0.01359732483, "REGION": "Peninsula", "ICESHELF": "George_VI" }, "geometry": { "type": "Polygon", "coordinates": [ [ [ -1765248.333216086030006, 544466.862183919642121 ], [ -1765123.842184535693377, 543844.407113248948008 ], [ -1765110.390200001187623, 543777.147200004197657 ], [ -1764888.139800001634285, 543237.396100000478327 ], [ -1764843.99500000057742, 543178.536397558171302 ], [ -1764792.88960000150837, 543110.395899994298816 ], [ -1764602.389199994504452, 541665.768000003881752 ], [ -1764597.108887311303988, 541393.378925608471036 ], [ -1764589.102970495354384, 540980.387422847561538 ], [ -1764583.310478632338345, 540681.577183672692627 ], [ -1764580.556099998066202, 540539.490399996750057 ], [ -1764751.894800001755357, 540483.735399994067848 ], [ -1764867.398562169400975, 540608.344145516864955 ], [ -1764888.152700000908226, 540630.734300004784018 ], [ -1764866.680700002470985, 540940.764000013004988 ], [ -1765029.44770000083372, 541625.044400006532669 ], [ -1765037.436806320212781, 541809.546266334597021 ], [ -1765071.456021651625633, 542595.192178346216679 ], [ -1765087.839600000530481, 542973.557500007562339 ], [ -1765167.672435694141313, 543261.666643402073532 ], [ -1765200.934194022789598, 543381.705179132986814 ], [ -1765453.506996567593887, 544293.21650343760848 ], [ -1765527.449999998789281, 544560.069799999706447 ], [ -1765253.265499998116866, 544491.523600011132658 ], [ -1765248.333216086030006, 544466.862183919642121 ] ] ] } },
{ "type": "Feature", "properties": { "ID": 2233, "YEAR": "2017-2018", "Perimtr_KM": 6.1264809650099998, "AREA_KM": 2.1092243322700002, "SCALE": 1, "THICKNES_M": 155.313021, "VOLUME_KM": 0.32759000301000002, "MASS_GT": 0.30040003276, "RECURRANCE": "2-3", "UA_KM": 0.03063240483, "UH_M": 12.8909806794, "UC_KM": 0.02506529142, "REGION": "Peninsula", "ICESHELF": "George_VI" }, "geometry": { "type": "Polygon", "coordinates": [ [ [ -1759402.927044986747205, 552052.172318920027465 ], [ -1759159.535550045315176, 551689.125130088999867 ], [ -1758903.82510329852812, 551307.702768276911229 ], [ -1758832.421799999428913, 551201.196299999486655 ], [ -1758594.62779999896884, 550815.566500005312264 ], [ -1758887.37779999920167, 550825.661300010979176 ], [ -1759364.311410547466949, 550749.011249703355134 ], [ -1759776.379599999869242, 550682.785999993328005 ], [ -1760398.740823171800002, 550742.628460109233856 ], [ -1760601.881199999479577, 550762.16120000788942 ], [ -1760959.492699999595061, 550967.399100003298372 ], [ -1760848.325699998531491, 551394.515200004912913 ], [ -1760736.017899999627843, 551423.204400005284697 ], [ -1760434.804299994837493, 551812.83890001103282 ], [ -1760300.16161325853318, 551794.139469509478658 ], [ -1760163.421899997396395, 551775.148800010792911 ], [ -1759457.820099999662489, 552134.051800007931888 ], [ -1759402.927044986747205, 552052.172318920027465 ] ] ] } },
{ "type": "Feature", "properties": { "ID": 2234, "YEAR": "2017-2018", "Perimtr_KM": 12.177552978, "AREA_KM": 1.04213851549, "SCALE": 1, "THICKNES_M": 164.262963431, "VOLUME_KM": 0.17118476086000001, "MASS_GT": 0.15697642571000001, "RECURRANCE": "4-5", "UA_KM": 0.06088776489, "UH_M": 13.6338258975, "UC_KM": 0.01309806734, "REGION": "Peninsula", "ICESHELF": "George_VI" }, "geometry": { "type": "Polygon", "coordinates": [ [ [ -1792500.475499995052814, 565161.079600009601563 ], [ -1791497.173499998869374, 565078.529399992898107 ], [ -1790817.722100000828505, 565084.879399998113513 ], [ -1790131.920699990587309, 564932.479100007098168 ], [ -1789515.969499993603677, 564875.328999995719641 ], [ -1788988.918499998049811, 564957.879200005438179 ], [ -1788538.067600002745166, 565065.829400002490729 ], [ -1788118.981999996816739, 564909.869600004050881 ], [ -1788362.98270000051707, 564909.998400005977601 ], [ -1788667.628400002140552, 564857.594600009731948 ], [ -1789024.967599995201454, 564725.386600001249462 ], [ -1789342.831200001062825, 564778.890199997462332 ], [ -1789779.905799997504801, 564819.313100009225309 ], [ -1789978.913299995940179, 564820.058600007090718 ], [ -1790333.152000000234693, 564695.754400003235787 ], [ -1791319.935499996179715, 564758.254800001624972 ], [ -1791821.395399995381013, 564877.282499999273568 ], [ -1792325.104299995815381, 565050.4227 ], [ -1793027.333399995462969, 565078.104499998502433 ], [ -1793844.640999998897314, 565353.317699997220188 ], [ -1794062.079599994700402, 565390.189400000032037 ], [ -1793999.020699996734038, 565411.803700000513345 ], [ -1793452.977399998810142, 565421.430100011639297 ], [ -1793059.276600001379848, 565180.129600005224347 ], [ -1792500.475499995052814, 565161.079600009601563 ] ] ] } },
{ "type": "Feature", "properties": { "ID": 2237, "YEAR": "2017-2018", "Perimtr_KM": 26.829738345900001, "AREA_KM": 5.5674459747, "SCALE": 1, "THICKNES_M": 162.54219977100001, "VOLUME_KM": 0.90494491583000003, "MASS_GT": 0.82983448782000002, "RECURRANCE": "2-3", "UA_KM": 0.13414869173, "UH_M": 13.4910025145, "UC_KM": 0.06924114847, "REGION": "Peninsula", "ICESHELF": "George_VI" }, "geometry": { "type": "Polygon", "coordinates": [ [ [ -1782264.035815383307636, 569392.850201844703406 ], [ -1782259.236100001027808, 569316.740600011311471 ], [ -1782123.5104, 569061.265300004277378 ], [ -1782119.19179999618791, 569056.094500007107854 ], [ -1782351.140999995637685, 568226.149000010918826 ], [ -1782596.850700000301003, 567453.895600012503564 ], [ -1782798.967799997190014, 566625.174300014041364 ], [ -1782802.963137882063165, 566613.196091552264988 ], [ -1782821.661611253395677, 566557.137200262397528 ], [ -1782906.838465186301619, 566301.773037689737976 ], [ -1783027.212671685032547, 565940.885578028857708 ], [ -1783060.846900001401082, 565840.048600002657622 ], [ -1783112.038903186097741, 565752.431637345347553 ], [ -1783430.060199999250472, 565208.126700000837445 ], [ -1783849.598630144260824, 565252.533335191197693 ], [ -1783870.813000002875924, 565254.778800006955862 ], [ -1784309.231512180063874, 564955.323523046448827 ], [ -1784431.840599998366088, 564871.577199996914715 ], [ -1784441.84360000025481, 564866.289799997583032 ], [ -1784468.183192510856315, 564866.0329854125157 ], [ -1785149.454300001030788, 564859.3905000067316 ], [ -1785297.330236247973517, 564873.109817678108811 ], [ -1785640.255142739973962, 564904.924971986096352 ], [ -1786269.330699997954071, 564963.288000003434718 ], [ -1786597.078200000803918, 564888.541099997237325 ], [ -1786618.185385520104319, 564883.276638605631888 ], [ -1787128.779499999014661, 564755.926500010769814 ], [ -1787515.951599998399615, 564949.332499994430691 ], [ -1786785.4641, 564913.429099997971207 ], [ -1786366.363200003746897, 565103.929400007240474 ], [ -1785786.417369361966848, 565160.509520888328552 ], [ -1785648.091498945839703, 565174.004737258888781 ], [ -1785585.311699998099357, 565180.129600005224347 ], [ -1785274.160999998915941, 565084.879399998113513 ], [ -1784797.910100003005937, 565059.479400004260242 ], [ -1784347.059200000716373, 565396.029999999329448 ], [ -1784164.984478637808934, 565441.548680345062166 ], [ -1783966.058399993227795, 565491.280200006440282 ], [ -1783788.857193510280922, 565768.157121477648616 ], [ -1783743.500017954269424, 565839.027717578224838 ], [ -1783661.257799997227266, 565967.531200000084937 ], [ -1783716.977256502024829, 566100.638767514843494 ], [ -1783740.086960863787681, 566155.845273937564343 ], [ -1783749.952151205856353, 566179.412113464903086 ], [ -1783803.57145058340393, 566307.502639830112457 ], [ -1783889.8583, 566513.632299995981157 ], [ -1783823.414120834786445, 566615.513356117531657 ], [ -1783413.607299999101087, 567243.883700008969754 ], [ -1782911.956299997633323, 568507.536300004925579 ], [ -1782867.50619999691844, 569129.837499993853271 ], [ -1782715.105899998918176, 569682.288600008003414 ], [ -1783235.807000000495464, 570228.389700010418892 ], [ -1783661.257799997227266, 570374.439999996684492 ], [ -1784651.859799996716902, 570634.790499998256564 ], [ -1785820.262100001331419, 571212.641700004693121 ], [ -1786518.22109999647364, 571841.666500004008412 ], [ -1785743.341700000455603, 571533.935599997173995 ], [ -1785450.66620000032708, 571514.553800004534423 ], [ -1784410.964899994898587, 571172.481200000271201 ], [ -1784140.749699994688854, 570783.108800015412271 ], [ -1783301.98319999454543, 570580.591300001367927 ], [ -1782842.496300001163036, 570294.524600006639957 ], [ -1782769.834799997508526, 570070.026099993847311 ], [ -1782380.4508, 569854.778900004457682 ], [ -1782290.176099999807775, 569807.359500001184642 ], [ -1782264.035815383307636, 569392.850201844703406 ] ] ] } },
{ "type": "Feature", "properties": { "ID": 2241, "YEAR": "2017-2018", "Perimtr_KM": 19.891677331899999, "AREA_KM": 4.8758917262399999, "SCALE": 1, "THICKNES_M": 154.15549723300001, "VOLUME_KM": 0.75164551350999997, "MASS_GT": 0.68925893588999998, "RECURRANCE": "1-2", "UA_KM": 0.09945838666, "UH_M": 12.7949062072, "UC_KM": 0.05751156528, "REGION": "Peninsula", "ICESHELF": "George_VI" }, "geometry": { "type": "Polygon", "coordinates": [ [ [ -1806919.637393671553582, 576098.660168524831533 ], [ -1806800.704099998343736, 576076.751400008331984 ], [ -1806795.264016292290762, 576076.638065156526864 ], [ -1806492.79385720891878, 576070.33661590423435 ], [ -1806191.102899999823421, 576064.051399997901171 ], [ -1806332.070390553679317, 575923.083870492409915 ], [ -1806342.479341627797112, 575912.674916547257453 ], [ -1806444.812844814965501, 575810.341385088860989 ], [ -1806553.053600000217557, 575702.100599999539554 ], [ -1806443.147306440863758, 575579.982588632963598 ], [ -1806409.975883874110878, 575543.125480390153825 ], [ -1806381.603200002107769, 575511.600299996789545 ], [ -1806001.9267841973342, 575511.600299996789545 ], [ -1805740.251999997533858, 575511.600299996789545 ], [ -1805718.303958175703883, 575522.135347353760153 ], [ -1805581.501600003102794, 575587.800400010310113 ], [ -1805542.887069527292624, 575625.311660170089453 ], [ -1805490.911060846643522, 575675.802642704453319 ], [ -1805438.828692095354199, 575726.396946453489363 ], [ -1805359.251200003782287, 575803.700800004880875 ], [ -1805089.170448154211044, 575713.982198325917125 ], [ -1804577.0854330311995, 575543.871773255988955 ], [ -1804262.940267365425825, 575439.515336171723902 ], [ -1803789.036808618111536, 575282.088509716559201 ], [ -1803505.047499995445833, 575187.749600007664412 ], [ -1803446.009614332113415, 575174.387115660123527 ], [ -1803081.641710134455934, 575091.917014276608825 ], [ -1801961.994399995310232, 574838.498899997211993 ], [ -1801473.043399997521192, 575130.599499996285886 ], [ -1801746.094000001205131, 574235.247699996922165 ], [ -1801631.793699993984774, 574044.747299996670336 ], [ -1801174.592800000216812, 573987.597200012765825 ], [ -1800414.805699997814372, 573955.661699997726828 ], [ -1801137.065299998736009, 573834.052400005050004 ], [ -1801599.616500000469387, 573822.406400000676513 ], [ -1801923.74449999560602, 573759.214000015985221 ], [ -1802114.244799997890368, 573751.276400001253933 ], [ -1802252.34600000246428, 573829.363700005225837 ], [ -1802256.911699995864183, 574145.498799997847527 ], [ -1802529.750999998766929, 574301.898599998559803 ], [ -1802937.38410000083968, 574310.619800000917166 ], [ -1803124.202159970765933, 574325.717925493139774 ], [ -1803733.929199998499826, 574374.994399993214756 ], [ -1804392.775766023201868, 574539.370972656179219 ], [ -1804826.210000000428408, 574647.509100000374019 ], [ -1805594.250199997331947, 575023.369799995794892 ], [ -1806164.768100002314895, 575159.066300007514656 ], [ -1806178.629951814189553, 575164.936890810262412 ], [ -1806349.987441899720579, 575237.507981542963535 ], [ -1806424.321799996774644, 575268.989100015722215 ], [ -1806439.499903002288193, 575267.141939450521022 ], [ -1806472.179425821406767, 575263.164872902911156 ], [ -1806648.813299990491942, 575241.668700001668185 ], [ -1806959.692999996477738, 575202.369700003415346 ], [ -1807020.462093665497378, 575331.395563789177686 ], [ -1807116.293799999868497, 575534.866899998858571 ], [ -1807455.444799996912479, 575358.219499999657273 ], [ -1807614.2139, 575316.042400001548231 ], [ -1807626.485018023522571, 574957.282961960881948 ], [ -1807638.392999995965511, 574609.140200006775558 ], [ -1807654.964099999284372, 574621.800800000783056 ], [ -1807939.945699997013435, 574978.155700004659593 ], [ -1807772.823008984792978, 575228.511788915842772 ], [ -1807746.04979100660421, 575268.619078351650387 ], [ -1807600.805699997348711, 575486.200200004968792 ], [ -1807439.503389769000933, 575669.498294239863753 ], [ -1807042.004599998006597, 576121.201500009279698 ], [ -1806919.637393671553582, 576098.660168524831533 ] ] ] } },
{ "type": "Feature", "properties": { "ID": 2246, "YEAR": "2017-2018", "Perimtr_KM": 12.6973679647, "AREA_KM": 1.1197726855400001, "SCALE": 1, "THICKNES_M": 213.33957926400001, "VOLUME_KM": 0.2388918336, "MASS_GT": 0.21906381142, "RECURRANCE": ">8", "UA_KM": 0.06348683982, "UH_M": 17.707184991599998, "UC_KM": 0.01827862075, "REGION": "East", "ICESHELF": "Amery" }, "geometry": { "type": "Polygon", "coordinates": [ [ [ 2244020.390000000596046, 658479.310700000729412 ], [ 2244548.166000002063811, 659954.008300002664328 ], [ 2246201.815100003033876, 661607.657400003634393 ], [ 2246719.012200008146465, 661718.931500006001443 ], [ 2247669.151400003582239, 663420.448400009423494 ], [ 2247495.595600007101893, 662839.715899994596839 ], [ 2246900.770900008268654, 661770.952100004535168 ], [ 2245124.075799999758601, 660378.254500011913478 ], [ 2244252.609299997799098, 658636.984300009906292 ], [ 2244020.390000000596046, 658479.310700000729412 ] ] ] } },
{ "type": "Feature", "properties": { "ID": 2250, "YEAR": "2017-2018", "Perimtr_KM": 52.911256599600001, "AREA_KM": 11.672114559300001, "SCALE": 2, "THICKNES_M": 222.512366, "VOLUME_KM": 2.5971898268100002, "MASS_GT": 2.3816230711899999, "RECURRANCE": ">8", "UA_KM": 0.264556283, "UH_M": 18.468526286900001, "UC_KM": 0.19872193684, "REGION": "East", "ICESHELF": "Amery" }, "geometry": { "type": "Polygon", "coordinates": [ [ [ 2259324.581801880151033, 693161.530226564966142 ], [ 2258932.157299995422363, 692802.027900002896786 ], [ 2257789.602900001220405, 692668.850200003478676 ], [ 2245344.986663857474923, 692185.132883596234024 ], [ 2244877.961919301189482, 692166.979816290549934 ], [ 2241825.772000008262694, 692048.342400001827627 ], [ 2241072.907100006937981, 692472.502399994060397 ], [ 2240019.62662189360708, 692484.234983633738011 ], [ 2237143.671500004827976, 692516.270500006619841 ], [ 2236649.295502704568207, 691877.12557217059657 ], [ 2236592.543200001120567, 691803.754400001373142 ], [ 2234178.125200011767447, 691580.844300015829504 ], [ 2233907.478500010445714, 692045.459200005512685 ], [ 2233889.353399998508394, 692103.438500002026558 ], [ 2236458.514400006271899, 692239.854100005235523 ], [ 2236512.436230195686221, 692296.022674181498587 ], [ 2237093.515700003132224, 692901.313800007570535 ], [ 2240824.148100004531443, 692954.230500012170523 ], [ 2241557.667008329182863, 692596.416436314117163 ], [ 2241908.942000004462898, 692425.062799999956042 ], [ 2244179.294212603010237, 692525.860677091404796 ], [ 2254423.758599996566772, 692980.688899996224791 ], [ 2259510.748900002799928, 693573.149600006174296 ], [ 2259381.136600005440414, 693213.340400001034141 ], [ 2259324.581801880151033, 693161.530226564966142 ] ] ] } },
{ "type": "Feature", "properties": { "ID": 2253, "YEAR": "2017-2018", "Perimtr_KM": 14.7618952489, "AREA_KM": 1.9287456966500001, "SCALE": 1, "THICKNES_M": 193.551834106, "VOLUME_KM": 0.37331226710999998, "MASS_GT": 0.34232734894, "RECURRANCE": "2-3", "UA_KM": 0.07380947624, "UH_M": 16.064802151599999, "UC_KM": 0.0285636945, "REGION": "East", "ICESHELF": "Amery" }, "geometry": { "type": "Polygon", "coordinates": [ [ [ 2222355.771405486389995, 768458.54768890561536 ], [ 2222262.471299995668232, 768250.260100002400577 ], [ 2222033.493000006303191, 767899.507900001481175 ], [ 2221637.089600006118417, 767523.48830000590533 ], [ 2221383.113832343369722, 767331.045106127858162 ], [ 2221151.79039999563247, 767155.766099995002151 ], [ 2220885.082100000232458, 766731.037300005089492 ], [ 2220362.095800009556115, 766038.910399993881583 ], [ 2219951.648800008930266, 765547.121600008569658 ], [ 2219805.242400004528463, 765273.615600000601262 ], [ 2219778.861854930408299, 765064.890022148378193 ], [ 2219740.741100000217557, 764763.274700011126697 ], [ 2219763.797200005501509, 764289.86780000384897 ], [ 2219744.230925751850009, 764265.285952094011009 ], [ 2219515.152543575502932, 763977.486145309638232 ], [ 2219450.390700009651482, 763896.123399994336069 ], [ 2218894.600804596208036, 763448.661042629275471 ], [ 2218826.108181292191148, 763393.518135323189199 ], [ 2218746.461900006979704, 763329.395500002428889 ], [ 2218333.09519999474287, 763134.675399998668581 ], [ 2218278.031599997542799, 763085.825400004629046 ], [ 2218300.492447870783508, 763131.702863376121968 ], [ 2218409.547165709547698, 763354.452861590310931 ], [ 2218427.246900002472103, 763390.605500008910894 ], [ 2218479.249362075701356, 763453.00845953496173 ], [ 2218839.997700002044439, 763885.906499998178333 ], [ 2219100.945393157191575, 764011.425628402270377 ], [ 2219104.647955947555602, 764013.206607754807919 ], [ 2219210.974276833236217, 764064.350907828658819 ], [ 2219341.648800001479685, 764127.206999998074025 ], [ 2219391.762533463537693, 764255.275468933861703 ], [ 2219513.099100002087653, 764565.357900002971292 ], [ 2219528.589177413843572, 764871.287538797128946 ], [ 2219530.880820813588798, 764916.54758611926809 ], [ 2219538.499099995940924, 765067.008900004439056 ], [ 2219598.392557324841619, 765573.799480627290905 ], [ 2219621.049300005659461, 765765.51029999833554 ], [ 2219843.122085710987449, 766006.800918732304126 ], [ 2220281.450600003823638, 766483.061700007412583 ], [ 2220394.771125323139131, 766592.868404043838382 ], [ 2221076.85133533552289, 767253.798800715710968 ], [ 2221100.602300003170967, 767276.813299994450063 ], [ 2221412.053637770935893, 767736.004391037393361 ], [ 2221595.903299999423325, 768007.064799998421222 ], [ 2221801.356435444205999, 768141.055956940632313 ], [ 2221888.0038, 768197.565100001171231 ], [ 2222489.791000004857779, 768757.739399998448789 ], [ 2222355.771405486389995, 768458.54768890561536 ] ] ] } },
{ "type": "Feature", "properties": { "ID": 2258, "YEAR": "2017-2018", "Perimtr_KM": 6.3865876673599997, "AREA_KM": 1.10823429613, "SCALE": 1, "THICKNES_M": 375.79024047899998, "VOLUME_KM": 0.41646363265000003, "MASS_GT": 0.38189715114, "RECURRANCE": "4-5", "UA_KM": 0.03193293834, "UH_M": 31.190589805999998, "UC_KM": 0.03186538729, "REGION": "East", "ICESHELF": "Amery" }, "geometry": { "type": "Polygon", "coordinates": [ [ [ 2204728.399864305742085, 782868.451890167314559 ], [ 2204807.459800002165139, 782761.294799995142967 ], [ 2205017.965600005351007, 782615.560200005304068 ], [ 2205334.595199997536838, 782571.369700001552701 ], [ 2205700.169600008055568, 782211.59730001213029 ], [ 2205826.894800008274615, 781803.55999999679625 ], [ 2205996.67322862893343, 780473.86494236253202 ], [ 2206010.655600001104176, 780364.355800002813339 ], [ 2205948.363729577511549, 780485.661044419277459 ], [ 2205854.221800007857382, 780668.99009999493137 ], [ 2205631.971299996599555, 780827.740399998147041 ], [ 2205428.770899999886751, 781119.840999996755272 ], [ 2205225.570500002242625, 781532.591800003778189 ], [ 2205028.720099996775389, 782053.292899998370558 ], [ 2205012.981799999251962, 782316.123100003227592 ], [ 2204730.365419400855899, 782814.579015647992492 ], [ 2204604.954699997790158, 783035.768300005234778 ], [ 2204728.399864305742085, 782868.451890167314559 ] ] ] } },
{ "type": "Feature", "properties": { "ID": 2259, "YEAR": "2017-2018", "Perimtr_KM": 13.2203866473, "AREA_KM": 2.37659271296, "SCALE": 1, "THICKNES_M": 156.544234276, "VOLUME_KM": 0.37204188644000002, "MASS_GT": 0.34116240986000002, "RECURRANCE": "2-3", "UA_KM": 0.06610193324, "UH_M": 12.9931713808, "UC_KM": 0.02846649232, "REGION": "East", "ICESHELF": "Amery" }, "geometry": { "type": "Polygon", "coordinates": [ [ [ 2213476.664998189546168, 791622.578503027092665 ], [ 2213409.436400005593896, 791548.990200005006045 ], [ 2213055.80463489331305, 791153.638569567818195 ], [ 2213002.474599995650351, 791094.016899997834116 ], [ 2212350.947591833770275, 790578.966392658185214 ], [ 2211923.828989258036017, 790241.31707006925717 ], [ 2211324.756700000725687, 789767.733500007074326 ], [ 2211151.214499996043742, 789944.08900000853464 ], [ 2210856.482100003398955, 789610.645400004461408 ], [ 2210650.716900004073977, 789286.976599996443838 ], [ 2209732.922800000756979, 788647.707399996928871 ], [ 2209664.000100006349385, 788495.091500005684793 ], [ 2209462.6595, 788473.602800004649907 ], [ 2209415.513015624135733, 788471.35073731187731 ], [ 2209222.547800000756979, 788462.133300004992634 ], [ 2209072.031000008806586, 788407.875100001227111 ], [ 2209429.278900001198053, 788784.306299993768334 ], [ 2209556.279200005345047, 789012.906799996271729 ], [ 2209594.379300007596612, 789273.257299998309463 ], [ 2209492.77910000924021, 789298.657300005666912 ], [ 2209581.679199999198318, 789419.307600004598498 ], [ 2209816.629700006917119, 789527.257800008635968 ], [ 2210280.180600006133318, 789749.508300005923957 ], [ 2210737.38150000013411, 790124.159000003244728 ], [ 2211169.182400000281632, 790460.709700003266335 ], [ 2211823.23369999974966, 790403.559600005391985 ], [ 2212166.134399998001754, 790727.410200010053813 ], [ 2212540.785100009292364, 791203.661199997644871 ], [ 2212659.775333588942885, 791339.410584230907261 ], [ 2212991.636100009083748, 791718.012199996039271 ], [ 2213417.086900006048381, 791832.312400005292147 ], [ 2213658.387400005944073, 792035.512800002470613 ], [ 2213954.129600005224347, 792145.210400010924786 ], [ 2213476.664998189546168, 791622.578503027092665 ] ] ] } },
{ "type": "Feature", "properties": { "ID": 2260, "YEAR": "2017-2018", "Perimtr_KM": 20.1029861825, "AREA_KM": 3.6823021590699998, "SCALE": 1, "THICKNES_M": 220.85424995400001, "VOLUME_KM": 0.81325208145000005, "MASS_GT": 0.74575215868, "RECURRANCE": "2-3", "UA_KM": 0.10051493091, "UH_M": 18.330902655799999, "UC_KM": 0.06222534337, "REGION": "East", "ICESHELF": "Amery" }, "geometry": { "type": "Polygon", "coordinates": [ [ [ 2224516.685280366800725, 798131.989212521351874 ], [ 2224361.437006046064198, 798038.525651818141341 ], [ 2224243.618500010110438, 797967.595800008624792 ], [ 2223533.333952481858432, 797511.688731459900737 ], [ 2223380.146800012327731, 797413.363199999090284 ], [ 2222914.132299997843802, 797283.150800002738833 ], [ 2222492.999600001610816, 796925.875099998898804 ], [ 2222009.283899996429682, 796848.50530000589788 ], [ 2221012.646700006909668, 796183.15730000520125 ], [ 2220521.828000009991229, 795631.883100005798042 ], [ 2220321.016100006178021, 795296.058800003491342 ], [ 2220118.699400005862117, 795239.6161999986507 ], [ 2219487.394600005820394, 795196.803699995856732 ], [ 2218945.369300003163517, 794710.533299998380244 ], [ 2218857.426320699043572, 794759.193581566680223 ], [ 2218750.411000003106892, 794818.406900004483759 ], [ 2218567.308930335566401, 794917.67311965348199 ], [ 2218512.074300003238022, 794947.617799999658018 ], [ 2218089.281199996359646, 794699.304100005887449 ], [ 2217839.891700004227459, 794419.132299998775125 ], [ 2217373.223399996757507, 793869.67409999622032 ], [ 2217188.636700005270541, 793567.993099996354431 ], [ 2217048.460500014014542, 793446.893100004643202 ], [ 2217055.644200007431209, 793788.116300005000085 ], [ 2217182.644399999640882, 793921.466600007843226 ], [ 2217614.445299999788404, 794442.167599997948855 ], [ 2218179.596399997361004, 794994.61869999859482 ], [ 2218365.598719391040504, 795108.700117352418602 ], [ 2218655.847400004975498, 795286.719299997668713 ], [ 2218735.393020740710199, 795343.171037364751101 ], [ 2218852.697800003923476, 795426.4196000052616 ], [ 2219309.898700004443526, 795432.769600010942668 ], [ 2219417.848900008946657, 795489.919699994847178 ], [ 2219525.799099998548627, 795591.519900007173419 ], [ 2219690.899400006979704, 795851.870499993208796 ], [ 2219830.599700008518994, 796029.67079999903217 ], [ 2220011.077098555862904, 796112.389602733775973 ], [ 2220287.800600002519786, 796239.221200001426041 ], [ 2220316.879013890400529, 796258.139685282018036 ], [ 2220814.8517000162974, 796582.121900006663054 ], [ 2221018.052100006490946, 796829.772400004789233 ], [ 2221270.659941093064845, 797029.753600625321269 ], [ 2221475.253000000491738, 797191.723100005183369 ], [ 2221926.10390000231564, 797426.673600006382912 ], [ 2221961.56977036036551, 797438.495553345885128 ], [ 2222269.004600000567734, 797540.973799995146692 ], [ 2222921.456322455778718, 797646.207955907098949 ], [ 2223166.954878708347678, 797685.804499922320247 ], [ 2223450.107000007294118, 797731.474200002383441 ], [ 2223704.107500003650784, 797814.02440000558272 ], [ 2223843.807800005190074, 797928.324600000865757 ], [ 2224129.558300000615418, 798093.424900002777576 ], [ 2224325.2826067795977, 798143.934395331889391 ], [ 2224326.408700006082654, 798144.225000015459955 ], [ 2224955.4828000087291, 798642.645300007425249 ], [ 2224981.989600014872849, 798412.114700014702976 ], [ 2224516.685280366800725, 798131.989212521351874 ] ] ] } },
{ "type": "Feature", "properties": { "ID": 2271, "YEAR": "2017-2018", "Perimtr_KM": 14.438292301300001, "AREA_KM": 5.6760989369499999, "SCALE": 1, "THICKNES_M": 39.053782326799997, "VOLUME_KM": 0.22167313235, "MASS_GT": 0.20327426236000001, "RECURRANCE": ">8", "UA_KM": 0.07219146151, "UH_M": 3.2414639171399999, "UC_KM": 0.01696114537, "REGION": "Peninsula", "ICESHELF": "LarsenC" }, "geometry": { "type": "Polygon", "coordinates": [ [ [ -2050953.053354856092483, 1141199.07114937575534 ], [ -2050905.682899999665096, 1141116.172900003381073 ], [ -2050858.057799996109679, 1140830.42229999601841 ], [ -2051143.808400003472343, 1140354.171400006860495 ], [ -2051905.8099, 1140258.92120000673458 ], [ -2053001.187100000679493, 1139989.045600005891174 ], [ -2054382.314800003776327, 1139417.544500002637506 ], [ -2054874.440799997420982, 1138846.043300001882017 ], [ -2056207.943500001914799, 1138734.918100001756102 ], [ -2056368.963611298007891, 1138749.535151686519384 ], [ -2057108.659299998078495, 1138816.683099996298552 ], [ -2055934.260100001236424, 1139183.40890000294894 ], [ -2055401.976000001654029, 1139538.796200000215322 ], [ -2054628.028599991928786, 1140199.827900010626763 ], [ -2053694.52540000109002, 1140956.791300013195723 ], [ -2051941.526200000196695, 1141504.00309999473393 ], [ -2051193.674699999159202, 1141559.392100005410612 ], [ -2051032.683200003579259, 1141338.423300003167242 ], [ -2050953.053354856092483, 1141199.07114937575534 ] ] ] } },
{ "type": "Feature", "properties": { "ID": 2272, "YEAR": "2017-2018", "Perimtr_KM": 20.086921908099999, "AREA_KM": 6.8572062419100002, "SCALE": 1, "THICKNES_M": 309.331954956, "VOLUME_KM": 2.1211530123500002, "MASS_GT": 1.9450973123199999, "RECURRANCE": ">8", "UA_KM": 0.10043460954, "UH_M": 25.674552134700001, "UC_KM": 0.16229835439000001, "REGION": "Peninsula", "ICESHELF": "LarsenC" }, "geometry": { "type": "Polygon", "coordinates": [ [ [ -2157019.271000003442168, 1170482.571200000587851 ], [ -2155802.153100000694394, 1170023.938100001774728 ], [ -2154558.48129999730736, 1170026.670000004582107 ], [ -2154098.752399997320026, 1169594.610899999272078 ], [ -2153584.430699999444187, 1169324.7761 ], [ -2154782.038322232663631, 1169293.211959090549499 ], [ -2155272.126399998553097, 1169280.295200001914054 ], [ -2156859.629599999636412, 1169495.269600001629442 ], [ -2158116.402900001034141, 1170355.167200000490993 ], [ -2159307.030299994628876, 1171264.674199996516109 ], [ -2160696.095599999185652, 1171810.37840000493452 ], [ -2161172.7839385131374, 1172057.550122188404202 ], [ -2162482.036699996795505, 1172736.421900010667741 ], [ -2162069.948700000531971, 1173254.447299992665648 ], [ -2160911.0696, 1172667.289700011722744 ], [ -2158506.101499996613711, 1171833.52450000308454 ], [ -2157019.271000003442168, 1170482.571200000587851 ] ] ] } },
{ "type": "Feature", "properties": { "ID": 2274, "YEAR": "2017-2018", "Perimtr_KM": 13.751304756, "AREA_KM": 9.7891997214599993, "SCALE": 1, "THICKNES_M": 297.86152975900001, "VOLUME_KM": 2.9158260041499999, "MASS_GT": 2.6738124458099999, "RECURRANCE": ">8", "UA_KM": 0.06875652378, "UH_M": 24.7225068481, "UC_KM": 0.22310213333000001, "REGION": "Peninsula", "ICESHELF": "LarsenC" }, "geometry": { "type": "Polygon", "coordinates": [ [ [ -2191293.652210004162043, 1225332.573275531176478 ], [ -2191374.832799996715039, 1225165.330500010401011 ], [ -2192286.791399997193366, 1224253.259799996390939 ], [ -2192460.101475948467851, 1223795.001605295110494 ], [ -2192508.548199998214841, 1223666.901100000366569 ], [ -2192578.134349758736789, 1223623.558555240742862 ], [ -2193421.370800000149757, 1223098.338900014292449 ], [ -2193528.457799999509007, 1224446.922100011259317 ], [ -2193892.26069999858737, 1225406.038600015919656 ], [ -2194024.552599997259676, 1226232.863200001884252 ], [ -2194388.355399998370558, 1227886.512300009839237 ], [ -2194364.51095516467467, 1228018.573853163048625 ], [ -2194256.771200002171099, 1228615.28640000289306 ], [ -2194250.831599990837276, 1228611.708700003568083 ], [ -2193233.324299997650087, 1228109.28560000192374 ], [ -2192357.042999999597669, 1227526.265300004277378 ], [ -2191602.065000002272427, 1226741.038400012999773 ], [ -2191030.905900003388524, 1225873.86550001334399 ], [ -2191293.652210004162043, 1225332.573275531176478 ] ] ] } },
{ "type": "Feature", "properties": { "ID": 2275, "YEAR": "2017-2018", "Perimtr_KM": 9.9240456968899995, "AREA_KM": 1.7353464302599999, "SCALE": 1, "THICKNES_M": 230.43316650400001, "VOLUME_KM": 0.39988137290999998, "MASS_GT": 0.36669121896000001, "RECURRANCE": ">8", "UA_KM": 0.04962022848, "UH_M": 19.125952725499999, "UC_KM": 0.03059660873, "REGION": "Peninsula", "ICESHELF": "LarsenC" }, "geometry": { "type": "Polygon", "coordinates": [ [ [ -2210506.019457042217255, 1272394.162700003478676 ], [ -2210516.120299997739494, 1272354.80559999961406 ], [ -2210525.394900002516806, 1272350.383106323424727 ], [ -2210729.572299996390939, 1272253.023300010245293 ], [ -2210476.298300001770258, 1272178.521500000730157 ], [ -2210295.846351800486445, 1272284.454500002786517 ], [ -2210217.651699997484684, 1272330.35810000449419 ], [ -2210086.024599995464087, 1272374.505999996326864 ], [ -2209683.74769999505952, 1272000.045899997930974 ], [ -2209629.492099998518825, 1271723.469500012695789 ], [ -2209465.179099996574223, 1271944.086700011510402 ], [ -2209299.665899997577071, 1271858.923899999354035 ], [ -2209135.040399994701147, 1271505.64200000744313 ], [ -2209073.530400001909584, 1270741.98170000128448 ], [ -2209040.992999998386949, 1270318.068099999334663 ], [ -2209256.317499998491257, 1270592.79250000230968 ], [ -2209268.529000000562519, 1271508.655800003092736 ], [ -2209541.30600000359118, 1271514.81430000718683 ], [ -2209725.710400002077222, 1271447.758199999574572 ], [ -2209859.822700002230704, 1271665.690600003115833 ], [ -2210094.519099995028228, 1271816.566899999044836 ], [ -2210312.451599997002631, 1271715.982700008433312 ], [ -2210551.6433618767187, 1271564.494600004516542 ], [ -2210815.372599996626377, 1271397.46610000776127 ], [ -2211073.861973129678518, 1271304.122686709742993 ], [ -2211418.877800000831485, 1271179.533600005786866 ], [ -2211462.930891207419336, 1271553.985105209052563 ], [ -2211485.933899994939566, 1271749.510800011456013 ], [ -2211234.473400001879781, 1272151.847600007429719 ], [ -2210598.510099997743964, 1272709.886699995491654 ], [ -2210441.250599994324148, 1272646.529200002085418 ], [ -2210506.019457042217255, 1272394.162700003478676 ] ] ] } },
{ "type": "Feature", "properties": { "ID": 2285, "YEAR": "2017-2018", "Perimtr_KM": 45.303134793700004, "AREA_KM": 6.4612905146699999, "SCALE": 1, "THICKNES_M": 85.497638702399996, "VOLUME_KM": 0.55242508196999995, "MASS_GT": 0.50657380016999998, "RECURRANCE": "4-5", "UA_KM": 0.22651567397, "UH_M": 7.0963039773099998, "UC_KM": 0.04226837065, "REGION": "East", "ICESHELF": "Brunt_Stancomb" }, "geometry": { "type": "Polygon", "coordinates": [ [ [ -732848.732899996917695, 1388991.583300008904189 ], [ -732664.527439838740975, 1388870.654481709934771 ], [ -732383.54779999749735, 1388686.194499993696809 ], [ -732107.898099998943508, 1388689.957700002007186 ], [ -732067.472082201391459, 1388684.702317763585597 ], [ -731578.730400000233203, 1388621.165900006890297 ], [ -731266.521400001831353, 1388218.998400000389665 ], [ -731028.396000002510846, 1388097.289800002239645 ], [ -730939.796146361157298, 1387993.923350605648011 ], [ -730774.395399994682521, 1387800.955900001339614 ], [ -730520.394899997860193, 1387726.872400000225753 ], [ -729933.018800002057105, 1387483.455200003925711 ], [ -729833.550722205545753, 1387446.473497148603201 ], [ -729565.188099998980761, 1387346.697700007818639 ], [ -729001.683599997311831, 1387377.62170000327751 ], [ -728851.110515907872468, 1387353.936041655484587 ], [ -728559.94298726785928, 1387308.134398910216987 ], [ -728530.724300002213567, 1387303.538200008682907 ], [ -728491.268765335902572, 1387276.560059075709432 ], [ -727292.471799998078495, 1386456.86990001052618 ], [ -727160.461871739011258, 1386365.074894686695188 ], [ -726769.730156428180635, 1386093.373967636376619 ], [ -726493.428599996492267, 1385901.243700015824288 ], [ -726362.147803766652942, 1385834.387765122577548 ], [ -726247.102300000376999, 1385775.799800004810095 ], [ -725646.760199999902397, 1385768.951800003647804 ], [ -725466.843199998140335, 1385684.285000001545995 ], [ -725404.721912087872624, 1385634.556365362834185 ], [ -724846.933800002560019, 1385188.042099998798221 ], [ -724721.256400000769645, 1385234.34419999551028 ], [ -724428.393345326185226, 1385260.185075007844716 ], [ -724297.368795972783118, 1385271.7460723714903 ], [ -724271.463899995665997, 1385274.031800009775907 ], [ -724129.74806917598471, 1385253.082510891836137 ], [ -723510.785300001036376, 1385161.583700007759035 ], [ -723173.440799999982119, 1385068.979300004895777 ], [ -722967.9974744473584, 1385050.015335274860263 ], [ -722743.492099998518825, 1385029.29180000256747 ], [ -722601.037731975782663, 1385083.1078648166731 ], [ -722445.835199997760355, 1385141.7399000111036 ], [ -722141.563800000119954, 1385154.969099992886186 ], [ -721863.750700003001839, 1385254.187999999150634 ], [ -721202.29109999909997, 1385505.542700012214482 ], [ -720931.092599995899945, 1385770.126600000541657 ], [ -719998.434500002767891, 1386292.679700004868209 ], [ -719370.047799999825656, 1386239.76289999531582 ], [ -718893.796899996697903, 1386682.940899997018278 ], [ -718596.140000002924353, 1386815.232800002209842 ], [ -718384.472899997141212, 1387000.441500003449619 ], [ -717484.887800002470613, 1387542.838399997912347 ], [ -717178.150034883990884, 1387496.280005486682057 ], [ -716744.052999997977167, 1387430.390300002880394 ], [ -716036.890599991660565, 1387293.523900008760393 ], [ -715751.863500000908971, 1387278.254600000567734 ], [ -715540.196400001645088, 1387231.952400012873113 ], [ -715316.888387743849307, 1387164.960015615448356 ], [ -715077.174600003287196, 1387093.0458999928087 ], [ -714719.986399996560067, 1386848.30580000160262 ], [ -714223.891699996776879, 1386345.59650000045076 ], [ -713977.069799996446818, 1386007.558900001924485 ], [ -714065.010800001211464, 1385813.888799998443574 ], [ -714068.047500000800937, 1385815.229000004008412 ], [ -714100.233999999705702, 1385830.130300006829202 ], [ -714117.459300000686198, 1385838.124500003177673 ], [ -714133.795699996408075, 1385846.272700005676597 ], [ -714149.474800004158169, 1385854.494900004938245 ], [ -714164.43440000154078, 1385862.791700009256601 ], [ -714178.846500003244728, 1385871.107199994847178 ], [ -714192.815599997062236, 1385879.221199995838106 ], [ -714206.188199992757291, 1385887.646299998741597 ], [ -714208.363199997227639, 1385889.077900002710521 ], [ -714281.49329999787733, 1386230.091999997850507 ], [ -714616.159899997524917, 1386525.699699996970594 ], [ -714780.956299997866154, 1386514.280199999455363 ], [ -714792.051500000059605, 1386522.508300006389618 ], [ -714813.403199997730553, 1386538.136599994264543 ], [ -714834.767999997362494, 1386553.418000004719943 ], [ -714856.089699995238334, 1386568.148600006010383 ], [ -714877.321799998171628, 1386582.650200004689395 ], [ -714898.63859999505803, 1386596.459600001107901 ], [ -714919.875799994450063, 1386609.874800002202392 ], [ -714941.065099996514618, 1386622.8780000009574 ], [ -714962.231299998704344, 1386635.414400006644428 ], [ -714983.37849999871105, 1386647.377099999692291 ], [ -715004.456799998413771, 1386659.046100012026727 ], [ -715025.767999995034188, 1386670.463500005658716 ], [ -715047.156999998260289, 1386681.368899998720735 ], [ -715068.455199997872114, 1386692.345400008372962 ], [ -715089.794199999421835, 1386702.76590000744909 ], [ -715111.086700000800192, 1386712.87680000718683 ], [ -715132.350999999325722, 1386722.573100011330098 ], [ -715153.51979999570176, 1386732.075100003741682 ], [ -715174.565099996048957, 1386741.240800003986806 ], [ -715208.942000001203269, 1386755.299300002865493 ], [ -715241.654399998951703, 1386768.215700010769069 ], [ -715273.154199997894466, 1386780.21419999981299 ], [ -715303.603800000157207, 1386791.291300001554191 ], [ -715333.342399999964982, 1386801.331800004933029 ], [ -715362.281699996441603, 1386810.706600009929389 ], [ -715390.516299996525049, 1386819.337799998465925 ], [ -715418.280600000172853, 1386826.87239999556914 ], [ -715445.610699997283518, 1386833.824800006113946 ], [ -715942.969500001519918, 1387127.717800006270409 ], [ -716165.276699998881668, 1387185.730599998496473 ], [ -716589.435177471488714, 1387299.585971655789763 ], [ -716657.700899995863438, 1387317.910299999639392 ], [ -717153.864200001582503, 1387352.331700011622161 ], [ -717475.010599996894598, 1387208.494400001130998 ], [ -717957.854700000490993, 1386951.647300008218735 ], [ -718166.656119525898248, 1386766.198134485632181 ], [ -718406.844399999361485, 1386552.872400004416704 ], [ -718499.051942544989288, 1386452.190934714861214 ], [ -718593.782804308924824, 1386348.754255814943463 ], [ -718781.466800002381206, 1386143.821999995503575 ], [ -719197.290221511851996, 1386065.116965554188937 ], [ -719293.036899995524436, 1386046.994500011671335 ], [ -720185.783945211675018, 1385584.880897408816963 ], [ -720242.956899996381253, 1385555.286400007084012 ], [ -720407.046399991493672, 1385459.29510000674054 ], [ -720664.251834685914218, 1385444.650888848584145 ], [ -720789.898299999535084, 1385437.49710000725463 ], [ -720792.7470105108805, 1385377.047973974142224 ], [ -720796.810300000477582, 1385290.825700007379055 ], [ -720985.901528302580118, 1385268.968042361550033 ], [ -721193.538700001314282, 1385244.966600012499839 ], [ -721797.155088772065938, 1384754.740839066915214 ], [ -721826.089400000870228, 1384731.2419000021182 ], [ -721872.058907764963806, 1384745.44885130552575 ], [ -722055.264699999708682, 1384802.068900002166629 ], [ -722152.358445156831294, 1384767.338488815352321 ], [ -722363.002099995035678, 1384691.991300011985004 ], [ -722677.52529999660328, 1384640.098600006662309 ], [ -722769.586361619178206, 1384679.663585047237575 ], [ -723142.76320000179112, 1384840.043400004506111 ], [ -723522.417399999685585, 1384920.959200005047023 ], [ -723783.630909799132496, 1384981.4473981638439 ], [ -723987.757499997969717, 1385028.7162000159733 ], [ -723994.907859515398741, 1385029.529838029295206 ], [ -724425.740499998442829, 1385078.554199996870011 ], [ -724512.280442995019257, 1385019.763655161485076 ], [ -724658.645900001749396, 1384920.330900010187179 ], [ -724915.281799999065697, 1384926.384199995081872 ], [ -724920.547799997963011, 1384925.747400005813688 ], [ -725390.118099994491786, 1385311.43240001052618 ], [ -725676.372800000943244, 1385534.781599996611476 ], [ -725775.784870048519224, 1385571.452174959238619 ], [ -726017.510799997486174, 1385660.618700002785772 ], [ -726261.60676802881062, 1385677.121103641111404 ], [ -726358.356700000818819, 1385683.662 ], [ -726690.007899997290224, 1385743.18430000776425 ], [ -726699.38569999486208, 1385773.251500002574176 ], [ -726783.682958322577178, 1385846.141931642778218 ], [ -727232.260845615062863, 1386234.019740202929825 ], [ -727278.455400000791997, 1386273.963400001171976 ], [ -727540.176500000059605, 1386272.975899996701628 ], [ -727717.013300002552569, 1386447.915200009942055 ], [ -728192.104600001126528, 1386554.953900006134063 ], [ -728649.032200001645833, 1386917.01980001013726 ], [ -728834.353599997237325, 1386916.387200016062707 ], [ -729002.327699992340058, 1386992.79139999486506 ], [ -729069.377399995923042, 1387188.290700002107769 ], [ -729677.940299991052598, 1387277.63060001283884 ], [ -730043.002400000113994, 1387367.847100003156811 ], [ -730444.565499994903803, 1387409.485300012398511 ], [ -730781.61651406576857, 1387591.509406643919647 ], [ -730937.47009999724105, 1387675.678000000771135 ], [ -730984.78962606145069, 1387669.898199304472655 ], [ -731338.739599995780736, 1387626.665300010703504 ], [ -731910.407499999273568, 1387796.008600004483014 ], [ -733005.116000002250075, 1388909.973199995234609 ], [ -732992.522899996954948, 1389050.706900005694479 ], [ -733037.888499998021871, 1389590.599300012458116 ], [ -733085.414599996525794, 1389759.331500004045665 ], [ -732928.108099997509271, 1389637.167900006752461 ], [ -732917.312399998772889, 1389049.018500001635402 ], [ -732848.732899996917695, 1388991.583300008904189 ] ] ] } },
{ "type": "Feature", "properties": { "ID": 2296, "YEAR": "2017-2018", "Perimtr_KM": 16.817204569400001, "AREA_KM": 1.59747230368, "SCALE": 1, "THICKNES_M": 157.02799479199999, "VOLUME_KM": 0.25084787258000002, "MASS_GT": 0.23002749916000001, "RECURRANCE": "1-2", "UA_KM": 0.08408602285, "UH_M": 13.0333235035, "UC_KM": 0.01919342767, "REGION": "East", "ICESHELF": "Brunt_Stancomb" }, "geometry": { "type": "Polygon", "coordinates": [ [ [ -706550.218214455060661, 1475345.278335676994175 ], [ -706566.189073428977281, 1474402.999735116027296 ], [ -706569.511399996932596, 1474206.982900012284517 ], [ -706772.821421698201448, 1473789.662283022422343 ], [ -706871.136999996844679, 1473587.856600000988692 ], [ -706863.199499994050711, 1472278.166499997023493 ], [ -706830.454500002320856, 1471847.804499993100762 ], [ -706656.824100000783801, 1471285.977 ], [ -706132.94799999659881, 1470777.976000006776303 ], [ -706092.817100000567734, 1470255.887100002262741 ], [ -706133.875899999402463, 1470552.589599995873868 ], [ -706756.460700000170618, 1471231.906300011556596 ], [ -706753.198500000871718, 1471293.13580000307411 ], [ -706813.202899999916553, 1471682.300099996849895 ], [ -706937.606400002259761, 1471918.809599998872727 ], [ -707117.469299998134375, 1472157.941100006457418 ], [ -707316.275599998887628, 1472334.484599999617785 ], [ -707320.189599997363985, 1472351.532000004313886 ], [ -707324.417999998200685, 1472369.502200002316386 ], [ -707328.16789999557659, 1472388.188800006173551 ], [ -707332.377900002058595, 1472408.502799994777888 ], [ -707344.076399997808039, 1472657.019400012213737 ], [ -707051.235900000669062, 1473345.229400002863258 ], [ -706899.096999996807426, 1474271.413100006524473 ], [ -706796.135499999392778, 1474594.11870000557974 ], [ -706837.885653364937752, 1475298.736705391667783 ], [ -706839.855000000912696, 1475331.973399999551475 ], [ -706622.936200000345707, 1475714.419200013391674 ], [ -706512.148499995470047, 1476281.948400001507252 ], [ -705897.89409999968484, 1476775.440699992701411 ], [ -705691.881900001782924, 1476910.329400006216019 ], [ -705657.321800000965595, 1477100.169500005897135 ], [ -705461.430799994617701, 1477536.503899997100234 ], [ -705438.847500002477318, 1477588.633300002198666 ], [ -705446.641599998343736, 1477709.721500012557954 ], [ -705366.789399996865541, 1477769.723600011318922 ], [ -705370.946500000078231, 1477358.176700006704777 ], [ -705577.321899999864399, 1476905.73820000840351 ], [ -705958.322700000368059, 1476516.800000002607703 ], [ -706442.511099999770522, 1475889.736200001556426 ], [ -706545.698800003156066, 1475611.923200002405792 ], [ -706550.218214455060661, 1475345.278335676994175 ] ] ] } },
{ "type": "Feature", "properties": { "ID": 2298, "YEAR": "2017-2018", "Perimtr_KM": 14.3806737934, "AREA_KM": 2.9041083349400001, "SCALE": 1, "THICKNES_M": 53.9022712708, "VOLUME_KM": 0.15653803527, "MASS_GT": 0.14354537834, "RECURRANCE": "5-6", "UA_KM": 0.07190336897000001, "UH_M": 4.4738884934199996, "UC_KM": 0.01197738465, "REGION": "East", "ICESHELF": "Brunt_Stancomb" }, "geometry": { "type": "Polygon", "coordinates": [ [ [ -699823.780399997252971, 1492338.914899995550513 ], [ -699245.003199996426702, 1491760.137700001709163 ], [ -698748.908499997109175, 1491015.995600003283471 ], [ -698616.616599998436868, 1490619.119799996260554 ], [ -698120.52180000115186, 1490123.025100003462285 ], [ -697376.379700002726167, 1489395.419500014744699 ], [ -697227.551300000865012, 1489296.200500010512769 ], [ -696781.06599999871105, 1489312.737000006716698 ], [ -696466.872699999716133, 1489296.200500010512769 ], [ -696781.06599999871105, 1488833.17879999615252 ], [ -697045.649900000542402, 1488700.8868 ], [ -697152.077899998985231, 1488356.090100015513599 ], [ -697404.383799996692687, 1488777.791200011502951 ], [ -697441.925199997145683, 1488822.244199993088841 ], [ -697478.663199997041374, 1488862.750900003127754 ], [ -697518.645499997772276, 1488907.678199994377792 ], [ -697578.493499999400228, 1489033.842599994968623 ], [ -697625.668799998704344, 1489090.083400007337332 ], [ -697671.129799996968359, 1489149.904799999669194 ], [ -697718.083599995356053, 1489202.327100009191781 ], [ -697766.275399999227375, 1489264.563300010282546 ], [ -697816.61239999672398, 1489321.198999996762723 ], [ -697931.052600001450628, 1489506.385499999858439 ], [ -698305.225200000219047, 1489598.85870000300929 ], [ -698649.896400002297014, 1490094.849800004158169 ], [ -698846.77659999858588, 1490362.581599996425211 ], [ -698844.846299999393523, 1490617.49280000384897 ], [ -698872.150200000032783, 1490647.045900001190603 ], [ -698904.525999997742474, 1490677.088100008666515 ], [ -698939.041599998250604, 1490706.269300006795675 ], [ -698971.503199994098395, 1490740.36570000462234 ], [ -699003.795699996408075, 1490776.378000005614012 ], [ -699042.766199997626245, 1490829.035700007807463 ], [ -699073.989100002683699, 1490854.247700003441423 ], [ -699107.291799996513873, 1490881.196300008799881 ], [ -699161.763500003144145, 1491085.018300002906471 ], [ -699394.189200000371784, 1491037.957000005058944 ], [ -699406.401499999221414, 1491046.087800005916506 ], [ -699419.031199991237372, 1491053.389400008134544 ], [ -699427.534000003244728, 1491046.877000007312745 ], [ -699442.463299992959946, 1491051.19229999743402 ], [ -699456.394400001503527, 1491059.270300006028265 ], [ -699470.901900001335889, 1491066.606500001624227 ], [ -699503.037900001276284, 1491071.526100005488843 ], [ -699526.472499999217689, 1491069.762400004081428 ], [ -699765.66910000378266, 1491589.18439999781549 ], [ -699938.584199996199459, 1491901.430399994831532 ], [ -700129.592400001361966, 1491978.535100009292364 ], [ -700468.447999998461455, 1491926.512799997814 ], [ -700683.045599997974932, 1492020.102700005751103 ], [ -700824.190100001171231, 1492260.497300004120916 ], [ -700720.603599995840341, 1492513.230699996929616 ], [ -700592.253800000995398, 1492625.153099996037781 ], [ -700621.498200001195073, 1493165.547000001184642 ], [ -700618.036899994593114, 1493283.012500002514571 ], [ -700638.176199995912611, 1493316.104600015562028 ], [ -700319.87520000198856, 1493049.984100013505667 ], [ -699823.780399997252971, 1492338.914899995550513 ] ] ] } },
{ "type": "Feature", "properties": { "ID": 2310, "YEAR": "2017-2018", "Perimtr_KM": 21.703143336099998, "AREA_KM": 6.0601291762500002, "SCALE": 1, "THICKNES_M": 170.34657160399999, "VOLUME_KM": 1.03232222865, "MASS_GT": 0.94663948366999995, "RECURRANCE": "4-5", "UA_KM": 0.10851571668, "UH_M": 14.1387653734, "UC_KM": 0.07898732337, "REGION": "East", "ICESHELF": "Brunt_Stancomb" }, "geometry": { "type": "Polygon", "coordinates": [ [ [ -705285.673299993854016, 1512383.347399997059256 ], [ -704714.172199997585267, 1511970.596600004006177 ], [ -704333.171399996615946, 1512182.263699996285141 ], [ -703602.919899999164045, 1512034.096700007095933 ], [ -703465.336300001945347, 1511790.679499997291714 ], [ -702883.251800000201911, 1511716.596100007649511 ], [ -703444.169599995948374, 1511314.42860000114888 ], [ -703867.503800000995398, 1511314.42860000114888 ], [ -704735.338899996131659, 1510827.594300013501197 ], [ -705211.589799999259412, 1510467.76020001154393 ], [ -706195.841800000052899, 1510298.426600001286715 ], [ -706820.259699998889118, 1510203.1764000011608 ], [ -707211.843799999915063, 1509959.759199997875839 ], [ -707804.511699999682605, 1510012.675999993924052 ], [ -708174.929099995177239, 1509790.425499996636063 ], [ -708851.549899999983609, 1509335.820900014601648 ], [ -708874.916800000239164, 1509368.030299996957183 ], [ -708943.82499999506399, 1509638.650299998000264 ], [ -708929.232999997679144, 1509640.681500010192394 ], [ -708391.399300000630319, 1509985.168000000994653 ], [ -707813.103000001981854, 1510388.373600001446903 ], [ -707253.852300000842661, 1510263.292600012850016 ], [ -706817.325100001879036, 1510452.311600002925843 ], [ -706612.658800000790507, 1510563.667700006626546 ], [ -706325.153499996755272, 1510545.682400007732213 ], [ -705676.911200002301484, 1510714.013399998657405 ], [ -705102.864600000437349, 1510866.937799998559058 ], [ -704388.302799996454269, 1511288.839899996295571 ], [ -705217.491500003263354, 1511093.385599999222904 ], [ -706108.383599998429418, 1510934.285400005057454 ], [ -706745.525099997408688, 1510849.7569 ], [ -707104.118299998808652, 1510937.491099993232638 ], [ -707039.129500000271946, 1511124.486899996176362 ], [ -706610.566599995363504, 1511261.550400004722178 ], [ -707257.053800000809133, 1511852.11610000114888 ], [ -707172.827799998689443, 1512347.542900007218122 ], [ -707216.513099998701364, 1512382.260400005150586 ], [ -706936.676599998027086, 1512478.59760000417009 ], [ -706523.925799997989088, 1512785.514899996574968 ], [ -705941.841299996711314, 1512520.931000008247793 ], [ -705285.673299993854016, 1512383.347399997059256 ] ] ] } },
{ "type": "Feature", "properties": { "ID": 2324, "YEAR": "2017-2018", "Perimtr_KM": 15.543330814100001, "AREA_KM": 7.7935868665100001, "SCALE": 1, "THICKNES_M": 67.989888468100006, "VOLUME_KM": 0.52988510182000004, "MASS_GT": 0.48590463836999997, "RECURRANCE": "5-6", "UA_KM": 0.07771665407, "UH_M": 5.6431607150299996, "UC_KM": 0.0405437418, "REGION": "East", "ICESHELF": "Brunt_Stancomb" }, "geometry": { "type": "Polygon", "coordinates": [ [ [ -647092.723899999633431, 1596230.854000001680106 ], [ -646993.505000000353903, 1595695.071599996648729 ], [ -646629.702199999243021, 1595172.518500006292015 ], [ -646510.639399998355657, 1594835.17409999622032 ], [ -646252.670200002379715, 1593928.97440000064671 ], [ -646060.846900000236928, 1593591.629900006111711 ], [ -645749.960799996741116, 1593247.670900001656264 ], [ -645650.808899995870888, 1592581.338700010441244 ], [ -645671.952699997927994, 1592585.82389999832958 ], [ -645697.086599999573082, 1592594.88539999909699 ], [ -645716.662399995606393, 1592600.045500006061047 ], [ -645740.360300002619624, 1592609.639300002716482 ], [ -645760.600900002289563, 1592617.030200005508959 ], [ -645778.24839999852702, 1592623.045799999497831 ], [ -645792.519699994474649, 1592626.794400002807379 ], [ -645825.915299996733665, 1592639.215500006452203 ], [ -645862.138399995397776, 1592654.526200003921986 ], [ -645898.389899999834597, 1592670.067300002090633 ], [ -645934.650899998378009, 1592686.008100004401058 ], [ -645968.122200003359467, 1592699.689599993638694 ], [ -646004.411499996203929, 1592716.168599999509752 ], [ -646040.696999999694526, 1592733.042200005613267 ], [ -646069.381999998819083, 1592743.493600006680936 ], [ -646108.57279999833554, 1592763.582199999596924 ], [ -646147.745900002773851, 1592784.059700008947402 ], [ -646184.101999998558313, 1592802.266400003805757 ], [ -646220.531199995893985, 1592820.972500007133931 ], [ -646249.235799998510629, 1592833.130900009535253 ], [ -646462.566599994897842, 1593053.750700002536178 ], [ -646766.020900002215058, 1593126.473499992862344 ], [ -646825.204499999061227, 1593164.404099996201694 ], [ -646857.104399993550032, 1593185.862899994943291 ], [ -646903.333299997262657, 1593217.185900002252311 ], [ -646959.449499995447695, 1593253.407299994956702 ], [ -647419.83490000013262, 1593479.308200008701533 ], [ -647473.743299997411668, 1593742.310700002126396 ], [ -647362.840199999976903, 1593884.36680000461638 ], [ -647361.328299999702722, 1593889.161600012332201 ], [ -647367.370900001376867, 1593899.456400006543845 ], [ -647368.291199997533113, 1593904.844400004949421 ], [ -647372.326399998739362, 1593912.572400004602969 ], [ -647373.49140000063926, 1593917.024399997200817 ], [ -647374.79039999935776, 1593921.024800002109259 ], [ -647381.460400000214577, 1593928.997800014447421 ], [ -647386.048200000077486, 1593934.939000005833805 ], [ -647387.802199997473508, 1593937.646600007079542 ], [ -647389.783199998550117, 1593939.983600008767098 ], [ -647400.026200000196695, 1593949.032000000588596 ], [ -647402.345400001853704, 1593950.539599994197488 ], [ -647412.937000001315027, 1593958.767200011294335 ], [ -647415.61419999692589, 1593959.461000001057982 ], [ -647418.476500002667308, 1593959.752000003587455 ], [ -647426.691100002732128, 1593964.005600008182228 ], [ -647438.166799996979535, 1593970.642000015359372 ], [ -647442.004400000441819, 1593969.779999999795109 ], [ -647457.717500000726432, 1593978.797700006049126 ], [ -647470.990300001576543, 1593984.693000006023794 ], [ -647479.230600001290441, 1593985.521200011949986 ], [ -647493.55519999936223, 1593990.720100007485598 ], [ -647508.08659999538213, 1593995.231899997219443 ], [ -647526.628899991046637, 1594002.582600006833673 ], [ -647542.4632000005804, 1594006.76770000346005 ], [ -647553.513399999123067, 1594005.946100011002272 ], [ -647570.97700000135228, 1594009.553400004748255 ], [ -647592.541399997659028, 1594015.699700016062707 ], [ -647613.694600002840161, 1594021.592999996151775 ], [ -647636.590500000864267, 1594027.267300005536526 ], [ -647716.210299995262176, 1594042.0162000101991 ], [ -647748.426800000946969, 1594047.490700013004243 ], [ -647784.725000001024455, 1594056.673300004564226 ], [ -647794.518799999728799, 1594055.433300006203353 ], [ -647809.182299998123199, 1594059.10610000230372 ], [ -647828.933999997097999, 1594066.025300010573119 ], [ -647841.599499998614192, 1594067.342000011354685 ], [ -647856.883399997837842, 1594072.113499996252358 ], [ -647871.535399995278567, 1594077.231700011063367 ], [ -647877.08030000096187, 1594075.178900002036244 ], [ -647887.302099998109043, 1594077.904200004879385 ], [ -647903.699700003489852, 1594087.2607 ], [ -647912.895399996545166, 1594090.735900005325675 ], [ -647921.168899998534471, 1594093.961099999491125 ], [ -647934.474600000772625, 1594102.210000012535602 ], [ -647938.883299995679408, 1594103.483600004576147 ], [ -647954.947799996472895, 1594116.016400009393692 ], [ -647840.239500000141561, 1594417.730300003662705 ], [ -647846.636100003030151, 1594581.894300005864352 ], [ -648100.885800000280142, 1594768.505700001958758 ], [ -648104.59569999948144, 1594764.159100010991096 ], [ -648122.00669999839738, 1594770.995100001804531 ], [ -648139.796499997377396, 1594777.450699998065829 ], [ -648157.977699995040894, 1594783.526700004003942 ], [ -648182.773899998981506, 1594794.808300003409386 ], [ -648201.781700001098216, 1594800.126900005619973 ], [ -648221.235199997201562, 1594805.066500004846603 ], [ -648247.366799996700138, 1594815.210700004827231 ], [ -648267.791800000704825, 1594819.387700004968792 ], [ -648301.224399995058775, 1594825.301300008315593 ], [ -648330.000599996186793, 1594824.638500011526048 ], [ -648372.882199994754046, 1594834.163799999281764 ], [ -648419.060400004032999, 1594842.952900001779199 ], [ -648456.311899993102998, 1594847.861100009642541 ], [ -648510.244699996896088, 1594863.081299996934831 ], [ -648657.151399991940707, 1594882.463900006841868 ], [ -648707.440099999308586, 1594884.960100002586842 ], [ -648761.408399998676032, 1594892.086400002706796 ], [ -648810.996100001502782, 1594900.271000016015023 ], [ -648832.326499996706843, 1594900.905999994836748 ], [ -648857.028299996163696, 1594905.628400006331503 ], [ -648881.121099997311831, 1594910.716499995905906 ], [ -648900.357699999585748, 1594912.650000004097819 ], [ -648923.654899995774031, 1594918.243800000753254 ], [ -648937.638699999079108, 1594916.962699993513525 ], [ -648959.80510000186041, 1594923.439200000837445 ], [ -648977.497900002636015, 1594926.548200004734099 ], [ -648998.884899999946356, 1594933.701700001489371 ], [ -649015.599899999797344, 1594937.286900009494275 ], [ -649032.201599997468293, 1594941.409100004471838 ], [ -649495.189200000837445, 1595111.83210001187399 ], [ -649806.958799998275936, 1595422.029800015967339 ], [ -649969.03429999994114, 1595629.117800012230873 ], [ -649973.376899998169392, 1595634.202200009953231 ], [ -649981.682399999815971, 1595643.142099996097386 ], [ -649989.88430000282824, 1595652.41770000057295 ], [ -649991.390899996738881, 1595656.458200007677078 ], [ -649998.946699998807162, 1595665.524800005368888 ], [ -650349.31429999647662, 1595832.93159999884665 ], [ -650220.814800002146512, 1596135.7419000021182 ], [ -649731.697700003162026, 1596096.734200006350875 ], [ -649387.864299999084324, 1596252.788299997802824 ], [ -649370.5594999990426, 1596318.270899998024106 ], [ -649006.4117999994196, 1596736.726100011728704 ], [ -648960.334799997042865, 1596909.816499999258667 ], [ -648929.647999998182058, 1597467.080299999099225 ], [ -648858.821199994068593, 1597441.325100007932633 ], [ -648680.227100000716746, 1597156.897500007413328 ], [ -648660.383299997076392, 1596819.553100003860891 ], [ -648389.184899998828769, 1596740.177900003734976 ], [ -647952.621499998494983, 1596660.8027000031434 ], [ -647396.995400001760572, 1596502.052399999462068 ], [ -647092.723899999633431, 1596230.854000001680106 ] ] ] } },
{ "type": "Feature", "properties": { "ID": 2328, "YEAR": "2017-2018", "Perimtr_KM": 12.739326050900001, "AREA_KM": 1.5855327288800001, "SCALE": 1, "THICKNES_M": 152.11284201500001, "VOLUME_KM": 0.2411798895, "MASS_GT": 0.22116195867, "RECURRANCE": ">8", "UA_KM": 0.06369663025, "UH_M": 12.625365825, "UC_KM": 0.01845368955, "REGION": "East", "ICESHELF": "Brunt_Stancomb" }, "geometry": { "type": "Polygon", "coordinates": [ [ [ -661030.989399999845773, 1599089.139100004918873 ], [ -660850.648099998012185, 1598996.40900000417605 ], [ -660774.822299995459616, 1599037.884500002954155 ], [ -660745.833500000182539, 1599101.020900014322251 ], [ -660485.095800001639873, 1599100.128500006627291 ], [ -660233.449299995787442, 1598880.630800002720207 ], [ -660179.655499994754791, 1598813.124999995343387 ], [ -660178.077799998689443, 1598487.373600001446903 ], [ -660172.285500002559274, 1598351.370400012005121 ], [ -659952.254500002600253, 1598327.297699997201562 ], [ -659971.705799996387213, 1598058.697299996390939 ], [ -659791.426399996038526, 1598018.671400010585785 ], [ -659704.015099999960512, 1597703.833299996796995 ], [ -659459.91490000160411, 1597445.539600010029972 ], [ -659453.6692999987863, 1597457.416000008117408 ], [ -659444.1659000008367, 1597467.479999996256083 ], [ -659435.834399998188019, 1597479.943400004412979 ], [ -659426.917800000868738, 1597492.908500007353723 ], [ -659419.311700003221631, 1597507.812799996230751 ], [ -659408.422299999278039, 1597521.205000002402812 ], [ -659400.922799998894334, 1597538.184400002472103 ], [ -659468.16299999691546, 1597663.362099995836616 ], [ -659434.059900002088398, 1597976.04950000019744 ], [ -659494.578399998135865, 1598119.000599997583777 ], [ -659475.619599998462945, 1598265.771100006997585 ], [ -659413.572599997743964, 1598323.336899998597801 ], [ -659389.33659999910742, 1598500.190599998924881 ], [ -659349.571400001179427, 1597381.793800001963973 ], [ -659349.571400001179427, 1596984.918000015430152 ], [ -659118.060499998740852, 1596793.094699999317527 ], [ -658833.632800000254065, 1596488.823199997190386 ], [ -658886.549600002821535, 1596376.375100009143353 ], [ -659309.883800000883639, 1596621.115200014319271 ], [ -659660.457399999722838, 1596852.626000005286187 ], [ -660011.030999998562038, 1597150.282900006044656 ], [ -660050.718599998857826, 1597275.960200003348291 ], [ -659984.572600000537932, 1597487.627300016116351 ], [ -660103.635400001425296, 1597659.606800008099526 ], [ -660341.760899998247623, 1597838.200899994466454 ], [ -660401.292199997697026, 1598182.159900012426078 ], [ -660467.438200002536178, 1598248.305900010745972 ], [ -660500.511200001463294, 1598499.660599996335804 ], [ -660328.531699995975941, 1598612.108700011856854 ], [ -660336.826400002930313, 1598865.098700015805662 ], [ -660447.594399998895824, 1598916.380199993494898 ], [ -660659.261499998159707, 1598916.380199993494898 ], [ -660718.792900002095848, 1598817.161200002767146 ], [ -660857.699400001671165, 1598790.702800005208701 ], [ -661003.220499995630234, 1598856.848800003062934 ], [ -661069.366500000935048, 1598856.848800003062934 ], [ -661208.273000000510365, 1598784.088200003840029 ], [ -661353.794100001454353, 1598817.161200002767146 ], [ -661565.461200000252575, 1599002.369899997487664 ], [ -661558.846599999349564, 1599194.193200006615371 ], [ -661648.682499999180436, 1599667.969000007025898 ], [ -661505.690200001932681, 1599445.7727 ], [ -661251.388600000645965, 1599421.025700008030981 ], [ -661222.605400000698864, 1599399.702300004661083 ], [ -661195.171100004110485, 1599380.187299998477101 ], [ -661167.334500002209097, 1599360.287100009154528 ], [ -661030.989399999845773, 1599089.139100004918873 ] ] ] } },
{ "type": "Feature", "properties": { "ID": 2330, "YEAR": "2017-2018", "Perimtr_KM": 7.5201073548600004, "AREA_KM": 1.51552607302, "SCALE": 1, "THICKNES_M": 163.34365692099999, "VOLUME_KM": 0.24755157093, "MASS_GT": 0.22700479054, "RECURRANCE": ">8", "UA_KM": 0.03760053677, "UH_M": 13.5575234576, "UC_KM": 0.01894121374, "REGION": "East", "ICESHELF": "Brunt_Stancomb" }, "geometry": { "type": "Polygon", "coordinates": [ [ [ -683644.984499994665384, 1600245.914100000634789 ], [ -684284.342799998819828, 1599518.189199997577816 ], [ -684282.795200000982732, 1599534.230900006368756 ], [ -684184.779499997384846, 1599867.303100007586181 ], [ -684098.940299996640533, 1600219.3421 ], [ -684009.208899996709079, 1600437.088100006338209 ], [ -683888.439499999862164, 1600622.120800006669015 ], [ -683954.848999996203929, 1600729.173399994615465 ], [ -684117.110199996270239, 1600838.883200003299862 ], [ -684184.288299996871501, 1600961.25340001611039 ], [ -684184.67350000096485, 1601019.694300011731684 ], [ -684185.943499999120831, 1601067.612700003664941 ], [ -684187.528200000524521, 1601116.534600003622472 ], [ -684189.302700003609061, 1601166.682600009720773 ], [ -684191.376299991738051, 1601218.0615000044927 ], [ -684194.013699999079108, 1601271.004899995867163 ], [ -684197.200499996077269, 1601325.499700001906604 ], [ -684200.749499995727092, 1601381.803700002841651 ], [ -684204.055399998091161, 1601439.710300002712756 ], [ -684210.625700001604855, 1601538.106300002895296 ], [ -684288.347000000532717, 1601694.244500000495464 ], [ -684251.328899998217821, 1602127.430600009392947 ], [ -684372.636499998625368, 1602357.553200005553663 ], [ -684348.923399999272078, 1602765.09240000648424 ], [ -684208.928600000217557, 1602892.397400002460927 ], [ -683969.099799999967217, 1602554.408300003036857 ], [ -683783.891099998727441, 1602144.303300006780773 ], [ -683492.848799999337643, 1601734.198300004471093 ], [ -683539.151000000536442, 1601171.957599999848753 ], [ -683644.984499994665384, 1600245.914100000634789 ] ] ] } },
{ "type": "Feature", "properties": { "ID": 2334, "YEAR": "2017-2018", "Perimtr_KM": 5.0073932705699997, "AREA_KM": 1.68850297238, "SCALE": 1, "THICKNES_M": 87.702571323900003, "VOLUME_KM": 0.14808605237, "MASS_GT": 0.13579491002, "RECURRANCE": ">8", "UA_KM": 0.02503696635, "UH_M": 7.2793133839899999, "UC_KM": 0.01133068782, "REGION": "East", "ICESHELF": "Brunt_Stancomb" }, "geometry": { "type": "Polygon", "coordinates": [ [ [ -709633.734400000888854, 1608957.337699993047863 ], [ -709931.391300001647323, 1608871.348000003024936 ], [ -710341.496299997437745, 1609069.785899999551475 ], [ -710401.027600003406405, 1609440.203300002031028 ], [ -710476.586499996017665, 1610224.275500010233372 ], [ -710242.035500003024936, 1610361.41010000789538 ], [ -710184.756899997126311, 1610396.179200015496463 ], [ -709915.115100001916289, 1610584.509699994698167 ], [ -709781.832399998791516, 1610496.423400008119643 ], [ -709491.721799998544157, 1610161.280299997422844 ], [ -709255.684399996418506, 1609828.732199997641146 ], [ -709076.804999999236315, 1609400.531900007743388 ], [ -709070.640399998053908, 1609360.343500000890344 ], [ -709063.726500002667308, 1609323.007500007282943 ], [ -709060.070800000801682, 1609304.867300007492304 ], [ -709056.333699997980148, 1609287.182300015818328 ], [ -709052.665299999527633, 1609269.482499996665865 ], [ -709048.473299995530397, 1609252.715699997264892 ], [ -709044.374299991410226, 1609236.301699997391552 ], [ -709040.167500000447035, 1609220.246100003365427 ], [ -709036.366500003263354, 1609203.7867999994196 ], [ -709010.597600002307445, 1609140.503899997100234 ], [ -709197.171099998056889, 1609010.254500009585172 ], [ -709633.734400000888854, 1608957.337699993047863 ] ] ] } },
{ "type": "Feature", "properties": { "ID": 2335, "YEAR": "2017-2018", "Perimtr_KM": 5.6462298292900002, "AREA_KM": 1.1885808255400001, "SCALE": 1, "THICKNES_M": 132.366821289, "VOLUME_KM": 0.15732866572000001, "MASS_GT": 0.14427038647000001, "RECURRANCE": ">8", "UA_KM": 0.02823114915, "UH_M": 10.986446112799999, "UC_KM": 0.01203787911, "REGION": "East", "ICESHELF": "Brunt_Stancomb" }, "geometry": { "type": "Polygon", "coordinates": [ [ [ -645121.574199998751283, 1609718.016399999149144 ], [ -645156.770699996966869, 1609349.392000013031065 ], [ -645162.8840999933891, 1609358.823000001255423 ], [ -645169.515200000721961, 1609368.075400001369417 ], [ -645176.667800002731383, 1609377.154400001745671 ], [ -645184.522999996785074, 1609386.276699999347329 ], [ -645192.909100001677871, 1609395.237399998120964 ], [ -645201.876600003335625, 1609404.096000015269965 ], [ -645211.344100000336766, 1609412.753400007262826 ], [ -645221.392600001767278, 1609421.310399996116757 ], [ -645232.002000001259148, 1609429.73559999698773 ], [ -645243.227800002321601, 1609438.091200005728751 ], [ -645254.995700001716614, 1609446.281600001268089 ], [ -645267.184299999848008, 1609454.156200003344566 ], [ -645279.95089999679476, 1609461.890000005718321 ], [ -645293.363300001248717, 1609469.549700006376952 ], [ -645307.452399994712323, 1609477.153400006238371 ], [ -645319.090199998114258, 1609483.136000007390976 ], [ -645331.196400002576411, 1609489.107500013429672 ], [ -645343.797699995338917, 1609495.081500008236617 ], [ -645356.658599998801947, 1609501.003999998327345 ], [ -645382.218599997460842, 1609512.479400005657226 ], [ -645410.603799998760223, 1609524.339499993249774 ], [ -645437.903700000140816, 1609534.874000007286668 ], [ -645468.954400000628084, 1609546.393900001421571 ], [ -645833.358199995011091, 1609813.655999998562038 ], [ -646332.034300000872463, 1610246.083200007211417 ], [ -646321.368999998550862, 1610480.106700013857335 ], [ -646334.598200000822544, 1610790.992799996864051 ], [ -646515.306499994825572, 1611223.62420000275597 ], [ -646655.7955, 1611379.114700011443347 ], [ -646365.118299997411668, 1611331.977899993304163 ], [ -646146.836599997244775, 1611298.904900001361966 ], [ -646060.846900000236928, 1610988.018900002818555 ], [ -645875.638199998997152, 1610657.289100000634789 ], [ -645604.439699996262789, 1610571.299299998674542 ], [ -645425.845600002910942, 1610498.538700006436557 ], [ -645128.188800000119954, 1610048.74619999434799 ], [ -645121.574199998751283, 1609718.016399999149144 ] ] ] } },
{ "type": "Feature", "properties": { "ID": 2337, "YEAR": "2017-2018", "Perimtr_KM": 16.112953745799999, "AREA_KM": 3.4305834499499999, "SCALE": 1, "THICKNES_M": 192.524283091, "VOLUME_KM": 0.66047061927999995, "MASS_GT": 0.60565155789000003, "RECURRANCE": ">8", "UA_KM": 0.08056476873, "UH_M": 15.9795154178, "UC_KM": 0.05053538996, "REGION": "East", "ICESHELF": "Brunt_Stancomb" }, "geometry": { "type": "Polygon", "coordinates": [ [ [ -732600.756499995477498, 1612441.974400013219565 ], [ -732230.244100001174957, 1612402.998700003605336 ], [ -732039.693200001958758, 1612486.174000006169081 ], [ -731870.306000002194196, 1612390.202799999155104 ], [ -731775.01869999896735, 1612363.153599994722754 ], [ -731664.874200000893325, 1612484.346500007901341 ], [ -731798.45380000025034, 1612210.925500007811934 ], [ -732014.354200000874698, 1612064.875200001522899 ], [ -732369.954899996519089, 1612166.475400007329881 ], [ -732630.305399998091161, 1612356.975800007581711 ], [ -732888.90000000083819, 1612377.663400007877499 ], [ -732890.655999998096377, 1612376.025800002738833 ], [ -733043.056299996096641, 1612223.625500011723489 ], [ -733163.706499996595085, 1611925.174900000914931 ], [ -733335.15680000372231, 1611696.574499995913357 ], [ -733760.607699998654425, 1611772.774600009433925 ], [ -734065.408300001174212, 1611290.173700008075684 ], [ -734281.308699995279312, 1611086.9733000039123 ], [ -734757.559700002893806, 1611213.973499996587634 ], [ -735125.860399995464832, 1611131.423300000373274 ], [ -735703.711599994916469, 1610909.172900007572025 ], [ -736389.512999997939914, 1610521.822100001387298 ], [ -737259.464699998497963, 1609778.87060001399368 ], [ -737666.541499996557832, 1609818.392700000666082 ], [ -737606.057199995499104, 1609896.331000004895031 ], [ -737304.343600001651794, 1610105.4202 ], [ -737185.587499998975545, 1610126.540099998470396 ], [ -737141.23339999653399, 1610134.726900014095008 ], [ -736937.84379999851808, 1610126.082800006028265 ], [ -736906.512599997222424, 1610161.349599995650351 ], [ -736832.007599999196827, 1610416.696200005710125 ], [ -736617.002899999264628, 1610654.056400004774332 ], [ -736510.780600000638515, 1610657.850000011734664 ], [ -736365.595700001344085, 1610666.504300006665289 ], [ -736322.620099996682256, 1611076.197500003036112 ], [ -735915.78120000148192, 1611570.489200002513826 ], [ -735710.691199995111674, 1611573.027099994942546 ], [ -735505.592199997510761, 1611456.611099998001009 ], [ -735386.501100002322346, 1611347.140000002458692 ], [ -735188.026899999473244, 1611290.181099998299032 ], [ -734945.556499997153878, 1611277.209600004833192 ], [ -734850.307400001678616, 1611482.869500007014722 ], [ -734841.874699998646975, 1611671.633800014387816 ], [ -734825.525199994444847, 1611686.59020000975579 ], [ -734834.466799999587238, 1611958.422400004696101 ], [ -734706.668000002857298, 1611984.025400007143617 ], [ -734708.587999996729195, 1612010.546399998944253 ], [ -734711.005799998063594, 1612035.536599999759346 ], [ -734714.234900000039488, 1612063.376699997112155 ], [ -734569.588000001385808, 1612098.622700001113117 ], [ -734500.818799995351583, 1612536.64360000891611 ], [ -734209.745699998456985, 1612720.019700001459569 ], [ -733982.18519999878481, 1612977.535500012803823 ], [ -733796.950399998575449, 1613029.278300002217293 ], [ -733518.846900000236928, 1612971.500300015322864 ], [ -733504.945899996440858, 1612951.925200004596263 ], [ -733469.165600003674626, 1612900.843699995428324 ], [ -733458.580400001723319, 1612886.133700004313141 ], [ -733448.909000000916421, 1612873.267100009601563 ], [ -733437.95439999550581, 1612859.213000008370727 ], [ -733427.464000003412366, 1612846.576699996367097 ], [ -733417.240800000727177, 1612834.995900007430464 ], [ -733407.189399997703731, 1612824.486800006590784 ], [ -733386.836800003424287, 1612804.467500005383044 ], [ -733365.88499999884516, 1612784.579499995335937 ], [ -733344.342400001361966, 1612764.897300004027784 ], [ -733322.216699995100498, 1612745.550100005231798 ], [ -733299.519999995827675, 1612726.421100007370114 ], [ -733276.267099997028708, 1612707.497700004838407 ], [ -733252.466599998064339, 1612688.940100005827844 ], [ -733228.135799996554852, 1612670.6966000078246 ], [ -733203.275999998673797, 1612652.552500000223517 ], [ -733177.913800000213087, 1612634.714800002984703 ], [ -733152.066199997439981, 1612617.446400000713766 ], [ -732754.255199995357543, 1612543.262400005012751 ], [ -732600.756499995477498, 1612441.974400013219565 ] ] ] } },
{ "type": "Feature", "properties": { "ID": 2346, "YEAR": "2017-2018", "Perimtr_KM": 26.7147315291, "AREA_KM": 3.6362448231400002, "SCALE": 1, "THICKNES_M": 12.216735331200001, "VOLUME_KM": 0.0444230406, "MASS_GT": 0.04073592823, "RECURRANCE": ">8", "UA_KM": 0.13357365765000001, "UH_M": 1.0139890274900001, "UC_KM": 0.00339899401, "REGION": "East", "ICESHELF": "Riiser-Larsen" }, "geometry": { "type": "Polygon", "coordinates": [ [ [ -623728.3412000015378, 1791773.240299993660301 ], [ -624286.136700002476573, 1791039.440800010692328 ], [ -624088.549399998504668, 1791546.222600005101413 ], [ -623718.669299997389317, 1792094.666300002019852 ], [ -623544.561299994122237, 1792480.750900006387383 ], [ -622769.660300001502037, 1793309.225299996789545 ], [ -621854.111800001934171, 1794438.528800001833588 ], [ -621665.768100002314895, 1794841.684799998532981 ], [ -620577.001699999906123, 1795929.224800001364201 ], [ -620293.936699998565018, 1796004.605300007853657 ], [ -618695.03269999474287, 1797796.707299994770437 ], [ -618484.404200000222772, 1798039.991799994837493 ], [ -617878.394399997312576, 1798510.021200000774115 ], [ -617264.164000002667308, 1799197.886399996932596 ], [ -615485.287599997129291, 1800795.437100013252348 ], [ -615759.075199997518212, 1800155.257100005168468 ], [ -616478.743299996480346, 1799689.589500009547919 ], [ -617399.495200001168996, 1798758.254299997817725 ], [ -618002.746399994473904, 1797911.585900008212775 ], [ -618108.579900001641363, 1797742.252199999522418 ], [ -618563.664199997205287, 1797435.335000011604279 ], [ -619188.082099996041507, 1796895.583900007884949 ], [ -619378.582499996293336, 1796281.749300002586097 ], [ -619876.000099997967482, 1795911.331900006625801 ], [ -620765.001899998635054, 1795043.49680001148954 ], [ -621230.669500001240522, 1794641.329400003422052 ], [ -621823.337400001008064, 1794048.66150001110509 ], [ -623234.432099998462945, 1792712.871800006832927 ], [ -623294.423599991481751, 1792228.324500005226582 ], [ -623728.3412000015378, 1791773.240299993660301 ] ] ] } },
{ "type": "Feature", "properties": { "ID": 2347, "YEAR": "2017-2018", "Perimtr_KM": 40.962494369200002, "AREA_KM": 14.617877981, "SCALE": 2, "THICKNES_M": 66.042983343000003, "VOLUME_KM": 0.96540827201000001, "MASS_GT": 0.88527938542999995, "RECURRANCE": ">8", "UA_KM": 0.20481247185000001, "UH_M": 5.4815675904400001, "UC_KM": 0.07386745461, "REGION": "East", "ICESHELF": "Riiser-Larsen" }, "geometry": { "type": "Polygon", "coordinates": [ [ [ -599015.371199996210635, 1810576.88560000108555 ], [ -598966.038799997419119, 1810499.164500005077571 ], [ -598543.432100001256913, 1810895.573700014036149 ], [ -598244.961399996653199, 1810840.242800008971244 ], [ -597910.610199999064207, 1810516.336800003889948 ], [ -597838.814399996306747, 1810534.2858000039123 ], [ -597179.642399999778718, 1810512.872899996582419 ], [ -597057.675700000952929, 1810416.385299998801202 ], [ -597002.131900000851601, 1810309.175900008995086 ], [ -597322.871699998155236, 1810389.360900006722659 ], [ -597693.289100000634789, 1810368.194200007710606 ], [ -597873.206099995877594, 1810135.360400003846735 ], [ -598021.373099998570979, 1810230.610499999020249 ], [ -598317.706999999471009, 1810251.777299995999783 ], [ -598518.790700000245124, 1809934.276600004639477 ], [ -598730.457799999043345, 1810251.777299995999783 ], [ -599100.875200001522899, 1810325.860700006131083 ], [ -599926.376899999100715, 1809743.776200010906905 ], [ -601132.87929999968037, 1808748.940900003071874 ], [ -602466.381999996956438, 1807891.6892000134103 ], [ -602572.215499997604638, 1807997.52270000660792 ], [ -603228.383500000461936, 1808039.856200002599508 ], [ -603609.384300000965595, 1807944.606000009458512 ], [ -604466.63599999807775, 1807690.605500012170523 ], [ -605429.721200001891702, 1807584.771900000516325 ], [ -606392.806499997153878, 1807150.854400001931936 ], [ -606562.140199998859316, 1807351.93810000969097 ], [ -607228.891500002238899, 1807203.771200004499406 ], [ -607821.55930000403896, 1806759.27030000789091 ], [ -608181.393399999011308, 1806314.769400003831834 ], [ -608985.728300000075251, 1805764.434900008607656 ], [ -610393.314499998930842, 1804462.682300007436424 ], [ -611091.815899999346584, 1804049.931499994825572 ], [ -612107.817899999208748, 1803457.263700012583286 ], [ -612965.069600002840161, 1802652.928700014483184 ], [ -613762.396099999081343, 1802402.156700011808425 ], [ -613485.747599998023361, 1802663.141700002830476 ], [ -613342.550500002223998, 1802940.928100006189197 ], [ -613316.028299994301051, 1802950.812600004021078 ], [ -612517.093100002035499, 1803715.641300003509969 ], [ -612130.129199998918921, 1803882.33860000455752 ], [ -611304.999699994456023, 1804561.767499997746199 ], [ -610169.097800001502037, 1805649.867300007026643 ], [ -609792.497099996544421, 1805703.498100004624575 ], [ -608920.772399995476007, 1806501.607300006318837 ], [ -608510.370099998544902, 1806541.470600000116974 ], [ -607989.8284, 1806873.659400005359203 ], [ -607882.523800001014024, 1807096.8990000016056 ], [ -606087.843799999449402, 1808049.694999997969717 ], [ -605666.888099990319461, 1808148.023999999742955 ], [ -605332.932299997191876, 1808321.034800003748387 ], [ -604826.367299998644739, 1808418.733000000473112 ], [ -604132.826400001533329, 1809155.479200004134327 ], [ -603806.819400003179908, 1809331.300600006710738 ], [ -603208.40479999827221, 1809699.374899996910244 ], [ -602924.257900001481175, 1809684.66799999633804 ], [ -602402.368600000627339, 1810151.205800008494407 ], [ -602241.951799997128546, 1810148.811600002925843 ], [ -602068.02110000140965, 1810347.332700004335493 ], [ -601912.03110000025481, 1810394.984500000718981 ], [ -601590.749000002630055, 1810302.994700002949685 ], [ -601205.725200000684708, 1810692.27410000981763 ], [ -600755.030999996233732, 1810705.884300007019192 ], [ -600276.924000000581145, 1810845.067499998491257 ], [ -600028.260199999902397, 1810807.938600003253669 ], [ -599937.198999997228384, 1810475.526100001763552 ], [ -599798.41549999685958, 1810519.935799999628216 ], [ -599527.437599999830127, 1810906.945300000254065 ], [ -599494.376899998635054, 1810937.705699997488409 ], [ -599465.599800002295524, 1810961.280700009781867 ], [ -599260.266699998639524, 1810878.216900012921542 ], [ -599015.371199996210635, 1810576.88560000108555 ] ] ] } },
{ "type": "Feature", "properties": { "ID": 2360, "YEAR": "2017-2018", "Perimtr_KM": 16.494602259299999, "AREA_KM": 5.2340115644500003, "SCALE": 1, "THICKNES_M": 261.86558930799998, "VOLUME_KM": 1.3706075227700001, "MASS_GT": 1.25684709838, "RECURRANCE": "4-5", "UA_KM": 0.0824730113, "UH_M": 21.734843805400001, "UC_KM": 0.10487095658, "REGION": "East", "ICESHELF": "Baudouin" }, "geometry": { "type": "Polygon", "coordinates": [ [ [ 1014876.875400008633733, 1954348.889100011903793 ], [ 1014627.207400001119822, 1953967.810500011313707 ], [ 1014130.110500000882894, 1953620.385599999222904 ], [ 1011914.341400000732392, 1953932.814000001642853 ], [ 1013294.315700001083314, 1953486.606499994639307 ], [ 1012806.603499999269843, 1953564.221600001212209 ], [ 1011675.507500002160668, 1953861.878400004003197 ], [ 1011033.891600003931671, 1953994.170400000642985 ], [ 1009882.951800003647804, 1954278.59800000814721 ], [ 1009400.086200008168817, 1954338.129400005098432 ], [ 1008665.866000004578382, 1954331.514800003264099 ], [ 1008394.006099996156991, 1954375.171100003179163 ], [ 1008568.631500003859401, 1954518.046400006394833 ], [ 1008997.257300009950995, 1954883.172100003343076 ], [ 1009616.383600001223385, 1955041.922500004526228 ], [ 1010775.260899997781962, 1954994.297400007490069 ], [ 1012585.014499998185784, 1954803.796999994199723 ], [ 1013474.016300005838275, 1954645.046700010541826 ], [ 1014876.875400008633733, 1954348.889100011903793 ] ] ] } },
{ "type": "Feature", "properties": { "ID": 2365, "YEAR": "2017-2018", "Perimtr_KM": 14.4213837472, "AREA_KM": 3.67366785308, "SCALE": 1, "THICKNES_M": 57.797124181500003, "VOLUME_KM": 0.21232743711, "MASS_GT": 0.19470425983, "RECURRANCE": "4-5", "UA_KM": 0.07210691874, "UH_M": 4.7971612834100004, "UC_KM": 0.01624606685, "REGION": "East", "ICESHELF": "Baudouin" }, "geometry": { "type": "Polygon", "coordinates": [ [ [ 877978.287329769227654, 1976643.056445917580277 ], [ 878278.407200002577156, 1976528.781400001142174 ], [ 878526.561725334729999, 1976564.847751826513559 ], [ 878603.868600000627339, 1976576.083400005009025 ], [ 878629.720598490908742, 1976552.262328532990068 ], [ 878842.041400007903576, 1976356.621400013100356 ], [ 878905.688949805218726, 1976070.965846928302199 ], [ 878924.71630000276491, 1975985.56949999416247 ], [ 878941.680333000142127, 1975900.749420509207994 ], [ 878964.403900010045618, 1975787.131700008641928 ], [ 878857.711645327974111, 1975894.574047430884093 ], [ 878770.304900006391108, 1975982.595300011802465 ], [ 878569.164777482394129, 1976150.212054700125009 ], [ 878532.1794000021182, 1976181.033200008329004 ], [ 878492.975920264143497, 1976173.682544086594135 ], [ 878418.220564289484173, 1976159.665908216033131 ], [ 878320.512300003319979, 1976141.345600007567555 ], [ 878181.605800003744662, 1975883.376400005538017 ], [ 877883.948900002520531, 1975552.64660000288859 ], [ 877480.458500008098781, 1975301.291899997275323 ], [ 877117.161463659256697, 1975258.188839710783213 ], [ 877090.197300002444535, 1975254.989700008649379 ], [ 877004.207599998451769, 1975208.6875000144355 ], [ 876917.753560004755855, 1975114.715712464880198 ], [ 876852.071899996139109, 1975043.322600010316819 ], [ 876342.747900010086596, 1974904.416100010741502 ], [ 876078.164099999237806, 1974580.30089999595657 ], [ 875720.975800001528114, 1974216.498000003863126 ], [ 875436.548200001008809, 1974262.800200005527586 ], [ 874510.504700001794845, 1974567.071700013708323 ], [ 874113.003569211345166, 1974773.989553813356906 ], [ 873991.092200009152293, 1974837.450100000482053 ], [ 874121.343819114845246, 1974787.889970326330513 ], [ 874253.943800007924438, 1974737.436300009023398 ], [ 874263.293975201435387, 1974778.595016673672944 ], [ 874348.884500006679446, 1975155.357600012328476 ], [ 874652.99150000186637, 1975415.454099996481091 ], [ 874380.651800002437085, 1975814.554600002709776 ], [ 874678.996599999256432, 1976275.271199996117502 ], [ 875218.748799994122237, 1975411.89760000212118 ], [ 875747.434900005348027, 1975450.020899994764477 ], [ 875784.486638721544296, 1975395.476771884132177 ], [ 875885.323099996894598, 1975247.034700006712228 ], [ 876147.260900007560849, 1975374.03490001289174 ], [ 876501.03409999795258, 1975247.731799995992333 ], [ 876910.696299321018159, 1975315.399487167131156 ], [ 876969.222500005271286, 1975325.066800007130951 ], [ 877024.885928455274552, 1975427.037734165322036 ], [ 877176.072277448140085, 1975703.998993413057178 ], [ 877369.730600000824779, 1976058.765500009525567 ], [ 877454.249000010080636, 1976304.788800012785941 ], [ 877790.142760246060789, 1976451.77610961580649 ], [ 877912.642800001427531, 1976505.382200001273304 ], [ 877967.900752818211913, 1976632.496758028399199 ], [ 877973.314299996942282, 1976644.950000001583248 ], [ 877978.287329769227654, 1976643.056445917580277 ] ] ] } },
{ "type": "Feature", "properties": { "ID": 2384, "YEAR": "2017-2018", "Perimtr_KM": 13.140188912, "AREA_KM": 1.82403987504, "SCALE": 1, "THICKNES_M": 73.162486267099993, "VOLUME_KM": 0.13345129231, "MASS_GT": 0.12237483505000001, "RECURRANCE": "4-5", "UA_KM": 0.06570094456, "UH_M": 6.0724863302300003, "UC_KM": 0.01021092067, "REGION": "East", "ICESHELF": "Borchgrevink" }, "geometry": { "type": "Polygon", "coordinates": [ [ [ 729076.482799998950213, 2082867.7530000009574 ], [ 729544.762400002218783, 2082679.934500008355826 ], [ 730033.676199998706579, 2082533.041099997702986 ], [ 730399.739700004458427, 2082427.091900003608316 ], [ 730563.872900009620935, 2082341.652700000908226 ], [ 730758.804600000847131, 2082040.871699994895607 ], [ 731038.87970000365749, 2081647.879600005690008 ], [ 731408.006200003437698, 2081364.163399999495596 ], [ 731603.440839997958392, 2081212.944505726452917 ], [ 731770.444600008428097, 2081083.724200007040054 ], [ 731985.186923681292683, 2081026.111496574711055 ], [ 732064.80519999936223, 2081004.75090000545606 ], [ 732379.299600009806454, 2080905.438499996904284 ], [ 732673.530700006522238, 2080908.481600006576627 ], [ 733088.066099998541176, 2081075.416900008451194 ], [ 733238.226900002919137, 2080999.57610000250861 ], [ 733126.26585440710187, 2080933.417332084383816 ], [ 733045.836299999151379, 2080885.890800012741238 ], [ 732556.356200000736862, 2080806.515600012149662 ], [ 732397.790660668164492, 2080847.625162045005709 ], [ 732318.614900001324713, 2080868.15220000455156 ], [ 732265.313900000881404, 2080826.359399995300919 ], [ 732174.817539112176746, 2080807.163193445187062 ], [ 732047.032200000714511, 2080780.057200007606298 ], [ 731968.776819777674973, 2080784.660460736136883 ], [ 731597.239700009580702, 2080806.515600005630404 ], [ 731359.114200005773455, 2080971.880500003229827 ], [ 730836.561100001446903, 2081335.683300003875047 ], [ 730428.695497123058885, 2081701.50094649149105 ], [ 730194.945200002752244, 2081911.153300001751631 ], [ 730126.988265372347087, 2081978.064727035816759 ], [ 729768.375382286962122, 2082331.160402871202677 ], [ 729764.996400003321469, 2082334.487400002311915 ], [ 729712.018081351649016, 2082340.542070224415511 ], [ 729533.485599998850375, 2082360.945800000336021 ], [ 729494.183732841629535, 2082376.804441935848445 ], [ 729156.45349999750033, 2082513.081500009167939 ], [ 728852.182100006844848, 2082552.76909999595955 ], [ 728810.399646919686347, 2082546.302772003691643 ], [ 728296.556000010110438, 2082466.779400012921542 ], [ 727899.680200003087521, 2082559.383699996862561 ], [ 727677.521857389714569, 2082663.372706873808056 ], [ 727588.79419999755919, 2082704.904800004791468 ], [ 727420.732999997213483, 2082757.423999993596226 ], [ 727521.578899995889515, 2082801.815099994186312 ], [ 727753.8304000091739, 2082778.047099998686463 ], [ 728073.167533541563898, 2082727.564820345956832 ], [ 728204.789600008167326, 2082706.75740000186488 ], [ 728365.155728091485798, 2082734.776048424188048 ], [ 728655.934100006241351, 2082785.579900005366653 ], [ 728789.913874829653651, 2082859.547787446994334 ], [ 728885.145500001963228, 2082912.123500011395663 ], [ 729076.482799998950213, 2082867.7530000009574 ] ] ] } },
{ "type": "Feature", "properties": { "ID": 2391, "YEAR": "2017-2018", "Perimtr_KM": 5.8212538407699999, "AREA_KM": 1.24035204425, "SCALE": 1, "THICKNES_M": 146.91305542000001, "VOLUME_KM": 0.18222390862000001, "MASS_GT": 0.1670993242, "RECURRANCE": "4-5", "UA_KM": 0.0291062692, "UH_M": 12.1937835397, "UC_KM": 0.01394271904, "REGION": "East", "ICESHELF": "Baudouin" }, "geometry": { "type": "Polygon", "coordinates": [ [ [ 505634.498200000729412, 2159988.645399997476488 ], [ 505245.559900003485382, 2159528.269499993417412 ], [ 504975.684400000609457, 2159004.39339999621734 ], [ 504777.246500004082918, 2158940.893300000112504 ], [ 504729.621400000527501, 2159083.768599996808916 ], [ 504681.996299996972084, 2159520.331999997142702 ], [ 504654.521056470926851, 2159734.638774957042187 ], [ 504642.308700003195554, 2159829.895100007299334 ], [ 504395.397900000680238, 2159984.749200005549937 ], [ 504647.979600008111447, 2159929.791000003460795 ], [ 504830.883800003211945, 2160056.059000002685934 ], [ 505130.399900007992983, 2160447.344900006894022 ], [ 505369.617500007618219, 2160591.954400001559407 ], [ 505444.674137071706355, 2160619.363794825505465 ], [ 505685.111799997743219, 2160707.167500011157244 ], [ 506082.77459999686107, 2160591.627300009597093 ], [ 506384.893900000490248, 2160476.32770001096651 ], [ 506301.249499997124076, 2160401.396199997048825 ], [ 505975.811400007922202, 2160250.583400010596961 ], [ 505634.498200000729412, 2159988.645399997476488 ] ] ] } },
{ "type": "Feature", "properties": { "ID": 2420, "YEAR": "2017-2018", "Perimtr_KM": 9.2364951815800005, "AREA_KM": 2.47498734825, "SCALE": 1, "THICKNES_M": 248.280059814, "VOLUME_KM": 0.61449000686, "MASS_GT": 0.56348733629000003, "RECURRANCE": "3-4", "UA_KM": 0.04618247591, "UH_M": 20.6072448629, "UC_KM": 0.04701721956, "REGION": "East", "ICESHELF": "Fimbul" }, "geometry": { "type": "Polygon", "coordinates": [ [ [ 13357.50949999736622, 2219133.822599998209625 ], [ 13571.519500005524606, 2218869.66260001109913 ], [ 13835.760599999222904, 2218472.778600003104657 ], [ 13921.308200009632856, 2218462.310999996494502 ], [ 13917.554800003301352, 2218137.16500001354143 ], [ 13816.049500005785376, 2217884.041100003290921 ], [ 13919.131200005766004, 2217729.18870000494644 ], [ 14283.792199999094009, 2217644.6786999986507 ], [ 14284.99450000654906, 2217283.509000005666167 ], [ 13780.277899996843189, 2217305.465600003954023 ], [ 13559.978900003246963, 2217402.559600006323308 ], [ 13371.759800004772842, 2217280.002100000623614 ], [ 13324.28460001014173, 2217012.397999999579042 ], [ 13341.834300003945827, 2216844.042300015222281 ], [ 13271.350291796959937, 2216854.111416652332991 ], [ 13194.771600003819913, 2216865.051199997309595 ], [ 13049.250500002875924, 2217056.874500013422221 ], [ 12916.958500006236136, 2217175.937300007324666 ], [ 12751.593600002117455, 2217202.395700005348772 ], [ 12625.91630000481382, 2217063.489100007805973 ], [ 12579.61410001013428, 2217149.478899996262044 ], [ 12526.69730000058189, 2217533.125500000547618 ], [ 12478.803803678136319, 2217688.779498792719096 ], [ 12447.322199997957796, 2217791.094799994025379 ], [ 12229.040499997790903, 2217930.001299994532019 ], [ 12210.18712221737951, 2217944.612666177097708 ], [ 11964.456600002944469, 2218135.053800012450665 ], [ 12076.904800009448081, 2218174.741399999242276 ], [ 12288.571800010278821, 2218412.866800005082041 ], [ 12336.30634251749143, 2218526.96398191107437 ], [ 12342.558600008953363, 2218541.908399996813387 ], [ 12392.368900010362267, 2218443.40810001315549 ], [ 12315.392700004391372, 2218150.203600002918392 ], [ 12632.357999995350838, 2218051.523699997458607 ], [ 12944.960399998817593, 2218354.280299993697554 ], [ 12968.105600002221763, 2218501.330600011628121 ], [ 12751.530000008177012, 2218973.536100006196648 ], [ 12790.329500000458211, 2219096.916000008117408 ], [ 12828.964499999769032, 2219087.680900004226714 ], [ 13198.127600006293505, 2219155.820900006685406 ], [ 13357.50949999736622, 2219133.822599998209625 ] ] ] } },
{ "type": "Feature", "properties": { "ID": 2546, "YEAR": "2017-2018", "Perimtr_KM": 6.0807607357100002, "AREA_KM": 1.0104139244899999, "SCALE": 1, "THICKNES_M": 208.08853149399999, "VOLUME_KM": 0.21025554975, "MASS_GT": 0.19280433912, "RECURRANCE": "1-2", "UA_KM": 0.03040380368, "UH_M": 17.271348028799999, "UC_KM": 0.01608753802, "REGION": "East", "ICESHELF": "West" }, "geometry": { "type": "Polygon", "coordinates": [ [ [ 2417334.285346360877156, 367190.165738088544458 ], [ 2417364.593971441499889, 366756.546473174355924 ], [ 2417364.703697082586586, 366754.976651015691459 ], [ 2417370.467769973911345, 366672.511245745699853 ], [ 2417378.36500000488013, 366559.527199993375689 ], [ 2416859.780600000172853, 366146.776400013826787 ], [ 2416478.779899997636676, 366199.693200009875 ], [ 2416277.696099998429418, 366115.026299996301532 ], [ 2416002.528900010511279, 365956.2760000070557 ], [ 2415505.111300015822053, 366178.526500004343688 ], [ 2415014.070500017143786, 366576.667599997948855 ], [ 2415155.952300003729761, 366621.03560000564903 ], [ 2415311.638291971758008, 366557.660500783938915 ], [ 2415438.896500001661479, 366505.857500016223639 ], [ 2416073.840700007043779, 366412.284700009506196 ], [ 2416435.203400004655123, 366593.274699999950826 ], [ 2416620.183200000785291, 366806.296500011347234 ], [ 2417009.95619999896735, 366794.742999996524304 ], [ 2417331.065825786441565, 367189.158956597559154 ], [ 2417334.095600017346442, 367192.880400005262345 ], [ 2417334.285346360877156, 367190.165738088544458 ] ] ] } },
{ "type": "Feature", "properties": { "ID": 3016, "YEAR": "2017-2018", "Perimtr_KM": 8.6830124103599999, "AREA_KM": 1.9944405086799999, "SCALE": 1, "THICKNES_M": 230.30777410600001, "VOLUME_KM": 0.45933515413999998, "MASS_GT": 0.42121033635, "RECURRANCE": "3-4", "UA_KM": 0.04341506205, "UH_M": 19.115545156500001, "UC_KM": 0.03514566804, "REGION": "East", "ICESHELF": "Suvorov" }, "geometry": { "type": "Polygon", "coordinates": [ [ [ 726479.086330532561988, -2063253.068307939218357 ], [ 726642.476700001396239, -2063268.629299996420741 ], [ 726829.838799996767193, -2063259.623299993574619 ], [ 726985.359500001650304, -2063252.147800001315773 ], [ 727540.985599998384714, -2063720.461299998918548 ], [ 727723.563000002410263, -2064127.347999994410202 ], [ 727749.805607045069337, -2064151.387032377300784 ], [ 727842.611199998296797, -2064236.399800002109259 ], [ 727974.678799999412149, -2064257.961846747901291 ], [ 728231.549500009045005, -2064299.899899998446926 ], [ 728493.487500002142042, -2064371.337600002530962 ], [ 728583.673780051525682, -2064708.637259711511433 ], [ 728637.065699998289347, -2064908.324799997266382 ], [ 728581.793428633827716, -2064710.517605244880542 ], [ 728566.044700007885695, -2064654.156400002539158 ], [ 727822.551927651744336, -2064462.235700003337115 ], [ 727762.274300005286932, -2064446.676000000908971 ], [ 727450.614600005559623, -2064656.208299996098503 ], [ 726924.162000002805144, -2064583.359599998220801 ], [ 726628.555799999739975, -2064266.161400003824383 ], [ 725775.953700006473809, -2063477.254499994684011 ], [ 725353.46059999987483, -2063386.801600004779175 ], [ 725187.628600000869483, -2063154.427700000349432 ], [ 725691.544400004204363, -2063275.960400002077222 ], [ 726469.420999998692423, -2063252.147800001315773 ], [ 726479.086330532561988, -2063253.068307939218357 ] ] ] } },
{ "type": "Feature", "properties": { "ID": 3017, "YEAR": "2017-2018", "Perimtr_KM": 5.2850247661100003, "AREA_KM": 1.34045005515, "SCALE": 1, "THICKNES_M": 211.396812439, "VOLUME_KM": 0.28336686889000001, "MASS_GT": 0.25984741877, "RECURRANCE": "2-3", "UA_KM": 0.02642512383, "UH_M": 17.545935345899998, "UC_KM": 0.0216815931, "REGION": "East", "ICESHELF": "Dibble" }, "geometry": { "type": "Polygon", "coordinates": [ [ [ 1883283.453189041465521, -1861227.13789468863979 ], [ 1883411.224299997091293, -1861358.1978 ], [ 1883411.688654939644039, -1861360.736567287240177 ], [ 1883439.367100006900728, -1861512.062899996992201 ], [ 1883591.557728522457182, -1861541.223115407861769 ], [ 1883697.942600016482174, -1861561.606799999019131 ], [ 1883705.714694330468774, -1861593.805573982885107 ], [ 1883729.822000005282462, -1861693.679000000236556 ], [ 1883717.016000005416572, -1861753.796599996741861 ], [ 1883700.799600008875132, -1861896.769900005310774 ], [ 1883669.421800003387034, -1862172.804899998940527 ], [ 1883631.809699999168515, -1862264.007800002582371 ], [ 1883558.977700004354119, -1862261.890099999494851 ], [ 1883304.503699995577335, -1862248.835400001844391 ], [ 1883158.121000011451542, -1862025.956199997570366 ], [ 1882919.475100004114211, -1862055.289800000842661 ], [ 1882690.78760000038892, -1861884.231899999082088 ], [ 1882477.411200013943017, -1861901.601899993605912 ], [ 1882397.304239261895418, -1861934.431571789085865 ], [ 1882350.569600006565452, -1861953.584500000812113 ], [ 1882072.710837142542005, -1862010.943102947901934 ], [ 1881878.991200004704297, -1862050.932800000300631 ], [ 1881931.100931511260569, -1861799.42142075765878 ], [ 1881950.8573999973014, -1861704.065400002524257 ], [ 1881964.086500001139939, -1861452.710700002964586 ], [ 1882360.962300008162856, -1861188.126800001133233 ], [ 1882442.939812134951353, -1861188.126800001133233 ], [ 1882559.400200004689395, -1861188.126800001133233 ], [ 1882981.798800002783537, -1861203.274999991059303 ], [ 1883270.274900002405047, -1861213.620400002691895 ], [ 1883283.453189041465521, -1861227.13789468863979 ] ] ] } },
{ "type": "Feature", "properties": { "ID": 3021, "YEAR": "2017-2018", "Perimtr_KM": 14.664808087400001, "AREA_KM": 3.07940138316, "SCALE": 1, "THICKNES_M": 252.97771384500001, "VOLUME_KM": 0.77901992192000002, "MASS_GT": 0.7143612684, "RECURRANCE": "4-5", "UA_KM": 0.07332404044, "UH_M": 20.997150145599999, "UC_KM": 0.0596060966, "REGION": "West", "ICESHELF": "Hamilton" }, "geometry": { "type": "Polygon", "coordinates": [ [ [ -505762.419819062110037, -1269116.776710340287536 ], [ -505780.812792057171464, -1269130.224045147653669 ], [ -506394.65549999056384, -1269579.0121999992989 ], [ -506870.310499996878207, -1270200.877600000938401 ], [ -507306.175400002393872, -1270837.910900000948459 ], [ -507475.228083441965282, -1270325.292386219603941 ], [ -507541.987421988509595, -1270122.858019551727921 ], [ -507593.670636180322617, -1269966.139088122174144 ], [ -507083.02826032275334, -1269630.518468522466719 ], [ -506434.516799998469651, -1269204.283100000582635 ], [ -506385.075497784186155, -1269146.236281199846417 ], [ -506260.411603977903724, -1268999.873986304970458 ], [ -504977.117609781213105, -1267493.215977475512773 ], [ -504564.328100001905113, -1267008.578299998538569 ], [ -504319.308600000105798, -1266610.923700000159442 ], [ -504154.237900000065565, -1266599.133000002242625 ], [ -503856.286800001747906, -1266577.850699994247407 ], [ -503780.248599994461983, -1266475.364499998977408 ], [ -503475.947499997913837, -1266065.21949999849312 ], [ -503267.119199999608099, -1265625.188400001032278 ], [ -503239.012599998153746, -1265656.743500001495704 ], [ -502931.926799999549985, -1265688.027999993646517 ], [ -503036.796699998900294, -1265885.676399995572865 ], [ -503081.246799999848008, -1266069.826699999626726 ], [ -503157.446999997831881, -1266209.527000000467524 ], [ -503335.247299996204674, -1266323.827299994183704 ], [ -503525.747699996922165, -1266425.427499999525025 ], [ -503534.234599996823817, -1266501.809400003403425 ], [ -503544.797699999064207, -1266596.877799999667332 ], [ -503627.347899995278567, -1266774.678199996240437 ], [ -503773.398200001567602, -1266927.07850000099279 ], [ -504033.204999998211861, -1266927.07850000099279 ], [ -503979.787800000980496, -1267087.330300001194701 ], [ -505227.435199990402907, -1268725.642700004391372 ], [ -505762.419819062110037, -1269116.776710340287536 ] ] ] } },
{ "type": "Feature", "properties": { "ID": 3022, "YEAR": "2017-2018", "Perimtr_KM": 47.633664993399996, "AREA_KM": 17.771981788800002, "SCALE": 2, "THICKNES_M": 317.71231079099999, "VOLUME_KM": 5.6463774014599997, "MASS_GT": 5.1777280771300003, "RECURRANCE": ">8", "UA_KM": 0.23816832497000001, "UH_M": 26.370121665599999, "UC_KM": 0.43202812584, "REGION": "West", "ICESHELF": "Ross_West" }, "geometry": { "type": "Polygon", "coordinates": [ [ [ -240908.686999997589737, -1245228.814199999440461 ], [ -240317.852899995166808, -1245431.38589999685064 ], [ -239764.63969999877736, -1245397.85789999878034 ], [ -238406.752999994903803, -1246085.183199999388307 ], [ -238021.180299999658018, -1246370.171799995470792 ], [ -237300.326799998059869, -1246571.340199996717274 ], [ -236847.697899996768683, -1246906.620900005102158 ], [ -236395.068999995477498, -1247275.429599998053163 ], [ -236223.667099996935576, -1247673.082000000635162 ], [ -235693.296199995558709, -1247870.210999992210418 ], [ -233428.660599995404482, -1247594.782299998216331 ], [ -231477.354600000195205, -1247627.855300004128367 ], [ -229889.851399999111891, -1247892.439199992222711 ], [ -228765.370000003371388, -1248057.804099996807054 ], [ -227078.647899996023625, -1248057.804099996807054 ], [ -224796.612099998630583, -1249149.212500000139698 ], [ -222547.649199995677918, -1250505.204799998551607 ], [ -220563.270299999043345, -1251695.832199999364093 ], [ -219257.089600002858788, -1252799.329699999652803 ], [ -219620.25400000018999, -1252688.59670000243932 ], [ -220046.991799998097122, -1252221.577099999645725 ], [ -220921.612099998164922, -1252261.3913 ], [ -222033.472499999217689, -1251728.205699996789917 ], [ -222740.621599994599819, -1251259.505000002449378 ], [ -223811.543700000271201, -1250747.085100000258535 ], [ -224175.944299999624491, -1250554.959499997552484 ], [ -224753.609299997799098, -1250552.722499993629754 ], [ -225310.531000001821667, -1250232.82289999932982 ], [ -225674.165699995588511, -1250062.092299998970702 ], [ -226059.638700000476092, -1249637.136100000469014 ], [ -226658.534400003030896, -1249317.360599996522069 ], [ -227257.116999997291714, -1248997.74280000384897 ], [ -229092.432799998205155, -1249013.863800002261996 ], [ -230862.709600002504885, -1248734.420499996980652 ], [ -231736.183099999558181, -1248838.184100001351908 ], [ -232758.27919999929145, -1248665.855099996551871 ], [ -235308.783300002571195, -1248125.430700001306832 ], [ -236307.91829999582842, -1247772.928999998839572 ], [ -237938.300799995660782, -1247197.718800000380725 ], [ -239954.382799999788404, -1245952.126499999780208 ], [ -240761.869600003585219, -1245605.985599997453392 ], [ -240908.686999997589737, -1245228.814199999440461 ] ] ] } },
{ "type": "Feature", "properties": { "ID": 3025, "YEAR": "2017-2018", "Perimtr_KM": 67.207384698599995, "AREA_KM": 116.72952714, "SCALE": 3, "THICKNES_M": 325.97883836300002, "VOLUME_KM": 38.051355659800002, "MASS_GT": 34.89309314, "RECURRANCE": "2-3", "UA_KM": 0.33603692348999997, "UH_M": 27.056243450699998, "UC_KM": 2.9114695498500001, "REGION": "East", "ICESHELF": "Totten" }, "geometry": { "type": "Polygon", "coordinates": [ [ [ 2313881.733735734596848, -1133268.268648661673069 ], [ 2313878.416324248537421, -1133478.769200003938749 ], [ 2313870.027933767065406, -1134011.039866233244538 ], [ 2313863.667899996042252, -1134414.604699997929856 ], [ 2313684.938000002875924, -1134538.634296246571466 ], [ 2313557.527499999850988, -1134627.050799997756258 ], [ 2313539.491700009442866, -1135086.297999998554587 ], [ 2313387.923900003544986, -1135375.493600001791492 ], [ 2313393.926021771505475, -1135402.495977659476921 ], [ 2313448.277500000782311, -1135647.012700001709163 ], [ 2313443.871900002472103, -1135663.673002966912463 ], [ 2313436.341162136755884, -1135692.151388304075226 ], [ 2313378.341275266371667, -1135911.484892879845574 ], [ 2313290.363199998624623, -1136244.184500004630536 ], [ 2313001.824000144377351, -1136356.985817711101845 ], [ 2312934.860200000926852, -1136383.164600002579391 ], [ 2312940.625618014484644, -1136678.774750393582508 ], [ 2312942.548000006936491, -1136777.34099999605678 ], [ 2312940.505800010636449, -1137336.116499999770895 ], [ 2312603.155699995346367, -1137851.310814494965598 ], [ 2312406.423099994659424, -1138151.756900003645569 ], [ 2311964.165727322921157, -1138846.372248530620709 ], [ 2311886.753200007602572, -1138967.957399994367734 ], [ 2311984.251400002278388, -1139109.015407272381708 ], [ 2312506.239327457733452, -1139864.214753260370344 ], [ 2312617.407689444720745, -1140025.050416022306308 ], [ 2313135.8284000037238, -1140775.088800000492483 ], [ 2312915.149133564904332, -1141353.86843366548419 ], [ 2312789.158538473770022, -1141684.306320507312194 ], [ 2312756.525500002317131, -1141769.893599991686642 ], [ 2312646.531599998474121, -1141768.651676094159484 ], [ 2312539.739780833944678, -1141767.445906389504671 ], [ 2312468.449026729911566, -1141766.640973652014509 ], [ 2312174.301500008441508, -1141763.319799999007955 ], [ 2312173.946904692798853, -1141766.386051537934691 ], [ 2312137.836110390722752, -1142078.642797598848119 ], [ 2312095.488493883982301, -1142444.830503722187132 ], [ 2312086.898000007495284, -1142519.11410000291653 ], [ 2312201.107909049838781, -1142545.116690943483263 ], [ 2312646.531599998474121, -1142646.527944392058998 ], [ 2312714.281000006943941, -1142661.952700001886114 ], [ 2313008.631230851635337, -1142873.439729369711131 ], [ 2313045.965300007723272, -1142900.263799992157146 ], [ 2313230.222371849231422, -1143166.673152007162571 ], [ 2313571.368000000715256, -1143659.920899996766821 ], [ 2313580.81610001064837, -1144030.130100002745166 ], [ 2313504.31060347519815, -1144322.972673888783902 ], [ 2313484.787733183242381, -1144397.700998584507033 ], [ 2313419.590700005181134, -1144647.257800002349541 ], [ 2313220.88303554058075, -1144802.256565375719219 ], [ 2313010.587200000882149, -1144966.294499992625788 ], [ 2312243.994267664849758, -1144966.17349741444923 ], [ 2312117.937300004996359, -1144966.153600001940504 ], [ 2311788.865300006233156, -1144746.465200000908226 ], [ 2311292.562500000931323, -1145201.518300000578165 ], [ 2311147.246800007298589, -1145422.292000001529232 ], [ 2311159.15440876968205, -1145544.871390799991786 ], [ 2311162.567299999296665, -1145580.004399992758408 ], [ 2310855.314799997955561, -1145613.891500002937391 ], [ 2310773.286682997830212, -1145523.798722174018621 ], [ 2310462.3948680376634, -1145182.341326366644353 ], [ 2310423.716834627091885, -1145139.860630741808563 ], [ 2310249.878100013360381, -1144948.930799997178838 ], [ 2310134.148086555302143, -1145214.95960000064224 ], [ 2310033.880417441017926, -1145445.445079930825159 ], [ 2310017.7440862422809, -1145482.537694858154282 ], [ 2309981.566099999472499, -1145565.700099997688085 ], [ 2309865.98709452804178, -1145573.678022887790576 ], [ 2309703.062738082371652, -1145584.923992234747857 ], [ 2309442.184857765212655, -1145602.931273099966347 ], [ 2309439.48396372795105, -1145603.117704225704074 ], [ 2309415.280000006780028, -1145604.788400003453717 ], [ 2309414.041972090490162, -1145573.691910349531099 ], [ 2309395.021490669809282, -1145095.939999999478459 ], [ 2309385.907000008039176, -1144867.004399992991239 ], [ 2309225.490825202316046, -1144681.075243912404403 ], [ 2309176.632181046530604, -1144624.446001337142661 ], [ 2309099.507900008000433, -1144535.055685775121674 ], [ 2308913.213700003921986, -1144319.1328 ], [ 2308897.924033592455089, -1144257.690700000617653 ], [ 2308820.925800000317395, -1143948.270399996312335 ], [ 2308765.352341734804213, -1143900.747200835729018 ], [ 2308518.849396942183375, -1143689.952175583457574 ], [ 2308416.33160000666976, -1143602.28489999123849 ], [ 2308362.19042579177767, -1143592.909532201942056 ], [ 2308306.771327566355467, -1143583.312872434733436 ], [ 2308167.110861477442086, -1143559.128538519376889 ], [ 2308166.991100003011525, -1143559.107800001744181 ], [ 2308166.95457346457988, -1143559.284826532704756 ], [ 2308151.494231616146863, -1143634.213649785146117 ], [ 2308093.870511778630316, -1143913.488038507057354 ], [ 2308053.30880000628531, -1144110.071100001921877 ], [ 2308034.758982662111521, -1144111.710335190640762 ], [ 2307779.376700008288026, -1144134.278299996163696 ], [ 2307737.849519544281065, -1144265.747856745729223 ], [ 2307692.492840223014355, -1144409.341100003104657 ], [ 2307624.8348000170663, -1144623.537499994970858 ], [ 2307394.460000007413328, -1144669.04460000153631 ], [ 2307363.660043962299824, -1145266.902681149775162 ], [ 2307358.779600007459521, -1145361.636999998940155 ], [ 2307056.470236449502409, -1145235.854699998162687 ], [ 2306896.053100003860891, -1145169.10970690404065 ], [ 2306812.148559790104628, -1145134.19942187750712 ], [ 2306710.245099995285273, -1145091.800299998139963 ], [ 2306493.621714762412012, -1145485.428390529938042 ], [ 2306441.488100000657141, -1145580.16079999669455 ], [ 2306386.158520294353366, -1145613.806439458625391 ], [ 2306325.675999998115003, -1145650.585556201869622 ], [ 2306085.534000005573034, -1145796.614699998404831 ], [ 2305643.122200002893806, -1145310.38359999936074 ], [ 2305445.057300017215312, -1146228.508299997076392 ], [ 2304692.187046132981777, -1145437.074516972526908 ], [ 2304647.03320000693202, -1145389.607800000114366 ], [ 2304316.747400007210672, -1145403.031399991130456 ], [ 2303889.780599999241531, -1146058.960299995727837 ], [ 2303872.316601931117475, -1146327.630271561210975 ], [ 2303854.206100004725158, -1146606.246199992718175 ], [ 2303424.418699994683266, -1146950.480300000868738 ], [ 2303301.921768637374043, -1147235.610472714994103 ], [ 2303261.048500001430511, -1147330.749199994839728 ], [ 2303186.290424347855151, -1147368.568591381423175 ], [ 2302782.012577254325151, -1147573.088865552097559 ], [ 2302774.823600003495812, -1147576.725699997739866 ], [ 2302539.065600004978478, -1147911.004400001373142 ], [ 2302170.139400008134544, -1148467.680700001306832 ], [ 2301482.93200000282377, -1149241.512699997751042 ], [ 2301387.256900001317263, -1149263.252599991858006 ], [ 2300850.504300002939999, -1148554.844699998619035 ], [ 2300850.029002660885453, -1148251.952763441484421 ], [ 2300849.918800002895296, -1148181.724099999759346 ], [ 2300730.272814368829131, -1148094.451670260401443 ], [ 2300398.017489103600383, -1147852.097283047856763 ], [ 2300315.466000004671514, -1147791.882399997673929 ], [ 2300207.802523322403431, -1147837.916176680708304 ], [ 2299953.519300003536046, -1147946.640300000784919 ], [ 2299974.536648171953857, -1148143.625678833574057 ], [ 2299991.961399996653199, -1148306.939399999566376 ], [ 2299810.72970000654459, -1148503.558900000993162 ], [ 2299654.441600000485778, -1148287.4785 ], [ 2299373.856700000353158, -1148475.575399996479973 ], [ 2299100.990899999625981, -1148549.777299996931106 ], [ 2299041.102366534993052, -1148037.762973537668586 ], [ 2299036.660800000652671, -1147999.790000000502914 ], [ 2299037.371206933632493, -1147996.840609478531405 ], [ 2299047.055164967663586, -1147956.635801708325744 ], [ 2299094.897303295321763, -1147758.009995248867199 ], [ 2299097.935100006870925, -1147745.398000000743195 ], [ 2299079.228850645944476, -1147750.548826913582161 ], [ 2298993.620689538307488, -1147774.121313916286454 ], [ 2298985.27926595788449, -1147776.418152168625966 ], [ 2298893.923329009674489, -1147801.573308037826791 ], [ 2298771.194216811098158, -1147835.367170271230862 ], [ 2298681.566700001247227, -1147860.04640000173822 ], [ 2298543.799667128361762, -1147611.531377386767417 ], [ 2298479.635500004515052, -1147495.787000000476837 ], [ 2298230.437900012359023, -1147520.140000000130385 ], [ 2298315.398100000806153, -1147372.247400001855567 ], [ 2298481.341039124876261, -1147227.579128627898172 ], [ 2298521.77350000757724, -1147192.330300001893193 ], [ 2298548.231899998150766, -1147292.872199994511902 ], [ 2298625.067054506391287, -1147354.3403177971486 ], [ 2298812.815800006501377, -1147504.539300000295043 ], [ 2298892.190900009125471, -1147456.914200003724545 ], [ 2298976.857800002209842, -1147224.080399998929352 ], [ 2299061.524599997326732, -1146991.246599994366989 ], [ 2299124.686270915903151, -1146617.135093945777044 ], [ 2299130.316399999894202, -1146583.787400002591312 ], [ 2299133.185225313529372, -1146337.069507549749687 ], [ 2299135.608100005425513, -1146128.703199998475611 ], [ 2299249.120027205906808, -1146114.514202399645001 ], [ 2299347.275200004689395, -1146102.244800000451505 ], [ 2299583.348233108408749, -1145848.354942156234756 ], [ 2299627.734100006520748, -1145800.619200000539422 ], [ 2299786.484400009736419, -1145805.910899999551475 ], [ 2300109.276700007729232, -1145472.535200002370402 ], [ 2300199.235199995338917, -1145149.742899996694177 ], [ 2300326.23549999948591, -1144340.116300003603101 ], [ 2300426.777300001122057, -1144287.1995000008028 ], [ 2300474.402400004677474, -1144054.365699996240437 ], [ 2300567.006800007075071, -1144055.953200001036748 ], [ 2300686.069500003941357, -1143794.015200001187623 ], [ 2300924.195000007748604, -1143841.640299991006032 ], [ 2301463.946099997498095, -1143286.01420000102371 ], [ 2301851.487699998542666, -1142905.603499994147569 ], [ 2302043.311000008136034, -1142521.956900003133342 ], [ 2302182.217500007711351, -1142528.571499997517094 ], [ 2302314.509400005452335, -1142316.904399998253211 ], [ 2302552.634899996221066, -1141628.986400003079325 ], [ 2302473.259800006635487, -1141099.818699997616932 ], [ 2302413.728399996645749, -1140081.170800002524629 ], [ 2302512.052764589898288, -1139951.796611363301054 ], [ 2302539.405700007453561, -1139915.805899998173118 ], [ 2302923.052299998700619, -1139816.586900000693277 ], [ 2303161.177800002507865, -1139690.909600003389642 ], [ 2303524.980600003153086, -1139697.524199997773394 ], [ 2303994.61699999589473, -1139565.232299999333918 ], [ 2304609.774400006048381, -1138758.251499996520579 ], [ 2304794.983099999837577, -1138817.782800002256408 ], [ 2305436.598999998532236, -1138811.16829999233596 ], [ 2305608.57850000448525, -1138394.448700002161786 ], [ 2305873.162399998866022, -1138162.93779999949038 ], [ 2306369.257099998183548, -1138143.094000002602115 ], [ 2306766.132900006137788, -1137587.467899999115616 ], [ 2307513.582299998030066, -1136231.475599994184449 ], [ 2308201.674419781193137, -1135285.967835711082444 ], [ 2308433.011300006881356, -1134968.087699998635799 ], [ 2308414.115839013829827, -1134313.045337891438976 ], [ 2308413.167500004172325, -1134280.169599991990253 ], [ 2308525.615600005723536, -1134015.585700003895909 ], [ 2308834.619372366927564, -1133575.48949964903295 ], [ 2308962.178999999538064, -1133393.8137 ], [ 2310238.796100010164082, -1132401.62420000275597 ], [ 2310443.848600008524954, -1132256.103099995059893 ], [ 2311777.332144054584205, -1132518.141313335159793 ], [ 2311958.591200009919703, -1132553.759899998083711 ], [ 2312117.3415, -1132474.384699997492135 ], [ 2312315.779399996623397, -1132249.48850000067614 ], [ 2312343.550322673283517, -1132239.731144801015034 ], [ 2312560.519500001333654, -1132163.498699998948723 ], [ 2313109.530999996699393, -1132315.634400001028553 ], [ 2313638.698700002394617, -1132401.62420000275597 ], [ 2313642.808900000527501, -1132397.836368577554822 ], [ 2313697.908758555538952, -1132347.058066801866516 ], [ 2313925.744600002653897, -1132137.091700001619756 ], [ 2313883.367700004950166, -1133164.588300000643358 ], [ 2313881.733735734596848, -1133268.268648661673069 ] ] ] } },
{ "type": "Feature", "properties": { "ID": 3026, "YEAR": "2017-2018", "Perimtr_KM": 14.6932116836, "AREA_KM": 7.0099339290399998, "SCALE": 1, "THICKNES_M": 343.339182, "VOLUME_KM": 2.4067849810699999, "MASS_GT": 2.2070218276400002, "RECURRANCE": "2-3", "UA_KM": 0.07346605842, "UH_M": 28.497151965499999, "UC_KM": 0.18415325982, "REGION": "West", "ICESHELF": "Getz" }, "geometry": { "type": "Polygon", "coordinates": [ [ [ -1299236.997306309873238, -1110055.762311254860833 ], [ -1298684.749599996488541, -1109977.980899999849498 ], [ -1298518.061799996998161, -1110009.730999997118488 ], [ -1298097.373399995965883, -1110065.293599996948615 ], [ -1298061.392700002528727, -1110043.305393514223397 ], [ -1297668.747599996626377, -1109803.355599997099489 ], [ -1297265.396993872476742, -1110237.733193875988945 ], [ -1297253.027674419572577, -1110251.053999994881451 ], [ -1297152.809100000187755, -1110358.981700000585988 ], [ -1296852.973952021216974, -1110514.253495944198221 ], [ -1296788.215057394001633, -1110547.789357038680464 ], [ -1296708.308200003346428, -1110589.169700001133606 ], [ -1296160.619600002886727, -1110216.106400003656745 ], [ -1295988.777981268009171, -1110199.583161829272285 ], [ -1295747.86869999836199, -1110176.418800003360957 ], [ -1295543.839899468934163, -1110505.822038419079036 ], [ -1295489.489680350059643, -1110593.570131534012035 ], [ -1295237.527200000826269, -1111000.362000003457069 ], [ -1295633.635099995881319, -1111164.716299996944144 ], [ -1295890.211421399610117, -1111207.187186307273805 ], [ -1296011.283452396979555, -1111227.228148915804923 ], [ -1296235.710024886997417, -1111264.377311370335519 ], [ -1296496.293440967099741, -1111307.511489068623632 ], [ -1296533.330640418687835, -1111313.642228951910511 ], [ -1297360.752199998358265, -1111450.604699997697026 ], [ -1297529.159254699014127, -1111509.144093532115221 ], [ -1298241.675500000594184, -1111756.819399998057634 ], [ -1299316.651600000681356, -1111707.151600001612678 ], [ -1299545.087776795495301, -1111464.744965112302452 ], [ -1299582.020024800440297, -1111425.55405374057591 ], [ -1299885.868503619683906, -1111103.123131012776867 ], [ -1300257.094300002558157, -1110709.194299992639571 ], [ -1300296.259100001305342, -1110388.231099999509752 ], [ -1300713.283439717022702, -1110243.34488082351163 ], [ -1301257.772099998081103, -1110054.173899996792898 ], [ -1301438.012999996775761, -1109894.730099997483194 ], [ -1301034.254299994092435, -1109930.355899994494393 ], [ -1300926.243721365462989, -1109818.620778205804527 ], [ -1300824.655867445282638, -1109713.529856794280931 ], [ -1300814.79145395802334, -1109703.325287421001121 ], [ -1300804.066399998264387, -1109692.230399997439235 ], [ -1300518.315799997886643, -1109501.730000003939494 ], [ -1300327.815399997401983, -1109692.230399997439235 ], [ -1299653.126599997747689, -1109676.3553 ], [ -1299422.938599997200072, -1109914.480799996759742 ], [ -1299248.313199996482581, -1110057.356100000441074 ], [ -1299236.997306309873238, -1110055.762311254860833 ] ] ] } },
{ "type": "Feature", "properties": { "ID": 3027, "YEAR": "2017-2018", "Perimtr_KM": 37.5386712647, "AREA_KM": 33.901607565, "SCALE": 2, "THICKNES_M": 295.337507, "VOLUME_KM": 10.0124162615, "MASS_GT": 9.18138571183, "RECURRANCE": "2-3", "UA_KM": 0.18769335632, "UH_M": 24.513012960099999, "UC_KM": 0.76609215520999996, "REGION": "West", "ICESHELF": "Getz" }, "geometry": { "type": "Polygon", "coordinates": [ [ [ -1325173.729899998055771, -1073082.577600000426173 ], [ -1324761.588980440748855, -1073138.919439866673201 ], [ -1324590.280600002035499, -1073162.338200000813231 ], [ -1324575.872915997402743, -1073158.874726052861661 ], [ -1324390.561599998036399, -1073114.327599999727681 ], [ -1324371.643379038432613, -1073127.700825873529539 ], [ -1324443.588100002380088, -1072932.661200000206009 ], [ -1324771.383300000336021, -1072727.970600004075095 ], [ -1324091.613500000908971, -1072727.970600004075095 ], [ -1323857.408477807650343, -1072764.565140481106937 ], [ -1323837.612899999367073, -1072767.658199997618794 ], [ -1323782.910978600615636, -1072833.300533239031211 ], [ -1323599.487500000512227, -1073053.40879999124445 ], [ -1323584.662294679088518, -1073063.936842152383178 ], [ -1323051.7989, -1073442.346999997273088 ], [ -1322773.985800002701581, -1073482.034599997568876 ], [ -1322234.234699998982251, -1073831.285300001036376 ], [ -1322126.284401697805151, -1073833.918228849070147 ], [ -1321583.358399995369837, -1073847.160300000803545 ], [ -1321234.107699998421595, -1073918.597999998135492 ], [ -1320821.356899998616427, -1074259.911199998576194 ], [ -1320567.35640000202693, -1074474.224099994869903 ], [ -1320360.980999995255843, -1074490.09910000115633 ], [ -1319900.605099998880178, -1074767.912199998507276 ], [ -1319511.666800001868978, -1075299.725799999199808 ], [ -1319146.541099998634309, -1075712.476599999004975 ], [ -1318614.727499997941777, -1075990.289599998388439 ], [ -1318011.47629999765195, -1076537.97819999861531 ], [ -1317471.725200000684708, -1076799.916299996431917 ], [ -1316987.536699996562675, -1076895.16639999859035 ], [ -1316654.161099997349083, -1077117.416900002863258 ], [ -1316360.473000000463799, -1077276.167199992574751 ], [ -1316234.16640000208281, -1077425.02859999332577 ], [ -1316138.222499996190891, -1077538.105199999175966 ], [ -1315733.409199999645352, -1077744.480599998962134 ], [ -1315632.431169815827161, -1078003.236951419152319 ], [ -1315606.409000000217929, -1078069.918799992883578 ], [ -1315153.970599993364885, -1078482.669599999673665 ], [ -1314669.782099996227771, -1078895.420399999478832 ], [ -1314423.719099995912984, -1078871.607900003436953 ], [ -1314376.093999992357567, -1078625.544900003354996 ], [ -1313963.343199999537319, -1079220.858600000152364 ], [ -1313423.592099995585158, -1080006.672699997667223 ], [ -1313217.216699995566159, -1080054.297799994237721 ], [ -1313399.779599999543279, -1080316.235800000838935 ], [ -1313574.4048999955412, -1080601.98640000121668 ], [ -1313574.433411386795342, -1080602.104009533766657 ], [ -1313637.904999998630956, -1080863.924400001065806 ], [ -1314140.813930669333786, -1080817.502038662787527 ], [ -1314153.843599999789149, -1080816.299299997743219 ], [ -1314320.531399999279529, -1080784.549200000474229 ], [ -1314542.781899996800348, -1080578.173800000688061 ], [ -1314796.782400000141934, -1080506.736199994338676 ], [ -1315193.658200000412762, -1080586.111299996962771 ], [ -1315399.258947005262598, -1080602.895057101966813 ], [ -1315582.596399999689311, -1080617.86139999399893 ], [ -1315765.159299996681511, -1080887.736900003859773 ], [ -1316035.034799999790266, -1080990.924600000493228 ], [ -1316416.035600000293925, -1080855.986900004791096 ], [ -1316677.973600000143051, -1080808.361800001235679 ], [ -1316955.786699997493997, -1080863.924400001065806 ], [ -1317090.7244999979157, -1080990.924600000493228 ], [ -1317281.224800000432879, -1081149.675000001676381 ], [ -1317432.03760000038892, -1081062.362299997825176 ], [ -1317773.350800000829622, -1080705.174099997850135 ], [ -1318265.476799994241446, -1080498.7986 ], [ -1318495.664800001773983, -1080498.7986 ], [ -1318733.79020000086166, -1080601.98640000121668 ], [ -1318969.219300003955141, -1080371.90799999772571 ], [ -1319083.040899997577071, -1080260.673200001008809 ], [ -1319495.79179999534972, -1080244.798099996522069 ], [ -1319678.354600001359358, -1080189.235500003676862 ], [ -1319678.840612931875512, -1080189.077874181326479 ], [ -1319972.042699998244643, -1080093.985300003318116 ], [ -1320003.472058402840048, -1080218.00542697799392 ], [ -1320123.657524931943044, -1080692.256814117077738 ], [ -1320160.28110000025481, -1080836.773299997439608 ], [ -1320197.188611475052312, -1080666.424798003630713 ], [ -1320228.283099993364885, -1080522.906600000569597 ], [ -1320242.905342693440616, -1080489.813922033412382 ], [ -1320477.609499995363876, -1079958.637599998386577 ], [ -1320642.904899998567998, -1079333.290999999502674 ], [ -1321022.420299996621907, -1078238.827900000847876 ], [ -1321279.034699995536357, -1077812.038499999558553 ], [ -1321285.796899998560548, -1077269.326799997594208 ], [ -1321459.092599994968623, -1076759.912099998444319 ], [ -1321458.037399999564514, -1076337.809899993473664 ], [ -1321702.16273079207167, -1076229.128570123575628 ], [ -1321854.831000002101064, -1076161.162700003944337 ], [ -1322025.40769999451004, -1075887.716199999675155 ], [ -1322027.96588680637069, -1075672.152632946148515 ], [ -1322031.150670273927972, -1075403.789399459492415 ], [ -1322032.523500000592321, -1075288.109000004827976 ], [ -1322095.653679616516456, -1075257.184898861683905 ], [ -1322387.861099996371195, -1075114.048099995357916 ], [ -1322431.947597649414092, -1075080.443341648904607 ], [ -1322678.704926308942959, -1074892.353544512763619 ], [ -1322898.631015691207722, -1074724.715753312921152 ], [ -1323588.25709999888204, -1074199.050999991828576 ], [ -1323597.388300003251061, -1074045.07439999631606 ], [ -1324325.39070000150241, -1073952.660800001816824 ], [ -1324310.016799253877252, -1073615.878398354398087 ], [ -1324316.432400000747293, -1073611.300800001248717 ], [ -1324449.970271921949461, -1073375.625224784715101 ], [ -1324493.476300001842901, -1073298.84319999627769 ], [ -1324524.468387402128428, -1073294.80946012143977 ], [ -1324784.723900003358722, -1073260.936200002674013 ], [ -1325481.570199999259785, -1073285.214499999303371 ], [ -1325846.794132757699117, -1073015.097670887596905 ], [ -1325952.805599997751415, -1072936.692400002386421 ], [ -1326036.236499998252839, -1072891.105399998137727 ], [ -1325980.487883911468089, -1072773.175644984934479 ], [ -1325882.814599998760968, -1072566.559100001817569 ], [ -1325882.814599998760968, -1072627.493299991590902 ], [ -1325173.729899998055771, -1073082.577600000426173 ] ] ] } },
{ "type": "Feature", "properties": { "ID": 3029, "YEAR": "2017-2018", "Perimtr_KM": 9.5476962692100003, "AREA_KM": 3.1045931364700001, "SCALE": 1, "THICKNES_M": 248.4402771, "VOLUME_KM": 0.77130597910999998, "MASS_GT": 0.70728758284000004, "RECURRANCE": ">8", "UA_KM": 0.04773848135, "UH_M": 20.6205428976, "UC_KM": 0.05901587034, "REGION": "East", "ICESHELF": "Vincennes_Bay" }, "geometry": { "type": "Polygon", "coordinates": [ [ [ 2423997.046500002034009, -860879.076484701829031 ], [ 2424217.747300004586577, -860883.357799998717383 ], [ 2424503.147526989690959, -862120.699764274293557 ], [ 2424750.396500014699996, -863192.638399998424575 ], [ 2424310.880000011064112, -864209.063300000037998 ], [ 2424100.18860000744462, -863798.769299992593005 ], [ 2423973.18830000422895, -863354.268399995518848 ], [ 2423917.625700004398823, -862965.330200003227219 ], [ 2423750.93790000397712, -862608.141899998532608 ], [ 2423425.499700003303587, -862250.953699998557568 ], [ 2423187.374199999496341, -861989.015699998708442 ], [ 2423354.062099996954203, -861862.01549999951385 ], [ 2423465.187299996614456, -861615.952499999199063 ], [ 2423389.030899999663234, -861573.230599997797981 ], [ 2423139.749099995940924, -861433.389600002206862 ], [ 2422957.186300010420382, -861361.952000002609566 ], [ 2422919.04939999897033, -861190.335799997206777 ], [ 2422893.686200007796288, -861076.201400002231821 ], [ 2422859.431799998506904, -861049.129379325779155 ], [ 2422678.551600007340312, -860906.175700000720099 ], [ 2423007.705446215346456, -860850.364253781968728 ], [ 2423301.249599998816848, -860800.590799999656156 ], [ 2423583.816700008697808, -860629.706899999175221 ], [ 2423676.519499994814396, -860524.461199992103502 ], [ 2423930.223200007341802, -860696.909799998393282 ], [ 2423902.17510000243783, -860877.236099996836856 ], [ 2423997.046500002034009, -860879.076484701829031 ] ] ] } },
{ "type": "Feature", "properties": { "ID": 3030, "YEAR": "2017-2018", "Perimtr_KM": 77.213649715000003, "AREA_KM": 35.973672462400003, "SCALE": 2, "THICKNES_M": 366.80143455199999, "VOLUME_KM": 13.195194665300001, "MASS_GT": 12.099993508100001, "RECURRANCE": "1-2", "UA_KM": 0.38606824857, "UH_M": 30.444518917700002, "UC_KM": 1.00961994143, "REGION": "West", "ICESHELF": "Getz" }, "geometry": { "type": "Polygon", "coordinates": [ [ [ -1568014.257812788244337, -740235.288315212586895 ], [ -1567823.8045, -740264.914400003617629 ], [ -1567569.804000003496185, -740201.414200002560392 ], [ -1567501.894500128692016, -740306.365258517907932 ], [ -1567336.970199998933822, -740561.24830000451766 ], [ -1566469.135099997045472, -742212.25160000170581 ], [ -1566193.967900001676753, -743207.086900003021583 ], [ -1565989.706680907402188, -743717.73980986722745 ], [ -1565897.633900002809241, -743947.921699994010851 ], [ -1565749.255518313962966, -744069.32220568950288 ], [ -1565683.268051820108667, -744123.311956157907844 ], [ -1565431.966300000203773, -744328.922500001499429 ], [ -1565378.816336128627881, -744492.309433894930407 ], [ -1565311.444065862335265, -744699.41679327422753 ], [ -1564860.465199997182935, -746085.759299999335781 ], [ -1564652.704231383511797, -747505.459106775466353 ], [ -1564479.464399996446446, -748689.264500000281259 ], [ -1564465.653179697692394, -750153.254504226380959 ], [ -1564459.269892685348168, -750829.883228754624724 ], [ -1564458.297699990915135, -750932.935699997236952 ], [ -1564424.464678211836144, -752987.277650004718453 ], [ -1564408.453953257761896, -753959.449279964435846 ], [ -1564394.797600001562387, -754788.66340000461787 ], [ -1564327.741500000469387, -756381.246599999023601 ], [ -1564595.96599999605678, -757185.920200004242361 ], [ -1564530.340970424702391, -757670.535877112066373 ], [ -1564378.033599999034777, -758795.267400000942871 ], [ -1564464.84408188960515, -759435.494805092457682 ], [ -1564646.25810000137426, -760773.423400002298877 ], [ -1564981.538800003007054, -761930.141699997708201 ], [ -1565652.100100001087412, -764210.050299997674301 ], [ -1566206.607231073547155, -765994.554938254877925 ], [ -1566574.121999997179955, -767177.284200005000457 ], [ -1567378.795600002398714, -769457.192700000014156 ], [ -1568165.682867297669873, -770984.679772645467892 ], [ -1568518.74989999551326, -771670.045199998654425 ], [ -1568779.193762526614591, -771952.941129339160398 ], [ -1569491.063799999188632, -772726.179299996932968 ], [ -1570307.828539591981098, -772904.382522348314524 ], [ -1570413.085599997313693, -772927.347699998412281 ], [ -1570465.16661943634972, -773006.601422886364162 ], [ -1570608.579613950336352, -773224.83858197578229 ], [ -1570798.658399997511879, -773514.08889999287203 ], [ -1571670.38820000179112, -774134.358099999371916 ], [ -1571826.157537889666855, -774206.808965383097529 ], [ -1572062.252561212982982, -774316.62062013335526 ], [ -1572391.241599998436868, -774469.63880000077188 ], [ -1572845.04050000035204, -774720.422400002134964 ], [ -1572825.174178128130734, -774695.967588239582255 ], [ -1572535.088043684372678, -774338.880762664834037 ], [ -1572220.253799999132752, -773951.329799999948591 ], [ -1571389.278399995993823, -773230.775500001385808 ], [ -1570963.188900001579896, -772886.551200001966208 ], [ -1570547.485500001814216, -772123.960599998012185 ], [ -1570497.755899994866922, -771962.482799996156245 ], [ -1569885.872007452184334, -771466.187936215195805 ], [ -1569848.477000002516434, -771435.857100000372157 ], [ -1569318.30699999188073, -770847.904200001852587 ], [ -1569205.95190000301227, -770313.910599997732788 ], [ -1569139.722007035277784, -769759.297043808503076 ], [ -1569099.422299998812377, -769421.824599998537451 ], [ -1569030.168899997603148, -768845.911699996329844 ], [ -1568981.745199996512383, -768431.502100000623614 ], [ -1568616.793344066245481, -767810.355034890817478 ], [ -1568507.379400000441819, -767624.132800000486895 ], [ -1568327.831799995154142, -767603.169299999251962 ], [ -1568016.953999997582287, -766557.790099998004735 ], [ -1567827.448399993823841, -765633.848999998066574 ], [ -1567285.592099994188175, -764983.326599997933954 ], [ -1567208.588499798439443, -764837.466280840337276 ], [ -1566858.111026544123888, -764173.59139733412303 ], [ -1566741.712099997559562, -763953.108400001190603 ], [ -1566483.259399998700246, -762669.81670000241138 ], [ -1566400.891999999061227, -762162.21230000234209 ], [ -1566025.803999997908249, -761481.246200000634417 ], [ -1565993.758699996862561, -760923.536499998066574 ], [ -1565783.380999997025356, -760414.619299998506904 ], [ -1565736.4921, -759655.774399996502325 ], [ -1565912.512328423094004, -759292.096543009160087 ], [ -1565924.547600000398234, -759267.23029999458231 ], [ -1565909.31512353848666, -759228.951746477279812 ], [ -1565673.785099999047816, -758637.075000002747402 ], [ -1565536.457300001988187, -757698.863699998008087 ], [ -1565357.585700000170618, -757102.163300002459437 ], [ -1565168.120800000149757, -755465.568500000052154 ], [ -1565011.037522877799347, -753650.086147596826777 ], [ -1564959.895500001730397, -753059.0146999952849 ], [ -1564928.540855354862288, -752424.271569187985733 ], [ -1564906.903700002469122, -751986.249199999962002 ], [ -1564847.252299998654053, -751015.239399998448789 ], [ -1564785.613697237567976, -750848.402613583253697 ], [ -1564665.91952425125055, -750524.427210527705029 ], [ -1564626.326299990527332, -750417.260499996365979 ], [ -1564658.054245274746791, -750370.10926984064281 ], [ -1564789.119155475869775, -750175.332340805325657 ], [ -1564989.721037969691679, -749877.21579251345247 ], [ -1565007.378199998056516, -749850.975299998885021 ], [ -1565043.544848406221718, -749528.541929158382118 ], [ -1565085.222600000910461, -749156.975900000194088 ], [ -1565121.166619166266173, -749134.954979022266343 ], [ -1565587.003299999516457, -748849.562499999534339 ], [ -1565689.0264999975916, -748300.970100002363324 ], [ -1565753.094600001582876, -747212.531599995680153 ], [ -1565766.343976138625294, -747155.39174039196223 ], [ -1565948.392599999206141, -746370.280599998310208 ], [ -1566000.897300001932308, -744998.589499997207895 ], [ -1566007.901535813463852, -744960.051443154457957 ], [ -1566134.078600001754239, -744265.811699999496341 ], [ -1566913.968699999619275, -742833.355699998093769 ], [ -1567542.000199991744012, -741920.138399997493252 ], [ -1567625.276100000133738, -741523.982400001725182 ], [ -1567668.59771423204802, -741473.21613385528326 ], [ -1567838.705399997532368, -741273.876099997432902 ], [ -1567922.137299997964874, -740806.419599996181205 ], [ -1568220.42510174238123, -740296.137735604774207 ], [ -1568280.174999992828816, -740193.92339999275282 ], [ -1568014.257812788244337, -740235.288315212586895 ] ] ] } },
{ "type": "Feature", "properties": { "ID": 3031, "YEAR": "2017-2018", "Perimtr_KM": 81.228537410200005, "AREA_KM": 45.578405391700002, "SCALE": 2, "THICKNES_M": 73.945597258500001, "VOLUME_KM": 3.3703224087799999, "MASS_GT": 3.0905856488499999, "RECURRANCE": "3-4", "UA_KM": 0.40614268705000001, "UH_M": 6.1374845421900002, "UC_KM": 0.25787756826000002, "REGION": "East", "ICESHELF": "Conger_Glenzer" }, "geometry": { "type": "Polygon", "coordinates": [ [ [ 2596007.922167290002108, -603353.381535328691825 ], [ 2596249.885298160836101, -603506.690448489505798 ], [ 2598947.7538, -605216.071900001494214 ], [ 2601731.139800001867115, -606792.286099999211729 ], [ 2602940.7472, -607952.256900003645569 ], [ 2606687.302800006233156, -609741.301699999021366 ], [ 2610905.148, -610926.317799996817484 ], [ 2614733.654776009730995, -611609.99845224362798 ], [ 2615857.400900007225573, -611810.67290000198409 ], [ 2619633.201204312965274, -612843.863054857589304 ], [ 2620168.910267123021185, -612990.451667851302773 ], [ 2621970.242300006560981, -613483.358700000913814 ], [ 2626834.365400006063282, -614766.383099998580292 ], [ 2629161.157700001262128, -615022.770799995167181 ], [ 2629411.023925660178065, -615177.479810816701502 ], [ 2631117.117400004528463, -616233.837200003443286 ], [ 2631396.752115427516401, -616528.633086917223409 ], [ 2632364.608700003474951, -617548.964699999894947 ], [ 2631528.752700001932681, -616765.851400000974536 ], [ 2631147.751900001429021, -616511.850900004385039 ], [ 2630893.751400004141033, -616326.642200003145263 ], [ 2630512.750700001604855, -616204.933599998243153 ], [ 2630163.500000004656613, -616056.766600002301857 ], [ 2629057.539399999193847, -615569.932300001149997 ], [ 2628528.371700007468462, -615506.432199998060241 ], [ 2627628.786500007845461, -615427.056999997468665 ], [ 2627448.86949999909848, -615315.931799997575581 ], [ 2626840.326600006781518, -615120.139800002798438 ], [ 2626009.533300001174212, -614797.347399999387562 ], [ 2625406.282100001350045, -614760.305700001074001 ], [ 2625035.864699998870492, -614575.096999999834225 ], [ 2624496.113600008189678, -614527.471900003030896 ], [ 2624136.279600004665554, -614426.929999996908009 ], [ 2623919.32079999987036, -614395.179999997839332 ], [ 2623400.684761501848698, -614386.238002980360761 ], [ 2623116.701858569867909, -614381.341748025501147 ], [ 2622691.651700000278652, -614374.013299999060109 ], [ 2621781.483200014568865, -614458.680099994176999 ], [ 2621587.491403261199594, -614526.747368898941204 ], [ 2621479.857600007206202, -614564.513600001344457 ], [ 2620696.131436954252422, -614595.862682069186121 ], [ 2620686.106000007130206, -614596.263699998613447 ], [ 2620405.647100006230175, -614469.263499999186024 ], [ 2619913.52110000513494, -614352.846600000280887 ], [ 2619019.227700003422797, -614231.138000002130866 ], [ 2618285.346127284690738, -614251.523588540498167 ], [ 2618257.226100002415478, -614252.304700000910088 ], [ 2618249.074834539555013, -614248.759282940998673 ], [ 2618164.088272060267627, -614384.206654535606503 ], [ 2618087.892499998211861, -614505.643700001062825 ], [ 2617458.182900006882846, -614532.102099998854101 ], [ 2616764.973200012929738, -614420.976899999193847 ], [ 2616140.55519999563694, -614352.185099996859208 ], [ 2615156.303300006315112, -614140.517999997828156 ], [ 2614341.385000007227063, -613791.267300001112744 ], [ 2613330.674600001424551, -613569.016900001559407 ], [ 2612277.630799998529255, -613299.141299993963912 ], [ 2611430.962500000372529, -613071.599200001917779 ], [ 2611266.920500011183321, -612807.015300000319257 ], [ 2610944.128200012259185, -612695.890100000426173 ], [ 2610150.376600004732609, -612367.806100002489984 ], [ 2609515.375300007872283, -612050.305500002810732 ], [ 2608973.595800008624792, -611762.526400002185255 ], [ 2608795.795400004833937, -611597.426100000506267 ], [ 2608243.344300011172891, -611406.925700000021607 ], [ 2607767.093400008045137, -611311.675499999895692 ], [ 2607074.942000006325543, -611044.974999999627471 ], [ 2606027.189899995923042, -610676.674300000537187 ], [ 2605335.038500007241964, -610371.873699998017401 ], [ 2605100.087999999523163, -610314.723599993390962 ], [ 2604700.0371999964118, -609952.772800001781434 ], [ 2604522.236900004558265, -609921.022799995727837 ], [ 2604115.285700455307961, -609751.459815017879009 ], [ 2604065.035900006070733, -609747.058899998432025 ], [ 2603074.434000005014241, -609181.907699995907024 ], [ 2601836.430527895689011, -608521.269117424730211 ], [ 2601669.058373323641717, -608431.953937421320006 ], [ 2601658.381100003607571, -608426.256199997616932 ], [ 2601309.130400000140071, -608254.805899997474626 ], [ 2599931.177699999883771, -607327.704000001307577 ], [ 2599296.176400002092123, -606553.002500000875443 ], [ 2598934.225700002163649, -606438.702299998607486 ], [ 2598464.32470000628382, -605962.451299997745082 ], [ 2598191.274200000800192, -605892.601200002944097 ], [ 2597810.273400000296533, -605594.150599998654798 ], [ 2596978.421799995005131, -605181.39969999413006 ], [ 2596870.471600005403161, -604997.249400003813207 ], [ 2596546.620900008827448, -604571.798500002361834 ], [ 2596298.97040000371635, -604228.897799997124821 ], [ 2596152.920100004412234, -603866.947099996730685 ], [ 2595810.603789137676358, -603269.795281200436875 ], [ 2595773.302700009196997, -603204.725599999772385 ], [ 2596007.922167290002108, -603353.381535328691825 ] ] ] } },
{ "type": "Feature", "properties": { "ID": 3032, "YEAR": "2017-2018", "Perimtr_KM": 14.8930202773, "AREA_KM": 1.4300121493, "SCALE": 1, "THICKNES_M": 179.54982503299999, "VOLUME_KM": 0.2567584312, "MASS_GT": 0.23544748141, "RECURRANCE": "5-6", "UA_KM": 0.07446510139, "UH_M": 14.9026354043, "UC_KM": 0.01964566942, "REGION": "East", "ICESHELF": "Tracy_Tremenchus" }, "geometry": { "type": "Polygon", "coordinates": [ [ [ 2650610.490299999713898, -254251.741999995429069 ], [ 2650848.152600010856986, -254336.80119999544695 ], [ 2651145.642099996097386, -254545.406600000802428 ], [ 2651722.244500001892447, -254813.151599992997944 ], [ 2651956.297465149313211, -254883.222179288510233 ], [ 2652247.095000002533197, -254970.280900002457201 ], [ 2652550.303500006906688, -255065.01320000179112 ], [ 2652585.358864413574338, -255108.416364755481482 ], [ 2652904.296400007791817, -255503.303100002929568 ], [ 2653406.014200004749, -255508.082999998237938 ], [ 2654028.860000015236437, -255321.307899998966604 ], [ 2654078.18860000371933, -255325.28700000140816 ], [ 2654349.69820000231266, -255347.345800000242889 ], [ 2654537.607800006866455, -255368.799999998882413 ], [ 2654572.361400000751019, -255448.733299993444234 ], [ 2654325.080676161684096, -255519.384890225250274 ], [ 2654181.186099999584258, -255560.497600003145635 ], [ 2653752.560300007462502, -255727.185500000603497 ], [ 2653458.872200003825128, -255782.748100000433624 ], [ 2653117.559000009670854, -255782.748100000433624 ], [ 2652887.875247719697654, -255596.130056917201728 ], [ 2652609.558000002987683, -255369.997300000395626 ], [ 2652403.182599996216595, -255290.62209999980405 ], [ 2652146.743921657092869, -255141.032915839925408 ], [ 2652139.212244783528149, -255136.63943897979334 ], [ 2651926.93160000257194, -255012.809100000653416 ], [ 2651093.492400008253753, -254623.870799996890128 ], [ 2650252.115800002589822, -254457.182899999432266 ], [ 2649998.115200007334352, -254346.057699999306351 ], [ 2649853.613548331893981, -254359.604740702081472 ], [ 2649374.362100005149841, -254404.534599993843585 ], [ 2649204.363700005225837, -254528.620599996764213 ], [ 2648402.674600007943809, -255044.559099999722093 ], [ 2647834.18070000782609, -255099.99369999486953 ], [ 2648336.035800001583993, -254792.953100002370775 ], [ 2648796.201400004327297, -254289.464999996591359 ], [ 2649137.984699998050928, -254291.097499997820705 ], [ 2649486.547500005923212, -254291.079599999822676 ], [ 2649753.090009252540767, -254291.065961655694991 ], [ 2649922.369900004006922, -254291.057300004176795 ], [ 2650066.972199997864664, -254201.909300000406802 ], [ 2650610.490299999713898, -254251.741999995429069 ] ] ] } },
{ "type": "Feature", "properties": { "ID": 3033, "YEAR": "2017-2018", "Perimtr_KM": 30.033699269, "AREA_KM": 9.7112078316799995, "SCALE": 1, "THICKNES_M": 222.88796064600001, "VOLUME_KM": 2.1645113090099999, "MASS_GT": 1.98485687036, "RECURRANCE": "4-5", "UA_KM": 0.15016849635000001, "UH_M": 18.499700642400001, "UC_KM": 0.16561588036, "REGION": "East", "ICESHELF": "Shackleton" }, "geometry": { "type": "Polygon", "coordinates": [ [ [ 2598841.846700001507998, -217152.949200002476573 ], [ 2600184.501300004310906, -217958.981700001750141 ], [ 2601054.079400006681681, -217903.732700000051409 ], [ 2601422.595600001513958, -217863.188900000415742 ], [ 2602143.783000004477799, -218287.66709999833256 ], [ 2602749.342199998907745, -218380.790099994279444 ], [ 2602981.123800007626414, -218330.896600001957268 ], [ 2603393.982200005091727, -218489.65219999756664 ], [ 2603668.416299997828901, -218359.978299998678267 ], [ 2603768.633400012739003, -218223.576699998695403 ], [ 2604157.004500006325543, -218298.417400001548231 ], [ 2604238.99170000012964, -218398.506799998227507 ], [ 2604488.372600000351667, -218293.008799992967397 ], [ 2606101.125100002624094, -218865.894000000320375 ], [ 2606340.157300004735589, -218776.381599998567253 ], [ 2606426.07710000872612, -218832.204500001389533 ], [ 2606516.875807890668511, -219074.240250959061086 ], [ 2606553.846600004471838, -219172.790699996054173 ], [ 2606895.750200006179512, -219642.999299998395145 ], [ 2607137.598653093911707, -219839.67845704080537 ], [ 2607553.650291131809354, -220178.025402874220163 ], [ 2607659.274348141625524, -220263.922377736773342 ], [ 2607737.31248975917697, -220327.385574277024716 ], [ 2607750.116600002162158, -220337.798300001304597 ], [ 2607805.514985751360655, -220374.396001841407269 ], [ 2608304.616000009700656, -220704.115899994969368 ], [ 2608490.359200009144843, -220772.228900004178286 ], [ 2608462.419662219472229, -220949.521105758845806 ], [ 2608441.589699578471482, -221081.6990268509835 ], [ 2608400.922099997289479, -221339.757999994326383 ], [ 2608507.177246270701289, -221622.657575701829046 ], [ 2608611.181921184062958, -221899.565372046083212 ], [ 2608628.89159999974072, -221946.716599997598678 ], [ 2608791.860956381075084, -222118.75864647468552 ], [ 2608991.720653406344354, -222329.744760960806161 ], [ 2609070.698600005358458, -222413.119499997701496 ], [ 2609735.201200008392334, -222930.81969999615103 ], [ 2609562.82190000731498, -222927.253199997358024 ], [ 2609481.850936315953732, -222900.262878764420748 ], [ 2609217.097678257152438, -222812.011792749166489 ], [ 2609213.57120000384748, -222810.836299998220056 ], [ 2608852.343206144869328, -222659.209772136062384 ], [ 2608784.945299999788404, -222630.919300002977252 ], [ 2608641.454226858913898, -222542.750064339954406 ], [ 2608350.153088356368244, -222363.757753754034638 ], [ 2608345.736100008711219, -222361.043699995148927 ], [ 2608334.674062893725932, -222351.608434129040688 ], [ 2607985.902100005187094, -222054.12650000071153 ], [ 2607933.176509614102542, -221798.610136072151363 ], [ 2607917.110300002619624, -221720.750799996778369 ], [ 2607800.693400003947318, -221297.416599998716265 ], [ 2607788.733932202681899, -221270.277830747421831 ], [ 2607739.624825045466423, -221158.838028450030833 ], [ 2607663.109700008295476, -220985.207699998281896 ], [ 2607600.532644393853843, -220749.917897086590528 ], [ 2607530.817800016142428, -220487.789999998640269 ], [ 2607335.025800000876188, -220429.581600001547486 ], [ 2607212.52127593010664, -220366.167497904039919 ], [ 2607197.507774466648698, -220358.395803581923246 ], [ 2607108.980915339663625, -220312.570138570386916 ], [ 2607002.598423885181546, -220257.50155865540728 ], [ 2606885.233199998736382, -220196.747799996752292 ], [ 2606610.066000003367662, -219995.663999998010695 ], [ 2606449.087162644602358, -219949.670077512972057 ], [ 2606387.815500005148351, -219932.163900001905859 ], [ 2606361.357100000604987, -219995.663999998010695 ], [ 2606070.31489999871701, -219995.663999998010695 ], [ 2605990.939699998125434, -219948.038900001440197 ], [ 2605472.355400011874735, -219799.872000003233552 ], [ 2605371.418261473998427, -219798.319114624522626 ], [ 2605128.396299995481968, -219794.58029999723658 ], [ 2604884.979200011119246, -219736.371800002176315 ], [ 2604530.436800001189113, -219656.996699993032962 ], [ 2604186.477800004184246, -219519.413100001867861 ], [ 2603739.367459150962532, -219268.483797163702548 ], [ 2603682.551682777702808, -219236.597388258203864 ], [ 2603667.893399998545647, -219228.370800002478063 ], [ 2603101.68400000128895, -219249.537499994505197 ], [ 2602863.558499997481704, -219159.578999993391335 ], [ 2602794.824420124292374, -219104.209882102906704 ], [ 2602504.184248004108667, -218870.083085261750966 ], [ 2602482.557699996978045, -218852.661700000986457 ], [ 2602350.322219950146973, -218852.661700000986457 ], [ 2602112.140299994498491, -218852.661700000986457 ], [ 2601826.389700001105666, -218974.370299992151558 ], [ 2601756.831844391301274, -218979.338716573547572 ], [ 2601530.055800006724894, -218995.536999997682869 ], [ 2601139.02364176698029, -218768.784597309771925 ], [ 2600935.59904701448977, -218650.822392271831632 ], [ 2600635.762400005012751, -218476.952599999494851 ], [ 2600401.824303297325969, -218420.396145064849406 ], [ 2600154.219700004905462, -218360.535699993837625 ], [ 2599613.556734946556389, -218211.506810822989792 ], [ 2599328.718100012280047, -218132.993600002024323 ], [ 2598778.38360000308603, -217894.868099997751415 ], [ 2598321.156815135851502, -217731.763869910500944 ], [ 2598227.086400002241135, -217698.206599992699921 ], [ 2597487.25899999961257, -217672.695300002582371 ], [ 2597858.006512495689094, -217326.218906528316438 ], [ 2598314.163500003516674, -216899.924399995245039 ], [ 2598841.846700001507998, -217152.949200002476573 ] ] ] } },
{ "type": "Feature", "properties": { "ID": 3034, "YEAR": "2017-2018", "Perimtr_KM": 14.7943157, "AREA_KM": 2.72886156066, "SCALE": 1, "THICKNES_M": 99.4267245785, "VOLUME_KM": 0.2713217668, "MASS_GT": 0.24880206016, "RECURRANCE": "4-5", "UA_KM": 0.0739715785, "UH_M": 8.2524180993199998, "UC_KM": 0.02075997158, "REGION": "West", "ICESHELF": "Abbot_6" }, "geometry": { "type": "Polygon", "coordinates": [ [ [ -1930604.897166028618813, -186125.688725651241839 ], [ -1931186.437911345157772, -186522.193812035955489 ], [ -1931432.841099999379367, -186690.195999995339662 ], [ -1932458.10359999560751, -187401.265100001357496 ], [ -1933400.683599997544661, -187682.385400001425296 ], [ -1933738.609579326584935, -187741.382686509285122 ], [ -1933950.626844222657382, -187778.398021487053484 ], [ -1934148.883552876766771, -187813.010950227733701 ], [ -1934399.291699999477714, -188000.817099992651492 ], [ -1934473.846849765162915, -187982.743123693857342 ], [ -1934774.901399997528642, -187909.760200003162026 ], [ -1935116.364800000796095, -187932.524399997666478 ], [ -1935913.112599999411032, -187909.760200003162026 ], [ -1936937.502699997276068, -187716.264299997128546 ], [ -1937409.88979999278672, -187456.108999994583428 ], [ -1937399.0302, -187454.545799998566508 ], [ -1937273.074599996674806, -187436.052499998826534 ], [ -1937207.338399998378009, -187426.767099999357015 ], [ -1937142.589099996257573, -187418.273800002411008 ], [ -1937114.153800001367927, -187390.684499999973923 ], [ -1937085.637199997203425, -187387.45390000147745 ], [ -1937054.750699996482581, -187384.229099999181926 ], [ -1937024.975399998947978, -187381.422500000335276 ], [ -1936996.144300001207739, -187379.018599991220981 ], [ -1936968.143499999772757, -187377.007800000254065 ], [ -1936940.847799993352965, -187375.381800000555813 ], [ -1936914.213799999793991, -187374.138399997726083 ], [ -1936888.177999996114522, -187373.274700003210455 ], [ -1936862.691000001505017, -187372.789199993945658 ], [ -1936836.428699997952208, -187372.685700000729412 ], [ -1936810.683600002434105, -187372.999299992341548 ], [ -1936785.418599998578429, -187373.73070000205189 ], [ -1936760.603499996708706, -187374.880600002594292 ], [ -1936736.205699996557087, -187376.450800003483891 ], [ -1936712.206900001037866, -187378.442400003317744 ], [ -1936688.585599991958588, -187380.85740000102669 ], [ -1936661.968399998731911, -187360.973099996335804 ], [ -1936639.026700000278652, -187364.243999999947846 ], [ -1936616.413100000238046, -187367.944999998901039 ], [ -1936594.114000000525266, -187372.078499992378056 ], [ -1936572.117299999110401, -187376.646699995268136 ], [ -1936550.410399997606874, -187381.652299993205816 ], [ -1936528.9844999932684, -187387.097299999091774 ], [ -1936507.830399993108585, -187392.984099997673184 ], [ -1936486.939499997301027, -187399.31510000070557 ], [ -1936477.040700001874939, -187402.549800002481788 ], [ -1936466.743399997940287, -187406.131199993658811 ], [ -1936444.449999996460974, -187414.51229999307543 ], [ -1936422.571499998215586, -187423.341600002720952 ], [ -1936366.273600000655279, -187446.791099992115051 ], [ -1936349.82460000179708, -187453.31560000218451 ], [ -1936334.981900000479072, -187458.890999997965991 ], [ -1936318.254700000630692, -187464.70999999390915 ], [ -1936302.511900000972673, -187469.636999994516373 ], [ -1936287.458299997728318, -187473.764199995435774 ], [ -1936272.941199999302626, -187477.132600000593811 ], [ -1936260.197700001765043, -187479.600199994631112 ], [ -1936247.118199998978525, -187481.724000000860542 ], [ -1936233.674800001550466, -187483.50839999737218 ], [ -1936219.614799999399111, -187471.293200003448874 ], [ -1936205.345899994950742, -187472.412200001999736 ], [ -1936190.574599996674806, -187473.207100001163781 ], [ -1936175.23009999608621, -187473.681699997279793 ], [ -1936159.203499995404854, -187473.839499999303371 ], [ -1936133.748899998841807, -187473.489600001834333 ], [ -1936105.53569999942556, -187472.42540000192821 ], [ -1936075.647599996067584, -187470.766299998387694 ], [ -1936016.192099997308105, -187466.856100002769381 ], [ -1935991.289799998980016, -187465.364000002387911 ], [ -1935965.256700000725687, -187464.135099999606609 ], [ -1935942.00109999650158, -187463.467199998907745 ], [ -1935879.39570000115782, -187462.647599999327213 ], [ -1935809.186299998546019, -187462.322500000242144 ], [ -1935741.218899998813868, -187451.909200001973659 ], [ -1935587.160399999469519, -187452.493599997833371 ], [ -1935514.355799996294081, -187452.47799999313429 ], [ -1935452.157899993704632, -187452.072800000663847 ], [ -1935395.405500000575557, -187451.25719999987632 ], [ -1935357.0142, -187450.405099997762591 ], [ -1935318.911099998280406, -187442.941199997439981 ], [ -1935283.371799998916686, -187441.618299995549023 ], [ -1935248.958900001598522, -187440.049800000153482 ], [ -1935215.485499992500991, -187438.22650000359863 ], [ -1935182.896000002976507, -187436.144700001459569 ], [ -1935151.101599994814023, -187433.798799992538989 ], [ -1935120.034899997990578, -187431.183700001332909 ], [ -1935085.114799997303635, -187427.835400003474206 ], [ -1935051.007899998687208, -187424.117300003301352 ], [ -1935017.651499997125939, -187420.022599991876632 ], [ -1934984.995999995386228, -187415.545000003650784 ], [ -1934952.988099998096004, -187410.677199998870492 ], [ -1934921.600000000791624, -187405.414700002409518 ], [ -1934890.798399996478111, -187399.751800002995878 ], [ -1934860.740899998694658, -187392.300999998115003 ], [ -1934830.994, -187385.813700002618134 ], [ -1934801.759800000116229, -187378.910000001080334 ], [ -1934773.018199999351054, -187371.585200001019984 ], [ -1934764.120299997041002, -187369.145500002894551 ], [ -1934549.361487684771419, -187439.204960643779486 ], [ -1934055.677254443056881, -187600.256564242299646 ], [ -1933922.379099990706891, -187500.030700000934303 ], [ -1933856.587299996521324, -187521.493599996436387 ], [ -1933635.796868095872924, -187399.579642603173852 ], [ -1932316.174799998756498, -186670.923300003632903 ], [ -1930827.262699999148026, -186135.265199998393655 ], [ -1930704.858592046424747, -186113.444480508565903 ], [ -1930545.192800001706928, -186084.98119999608025 ], [ -1930604.897166028618813, -186125.688725651241839 ] ] ] } },
{ "type": "Feature", "properties": { "ID": 3035, "YEAR": "2017-2018", "Perimtr_KM": 12.497379022100001, "AREA_KM": 5.3447308387100003, "SCALE": 1, "THICKNES_M": 58.797577540100001, "VOLUME_KM": 0.31425722592, "MASS_GT": 0.28817387617000001, "RECURRANCE": "2-3", "UA_KM": 0.06248689511, "UH_M": 4.88019891176, "UC_KM": 0.02404514447, "REGION": "East", "ICESHELF": "Helen" }, "geometry": { "type": "Polygon", "coordinates": [ [ [ 2574173.370300003327429, -165284.853306548204273 ], [ 2573265.032528438605368, -165872.515518892090768 ], [ 2573085.361427247524261, -165988.756327238865197 ], [ 2572798.031599996611476, -166174.648500001057982 ], [ 2572357.465000008232892, -166176.492899997159839 ], [ 2572079.301600000821054, -166351.317753630690277 ], [ 2571723.472478052601218, -166574.955278048291802 ], [ 2571694.905400001443923, -166592.909599999431521 ], [ 2571315.681682446971536, -166812.986201255582273 ], [ 2571013.579700005240738, -166988.306399994064122 ], [ 2570922.07300001103431, -166768.451100001577288 ], [ 2570984.466107257641852, -166493.921234535519034 ], [ 2571005.893100000917912, -166399.642400002107024 ], [ 2571642.9264000011608, -165846.429299996700138 ], [ 2571906.061099994927645, -165678.471000002231449 ], [ 2572430.83600000385195, -165343.508299997076392 ], [ 2572482.007100000977516, -165269.59448323585093 ], [ 2572674.519200613722205, -164991.52142773848027 ], [ 2572732.588599995709956, -164907.643399991560727 ], [ 2573051.105200003832579, -164672.946900000795722 ], [ 2573052.392138339579105, -164659.562747161835432 ], [ 2573134.92539999820292, -163801.217200001236051 ], [ 2573688.138500004075468, -163315.060199996922165 ], [ 2573858.946299996227026, -162631.828899994958192 ], [ 2573978.570700007490814, -162673.721899998374283 ], [ 2574849.463800004683435, -163657.39039999851957 ], [ 2574511.677100005559623, -164685.816500001586974 ], [ 2574176.229200004599988, -165283.003699992783368 ], [ 2574173.370300003327429, -165284.853306548204273 ] ] ] } },
{ "type": "Feature", "properties": { "ID": 3036, "YEAR": "2017-2018", "Perimtr_KM": 6.9474040752599997, "AREA_KM": 1.26634916, "SCALE": 1, "THICKNES_M": 240.66638946500001, "VOLUME_KM": 0.30476768014, "MASS_GT": 0.27947196269000002, "RECURRANCE": "2-3", "UA_KM": 0.03473702038, "UH_M": 19.9753102271, "UC_KM": 0.02331905934, "REGION": "West", "ICESHELF": "Venable" }, "geometry": { "type": "Polygon", "coordinates": [ [ [ -1865932.02569999685511, 87558.37280001398176 ], [ -1865995.088399998145178, 87039.278199999127537 ], [ -1866159.97359999618493, 87222.822800004854798 ], [ -1866320.45360000198707, 87485.064500003121793 ], [ -1866303.943599996389821, 87506.869300005491823 ], [ -1866301.8592, 87543.589300002437085 ], [ -1866291.749799996381626, 87607.880499994382262 ], [ -1866177.933900000760332, 87697.953800014220178 ], [ -1866144.917000000597909, 87731.411400015931576 ], [ -1866122.585200002184138, 87767.125100008677691 ], [ -1866097.137400001520291, 87806.031899997964501 ], [ -1866089.800499999662861, 87849.046100008767098 ], [ -1866089.279699997976422, 87892.165100006852299 ], [ -1866089.5262, 87933.353499998338521 ], [ -1866090.037899999180809, 87957.097100007813424 ], [ -1866090.823199999053031, 87980.32510000327602 ], [ -1866091.883600002620369, 88003.082100003492087 ], [ -1866094.037700002780184, 88025.500500003807247 ], [ -1866095.654100002953783, 88047.424100003670901 ], [ -1866097.551399996271357, 88068.970100005622953 ], [ -1866097.713400000240654, 88090.98049999633804 ], [ -1866098.304500000551343, 88113.027199999894947 ], [ -1866092.820799997309223, 88130.551099996082485 ], [ -1866084.588799996068701, 88146.027200008742511 ], [ -1866080.504500001203269, 88163.063600002788007 ], [ -1866074.715000001713634, 88178.720600004307926 ], [ -1866071.222299996996298, 88195.226400000974536 ], [ -1866066.028599995886907, 88210.375299997162074 ], [ -1866063.135899998247623, 88226.39169999724254 ], [ -1866062.401900000870228, 88242.914900002535433 ], [ -1866067.027600001078099, 88261.231700004544109 ], [ -1866073.773299997905269, 88283.229200003203005 ], [ -1866080.13990000076592, 88305.127800001762807 ], [ -1866093.130699997302145, 88360.556200015358627 ], [ -1866101.664299999596551, 88391.396899995394051 ], [ -1866107.39229999599047, 88407.850499994587153 ], [ -1866111.138899999670684, 88422.018699995242059 ], [ -1866116.970200000563636, 88436.367300001438707 ], [ -1866120.923199997283518, 88448.807400000747293 ], [ -1866128.087200002046302, 88464.497200005687773 ], [ -1866135.532599996309727, 88479.203400006983429 ], [ -1866143.294000000460073, 88493.013800010085106 ], [ -1866151.397299997508526, 88505.983800007030368 ], [ -1866157.873599995160475, 88517.064400004222989 ], [ -1866166.734100000467151, 88528.485999999567866 ], [ -1866170.744, 88537.589000000618398 ], [ -1866177.169099999824539, 88547.077500006649643 ], [ -1866178.784000003710389, 88550.613400004804134 ], [ -1866182.71279999637045, 88555.110000002197921 ], [ -1866186.963100001215935, 88559.466900004539639 ], [ -1866189.545000004116446, 88562.585000011138618 ], [ -1866194.465799996629357, 88566.685199997853488 ], [ -1866199.745499998563901, 88570.673900005873293 ], [ -1866205.4031999965664, 88574.563700000755489 ], [ -1866211.46689999778755, 88578.369599998462945 ], [ -1866217.998399999458343, 88582.122699997853488 ], [ -1866225.027199998032302, 88585.835800005588681 ], [ -1866235.247899997513741, 88590.32830000622198 ], [ -1866243.538699996424839, 88594.075900009833276 ], [ -1866263.129500002600253, 88602.486900004558265 ], [ -1866303.418299998855218, 88618.762499996460974 ], [ -1866318.489400001475587, 88625.008900003507733 ], [ -1866332.609599999617785, 88630.496900006663054 ], [ -1866344.526599996723235, 88635.84910001559183 ], [ -1866350.16780000180006, 88638.952499999199063 ], [ -1866355.262600002810359, 88642.138499999418855 ], [ -1866362.490699990885332, 88646.223499993328005 ], [ -1866366.633900001645088, 88649.648599998559803 ], [ -1866370.353799998760223, 88653.225900006014854 ], [ -1866373.660300002200529, 88656.963300002738833 ], [ -1866376.569599997717887, 88660.873100006487221 ], [ -1866379.092999996617436, 88664.964700000360608 ], [ -1866383.232999998610467, 88671.195099997334182 ], [ -1866384.68759999750182, 88677.041900004725903 ], [ -1866388.703499995404854, 88684.077900004573166 ], [ -1866390.023600000888109, 88690.718699995428324 ], [ -1866393.895000000949949, 88698.536300010047853 ], [ -1866400.310099996393546, 88707.520899998955429 ], [ -1866406.635400000959635, 88716.873300003819168 ], [ -1866412.863199997227639, 88726.581500000320375 ], [ -1866419.002600001171231, 88736.662400006782264 ], [ -1866425.024799994891509, 88747.07070000609383 ], [ -1866430.918899999232963, 88757.787699996028095 ], [ -1866436.672099999384955, 88768.790299997199327 ], [ -1866442.274099997244775, 88780.059300004970282 ], [ -1866447.705099999438971, 88791.555700000841171 ], [ -1866452.948199994629249, 88803.243099994491786 ], [ -1866457.982999995583668, 88815.076499995775521 ], [ -1866462.071199998259544, 88825.437700014095753 ], [ -1866465.855199999175966, 88836.041700002271682 ], [ -1866469.335299998754635, 88846.889500000979751 ], [ -1866472.511699999682605, 88857.98189999954775 ], [ -1866475.384599997894838, 88869.31969999615103 ], [ -1866477.954699999419972, 88880.904499997850507 ], [ -1866480.221999997273088, 88892.737700003199279 ], [ -1866483.244799997657537, 88906.722799999639392 ], [ -1866484.907200000947341, 88919.05420000385493 ], [ -1866486.267999996431172, 88931.638799994252622 ], [ -1866487.327199997613207, 88944.479600004386157 ], [ -1866488.085300000850111, 88957.578600006178021 ], [ -1866488.54239999060519, 88970.938400014303625 ], [ -1866485.449699997203425, 88982.474200000055134 ], [ -1866481.140900002326816, 88994.826699997298419 ], [ -1866478.72239999496378, 89007.639199999161065 ], [ -1866474.862299992935732, 89020.7715999991633 ], [ -1866469.666399996727705, 89033.798300003167242 ], [ -1866465.216099996119738, 89047.497100002598017 ], [ -1866460.46969999675639, 89061.491500004660338 ], [ -1866454.385200002929196, 89075.403299996629357 ], [ -1866448.002100000390783, 89089.634099998045713 ], [ -1866442.359099998371676, 89104.584499994758517 ], [ -1866435.370800000848249, 89119.503900005016476 ], [ -1866429.139500001911074, 89135.06270000571385 ], [ -1866425.72159999771975, 89152.182300003711134 ], [ -1866421.986299998825416, 89169.744499998632818 ], [ -1866417.921699998900294, 89187.807300003711134 ], [ -1866408.761799994623289, 89225.633400000166148 ], [ -1866397.92939999839291, 89266.953500001691282 ], [ -1866393.3192999958992, 89282.45950000314042 ], [ -1866387.730000001611188, 89298.519700004253536 ], [ -1866381.104400002863258, 89315.302099994383752 ], [ -1866373.311799996066839, 89333.137499997857958 ], [ -1866366.077800000319257, 89348.530899996403605 ], [ -1866357.633999995421618, 89365.604899996891618 ], [ -1866329.151699997717515, 89420.655099998228252 ], [ -1866314.393299998482689, 89439.422900000587106 ], [ -1866297.27839999855496, 89456.827499995473772 ], [ -1866281.558200001949444, 89472.518200002145022 ], [ -1866268.298999999649823, 89488.088600001297891 ], [ -1866256.101699996972457, 89502.836200005374849 ], [ -1866244.884200001368299, 89516.988999997265637 ], [ -1866234.607099995715544, 89530.675000002607703 ], [ -1866231.503999999258667, 89537.473799998871982 ], [ -1866227.040899997577071, 89544.137399995699525 ], [ -1866222.824099995195866, 89550.966999995987862 ], [ -1866218.853100002743304, 89557.96580000128597 ], [ -1866215.127699996810406, 89565.137199996039271 ], [ -1866213.253999999491498, 89572.783400003332645 ], [ -1866213.232200000435114, 89580.909600004088134 ], [ -1866213.455299995606765, 89589.223000005818903 ], [ -1866213.922899999888614, 89597.718400000594556 ], [ -1866214.635200002696365, 89606.413499996997416 ], [ -1866215.592999994056299, 89615.31600000616163 ], [ -1866216.797399999108166, 89624.435400002636015 ], [ -1866218.249099996406585, 89633.779399997089058 ], [ -1866219.950599995907396, 89643.363400011789054 ], [ -1866224.114100002683699, 89663.3128000064753 ], [ -1866228.30629999563098, 89680.549399998504668 ], [ -1866233.232700001914054, 89698.711900000926107 ], [ -1866238.940000003669411, 89717.97459999518469 ], [ -1866245.531700001098216, 89738.687800011597574 ], [ -1866251.695899996673688, 89757.072999997064471 ], [ -1866258.82539999904111, 89777.563799996860325 ], [ -1866283.009999997215346, 89844.7980000032112 ], [ -1866291.555599996820092, 89869.006400006823242 ], [ -1866295.259899995988235, 89891.278100000694394 ], [ -1866295.461299996823072, 89910.159100013785064 ], [ -1866295.407900003483519, 89930.199800001922995 ], [ -1866294.080400001024827, 89948.385799995623529 ], [ -1866292.970899997046217, 89956.909600003156811 ], [ -1866292.650699998717755, 89965.445800005923957 ], [ -1866290.966499996138737, 89973.302199995610863 ], [ -1866290.07970000221394, 89981.214600006584078 ], [ -1866287.982900003204122, 89989.947800005786121 ], [ -1866286.579600000288337, 89998.664000002201647 ], [ -1866284.792100000195205, 90007.023400000296533 ], [ -1866284.778999998234212, 90015.75780000211671 ], [ -1866284.382099997717887, 90024.166400005575269 ], [ -1866283.600999999558553, 90032.257200002204627 ], [ -1866282.434500001603737, 90040.040200002957135 ], [ -1866280.881799999857321, 90047.523600001819432 ], [ -1866278.938099998282269, 90054.723800001200289 ], [ -1866276.603699997300282, 90061.63700000429526 ], [ -1866273.87669999524951, 90068.268600001465529 ], [ -1866270.755199997453019, 90074.623600012622774 ], [ -1866267.236699994420633, 90080.706599996425211 ], [ -1866263.319199999794364, 90086.521000005770475 ], [ -1866259.000599996186793, 90092.07020000461489 ], [ -1866254.278499998617917, 90097.357100001070648 ], [ -1866248.924499999266118, 90102.798399994615465 ], [ -1866243.366700001293793, 90108.124200004618615 ], [ -1866240.9983000010252, 90110.26609999826178 ], [ -1866206.386899997713044, 90067.870799999218434 ], [ -1865930.062199995620176, 89614.898699997924268 ], [ -1865625.108399997698143, 89418.856999998912215 ], [ -1865625.108399997698143, 89103.542599997017533 ], [ -1865603.941699998918921, 88838.958700002171099 ], [ -1865857.942200002260506, 88214.54080000333488 ], [ -1865805.025399999693036, 87928.790199995972216 ], [ -1865932.02569999685511, 87558.37280001398176 ] ] ] } },
{ "type": "Feature", "properties": { "ID": 3037, "YEAR": "2017-2018", "Perimtr_KM": 8.2596301254100002, "AREA_KM": 1.9717050218000001, "SCALE": 1, "THICKNES_M": 253.430761719, "VOLUME_KM": 0.49969070556, "MASS_GT": 0.458216377, "RECURRANCE": "2-3", "UA_KM": 0.04129815063, "UH_M": 21.034753119000001, "UC_KM": 0.03823344132, "REGION": "East", "ICESHELF": "West" }, "geometry": { "type": "Polygon", "coordinates": [ [ [ 2461732.993588083423674, 361966.756421619094908 ], [ 2462108.555399995297194, 361843.00460000615567 ], [ 2462487.439608016982675, 361598.174684970173985 ], [ 2462656.28430000692606, 361489.069500009529293 ], [ 2462434.822304943576455, 361427.190483515616506 ], [ 2462434.132699996232986, 361426.997800001408905 ], [ 2462428.492527704685926, 361416.344141228590161 ], [ 2462391.781943636015058, 361347.001926876138896 ], [ 2462374.601299999281764, 361314.54960001539439 ], [ 2462387.830500002019107, 361188.872299997601658 ], [ 2462116.632000005804002, 361109.497099997010082 ], [ 2461977.725500006228685, 361248.403700008522719 ], [ 2461620.537300005555153, 361188.872299997601658 ], [ 2461111.213400004431605, 361155.7993000051938 ], [ 2460813.012611599639058, 361001.176709169521928 ], [ 2460787.345763717778027, 360987.867976692505181 ], [ 2460754.025100005790591, 360970.590599997434765 ], [ 2460509.285099999047816, 360864.757100003771484 ], [ 2460138.867699996568263, 360957.361399995163083 ], [ 2459740.723314526490867, 360957.361399995163083 ], [ 2459699.117400000803173, 360957.361399995163083 ], [ 2459712.542572156526148, 360980.462067985441536 ], [ 2459783.81899422314018, 361103.107270766049623 ], [ 2459785.339497985318303, 361105.723598670680076 ], [ 2459893.438299997709692, 361291.729000001214445 ], [ 2460294.096700007095933, 361410.722700005862862 ], [ 2460286.368400006555021, 361527.738200000021607 ], [ 2460424.885100008919835, 361568.167700004763901 ], [ 2459920.489427744410932, 361911.211136574856937 ], [ 2459853.552300002425909, 361956.735599998384714 ], [ 2460133.871400004252791, 362031.447500012814999 ], [ 2460636.453497738577425, 361801.827732810750604 ], [ 2460844.326700001955032, 361706.854600011836737 ], [ 2460854.315576274879277, 361717.352380538824946 ], [ 2461172.202099998481572, 362051.434300004504621 ], [ 2461381.641100000590086, 362082.530999994371086 ], [ 2461732.993588083423674, 361966.756421619094908 ] ] ] } },
{ "type": "Feature", "properties": { "ID": 3038, "YEAR": "2017-2018", "Perimtr_KM": 9.9276853889699996, "AREA_KM": 2.2209739281899998, "SCALE": 1, "THICKNES_M": 169.73217010499999, "VOLUME_KM": 0.37697072458000003, "MASS_GT": 0.34568215444, "RECURRANCE": "1-2", "UA_KM": 0.04963842694, "UH_M": 14.0877700492, "UC_KM": 0.02884361849, "REGION": "East", "ICESHELF": "West" }, "geometry": { "type": "Polygon", "coordinates": [ [ [ 2431126.716926175169647, 371458.226731595117599 ], [ 2431428.970500006340444, 371306.069400012493134 ], [ 2431516.126202066428959, 371136.379568134900182 ], [ 2431545.787300005555153, 371078.630199999082834 ], [ 2431582.940000005997717, 370916.758900008164346 ], [ 2431468.125315020792186, 370816.228700440842658 ], [ 2431424.739999994635582, 370778.241100001614541 ], [ 2431461.885100002400577, 370562.144100009463727 ], [ 2431534.226684497669339, 370523.698152041528374 ], [ 2431572.723900007084012, 370503.238799998071045 ], [ 2431836.529294120147824, 370693.539789453148842 ], [ 2431839.125899996608496, 370695.41290000686422 ], [ 2432003.721600015647709, 370591.964100010227412 ], [ 2432017.487200004048645, 370593.326200006064028 ], [ 2432236.267300006002188, 370328.623599997721612 ], [ 2432236.343479685485363, 370314.904005332384259 ], [ 2432236.867099996656179, 370220.602500000968575 ], [ 2432515.621900011785328, 370260.204000002704561 ], [ 2432625.379199999384582, 370133.457600004505366 ], [ 2432676.886300008744001, 369822.165900003165007 ], [ 2432770.890456175431609, 369761.510570503771305 ], [ 2432798.59820000641048, 369743.63240000186488 ], [ 2432868.515448071062565, 369668.61815267521888 ], [ 2432931.227000005543232, 369601.334900000598282 ], [ 2433061.699299999512732, 369361.99229999538511 ], [ 2433077.208815146237612, 369356.588612960185856 ], [ 2433142.940400001592934, 369333.687000005040318 ], [ 2433064.438451737165451, 369313.16940633347258 ], [ 2433021.719100003130734, 369302.004099995829165 ], [ 2432952.875800002366304, 369212.377899995073676 ], [ 2432930.873090206645429, 369183.77441053185612 ], [ 2432886.729800003580749, 369126.388200004585087 ], [ 2432747.823300004005432, 369073.471399995498359 ], [ 2432529.541600003838539, 369258.680100003257394 ], [ 2432218.655599998310208, 369311.596899999305606 ], [ 2432198.811800008639693, 369629.097500005736947 ], [ 2432033.446900004521012, 369906.910600009839982 ], [ 2431920.998699997551739, 369926.754300001543015 ], [ 2431715.946200006641448, 369887.066799999214709 ], [ 2431656.414900001138449, 370012.744100003503263 ], [ 2431453.893747130408883, 370060.963439472950995 ], [ 2431378.601800003089011, 370078.890100001823157 ], [ 2431074.330399999395013, 370019.358699997887015 ], [ 2430943.270546618849039, 369933.768605700694025 ], [ 2430750.215100007131696, 369807.691600005608052 ], [ 2430761.438640184700489, 369841.362220550421625 ], [ 2430776.673499998636544, 369887.066799999214709 ], [ 2431066.837596833705902, 370381.664563172962517 ], [ 2431067.715799998492002, 370383.161499998997897 ], [ 2431021.413600003346801, 370429.463700014166534 ], [ 2430889.974532863125205, 370425.17764136614278 ], [ 2430737.103721131570637, 370420.192721131723374 ], [ 2430412.87070001102984, 370409.61990001052618 ], [ 2430382.730032130144536, 370428.457810314372182 ], [ 2430338.392942763864994, 370456.168480690103024 ], [ 2430254.120400007814169, 370508.838799996301532 ], [ 2430239.129623374901712, 370612.837312860880047 ], [ 2430215.53000000026077, 370776.559699995443225 ], [ 2430352.656300005502999, 370771.351600012741983 ], [ 2430403.053618798963726, 370810.556225924752653 ], [ 2430582.146450541913509, 370949.874499998986721 ], [ 2430990.782299995422363, 371267.756800013594329 ], [ 2431080.758069830015302, 371404.432652653660625 ], [ 2431110.662699377164245, 371449.8586684493348 ], [ 2431118.796400004997849, 371462.214000007137656 ], [ 2431126.716926175169647, 371458.226731595117599 ] ] ] } },
{ "type": "Feature", "properties": { "ID": 3039, "YEAR": "2017-2018", "Perimtr_KM": 20.1433373124, "AREA_KM": 2.89799654239, "SCALE": 1, "THICKNES_M": 185.66144943200001, "VOLUME_KM": 0.53804623851, "MASS_GT": 0.49338840071000001, "RECURRANCE": "2-3", "UA_KM": 0.10071668656, "UH_M": 15.4099002269, "UC_KM": 0.04116818475, "REGION": "East", "ICESHELF": "West" }, "geometry": { "type": "Polygon", "coordinates": [ [ [ 2446435.146000009030104, 372664.49490000680089 ], [ 2446494.406600002199411, 372326.172499993816018 ], [ 2446773.731400003656745, 372229.015900011174381 ], [ 2446983.016800004988909, 372199.947000002022833 ], [ 2447069.216112866997719, 372066.898179520387203 ], [ 2447157.460100000724196, 371930.693399996496737 ], [ 2447150.3892, 371869.548200007062405 ], [ 2446929.51829999871552, 372043.425200001336634 ], [ 2446863.372399997897446, 372030.196000006049871 ], [ 2446764.153400007635355, 372010.352300013881177 ], [ 2446552.486300008371472, 371930.977100006304681 ], [ 2446426.80899999756366, 371692.851600009482354 ], [ 2446208.527299997396767, 371467.955300001427531 ], [ 2446122.537500008940697, 371553.945100002922118 ], [ 2446082.849999999627471, 371653.163999995682389 ], [ 2446167.173236424103379, 371717.877197293564677 ], [ 2446367.277600000612438, 371871.445699995849282 ], [ 2446492.954899997450411, 372050.039800002705306 ], [ 2446475.798920668661594, 372159.838347839657217 ], [ 2446459.882000003010035, 372261.706900001503527 ], [ 2446292.1426000026986, 372312.758000012487173 ], [ 2446129.152099996805191, 372228.63390000956133 ], [ 2445989.026145914569497, 372156.15499350335449 ], [ 2445963.786473796702921, 372143.099997035693377 ], [ 2445937.328800001181662, 372129.41500000981614 ], [ 2445725.661700001917779, 372162.488000015728176 ], [ 2445553.682199995964766, 372208.790200003888458 ], [ 2445519.254616111516953, 372183.106119259726256 ], [ 2445136.962699997238815, 371897.904100007377565 ], [ 2444931.910199999809265, 371930.977100006304681 ], [ 2444515.19060000218451, 371758.997600007802248 ], [ 2443986.022899996489286, 371573.788900013547391 ], [ 2443661.907600005157292, 371639.934900011401623 ], [ 2443399.36633784044534, 371670.462882899679244 ], [ 2443377.480000004172325, 371673.007799999322742 ], [ 2443300.737898501567543, 371607.009619154967368 ], [ 2443046.750100011005998, 371388.580199998337775 ], [ 2442954.230273433029652, 371390.122197887860239 ], [ 2442649.87430000398308, 371395.194799999706447 ], [ 2442239.76940000616014, 371289.361200008075684 ], [ 2441796.690651037730277, 371389.209974683821201 ], [ 2441770.132999999448657, 371395.194799999706447 ], [ 2441541.995582835748792, 371385.855823745019734 ], [ 2441439.088701323606074, 371381.643253376707435 ], [ 2440976.9510000012815, 371362.725300010293722 ], [ 2440976.381399999372661, 371362.121800007298589 ], [ 2440855.300236197188497, 371288.968588925898075 ], [ 2440775.144265566021204, 371240.541018072515726 ], [ 2440709.767607591114938, 371201.042616256512702 ], [ 2440660.406511939130723, 371171.220284392591566 ], [ 2440658.880800013430417, 371170.298500005155802 ], [ 2440400.911499999463558, 371057.85040000313893 ], [ 2440277.257042976096272, 371100.56738374568522 ], [ 2440037.108700004406273, 371183.527700000442564 ], [ 2439430.782840088009834, 371199.208549387287349 ], [ 2439269.815500002354383, 371203.371500011067837 ], [ 2438865.745800001546741, 371054.937700003385544 ], [ 2439438.545806685462594, 371454.897481965832412 ], [ 2439514.732600008137524, 371508.09520000172779 ], [ 2440224.411400008015335, 371494.519499999471009 ], [ 2440545.726700007915497, 371592.65060000307858 ], [ 2440754.525063630193472, 371504.95534228766337 ], [ 2440788.394103809259832, 371490.730354336090386 ], [ 2440849.340699998661876, 371465.132799996994436 ], [ 2441333.456549039110541, 371479.926378120668232 ], [ 2441526.755699996836483, 371485.833199998363853 ], [ 2441813.166758205741644, 371635.896265543997288 ], [ 2442077.787600003182888, 371774.54250000230968 ], [ 2442398.24080000910908, 371808.219700003508478 ], [ 2442754.573800009675324, 372073.767599998041987 ], [ 2442763.9391, 372093.706900003831834 ], [ 2442772.535565025173128, 372094.912457447499037 ], [ 2442914.671267398633063, 372114.845389598049223 ], [ 2442924.647899998351932, 372116.244500007480383 ], [ 2443201.960000007413328, 372029.848099994007498 ], [ 2443493.429600005969405, 371963.052900004200637 ], [ 2443686.235300002619624, 372003.547300002537668 ], [ 2443783.391699995845556, 372033.908700001891702 ], [ 2443971.632500009611249, 372033.908700001891702 ], [ 2444147.305300010368228, 371941.383200003299862 ], [ 2444390.196600000374019, 372038.539800006430596 ], [ 2444662.621900002472103, 372112.511200000997633 ], [ 2444726.641282481141388, 372127.752776097971946 ], [ 2444863.704300003126264, 372160.384400000795722 ], [ 2445049.970720919780433, 372416.323644257616252 ], [ 2445183.55703900475055, 372599.877830378711224 ], [ 2445240.687500006519258, 372678.377900015097111 ], [ 2445385.22719999961555, 372661.740000009071082 ], [ 2445498.788056305609643, 372578.660830907523632 ], [ 2445737.237800006754696, 372404.215100015513599 ], [ 2445907.814700008369982, 372364.744100015144795 ], [ 2446089.983100016601384, 372461.900400003883988 ], [ 2446123.371905853040516, 372526.007824849337339 ], [ 2446215.151099999435246, 372702.2264000098221 ], [ 2446435.146000009030104, 372664.49490000680089 ] ] ] } },
{ "type": "Feature", "properties": { "ID": 3040, "YEAR": "2017-2018", "Perimtr_KM": 15.6082898913, "AREA_KM": 3.75107165973, "SCALE": 1, "THICKNES_M": 163.49925994899999, "VOLUME_KM": 0.61329744038, "MASS_GT": 0.56239375283000004, "RECURRANCE": "3-4", "UA_KM": 0.07804144946, "UH_M": 13.570438508900001, "UC_KM": 0.04692597128, "REGION": "Peninsula", "ICESHELF": "Stange" }, "geometry": { "type": "Polygon", "coordinates": [ [ [ -1855878.280272760195658, 439976.052904160227627 ], [ -1855547.276999999769032, 439678.711000006645918 ], [ -1855419.459465974476188, 439295.258473425637931 ], [ -1855377.943299998063594, 439170.710000006482005 ], [ -1854996.942600002279505, 438916.70950000314042 ], [ -1854171.44089999771677, 437943.040799995884299 ], [ -1853705.773299995344132, 436863.538700006436557 ], [ -1853611.536056392593309, 436794.100742133334279 ], [ -1853303.60579999582842, 436567.204800005536526 ], [ -1853320.408798125572503, 435138.949324308428913 ], [ -1853321.279186988715082, 435064.966237921733409 ], [ -1853323.016206969507039, 434917.319473891984671 ], [ -1853324.772500001359731, 434768.034500005189329 ], [ -1853687.283000001916662, 433214.418300009798259 ], [ -1853870.536699996329844, 433316.787600002251565 ], [ -1854022.984400002751499, 435734.311800006311387 ], [ -1854046.894148454535753, 435946.664583591278642 ], [ -1854113.309099998325109, 436536.524400010704994 ], [ -1854364.282099996460602, 436835.621900006663054 ], [ -1854566.207099997904152, 437382.010699997656047 ], [ -1854818.326271079946309, 438096.215940658468753 ], [ -1854867.716400003293529, 438236.128700010012835 ], [ -1855714.5961, 438884.193000010680407 ], [ -1855659.447900000261143, 439210.903499996289611 ], [ -1855963.162500003818423, 439738.155899999197572 ], [ -1855994.157499996945262, 440080.145999998319894 ], [ -1855878.280272760195658, 439976.052904160227627 ] ] ] } },
{ "type": "Feature", "properties": { "ID": 3042, "YEAR": "2017-2018", "Perimtr_KM": 13.3605890364, "AREA_KM": 5.2489567139600002, "SCALE": 1, "THICKNES_M": 267.804543631, "VOLUME_KM": 1.4056944573200001, "MASS_GT": 1.2890218173600001, "RECURRANCE": "3-4", "UA_KM": 0.06680294518, "UH_M": 22.227777011800001, "UC_KM": 0.10755560578, "REGION": "East", "ICESHELF": "Hayes_Coats_Coast" }, "geometry": { "type": "Polygon", "coordinates": [ [ [ -701056.221299995668232, 1331350.992500006221235 ], [ -700953.482699997723103, 1331180.216300007887185 ], [ -700860.383599386084825, 1331205.668796136043966 ], [ -700727.79639999801293, 1331241.916999997571111 ], [ -700605.834326345939189, 1331344.268249655142426 ], [ -700491.148299998603761, 1331440.513400002848357 ], [ -700440.424467180855572, 1331441.336526215542108 ], [ -700351.852938648778945, 1331442.77382979542017 ], [ -700342.10580365313217, 1331442.932002429850399 ], [ -700090.959800000302494, 1331447.007500007282943 ], [ -700041.996099999174476, 1331599.047299995087087 ], [ -699880.271200000774115, 1331606.327199995983392 ], [ -699673.350499994587153, 1331424.855199999175966 ], [ -699813.199299999512732, 1331289.002000003121793 ], [ -699818.989799998700619, 1331200.213900001253933 ], [ -699832.249399999622256, 1330996.90140001103282 ], [ -699978.29960000095889, 1330883.130300002172589 ], [ -700186.32329999608919, 1330795.370299997273833 ], [ -700235.459131316281855, 1330774.641125085763633 ], [ -700275.832640346605331, 1330757.608554190024734 ], [ -700401.633799999020994, 1330704.536200015805662 ], [ -700454.550600002054125, 1329752.034300005529076 ], [ -700361.946199998725206, 1329408.075300014577806 ], [ -700368.560800000093877, 1329024.428700003307313 ], [ -700775.548607922624797, 1328582.050630474928766 ], [ -700977.103699999395758, 1328362.96900000795722 ], [ -701764.240699998568743, 1327886.718100005295128 ], [ -701802.42613709717989, 1327902.230923117604107 ], [ -701938.25419552391395, 1327957.411033744458109 ], [ -701975.907799997832626, 1327972.707799995318055 ], [ -702038.53774060215801, 1327919.025019533000886 ], [ -702253.720899994950742, 1327734.582400002982467 ], [ -702393.285700003150851, 1327689.181800003163517 ], [ -702415.798599998932332, 1327764.380400001537055 ], [ -702245.776599996257573, 1328102.5301 ], [ -702300.990299998316914, 1328172.49160000262782 ], [ -702268.461472178343683, 1328204.934702012687922 ], [ -701784.670000002253801, 1328687.451200007461011 ], [ -701799.557700837031007, 1328766.092197858728468 ], [ -701812.840300002600998, 1328836.254600001033396 ], [ -702083.380799998063594, 1329105.147400002460927 ], [ -702035.954299998469651, 1329212.034700006712228 ], [ -701604.106702016666532, 1329691.028216913808137 ], [ -701600.823999998159707, 1329694.669299999717623 ], [ -701573.741500000935048, 1329783.494200011249632 ], [ -701609.794397932942957, 1329805.196855678688735 ], [ -701873.381999996490777, 1329963.8678999976255 ], [ -701853.703681720886379, 1330159.84483910119161 ], [ -701822.585299994796515, 1330469.753700010944158 ], [ -701714.546500002965331, 1331234.427100010216236 ], [ -701657.871799997985363, 1331274.90890001039952 ], [ -701649.355899997986853, 1331594.292499999050051 ], [ -701644.849499998614192, 1331846.350700012408197 ], [ -701646.594300002325326, 1331858.366099993232638 ], [ -701648.677399998530746, 1331871.042099995538592 ], [ -701649.577799997292459, 1331882.617300004698336 ], [ -701649.375299999024719, 1331893.056700001470745 ], [ -701650.191699996590614, 1331905.072099995799363 ], [ -701649.144699995405972, 1331915.071099998429418 ], [ -701648.356200000271201, 1331925.765700008254498 ], [ -701647.225299995858222, 1331936.205100005026907 ], [ -701644.911600003018975, 1331945.543700009118766 ], [ -701643.616799999494106, 1331956.458299996331334 ], [ -701640.45879999967292, 1331965.356500005815178 ], [ -701638.319500000216067, 1331975.830600007902831 ], [ -701634.140199999790639, 1331984.815000000875443 ], [ -701631.156299999449402, 1331994.849000002257526 ], [ -701626.309199996292591, 1332002.866600005887449 ], [ -701622.480999995488673, 1332012.46030000410974 ], [ -701618.016499995719641, 1332018.975400011055171 ], [ -701614.585900002159178, 1332024.787999996449798 ], [ -701610.573800000362098, 1332030.46580000128597 ], [ -701604.528199999593198, 1332034.229000009596348 ], [ -701599.157199997454882, 1332042.031000006012619 ], [ -701593.325899996329099, 1332047.403200004249811 ], [ -701586.159100001677871, 1332051.807700003962964 ], [ -701577.930899997241795, 1332058.190600010566413 ], [ -701571.668400002643466, 1332062.433799998834729 ], [ -701570.933899995405227, 1332063.09640000667423 ], [ -701247.573099992703646, 1331990.344400006812066 ], [ -701098.824299994856119, 1331855.63869999954477 ], [ -701100.395199995022267, 1331836.997699993196875 ], [ -701103.155699999537319, 1331803.840100011788309 ], [ -701104.213799996301532, 1331785.827100005932152 ], [ -701106.600499999709427, 1331768.683700002264231 ], [ -701108.942100001964718, 1331752.038400006480515 ], [ -701108.034800002351403, 1331735.183600000105798 ], [ -701109.110599994193763, 1331716.721700005233288 ], [ -701109.665299997199327, 1331699.209500006400049 ], [ -701109.683799996506423, 1331682.51350000873208 ], [ -701107.995499990414828, 1331666.322800013236701 ], [ -701105.47499999916181, 1331651.31480000121519 ], [ -701102.273400001227856, 1331636.374800014309585 ], [ -701097.346000002231449, 1331620.595600004307926 ], [ -701093.330899994354695, 1331606.740400000475347 ], [ -701090.082600000780076, 1331598.911999997682869 ], [ -701088.223299999255687, 1331590.470899998210371 ], [ -701082.364599999040365, 1331559.328000002540648 ], [ -701078.879500000271946, 1331547.06270000198856 ], [ -701075.980999999679625, 1331535.911700001452118 ], [ -701072.074999999254942, 1331528.136999992653728 ], [ -701069.343299999367446, 1331522.554599998984486 ], [ -701067.697500000242144, 1331517.617600006982684 ], [ -701064.647399998735636, 1331513.059200006071478 ], [ -701061.414899998810142, 1331508.975400007795542 ], [ -701057.62139999633655, 1331507.179099998436868 ], [ -701053.983599999453872, 1331503.999699998181313 ], [ -701050.605599994771183, 1331500.497700001578778 ], [ -701056.221299995668232, 1331350.992500006221235 ] ] ] } },
{ "type": "Feature", "properties": { "ID": 3043, "YEAR": "2017-2018", "Perimtr_KM": 14.0922887771, "AREA_KM": 5.1054594529899999, "SCALE": 1, "THICKNES_M": 144.079029628, "VOLUME_KM": 0.73558964379000003, "MASS_GT": 0.67453570336000002, "RECURRANCE": "4-5", "UA_KM": 0.07046144389, "UH_M": 11.9585594002, "UC_KM": 0.05628306303, "REGION": "East", "ICESHELF": "Brunt_Stancomb" }, "geometry": { "type": "Polygon", "coordinates": [ [ [ -708896.132200000807643, 1422652.118600006680936 ], [ -709234.799599997233599, 1422313.451299994718283 ], [ -709626.383699998259544, 1421847.783699999097735 ], [ -709651.332304088864475, 1421833.406536085531116 ], [ -709855.347977269906551, 1421715.838163778651506 ], [ -710250.801600004080683, 1421487.949600003659725 ], [ -710473.052100001368672, 1421181.032400002703071 ], [ -710483.635400001890957, 1420757.698200004175305 ], [ -710832.886099998373538, 1420313.197299994062632 ], [ -710928.136299998499453, 1420482.531000002287328 ], [ -711298.553700000979006, 1420196.780400001909584 ], [ -712701.985800003167242, 1419282.121300003491342 ], [ -712700.304200001526624, 1419305.097100012470037 ], [ -712699.522299999371171, 1419326.136700008064508 ], [ -712699.394699999596924, 1419349.584700008388609 ], [ -712699.573600002098829, 1419436.043500006198883 ], [ -712699.710800000932068, 1419471.069500005338341 ], [ -712699.402900000568479, 1419489.677800006233156 ], [ -712698.913300001062453, 1419506.925799994263798 ], [ -712697.241299998480827, 1419523.473000007681549 ], [ -712696.284400002099574, 1419538.901099997572601 ], [ -712694.576299996115267, 1419556.904700006823987 ], [ -712692.476300002075732, 1419573.958399997558445 ], [ -712689.963699997868389, 1419590.17900000885129 ], [ -712687.331999995280057, 1419605.926800007000566 ], [ -712683.277700000442564, 1419621.325299995485693 ], [ -712677.491399996448308, 1419636.504199997987598 ], [ -712672.506899998523295, 1419650.6378000122495 ], [ -712667.039799999445677, 1419664.186600004788488 ], [ -712660.252499997150153, 1419679.500400006305426 ], [ -712652.919000000227243, 1419694.501600001938641 ], [ -712645.71750000026077, 1419709.627999999560416 ], [ -712637.375000000465661, 1419725.311500004958361 ], [ -712629.759599997196347, 1419740.250300003215671 ], [ -712621.597999999299645, 1419754.876900000497699 ], [ -712613.651099999435246, 1419769.941500015091151 ], [ -712604.563099994789809, 1419785.563300000969321 ], [ -712596.119600004050881, 1419800.127600005362183 ], [ -712466.256099998950958, 1419913.311400010250509 ], [ -712359.307200000155717, 1419983.537700003944337 ], [ -712335.150499997660518, 1420064.882999998982996 ], [ -712321.813399997539818, 1420077.16679999884218 ], [ -712308.425499997567385, 1420089.43039999390021 ], [ -712306.85570000205189, 1420107.836400012485683 ], [ -712304.860200000926852, 1420126.402200005948544 ], [ -712302.396599992644042, 1420145.087400005199015 ], [ -712299.805699998512864, 1420163.332299994304776 ], [ -712296.95160000026226, 1420181.221299993805587 ], [ -712293.776299990247935, 1420198.981100006494671 ], [ -712290.280099996365607, 1420216.611700004898012 ], [ -712286.673399996478111, 1420234.197299992665648 ], [ -712282.589500000234693, 1420251.580299998167902 ], [ -712278.304799997713417, 1420268.93030000384897 ], [ -712273.615000000689179, 1420286.213500007521361 ], [ -712268.535300001036376, 1420303.63370000012219 ], [ -712262.860900000669062, 1420321.02600001078099 ], [ -712257.149999998509884, 1420338.148300000932068 ], [ -712251.175800000783056, 1420354.914300009608269 ], [ -712244.880499995779246, 1420371.551200008951128 ], [ -712239.751800000667572, 1420383.853500008117408 ], [ -712233.805300002917647, 1420396.469400005880743 ], [ -712227.035499993246049, 1420410.317099994048476 ], [ -712219.578800000716001, 1420423.841300004627556 ], [ -712211.227599996607751, 1420438.261500002816319 ], [ -712201.39979999884963, 1420453.88970000622794 ], [ -712190.720199998933822, 1420470.870300001930445 ], [ -712160.63089999742806, 1420517.088200001511723 ], [ -712151.167700000107288, 1420531.975100002251565 ], [ -712143.330599999986589, 1420544.860500003676862 ], [ -712134.660700000822544, 1420559.879900004714727 ], [ -712127.043200000189245, 1420574.099800013471395 ], [ -712120.155900000128895, 1420587.922499993816018 ], [ -712114.207999996840954, 1420601.670000015757978 ], [ -712108.237300001550466, 1420617.118900011759251 ], [ -712102.89039999851957, 1420633.077400009613484 ], [ -712098.157800000160933, 1420649.572099997196347 ], [ -712093.892799999564886, 1420666.511000003200024 ], [ -712090.360500002279878, 1420684.17379999672994 ], [ -712087.616599995177239, 1420702.580700010526925 ], [ -712085.443199998233467, 1420721.714999994263053 ], [ -712083.828499997034669, 1420741.666499993298203 ], [ -712082.944999996572733, 1420762.050399994943291 ], [ -712082.554100001230836, 1420783.222099999431521 ], [ -712082.512799996417016, 1420805.462500006426126 ], [ -712082.934299999382347, 1420829.241600004490465 ], [ -712083.73079999955371, 1420852.22829999960959 ], [ -712085.165100002195686, 1420877.607799994759262 ], [ -712091.326299998443574, 1420974.140400002710521 ], [ -712093.190999997779727, 1421014.107800011523068 ], [ -712093.826100001577288, 1421035.610200001858175 ], [ -712015.297099995892495, 1421136.606400000862777 ], [ -711975.521499995142221, 1421254.776600012090057 ], [ -711952.622599998023361, 1421468.526600004639477 ], [ -711940.240199998486787, 1421489.543100007344037 ], [ -711929.414999996311963, 1421509.031500010751188 ], [ -711917.526500002946705, 1421531.259200000669807 ], [ -711907.061500003561378, 1421552.334399996325374 ], [ -711898.032299996353686, 1421572.633399995043874 ], [ -711889.917300002649426, 1421592.25460001360625 ], [ -711882.319799997378141, 1421613.209600006695837 ], [ -711875.265200000721961, 1421635.109200004953891 ], [ -711868.187300001271069, 1421658.554099994245917 ], [ -711861.210199997294694, 1421683.666300001554191 ], [ -711855.112199996132404, 1421708.263499996159226 ], [ -711848.749099995940924, 1421735.568100016098469 ], [ -711842.541399999987334, 1421763.316200007218868 ], [ -711826.318299999460578, 1421839.205800006166101 ], [ -711821.014600003138185, 1421862.154700005427003 ], [ -711815.927599997725338, 1421882.421099996659905 ], [ -711809.743599995505065, 1421905.708100005984306 ], [ -711803.616099997889251, 1421927.122500009369105 ], [ -711797.387700000312179, 1421947.555700007360429 ], [ -711791.015000001061708, 1421966.930900006555021 ], [ -711785.68610000051558, 1421982.056499993428588 ], [ -711779.96220000134781, 1421997.626499994192272 ], [ -711773.875099999830127, 1422013.214500003959984 ], [ -711767.385099999140948, 1422029.092899994924664 ], [ -711760.462299996986985, 1422045.551100014708936 ], [ -711753.35829999903217, 1422062.369700006209314 ], [ -711745.560899996198714, 1422079.394300005398691 ], [ -711737.414900002535433, 1422097.295600003097206 ], [ -711723.285199996549636, 1422127.455800010822713 ], [ -711706.621700001880527, 1422161.082700002472848 ], [ -711690.445199999026954, 1422192.623700014781207 ], [ -711651.715900000184774, 1422268.942699996754527 ], [ -711632.337999995332211, 1422307.43130000308156 ], [ -711614.01999999769032, 1422344.539900015573949 ], [ -711598.172600000165403, 1422378.201200004667044 ], [ -711590.741099997889251, 1422394.834400012157857 ], [ -711583.771200001705438, 1422410.81159999826923 ], [ -711577.217399997636676, 1422426.66360000288114 ], [ -711571.050900002010167, 1422441.985400002915412 ], [ -711565.018599998671561, 1422457.254799995105714 ], [ -711559.588499998208135, 1422472.095800003968179 ], [ -711554.502300003543496, 1422486.956900006625801 ], [ -711549.767099990975112, 1422501.426700001582503 ], [ -711546.749699994921684, 1422511.632399997673929 ], [ -711543.85699999704957, 1422522.206800004933029 ], [ -711541.39459999743849, 1422533.30089999595657 ], [ -711538.848199997097254, 1422544.488900001626462 ], [ -711536.40769999474287, 1422556.113400007132441 ], [ -711534.137299999594688, 1422568.101599997840822 ], [ -711532.224299997091293, 1422580.591800004243851 ], [ -711530.139499995391816, 1422593.685800000559539 ], [ -711527.225599999539554, 1422617.25760000385344 ], [ -711524.129599999636412, 1422643.463399996515363 ], [ -711521.683899995870888, 1422669.389300002716482 ], [ -711515.701000000815839, 1422735.999000004027039 ], [ -711511.916099998168647, 1422772.237400006502867 ], [ -711509.29589999653399, 1422791.22899999609217 ], [ -711506.562600002158433, 1422809.06300000846386 ], [ -711503.645399999339134, 1422825.646799994632602 ], [ -711500.518700000364333, 1422841.360800003167242 ], [ -711496.322299998719245, 1422859.540199996903539 ], [ -711491.733799999579787, 1422876.991800001822412 ], [ -711486.722699999809265, 1422893.391399999614805 ], [ -711481.273799992632121, 1422909.258800006471574 ], [ -711475.072800001129508, 1422924.446800011675805 ], [ -711468.650499998126179, 1422938.974400004837662 ], [ -711461.702499998733401, 1422952.698800006415695 ], [ -711454.528399998322129, 1422965.946399996522814 ], [ -711433.872399998828769, 1423000.673899998888373 ], [ -711368.342200001701713, 1423043.387100003194064 ], [ -711182.13679999532178, 1422800.285600002855062 ], [ -711192.720200000330806, 1422525.118400014005601 ], [ -711086.886599995195866, 1422260.534500005654991 ], [ -710748.219300003256649, 1422228.784500006586313 ], [ -710494.218799999915063, 1422355.784700012765825 ], [ -710113.217999999411404, 1422715.618799994233996 ], [ -710029.44339649239555, 1422656.278429735451937 ], [ -709859.217500002589077, 1422535.70170000102371 ], [ -709479.60529516544193, 1422623.304530650842935 ], [ -709446.466699996031821, 1422630.951900001149625 ], [ -709361.799800003413111, 1422705.035400002729148 ], [ -709287.716399999801069, 1423033.119400000665337 ], [ -709065.465900002513081, 1423340.036700013559312 ], [ -708800.88209999864921, 1423202.453100001905113 ], [ -708811.465399998705834, 1422810.869000000879169 ], [ -708896.132200000807643, 1422652.118600006680936 ] ] ] } },
{ "type": "Feature", "properties": { "ID": 3044, "YEAR": "2017-2018", "Perimtr_KM": 17.920258172699999, "AREA_KM": 4.4299639483200002, "SCALE": 1, "THICKNES_M": 83.820437263000002, "VOLUME_KM": 0.37132151521000001, "MASS_GT": 0.34050182945000002, "RECURRANCE": "5-6", "UA_KM": 0.08960129086, "UH_M": 6.95709625852, "UC_KM": 0.02841137368, "REGION": "East", "ICESHELF": "Brunt_Stancomb" }, "geometry": { "type": "Polygon", "coordinates": [ [ [ -648206.779300000984222, 1592653.002700011711568 ], [ -647886.433300000149757, 1592495.72229999769479 ], [ -647435.537599997129291, 1592596.549699997063726 ], [ -647132.07769999653101, 1592622.803700008895248 ], [ -647088.408700000494719, 1592614.562500006984919 ], [ -647052.398200002964586, 1592609.876700001768768 ], [ -647013.401499998290092, 1592600.244000005535781 ], [ -646997.901799995917827, 1592597.900300005916506 ], [ -646980.925999996252358, 1592593.985900001600385 ], [ -646961.024599997792393, 1592589.576399996411055 ], [ -646941.622799996286631, 1592584.824899999890476 ], [ -646927.768900000024587, 1592584.073200000450015 ], [ -646906.333399996627122, 1592576.038200009148568 ], [ -646888.384599999524653, 1592570.438900003675371 ], [ -646875.841200002469122, 1592568.725400000344962 ], [ -646860.533199997153133, 1592563.911800006404519 ], [ -646843.787400000263005, 1592557.32840000744909 ], [ -646829.447599995881319, 1592552.026300012134016 ], [ -646813.44129999820143, 1592544.795300002209842 ], [ -646802.603099999018013, 1592541.401300001423806 ], [ -646787.353100000880659, 1592533.565700004342943 ], [ -646777.426200000103563, 1592529.589800010900944 ], [ -646764.664199996739626, 1592522.489400006830692 ], [ -646755.413699998054653, 1592517.838499995879829 ], [ -646744.485299996566027, 1592511.360700001940131 ], [ -646735.818999997340143, 1592505.291700007859617 ], [ -646728.34890000289306, 1592500.275299994740635 ], [ -646722.910499996971339, 1592496.490400005597621 ], [ -646715.484300001058728, 1592490.964000012725592 ], [ -646712.880699996836483, 1592489.272000007797033 ], [ -646704.519099996425211, 1592482.070899999700487 ], [ -646697.126500001177192, 1592475.755500001832843 ], [ -646269.037499993573874, 1592206.897800003644079 ], [ -646200.72499999916181, 1592014.938300002366304 ], [ -646189.443700000178069, 1592014.599600004963577 ], [ -646173.715599996503443, 1592010.546900004148483 ], [ -646162.296700000297278, 1592010.651100003626198 ], [ -646147.568000000435859, 1592008.275600000284612 ], [ -646117.048400000203401, 1592004.11160001065582 ], [ -646082.102899999823421, 1591998.184500006958842 ], [ -646048.171300003305078, 1591995.848600002937019 ], [ -646015.039100001100451, 1591994.122699996922165 ], [ -645980.560700001660734, 1591994.756600012071431 ], [ -645934.671100003179163, 1591986.566400005482137 ], [ -645725.732200001832098, 1592137.516899994108826 ], [ -645492.797899996396154, 1592047.517499993555248 ], [ -645150.439799998886883, 1591742.530000003520399 ], [ -645127.863600002601743, 1591726.208499999716878 ], [ -645099.132499996107072, 1591704.23219999903813 ], [ -645075.325099996756762, 1591685.586700011044741 ], [ -645056.7246999964118, 1591671.197700008284301 ], [ -644985.956299997866154, 1591614.973900005687028 ], [ -644950.401499998290092, 1591586.806800007354468 ], [ -644934.006200000178069, 1591573.604900013189763 ], [ -644926.750300000421703, 1591567.779300003312528 ], [ -644916.709999999962747, 1591559.201400003861636 ], [ -644903.276399997528642, 1591547.590399998240173 ], [ -644890.388099994976074, 1591535.906100015621632 ], [ -644881.527300002519041, 1591527.441500011365861 ], [ -644867.002999995835125, 1591513.784700002521276 ], [ -644850.649599997326732, 1591498.309200011193752 ], [ -644836.092500000726432, 1591483.963999995961785 ], [ -644827.144400000106543, 1591474.100800014100969 ], [ -644812.460099996067584, 1591458.943500014953315 ], [ -644800.507700001355261, 1591445.826099998317659 ], [ -644788.442699996754527, 1591432.236600001808256 ], [ -644776.377999999560416, 1591418.341400000266731 ], [ -644759.520699996966869, 1591400.095099999569356 ], [ -644744.254700002726167, 1591382.702700004447252 ], [ -644724.630499998107553, 1591358.223200002685189 ], [ -644709.949500000569969, 1591336.976500015240163 ], [ -644688.658600000198931, 1591308.958600006531924 ], [ -644666.153899997938424, 1591278.564199994318187 ], [ -644651.557900001294911, 1591255.772200002335012 ], [ -644640.428399999625981, 1591234.436900006141514 ], [ -644591.930300002917647, 1591152.488400008995086 ], [ -644571.214699995238334, 1591119.97140000667423 ], [ -644550.618899998720735, 1591088.203300006687641 ], [ -644529.385499995201826, 1591058.038599996361881 ], [ -644500.8333999956958, 1591021.812700001057237 ], [ -644473.654200000222772, 1590988.38089999742806 ], [ -644447.168699997011572, 1590957.028800005558878 ], [ -644433.61609999416396, 1590941.784600003622472 ], [ -644419.519799999892712, 1590926.227400003932416 ], [ -644407.100699995644391, 1590912.264600003138185 ], [ -644402.748099999502301, 1590905.404999996069819 ], [ -644388.638500000350177, 1590890.648800006136298 ], [ -644376.467300003860146, 1590878.010200007352978 ], [ -644367.724700001068413, 1590868.630199993960559 ], [ -644353.147399999666959, 1590854.640000007115304 ], [ -644341.687600003555417, 1590843.629700008314103 ], [ -644337.591299998108298, 1590839.179100000299513 ], [ -644323.031399997882545, 1590826.288299995008856 ], [ -644314.330899997614324, 1590818.754100003279746 ], [ -644296.971500001847744, 1590804.160099999513477 ], [ -644288.227299991529435, 1590797.312100004870445 ], [ -644278.838399998378009, 1590790.345499994698912 ], [ -644262.064599994104356, 1590777.25730001507327 ], [ -644252.590199996251613, 1590770.944100005552173 ], [ -644240.9767000018619, 1590763.051399996038526 ], [ -644118.653199997730553, 1590679.519800005480647 ], [ -644086.391899998299778, 1590658.495000003837049 ], [ -644050.432799994479865, 1590634.357900005299598 ], [ -644013.599999998230487, 1590610.03129999851808 ], [ -643971.033200000412762, 1590580.964600011706352 ], [ -643465.836599997244775, 1590071.606400010176003 ], [ -643261.931499996688217, 1589919.877200014423579 ], [ -643236.414099996909499, 1589576.569800007157028 ], [ -643725.894300000276417, 1590112.352100006770343 ], [ -644559.333500001113862, 1590839.957800000440329 ], [ -645339.855899998918176, 1591567.563400002662092 ], [ -645736.731600001454353, 1591838.761800000909716 ], [ -646054.232299998868257, 1591699.855300001334399 ], [ -646298.972399990539998, 1591633.709300003014505 ], [ -646636.316800000146031, 1591422.042300008703023 ], [ -646927.359000002034009, 1591441.886000014375895 ], [ -647152.255299996584654, 1591474.958999999798834 ], [ -647396.995400001760572, 1591488.188200009055436 ], [ -647939.392299996223301, 1591514.64660000661388 ], [ -648170.903199998661876, 1591699.855300001334399 ], [ -648514.862199996132404, 1591904.90779999922961 ], [ -648865.435800001956522, 1592136.418700008653104 ], [ -649235.853199997451156, 1592348.085800007451326 ], [ -649275.540799997746944, 1592645.742600003723055 ], [ -649348.301399990450591, 1592804.492899993434548 ], [ -649559.968499996233732, 1592903.711899997666478 ], [ -649686.465199997182935, 1593071.014000001829118 ], [ -649765.021000000648201, 1593174.910300015937537 ], [ -650089.136200001928955, 1593446.108800012152642 ], [ -650029.604799997992814, 1593690.848899996839464 ], [ -649794.625400001183152, 1593812.916099996771663 ], [ -649812.982200000900775, 1593699.442100000567734 ], [ -649629.60539999557659, 1593569.135600007139146 ], [ -649235.494300001766533, 1593489.400900009553879 ], [ -649166.91749999858439, 1593269.353000005241483 ], [ -648714.464599998202175, 1593137.061500011943281 ], [ -648371.846400000620633, 1592965.631999997422099 ], [ -648206.779300000984222, 1592653.002700011711568 ] ] ] } }
]
}
