{
"type": "FeatureCollection",
"name": "2019",
"crs": { "type": "name", "properties": { "name": "urn:ogc:def:crs:EPSG::3031" } },
"features": [
{ "type": "Feature", "properties": { "ID": 3272, "YEAR": "2019-2020", "Perimtr_KM": 6.99461146245, "AREA_KM": 1.52552409554, "SCALE": 1, "THICKNES_M": 57.0498504639, "VOLUME_KM": 0.08703092153, "MASS_GT": 0.07980735504, "RECURRANCE": "5-6", "UA_KM": 0.03497305731, "UH_M": 4.7351375651499996, "UC_KM": 0.00665910251, "REGION": "West", "ICESHELF": "Jackson" }, "geometry": { "type": "Polygon", "coordinates": [ [ [ -1164127.425219776341692, -1200412.459650884382427 ], [ -1163902.936037387698889, -1200439.670460873981938 ], [ -1163672.207655333448201, -1200406.709263438591734 ], [ -1163439.914278007578105, -1200373.524495249148458 ], [ -1163333.565636711427942, -1200411.059309820644557 ], [ -1163158.793924097204581, -1200472.743443682789803 ], [ -1162819.049233779078349, -1200997.131987439701334 ], [ -1163287.82917000236921, -1200960.632417996414006 ], [ -1163683.734145001042634, -1200942.500532001722604 ], [ -1164204.643586002988741, -1200924.337499996647239 ], [ -1164619.107794001465663, -1201062.078169998247176 ], [ -1164838.703829003497958, -1200850.850587998051196 ], [ -1165337.941455640364438, -1200752.906109218485653 ], [ -1165348.724109003553167, -1200750.790680998470634 ], [ -1165534.557131482521072, -1200808.50789394043386 ], [ -1165535.349581001559272, -1200808.754017997998744 ], [ -1165535.377627062378451, -1200808.734873501816764 ], [ -1165783.054752000840381, -1200639.668240996310487 ], [ -1166007.429821573896334, -1200431.874869051389396 ], [ -1165540.048686609603465, -1200241.232563999481499 ], [ -1164127.425219776341692, -1200412.459650884382427 ] ] ] } },
{ "type": "Feature", "properties": { "ID": 3311, "YEAR": "2019-2020", "Perimtr_KM": 7.2524775906599999, "AREA_KM": 2.78562564927, "SCALE": 1, "THICKNES_M": 339.56059213100002, "VOLUME_KM": 0.94588869492000005, "MASS_GT": 0.86737993323999996, "RECURRANCE": "3-4", "UA_KM": 0.03626238795, "UH_M": 28.183529007899999, "UC_KM": 0.07237392952, "REGION": "East", "ICESHELF": "Totten" }, "geometry": { "type": "Polygon", "coordinates": [ [ [ 2293466.459307272918522, -1146457.545912184286863 ], [ 2293535.424106474034488, -1146461.602665080921724 ], [ 2293585.614157027564943, -1146524.340228281216696 ], [ 2293803.648642924614251, -1146796.883335654390976 ], [ 2294008.253454990684986, -1146899.185741673689336 ], [ 2293848.974902846850455, -1147186.467451427597553 ], [ 2293703.853540876880288, -1147448.214638521196321 ], [ 2293105.198819431476295, -1147774.084800003096461 ], [ 2292987.770330857485533, -1147838.005519517464563 ], [ 2292932.346380881033838, -1148231.991144515341148 ], [ 2292271.143542919307947, -1148273.682898678118363 ], [ 2291916.498717873357236, -1148296.044818517519161 ], [ 2291721.153951874934137, -1148171.101423512678593 ], [ 2291645.99099687486887, -1148059.509700513444841 ], [ 2291858.81919701769948, -1147754.614757158095017 ], [ 2291941.053038882091641, -1147636.807612512726337 ], [ 2291671.613727864809334, -1147609.586826511658728 ], [ 2291529.993556839413941, -1147476.631235112668946 ], [ 2291652.746905980631709, -1147375.656705979257822 ], [ 2292009.897055425681174, -1147081.871905623935163 ], [ 2292730.404028054326773, -1146445.144813523162156 ], [ 2292730.750497122295201, -1146444.838631555438042 ], [ 2293250.435536498203874, -1146444.838631555438042 ], [ 2293466.459307272918522, -1146457.545912184286863 ] ] ] } },
{ "type": "Feature", "properties": { "ID": 3320, "YEAR": "2019-2020", "Perimtr_KM": 6.3184382317100001, "AREA_KM": 2.3780539635300002, "SCALE": 1, "THICKNES_M": 331.07199602600002, "VOLUME_KM": 0.78730707235999997, "MASS_GT": 0.72196058535999996, "RECURRANCE": "6-8", "UA_KM": 0.03159219116, "UH_M": 27.478975534700002, "UC_KM": 0.0602401814, "REGION": "East", "ICESHELF": "Totten" }, "geometry": { "type": "Polygon", "coordinates": [ [ [ 2304142.248153743334115, -1144433.556849793763831 ], [ 2304667.129946668632329, -1144457.415113110793754 ], [ 2304999.286544447764754, -1145086.764456263743341 ], [ 2304952.209795006550848, -1145170.788041993509978 ], [ 2304813.457340004853904, -1145167.397618993883952 ], [ 2304692.187046132981777, -1145437.074516972526908 ], [ 2304622.062716007232666, -1145593.014699995052069 ], [ 2304236.426397005096078, -1145948.436956998892128 ], [ 2303872.316601931117475, -1146327.630271561210975 ], [ 2303677.779762002639472, -1146530.225944989128038 ], [ 2303424.720804005861282, -1146503.182436996605247 ], [ 2303347.734981001354754, -1145870.121032990980893 ], [ 2303034.298551167361438, -1145507.73855221294798 ], [ 2303714.229952839203179, -1144532.184801987139508 ], [ 2303794.00320040807128, -1144417.727533735800534 ], [ 2304142.248153743334115, -1144433.556849793763831 ] ] ] } },
{ "type": "Feature", "properties": { "ID": 3254, "YEAR": "2019-2020", "Perimtr_KM": 9.15862034357, "AREA_KM": 1.62081039323, "SCALE": 1, "THICKNES_M": 193.79031502000001, "VOLUME_KM": 0.31409735669, "MASS_GT": 0.28802727609000001, "RECURRANCE": ">8", "UA_KM": 0.04579310172, "UH_M": 16.084596067300001, "UC_KM": 0.0240329122, "REGION": "East", "ICESHELF": "Drygalski" }, "geometry": { "type": "Polygon", "coordinates": [ [ [ 395185.498010045848787, -1525253.715814500814304 ], [ 394632.284903632476926, -1525538.704384483862668 ], [ 394166.075145830400288, -1525316.195181899471208 ], [ 393940.244754722807556, -1525853.88658926775679 ], [ 393411.077029710635543, -1526118.470451760105789 ], [ 392485.033510963898152, -1527011.440987704787403 ], [ 392100.832984620239586, -1527114.351842978503555 ], [ 392182.929199140984565, -1526982.221568978391588 ], [ 392225.179394147824496, -1526675.323096978245303 ], [ 392354.035811144858599, -1526065.133660974679515 ], [ 392580.925379145424813, -1525839.517478977330029 ], [ 393114.013447140809149, -1525750.733544977847487 ], [ 393961.670003971550614, -1525273.661111063091084 ], [ 394445.625715976115316, -1525268.467119074892253 ], [ 394482.667418960947543, -1525268.074179067276418 ], [ 394784.858589970972389, -1525264.863680069334805 ], [ 395130.238377971109003, -1525026.48475407040678 ], [ 395574.958124309312552, -1524974.849649559240788 ], [ 395520.778680612333119, -1525169.895646865945309 ], [ 395185.498010045848787, -1525253.715814500814304 ] ] ] } },
{ "type": "Feature", "properties": { "ID": 3323, "YEAR": "2019-2020", "Perimtr_KM": 7.0083564173299999, "AREA_KM": 1.0601738926199999, "SCALE": 1, "THICKNES_M": 96.070846557600007, "VOLUME_KM": 0.10185180336000001, "MASS_GT": 0.09339810368, "RECURRANCE": "6-8", "UA_KM": 0.03504178209, "UH_M": 7.9738802249600003, "UC_KM": 0.00779311062, "REGION": "East", "ICESHELF": "Totten" }, "geometry": { "type": "Polygon", "coordinates": [ [ [ 2286160.246997169218957, -1144392.460000001825392 ], [ 2286176.013387654908001, -1144399.626541130943224 ], [ 2286211.691400002688169, -1144401.113124979892746 ], [ 2286578.350192324258387, -1144416.390574663411826 ], [ 2286846.577600001357496, -1144360.509864730993286 ], [ 2286980.686997006647289, -1144332.570407021790743 ], [ 2287325.738763796165586, -1144571.452399415662512 ], [ 2287371.117815178819001, -1144602.868665757123381 ], [ 2287416.551868727430701, -1144634.323010523570701 ], [ 2287486.389833162538707, -1144655.015740724280477 ], [ 2287758.046209404245019, -1144735.506518875481561 ], [ 2287869.180773986503482, -1144768.435278755845502 ], [ 2287938.76169999781996, -1144785.134700995637104 ], [ 2287961.118339273147285, -1144790.500294422265142 ], [ 2288288.281612195074558, -1144869.019479916198179 ], [ 2288149.621543116867542, -1145146.339618085650727 ], [ 2288125.993200001306832, -1145193.596304310020059 ], [ 2288087.113209860399365, -1145271.356284592300653 ], [ 2288172.316214668564498, -1145544.005899999057874 ], [ 2288201.761342302896082, -1145638.230308424448594 ], [ 2288138.232598952017725, -1145570.170301049947739 ], [ 2288043.739857348613441, -1145468.93775099562481 ], [ 2287833.235017252154648, -1145243.41840000031516 ], [ 2287819.585399999283254, -1145228.795207381248474 ], [ 2287780.152305508963764, -1145186.549500002758577 ], [ 2287625.489622881636024, -1145020.855315513908863 ], [ 2287442.570099998265505, -1144916.092033593449742 ], [ 2287420.086807819083333, -1144903.215204265667126 ], [ 2287393.170745966024697, -1144887.799600004218519 ], [ 2287355.205990544520319, -1144866.056090547237545 ], [ 2287278.595229467377067, -1144822.178899996681139 ], [ 2287222.461899999529123, -1144790.029724622145295 ], [ 2287157.712364913895726, -1144752.945799998473376 ], [ 2287123.948822878301144, -1144733.608446517493576 ], [ 2287115.02060030400753, -1144740.541460546897724 ], [ 2287009.889235122129321, -1144822.178899996681139 ], [ 2286760.301887878216803, -1145015.990441516973078 ], [ 2286378.068534807302058, -1144848.971964007476345 ], [ 2286316.750752202235162, -1144822.178899996681139 ], [ 2286275.9024468800053, -1144804.330060515319929 ], [ 2285963.141724694520235, -1144768.236846455838531 ], [ 2285902.274965864606202, -1144761.212700517615303 ], [ 2285655.570236874744296, -1144868.63849551230669 ], [ 2285649.996800001710653, -1144868.242487894603983 ], [ 2285641.250500503927469, -1144867.621039881138131 ], [ 2285673.400700000114739, -1144816.9844756773673 ], [ 2285675.466398845426738, -1144813.73100000154227 ], [ 2285942.911400000564754, -1144392.505123179638758 ], [ 2285942.940049640834332, -1144392.460000001825392 ], [ 2285991.609018845483661, -1144315.806373496074229 ], [ 2286160.246997169218957, -1144392.460000001825392 ] ] ] } },
{ "type": "Feature", "properties": { "ID": 3222, "YEAR": "2019-2020", "Perimtr_KM": 9.6099268172599999, "AREA_KM": 1.70814727566, "SCALE": 1, "THICKNES_M": 294.70748607199999, "VOLUME_KM": 0.50340378944999997, "MASS_GT": 0.46162127493, "RECURRANCE": ">8", "UA_KM": 0.04804963409, "UH_M": 24.4607212234, "UC_KM": 0.03851754501, "REGION": "East", "ICESHELF": "Mertz" }, "geometry": { "type": "Polygon", "coordinates": [ [ [ 1416606.254064998589456, -2072400.971475002123043 ], [ 1416405.93785899784416, -2072800.815453000599518 ], [ 1416074.871215000748634, -2072973.764018996385857 ], [ 1415629.089123997837305, -2073612.656645997660235 ], [ 1415353.39535799715668, -2073565.29544999753125 ], [ 1415306.771532, -2073594.827899999450892 ], [ 1414845.211256000213325, -2073567.982333997497335 ], [ 1414507.174465998075902, -2073786.08635499724187 ], [ 1414479.052882999181747, -2073549.207612002035603 ], [ 1414150.970217000693083, -2073657.223802997963503 ], [ 1414022.265962884761393, -2073766.119433486834168 ], [ 1414356.436975348740816, -2073224.357337522786111 ], [ 1414381.810195337980986, -2073201.29077388998121 ], [ 1415334.312100334092975, -2072608.622921895934269 ], [ 1415969.313370346091688, -2072799.123302896739915 ], [ 1416413.814259350299835, -2072545.122794893570244 ], [ 1416900.648566351272166, -2071973.621651884634048 ], [ 1417754.179250006563962, -2071749.744751256424934 ], [ 1417540.167869999073446, -2072202.284164002165198 ], [ 1417025.761184999719262, -2072280.851096000755206 ], [ 1416606.254064998589456, -2072400.971475002123043 ] ] ] } },
{ "type": "Feature", "properties": { "ID": 3362, "YEAR": "2019-2020", "Perimtr_KM": 8.3057316398999994, "AREA_KM": 1.0775138305600001, "SCALE": 1, "THICKNES_M": 277.16590603399999, "VOLUME_KM": 0.29865009711000001, "MASS_GT": 0.27386213905000001, "RECURRANCE": "3-4", "UA_KM": 0.0415286582, "UH_M": 23.004770087400001, "UC_KM": 0.02285097728, "REGION": "West", "ICESHELF": "Getz" }, "geometry": { "type": "Polygon", "coordinates": [ [ [ -1354106.604705519741401, -1059061.779691888485104 ], [ -1353709.728911770973355, -1059094.852674704277888 ], [ -1353395.535575051559135, -1059111.389166108798236 ], [ -1352816.758375833043829, -1058995.633726270636544 ], [ -1352663.504719892749563, -1059033.095731058623642 ], [ -1352431.213543153833598, -1059089.878018700517714 ], [ -1352783.801522002089769, -1059321.37241999595426 ], [ -1353049.169987005181611, -1059485.00120900105685 ], [ -1353494.952981002628803, -1059510.483737999340519 ], [ -1354112.868716965895146, -1059338.106099998345599 ], [ -1354318.172344999620691, -1059280.83331600134261 ], [ -1354389.844942000461742, -1059299.319059000583366 ], [ -1354493.134074999252334, -1059075.207563002360985 ], [ -1354610.432917003752664, -1059069.96411200077273 ], [ -1354908.323723001172766, -1059090.419718998949975 ], [ -1355228.073116999585181, -1059176.148256997345015 ], [ -1355436.922229003626853, -1059336.272749998606741 ], [ -1355671.732946004718542, -1059368.764666001545265 ], [ -1356055.129081000806764, -1059335.233333997195587 ], [ -1356306.413886000169441, -1059176.777151 ], [ -1356320.006038295570761, -1059139.539965239353478 ], [ -1356090.983674283372238, -1059094.852674704277888 ], [ -1355644.498406314523891, -1059061.779691888485104 ], [ -1354685.381904745008796, -1058846.80530360294506 ], [ -1354106.604705519741401, -1059061.779691888485104 ] ] ] } },
{ "type": "Feature", "properties": { "ID": 3365, "YEAR": "2019-2020", "Perimtr_KM": 6.8904565247000003, "AREA_KM": 1.7441312275700001, "SCALE": 1, "THICKNES_M": 301.42659135600002, "VOLUME_KM": 0.5257275308, "MASS_GT": 0.48209214574999998, "RECURRANCE": "3-4", "UA_KM": 0.03445228262, "UH_M": 25.0184069592, "UC_KM": 0.04022562852, "REGION": "West", "ICESHELF": "Getz" }, "geometry": { "type": "Polygon", "coordinates": [ [ [ -1356868.198770383140072, -1058532.611966890282929 ], [ -1356699.281337220687419, -1058817.660135337384418 ], [ -1356950.623151002917439, -1058802.760384996421635 ], [ -1357224.585089779691771, -1059074.435812695650384 ], [ -1357492.170851003145799, -1059339.788279001833871 ], [ -1357950.121401004493237, -1059612.30352399754338 ], [ -1358083.580532999476418, -1059657.576415000250563 ], [ -1358183.927181157050654, -1059724.780999998562038 ], [ -1358397.477414999390021, -1059867.800773000810295 ], [ -1358517.490539002930745, -1059979.12935500103049 ], [ -1358676.479481000453234, -1060129.224047995870933 ], [ -1358947.221814001211897, -1060157.082088997354731 ], [ -1359298.087180788861588, -1059982.564300000434741 ], [ -1359433.661139002768323, -1059915.130834996933118 ], [ -1359542.589791000587866, -1059812.956855001160875 ], [ -1359609.932304928312078, -1059750.647400715621188 ], [ -1359299.063007109099999, -1059607.483908297959715 ], [ -1358786.431773515418172, -1059276.754080174257979 ], [ -1358767.276661287527531, -1059267.045324658742175 ], [ -1357579.267900851322338, -1058664.903898139949888 ], [ -1357215.465089911594987, -1058499.538984074490145 ], [ -1356868.198770383140072, -1058532.611966890282929 ] ] ] } },
{ "type": "Feature", "properties": { "ID": 3245, "YEAR": "2019-2020", "Perimtr_KM": 19.676687254200001, "AREA_KM": 3.1148691032900002, "SCALE": 1, "THICKNES_M": 173.896508754, "VOLUME_KM": 0.54166486229, "MASS_GT": 0.49670667872000002, "RECURRANCE": "6-8", "UA_KM": 0.09838343627, "UH_M": 14.433410155400001, "UC_KM": 0.0414450609, "REGION": "East", "ICESHELF": "Nansen" }, "geometry": { "type": "Polygon", "coordinates": [ [ [ 465071.332134223543108, -1552984.903116839472204 ], [ 465261.655829033348709, -1553201.18004276487045 ], [ 465195.50986341573298, -1553730.347767769824713 ], [ 464821.448545515071601, -1554207.598414735402912 ], [ 464811.863262785132974, -1554219.827913393266499 ], [ 464805.108379358891398, -1554272.741166884079576 ], [ 464732.488104035146534, -1554841.599990279879421 ], [ 464917.696807784494013, -1555357.538522146176547 ], [ 464851.550842152908444, -1555966.08140590111725 ], [ 464758.946490284986794, -1556825.97895903675817 ], [ 464692.800524653401226, -1558545.774065294768661 ], [ 464481.133434654213488, -1559339.525652792071924 ], [ 464295.92473090486601, -1559881.922570921946317 ], [ 464388.529082786291838, -1560821.195282794069499 ], [ 464303.377305764704943, -1560948.922948312945664 ], [ 464290.862355425488204, -1560967.695373818278313 ], [ 463927.620472999755293, -1559867.649381999159232 ], [ 464019.687248000875115, -1559428.738616 ], [ 464132.976559998467565, -1559204.90485999872908 ], [ 464173.639157996047288, -1557759.669630995718762 ], [ 464327.25564300082624, -1557498.517329001333565 ], [ 464399.578130101319402, -1557104.273075850214809 ], [ 464699.934829998761415, -1555466.969001 ], [ 464569.44687182456255, -1555212.244414788205177 ], [ 464428.36667899787426, -1554936.842804996995255 ], [ 464567.294096000958234, -1554201.289560996927321 ], [ 464718.402866995893419, -1553604.785901996074244 ], [ 464951.124940999783576, -1553231.003200999461114 ], [ 464750.664036998525262, -1552917.604479999281466 ], [ 464747.753497994504869, -1552567.15567499678582 ], [ 464876.912439000792801, -1552205.710263998713344 ], [ 464802.03450288856402, -1551594.776321337092668 ], [ 465049.988739034160972, -1551904.719116512453184 ], [ 465142.593090915586799, -1552341.282489635981619 ], [ 465036.759545902255923, -1552658.783124641748145 ], [ 464970.613580284640193, -1552870.450214640935883 ], [ 465071.332134223543108, -1552984.903116839472204 ] ] ] } },
{ "type": "Feature", "properties": { "ID": 3676, "YEAR": "2019-2020", "Perimtr_KM": 37.6718189073, "AREA_KM": 8.4614813159299995, "SCALE": 1, "THICKNES_M": 99.760337198100004, "VOLUME_KM": 0.84412022926999997, "MASS_GT": 0.77405825023999997, "RECURRANCE": ">8", "UA_KM": 0.18835909454, "UH_M": 8.2801079466100003, "UC_KM": 0.06458719542, "REGION": "Peninsula", "ICESHELF": "LarsenC" }, "geometry": { "type": "Polygon", "coordinates": [ [ [ -2080719.15868900436908, 1137967.29733800329268 ], [ -2079481.947518002707511, 1137964.602241002954543 ], [ -2078296.603322999551892, 1138201.619740998838097 ], [ -2076410.550874002510682, 1139002.530714004300535 ], [ -2075614.15794200100936, 1139268.419531998224556 ], [ -2074778.206946, 1139364.263279002625495 ], [ -2074423.23911300022155, 1138993.34324400452897 ], [ -2073298.342143001267686, 1138998.960641004145145 ], [ -2072517.304653998930007, 1138748.096010001376271 ], [ -2071452.554530005436391, 1138574.475860999431461 ], [ -2069916.509314, 1137871.275913998484612 ], [ -2068920.409881001804024, 1137395.24759100144729 ], [ -2068355.252365639898926, 1137206.256840993184596 ], [ -2069394.342662626877427, 1137340.953731345944107 ], [ -2071610.232511074049398, 1138233.924267283640802 ], [ -2073594.611479830928147, 1138630.800061046145856 ], [ -2074421.436050151009113, 1138630.800061046145856 ], [ -2075182.11465483927168, 1138796.164975111372769 ], [ -2076240.45010483590886, 1138663.87304386170581 ], [ -2077794.880297034978867, 1138068.559353231918067 ], [ -2079547.748386108782142, 1137473.245662595145404 ], [ -2080870.667698611039668, 1137506.318645424675196 ], [ -2082458.170873619616032, 1137969.340404791291803 ], [ -2083714.944220497040078, 1138531.581112612038851 ], [ -2085567.031258011236787, 1139159.967786050867289 ], [ -2086195.089243994327262, 1139487.650213532615453 ], [ -2085596.819120001513511, 1139787.614668 ], [ -2084520.256952001247555, 1139582.559324999339879 ], [ -2083345.107293, 1139181.956351002678275 ], [ -2081579.77609800035134, 1138432.954394998960197 ], [ -2080719.15868900436908, 1137967.29733800329268 ] ] ] } },
{ "type": "Feature", "properties": { "ID": 3206, "YEAR": "2019-2020", "Perimtr_KM": 48.769158861100003, "AREA_KM": 50.912344542299998, "SCALE": 2, "THICKNES_M": 289.724632708, "VOLUME_KM": 14.7505603228, "MASS_GT": 13.526263816, "RECURRANCE": "2-3", "UA_KM": 0.24384579431, "UH_M": 24.0471443962, "UC_KM": 1.1286275213700001, "REGION": "West", "ICESHELF": "Thwaites" }, "geometry": { "type": "Polygon", "coordinates": [ [ [ -1559466.676883999723941, -473054.826427977066487 ], [ -1557945.319674622965977, -473782.432049856521189 ], [ -1557482.297915242845193, -473782.432049856521189 ], [ -1556336.515847278060392, -474027.956778705120087 ], [ -1555630.210877735400572, -474179.307843612041324 ], [ -1554968.751221487531438, -473914.723981112707406 ], [ -1553579.685943353688344, -473583.994152982253581 ], [ -1552719.788390224566683, -473650.14011860685423 ], [ -1552455.204527725465596, -474510.037671742495149 ], [ -1551399.555997095536441, -474714.066278215032071 ], [ -1552077.99337899684906, -474744.169470997527242 ], [ -1551792.320988994790241, -475288.251958 ], [ -1552859.744672998087481, -475419.618125005159527 ], [ -1553248.316850998904556, -475709.959963995963335 ], [ -1553897.562844996573403, -476142.296767005696893 ], [ -1554551.368813997134566, -475884.723016999661922 ], [ -1555885.20392099278979, -475771.753753996919841 ], [ -1556333.212016994832084, -475189.934333001729101 ], [ -1558938.602437993278727, -475135.454349996056408 ], [ -1558876.504753997782245, -475586.52469800086692 ], [ -1559356.53129199729301, -475960.805060007143766 ], [ -1560048.594174315454438, -476018.020688455551863 ], [ -1560152.418269996531308, -476026.604244998656213 ], [ -1560104.711319886147976, -476323.810706185176969 ], [ -1560080.640740997856483, -476473.766457999125123 ], [ -1560162.869527429109439, -476473.181466845795512 ], [ -1562001.1303369065281, -476460.103731465991586 ], [ -1562021.633546684635803, -476459.957867748104036 ], [ -1562276.864701994694769, -476458.142104997765273 ], [ -1562962.900754992850125, -476558.320322997868061 ], [ -1562984.511184992035851, -476722.473536998033524 ], [ -1562709.600105358054861, -476979.032841147389263 ], [ -1562553.482623994117603, -477124.728650999255478 ], [ -1562515.166809993796051, -477693.562994001898915 ], [ -1563674.211925997165963, -477635.31084600277245 ], [ -1564104.016758994432166, -477606.777032000012696 ], [ -1565528.368903996655717, -477813.634245996829122 ], [ -1565424.789991997648031, -478649.726607006043196 ], [ -1565540.188584995223209, -479003.412789996247739 ], [ -1565603.566818104824051, -478907.406164611224085 ], [ -1565640.427768995985389, -478851.568452995736152 ], [ -1566596.235536996042356, -478491.017982000019401 ], [ -1566785.34099461697042, -478267.749771601520479 ], [ -1567129.268721994478256, -477861.68995099933818 ], [ -1568044.784168995916843, -477988.210480998270214 ], [ -1568307.119819994550198, -478554.250393996015191 ], [ -1568641.99120799289085, -478617.755173004698008 ], [ -1569280.586173625895754, -478492.341940504033118 ], [ -1569256.279796541901305, -478346.503678000066429 ], [ -1568925.54996841121465, -477023.584365497808903 ], [ -1569134.187579724937677, -475510.961683501023799 ], [ -1569190.133830917300656, -475105.351362365763634 ], [ -1569388.571727791568264, -473782.432049856521189 ], [ -1567536.484690284123644, -473782.432049856521189 ], [ -1566875.025034029502422, -473782.432049856521189 ], [ -1565750.543618401512504, -473054.826427977066487 ], [ -1564902.35759999928996, -473553.759379982482642 ], [ -1564626.062202773522586, -473716.286084231454879 ], [ -1563832.310615269234404, -473716.286084231454879 ], [ -1563330.273070808500051, -473716.286084231454879 ], [ -1562773.975165266077965, -473716.286084231454879 ], [ -1561186.471990257734433, -473716.286084231454879 ], [ -1560921.888127758633345, -473716.286084231454879 ], [ -1560128.136540254345164, -472988.680462352000177 ], [ -1559466.676883999723941, -473054.826427977066487 ] ] ] } },
{ "type": "Feature", "properties": { "ID": 3350, "YEAR": "2019-2020", "Perimtr_KM": 9.0866102841000007, "AREA_KM": 2.1047921542100001, "SCALE": 1, "THICKNES_M": 355.64815902700002, "VOLUME_KM": 0.74856545478000003, "MASS_GT": 0.68643452203, "RECURRANCE": "3-4", "UA_KM": 0.04543305142, "UH_M": 29.518797053699998, "UC_KM": 0.057275897, "REGION": "West", "ICESHELF": "Getz" }, "geometry": { "type": "Polygon", "coordinates": [ [ [ -1214423.198861768003553, -1174484.985738998977467 ], [ -1213951.073258852818981, -1175276.11512768571265 ], [ -1214190.477983004879206, -1175091.946564997313544 ], [ -1214545.094659998780116, -1174937.738372998079285 ], [ -1215969.724457999458537, -1174288.177766002248973 ], [ -1216190.021599997300655, -1174139.005922461859882 ], [ -1216233.715156472986564, -1174109.419299999484792 ], [ -1216351.012302709976211, -1174029.992797295562923 ], [ -1216354.169404095504433, -1174027.854999999515712 ], [ -1216462.069785004947335, -1173954.791416000341997 ], [ -1217116.338221802841872, -1173724.637522717704996 ], [ -1217437.540994002018124, -1173611.647098001791164 ], [ -1217861.798182499129325, -1173374.107497846940532 ], [ -1217423.183310700347647, -1173335.967074207263067 ], [ -1216518.703052782919258, -1173257.316616993630305 ], [ -1215608.534565776353702, -1173617.150669996393844 ], [ -1214423.198861768003553, -1174484.985738998977467 ] ] ] } },
{ "type": "Feature", "properties": { "ID": 3353, "YEAR": "2019-2020", "Perimtr_KM": 6.5557128526100001, "AREA_KM": 1.15057224485, "SCALE": 1, "THICKNES_M": 333.89858331800002, "VOLUME_KM": 0.38417444256, "MASS_GT": 0.35228796383, "RECURRANCE": "3-4", "UA_KM": 0.03277856426, "UH_M": 27.713582278699999, "UC_KM": 0.02939480531, "REGION": "West", "ICESHELF": "Getz" }, "geometry": { "type": "Polygon", "coordinates": [ [ [ -1234033.8406155500561, -1163859.829885208047926 ], [ -1233748.852045573759824, -1163926.886019323952496 ], [ -1233128.582805037498474, -1163692.189549931325018 ], [ -1233011.234570337925106, -1163692.189549931325018 ], [ -1232223.32499451842159, -1164044.234254017006606 ], [ -1232272.378929616883397, -1164173.000833636149764 ], [ -1232351.130956, -1164058.522914001485333 ], [ -1233189.102763003669679, -1164413.492127999896184 ], [ -1234996.139265001984313, -1163989.712265000445768 ], [ -1235239.101455999072641, -1163913.914749686606228 ], [ -1234754.694057260407135, -1163625.133415815420449 ], [ -1234033.8406155500561, -1163859.829885208047926 ] ] ] } },
{ "type": "Feature", "properties": { "ID": 3134, "YEAR": "2019-2020", "Perimtr_KM": 6.3171680536099997, "AREA_KM": 2.1138982098599999, "SCALE": 1, "THICKNES_M": 124.043981934, "VOLUME_KM": 0.26221635135, "MASS_GT": 0.24045239419, "RECURRANCE": "6-8", "UA_KM": 0.03158584027, "UH_M": 10.2956504498, "UC_KM": 0.02006327788, "REGION": "East", "ICESHELF": "Paternostro" }, "geometry": { "type": "Polygon", "coordinates": [ [ [ 826982.441430442500859, -2114126.775700002443045 ], [ 827512.665428998880088, -2114524.3144699963741 ], [ 827103.366282000672072, -2114688.157085997052491 ], [ 826798.102054999675602, -2114874.795105001889169 ], [ 826701.013820021878928, -2114990.543905582278967 ], [ 826501.160616997629404, -2115228.809319998603314 ], [ 826231.481110997963697, -2115357.728293996769935 ], [ 825954.981922997627407, -2115177.337474996224046 ], [ 825833.640109485946596, -2115462.197720600292087 ], [ 825759.232351086568087, -2114844.61332584079355 ], [ 825591.592015803325921, -2114760.793158198706806 ], [ 825373.659579943399876, -2114358.456353529822081 ], [ 825396.011624639388174, -2114049.845736314542592 ], [ 825770.662373941857368, -2113732.345101309008896 ], [ 825869.688313861843199, -2113728.536411307286471 ], [ 825885.899605935905129, -2113725.122941858135164 ], [ 826368.129516605753452, -2113642.636246625799686 ], [ 826569.610625011846423, -2113817.253213181626052 ], [ 826982.441430442500859, -2114126.775700002443045 ] ] ] } },
{ "type": "Feature", "properties": { "ID": 3139, "YEAR": "2019-2020", "Perimtr_KM": 7.2210298308800001, "AREA_KM": 1.91114789979, "SCALE": 1, "THICKNES_M": 232.61144414399999, "VOLUME_KM": 0.44455487294000001, "MASS_GT": 0.40765681849000002, "RECURRANCE": ">8", "UA_KM": 0.03610514915, "UH_M": 19.3067497688, "UC_KM": 0.03401476645, "REGION": "East", "ICESHELF": "Fisher" }, "geometry": { "type": "Polygon", "coordinates": [ [ [ 1391406.884622984565794, -2045518.046288515906781 ], [ 1391650.924062590114772, -2045795.363833514042199 ], [ 1391607.333183995448053, -2045828.171736997086555 ], [ 1391293.394457994960248, -2045743.9929679997731 ], [ 1391151.943267000839114, -2045874.128335000481457 ], [ 1391436.478730999864638, -2046001.176446997560561 ], [ 1391383.065540001727641, -2046173.00669600116089 ], [ 1390913.852997997775674, -2046216.725573002127931 ], [ 1389991.975676997564733, -2046082.696609996724874 ], [ 1389116.086329, -2045661.892505002208054 ], [ 1388720.554204858839512, -2045457.212224112823606 ], [ 1389332.547140975482762, -2045412.212743509560823 ], [ 1390242.715627974830568, -2045179.378944511525333 ], [ 1391025.883860982954502, -2045031.211981507949531 ], [ 1391406.884622984565794, -2045518.046288515906781 ] ] ] } },
{ "type": "Feature", "properties": { "ID": 3142, "YEAR": "2019-2020", "Perimtr_KM": 6.3844661624899999, "AREA_KM": 2.0996920368300001, "SCALE": 1, "THICKNES_M": 119.186642298, "VOLUME_KM": 0.25025524373000002, "MASS_GT": 0.2294840585, "RECURRANCE": "6-8", "UA_KM": 0.03192233081, "UH_M": 9.8924912619499992, "UC_KM": 0.01914808314, "REGION": "East", "ICESHELF": "Moubray" }, "geometry": { "type": "Polygon", "coordinates": [ [ [ 325360.887778995558619, -1943572.105048001743853 ], [ 325371.031491998583078, -1943573.935587998479605 ], [ 325380.818545000627637, -1943576.109958002343774 ], [ 325390.022361996117979, -1943579.796982997329906 ], [ 325399.081577996257693, -1943582.652073002420366 ], [ 325407.548372996039689, -1943587.014947997406125 ], [ 325414.296379999723285, -1943590.870427999645472 ], [ 325421.299283995293081, -1943594.455107997637242 ], [ 325428.134843994863331, -1943599.55911299912259 ], [ 325435.196134996600449, -1943603.068324996624142 ], [ 325442.090669997036457, -1943608.830112996511161 ], [ 325449.020237995311618, -1943614.353967001195997 ], [ 325456.075473999604583, -1943620.072895001154393 ], [ 325462.618562000337988, -1943625.951028001494706 ], [ 325468.938664996530861, -1943632.337377998046577 ], [ 325475.64849199866876, -1943640.181074998341501 ], [ 325482.695175995584577, -1943648.307606998831034 ], [ 325489.398140996694565, -1943657.211099001113325 ], [ 325495.91447499813512, -1943666.22906100214459 ], [ 325502.000515994615853, -1943674.806311001768336 ], [ 325507.835321997758001, -1943683.41815100191161 ], [ 325513.387893994804472, -1943692.023530999198556 ], [ 325518.248873997479677, -1943699.245810998603702 ], [ 325522.668926996178925, -1943707.329361001960933 ], [ 325526.835279998835176, -1943715.647410996258259 ], [ 325530.750008995644748, -1943724.203490997198969 ], [ 325534.414836999960244, -1943733.000950997229666 ], [ 325537.832261000294238, -1943742.045010996982455 ], [ 325541.189667000900954, -1943750.710701001575217 ], [ 325544.118830994702876, -1943760.263841000385582 ], [ 325546.803733994718641, -1943770.068691002205014 ], [ 325549.250970000866801, -1943780.144550997298211 ], [ 325551.462928997352719, -1943790.500000998610631 ], [ 325553.442195999901742, -1943801.145370997022837 ], [ 325555.005553999450058, -1943812.719280999153852 ], [ 325556.526805996894836, -1943823.979011000832543 ], [ 325557.823346998542547, -1943835.570670997025445 ], [ 325558.897990000899881, -1943847.515200997702777 ], [ 325560.126051000785083, -1943868.246111002285033 ], [ 325560.771699998062104, -1943890.153030999004841 ], [ 325560.660258998163044, -1943914.066970997024328 ], [ 325560.170917000155896, -1943939.132811001967639 ], [ 325557.875450998544693, -1943963.365980997681618 ], [ 325554.291298996191472, -1943991.622541000600904 ], [ 325542.22553600044921, -1944083.669617 ], [ 325538.113925998099148, -1944117.297128999605775 ], [ 325535.232286996208131, -1944147.808749001007527 ], [ 325533.026189000811428, -1944175.108868997776881 ], [ 325531.479650001507252, -1944189.041138995904475 ], [ 325530.116126000881195, -1944202.50932899909094 ], [ 325527.525657997932285, -1944217.310638997005299 ], [ 325525.114396997727454, -1944231.700138995889574 ], [ 325521.471677999943495, -1944247.472248996142298 ], [ 325517.293053999077529, -1944263.800048999488354 ], [ 325513.272499995306134, -1944279.851838997332379 ], [ 325507.983070996589959, -1944297.484859 ], [ 325502.64932900108397, -1944313.954638998955488 ], [ 325496.823368998710066, -1944331.16333900205791 ], [ 325490.464057995472103, -1944349.255548999179155 ], [ 325483.486914998851717, -1944368.510468997294083 ], [ 325469.299163999967277, -1944407.061277999076992 ], [ 325443.317084996495396, -1944484.335002001840621 ], [ 325435.421811999753118, -1944513.785096002276987 ], [ 325428.139899999368936, -1944544.24854799779132 ], [ 325422.432992996182293, -1944571.127879997016862 ], [ 325419.422135001514107, -1944585.282430000603199 ], [ 325416.939347000792623, -1944599.083839998580515 ], [ 325414.721505996305496, -1944612.049600001424551 ], [ 325412.284375999122858, -1944624.329839999787509 ], [ 325410.791615998838097, -1944636.380389996571466 ], [ 325408.94243299914524, -1944647.543139999499545 ], [ 325407.559001994784921, -1944658.617860002676025 ], [ 325407.107251996640116, -1944669.53690000041388 ], [ 325406.093772997613996, -1944682.212350000627339 ], [ 325405.742970997933298, -1944694.675659996923059 ], [ 325405.814761999528855, -1944706.38148999796249 ], [ 325406.547823995817453, -1944717.924249996431172 ], [ 325407.704660995863378, -1944728.753479996928945 ], [ 325408.69777899980545, -1944738.684540000278503 ], [ 325410.945996996946633, -1944748.695289998548105 ], [ 325413.035005000419915, -1944757.83227999927476 ], [ 325415.681582995224744, -1944766.601369999349117 ], [ 325418.88485199958086, -1944774.99568999838084 ], [ 325422.64799299556762, -1944783.022560000885278 ], [ 325426.974448000080884, -1944790.688160002231598 ], [ 325431.159807998221368, -1944797.51653700042516 ], [ 325436.623809000011533, -1944804.476173997623846 ], [ 325441.953407999128103, -1944810.606936996104196 ], [ 325447.86062599811703, -1944816.394680997822434 ], [ 325460.366288998629898, -1944827.522060995921493 ], [ 325467.240425997879356, -1944833.531914999475703 ], [ 325067.398467345628887, -1945168.612140484619886 ], [ 325002.445622795261443, -1945571.319776692427695 ], [ 324971.208111996762455, -1945582.939854000229388 ], [ 324944.602912000846118, -1945596.666224002139643 ], [ 324917.877677998505533, -1945608.958274001954123 ], [ 324893.767576000653207, -1945618.394783999072388 ], [ 324877.91369100054726, -1945625.656983998138458 ], [ 324859.053796000778675, -1945632.282253996701911 ], [ 324839.750331997405738, -1945639.644024002132937 ], [ 324818.939024998806417, -1945645.595243997871876 ], [ 324797.092452995013446, -1945651.219334002351388 ], [ 324774.612385994754732, -1945657.617033996153623 ], [ 324751.404107000213116, -1945664.812563996762037 ], [ 324727.162057997193187, -1945673.495664002373815 ], [ 324706.011375001166016, -1945681.068003996275365 ], [ 324683.943897997494787, -1945689.332144001033157 ], [ 324660.581092994660139, -1945699.011993997264653 ], [ 324635.671935994643718, -1945709.60863400157541 ], [ 324588.226984994951636, -1945730.070203999057412 ], [ 324515.827267997898161, -1945786.72554400190711 ], [ 324496.160706997383386, -1945816.335624000523239 ], [ 324474.91047300118953, -1945845.812863999046385 ], [ 324455.561389999929816, -1945870.566370999673381 ], [ 324444.996314997784793, -1945885.350507998373359 ], [ 324429.500698999967426, -1945893.977151999250054 ], [ 324413.215647998731583, -1945900.288173999171704 ], [ 324397.430211994796991, -1945906.177566998638213 ], [ 324382.060186997056007, -1945911.670728997327387 ], [ 324367.078835999593139, -1945916.77502099936828 ], [ 324352.444841998163611, -1945921.501662998460233 ], [ 324337.825234998948872, -1945924.940172999165952 ], [ 324320.199913000687957, -1945928.679342999821529 ], [ 324302.970008999574929, -1945931.875863000750542 ], [ 324286.099125998560339, -1945934.536532997153699 ], [ 324269.55854599783197, -1945936.66577300010249 ], [ 324253.317405995447189, -1945938.267442998243496 ], [ 324237.359634996391833, -1945939.342753000324592 ], [ 324221.666030995547771, -1945939.893062998540699 ], [ 324206.220435999333858, -1945939.918943002121523 ], [ 324190.986221995204687, -1945939.419243000214919 ], [ 324175.973126999568194, -1945938.393152995966375 ], [ 324161.169402997009456, -1945936.83987299958244 ], [ 324146.564807001035661, -1945934.758352998178452 ], [ 324132.148610995151103, -1945932.146942998748273 ], [ 324119.920483995694667, -1945930.646370996255428 ], [ 324110.541523994877934, -1945930.802335995715111 ], [ 324101.329141999129206, -1945930.42351399618201 ], [ 324070.508887998759747, -1945928.884793998673558 ], [ 324062.090215999167413, -1945928.221903996542096 ], [ 324054.710919994395226, -1945927.193903998006135 ], [ 324046.737809998448938, -1945925.09283399861306 ], [ 324040.112532999832183, -1945922.903093999018893 ], [ 324031.620334000326693, -1945917.518052000785246 ], [ 324027.271972998511046, -1945914.05626099742949 ], [ 324023.200701999943703, -1945910.53995899669826 ], [ 324017.812804999295622, -1945905.58694700198248 ], [ 324012.755998997017741, -1945900.286365002393723 ], [ 324008.029048997443169, -1945894.637143999570981 ], [ 324003.630836997181177, -1945888.637852002400905 ], [ 323999.166359996423125, -1945881.442147999070585 ], [ 323995.421894996427, -1945874.738116999622434 ], [ 323991.608497996348888, -1945866.833323001861572 ], [ 323988.118656000588089, -1945858.57022099616006 ], [ 323985.347129999194294, -1945850.797310998197645 ], [ 323982.502167996019125, -1945841.814850999275222 ], [ 323979.97650899598375, -1945832.463821000186726 ], [ 323977.768947996664792, -1945822.738830996444449 ], [ 323975.878587996121496, -1945812.635601001791656 ], [ 323973.910282998811454, -1945801.299691000487655 ], [ 323972.650854000356048, -1945790.412500998470932 ], [ 323971.705966000910848, -1945779.117410998325795 ], [ 323970.650412999093533, -1945767.619580998085439 ], [ 323970.241147994995117, -1945756.615811000345275 ], [ 323969.69099000049755, -1945744.401211000978947 ], [ 323969.789013998117298, -1945732.64588100113906 ], [ 323969.748123998288065, -1945719.647691000718623 ], [ 323969.966666999273002, -1945706.206971002276987 ], [ 323971.207085995469242, -1945677.810891001019627 ], [ 323972.747827999293804, -1945654.164280997123569 ], [ 323975.066497998312116, -1945628.442770997760817 ], [ 323978.839569000061601, -1945602.717930999351665 ], [ 323992.257742001209408, -1945541.942361001390964 ], [ 323995.896757000591606, -1945524.341151002328843 ], [ 323998.779775000642985, -1945509.168141000438482 ], [ 324002.501360997091979, -1945489.691260997205973 ], [ 324006.416780000552535, -1945469.338785000145435 ], [ 324009.985418996307999, -1945446.623810996767133 ], [ 324013.422536998521537, -1945423.242275999393314 ], [ 324015.875920000020415, -1945397.847851999104023 ], [ 324019.598043998703361, -1945373.861422000452876 ], [ 324022.891363995149732, -1945348.557501996634528 ], [ 324026.853615998290479, -1945324.11508199875243 ], [ 324030.939083996228874, -1945299.049182001966983 ], [ 324035.667016995605081, -1945274.919251998187974 ], [ 324039.913082999642938, -1945249.620451997732744 ], [ 324046.110749998595566, -1945226.788571998476982 ], [ 324052.291005996055901, -1945202.936912001110613 ], [ 324059.381570999044925, -1945180.746491997037083 ], [ 324066.317925000563264, -1945158.306452000746503 ], [ 324073.84593599755317, -1945136.110731997061521 ], [ 324079.709792000241578, -1945118.528482001274824 ], [ 324086.534731001127511, -1945100.836322001181543 ], [ 324093.719382994808257, -1945083.28449199674651 ], [ 324101.884535001125187, -1945067.178687997628003 ], [ 324110.76056999899447, -1945051.012381002306938 ], [ 324119.950781996361911, -1945034.110141001874581 ], [ 324131.211157998535782, -1945018.130228996975347 ], [ 324144.172993001062423, -1945002.374462999869138 ], [ 324155.374176000244915, -1944989.048166000749916 ], [ 324167.338881999254227, -1944975.346239998005331 ], [ 324180.19183999625966, -1944961.141752997413278 ], [ 324194.182132994756103, -1944946.189957002643496 ], [ 324220.810575000941753, -1944918.323249996174127 ], [ 324287.728645000141114, -1944849.545499996747822 ], [ 324306.152665000408888, -1944829.96126999752596 ], [ 324322.447714999318123, -1944811.932380000129342 ], [ 324339.811137000564486, -1944792.24871999816969 ], [ 324355.623882998712361, -1944773.362229996360838 ], [ 324370.277169996872544, -1944755.660129997180775 ], [ 324383.697287998627871, -1944737.618630001321435 ], [ 324398.186726996675134, -1944717.189909999258816 ], [ 324412.422364000231028, -1944695.858640001853928 ], [ 324423.772859000135213, -1944669.562280000653118 ], [ 324435.047156000509858, -1944642.298520001582801 ], [ 324447.055092999245971, -1944614.85875000199303 ], [ 324458.97075999667868, -1944585.6288400022313 ], [ 324471.077669000253081, -1944555.868767996318638 ], [ 324482.666362996678799, -1944524.137594996485859 ], [ 324492.593271996825933, -1944495.89715100126341 ], [ 324502.724243997596204, -1944466.347248998936266 ], [ 324512.701075995340943, -1944433.971978997346014 ], [ 324524.028256999794394, -1944400.871868999674916 ], [ 324534.252960998099297, -1944370.873769000638276 ], [ 324545.576210995204747, -1944337.258221999276429 ], [ 324585.496935994829983, -1944221.790245998185128 ], [ 324602.760216000955552, -1944178.650746001396328 ], [ 324620.791959000751376, -1944135.502065996872261 ], [ 324637.400440994650126, -1944095.080003002192825 ], [ 324647.139505000319332, -1944071.31853000074625 ], [ 324656.701280998066068, -1944049.742421001195908 ], [ 324666.13566899811849, -1944029.027468000538647 ], [ 324675.500389000400901, -1944010.285850002430379 ], [ 324684.840542999096215, -1943992.200319996802136 ], [ 324694.172422999050468, -1943974.742499997839332 ], [ 324703.521215996239334, -1943957.868609997676685 ], [ 324712.906716998666525, -1943941.545599997509271 ], [ 324724.546380997169763, -1943922.433469998650253 ], [ 324736.296479996293783, -1943904.070859996136278 ], [ 324748.181849000044167, -1943886.42166000069119 ], [ 324760.222639000508934, -1943869.457979995990172 ], [ 324772.441471001133323, -1943853.15073999715969 ], [ 324784.850622999481857, -1943837.485250000841916 ], [ 324797.472085997927934, -1943823.042179998476058 ], [ 324810.304555996321142, -1943808.61127999657765 ], [ 324823.38643399765715, -1943794.760169997112826 ], [ 324836.412223999854177, -1943781.435390000930056 ], [ 324848.767768995836377, -1943766.110350000206381 ], [ 324861.384971000719815, -1943751.356860001804307 ], [ 324873.976111998781562, -1943737.104379998520017 ], [ 324887.144165997393429, -1943723.472989995963871 ], [ 324900.821710000280291, -1943710.200689998455346 ], [ 324914.897394998464733, -1943697.450749997980893 ], [ 324941.413359999191016, -1943674.576900000683963 ], [ 324961.541155999526381, -1943657.398535997606814 ], [ 324971.007219999097288, -1943649.231873001903296 ], [ 324979.902965998277068, -1943642.149658996611834 ], [ 324988.522657999768853, -1943634.856512996833771 ], [ 324996.729826996102929, -1943628.576191995991394 ], [ 325009.809049997944385, -1943619.94022299721837 ], [ 325023.390005000401288, -1943611.155698002316058 ], [ 325037.884914994705468, -1943605.266302996315062 ], [ 325052.459717999678105, -1943600.837592999218032 ], [ 325067.329510000068694, -1943595.554197998717427 ], [ 325082.185411000624299, -1943591.758757995907217 ], [ 325097.213611997198313, -1943587.672587998677045 ], [ 325112.215555998496711, -1943584.012852998450398 ], [ 325127.140351999551058, -1943581.251792998518795 ], [ 325142.12093099905178, -1943578.222812996478751 ], [ 325156.965442996937782, -1943575.639057997846976 ], [ 325171.666875994764268, -1943573.962657997617498 ], [ 325186.229154999833554, -1943572.65605799946934 ], [ 325200.62926099775359, -1943571.721187997609377 ], [ 325214.842380996793509, -1943571.159757997374982 ], [ 325228.846549001522362, -1943570.972477997653186 ], [ 325242.443572998978198, -1943571.154888002434745 ], [ 325255.799180998466909, -1943571.701888001058251 ], [ 325268.896851000376046, -1943572.612788001075387 ], [ 325281.357143998146057, -1943571.626927996985614 ], [ 325293.408070000354201, -1943570.24913799809292 ], [ 325305.513860000297427, -1943569.208927999716252 ], [ 325317.310300995130092, -1943568.526728001888841 ], [ 325328.787463000509888, -1943568.200627996120602 ], [ 325339.775392998475581, -1943569.614587996620685 ], [ 325350.579262998420745, -1943569.99100799812004 ], [ 325360.887778995558619, -1943572.105048001743853 ] ] ] } },
{ "type": "Feature", "properties": { "ID": 3145, "YEAR": "2019-2020", "Perimtr_KM": 6.0894248707300003, "AREA_KM": 1.7138991597, "SCALE": 1, "THICKNES_M": 119.186642298, "VOLUME_KM": 0.20427388608, "MASS_GT": 0.18731915354000001, "RECURRANCE": ">8", "UA_KM": 0.03044712435, "UH_M": 9.8924912619499992, "UC_KM": 0.01562985573, "REGION": "East", "ICESHELF": "Ironside" }, "geometry": { "type": "Polygon", "coordinates": [ [ [ 341697.975777000654489, -1920377.822365002240986 ], [ 341705.537308000028133, -1920380.780665000202134 ], [ 341710.71154500124976, -1920380.189334997907281 ], [ 341715.220164995174855, -1920379.921195000177249 ], [ 341719.05560199636966, -1920379.971875002142042 ], [ 341723.94211999559775, -1920384.213575000874698 ], [ 341728.144611000549048, -1920388.765355002367869 ], [ 341729.927760995458812, -1920389.745495002251118 ], [ 341734.843112998176366, -1920406.89309500111267 ], [ 341736.001241998746991, -1920409.734004999510944 ], [ 341735.220873999409378, -1920408.972635002341121 ], [ 341738.058436998631805, -1920424.358854999300092 ], [ 341738.601459997706115, -1920428.048565000295639 ], [ 341738.943039997015148, -1920432.03603499988094 ], [ 341739.796884997747838, -1920442.603564999066293 ], [ 341741.577773998491466, -1920464.260227996623144 ], [ 341742.841636000666767, -1920485.180331001989543 ], [ 341743.552845998667181, -1920507.561733997426927 ], [ 341744.546449999790639, -1920585.678016002289951 ], [ 341744.695104000624269, -1920610.801688997307792 ], [ 341745.486791997682303, -1920635.128532999195158 ], [ 341745.771216999273747, -1920651.876645996235311 ], [ 341747.989900000393391, -1920668.958798998268321 ], [ 341748.371917995158583, -1920673.652208996005356 ], [ 341751.102488998323679, -1920689.957291998434812 ], [ 341752.000730001367629, -1920693.91332200076431 ], [ 341753.162432996090502, -1920697.524391998536885 ], [ 341752.858358998317271, -1920696.91807199921459 ], [ 341756.645955000072718, -1920711.844554999610409 ], [ 341758.613722994923592, -1920714.455155001953244 ], [ 341760.527549000456929, -1920716.517834997735918 ], [ 341760.92094999877736, -1920714.621104999445379 ], [ 341765.800469999667257, -1920718.33431499870494 ], [ 341772.379544998984784, -1920728.743795000482351 ], [ 341778.919672999531031, -1920731.781994996126741 ], [ 341784.547504994552583, -1920730.59874499682337 ], [ 341790.974325999617577, -1920729.063535001594573 ], [ 341799.559903997462243, -1920732.898065000772476 ], [ 341807.514147995505482, -1920730.640504999086261 ], [ 341815.20238299947232, -1920722.854644996114075 ], [ 341823.060439995490015, -1920715.977874996606261 ], [ 341833.262302995659411, -1920712.578264995943755 ], [ 341843.962743001058698, -1920708.773815002059564 ], [ 341852.683738000225276, -1920694.42083199787885 ], [ 341863.977476001251489, -1920689.799001999432221 ], [ 341874.402291999664158, -1920678.525458996882662 ], [ 341883.194747000932693, -1920669.283679001964629 ], [ 341887.56844499707222, -1920668.553668997250497 ], [ 341888.062609997112304, -1920651.726396001176909 ], [ 341892.325018997304142, -1920650.532785997958854 ], [ 341896.534724996425211, -1920649.106575998477638 ], [ 341900.191151997074485, -1920646.737485999008641 ], [ 341904.301593996584415, -1920644.843965996056795 ], [ 341908.368204995989799, -1920640.925763002363965 ], [ 341912.402426996733993, -1920636.547162998467684 ], [ 341914.998817999847233, -1920628.218683001818135 ], [ 341918.435585995670408, -1920624.668302996549755 ], [ 341922.845141000114381, -1920620.505808996269479 ], [ 341926.230334999039769, -1920614.455088999122381 ], [ 341933.027367997448891, -1920600.244246000889689 ], [ 341938.763289000373334, -1920583.359156000427902 ], [ 341945.878092000260949, -1920570.681082999799401 ], [ 341952.139706999063492, -1920553.980409996816888 ], [ 341958.016742995008826, -1920533.446426996495575 ], [ 341964.118960997555405, -1920511.619834002107382 ], [ 341970.238206995651126, -1920490.52701099589467 ], [ 341972.672157377935946, -1920481.302645335672423 ], [ 342445.266556415706873, -1920953.897044380195439 ], [ 343334.268334423657507, -1921461.898060386767611 ], [ 343122.601244424469769, -1921779.398695385782048 ], [ 342339.433011429384351, -1922139.232748388778418 ], [ 341831.431995423045009, -1921948.732367387972772 ], [ 341625.900592001155019, -1921711.58074805047363 ], [ 341628.738830999936908, -1921705.621706998441368 ], [ 341639.451925995759666, -1921698.487707000458613 ], [ 341646.998746999073774, -1921687.614476996241137 ], [ 341655.72783799469471, -1921679.105877001769841 ], [ 341664.057674997486174, -1921670.167285995790735 ], [ 341668.077912994660437, -1921657.206815999466926 ], [ 341680.432013999670744, -1921653.573195997625589 ], [ 341694.745508995838463, -1921652.592295999638736 ], [ 341701.43631299585104, -1921651.845975998323411 ], [ 341705.594636000692844, -1921647.87174599757418 ], [ 341711.659642995335162, -1921646.785055998945609 ], [ 341717.40863100066781, -1921645.528745996998623 ], [ 341722.839561997912824, -1921644.103235996793956 ], [ 341727.951220997609198, -1921642.508915996644646 ], [ 341730.521302999462932, -1921637.688585998956114 ], [ 341734.990293995477259, -1921635.757876001298428 ], [ 341739.006471001077443, -1921633.624206001171842 ], [ 341740.473040997982025, -1921628.0758359991014 ], [ 341743.833036999683827, -1921625.226835997309536 ], [ 341744.646343999542296, -1921618.96091599855572 ], [ 341744.986829001456499, -1921609.998195000691339 ], [ 341745.152085999492556, -1921603.009315001312643 ], [ 341742.626523997168988, -1921590.262083999346942 ], [ 341739.780144996009767, -1921577.147922997362912 ], [ 341738.833650995977223, -1921566.725993000669405 ], [ 341737.716969997156411, -1921558.267763000912964 ], [ 341733.913999000098556, -1921544.039301998680457 ], [ 341729.794221995864064, -1921529.429630998522043 ], [ 341722.989238997921348, -1921509.040718998294324 ], [ 341716.01613499969244, -1921490.594917998183519 ], [ 341710.947543995454907, -1921474.80605799658224 ], [ 341705.561998000834137, -1921458.607087001670152 ], [ 341697.479500995948911, -1921436.526524995919317 ], [ 341689.220038997009397, -1921416.340604997472838 ], [ 341680.484778999350965, -1921393.360585000598803 ], [ 341676.007261995691806, -1921378.352665000595152 ], [ 341671.194959995802492, -1921362.850654998328537 ], [ 341669.401255001313984, -1921350.954177999403328 ], [ 341661.366925995796919, -1921321.223771000513807 ], [ 341653.543011995963752, -1921289.805595997720957 ], [ 341644.116288000717759, -1921255.100522002205253 ], [ 341633.840776996221393, -1921219.096036996226758 ], [ 341596.184205998666584, -1921095.721423001028597 ], [ 341585.289280999917537, -1921059.427560000214726 ], [ 341570.925127994734794, -1921015.434325000736862 ], [ 341555.200823001097888, -1920970.231930999085307 ], [ 341546.443894994910806, -1920936.478111000731587 ], [ 341530.743696000892669, -1920889.924410998355597 ], [ 341518.501360995694995, -1920850.385450999252498 ], [ 341515.296231995336711, -1920833.77163099963218 ], [ 341509.136517995968461, -1920813.566921001300216 ], [ 341506.746143999975175, -1920798.036580998450518 ], [ 341499.047296997625381, -1920773.798380997497588 ], [ 341496.449991999659687, -1920760.221681002527475 ], [ 341495.408708996139467, -1920747.350220999214798 ], [ 341494.632269997149706, -1920733.811170995933935 ], [ 341492.029549995437264, -1920716.505050996085629 ], [ 341488.715075000189245, -1920695.015495999250561 ], [ 341489.392520000692457, -1920684.56671099876985 ], [ 341486.893816995434463, -1920664.004835996078327 ], [ 341489.508752997033298, -1920659.120305996388197 ], [ 341487.831968998070806, -1920639.47137099923566 ], [ 341491.272257995791733, -1920635.494280996266752 ], [ 341490.424056001473218, -1920616.748765996890143 ], [ 341492.466261997818947, -1920609.428406000835821 ], [ 341496.351975995115936, -1920595.113101001363248 ], [ 341500.422487995587289, -1920576.795245000626892 ], [ 341506.892639997415245, -1920563.724579999223351 ], [ 341513.336692000739276, -1920551.163519999245182 ], [ 341520.655233000405133, -1920533.168585001956671 ], [ 341530.032354998402297, -1920520.54861 ], [ 341537.880879001226276, -1920503.920885001774877 ], [ 341549.632336999289691, -1920496.45441500027664 ], [ 341557.13476200029254, -1920475.244689998216927 ], [ 341566.106260000728071, -1920459.550185001920909 ], [ 341580.162197998259217, -1920456.667040997650474 ], [ 341593.595610997639596, -1920453.483940998790786 ], [ 341605.143222997896373, -1920446.818261997308582 ], [ 341614.61575400037691, -1920431.095417000818998 ], [ 341626.197214995976537, -1920425.919912998564541 ], [ 341634.923673998564482, -1920411.019147998187691 ], [ 341644.151783996261656, -1920405.965168998576701 ], [ 341653.519522997550666, -1920401.949383998056874 ], [ 341659.93540899688378, -1920388.153408996760845 ], [ 341668.251354000996798, -1920384.850564999505877 ], [ 341676.596477000974119, -1920382.576774999499321 ], [ 341684.345516995061189, -1920380.650355001911521 ], [ 341691.477479001041502, -1920379.067005 ], [ 341697.975777000654489, -1920377.822365002240986 ] ] ] } },
{ "type": "Feature", "properties": { "ID": 3149, "YEAR": "2019-2020", "Perimtr_KM": 43.621775249599999, "AREA_KM": 42.847252778200001, "SCALE": 2, "THICKNES_M": 40.307924731599996, "VOLUME_KM": 1.7270838399399999, "MASS_GT": 1.58373588122, "RECURRANCE": ">8", "UA_KM": 0.21810887625, "UH_M": 3.34555773623, "UC_KM": 0.13214646161, "REGION": "East", "ICESHELF": "Parker" }, "geometry": { "type": "Polygon", "coordinates": [ [ [ 424193.503340998198837, -1708561.458362996578217 ], [ 424859.066316997632384, -1708839.887314000166953 ], [ 425295.718177996110171, -1708835.22178499866277 ], [ 425900.55472899787128, -1708973.691461998503655 ], [ 426268.21659999480471, -1708707.38057699939236 ], [ 426408.552108997479081, -1708613.844720998778939 ], [ 427037.489351001102477, -1708719.818295000120997 ], [ 427666.483385995496064, -1708995.628478000173345 ], [ 427898.56539799598977, -1709000.621384001336992 ], [ 428464.339976999443024, -1709076.126186001580209 ], [ 428996.830457998905331, -1709580.999141996027902 ], [ 429116.486283001024276, -1709547.065981997642666 ], [ 429605.489270001184195, -1709969.924004998290911 ], [ 429645.540021997876465, -1709606.416254997253418 ], [ 429798.73602399835363, -1709517.015750999562442 ], [ 430280.953398995567113, -1709677.575409000972286 ], [ 430878.627975997980684, -1710179.455504996236414 ], [ 431310.847675995901227, -1710283.691051996778697 ], [ 431853.882250995375216, -1710469.627786995843053 ], [ 432737.281937000807375, -1710444.842122999019921 ], [ 433415.052823994774371, -1710653.396977 ], [ 433983.27391899889335, -1710968.51801399840042 ], [ 434076.107408995740116, -1710961.024413998937234 ], [ 434188.014292994979769, -1710718.087414998793975 ], [ 434388.303729997482151, -1710600.368867001496255 ], [ 434589.240350998938084, -1710685.218166999518871 ], [ 435073.007739998400211, -1711019.601651997538283 ], [ 435574.854727996513247, -1711400.747216997435316 ], [ 435997.659532000310719, -1711404.89163999655284 ], [ 436378.122071998659521, -1711325.221114001236856 ], [ 436439.669083996675909, -1710953.403613998088986 ], [ 436413.210697998292744, -1710834.340873996261507 ], [ 436107.550549528095871, -1710655.711031325627118 ], [ 436671.959363978356123, -1710655.711031318642199 ], [ 437603.294559997040778, -1711565.879518318455666 ], [ 439254.297861994244158, -1713047.549148333724588 ], [ 439381.298115999437869, -1713513.216746329562739 ], [ 439218.242406971752644, -1713660.985982635291293 ], [ 439275.464570999611169, -1713682.550418331753463 ], [ 438788.630263998638839, -1715312.387011337094009 ], [ 438090.128866998013109, -1715418.220556336920708 ], [ 437137.626961987931281, -1714889.052831331733614 ], [ 436664.093655847478658, -1714706.285590360639617 ], [ 436206.291765982750803, -1714804.385995337506756 ], [ 435270.304934839252383, -1714866.785117419203743 ], [ 435112.16038079932332, -1714877.328087687026709 ], [ 435011.498826996888965, -1714811.770686999429017 ], [ 435174.372264547273517, -1714797.163164546713233 ], [ 435238.415356998797506, -1714791.419373998651281 ], [ 435388.05018899962306, -1714731.012391000753269 ], [ 435359.094446995761245, -1714552.905738996807486 ], [ 434970.878530997317284, -1714216.333738001296297 ], [ 434585.559246997348964, -1714077.157546001952142 ], [ 434390.260649066418409, -1714265.395700002089143 ], [ 434379.569799999240786, -1714275.700052996631712 ], [ 433938.325042997486889, -1714194.235197999281809 ], [ 433908.669172072783113, -1714186.074499996146187 ], [ 433529.488561996724457, -1714081.731637998949736 ], [ 433180.161568995565176, -1713613.059844 ], [ 432716.155792994890362, -1713282.363926999503747 ], [ 431809.922082000877708, -1712943.081749001517892 ], [ 431435.380784997250885, -1713031.383137999102473 ], [ 430956.852129994891584, -1712948.190028996672481 ], [ 430818.30165599565953, -1712429.746703998651356 ], [ 430000.340414996724576, -1712202.992677997099236 ], [ 429543.210951997898519, -1712159.953756999690086 ], [ 429374.198286998085678, -1711854.034746999852359 ], [ 428997.815505999606103, -1711762.33468999620527 ], [ 428997.815505999606103, -1711616.813569995807484 ], [ 428191.007741997484118, -1711395.194979000138119 ], [ 427169.356840995140374, -1711053.286209996324033 ], [ 426682.874125997535884, -1711041.322384999599308 ], [ 426217.802037999499589, -1710628.393773002084345 ], [ 425823.363882998935878, -1710629.392767000477761 ], [ 425452.057060995604843, -1710296.038679999532178 ], [ 424899.850296000950038, -1710246.472452995833009 ], [ 424449.047237997874618, -1710090.029538 ], [ 424160.179186997469515, -1710122.975904 ], [ 424135.130885998252779, -1710112.085743997944519 ], [ 422337.71692599542439, -1709600.683536996366456 ], [ 422330.632258999627084, -1709100.492646002210677 ], [ 422387.615960288327187, -1708942.959885433781892 ], [ 422530.135110994335264, -1708548.962396000279114 ], [ 422856.620715994853526, -1708499.715201998362318 ], [ 423274.419086215086281, -1708497.4230523025617 ], [ 423573.058388999197632, -1708495.784640001365915 ], [ 424193.503340998198837, -1708561.458362996578217 ] ] ] } },
{ "type": "Feature", "properties": { "ID": 3154, "YEAR": "2019-2020", "Perimtr_KM": 12.292162314900001, "AREA_KM": 3.1385064099100002, "SCALE": 1, "THICKNES_M": 89.073994029700003, "VOLUME_KM": 0.27955930122, "MASS_GT": 0.25635587922000003, "RECURRANCE": "3-4", "UA_KM": 0.06146081157, "UH_M": 7.3931414680099996, "UC_KM": 0.02139026005, "REGION": "West", "ICESHELF": "Hamilton" }, "geometry": { "type": "Polygon", "coordinates": [ [ [ -504977.117609781213105, -1267493.215977475512773 ], [ -504659.618164791725576, -1267574.27966556022875 ], [ -504718.182060004211962, -1267674.913116996875033 ], [ -505390.080081005115062, -1268258.742372996173799 ], [ -505668.3611010001041, -1268753.773761997930706 ], [ -505671.432025000918657, -1268932.451562998816371 ], [ -505759.945260252803564, -1268958.96729218098335 ], [ -506385.075497784186155, -1269146.236281199846417 ], [ -506700.286290998570621, -1269240.663335001561791 ], [ -507039.886440999805927, -1269596.238642996875569 ], [ -507083.02826032275334, -1269630.518468522466719 ], [ -507482.558085001073778, -1269947.978717000922188 ], [ -507541.987421988509595, -1270122.858019551727921 ], [ -507617.942048638593405, -1270346.365344485966489 ], [ -507632.185590003151447, -1270388.278997001936659 ], [ -507721.515219137072563, -1270416.408475354779512 ], [ -508085.966512879356742, -1270531.172466617077589 ], [ -508127.767268003895879, -1270544.335327001987025 ], [ -508616.757133002392948, -1270796.443163998192176 ], [ -508994.033812004607171, -1271060.418780000414699 ], [ -509123.036333244759589, -1271190.184425602899864 ], [ -509103.989252699539065, -1271084.367311448091641 ], [ -508943.274845761712641, -1270191.509495116071776 ], [ -506509.103310749866068, -1268630.464706357801333 ], [ -505186.183998247142881, -1267439.837325104977936 ], [ -504977.117609781213105, -1267493.215977475512773 ] ] ] } },
{ "type": "Feature", "properties": { "ID": 3158, "YEAR": "2019-2020", "Perimtr_KM": 6.4553702815199996, "AREA_KM": 1.76016362348, "SCALE": 1, "THICKNES_M": 195.93725204500001, "VOLUME_KM": 0.34488162353000001, "MASS_GT": 0.31625644877999998, "RECURRANCE": ">8", "UA_KM": 0.03227685141, "UH_M": 16.2627918395, "UC_KM": 0.02638834617, "REGION": "West", "ICESHELF": "Perkins" }, "geometry": { "type": "Polygon", "coordinates": [ [ [ -1129039.326493998523802, -1201338.03738699760288 ], [ -1129309.533614002401009, -1201605.340347002027556 ], [ -1129316.439503999659792, -1201592.963776997989044 ], [ -1129323.545211003161967, -1201580.786429998697713 ], [ -1129329.68439800478518, -1201570.509953000349924 ], [ -1129337.898911999538541, -1201557.678428996354342 ], [ -1129345.50857600546442, -1201546.789404998300597 ], [ -1129352.591830002842471, -1201537.729119999799877 ], [ -1129355.952567002968863, -1201533.863712998339906 ], [ -1129358.668377004330978, -1201531.121402999386191 ], [ -1129361.81330400169827, -1201528.115676000481471 ], [ -1129364.853070999030024, -1201525.538169002393261 ], [ -1129367.791738000698388, -1201523.385891998419538 ], [ -1129370.101138000609353, -1201522.345672000199556 ], [ -1129372.847015000646934, -1201521.038974997121841 ], [ -1129374.96907500224188, -1201520.842265001730993 ], [ -1129377.001004999736324, -1201521.066994997207075 ], [ -1129378.944794999435544, -1201521.713174996897578 ], [ -1129380.929275003261864, -1201522.849894997198135 ], [ -1129394.292205001227558, -1201480.533664999064058 ], [ -1129439.624405004549772, -1201440.826574999606237 ], [ -1129564.741079767467454, -1201273.862086729612201 ], [ -1129242.450049744918942, -1200581.884286961983889 ], [ -1128543.948652737541124, -1199650.549090963788331 ], [ -1127760.267120763193816, -1199472.914610387058929 ], [ -1127327.232665999326855, -1199751.58405 ], [ -1127288.735786000499502, -1199789.119229999370873 ], [ -1127778.278912004549056, -1200111.686978999059647 ], [ -1128361.16039600293152, -1200626.710626002168283 ], [ -1128689.676448004087433, -1200966.712760001188144 ], [ -1129039.326493998523802, -1201338.03738699760288 ] ] ] } },
{ "type": "Feature", "properties": { "ID": 3161, "YEAR": "2019-2020", "Perimtr_KM": 44.716683306299998, "AREA_KM": 33.740250700499999, "SCALE": 2, "THICKNES_M": 73.787552, "VOLUME_KM": 2.4896105030600002, "MASS_GT": 2.2829728313, "RECURRANCE": ">8", "UA_KM": 0.22358341653, "UH_M": 6.1243667858000004, "UC_KM": 0.19049058949, "REGION": "East", "ICESHELF": "Williamson" }, "geometry": { "type": "Polygon", "coordinates": [ [ [ 2364187.698139997199178, -1115082.809592002304271 ], [ 2363494.958822997286916, -1115221.997496998170391 ], [ 2362961.111725997179747, -1115213.39375700103119 ], [ 2362658.184092000126839, -1115467.31541899847798 ], [ 2362620.155305995605886, -1116083.985425 ], [ 2362485.324513997882605, -1116374.858709997497499 ], [ 2362574.522231996059418, -1116853.476164997788146 ], [ 2362027.565996999852359, -1117435.745578999863937 ], [ 2361150.953183999285102, -1117393.38637599744834 ], [ 2360952.868914997205138, -1117031.378467000555247 ], [ 2361087.706103999167681, -1116578.434755998663604 ], [ 2360889.853354996070266, -1116150.999456998659298 ], [ 2360324.343669996596873, -1116402.152384998043999 ], [ 2360057.03021399769932, -1117050.332534995861351 ], [ 2360287.986407997086644, -1117608.965228000888601 ], [ 2360518.959148995578289, -1118101.891104999696836 ], [ 2360385.685384999029338, -1118557.954590000910684 ], [ 2360053.936872997321188, -1119012.728653996251523 ], [ 2359524.128039997071028, -1119171.530558995902538 ], [ 2358895.253590997308493, -1119297.841611997690052 ], [ 2359086.531878000125289, -1120621.897076001856476 ], [ 2359038.802081000991166, -1120674.332175998482853 ], [ 2358761.972294999286532, -1120979.009092002408579 ], [ 2351320.82519599609077, -1122304.108060998143628 ], [ 2349605.468735842965543, -1120604.955143793253228 ], [ 2350866.968852907419205, -1120424.740841354476288 ], [ 2351978.22107541654259, -1119789.739571356680244 ], [ 2353142.390070426277816, -1119736.822798856766894 ], [ 2354200.725520436652005, -1120371.824068854795769 ], [ 2354782.81001793500036, -1120001.406661349115893 ], [ 2356581.980282942764461, -1119260.571846351725981 ], [ 2357322.815097940154374, -1118360.98671384784393 ], [ 2357799.066050438210368, -1117620.151898850221187 ], [ 2359756.986632958985865, -1115662.231316336430609 ], [ 2361397.40658045373857, -1114762.646183832548559 ], [ 2362349.908485463820398, -1113757.227506329072639 ], [ 2363831.578115472570062, -1112593.058511319570243 ], [ 2365089.165060391649604, -1112306.240436162101105 ], [ 2364460.555523000657558, -1112914.054453997407109 ], [ 2364084.410278999246657, -1113469.102476997300982 ], [ 2364076.114106995053589, -1114123.033088997239247 ], [ 2363871.914200996980071, -1114414.024930997285992 ], [ 2364187.698139997199178, -1115082.809592002304271 ] ] ] } },
{ "type": "Feature", "properties": { "ID": 3164, "YEAR": "2019-2020", "Perimtr_KM": 23.139854727, "AREA_KM": 10.6785207004, "SCALE": 2, "THICKNES_M": 64.878921872099994, "VOLUME_KM": 0.69281091022999997, "MASS_GT": 0.63530760468000003, "RECURRANCE": "6-8", "UA_KM": 0.11569927364, "UH_M": 5.3849504888300004, "UC_KM": 0.05300988188, "REGION": "East", "ICESHELF": "Underwood" }, "geometry": { "type": "Polygon", "coordinates": [ [ [ 2405493.663606090471148, -823089.054535595467314 ], [ 2405514.526950001716614, -823108.938000998226926 ], [ 2405527.131524416618049, -823118.6331169991754 ], [ 2405694.911194995045662, -823247.684944997774437 ], [ 2405802.568410997278988, -823312.803359002340585 ], [ 2404738.832906135357916, -823612.020806135609746 ], [ 2404197.341348432004452, -823764.336603434989229 ], [ 2404230.925886005163193, -824022.118033006088808 ], [ 2404262.852616956457496, -824267.174804367823526 ], [ 2404380.940293248742819, -824229.269413572270423 ], [ 2404549.605306653305888, -824175.129020198713988 ], [ 2404580.555312840268016, -824504.91309862001799 ], [ 2405276.493699999526143, -824199.694699088577181 ], [ 2406241.530087918974459, -823776.457712390692905 ], [ 2406287.716697999276221, -823756.201603996800259 ], [ 2406441.096615945920348, -823839.539099999470636 ], [ 2406638.33200800139457, -823946.705043995752931 ], [ 2406703.623191896826029, -823979.530511415330693 ], [ 2407047.477881998755038, -824152.40516699757427 ], [ 2407638.090722002089024, -824400.069521002471447 ], [ 2407764.962173005566001, -824375.463672995800152 ], [ 2407786.566912516020238, -824371.273581904824823 ], [ 2407953.462819997221231, -824338.905264997621998 ], [ 2408118.936016998253763, -824510.778603996615857 ], [ 2408077.544030255638063, -824682.113336422247812 ], [ 2408063.25041376054287, -824741.279207648942247 ], [ 2408009.987342998385429, -824961.752170998370275 ], [ 2408069.934326087124646, -825022.113357587484643 ], [ 2408264.456999994814396, -825217.980085325893015 ], [ 2408293.502046999521554, -825247.225818999344483 ], [ 2408286.966100008226931, -825303.245831485837698 ], [ 2408247.820206999778748, -825638.767740999814123 ], [ 2408444.529900004155934, -825926.225364640820771 ], [ 2408464.491545072756708, -825955.395900001982227 ], [ 2408467.03900000359863, -825959.1185703498777 ], [ 2408532.125515, -826054.231397001072764 ], [ 2408658.851938995532691, -826330.571951995836571 ], [ 2408599.453168996609747, -826698.902041000546888 ], [ 2408486.233314001001418, -826964.94849200011231 ], [ 2408354.493400007486343, -827088.518014816800132 ], [ 2408216.82959099765867, -827217.644037998747081 ], [ 2408284.380821673199534, -827331.037278334610164 ], [ 2408370.924156994558871, -827476.311156001407653 ], [ 2408238.019457994960248, -827765.116677999263629 ], [ 2408043.009263996966183, -827742.790407995693386 ], [ 2407977.720111862756312, -827780.238571491325274 ], [ 2407967.170468086376786, -827756.125100004952401 ], [ 2407859.292900005355477, -827509.547801535343751 ], [ 2407753.203003561124206, -827267.056609662948176 ], [ 2407484.978467109613121, -826713.843503235839307 ], [ 2407283.642047766596079, -826674.875164006371051 ], [ 2406445.608388371765614, -826512.675100908149034 ], [ 2406428.844354832544923, -826361.79879915039055 ], [ 2406066.162524286657572, -825649.363279516575858 ], [ 2405942.687382522039115, -825691.237458030460402 ], [ 2405898.148785952478647, -825665.627765003126115 ], [ 2404601.564700282178819, -824920.0919157366734 ], [ 2403293.970085080713034, -824182.474440500838682 ], [ 2403646.014789172448218, -823428.092931739287451 ], [ 2403310.734118619933724, -823109.57629470503889 ], [ 2403801.790200860239565, -822648.58487056591548 ], [ 2403943.032367930747569, -822647.986655868822709 ], [ 2406041.956962999887764, -822639.096905997954309 ], [ 2406306.144434997811913, -822630.078769000479952 ], [ 2405352.34733499865979, -822954.375396999064833 ], [ 2405493.663606090471148, -823089.054535595467314 ] ] ] } },
{ "type": "Feature", "properties": { "ID": 3167, "YEAR": "2019-2020", "Perimtr_KM": 111.531238841, "AREA_KM": 217.547766107, "SCALE": 3, "THICKNES_M": 83.044900214400002, "VOLUME_KM": 18.0662325282, "MASS_GT": 16.566735228399999, "RECURRANCE": ">8", "UA_KM": 0.55765619421000001, "UH_M": 6.8927266838100003, "UC_KM": 1.3823235723, "REGION": "East", "ICESHELF": "Conger_Glenzer" }, "geometry": { "type": "Polygon", "coordinates": [ [ [ 2593774.4687, -600924.941440343856812 ], [ 2594273.853100002743304, -601081.35949097503908 ], [ 2594617.674985, -601189.051979997428134 ], [ 2594755.494414260610938, -601422.406293302308768 ], [ 2594910.663733624853194, -601685.137246130499989 ], [ 2595114.969684490002692, -602031.065792820882052 ], [ 2595657.914628998376429, -602950.374089001212269 ], [ 2596116.577882001176476, -603255.353587999474257 ], [ 2596215.125907197594643, -603441.155338368844241 ], [ 2596249.885298160836101, -603506.690448489505798 ], [ 2596472.835950996726751, -603927.040033998666331 ], [ 2596613.350723001174629, -604317.560289999237284 ], [ 2596864.950310994870961, -604661.591694999253377 ], [ 2597190.488333997316658, -605087.773026996757835 ], [ 2597297.56256599444896, -605269.377098996425048 ], [ 2598129.540426, -605678.253846996463835 ], [ 2598512.848329000174999, -605978.071281000971794 ], [ 2598785.068274000659585, -606041.986140996683389 ], [ 2599252.547353998757899, -606516.91579699749127 ], [ 2599612.748084999620914, -606628.39779900200665 ], [ 2600251.769817996770144, -607404.293548999121413 ], [ 2601641.786437996663153, -608304.902820996241644 ], [ 2601833.439052997156978, -608396.6952959978953 ], [ 2601834.842118753120303, -608455.123084563063458 ], [ 2601836.430527895689011, -608521.269117424730211 ], [ 2601842.817153995856643, -608787.227029999485239 ], [ 2602558.980969998054206, -609240.785075998399407 ], [ 2602560.727855999022722, -609579.333721996285021 ], [ 2603830.371175998821855, -610235.496562996646389 ], [ 2605203.985093997791409, -611139.635406999848783 ], [ 2605371.030446999706328, -611385.649643999291584 ], [ 2606046.413614998571575, -611926.726389996241778 ], [ 2606279.823481000959873, -611942.891152996337041 ], [ 2606966.916732000187039, -612403.524519999744371 ], [ 2607082.626918996684253, -612646.343328996561468 ], [ 2608137.867697999812663, -612919.591194997774437 ], [ 2608850.585859999060631, -613279.388608001405373 ], [ 2609725.186002999544144, -613534.107702000299469 ], [ 2609958.065954997204244, -613714.249742998043075 ], [ 2610925.935398995876312, -614034.862853997386992 ], [ 2611686.077869998291135, -614444.781597999623045 ], [ 2612101.995851999148726, -614663.215904000680894 ], [ 2612547.738830999471247, -615087.005161996698007 ], [ 2612661.105609017424285, -615064.331806393107399 ], [ 2612713.103740996681154, -615053.93217999720946 ], [ 2613228.590094356797636, -614808.732642424758524 ], [ 2613370.668692997656763, -614741.150626996764913 ], [ 2613849.310276996344328, -614831.259736998938024 ], [ 2614632.841047000139952, -615004.733059996506199 ], [ 2615293.113753998652101, -615111.631960999686271 ], [ 2616375.877785999327898, -615349.035942000336945 ], [ 2618130.868462995626032, -615416.982405996648595 ], [ 2619830.050052996724844, -615021.042537997011095 ], [ 2620537.231782488524914, -614820.908340049907565 ], [ 2620612.867555997334421, -614799.503226998029277 ], [ 2620679.765779595822096, -614635.888577381614596 ], [ 2620696.131436954252422, -614595.862682069186121 ], [ 2620709.472900000400841, -614563.233134001493454 ], [ 2621549.844727997668087, -614529.929698002059013 ], [ 2621587.491403261199594, -614526.747368898941204 ], [ 2622599.496123994700611, -614441.201113996561617 ], [ 2623116.701858569867909, -614381.341748025501147 ], [ 2623195.79972300119698, -614372.18727099779062 ], [ 2623511.364896488375962, -614305.739414221607149 ], [ 2623877.855565999634564, -614228.568288999609649 ], [ 2624119.501335997134447, -614232.384671998908743 ], [ 2624143.888562855310738, -614235.667468695668504 ], [ 2624334.052354997955263, -614261.265667001018301 ], [ 2624683.609773999080062, -614368.967896999325603 ], [ 2625235.593340001069009, -614415.329553998308256 ], [ 2625623.530189995653927, -614583.317715995712206 ], [ 2626229.844391996972263, -614615.701411000685766 ], [ 2626770.831419035792351, -614843.353709861403331 ], [ 2627033.577477000653744, -614953.919658999657258 ], [ 2627633.121841999702156, -615139.664099000394344 ], [ 2627789.923310998827219, -615307.843342000618577 ], [ 2628671.295675999484956, -615386.50242700218223 ], [ 2629199.115713996812701, -615439.413636997807771 ], [ 2630305.540845995768905, -615951.20482200034894 ], [ 2630630.850786997005343, -616102.706033999333158 ], [ 2630995.109431000426412, -616239.466147996019572 ], [ 2631249.109940996393561, -616424.674851997289807 ], [ 2631396.752115427516401, -616528.633086917223409 ], [ 2631625.158256998285651, -616689.459080001339316 ], [ 2632397.654953996650875, -617490.723305996507406 ], [ 2632445.936172999441624, -617563.25286800134927 ], [ 2632830.835716000758111, -617904.338806997286156 ], [ 2633132.46964499913156, -618041.99165900144726 ], [ 2633370.502955, -618106.600700999610126 ], [ 2632803.445918187499046, -619886.30691018817015 ], [ 2632756.089512585662305, -620438.840660578804091 ], [ 2632580.057560090906918, -620537.85863386024721 ], [ 2632166.645274938084185, -620852.051970579661429 ], [ 2631620.941058535128832, -621298.537238548742607 ], [ 2631488.649127284996212, -621397.75618698913604 ], [ 2631075.23684211820364, -621397.75618698913604 ], [ 2629570.416124146431684, -621348.146712769055739 ], [ 2627767.938560852780938, -621463.902152620721608 ], [ 2625684.340643668547273, -621811.168472149176523 ], [ 2623617.279217875562608, -621811.168472149176523 ], [ 2621947.09358583111316, -621612.730575274908915 ], [ 2619615.448297538794577, -621116.635833085747436 ], [ 2617333.412483474239707, -621116.635833085747436 ], [ 2616638.8798444038257, -621546.584609650075436 ], [ 2616374.295981904491782, -621893.85092917853035 ], [ 2615795.518782678991556, -621976.533386214636266 ], [ 2615051.376669394783676, -621728.486015120055526 ], [ 2613596.165425635874271, -621430.829169804928824 ], [ 2611859.833827974274755, -621116.635833085747436 ], [ 2610156.575213134288788, -620967.807410431560129 ], [ 2608436.780106876045465, -620769.369513557292521 ], [ 2608767.509934993460774, -620620.541090889601037 ], [ 2610569.987498287111521, -620554.395125264767557 ], [ 2611661.395931106060743, -620438.639685426605865 ], [ 2611975.589267819188535, -620140.982840118464082 ], [ 2611942.516285009682178, -619942.544943237211555 ], [ 2611496.031017034314573, -619876.398977612610906 ], [ 2611082.61873188149184, -619826.789503392297775 ], [ 2611132.228206094354391, -619545.669149481924251 ], [ 2611115.691714690066874, -619281.085286982590333 ], [ 2611066.082240476273, -618884.209493227303028 ], [ 2610735.352412345819175, -618735.381070573115721 ], [ 2610454.23205844219774, -618768.454053382156417 ], [ 2610090.429247502237558, -618669.235104948282242 ], [ 2610057.356264693662524, -618355.041768235852942 ], [ 2609594.334505313076079, -617892.020008855499327 ], [ 2609114.776254528202116, -617875.483517444226891 ], [ 2609114.776254528202116, -617660.509129158686846 ], [ 2608717.900460779666901, -617395.925266659585759 ], [ 2607924.14887326862663, -617098.268421344459057 ], [ 2607130.397285771556199, -616635.246661971090361 ], [ 2606650.839034986682236, -616618.710170566570014 ], [ 2606204.353767011314631, -616800.611576036550105 ], [ 2605873.623938893899322, -616585.637187757529318 ], [ 2605972.842887334525585, -616370.662799465237185 ], [ 2605906.696921703405678, -616106.078936972888187 ], [ 2605609.040076394565403, -615973.787005723221228 ], [ 2605294.846739668399096, -615725.739634621888399 ], [ 2605278.310248264111578, -615494.228754938580096 ], [ 2605030.2628771699965, -615229.64489243272692 ], [ 2604583.777609193697572, -615163.49892680789344 ], [ 2604319.193746694363654, -614882.378572904272005 ], [ 2604005.000409982167184, -614683.940676023019478 ], [ 2603624.661107637919486, -614617.794710398418829 ], [ 2603343.540753720328212, -614518.575761957792565 ], [ 2603112.02987403050065, -614072.090493988711387 ], [ 2603112.02987403050065, -613278.338906484656036 ], [ 2602863.982502935454249, -613079.901009617140517 ], [ 2602334.814777937717736, -613013.755043992307037 ], [ 2602037.157932629808784, -612964.145569771993905 ], [ 2602004.084949807263911, -612434.977844767039642 ], [ 2601838.720035748556256, -612385.36837054672651 ], [ 2601441.844242, -612203.466965083731338 ], [ 2601144.18739667814225, -611872.737136953044683 ], [ 2600863.067042774520814, -611624.689765858463943 ], [ 2600548.873706061393023, -611376.642394763650373 ], [ 2599903.95054120477289, -611343.569411947857589 ], [ 2599242.490884956903756, -611029.376075235428289 ], [ 2598547.958245886489749, -610715.18273850902915 ], [ 2598332.983857614919543, -610698.646247104741633 ], [ 2598068.399995101615787, -610582.890807259595022 ], [ 2597737.6701669851318, -610400.98940179659985 ], [ 2596745.480682606808841, -609871.821676791412756 ], [ 2596695.871208379045129, -609557.628340065246448 ], [ 2596414.750854475423694, -609508.018865844933316 ], [ 2596084.021026344969869, -609111.143072103150189 ], [ 2595869.046638073399663, -608697.730786943109706 ], [ 2595439.097861501388252, -608118.953587717842311 ], [ 2595587.926284155808389, -607573.249371308367699 ], [ 2595538.316809942014515, -607391.347965845372528 ], [ 2595240.659964634105563, -607176.373577552847564 ], [ 2595240.659964634105563, -606862.180240840185434 ], [ 2595472.170844310894608, -606184.184093174291775 ], [ 2595290.269438847899437, -606118.038127549458295 ], [ 2594761.101713849231601, -605787.308299425756559 ], [ 2593967.35012633819133, -604943.947237701155245 ], [ 2594050.032583374530077, -604563.607935357140377 ], [ 2593702.766263839788735, -604150.195650197099894 ], [ 2593603.547315399162471, -603521.808976758271456 ], [ 2593090.916081804782152, -603290.298097074963152 ], [ 2592760.186253674328327, -602976.104760348796844 ], [ 2592710.576779460534453, -602744.593880665488541 ], [ 2592760.186253674328327, -602446.937035357346758 ], [ 2592412.919934139586985, -602066.597733006346971 ], [ 2592442.68561867531389, -601702.794922059867531 ], [ 2593051.228502423502505, -601120.710424561752006 ], [ 2593069.939760408364236, -601062.49762195488438 ], [ 2593118.356016046367586, -600911.869271094445139 ], [ 2593174.552827381528914, -600737.034746946068481 ], [ 2593774.4687, -600924.941440343856812 ] ] ] } },
{ "type": "Feature", "properties": { "ID": 3170, "YEAR": "2019-2020", "Perimtr_KM": 89.342749871300001, "AREA_KM": 100.79213843799999, "SCALE": 3, "THICKNES_M": 99.358845531200004, "VOLUME_KM": 10.0145905138, "MASS_GT": 9.1833795011700001, "RECURRANCE": ">8", "UA_KM": 0.44671374936000002, "UH_M": 8.2467841384200007, "UC_KM": 0.76625851640999998, "REGION": "West", "ICESHELF": "Dotson" }, "geometry": { "type": "Polygon", "coordinates": [ [ [ -1598423.014005891978741, -644860.235845518531278 ], [ -1597794.627332446398214, -645852.425329896854237 ], [ -1595777.175380880245939, -648266.753075218293816 ], [ -1594983.423793376190588, -649953.475198667263612 ], [ -1593958.161326181842014, -650581.861872106092051 ], [ -1593065.190790243912488, -652235.511012732284144 ], [ -1592569.096048054751009, -654815.203672125935555 ], [ -1591609.979546485235915, -658320.939850259805098 ], [ -1590551.644096481846645, -661231.362337770406157 ], [ -1591146.957787111867219, -661396.7272518358659 ], [ -1590887.005938448477536, -662401.874400003347546 ], [ -1590864.243399440310895, -662489.88955084560439 ], [ -1590650.863044922472909, -663314.960254967911169 ], [ -1590320.133216791786253, -665696.215017487294972 ], [ -1589691.746543352957815, -666853.769415917573497 ], [ -1589790.965491793584079, -668110.542762801982462 ], [ -1589672.11408585938625, -670283.825614141998813 ], [ -1589559.454612103523687, -672343.884562828578055 ], [ -1590150.773803810589015, -672592.861064594704658 ], [ -1590187.841285542352125, -672608.468425320927054 ], [ -1589668.450713940663263, -674188.28141393722035 ], [ -1589394.089698038063943, -675022.796170649118721 ], [ -1589240.439522177679464, -675371.46387741714716 ], [ -1588534.192144909175113, -676974.102156590437517 ], [ -1588413.176367812324315, -678688.492332185618579 ], [ -1588340.32726495875977, -679720.521289246855304 ], [ -1588335.754248034907505, -679785.305695660412312 ], [ -1588373.792541441740468, -679864.840309147257358 ], [ -1588699.557058974402025, -680545.984300355659798 ], [ -1588722.195988091174513, -680645.029615256702527 ], [ -1588927.376246677478775, -681542.693246565992013 ], [ -1588964.140921473735943, -681703.5386987994425 ], [ -1588501.119162100134417, -682563.436251928564161 ], [ -1588815.175973201403394, -683012.088839203119278 ], [ -1588935.066725002136081, -682684.574349991045892 ], [ -1589146.584335004445165, -682378.446891993284225 ], [ -1589191.166820001322776, -681874.857230001594871 ], [ -1589468.458246994530782, -681355.905240989755839 ], [ -1589184.569626994663849, -680779.461580994073302 ], [ -1589346.271489992039278, -679883.541932997759432 ], [ -1589311.498583994805813, -679619.497932991711423 ], [ -1589282.234771000687033, -678320.890697993105277 ], [ -1589400.046777253039181, -677783.925386247457936 ], [ -1589456.622057003201917, -677526.065735991112888 ], [ -1589716.470531996805221, -676902.901238992810249 ], [ -1590098.841135997558013, -676259.137382996501401 ], [ -1590463.815786994993687, -675768.770017993403599 ], [ -1590870.202750996220857, -675253.874060994945467 ], [ -1591265.90254000434652, -674874.472868000855669 ], [ -1591747.693690000101924, -674276.976281992159784 ], [ -1591762.681039996212348, -674249.80294199148193 ], [ -1591777.925234005320817, -674222.043786990223452 ], [ -1591793.093599993968382, -674193.397312999237329 ], [ -1591808.723570002010092, -674164.144249994074926 ], [ -1591824.959166996181011, -674134.408697992563248 ], [ -1591852.38664399785921, -674084.745405991561711 ], [ -1591882.499119997257367, -674034.294170991051942 ], [ -1591914.545237001730129, -673981.279352997196838 ], [ -1591949.463313003536314, -673924.687471997924149 ], [ -1591980.851758000673726, -673874.769074995769188 ], [ -1592015.99460200406611, -673819.254689994035289 ], [ -1592132.845664996653795, -673627.834306997479871 ], [ -1592178.457190004875883, -673555.619061996694654 ], [ -1592223.525857003871351, -673482.515659996075556 ], [ -1592263.762031004298478, -673416.668592992704362 ], [ -1592285.662748993141577, -673380.010798990959302 ], [ -1592306.598205994814634, -673344.657278994796798 ], [ -1592326.250566996168345, -673309.93339499947615 ], [ -1592344.927240001037717, -673275.90874199103564 ], [ -1592362.728599992813542, -673242.443791997851804 ], [ -1592380.102013998664916, -673209.85635399306193 ], [ -1592397.421894000144675, -673178.489519999129698 ], [ -1592413.801846995251253, -673147.229604989290237 ], [ -1592432.338496998418123, -673111.99184799217619 ], [ -1592450.220826999517158, -673077.319920999696478 ], [ -1592467.445510999532416, -673043.125150997890159 ], [ -1592484.079154998064041, -673009.396954001393169 ], [ -1592500.094880005344748, -672976.056742992252111 ], [ -1592515.367201005574316, -672942.910455995239317 ], [ -1592530.261881995247677, -672910.276820991188288 ], [ -1592544.402026996714994, -672877.774412993807346 ], [ -1592557.544938004110008, -672845.108651992864907 ], [ -1592569.919307992327958, -672812.490214995108545 ], [ -1592582.011937998235226, -672780.326344991801307 ], [ -1592593.800847992300987, -672748.706498994026333 ], [ -1592604.833458000328392, -672717.074137989198789 ], [ -1592615.792237994493917, -672685.998429994797334 ], [ -1592626.07292800094001, -672654.870919994311407 ], [ -1592635.938098003156483, -672623.855436995392665 ], [ -1592642.011798002291471, -672604.410961990011856 ], [ -1592647.55862800241448, -672584.159367993008345 ], [ -1592653.325875005219132, -672563.711661994922906 ], [ -1592659.004111994290724, -672542.603848998667672 ], [ -1592664.562857993412763, -672520.915785989258438 ], [ -1592669.834004001691937, -672498.206299995072186 ], [ -1592675.050906000193208, -672474.745805994141847 ], [ -1592680.405497000785545, -672450.392850993666798 ], [ -1592688.964976, -672408.104263989953324 ], [ -1592697.450936005683616, -672360.337354994146153 ], [ -1592705.378615993773565, -672314.265064996900037 ], [ -1592725.653393002226949, -672201.058810993097723 ], [ -1592736.76042300532572, -672141.103247993160039 ], [ -1592742.856195997912437, -672110.42685399740003 ], [ -1592748.98277999414131, -672081.71280699246563 ], [ -1592755.040284001035616, -672054.540104992222041 ], [ -1592760.979436994064599, -672028.500571997370571 ], [ -1592767.860250998754054, -671999.672298989025876 ], [ -1592774.902495005633682, -671972.035182000370696 ], [ -1592781.749605004908517, -671945.103148000082001 ], [ -1592789.1348050031811, -671919.067806993611157 ], [ -1592789.658593004569411, -671917.299853991251439 ], [ -1592457.320090061286464, -671286.230161887826398 ], [ -1592095.783109, -670599.716172989690676 ], [ -1592059.687764651142061, -670546.781299890717492 ], [ -1591514.054194001480937, -669746.593786990968511 ], [ -1591566.387980265542865, -669498.784175024367869 ], [ -1591677.337315996177495, -668973.419705990236253 ], [ -1591665.663056881399825, -668514.89892431977205 ], [ -1591654.842441002372652, -668089.906022996874526 ], [ -1591835.941591999027878, -666612.983521993039176 ], [ -1592306.991609196877107, -665324.754829757381231 ], [ -1592484.805812997044995, -664838.468128000851721 ], [ -1593347.133439697092399, -663577.871901074424386 ], [ -1593582.600148998899385, -663233.654186000349 ], [ -1593868.146122344071046, -662887.20701375300996 ], [ -1594821.747537000104785, -661730.221643995959312 ], [ -1595375.086528999498114, -660668.296775997150689 ], [ -1595962.757737001171336, -657650.491865991381928 ], [ -1596286.71549499919638, -656627.280729992780834 ], [ -1596650.723401999333873, -654601.926259001018479 ], [ -1597462.068639998789877, -651843.542690992821008 ], [ -1598140.122151998104528, -650383.032217995729297 ], [ -1598688.67307499377057, -649751.222054994665086 ], [ -1598649.246202994603664, -648964.47332399035804 ], [ -1598655.32411130820401, -648813.157060617115349 ], [ -1598717.965958986664191, -647253.618839098140597 ], [ -1598798.353067005053163, -645252.292694989126176 ], [ -1599289.572099999291822, -645259.041546948021278 ], [ -1599355.743648000992835, -645259.950676991371438 ], [ -1600165.95684900553897, -644954.309620290063322 ], [ -1600411.41793700424023, -644861.713021990144625 ], [ -1600404.206192304380238, -644789.370942014735192 ], [ -1600397.693076998228207, -644724.036916989600286 ], [ -1600466.433030002284795, -644203.866751991678029 ], [ -1600352.833490998018533, -644066.945807993877679 ], [ -1600214.477164244279265, -644053.254333067685366 ], [ -1599874.240108004305512, -644019.585130990017205 ], [ -1599892.16384700150229, -643701.676840994507074 ], [ -1599957.939777615480125, -643604.197264703921974 ], [ -1600057.638109994120896, -643456.444870989304036 ], [ -1600020.437550001544878, -643340.142698997166008 ], [ -1599917.745021991664544, -643326.155335033778101 ], [ -1599859.891967784613371, -643318.275387570960447 ], [ -1599707.081910098902881, -643297.461702927248552 ], [ -1599415.20349027053453, -643901.119343955768272 ], [ -1598753.743834015913308, -644463.360051769763231 ], [ -1598423.014005891978741, -644860.235845518531278 ] ] ] } },
{ "type": "Feature", "properties": { "ID": 3173, "YEAR": "2019-2020", "Perimtr_KM": 19.273450863200001, "AREA_KM": 2.4976553248100002, "SCALE": 1, "THICKNES_M": 175.50094604500001, "VOLUME_KM": 0.4383408724, "MASS_GT": 0.40195857999000001, "RECURRANCE": "6-8", "UA_KM": 0.09636725432, "UH_M": 14.5665784499, "UC_KM": 0.03353930708, "REGION": "West", "ICESHELF": "Walgreen_Coast_1" }, "geometry": { "type": "Polygon", "coordinates": [ [ [ -1711865.563150912057608, -358064.226973329670727 ], [ -1711857.197805002564564, -358076.251446000766009 ], [ -1711846.29190499894321, -358089.760539996437728 ], [ -1711836.0827950052917, -358102.371745995711535 ], [ -1711826.066325002349913, -358114.148846001829952 ], [ -1711816.73869500355795, -358125.04014200065285 ], [ -1711804.905794998863712, -358137.364604998379946 ], [ -1711794.177404999034479, -358148.277142001315951 ], [ -1711784.127605003770441, -358158.3176079983823 ], [ -1711770.92442500195466, -358170.477519996929914 ], [ -1711763.118325001560152, -358177.135051996912807 ], [ -1711753.239915000507608, -358185.624919996596873 ], [ -1711744.677425002446398, -358192.186016999650747 ], [ -1711738.266885001445189, -358197.078838998451829 ], [ -1711731.446995005011559, -358201.949626995716244 ], [ -1711724.182415000861511, -358206.824138998053968 ], [ -1711722.58850386319682, -358207.832997595425695 ], [ -1711716.440405004657805, -358211.724407999310642 ], [ -1711708.168505003675818, -358216.683818997815251 ], [ -1711693.547715001739562, -358224.905315998010337 ], [ -1711676.756075004814193, -358233.732524996157736 ], [ -1711659.938719001365826, -358241.918851001188159 ], [ -1711654.339971004519612, -358244.543751000892371 ], [ -1711675.708316999021918, -358423.212865997571498 ], [ -1711766.963278493145481, -358488.802560678683221 ], [ -1711776.371527005452663, -358495.564759001601487 ], [ -1711775.051672436995432, -358509.560101215261966 ], [ -1711741.891201004851609, -358861.183800001628697 ], [ -1711729.969289204105735, -358970.292159100994468 ], [ -1711687.785298001253977, -359356.356586997397244 ], [ -1711694.768164206063375, -359364.114768326748163 ], [ -1711801.909007999114692, -359483.151575000025332 ], [ -1711921.049258000450209, -359552.057621998246759 ], [ -1712161.780405, -359846.70327099878341 ], [ -1712772.549161002039909, -360400.23981499671936 ], [ -1713273.979706001700833, -361018.686366000212729 ], [ -1713598.161035005236045, -361427.844872995745391 ], [ -1713851.189603438135237, -361705.314608737826347 ], [ -1714006.042458998970687, -361875.125397996976972 ], [ -1714053.444984615547583, -361996.974126348737627 ], [ -1714234.920944000361487, -362463.460133001208305 ], [ -1714416.476405003108084, -362752.510561000090092 ], [ -1714687.929828004445881, -363590.941439000423998 ], [ -1714773.022959004854783, -363934.285653996746987 ], [ -1714917.527948, -364613.492816000245512 ], [ -1714959.376996005419642, -364701.446618999820203 ], [ -1714966.288376005133614, -364703.452531996648759 ], [ -1714991.336746003013104, -364714.391111999284476 ], [ -1715015.19692600145936, -364724.025616999249905 ], [ -1715035.938446004875004, -364735.614768999628723 ], [ -1715066.315606005256996, -364737.263578997924924 ], [ -1715093.382686001248658, -364740.608381000347435 ], [ -1715119.683036002097651, -364743.457273997366428 ], [ -1715146.978986003203318, -364744.571912997402251 ], [ -1715160.46531599923037, -364757.039511000271887 ], [ -1715168.445226004812866, -364773.753412995953113 ], [ -1715175.756146005121991, -364790.213223996106535 ], [ -1715182.409896001219749, -364806.455874001607299 ], [ -1715188.415202003438026, -364822.511083996854722 ], [ -1715194.422527004731819, -364840.60151099646464 ], [ -1715198.746677002869546, -364860.865426998119801 ], [ -1715204.147621999494731, -364879.547285997774452 ], [ -1715209.246437999187037, -364898.530412998981774 ], [ -1715212.664348003221676, -364919.697832996491343 ], [ -1715217.16104300529696, -364939.2958889962174 ], [ -1715221.357948003336787, -364959.20888700010255 ], [ -1715223.876197999808937, -364981.321801998186857 ], [ -1715226.095188001170754, -365003.752709999214858 ], [ -1715229.396094004390761, -365024.637632995843887 ], [ -1715231.02060400065966, -365047.742429996374995 ], [ -1715232.348784002475441, -365071.196286998223513 ], [ -1715242.135224003577605, -365088.089924999047071 ], [ -1715270.945442003663629, -365094.263666002079844 ], [ -1715292.800072004552931, -365108.588440996129066 ], [ -1715314.360251999692991, -365123.307619002182037 ], [ -1715320.164762002415955, -365145.495607002172619 ], [ -1715319.733972000423819, -365170.942506000865251 ], [ -1715319.016072004335001, -365196.82403699727729 ], [ -1715318.009972002822906, -365223.163330997340381 ], [ -1715316.715171999065205, -365249.978822000790387 ], [ -1715315.13009199895896, -365277.30932699656114 ], [ -1715313.252462001284584, -365305.19073599902913 ], [ -1715311.079252000665292, -365333.669312998652458 ], [ -1715308.626672002952546, -365362.570313996169716 ], [ -1715305.873071998823434, -365392.18072600197047 ], [ -1715302.811362005304545, -365422.581726999953389 ], [ -1715299.429471999639645, -365453.889528001192957 ], [ -1715295.724571999162436, -365486.141237001866102 ], [ -1715291.661462002666667, -365519.653016001451761 ], [ -1715342.6998450034298, -365560.407119001727551 ], [ -1715339.139235005248338, -365585.805983998812735 ], [ -1715335.284604999236763, -365611.353102997876704 ], [ -1715331.135625005699694, -365637.049574996344745 ], [ -1715326.692194999428466, -365662.896193998865783 ], [ -1715321.954404999269173, -365688.893874000292271 ], [ -1715316.921645004069433, -365715.044020998291671 ], [ -1715311.594015004578978, -365741.347610000055283 ], [ -1715305.971125002717599, -365767.805983998812735 ], [ -1715301.380935004446656, -365788.447280002292246 ], [ -1715345.745735003612936, -365784.478286002296954 ], [ -1715483.405898033641279, -365730.598917895462364 ], [ -1715445.974519674666226, -364707.474576364737004 ], [ -1715291.508632094832137, -364482.211823645979166 ], [ -1715279.263940791366622, -364419.457780724391341 ], [ -1715043.124496132833883, -363209.243126820772886 ], [ -1714746.283985810121521, -362780.473500803112984 ], [ -1714525.331396881258115, -362461.319761254824698 ], [ -1714439.619289115536958, -362337.513383366633207 ], [ -1713869.642149162944406, -361013.154734645504504 ], [ -1712671.337555590551347, -360146.910450138151646 ], [ -1712478.227366332896054, -360007.312722959090024 ], [ -1712193.730166210560128, -359580.566922779195011 ], [ -1711941.778293438488618, -359202.639113620854914 ], [ -1712025.598461073357612, -358297.381303094793111 ], [ -1712025.598461073357612, -358268.960087945219129 ], [ -1712025.598461073357612, -357613.497808210551739 ], [ -1712016.9157109989319, -357626.772861001081765 ], [ -1712003.77205100026913, -357657.217802997678518 ], [ -1711998.208291002549231, -357696.624967995565385 ], [ -1711984.946361002046615, -357794.657800999004394 ], [ -1711980.737221005139872, -357821.850854001473635 ], [ -1711976.518620999064296, -357846.127037000842392 ], [ -1711971.478791, -357872.417563000228256 ], [ -1711959.395579003961757, -357902.30236399685964 ], [ -1711945.567913003498688, -357931.704213999677449 ], [ -1711930.368745004059747, -357960.309674000367522 ], [ -1711920.677355000982061, -357977.160825000610203 ], [ -1711912.148115003947169, -357992.474786998704076 ], [ -1711903.428694999311119, -358007.402029996737838 ], [ -1711894.513155000517145, -358021.960073001217097 ], [ -1711885.394565001130104, -358036.167344998102635 ], [ -1711876.068535003112629, -358050.03367599658668 ], [ -1711865.607694999780506, -358064.162944998126477 ], [ -1711865.563150912057608, -358064.226973329670727 ] ] ] } },
{ "type": "Feature", "properties": { "ID": 3176, "YEAR": "2019-2020", "Perimtr_KM": 14.0311142094, "AREA_KM": 4.8895685017500004, "SCALE": 1, "THICKNES_M": 167.992318369, "VOLUME_KM": 0.82140994843000004, "MASS_GT": 0.75323292270999997, "RECURRANCE": "1-2", "UA_KM": 0.07015557105, "UH_M": 13.9433623559, "UC_KM": 0.06284953614, "REGION": "West", "ICESHELF": "Fox" }, "geometry": { "type": "Polygon", "coordinates": [ [ [ -1804247.076763189863414, 149644.212819362990558 ], [ -1804231.605876524932683, 149624.154974796343595 ], [ -1804150.159345489693806, 149518.56038960069418 ], [ -1804099.960700004827231, 149453.47836486576125 ], [ -1803930.65968443104066, 149233.981349030975252 ], [ -1804330.716571328695863, 148736.349611665587872 ], [ -1804365.558119671419263, 148634.313648665789515 ], [ -1804541.093147011473775, 148120.246782899368554 ], [ -1804565.41304072807543, 148049.024237013421953 ], [ -1804644.437549121445045, 147977.647261688485742 ], [ -1804647.003072523511946, 147975.330014748498797 ], [ -1804808.619664205471054, 147829.353738384786993 ], [ -1805085.098080096999183, 147579.631298228166997 ], [ -1805189.59829999669455, 147572.889348562341183 ], [ -1805604.783119465922937, 147546.10323118371889 ], [ -1805753.686174090020359, 147332.675519554875791 ], [ -1805875.013588232686743, 147158.772892619483173 ], [ -1805920.173502192366868, 147094.043682611081749 ], [ -1806044.652099999133497, 146915.624359086621553 ], [ -1806107.704125309130177, 146825.249789473600686 ], [ -1806610.625131145585328, 146925.833990640938282 ], [ -1807197.366304630646482, 146272.036683046724647 ], [ -1807803.287700002081692, 146186.350829154253006 ], [ -1808164.630220633698627, 146135.251886845100671 ], [ -1808087.35732600139454, 146257.243291000835598 ], [ -1807803.287700002081692, 146321.494349161162972 ], [ -1807599.905855000484735, 146367.495391002856195 ], [ -1807354.349078003549948, 146560.228537999559194 ], [ -1807150.489004999399185, 146723.08699600212276 ], [ -1806721.510030001867563, 147285.849599999375641 ], [ -1806643.955900002736598, 147387.590166999492794 ], [ -1806591.841810001060367, 147684.397353003267199 ], [ -1806596.749440809711814, 147686.109496708028018 ], [ -1806850.716160999843851, 147774.711825998965651 ], [ -1806921.034583004657179, 148126.510756999719888 ], [ -1806733.627136999275535, 148209.848021000158042 ], [ -1806342.862573998980224, 148318.832490002736449 ], [ -1805773.391420000232756, 148551.534284003544599 ], [ -1805400.703734000446275, 149070.270294002722949 ], [ -1805280.592438002116978, 149868.67672900063917 ], [ -1805102.701215001987293, 150431.76236299937591 ], [ -1804992.358490999089554, 150610.462872000876814 ], [ -1804247.076763189863414, 149644.212819362990558 ] ] ] } },
{ "type": "Feature", "properties": { "ID": 3179, "YEAR": "2019-2020", "Perimtr_KM": 51.3544161461, "AREA_KM": 86.7539985258, "SCALE": 2, "THICKNES_M": 83.952975486300005, "VOLUME_KM": 7.2832563115699998, "MASS_GT": 6.6787460377099999, "RECURRANCE": "2-3", "UA_KM": 0.25677208073000002, "UH_M": 6.968096931, "UC_KM": 0.5572726282, "REGION": "West", "ICESHELF": "Ferrigno" }, "geometry": { "type": "Polygon", "coordinates": [ [ [ -1780061.248663344886154, 209222.772409628145397 ], [ -1779923.892846000846475, 209233.376352998428047 ], [ -1779921.070436001522467, 209228.919665000867099 ], [ -1779853.655018999706954, 209118.153007003944367 ], [ -1779472.034558003069833, 208593.704030004329979 ], [ -1779024.262634488288313, 207958.83903724886477 ], [ -1779019.136816004989669, 207951.571492000017315 ], [ -1778518.890809889882803, 207274.612355853896588 ], [ -1778127.190756594296545, 206744.543296903371811 ], [ -1776326.477365897735581, 204307.723479244392365 ], [ -1775738.25311332126148, 203511.707565041724592 ], [ -1775307.92105221003294, 202929.359646652359515 ], [ -1775205.167602538596839, 202790.308288573753089 ], [ -1775802.716600003186613, 202431.264303077943623 ], [ -1776062.994544277898967, 202274.873394805006683 ], [ -1776680.80499267228879, 201903.65509033575654 ], [ -1776689.632795705925673, 201875.230704299174249 ], [ -1776951.359497072407976, 201032.504516603890806 ], [ -1778512.043682074407116, 200494.379448020365089 ], [ -1778520.001643458148465, 200491.635499021504074 ], [ -1778509.969142269110307, 200441.561611574608833 ], [ -1778411.609497070079669, 199950.632690430618823 ], [ -1776951.492980957496911, 200058.905883783474565 ], [ -1776183.720047024078667, 199598.012646917719394 ], [ -1777183.946611119667068, 198726.02025769231841 ], [ -1778321.657219872809947, 198540.811553942970932 ], [ -1779618.118146131979302, 198831.853802692145109 ], [ -1779914.247995744692162, 198945.749898699577898 ], [ -1779962.077167380833998, 198964.145733941812068 ], [ -1780782.28714113496244, 198434.978008936624974 ], [ -1781498.793780749896541, 198532.683459797874093 ], [ -1782385.252043473301455, 198653.564131988678128 ], [ -1782930.238416695035994, 198727.880455607548356 ], [ -1783110.625131140928715, 198752.478643942158669 ], [ -1782914.074868513504043, 199004.062980107963085 ], [ -1782874.385300941532478, 199054.865626599173993 ], [ -1782449.165474893059582, 199599.147003932856023 ], [ -1782482.211192257702351, 199691.675012580119073 ], [ -1782581.45740614249371, 199969.564411438070238 ], [ -1783295.833834897028282, 199996.022797688376158 ], [ -1783511.611509886104614, 199789.23585915286094 ], [ -1783599.269634551368654, 199705.230156353209168 ], [ -1783747.247899781912565, 199563.417652174364775 ], [ -1783930.835104901576415, 199387.479913940187544 ], [ -1784539.37798864976503, 198990.604120191652328 ], [ -1785280.212803653907031, 199308.104755190666765 ], [ -1784828.062005148036405, 199801.360171749722213 ], [ -1784698.128306156024337, 199943.106025188229978 ], [ -1784777.503464905777946, 200075.397956437896937 ], [ -1786126.881163657875732, 200048.939570188056678 ], [ -1786258.385948932264, 199934.403144305106252 ], [ -1786280.664608047576621, 199914.999150886200368 ], [ -1786947.091137412004173, 199334.563141440507025 ], [ -1787370.425317410612479, 198726.02025769231841 ], [ -1787899.593042415566742, 199122.896051440853626 ], [ -1788137.71851866482757, 199202.271210190840065 ], [ -1788598.745349277509376, 199381.99353399220854 ], [ -1788599.150905004236847, 199390.602538003120571 ], [ -1788595.964565004222095, 199399.785948998294771 ], [ -1788593.954670001287013, 199412.681805001571774 ], [ -1788599.352340004174039, 199433.430043002590537 ], [ -1788602.020595000591129, 199457.506955998018384 ], [ -1788601.449674998875707, 199465.704526002053171 ], [ -1788602.002455000765622, 199478.530801998917013 ], [ -1788603.415955004049465, 199492.120636002160609 ], [ -1788605.593060999177396, 199521.046798004303128 ], [ -1788606.669051000615582, 199530.636215002741665 ], [ -1788611.26374600129202, 199555.218527998309582 ], [ -1788623.459295999025926, 199575.568784000352025 ], [ -1788634.469951004255563, 199598.432099004276097 ], [ -1788630.719881003955379, 199612.940344001632184 ], [ -1788633.798861001618207, 199624.378149002790451 ], [ -1788632.096956003922969, 199636.803972003981471 ], [ -1788641.998387999366969, 199667.871526003349572 ], [ -1788653.065553001826629, 199694.872166003100574 ], [ -1788657.458924000151455, 199741.192267002537847 ], [ -1788661.176504004281014, 199753.578975001350045 ], [ -1788655.794794005341828, 199753.194942000322044 ], [ -1788659.57799400226213, 199760.57219999935478 ], [ -1788660.928505999036133, 199788.967698999214917 ], [ -1788659.705236002570018, 199793.138939002528787 ], [ -1788658.684526002965868, 199792.4482760024257 ], [ -1788660.739895999897271, 199794.661522000096738 ], [ -1788659.705236002570018, 199793.138939002528787 ], [ -1788668.124988000374287, 199802.687549999449402 ], [ -1788671.349658005172387, 199806.164539002347738 ], [ -1788678.188158005475998, 199812.992115003522485 ], [ -1788683.534946003928781, 199821.414018997456878 ], [ -1788681.508346005342901, 199819.768398001790047 ], [ -1788679.994869003770873, 199819.038134002126753 ], [ -1788683.534946003928781, 199821.414018997456878 ], [ -1788684.580419002566487, 199822.57398100104183 ], [ -1788682.351349005009979, 199817.883551003411412 ], [ -1788691.555029003648087, 199824.508367997594178 ], [ -1788697.968043001135811, 199854.604268998838961 ], [ -1788704.095542998984456, 199856.886311998590827 ], [ -1788696.269863001536578, 199838.733670003712177 ], [ -1788710.581415003398433, 199837.839172998908907 ], [ -1788721.580435003852472, 199839.487000003457069 ], [ -1788725.680288004223257, 199834.158889000304043 ], [ -1788742.938078001374379, 199845.110108001157641 ], [ -1788754.598751002224162, 199821.960955997463316 ], [ -1788765.75699700275436, 199813.092683002818376 ], [ -1788780.517313003307208, 199821.598355003166944 ], [ -1788785.196198001271114, 199812.691020998638123 ], [ -1788782.574690999463201, 199805.017457997892052 ], [ -1788785.347571000223979, 199805.372049001045525 ], [ -1788795.763263003434986, 199818.238037001341581 ], [ -1788801.766049506608397, 199829.840161822736263 ], [ -1788801.096717004897073, 199829.373646999709308 ], [ -1788803.606007002526894, 199833.396412998903543 ], [ -1788801.766049506608397, 199829.840161822736263 ], [ -1788809.439796999795362, 199835.188650003634393 ], [ -1788806.324637000449002, 199829.654409002512693 ], [ -1788808.210927003063262, 199831.655768997967243 ], [ -1788818.210427002282813, 199843.607736001722515 ], [ -1788820.771297003608197, 199843.717908000573516 ], [ -1788826.852733999490738, 199858.089156001806259 ], [ -1788824.117204003501683, 199863.062626002822071 ], [ -1788823.887234000489116, 199866.332526999525726 ], [ -1788820.561404001200572, 199878.815117999911308 ], [ -1788823.572814005427063, 199885.929313998203725 ], [ -1788827.503604004625231, 199899.236387999262661 ], [ -1788829.044302002293989, 199909.693117999006063 ], [ -1788830.529902000678703, 199920.975390998180956 ], [ -1788841.714662005193532, 199958.22536499844864 ], [ -1788850.321912004845217, 199972.007028002291918 ], [ -1788850.722472004825249, 199984.583556002471596 ], [ -1788849.770082003902644, 199992.461974000558257 ], [ -1788848.023790003499016, 200003.810489000286907 ], [ -1788846.289600005373359, 200012.322878998238593 ], [ -1788848.62967000505887, 200043.389693999197334 ], [ -1788849.441328005166724, 200062.902821002993733 ], [ -1788846.397198002785444, 200082.379510003142059 ], [ -1788849.081075003370643, 200103.562597003765404 ], [ -1788845.896195000503212, 200112.986181002575904 ], [ -1788844.580105000874028, 200133.799460001289845 ], [ -1788846.367923001525924, 200164.643574999179691 ], [ -1788846.875755998771638, 200187.602827002760023 ], [ -1788845.611193235265091, 200197.922729996033013 ], [ -1788844.44391400157474, 200207.448717004153877 ], [ -1788846.631785999052227, 200237.728270998224616 ], [ -1788845.070374000119045, 200253.814335003029555 ], [ -1788847.545286999782547, 200285.028947001788765 ], [ -1788845.614244002150372, 200309.899069004226476 ], [ -1788845.48429700336419, 200324.12533500418067 ], [ -1788842.66508699930273, 200328.51876800134778 ], [ -1788839.615947005106136, 200332.805145003367215 ], [ -1788836.335377003764734, 200336.987152002286166 ], [ -1788832.999207000248134, 200344.935075001325458 ], [ -1788833.322644, 200360.082656004000455 ], [ -1788829.337354002753273, 200363.962660003453493 ], [ -1788824.07252600020729, 200370.290866002906114 ], [ -1788828.817476002266631, 200381.035703003406525 ], [ -1788824.110686001833528, 200384.631711998954415 ], [ -1788824.241246001794934, 200412.866576000116765 ], [ -1788829.097428001230583, 200432.11998100252822 ], [ -1788828.296648001065478, 200441.460556999780238 ], [ -1788828.658768005203456, 200457.914169998839498 ], [ -1788822.154019002569839, 200485.345345998648554 ], [ -1788810.855739000253379, 200490.198373002000153 ], [ -1788808.936088998802006, 200510.726538999937475 ], [ -1788814.138961001066491, 200563.496060000732541 ], [ -1788803.865772003075108, 200578.516909999307245 ], [ -1788795.737162004457787, 200586.32730699935928 ], [ -1788784.985789002850652, 200593.77850000327453 ], [ -1788774.311412004055455, 200703.836814003996551 ], [ -1788766.845073999837041, 200738.391831000801176 ], [ -1788764.286634002812207, 200761.617835003416985 ], [ -1788755.571334001375362, 200771.463322003837675 ], [ -1788746.312561003491282, 200788.758424999658018 ], [ -1788736.364699, 200799.665215998422354 ], [ -1788724.622099002823234, 200808.880196002312005 ], [ -1788720.082009004661813, 200826.617286000400782 ], [ -1788723.826184004312381, 200835.552002997603267 ], [ -1788718.997084003873169, 200838.773011003620923 ], [ -1788722.926184003707021, 200848.843619998078793 ], [ -1788717.225293999072164, 200854.670160001609474 ], [ -1788717.770484001142904, 200861.384707001969218 ], [ -1788714.615974004147574, 200871.587762997951359 ], [ -1788712.327850000699982, 200897.763683001510799 ], [ -1788716.134729998884723, 200910.726994000840932 ], [ -1788713.111720002721995, 200914.571232003625482 ], [ -1788710.336150003131479, 200918.515629000961781 ], [ -1788712.634250004775822, 200933.523808002471924 ], [ -1788710.349020002875477, 200937.675601999275386 ], [ -1788708.046545002842322, 200957.753801002632827 ], [ -1788706.247165002860129, 200962.121415001805872 ], [ -1788709.458655000897124, 200981.783047002274543 ], [ -1788706.794594999402761, 200990.985257004387677 ], [ -1788706.204571004258469, 201005.782634002156556 ], [ -1788705.869000003440306, 201028.861603997647762 ], [ -1788707.651941002579406, 201042.669883003458381 ], [ -1788704.163497005123645, 201060.272994997445494 ], [ -1788703.006257999688387, 201096.686947003472596 ], [ -1788700.751703004119918, 201110.393269997555763 ], [ -1788698.981552999699488, 201116.484700998291373 ], [ -1788691.702920999610797, 201132.623612001072615 ], [ -1788689.764731, 201150.072439001873136 ], [ -1788693.040846004616469, 201181.778105004224926 ], [ -1788692.054224002407864, 201194.92909200116992 ], [ -1788691.210294001502916, 201211.844717004336417 ], [ -1788689.611639002338052, 201233.019622004125267 ], [ -1788689.657797002466395, 201245.157974998466671 ], [ -1788698.026087000733241, 201248.264175998978317 ], [ -1788700.046776998788118, 201254.803970999550074 ], [ -1788701.030077001545578, 201263.808672001585364 ], [ -1788702.075533000519499, 201282.185598001349717 ], [ -1788703.43891300400719, 201294.658347000367939 ], [ -1788704.101393000688404, 201308.926196999382228 ], [ -1788708.043713000137359, 201315.736010999884456 ], [ -1788704.188613003818318, 201313.576404004357755 ], [ -1788707.209253001026809, 201322.98945600213483 ], [ -1788712.350113003980368, 201339.744920004159212 ], [ -1788710.415913003496826, 201342.748338003177196 ], [ -1788716.67031100182794, 201355.222651003859937 ], [ -1788713.779031001962721, 201384.232950997538865 ], [ -1788712.182911005103961, 201394.32295300019905 ], [ -1788711.443521003471687, 201396.494273998774588 ], [ -1788716.325559, 201407.298033001367003 ], [ -1788716.931269004940987, 201404.882444002199918 ], [ -1788718.60154100228101, 201409.932442002464086 ], [ -1788723.664220999227837, 201418.35602600267157 ], [ -1788735.568131001433358, 201451.533325999043882 ], [ -1788738.530089005362242, 201472.589008003007621 ], [ -1788741.015101000666618, 201480.821841000579298 ], [ -1788740.915288998978212, 201485.953020999208093 ], [ -1788733.403079002629966, 201487.45704999845475 ], [ -1788732.603549003833905, 201506.9590909993276 ], [ -1788731.860314, 201536.611608 ], [ -1788736.634844003943726, 201549.944250003900379 ], [ -1788737.519241999834776, 201570.230272998102009 ], [ -1788735.093791, 201585.439274998847395 ], [ -1788727.788347002351657, 201627.977821001317352 ], [ -1788728.267987003084272, 201668.042044999077916 ], [ -1788713.996802004985511, 201744.458037000149488 ], [ -1788710.416722000343725, 201761.240368998143822 ], [ -1788707.026752004865557, 201808.305463999509811 ], [ -1788709.137552000815049, 201836.564485998824239 ], [ -1788713.50852199876681, 201849.907076001632959 ], [ -1788708.40060200332664, 201869.254520002286881 ], [ -1788706.458052005153149, 201890.462007002905011 ], [ -1788699.604722004849464, 201897.223786001093686 ], [ -1788700.50809200364165, 201917.910981003195047 ], [ -1788702.742962004151195, 201930.492782003711909 ], [ -1788704.955722004873678, 201943.317810998763889 ], [ -1788707.679022001568228, 201955.562308000400662 ], [ -1788703.218188000842929, 201987.048878000117838 ], [ -1788706.32042800122872, 202000.099476000759751 ], [ -1788692.413891002768651, 202038.629887001123279 ], [ -1788685.032741002505645, 202056.686907003168017 ], [ -1788697.878504005260766, 202074.94126000162214 ], [ -1788704.950684, 202074.614244000986218 ], [ -1788700.574637004639953, 202122.269060003571212 ], [ -1788704.405937002506107, 202137.358659998513758 ], [ -1788701.777520000236109, 202158.439092001877725 ], [ -1788708.914180004503578, 202172.264139001723379 ], [ -1788704.057670005131513, 202186.736489998642355 ], [ -1788696.678213004022837, 202217.517878998070955 ], [ -1788711.231323000974953, 202241.358712001238018 ], [ -1788725.190913000376895, 202242.64435700327158 ], [ -1788729.093409005086869, 202298.377423002850264 ], [ -1788746.58906900533475, 202307.225042001809925 ], [ -1788744.649092001607642, 202315.8240050021559 ], [ -1788745.264932001708075, 202352.931021999567747 ], [ -1788753.772965000942349, 202369.905351002234966 ], [ -1788754.595225, 202374.996965000871569 ], [ -1788755.332734999712557, 202381.379639998544008 ], [ -1788756.558025002246723, 202391.191861998289824 ], [ -1788753.398620004300028, 202433.762444999534637 ], [ -1788755.418960002716631, 202443.81433599954471 ], [ -1788761.336133000440896, 202462.724084997549653 ], [ -1788758.575273003196344, 202470.408486998640001 ], [ -1788759.021949003916234, 202491.732319000177085 ], [ -1788757.625519002322108, 202533.663075000047684 ], [ -1788746.621472003404051, 202564.549600999802351 ], [ -1788744.704692004015669, 202608.090337003115565 ], [ -1788245.238517981022596, 202459.457152476999909 ], [ -1788063.43788700317964, 202405.356178004294634 ], [ -1787171.599546560319141, 202904.274240432307124 ], [ -1787018.628554134164006, 202989.850277801975608 ], [ -1786992.966562002198771, 203004.206278002355248 ], [ -1786635.464819002430886, 203507.674425997771323 ], [ -1786637.425967637449503, 203521.259077645372599 ], [ -1786668.867111621890217, 203739.0482755494304 ], [ -1786764.967181044630706, 204404.722433207556605 ], [ -1786768.910901579773054, 204432.040132971014827 ], [ -1786772.774925004225224, 204458.805780003312975 ], [ -1786551.797793003497645, 204542.324777002446353 ], [ -1785564.478615999687463, 204873.718708001077175 ], [ -1785012.564457354834303, 205420.98981010587886 ], [ -1784912.661548, 205520.052271999884397 ], [ -1784381.600153001956642, 205998.718084002379328 ], [ -1783496.772974003106356, 206591.106964997481555 ], [ -1783477.636571001494303, 207128.673136997967958 ], [ -1783005.312506004469469, 207429.315381003078073 ], [ -1782568.619887003675103, 207369.595483997836709 ], [ -1782153.331388000398874, 207075.889339999295771 ], [ -1781926.18771992996335, 207173.841612692456692 ], [ -1781777.133580001536757, 207238.118956997524947 ], [ -1781700.087544001173228, 207534.475207999814302 ], [ -1781794.511930449865758, 207667.433092609979212 ], [ -1782081.585619999328628, 208071.658229001332074 ], [ -1782052.533608002122492, 208771.089592003263533 ], [ -1782002.88861200469546, 208709.613885003142059 ], [ -1781782.53142600087449, 208531.032983003184199 ], [ -1781662.737128998851404, 208835.071051998529583 ], [ -1781113.830556001514196, 208793.315044998656958 ], [ -1780565.023148998850957, 209676.681210001930594 ], [ -1780239.370615998981521, 209368.308188999537379 ], [ -1780180.320182002615184, 209213.580024002119899 ], [ -1780061.248663344886154, 209222.772409628145397 ] ] ] } },
{ "type": "Feature", "properties": { "ID": 3182, "YEAR": "2019-2020", "Perimtr_KM": 8.8464898275500001, "AREA_KM": 1.6562167736, "SCALE": 1, "THICKNES_M": 241.21730586800001, "VOLUME_KM": 0.39950814806000001, "MASS_GT": 0.36634897176999998, "RECURRANCE": "2-3", "UA_KM": 0.04423244914, "UH_M": 20.021036288299999, "UC_KM": 0.03056805172, "REGION": "West", "ICESHELF": "Ferrigno" }, "geometry": { "type": "Polygon", "coordinates": [ [ [ -1766896.142820942448452, 212752.12717482028529 ], [ -1766734.723506421083584, 212439.28527934383601 ], [ -1766673.123545114416629, 212319.900255849119276 ], [ -1766624.872276052134112, 212226.385929397772998 ], [ -1766567.46970480796881, 212115.135740745812654 ], [ -1766388.477411670843139, 211768.23618644522503 ], [ -1766690.92855958850123, 211296.617447316180915 ], [ -1766976.077129637589678, 210851.978999116457999 ], [ -1767099.994151548948139, 210658.752456477377564 ], [ -1767328.799838059348986, 210353.678207801654935 ], [ -1767476.391416853992268, 210156.889436075463891 ], [ -1767844.136264832923189, 209666.562972105573863 ], [ -1768495.665953469928354, 209145.339221201371402 ], [ -1768529.289151741657406, 209118.440662585198879 ], [ -1768575.786764323245734, 209081.242572514805943 ], [ -1767919.747251002583653, 210117.627648002933711 ], [ -1767449.217361004091799, 210884.869732998777181 ], [ -1767360.761829398339614, 211229.700323658064008 ], [ -1767314.723165999865159, 211409.175131001975387 ], [ -1767075.069167005131021, 211962.42632900364697 ], [ -1767167.032349382061511, 212316.019804566632956 ], [ -1767168.255453001242131, 212320.722572003491223 ], [ -1766974.453832643572241, 212704.900024816393852 ], [ -1766923.69378000148572, 212805.522856002673507 ], [ -1766896.142820942448452, 212752.12717482028529 ] ] ] } },
{ "type": "Feature", "properties": { "ID": 3185, "YEAR": "2019-2020", "Perimtr_KM": 14.0508684562, "AREA_KM": 5.0182975397099998, "SCALE": 1, "THICKNES_M": 153.279173, "VOLUME_KM": 0.76920049676000002, "MASS_GT": 0.70535685552000005, "RECURRANCE": "1-2", "UA_KM": 0.07025434228000001, "UH_M": 12.722171296300001, "UC_KM": 0.05885477101, "REGION": "West", "ICESHELF": "Alison" }, "geometry": { "type": "Polygon", "coordinates": [ [ [ -1751777.581523673143238, 241984.576952077448368 ], [ -1751761.304287470178679, 241854.359062459785491 ], [ -1751757.741717165336013, 241825.858500002417713 ], [ -1751676.782278201775625, 241178.182988292071968 ], [ -1751621.838195235002786, 240738.630324578844011 ], [ -1751568.287911154329777, 240748.286933184135705 ], [ -1751434.400661666644737, 240772.430535552091897 ], [ -1750613.11221944517456, 240920.53173005534336 ], [ -1750596.575728040654212, 240573.265410520136356 ], [ -1750568.699700002092868, 240562.811900005210191 ], [ -1750380.757978422567248, 240492.333754404913634 ], [ -1750360.214864780893549, 240484.630086787976325 ], [ -1750331.991865541553125, 240474.046462072990835 ], [ -1750361.303113454952836, 239902.477127722930163 ], [ -1750370.697961631463841, 239719.277588359080255 ], [ -1750398.137831166386604, 239184.200132372789085 ], [ -1750568.997255372582003, 238820.195272105745971 ], [ -1750763.427987381350249, 238405.97327783703804 ], [ -1750778.477133510401472, 238373.912053477484733 ], [ -1750784.437013803748414, 238353.648460476659238 ], [ -1750883.121320868143812, 238018.121816454920918 ], [ -1750994.78226978587918, 238005.045959165785462 ], [ -1751002.23359446041286, 238004.173385014291853 ], [ -1751005.298931521829218, 238003.814424156211317 ], [ -1751220.128665772033855, 237978.657169323414564 ], [ -1751349.264954701066017, 237963.534893356263638 ], [ -1751402.26988781709224, 237957.327844714280218 ], [ -1751409.354524724883959, 237956.49821088090539 ], [ -1751454.203036443330348, 237951.246305495966226 ], [ -1751504.342188999289647, 237945.374849003739655 ], [ -1751422.290536341490224, 238223.993480461183935 ], [ -1751346.378439725376666, 238481.76433316199109 ], [ -1751324.702301000477746, 238555.368896998465061 ], [ -1751224.024426820455119, 238770.619099102914333 ], [ -1751215.837051361100748, 238788.123781611211598 ], [ -1751159.169797005364671, 238909.278882002923638 ], [ -1751218.964199997251853, 238963.070560408756137 ], [ -1751301.862221687333658, 239037.646498963236809 ], [ -1751302.416166454320773, 239038.144833544269204 ], [ -1751388.70659518474713, 239115.772617411334068 ], [ -1751562.861040005460382, 239272.443801003042608 ], [ -1751752.907749, 239768.333124002441764 ], [ -1751762.306299998192117, 239786.003870553337038 ], [ -1751834.755770825780928, 239922.22021253220737 ], [ -1751876.132725001079962, 240000.01536100031808 ], [ -1751999.37364431261085, 240011.145891729276627 ], [ -1752246.530571998795494, 240033.467923997435719 ], [ -1752437.602213000878692, 240490.097865004092455 ], [ -1752409.827584808925167, 240984.453099998645484 ], [ -1752400.831056005088612, 241144.58057599933818 ], [ -1752480.615015999879688, 241184.995902004186064 ], [ -1752550.412925962591544, 241043.846400001551956 ], [ -1752906.991497004404664, 240322.751917999703437 ], [ -1753050.93139, 240444.671210004016757 ], [ -1753070.081837004516274, 240996.475625002291054 ], [ -1752952.203710646834224, 241281.419699998572469 ], [ -1752723.368981695035473, 241834.576610319782048 ], [ -1752149.421900000190362, 242146.978186426218599 ], [ -1752008.89025959558785, 242223.470091962721199 ], [ -1751820.276092109270394, 242326.133499580435455 ], [ -1751777.581523673143238, 241984.576952077448368 ] ] ] } },
{ "type": "Feature", "properties": { "ID": 3188, "YEAR": "2019-2020", "Perimtr_KM": 46.512521164200002, "AREA_KM": 20.3623408616, "SCALE": 2, "THICKNES_M": 124.303563353, "VOLUME_KM": 2.5311115273100002, "MASS_GT": 2.32102927054, "RECURRANCE": "3-4", "UA_KM": 0.23256260582, "UH_M": 10.3171957074, "UC_KM": 0.19366600772000001, "REGION": "Peninsula", "ICESHELF": "Mendelssohn" }, "geometry": { "type": "Polygon", "coordinates": [ [ [ -1969604.863279299810529, 602389.678824089933187 ], [ -1968604.617123676463962, 602111.259791092481464 ], [ -1968481.685375903733075, 602077.041675735730678 ], [ -1966922.630257790442556, 601255.604032858274877 ], [ -1966101.192614912986755, 600484.458490557502955 ], [ -1964843.890100307995453, 599428.324378293938935 ], [ -1963553.059518652036786, 598657.17883600667119 ], [ -1962832.206076941685751, 597751.921025487594306 ], [ -1961709.015830562449992, 596863.427248494233936 ], [ -1961771.829562211176381, 596392.324261110275984 ], [ -1961843.128098787739873, 595857.585236820857972 ], [ -1960853.779297942761332, 595223.783661272376776 ], [ -1960770.229952991940081, 595170.259862162172794 ], [ -1959881.736176005098969, 593996.777515205554664 ], [ -1959395.579203687142581, 592873.587268806062639 ], [ -1959292.239305552328005, 591955.010396505706012 ], [ -1959635.812988283112645, 591376.859313966240734 ], [ -1959917.967285158112645, 590556.060485839378089 ], [ -1959926.661201002076268, 590211.530322001315653 ], [ -1959954.20111083984375, 589857.629516596440226 ], [ -1960806.333099996205419, 588473.048029839992523 ], [ -1960934.602478024316952, 588264.630310056731105 ], [ -1961534.990112303057685, 586966.029724125284702 ], [ -1962074.499389650765806, 586512.657287595793605 ], [ -1962429.211120608262718, 586365.348083497956395 ], [ -1962592.556179080158472, 586396.878449355717748 ], [ -1962849.984018001705408, 586446.569539000745863 ], [ -1962957.194811004213989, 586453.511560000944883 ], [ -1962957.103740999242291, 586453.560388000216335 ], [ -1962940.766181, 586463.083619004115462 ], [ -1962924.26865100255236, 586473.001257998403162 ], [ -1962907.552800999721512, 586483.346875998657197 ], [ -1962890.566561004612595, 586494.152759997639805 ], [ -1962870.344344, 586507.253890003543347 ], [ -1962842.163749001454562, 586526.266885000281036 ], [ -1962809.104787005111575, 586549.137564001604915 ], [ -1962777.111123999580741, 586571.686833002604544 ], [ -1962728.013414001790807, 586609.210819001775235 ], [ -1962702.692734003765509, 586628.076237002853304 ], [ -1962689.952804000815377, 586637.267643003258854 ], [ -1962677.898724002297968, 586645.722233003471047 ], [ -1962666.377734003588557, 586655.130009001586586 ], [ -1962655.235644002910703, 586664.013432003092021 ], [ -1962643.598924004472792, 586672.913638998754323 ], [ -1962636.667561002075672, 586680.384198004379869 ], [ -1962634.383777004200965, 586686.460079999174923 ], [ -1962630.049053, 586692.566094997804612 ], [ -1962625.837330001872033, 586698.258901999332011 ], [ -1962621.731739004142582, 586703.546741003636271 ], [ -1962617.708179000765085, 586708.440963000524789 ], [ -1962611.528108999365941, 586713.417502999305725 ], [ -1962606.237458998803049, 586718.746722999494523 ], [ -1962597.927809001412243, 586723.459043001756072 ], [ -1962590.928879005368799, 586727.437659000512213 ], [ -1962580.561279003042728, 586732.466998998075724 ], [ -1962571.877929002512246, 586736.734255000017583 ], [ -1962556.972759004682302, 586742.075670000631362 ], [ -1962507.047598998993635, 586758.258546001277864 ], [ -1962487.778199000284076, 586765.39295199746266 ], [ -1962476.992499999236315, 586769.407843621913344 ], [ -1962471.058109003119171, 586771.616873999126256 ], [ -1962454.895589004270732, 586777.948706998024136 ], [ -1962437.420059003634378, 586786.314010003581643 ], [ -1962430.301029002992436, 586790.026008000597358 ], [ -1962424.24712900351733, 586792.63941099960357 ], [ -1962417.69504800485447, 586796.594267998822033 ], [ -1962411.398196004796773, 586800.681510000955313 ], [ -1962405.339695005211979, 586804.90791200241074 ], [ -1962399.506663999054581, 586809.279761002399027 ], [ -1962388.729492999147624, 586817.210753004066646 ], [ -1962377.242391001898795, 586826.736433997750282 ], [ -1962368.047350001754239, 586835.377082002349198 ], [ -1962357.558239003410563, 586844.380278001539409 ], [ -1962348.678848000243306, 586853.662527998443693 ], [ -1962339.248306002467871, 586864.442968998569995 ], [ -1962330.83208499988541, 586874.269225001335144 ], [ -1962319.169965001754463, 586883.203185000922531 ], [ -1962307.798524998826906, 586893.509215001482517 ], [ -1962296.768494998803362, 586904.002806002739817 ], [ -1962286.128885003738105, 586914.072629999835044 ], [ -1962275.859615, 586924.874632004182786 ], [ -1962266.028615, 586935.20861699944362 ], [ -1962256.631534998770803, 586945.64562799828127 ], [ -1962247.664165001362562, 586956.755797004327178 ], [ -1962239.186195001006126, 586967.344176002312452 ], [ -1962234.339275000616908, 586974.127623002510518 ], [ -1962229.716475002001971, 586980.690611000638455 ], [ -1962225.263895000796765, 586988.224608003161848 ], [ -1962220.991495002992451, 586996.159606003668159 ], [ -1962216.913375003263354, 587003.919188004452735 ], [ -1962212.962875002529472, 587012.721983002964407 ], [ -1962209.165265003684908, 587021.429808002430946 ], [ -1962205.44987500179559, 587031.281188003253192 ], [ -1962199.658365003066137, 587048.035581999924034 ], [ -1962193.804495005402714, 587067.109618003014475 ], [ -1962188.633285002782941, 587085.068419004324824 ], [ -1962178.593416, 587129.267548000440001 ], [ -1962185.255250999238342, 587151.068616004195064 ], [ -1962189.33951400173828, 587161.851704997941852 ], [ -1962191.599325004499406, 587171.298883999232203 ], [ -1962193.797465000767261, 587180.726104997564107 ], [ -1962194.087195002008229, 587189.049717999529094 ], [ -1962196.040475003188476, 587197.651743998285383 ], [ -1962197.895905003184453, 587205.222703000064939 ], [ -1962197.731855000369251, 587212.98833099892363 ], [ -1962199.300115000922233, 587219.76870100107044 ], [ -1962198.820355002302676, 587226.793336004018784 ], [ -1962198.168595002032816, 587233.469763001427054 ], [ -1962197.357555002905428, 587239.221842997707427 ], [ -1962192.474194999551401, 587245.298943001311272 ], [ -1962189.654345002025366, 587250.07366800121963 ], [ -1962184.611394999083132, 587255.35577900102362 ], [ -1962180.239725002087653, 587259.939580001868308 ], [ -1962174.480275001842529, 587265.064159000758082 ], [ -1962170.229055002098903, 587269.521984002552927 ], [ -1962163.689985000295565, 587274.540911003947258 ], [ -1962156.715374999213964, 587279.540125004481524 ], [ -1962149.25778500479646, 587284.549896997865289 ], [ -1962137.131804999895394, 587292.313025000505149 ], [ -1962122.038715002126992, 587301.116994002368301 ], [ -1962107.32844500313513, 587309.307313999626786 ], [ -1962073.434315002057701, 587327.82693300023675 ], [ -1962057.634944999590516, 587336.575108003802598 ], [ -1962042.382064999546856, 587345.763659001793712 ], [ -1962029.134015005314723, 587354.632019001059234 ], [ -1962016.992095002904534, 587362.629584002774209 ], [ -1962010.890715003479272, 587366.96229400113225 ], [ -1962006.108914999756962, 587370.717299001757056 ], [ -1962000.584915005136281, 587375.133870004210621 ], [ -1961995.335225002840161, 587379.604457001201808 ], [ -1961991.373735004570335, 587383.524073999375105 ], [ -1961986.648758005350828, 587388.124787998385727 ], [ -1961981.766558005241677, 587393.877594999969006 ], [ -1961976.108650004724041, 587400.478554003406316 ], [ -1961955.574715003604069, 587433.050101003143936 ], [ -1961792.144778004381806, 587709.120039003435522 ], [ -1961710.602494999300689, 588065.389661998488009 ], [ -1961726.481764999218285, 588332.236345002893358 ], [ -1961722.737885000184178, 588339.32734900387004 ], [ -1961712.924424998927861, 588353.923992000520229 ], [ -1961700.865255003329366, 588368.784638998564333 ], [ -1961690.420095002744347, 588383.37731500249356 ], [ -1961679.653145002899691, 588397.977987997699529 ], [ -1961668.558495002798736, 588412.596300003584474 ], [ -1961655.198315002489835, 588427.510900003835559 ], [ -1961643.429964999202639, 588442.192993999458849 ], [ -1961629.394795001717284, 588457.174184999894351 ], [ -1961616.936255001928657, 588471.946244003251195 ], [ -1961601.261945004109293, 588476.942734998650849 ], [ -1961586.836482998915017, 588478.386359999421984 ], [ -1961572.543003004975617, 588484.230932998470962 ], [ -1961561.154193, 588491.338335000909865 ], [ -1961549.34099300368689, 588498.595517001114786 ], [ -1961535.607812999282032, 588506.76797299971804 ], [ -1961511.680941002909094, 588520.84895699750632 ], [ -1961487.353350002784282, 588536.229423997458071 ], [ -1961453.672098003793508, 588568.132569999899715 ], [ -1961414.272506999317557, 588603.13494100375101 ], [ -1961382.612107001710683, 588632.577996000181884 ], [ -1961346.450547005282715, 588665.402336000930518 ], [ -1961216.063467001076788, 588782.063755001872778 ], [ -1961164.110107002779841, 588829.158584001474082 ], [ -1961137.546397001016885, 588854.021194002591074 ], [ -1961111.435187002178282, 588878.088800999801606 ], [ -1961087.830347000155598, 588900.651790003292263 ], [ -1961065.303508999291807, 588922.48284500092268 ], [ -1961047.037252001697198, 588930.932595998980105 ], [ -1961033.504809004953131, 588943.296716001350433 ], [ -1961021.895313002634794, 588954.367819004226476 ], [ -1961010.40674100164324, 588965.84710899926722 ], [ -1960992.131308003328741, 588987.921369998715818 ], [ -1960973.528725999873132, 589011.43209300423041 ], [ -1960956.453646001406014, 589034.174890997819602 ], [ -1960938.166966003831476, 589058.797267003916204 ], [ -1960890.440956000704318, 589124.892482002265751 ], [ -1960855.193026002496481, 589174.397303001023829 ], [ -1960823.242956002708524, 589219.890101003460586 ], [ -1960794.998026004759595, 589261.279688999988139 ], [ -1960768.03466600459069, 589301.829289002344012 ], [ -1960742.850906004663557, 589340.81019699992612 ], [ -1960721.983420001808554, 589374.98288500122726 ], [ -1960724.070750998798758, 589376.359927001874894 ], [ -1960720.26684100064449, 589385.926682998426259 ], [ -1960716.857841003220528, 589395.989671000279486 ], [ -1960702.515471004648134, 589422.317007001955062 ], [ -1960688.433711002580822, 589448.783685999456793 ], [ -1960674.612581003457308, 589475.389585001394153 ], [ -1960661.052130999509245, 589502.134890004061162 ], [ -1960647.752181001240388, 589529.019353999756277 ], [ -1960635.575671005062759, 589555.277534999884665 ], [ -1960622.797151002567261, 589582.44062300119549 ], [ -1960610.279178004711866, 589609.743117003235966 ], [ -1960598.884601003024727, 589636.419084001798183 ], [ -1960586.887868004851043, 589664.000203003175557 ], [ -1960583.578499999130145, 589671.816903668921441 ], [ -1960575.15181500161998, 589691.720665999688208 ], [ -1960570.266019150614738, 589704.193880846258253 ], [ -1960564.539039003895596, 589718.814600999467075 ], [ -1960553.324285999173298, 589746.813505998812616 ], [ -1960543.232879005372524, 589774.186066997703165 ], [ -1960543.232879005372524, 589731.227020998485386 ], [ -1960543.232879005372524, 589723.062043001875281 ], [ -1960538.100258832331747, 589736.359641171526164 ], [ -1960529.560236003482714, 589758.485141998156905 ], [ -1960527.889900000533089, 589763.405655384529382 ], [ -1960518.034546, 589792.437779002822936 ], [ -1960507.416402004193515, 589824.823820000048727 ], [ -1960506.700991004239768, 589825.538280998822302 ], [ -1960499.232912001898512, 589843.935094003099948 ], [ -1960486.837522005196661, 589880.293492998927832 ], [ -1960477.674821072490886, 589908.162378926295787 ], [ -1960474.863642004784197, 589916.712743004318327 ], [ -1960472.201200004201382, 589925.885350385680795 ], [ -1960464.588622003793716, 589952.11209600046277 ], [ -1960453.457332004792988, 589988.653539001941681 ], [ -1960444.02484199940227, 590024.174901003949344 ], [ -1960433.736452002078295, 590060.838292999193072 ], [ -1960425.146732001565397, 590096.481542003341019 ], [ -1960416.978452004957944, 590132.185887998435646 ], [ -1960407.954042001161724, 590169.032140002585948 ], [ -1960400.62835199944675, 590204.858312000986189 ], [ -1960393.72412200178951, 590240.745702001731843 ], [ -1960391.307312000542879, 590257.597143002785742 ], [ -1960387.667902002576739, 590263.829930997919291 ], [ -1960389.713922001887113, 590267.061179003212601 ], [ -1960393.998812000267208, 590270.402948 ], [ -1960396.528630003100261, 590276.547819999977946 ], [ -1960395.77875000028871, 590295.920256001874804 ], [ -1960395.34923999896273, 590316.008208001498133 ], [ -1960395.236940003465861, 590336.946806999389082 ], [ -1960395.73102000541985, 590373.334624000359327 ], [ -1960397.087649998720735, 590413.96865700231865 ], [ -1960400.677550004795194, 590452.047026004176587 ], [ -1960407.639530001208186, 590548.367217000573874 ], [ -1960408.861630001571029, 590575.583037002012134 ], [ -1960409.736820003483444, 590600.042631999589503 ], [ -1960410.370359998894855, 590626.641447997651994 ], [ -1960410.588750002905726, 590651.49441400077194 ], [ -1959985.950766002759337, 591337.747148003894836 ], [ -1959731.380415002815425, 592067.11226699873805 ], [ -1959838.866882004076615, 592412.261254999320954 ], [ -1960123.355750291608274, 592837.046002760063857 ], [ -1960178.720121619757265, 592919.71335157752037 ], [ -1960363.750761002535, 593195.991976999677718 ], [ -1960921.972316001309082, 593759.675747002940625 ], [ -1961320.825467465445399, 593952.79311109194532 ], [ -1961347.983956003561616, 593965.942752001341432 ], [ -1961404.036987155908719, 594050.797458296176046 ], [ -1961556.335452003404498, 594281.351296999491751 ], [ -1961555.002602410968393, 594316.834041315596551 ], [ -1961554.751919025555253, 594323.507663330063224 ], [ -1961551.593687003478408, 594407.585222000721842 ], [ -1961905.696537001524121, 594791.971566000021994 ], [ -1961975.058477756101638, 594850.649163940921426 ], [ -1962436.51128700049594, 595241.020916999317706 ], [ -1962492.82894228422083, 595244.880297322291881 ], [ -1962846.748463003663346, 595269.133971003815532 ], [ -1963191.751618, 595501.778821002691984 ], [ -1963479.388200002722442, 595553.659755393397063 ], [ -1963660.476503998506814, 595586.322604998480529 ], [ -1963981.136720005422831, 595564.985907004214823 ], [ -1963988.779637005645782, 595574.793912002351135 ], [ -1964009.336972, 595600.536914000287652 ], [ -1964028.58903700276278, 595626.377278002910316 ], [ -1964047.038949999725446, 595652.283213999122381 ], [ -1964065.893648004624993, 595678.439752001315355 ], [ -1964070.953278003260493, 595686.265924002509564 ], [ -1964076.004827998578548, 595694.546432002447546 ], [ -1964087.153388001956046, 595712.901078999508172 ], [ -1964098.584198004333302, 595733.039244003593922 ], [ -1964120.146548002259806, 595774.016065000090748 ], [ -1964129.516038001514971, 595791.402210001833737 ], [ -1964139.40106800198555, 595809.343334000557661 ], [ -1964148.707918001106009, 595824.858093998394907 ], [ -1964154.628068005433306, 595833.914282999467105 ], [ -1964160.31231899978593, 595842.32644299743697 ], [ -1964166.225039000855759, 595850.272671004291624 ], [ -1964172.264080000808463, 595857.821414002217352 ], [ -1964177.794080001302063, 595864.890186998993158 ], [ -1964184.213790003443137, 595871.658362001180649 ], [ -1964190.250389999244362, 595877.969508998561651 ], [ -1964196.427569999359548, 595883.865932002663612 ], [ -1964209.407601000275463, 595895.186465001665056 ], [ -1964222.863162005320191, 595906.045451000798494 ], [ -1964236.793951999861747, 595916.442581999115646 ], [ -1964251.200493001146242, 595926.377984000835568 ], [ -1964264.777114004828036, 595934.764749999158084 ], [ -1964267.124744004802778, 595938.651885000988841 ], [ -1964281.639915002509952, 595958.611896001268178 ], [ -1964296.094692001584917, 595978.347651002928615 ], [ -1964311.141128002665937, 595997.707892998121679 ], [ -1964326.777148001594469, 596016.756378997582942 ], [ -1964342.516303001437336, 596035.527010002639145 ], [ -1964358.67073900392279, 596054.070221999660134 ], [ -1964375.127542004920542, 596072.312923000194132 ], [ -1964386.939035002607852, 596084.778827997390181 ], [ -1964398.546748000662774, 596097.231562001165003 ], [ -1964410.890040004393086, 596109.583638000767678 ], [ -1964423.500303002772853, 596121.879923001397401 ], [ -1964436.104303000960499, 596134.025231001898646 ], [ -1964449.305293000303209, 596146.190801999531686 ], [ -1964462.77544300374575, 596158.302724001929164 ], [ -1964476.515493002254516, 596170.361482998821884 ], [ -1964490.055482999887317, 596182.411039002705365 ], [ -1964504.337043001782149, 596194.365552001167089 ], [ -1964518.891413, 596206.270319999195635 ], [ -1964533.72026300127618, 596218.126016003079712 ], [ -1964548.82469300320372, 596229.933800002094358 ], [ -1964564.206322999671102, 596241.695136000402272 ], [ -1964579.68774300487712, 596253.483454999979585 ], [ -1964595.601539999712259, 596265.161480003036559 ], [ -1964612.14915700443089, 596276.768267000094056 ], [ -1964628.507784004323184, 596288.312931000255048 ], [ -1964661.901477005332708, 596311.229956004302949 ], [ -1964695.999961000401527, 596333.924567999318242 ], [ -1964731.557911003008485, 596356.494239000603557 ], [ -1964768.472245003562421, 596378.974147004075348 ], [ -1964806.311211999738589, 596401.414016004186124 ], [ -1964846.616427004337311, 596423.569572999607772 ], [ -1964888.371398005168885, 596445.81399699812755 ], [ -1964908.278998005203903, 596456.013333003036678 ], [ -1964928.663044004002586, 596465.703448998741806 ], [ -1964950.542989999521524, 596474.951360003091395 ], [ -1964972.558165000751615, 596483.89782300312072 ], [ -1964996.161190999206156, 596492.444685003720224 ], [ -1965020.324021004606038, 596500.858070003800094 ], [ -1965046.014586002798751, 596508.807015002239496 ], [ -1965072.964072003494948, 596516.509113998617977 ], [ -1965095.395081002265215, 596522.722349002957344 ], [ -1965119.63900100113824, 596528.786258999723941 ], [ -1965144.322520003654063, 596535.032266001217067 ], [ -1965171.079930001636967, 596541.280197003856301 ], [ -1965220.679688000585884, 596552.398597003892064 ], [ -1965689.868910002987832, 596906.485855003353208 ], [ -1965510.460350999608636, 597039.443929004017264 ], [ -1964990.362832998856902, 597011.045795004349202 ], [ -1964962.504720230353996, 597174.958453131373972 ], [ -1964903.927826013881713, 597519.615484058856964 ], [ -1964859.829356002155691, 597779.083793999161571 ], [ -1964757.309673003852367, 597885.249840001575649 ], [ -1964849.000692003406584, 598011.099020003341138 ], [ -1965355.80968400137499, 598612.536225998774171 ], [ -1965616.86579070193693, 598827.763931642286479 ], [ -1966741.87773800175637, 599755.280025003477931 ], [ -1967584.443420002236962, 600474.159594001248479 ], [ -1967768.624942375579849, 600675.162239572498947 ], [ -1967898.955664005130529, 600817.395941998809576 ], [ -1968372.124450000468642, 601230.071261998265982 ], [ -1968488.736545379739255, 601312.148012097459286 ], [ -1968714.919422003440559, 601471.34552400233224 ], [ -1968851.93342199921608, 601488.642710002604872 ], [ -1969251.260513003449887, 601932.751343998592347 ], [ -1969600.023571001365781, 602212.594811998307705 ], [ -1969615.353292987216264, 602213.105802814941853 ], [ -1969723.323581004980952, 602216.70481300028041 ], [ -1969669.893825008766726, 602314.508637062739581 ], [ -1969625.665498023619875, 602395.469132392667234 ], [ -1969604.863279299810529, 602389.678824089933187 ] ] ] } },
{ "type": "Feature", "properties": { "ID": 3192, "YEAR": "2019-2020", "Perimtr_KM": 15.4952997009, "AREA_KM": 7.7296673600399997, "SCALE": 1, "THICKNES_M": 79.639971335699997, "VOLUME_KM": 0.61559048698999996, "MASS_GT": 0.56449647657000002, "RECURRANCE": "3-4", "UA_KM": 0.0774764985, "UH_M": 6.6101175882699996, "UC_KM": 0.04710142193, "REGION": "Peninsula", "ICESHELF": "Wordie_(Harriott)" }, "geometry": { "type": "Polygon", "coordinates": [ [ [ -2120405.110824659932405, 907325.737791960593313 ], [ -2120370.447326581925154, 907166.605397345032543 ], [ -2120324.880756911356002, 906957.41943087708205 ], [ -2120295.464689528569579, 906822.376821141224355 ], [ -2120266.298280000686646, 906688.480335000902414 ], [ -2120213.811489002313465, 906526.357034998945892 ], [ -2120229.657645005267113, 906108.577327999286354 ], [ -2120364.932864777743816, 905920.227261621039361 ], [ -2120771.072026001289487, 905354.740559004247189 ], [ -2122303.492823005188257, 905127.623821003828198 ], [ -2122755.234070003032684, 905087.56598800374195 ], [ -2123054.490177005063742, 905239.918109002523124 ], [ -2123177.28717500064522, 905169.945937003009021 ], [ -2123108.298273004125804, 904765.326505999080837 ], [ -2123095.208354998379946, 904392.626976998522878 ], [ -2123262.615771999582648, 904294.05691999848932 ], [ -2123584.507546002045274, 904188.075463003478944 ], [ -2123694.981682000681758, 903831.641313001979142 ], [ -2123768.970327000133693, 903839.178411001805216 ], [ -2123961.669563002884388, 903885.269438000395894 ], [ -2124054.021252002567053, 903812.729419000446796 ], [ -2124708.625765002332628, 903989.826641003135592 ], [ -2124880.667716004885733, 904373.574032003059983 ], [ -2125105.448970672674477, 904671.698851300869137 ], [ -2125112.460454674903303, 904680.998102722223848 ], [ -2124890.880066033452749, 904983.153178143780679 ], [ -2124749.354800315573812, 905013.919540262781084 ], [ -2124320.902926080860198, 904932.861077553126961 ], [ -2124035.914356098044664, 905016.681245201732963 ], [ -2123959.309791307896376, 905115.816564334090799 ], [ -2123904.145447396207601, 905187.205715278629214 ], [ -2123817.127096998970956, 905299.817698157392442 ], [ -2123755.017558819614351, 905464.764340533874929 ], [ -2123789.28038674313575, 905524.351867359131575 ], [ -2124201.529336833395064, 906241.30656317062676 ], [ -2124220.318724907003343, 906273.983759813476354 ], [ -2124073.52424206584692, 906420.778242647647858 ], [ -2123985.622255514375865, 906508.680229199118912 ], [ -2123821.509700001683086, 906594.155518531799316 ], [ -2123585.803532967343926, 906716.919147195294499 ], [ -2123368.058640958741307, 906830.327945115044713 ], [ -2123180.948646169155836, 906927.781067400705069 ], [ -2122875.147963210940361, 906789.442663209047168 ], [ -2122671.126242582686245, 906697.147122928407043 ], [ -2122577.443439158611, 906793.668799168430269 ], [ -2122567.045273011550307, 906789.162927172146738 ], [ -2122074.522433315403759, 906575.736363315023482 ], [ -2121444.489524893462658, 906554.735266375355422 ], [ -2121391.446948730852455, 906713.862994856201112 ], [ -2121286.612857495900244, 907028.365268568042666 ], [ -2121190.712281126528978, 907062.952361685223877 ], [ -2121007.01839249394834, 907129.202616600319743 ], [ -2120688.645140426233411, 907244.025756696239114 ], [ -2120413.281924094539136, 907343.337080618366599 ], [ -2120409.260379560291767, 907344.787473731208593 ], [ -2120405.110824659932405, 907325.737791960593313 ] ] ] } },
{ "type": "Feature", "properties": { "ID": 3195, "YEAR": "2019-2020", "Perimtr_KM": 15.181389896600001, "AREA_KM": 4.4947739544600003, "SCALE": 1, "THICKNES_M": 52.121081821499999, "VOLUME_KM": 0.23427248105000001, "MASS_GT": 0.21482786512, "RECURRANCE": "2-3", "UA_KM": 0.07590694948, "UH_M": 4.32604976985, "UC_KM": 0.01792517463, "REGION": "Peninsula", "ICESHELF": "Wordie_(Harriott_Headla*" }, "geometry": { "type": "Polygon", "coordinates": [ [ [ -2111814.472061053384095, 903138.243790291249752 ], [ -2111630.529545326717198, 903055.28932241210714 ], [ -2111443.745454431511462, 902797.349387370515615 ], [ -2111278.484841234516352, 902569.132350101601332 ], [ -2111265.617443943396211, 902522.582648125477135 ], [ -2111142.358463970478624, 902076.675161771476269 ], [ -2111157.007725745439529, 902044.967263461556286 ], [ -2111207.918049001134932, 901934.77335900021717 ], [ -2111229.71589900366962, 901883.432568001095206 ], [ -2111232.819649000186473, 901884.874187002424151 ], [ -2111241.871929000597447, 901888.702869999688119 ], [ -2111251.155079005751759, 901892.262711999937892 ], [ -2111256.06331899901852, 901901.714093003422022 ], [ -2111265.808159001171589, 901904.736407000105828 ], [ -2111278.584354003891349, 901900.172938001342118 ], [ -2111325.198533003218472, 901807.536748001351953 ], [ -2111367.381513002794236, 901719.186443999875337 ], [ -2111388.41257300414145, 901680.687170003075153 ], [ -2111418.894503999501467, 901605.317615000996739 ], [ -2111435.210868000518531, 901572.147392001468688 ], [ -2111441.882528001442552, 901569.966847002506256 ], [ -2111447.076939001213759, 901569.501418001018465 ], [ -2111454.288789005018771, 901566.925592001993209 ], [ -2111461.777069005183876, 901564.157409999519587 ], [ -2111469.537369005382061, 901561.194463002029806 ], [ -2111474.121099000796676, 901563.856912002898753 ], [ -2111478.449239004869014, 901562.130335004068911 ], [ -2111544.382762999273837, 901673.080473003908992 ], [ -2111490.719631805084646, 901813.813078982755542 ], [ -2111442.35857645701617, 901940.640887851826847 ], [ -2111441.432703004218638, 901943.069009000901133 ], [ -2111440.308956055901945, 901997.260844918433577 ], [ -2111438.98235801467672, 902061.235019302461296 ], [ -2111435.371554004494101, 902235.363277003634721 ], [ -2111648.352084003854543, 902347.739998002070934 ], [ -2111901.957820003386587, 902338.234757001511753 ], [ -2112286.221772003918886, 902575.994043003767729 ], [ -2112822.714615002274513, 902556.692780002485961 ], [ -2113046.775573002174497, 902709.071668000426143 ], [ -2113126.504824948962778, 902697.120510306674987 ], [ -2113576.819914000574499, 902629.619730998296291 ], [ -2113836.131940743885934, 902619.303040741477162 ], [ -2114155.899906004779041, 902606.581119999289513 ], [ -2114966.319084004499018, 902651.082318000029773 ], [ -2115177.338599998503923, 902589.721721387002617 ], [ -2115329.489807000383735, 902545.478946999181062 ], [ -2115964.928276004269719, 902870.202045000623912 ], [ -2116426.804136621300131, 902407.775891276076436 ], [ -2116486.344219003804028, 902348.164871003478765 ], [ -2116473.646263998933136, 901740.044635003898293 ], [ -2116724.481356339063495, 901844.249050715006888 ], [ -2116592.683469636365771, 902887.648987135849893 ], [ -2115905.358094984199852, 903373.805959439836442 ], [ -2115268.32482092268765, 903390.569992985576391 ], [ -2113474.573233416303992, 903642.030495897401124 ], [ -2112485.495255262590945, 903440.862093555741012 ], [ -2111814.472061053384095, 903138.243790291249752 ] ] ] } },
{ "type": "Feature", "properties": { "ID": 3198, "YEAR": "2019-2020", "Perimtr_KM": 6.4007205495599999, "AREA_KM": 1.6392006269499999, "SCALE": 1, "THICKNES_M": 148.37901140599999, "VOLUME_KM": 0.24322296852, "MASS_GT": 0.22303546214, "RECURRANCE": ">8", "UA_KM": 0.03200360275, "UH_M": 12.315457886000001, "UC_KM": 0.01861001413, "REGION": "East", "ICESHELF": "Dawson_Lambton" }, "geometry": { "type": "Polygon", "coordinates": [ [ [ -684319.608867820352316, 1357143.089358172845095 ], [ -684038.488513909745961, 1356696.604090203531086 ], [ -684071.561496725771576, 1356398.947244888637215 ], [ -684286.535885004326701, 1356134.363382376264781 ], [ -684518.046764694619924, 1356051.680925353430212 ], [ -685047.214489699341357, 1356167.436365205328912 ], [ -685510.236249066423625, 1356382.410753484349698 ], [ -686072.476956887170672, 1356101.290399573743343 ], [ -686341.138387009501457, 1356606.373888210393488 ], [ -686331.057289000600576, 1356609.299980002455413 ], [ -686324.515209999401122, 1356616.30463000247255 ], [ -686312.621310001704842, 1356621.791222000494599 ], [ -686300.644243998918682, 1356627.523612001910806 ], [ -686272.790023000445217, 1356640.122555002104491 ], [ -686212.926317003089935, 1356666.717981002759188 ], [ -686187.909122001379728, 1356678.726266000885516 ], [ -686162.97845200356096, 1356691.162219003774226 ], [ -686152.020407001022249, 1356695.124650003388524 ], [ -686139.306183004751801, 1356699.779603998642415 ], [ -686127.593068004585803, 1356705.820324004627764 ], [ -686112.389507000800222, 1356709.610494000837207 ], [ -686102.383537998888642, 1356713.688663999550045 ], [ -686091.746321002487093, 1356716.9569650022313 ], [ -686081.476226001512259, 1356721.274786001536995 ], [ -686071.425854004453868, 1356723.392445998732001 ], [ -686058.497372000943869, 1356725.602265998721123 ], [ -686049.416527005378157, 1356727.307526002172381 ], [ -686037.273072000592947, 1356728.661136003211141 ], [ -686005.52096200408414, 1356735.037262000143528 ], [ -685990.700944004114717, 1356738.975567000452429 ], [ -685975.13700900087133, 1356740.220856998581439 ], [ -685963.048857004847378, 1356743.514992998447269 ], [ -685955.757488002069294, 1356743.379713001195341 ], [ -685948.841265000402927, 1356742.972972999326885 ], [ -685943.331106998957694, 1356744.303957997821271 ], [ -685937.628540001343936, 1356744.221078000497073 ], [ -685931.645169002469629, 1356742.983088001608849 ], [ -685925.938614998944104, 1356741.461807997431606 ], [ -685920.496422003023326, 1356739.653928002808243 ], [ -685916.378856000490487, 1356739.567844003904611 ], [ -685912.482945003081113, 1356738.171283998060971 ], [ -685913.916029003448784, 1356737.868933998513967 ], [ -685909.370322998613119, 1356734.373343999031931 ], [ -685906.200293002650142, 1356730.828204001300037 ], [ -685906.606768002733588, 1356728.802044000476599 ], [ -685902.269733005203307, 1356724.158034003805369 ], [ -685895.830344001296908, 1356711.46134899975732 ], [ -685896.062717001885176, 1356708.502319003455341 ], [ -685892.989556000102311, 1356705.757421003188938 ], [ -685888.600002004764974, 1356701.883686003740877 ], [ -685888.176198001485318, 1356699.995586004573852 ], [ -685884.994303004816175, 1356697.541679 ], [ -685880.302454002201557, 1356695.102329001296312 ], [ -685875.592050001490861, 1356693.303819003514946 ], [ -685866.836793001741171, 1356692.336699000559747 ], [ -685862.066130999475718, 1356693.639333998784423 ], [ -685851.940787005238235, 1356692.480794 ], [ -685843.495763005223125, 1356692.738157002255321 ], [ -685834.074342002626508, 1356695.359730002935976 ], [ -685829.503036002628505, 1356695.836579999886453 ], [ -685825.081736002117395, 1356696.501660004258156 ], [ -685815.466155999340117, 1356696.596660003066063 ], [ -685812.318776005413383, 1356698.366450001485646 ], [ -685807.599043999798596, 1356701.084472998511046 ], [ -685803.901820003986359, 1356702.477533001452684 ], [ -685800.588355001527816, 1356703.960483000613749 ], [ -685797.168219002895057, 1356705.725053004454821 ], [ -685788.399430003017187, 1356709.493491 ], [ -685776.846066998783499, 1356717.22997600119561 ], [ -685760.980906000360847, 1356722.561564000323415 ], [ -685754.631655999924988, 1356726.928536999505013 ], [ -685750.984689001459628, 1356732.751787003129721 ], [ -685741.429221003316343, 1356737.505966998171061 ], [ -685736.346404999960214, 1356742.938247001729906 ], [ -685728.916611003689468, 1356747.608367003500462 ], [ -685724.132590004708618, 1356755.65818300191313 ], [ -685716.141297002788633, 1356760.7799730040133 ], [ -685708.699353998526931, 1356768.190533002838492 ], [ -685705.34054599981755, 1356775.702112998347729 ], [ -685697.751231002155691, 1356781.800899003632367 ], [ -685692.534233998972923, 1356789.112408998887986 ], [ -685690.359779004007578, 1356798.872599003836513 ], [ -685686.435243004933, 1356807.946779001504183 ], [ -685684.90014300076291, 1356818.731338998768479 ], [ -685677.31392400059849, 1356858.493478998076171 ], [ -685673.995475005358458, 1356874.912499003577977 ], [ -685672.105923002120107, 1356883.678769000805914 ], [ -685669.289380004163831, 1356891.305369004141539 ], [ -685669.135485003236681, 1356899.570668998640031 ], [ -685665.790201004128903, 1356906.058519002981484 ], [ -685661.961295004468411, 1356913.839689000509679 ], [ -685657.902226999402046, 1356921.466419001575559 ], [ -685653.207124002277851, 1356928.02395900292322 ], [ -685647.969480003695935, 1356934.554969001095742 ], [ -685645.29461400071159, 1356941.311279003508389 ], [ -685639.228604999370873, 1356946.320799001958221 ], [ -685635.614908001385629, 1356952.10233900276944 ], [ -685627.127540004439652, 1356958.145259004086256 ], [ -685620.017301999032497, 1356962.008368998300284 ], [ -685615.584087999537587, 1356966.614968998357654 ], [ -685610.806766998954117, 1356971.231929001864046 ], [ -685602.958815005142242, 1356975.093878999818116 ], [ -685597.497140002902597, 1356979.727829 ], [ -685587.009259999729693, 1356985.128008998930454 ], [ -685571.667917001992464, 1356993.656990000978112 ], [ -685552.494992998894304, 1357003.290530000813305 ], [ -685533.876395999453962, 1357011.907851003110409 ], [ -685511.77680099895224, 1357021.561753004323691 ], [ -685493.491802000440657, 1357031.712984002195299 ], [ -685485.596819004043937, 1357032.114063998218626 ], [ -685479.442246000282466, 1357035.120824002660811 ], [ -685474.789451001677662, 1357036.772444004192948 ], [ -685469.538268003147095, 1357039.139895003288984 ], [ -685464.663645002990961, 1357040.364725002087653 ], [ -685459.678043000865728, 1357041.37617500172928 ], [ -685454.485242001712322, 1357042.693084998521954 ], [ -685443.61146200215444, 1357042.665835002902895 ], [ -685438.490919001400471, 1357043.523967002984136 ], [ -685433.060948005411774, 1357043.681997000705451 ], [ -685427.423523003701121, 1357044.145517000928521 ], [ -685421.770907002966851, 1357043.876867 ], [ -685414.002887999173254, 1357044.947027999442071 ], [ -685408.127266001421958, 1357044.251688000746071 ], [ -685399.408576001878828, 1357044.417108002118766 ], [ -685384.873840000014752, 1357043.085698998998851 ], [ -685371.797982003539801, 1357039.867489003576338 ], [ -685359.82773200282827, 1357038.506021001376212 ], [ -685345.848780001979321, 1357033.579191003926098 ], [ -685332.971783004235476, 1357030.507841998711228 ], [ -685318.08049600571394, 1357023.868872003629804 ], [ -685304.283404000103474, 1357019.081883998122066 ], [ -685291.927166005130857, 1357012.400214000139385 ], [ -685276.362298000603914, 1357005.373785000294447 ], [ -685262.174298000521958, 1356996.354504999238998 ], [ -685245.536543005146086, 1356987.401986001525074 ], [ -685225.338966002222151, 1356977.507746000308543 ], [ -685205.261686999816447, 1356966.189046004787087 ], [ -685191.677303000353277, 1356954.834006003569812 ], [ -685169.668143004179001, 1356941.909026002511382 ], [ -685147.645750002469867, 1356927.457725999876857 ], [ -685133.070635003503412, 1356917.996395997703075 ], [ -685119.341833003796637, 1356905.599527997896075 ], [ -685083.776899002958089, 1356881.687589999288321 ], [ -685066.279652001336217, 1356866.144851000513881 ], [ -685044.099814003333449, 1356848.129392998293042 ], [ -684988.447837003972381, 1356804.645296003203839 ], [ -684974.386722004506737, 1356789.929826002568007 ], [ -684963.471146003343165, 1356784.706788001582026 ], [ -684954.870668000075966, 1356775.979868001770228 ], [ -684948.900352003518492, 1356771.13046799832955 ], [ -684938.699668999295682, 1356767.600228999741375 ], [ -684933.147220999468118, 1356764.249589002225548 ], [ -684932.015536004211754, 1356762.976339002605528 ], [ -684928.425489001441747, 1356761.026589003391564 ], [ -684925.288584001827985, 1356759.643589003477246 ], [ -684919.889746002387255, 1356758.82781899953261 ], [ -684917.635963004548103, 1356758.569839003495872 ], [ -684914.149526999797672, 1356760.364439 ], [ -684912.751534002833068, 1356761.23145900061354 ], [ -684911.683513000141829, 1356763.183651003986597 ], [ -684908.209632001351565, 1356763.935631004162133 ], [ -684908.084712001029402, 1356766.511970999184996 ], [ -684908.382543005049229, 1356769.667461003176868 ], [ -684905.070055002812296, 1356769.943650998175144 ], [ -684903.289833001792431, 1356773.024130998644978 ], [ -684904.862244004849344, 1356777.954001001548022 ], [ -684903.032131999731064, 1356780.238311002030969 ], [ -684903.030880005098879, 1356785.429341003764421 ], [ -684903.790301001630723, 1356791.402211001608521 ], [ -684905.957405998837203, 1356794.629550999030471 ], [ -684911.01737800380215, 1356805.537201000843197 ], [ -684917.255992001388222, 1356835.369148999452591 ], [ -684917.761363002005965, 1356843.872689003124833 ], [ -684918.586510003078729, 1356850.422539 ], [ -684924.066730003338307, 1356860.953518998343498 ], [ -684926.515615002252162, 1356870.196959 ], [ -684927.330108998343349, 1356879.167188999243081 ], [ -684927.222036004066467, 1356887.487988998182118 ], [ -684926.988910004962236, 1356897.057989002671093 ], [ -684928.066059003118426, 1356906.221898999065161 ], [ -684930.114829000085592, 1356916.172039003111422 ], [ -684929.225774005055428, 1356926.246929004322737 ], [ -684928.095689003821462, 1356936.393499002791941 ], [ -684922.568535999394953, 1356945.343199004419148 ], [ -684920.936967999208719, 1356955.52855899836868 ], [ -684919.046319004613906, 1356965.681819001678377 ], [ -684916.958372000139207, 1356975.321929001715034 ], [ -684914.606017001904547, 1356984.872609003446996 ], [ -684911.987013002857566, 1356994.308719002176076 ], [ -684909.003731003496796, 1357004.127340998966247 ], [ -684905.847588999662548, 1357013.26763099944219 ], [ -684902.422212, 1357022.233731002546847 ], [ -684896.595303003676236, 1357031.663821002934128 ], [ -684892.631954003125429, 1357040.234640999231488 ], [ -684891.807618998922408, 1357050.536821004468948 ], [ -684887.329191000666469, 1357058.527860998176038 ], [ -684882.495644003618509, 1357066.804692999459803 ], [ -684877.500526000279933, 1357074.320833003148437 ], [ -684870.116887003649026, 1357082.240572998765856 ], [ -684862.634996000677347, 1357088.280865 ], [ -684858.293751001823694, 1357096.145848002750427 ], [ -684849.817325003445148, 1357101.931080001872033 ], [ -684838.481305004097521, 1357106.921209999360144 ], [ -684830.319669000338763, 1357113.345649999100715 ], [ -684824.100824002642184, 1357120.136610000859946 ], [ -684815.210929998662323, 1357124.128030000720173 ], [ -684806.077738001476973, 1357127.829230002593249 ], [ -684797.136403004173189, 1357135.470678999088705 ], [ -684787.521058003418148, 1357138.583589003887028 ], [ -684780.582158999983221, 1357143.63403000170365 ], [ -684766.940683001186699, 1357149.697120002005249 ], [ -684754.430417000781745, 1357154.145440002437681 ], [ -684743.923040005378425, 1357160.991059998515993 ], [ -684725.122799999080598, 1357166.377890001051128 ], [ -684712.533730999100953, 1357172.335060003213584 ], [ -684694.745732003822923, 1357180.485530999489129 ], [ -684672.883073004893959, 1357186.492481001652777 ], [ -684638.816099999006838, 1357196.585519002750516 ], [ -684629.901246999856085, 1357199.60193899879232 ], [ -684622.237261998932809, 1357204.063436999451369 ], [ -684605.855074002407491, 1357204.507937004324049 ], [ -684597.284157001413405, 1357208.582364998757839 ], [ -684589.151164004579186, 1357212.293465000577271 ], [ -684573.326749002095312, 1357214.619383999612182 ], [ -684561.331232999451458, 1357217.425354004837573 ], [ -684546.951789003796875, 1357220.943392003886402 ], [ -684532.829944998491555, 1357221.538872002158314 ], [ -684518.977202998939902, 1357224.393580001778901 ], [ -684490.977017005439848, 1357229.227898003067821 ], [ -684460.412221998907626, 1357232.011067002546042 ], [ -684393.442505841143429, 1357239.641038671135902 ], [ -684319.608867820352316, 1357143.089358172845095 ] ] ] } },
{ "type": "Feature", "properties": { "ID": 3203, "YEAR": "2019-2020", "Perimtr_KM": 16.165617204, "AREA_KM": 14.0164220407, "SCALE": 2, "THICKNES_M": 243.06059330900001, "VOLUME_KM": 3.4068398572800001, "MASS_GT": 3.1240721491299999, "RECURRANCE": "2-3", "UA_KM": 0.08082808602, "UH_M": 20.174029145199999, "UC_KM": 0.26067167210999997, "REGION": "West", "ICESHELF": "Thwaites" }, "geometry": { "type": "Polygon", "coordinates": [ [ [ -1572452.948032434796914, -475935.246264657471329 ], [ -1571439.096662173280492, -476759.000502991955727 ], [ -1571192.454763186397031, -477468.095962580293417 ], [ -1571488.770476997829974, -477445.210867998655885 ], [ -1571897.771421992918476, -477641.713094998151064 ], [ -1571889.685224996879697, -478121.622550998348743 ], [ -1572346.116130994865671, -478218.922022998798639 ], [ -1572367.852059206925333, -478336.980235035065562 ], [ -1572409.360389726003632, -478562.431811680551618 ], [ -1572471.063207127852365, -478897.569295970723033 ], [ -1572474.456031996291131, -478915.997348996810615 ], [ -1572442.853987998561934, -479252.200700007379055 ], [ -1572911.880059993360192, -479448.934761005453765 ], [ -1573010.13182798307389, -479530.617378475610167 ], [ -1573034.585482361493632, -479550.947175457607955 ], [ -1573422.751539538148791, -479873.653017940931022 ], [ -1573439.079788994742557, -479887.227675998583436 ], [ -1574312.682955996133387, -479915.944060996174812 ], [ -1574386.10317387455143, -479914.691951506305486 ], [ -1575102.671779659809545, -479902.471579789649695 ], [ -1575429.888848995557055, -479896.891214998438954 ], [ -1575505.030447993660346, -479932.134969001170248 ], [ -1576279.679234993178397, -479459.349475001450628 ], [ -1576642.97945169149898, -479551.174459727015346 ], [ -1576851.744131281040609, -479603.940223778132349 ], [ -1576721.535343060502782, -479357.990290471818298 ], [ -1576497.402530835475773, -478934.628311822656542 ], [ -1576466.190049697412178, -478875.671403005253524 ], [ -1576375.243951775599271, -478284.521766561083496 ], [ -1576333.89811844099313, -478015.773849876131862 ], [ -1576177.639005972305313, -477930.541606712155044 ], [ -1575606.292496561538428, -477618.898056120611727 ], [ -1575331.339816071791574, -477137.730865256860852 ], [ -1575145.314609136432409, -476812.186753114685416 ], [ -1575131.198262303834781, -476787.483146159444004 ], [ -1575077.124771563336253, -476692.854537366889417 ], [ -1574586.126999996835366, -476692.854537366889417 ], [ -1574349.519149684114382, -476692.854537366889417 ], [ -1573688.059493429493159, -475899.102949869818985 ], [ -1572497.432112176669762, -475899.102949869818985 ], [ -1572452.948032434796914, -475935.246264657471329 ] ] ] } },
{ "type": "Feature", "properties": { "ID": 3209, "YEAR": "2019-2020", "Perimtr_KM": 30.825888820799999, "AREA_KM": 24.007045773800002, "SCALE": 2, "THICKNES_M": 316.23135558199999, "VOLUME_KM": 7.5917806285699996, "MASS_GT": 6.9616628364000004, "RECURRANCE": "3-4", "UA_KM": 0.1541294441, "UH_M": 26.247202383899999, "UC_KM": 0.58087912365000005, "REGION": "West", "ICESHELF": "Thwaites" }, "geometry": { "type": "Polygon", "coordinates": [ [ [ -1578165.982505610445514, -401248.834169295616448 ], [ -1578053.693224698770791, -401451.818638633005321 ], [ -1577816.107071103295311, -402164.577099433168769 ], [ -1577656.817430950235575, -402642.446019892580807 ], [ -1577574.326084882253781, -402944.914288824424148 ], [ -1577557.204462034627795, -403007.693572591990232 ], [ -1577259.941637201467529, -404097.657263644505292 ], [ -1576896.138826254988089, -405056.773765207268298 ], [ -1576598.481980946846306, -406082.03623240115121 ], [ -1576629.697517797583714, -406306.788097743876278 ], [ -1576763.846895005553961, -407272.663613654207438 ], [ -1577193.79567157686688, -408000.26923553366214 ], [ -1577094.576723136240616, -409885.429255850147456 ], [ -1577590.671465325402096, -410579.961894913576543 ], [ -1578152.912173132644966, -411935.954190231859684 ], [ -1578417.496035638498142, -413391.165433990303427 ], [ -1578946.663760643685237, -414614.865798058919609 ], [ -1579519.979314675787464, -415166.130753868725151 ], [ -1579494.015419997740537, -415040.044089998584241 ], [ -1579481.923338994150981, -414343.676997998729348 ], [ -1579678.848412996390834, -413835.114055995829403 ], [ -1579679.739582995418459, -413796.079338999465108 ], [ -1579680.331992995692417, -413763.700433004647493 ], [ -1579681.925012995488942, -413733.23003499628976 ], [ -1579685.599082992644981, -413703.992851996794343 ], [ -1579691.294839994516224, -413672.649740996304899 ], [ -1579696.882914993679151, -413640.347380000166595 ], [ -1579700.470984996762127, -413615.298713008407503 ], [ -1579704.575174995930865, -413590.771369007881731 ], [ -1579708.891624996438622, -413567.700185000896454 ], [ -1579713.368724995059893, -413545.8901839973405 ], [ -1579718.175674996804446, -413525.607896001078188 ], [ -1579724.059344998560846, -413506.388843997381628 ], [ -1579729.932824993040413, -413488.016468998976052 ], [ -1579733.583154997089878, -413478.771473995875567 ], [ -1579736.85835499339737, -413470.16655400255695 ], [ -1579740.368124993052334, -413461.154033004771918 ], [ -1579743.916704994393513, -413453.006632999517024 ], [ -1579747.602924992563203, -413445.086040001362562 ], [ -1579751.427204992156476, -413437.391459999140352 ], [ -1579755.437704992946237, -413430.51356900902465 ], [ -1579759.724204992176965, -413423.104633997194469 ], [ -1579763.89324499364011, -413416.606020004022866 ], [ -1579767.94676499767229, -413410.392881004605442 ], [ -1579772.04704499617219, -413404.769651002716273 ], [ -1579776.388844997389242, -413399.202634997665882 ], [ -1579781.522574997739866, -413393.782773996703327 ], [ -1579786.355024997144938, -413388.319151007570326 ], [ -1579791.943344998173416, -413382.498471998609602 ], [ -1579797.371314994990826, -413376.492541995830834 ], [ -1579802.957924997201189, -413371.16234200168401 ], [ -1579808.806124996393919, -413365.866444000974298 ], [ -1579823.372444992884994, -413351.936164995189756 ], [ -1579837.545784996589646, -413341.592049004975706 ], [ -1579852.339224993716925, -413330.553769998252392 ], [ -1579868.591914995806292, -413319.492530995979905 ], [ -1579887.105670995078981, -413306.261096999049187 ], [ -1579906.522540998645127, -413295.411976007279009 ], [ -1579925.4622309980914, -413283.960774997249246 ], [ -1579947.533306995406747, -413270.300997002050281 ], [ -1580028.086800995515659, -413218.215458996593952 ], [ -1580064.016044996445999, -413195.85217400174588 ], [ -1580081.029324997914955, -413179.710043997038156 ], [ -1580097.149694995721802, -413170.126709009055048 ], [ -1580113.138698996743187, -413159.762260996270925 ], [ -1580126.569118996616453, -413151.335137000773102 ], [ -1580141.580128994304687, -413139.493144006934017 ], [ -1580157.107438998064026, -413128.268939999863505 ], [ -1580171.067809994798154, -413116.231884996872395 ], [ -1580183.078979994403198, -413105.778088998049498 ], [ -1580188.689579998375848, -413099.591991998255253 ], [ -1580193.590369995683432, -413093.738464000169188 ], [ -1580198.404759993543848, -413088.541503998450935 ], [ -1580202.970989996334538, -413083.30200200388208 ], [ -1580207.292639998486266, -413078.016173999290913 ], [ -1580213.257449992699549, -413071.497231997083873 ], [ -1580217.546649997588247, -413065.362734000664204 ], [ -1580221.208539994433522, -413059.444912996143103 ], [ -1580230.011520995991305, -413045.680024999659508 ], [ -1580237.886100998148322, -413031.876314001623541 ], [ -1580244.87615099363029, -413016.835482000373304 ], [ -1580250.842210996197537, -413001.673310999758542 ], [ -1580256.406300993869081, -412986.711579998489469 ], [ -1580261.40721099334769, -412971.245394005440176 ], [ -1580267.024000998586416, -412954.201182995922863 ], [ -1580271.617320993449539, -412937.575878002215177 ], [ -1580275.393030995503068, -412919.809177996125072 ], [ -1580278.229910995345563, -412901.763122005853802 ], [ -1580281.412291995482519, -412882.881717001087964 ], [ -1580283.096371993655339, -412864.157718 ], [ -1580284.237481998512521, -412844.83032500045374 ], [ -1580284.838011994725093, -412824.866031006909907 ], [ -1580284.898861997528002, -412804.233402001671493 ], [ -1580284.420161997666582, -412782.891604996751994 ], [ -1580282.848049995256588, -412765.405138997361064 ], [ -1580275.109839995391667, -412744.602834996301681 ], [ -1580267.891329993028194, -412720.516939995344728 ], [ -1580266.11111999861896, -412701.531223000027239 ], [ -1580262.973429994890466, -412683.005977999884635 ], [ -1580260.492599995108321, -412662.712948000524193 ], [ -1580257.646709997206926, -412641.637264008168131 ], [ -1580254.42301999242045, -412619.91656099865213 ], [ -1580247.248209993122146, -412580.869442000053823 ], [ -1580239.382739993510768, -412536.256466006394476 ], [ -1580231.115889996988699, -412492.050533001311123 ], [ -1580205.996237993938848, -412383.264391001779586 ], [ -1580200.078507994068787, -412351.416002999059856 ], [ -1580195.032917998265475, -412322.779101000633091 ], [ -1580162.813521997770295, -412285.349274997599423 ], [ -1580155.934147997526452, -412251.672720003407449 ], [ -1580152.265037993201986, -412224.336251001339406 ], [ -1580149.27693799789995, -412198.213387005031109 ], [ -1580143.341207995545119, -412143.568531000055373 ], [ -1580135.985567992785946, -412088.882421995978802 ], [ -1580129.188877993728966, -412033.650305999908596 ], [ -1580120.682287991978228, -411980.388102001976222 ], [ -1580113.132487995550036, -411926.015908996574581 ], [ -1580103.239743997575715, -411872.213716998230666 ], [ -1580083.929609995801002, -411809.434796005021781 ], [ -1580074.523049992974848, -411757.529415003024042 ], [ -1580065.473549996502697, -411704.921810008119792 ], [ -1580054.710469998186454, -411654.383098002988845 ], [ -1580044.722666995832697, -411603.24442099686712 ], [ -1580033.216824997449294, -411552.845114006195217 ], [ -1580022.604704993078485, -411502.989863000344485 ], [ -1580011.046224992489442, -411453.392099000979215 ], [ -1579994.576255997642875, -411400.385713996365666 ], [ -1579971.954483996378258, -411328.791539996862411 ], [ -1579958.864963996224105, -411281.164626003243029 ], [ -1579945.628193993587047, -411233.79240600625053 ], [ -1579931.66239199321717, -411189.294614996295422 ], [ -1579918.526271995389834, -411141.709195997100323 ], [ -1579903.962951997993514, -411095.970100008882582 ], [ -1579889.254731997381896, -411050.49357099737972 ], [ -1579873.819638995453715, -411007.89879599865526 ], [ -1579855.632065993500873, -410961.108958998229355 ], [ -1579831.471484996145591, -410916.285333997569978 ], [ -1579820.227404997916892, -410875.333236007485539 ], [ -1579804.957548994570971, -410832.155649000778794 ], [ -1579788.131548992590979, -410789.548459999728948 ], [ -1579770.767288995208219, -410748.19292600126937 ], [ -1579752.787662994815037, -410707.615369997452945 ], [ -1579734.872872996609658, -410666.475099999457598 ], [ -1579716.421072997851297, -410626.59014800330624 ], [ -1579702.549322995590046, -410599.946588996332139 ], [ -1579688.875716993352398, -410574.125414005946368 ], [ -1579673.755166997434571, -410547.514497998636216 ], [ -1579656.675381994107738, -410519.85999800125137 ], [ -1579631.010750998044387, -410484.109046008437872 ], [ -1579606.485850994708017, -410454.265737999230623 ], [ -1579587.041108994744718, -410425.542146001011133 ], [ -1579566.457403993466869, -410395.373576002195477 ], [ -1579547.613693993072957, -410369.474327997304499 ], [ -1579528.399721993366256, -410343.801640997640789 ], [ -1579507.418285995023325, -410317.172056001145393 ], [ -1579483.755775992525741, -410287.857418001629412 ], [ -1579441.400318994186819, -410233.137543006800115 ], [ -1579364.016031994018704, -410137.186343002133071 ], [ -1579334.197625994449481, -410100.933650001883507 ], [ -1579294.723138998262584, -410060.649757999926805 ], [ -1579238.314889991888776, -410020.862249 ], [ -1579211.419069992844015, -409983.385503998957574 ], [ -1579185.473714993568137, -409950.202138998080045 ], [ -1579162.625858997460455, -409916.51506599644199 ], [ -1579140.158444994594902, -409887.305455999448895 ], [ -1579129.364744995487854, -409868.552403999492526 ], [ -1579117.756768995895982, -409851.106725008226931 ], [ -1579107.859488996211439, -409832.890660995617509 ], [ -1579097.138608998153359, -409817.735739001538604 ], [ -1579087.639408995164558, -409800.734456997364759 ], [ -1579078.162963992217556, -409783.757711996790022 ], [ -1579069.896063996944577, -409766.310812003910542 ], [ -1579060.743398993043229, -409750.034321996383369 ], [ -1579053.232718992279842, -409732.848226002883166 ], [ -1579045.612788993865252, -409717.6467489968054 ], [ -1579037.64440899528563, -409702.453252995852381 ], [ -1579030.426753995707259, -409686.229619999881834 ], [ -1579024.386773994658142, -409669.459906006231904 ], [ -1579018.705443994374946, -409652.77051400160417 ], [ -1579011.294788997620344, -409637.247442005667835 ], [ -1579002.107175993965939, -409616.692574007902294 ], [ -1578957.765238992404193, -409583.743263000622392 ], [ -1578949.895724994596094, -409566.827797001227736 ], [ -1578943.679034993750975, -409545.047243002336472 ], [ -1578938.235064993612468, -409523.324464001692832 ], [ -1578932.38266499270685, -409501.58884600084275 ], [ -1578927.330974993528798, -409479.524759002029896 ], [ -1578922.477274997392669, -409457.298258000984788 ], [ -1578917.586104998597875, -409436.337700000498444 ], [ -1578913.13194499630481, -409413.801688998006284 ], [ -1578908.879134995630011, -409391.119988008867949 ], [ -1578904.829204992158338, -409368.298209998756647 ], [ -1578900.982714995043352, -409345.342217002529651 ], [ -1578895.30271199462004, -409326.703423998318613 ], [ -1578891.288101997226477, -409303.261003998573869 ], [ -1578888.058481992455199, -409279.93861699802801 ], [ -1578885.036201994866133, -409256.50630500074476 ], [ -1578882.221511992858723, -409232.965289001353085 ], [ -1578879.011921996483579, -409209.487604001536965 ], [ -1578876.695031994720921, -409185.879084007348865 ], [ -1578870.89924499578774, -409159.631536998786032 ], [ -1578867.277468994259834, -409138.37546700052917 ], [ -1578860.138158997055143, -409112.679032001178712 ], [ -1578858.587138994829729, -409088.651931997854263 ], [ -1578857.248638994991779, -409064.566849000751972 ], [ -1578856.122958998195827, -409040.43043600814417 ], [ -1578855.210488996701315, -409016.249649999197572 ], [ -1578854.511268996167928, -408992.031144000124186 ], [ -1578854.025728994514793, -408967.781937001738697 ], [ -1578853.754068994661793, -408943.508744008373469 ], [ -1578853.696078993845731, -408919.218338996171951 ], [ -1578853.851968994829804, -408894.917739997152239 ], [ -1578854.221538994926959, -408870.613724000751972 ], [ -1578854.804788993904367, -408846.321243997197598 ], [ -1578855.601238994859159, -408822.038956000935286 ], [ -1578856.610938997007906, -408797.773818998131901 ], [ -1578857.833468995289877, -408773.53242500172928 ], [ -1578859.268468997208402, -408749.321731997653842 ], [ -1578860.049658993259072, -408724.147355001419783 ], [ -1578857.146287997951731, -408697.09723000228405 ], [ -1578852.965833994094282, -408672.744530996773392 ], [ -1578855.246473995503038, -408648.723839997313917 ], [ -1578858.010023998562247, -408624.046006006654352 ], [ -1578860.709913995116949, -408600.159409008920193 ], [ -1578863.618293995968997, -408576.349595005158335 ], [ -1578866.432653998024762, -408552.189503998029977 ], [ -1578869.755773992044851, -408528.5525420056656 ], [ -1578874.058873995672911, -408504.864431000780314 ], [ -1578878.525553998304531, -408479.453114995732903 ], [ -1578882.462933997623622, -408456.127920005470514 ], [ -1578886.603433995973319, -408432.916738003026694 ], [ -1578891.032018995610997, -408407.393237999640405 ], [ -1578895.575538997771218, -408384.427294997964054 ], [ -1578900.782948994543403, -408360.710007996764034 ], [ -1578905.724838994210586, -408338.012315997388214 ], [ -1578911.137128995032981, -408314.736216007731855 ], [ -1578916.170668994542211, -408291.895216999575496 ], [ -1578919.784047992201522, -408266.839903002139181 ], [ -1578920.633273992687464, -408230.741115002892911 ], [ -1578919.990587995853275, -408196.758042007219046 ], [ -1578926.09758799476549, -408174.995103005319834 ], [ -1578931.109070993727073, -408148.942012004554272 ], [ -1578937.593620998319238, -408127.530818003229797 ], [ -1578945.263930997811258, -408105.229677997995168 ], [ -1578952.19897099211812, -408083.619147007819265 ], [ -1578965.0545509965159, -408047.378296001814306 ], [ -1578977.643046994926408, -408012.793724002316594 ], [ -1578989.766649994533509, -407973.881196002010256 ], [ -1579005.042589994845912, -407936.75723800715059 ], [ -1579021.958669995190576, -407898.906530001666397 ], [ -1579037.216908993432298, -407857.558905996382236 ], [ -1579055.573418992571533, -407818.439525999128819 ], [ -1579070.250738997943699, -407771.641652001067996 ], [ -1579074.113344996003434, -407698.933838000986725 ], [ -1579096.353301998227835, -407657.989906006027013 ], [ -1579119.218781998148188, -407616.037757005542517 ], [ -1579139.646081485319883, -407572.860451176762581 ], [ -1579142.23182999365963, -407567.394939002115279 ], [ -1579167.787799993762746, -407522.062053999397904 ], [ -1579194.103316994383931, -407468.92631499748677 ], [ -1579222.387086993549019, -407412.382982996292412 ], [ -1579256.75014799204655, -407348.807988008018583 ], [ -1579277.796061993343756, -407295.575419997330755 ], [ -1579303.454014997929335, -407247.932266999036074 ], [ -1579289.311484997859225, -407190.770535996183753 ], [ -1578926.886287992587313, -406897.946639996953309 ], [ -1578889.592184794135392, -405978.277241458185017 ], [ -1578886.487742995610461, -405901.721971997991204 ], [ -1579025.051107572158799, -405568.018671032972634 ], [ -1579301.252649993170053, -404902.840203996747732 ], [ -1579334.256645320914686, -404745.812359410803765 ], [ -1579389.938019992318004, -404480.889092996716499 ], [ -1579307.56172199267894, -402633.269501999951899 ], [ -1578756.007064997684211, -402674.665812000632286 ], [ -1578753.897157983388752, -402673.100068771280348 ], [ -1578594.365539993392304, -402554.713074002414942 ], [ -1578602.846588236512616, -402133.63379096519202 ], [ -1578603.396308995317668, -402106.340464004781097 ], [ -1578577.392679280135781, -402042.72698046406731 ], [ -1578563.840222369879484, -402009.573186009656638 ], [ -1578345.410185995046049, -401475.221032995730639 ], [ -1578254.468432398512959, -401252.390306637622416 ], [ -1578216.066978974966332, -401158.296852068044245 ], [ -1578165.982505610445514, -401248.834169295616448 ] ] ] } },
{ "type": "Feature", "properties": { "ID": 3212, "YEAR": "2019-2020", "Perimtr_KM": 7.4478955041, "AREA_KM": 1.9788320743900001, "SCALE": 1, "THICKNES_M": 327.647953578, "VOLUME_KM": 0.64836027964999998, "MASS_GT": 0.59454637643999997, "RECURRANCE": "6-8", "UA_KM": 0.03723947752, "UH_M": 27.194780012900001, "UC_KM": 0.04960877684, "REGION": "West", "ICESHELF": "Thwaites" }, "geometry": { "type": "Polygon", "coordinates": [ [ [ -1575985.380716557847336, -398450.479500987101346 ], [ -1576102.387238757684827, -398640.615099555812776 ], [ -1576279.675891096238047, -398882.372352749574929 ], [ -1576376.33073638449423, -399014.174414508976042 ], [ -1576829.99286063015461, -399632.804583941120654 ], [ -1576846.995002997806296, -399573.297085648402572 ], [ -1577046.094474826240912, -398876.448934268672019 ], [ -1577033.098384993383661, -398752.058030999265611 ], [ -1577069.585985996760428, -398220.065852996427566 ], [ -1576662.714654996991158, -397931.327733002137393 ], [ -1576590.460008992813528, -397727.467799001839012 ], [ -1575599.156012995867059, -397137.048550003673881 ], [ -1575493.088688997086138, -396984.571936008986086 ], [ -1575252.113416259177029, -396601.849156220909208 ], [ -1575308.635651253629476, -397350.768769869115204 ], [ -1575985.380716557847336, -398450.479500987101346 ] ] ] } },
{ "type": "Feature", "properties": { "ID": 3215, "YEAR": "2019-2020", "Perimtr_KM": 12.4458480506, "AREA_KM": 2.8205699280099998, "SCALE": 1, "THICKNES_M": 386.60246970399999, "VOLUME_KM": 1.0904393001399999, "MASS_GT": 0.99993283823000001, "RECURRANCE": "5-6", "UA_KM": 0.06222924025, "UH_M": 32.088004827200002, "UC_KM": 0.08343410539, "REGION": "West", "ICESHELF": "Thwaites" }, "geometry": { "type": "Polygon", "coordinates": [ [ [ -1575107.418999996269122, -387923.602136838715523 ], [ -1575102.260238498682156, -387927.614506889134645 ], [ -1574636.592640496324748, -389028.283374889288098 ], [ -1574594.259222499094903, -390128.952242896426469 ], [ -1574509.592386498115957, -391293.121237899642438 ], [ -1574721.259476497303694, -392012.789343905169517 ], [ -1574881.013057954842225, -392318.98370836628601 ], [ -1575453.178627430694178, -392765.629819206893444 ], [ -1575534.268361998256296, -392828.930403000209481 ], [ -1575450.566524697234854, -392615.359601690899581 ], [ -1575378.56145581533201, -392431.633882463444024 ], [ -1575282.814273995347321, -392187.328583996742964 ], [ -1575080.791784808272496, -391706.388210085220635 ], [ -1575000.06673399428837, -391514.211901999544352 ], [ -1574962.146529994206503, -390944.267729006242007 ], [ -1575064.005729995435104, -390439.204825999215245 ], [ -1575207.015886488603428, -390152.388725542463362 ], [ -1575256.230542998528108, -390053.685554996598512 ], [ -1575384.576542751863599, -389775.528097771573812 ], [ -1575492.718254994368181, -389541.158317998517305 ], [ -1575676.676800002809614, -389283.406397165730596 ], [ -1575715.940494205802679, -389228.392412362154573 ], [ -1575760.7204, -389165.649435498286039 ], [ -1575820.696108230389655, -389081.614991767797619 ], [ -1575844.764100002124906, -389047.892333711497486 ], [ -1576007.379074994474649, -388820.045771008823067 ], [ -1576025.437266992870718, -388749.210529001895338 ], [ -1575989.035650936421007, -388745.188049057964236 ], [ -1575604.548642994137481, -388702.701164002995938 ], [ -1575177.16733199567534, -388922.248183996416628 ], [ -1575103.484472992364317, -388772.368084002286196 ], [ -1575187.555883558699861, -388663.787416728679091 ], [ -1575387.980034992098808, -388404.93380700238049 ], [ -1575388.31684942310676, -387705.126031727064401 ], [ -1575107.418999996269122, -387923.602136838715523 ] ] ] } },
{ "type": "Feature", "properties": { "ID": 3218, "YEAR": "2019-2020", "Perimtr_KM": 48.352770271700003, "AREA_KM": 88.549049466, "SCALE": 2, "THICKNES_M": 129.08032074499999, "VOLUME_KM": 11.429939706700001, "MASS_GT": 10.4812547111, "RECURRANCE": "5-6", "UA_KM": 0.24176385136, "UH_M": 10.713666569000001, "UC_KM": 0.8745528467, "REGION": "East", "ICESHELF": "Slava" }, "geometry": { "type": "Polygon", "coordinates": [ [ [ 990884.228823302779347, -2118047.573842875193805 ], [ 992207.148135812021792, -2119793.827335382811725 ], [ 992233.606522061862051, -2120402.37021913100034 ], [ 992842.149405810050666, -2120614.037309137172997 ], [ 993768.192924556788057, -2120614.037309137172997 ], [ 994738.947710609529167, -2121764.561500005889684 ], [ 995196.945782065857202, -2122307.374029138125479 ], [ 995300.187603380996734, -2122528.606503379996866 ], [ 995937.780597076751292, -2123894.877204146236181 ], [ 996475.306800004094839, -2123707.911568344105035 ], [ 996487.341171504464, -2123703.725699996110052 ], [ 996508.491600002162158, -2123696.369029211811721 ], [ 996546.323480824939907, -2123683.210114147048444 ], [ 997181.324750822968781, -2124318.211384152062237 ], [ 998266.118587082717568, -2124820.920722906943411 ], [ 998941.869894572999328, -2124541.299492212478071 ], [ 999033.411788330413401, -2124503.420087901409715 ], [ 999959.455307090654969, -2123974.252362896222621 ], [ 1000753.206894588191062, -2123974.252362896222621 ], [ 1001176.541074586566538, -2124450.503315401263535 ], [ 1001202.476465506013483, -2124500.379067174624652 ], [ 1001314.223617801442742, -2124715.277436960954219 ], [ 1000607.774550000671297, -2125238.309493000619113 ], [ 1000096.115357995498925, -2125589.739298998843879 ], [ 999616.910384995862842, -2125887.72580600110814 ], [ 999190.457666999660432, -2125907.131939001847059 ], [ 999091.738647216465324, -2125961.791994645260274 ], [ 998636.784908996429294, -2126213.696812001056969 ], [ 998780.740700514055789, -2126641.036434254143387 ], [ 998892.028326679486781, -2126971.399052030406892 ], [ 998894.298233997542411, -2126978.137380002066493 ], [ 998648.171910997945815, -2127223.937162998132408 ], [ 998364.260981996078044, -2127304.424794997088611 ], [ 998171.926445998251438, -2127158.453224998898804 ], [ 997860.012936998158693, -2127187.021857997402549 ], [ 997835.831664237193763, -2127192.506108105182648 ], [ 997724.211634999141097, -2127217.821241999510676 ], [ 997222.975353997666389, -2127380.237853996921331 ], [ 997123.463607000187039, -2127831.800784000661224 ], [ 996837.277662996668369, -2127813.362103996332735 ], [ 996229.162348997313529, -2127793.099742996972054 ], [ 995098.152834997978061, -2127236.753434997517616 ], [ 994699.134118997957557, -2127182.541894996538758 ], [ 994238.604471997357905, -2127317.874292997643352 ], [ 993496.179281000047922, -2127158.154324996285141 ], [ 993111.705017998814583, -2127304.708664996549487 ], [ 992453.097810001112521, -2127284.309553995728493 ], [ 991970.360183998011053, -2126942.211513999383897 ], [ 991709.799938997253776, -2126947.235218998044729 ], [ 991104.254267995711416, -2126933.539242001716048 ], [ 990725.505129995755851, -2126541.665185997262597 ], [ 989981.861650000791997, -2125870.833671996369958 ], [ 989703.585952998138964, -2125905.307605999521911 ], [ 989511.279024995397776, -2126043.198549002408981 ], [ 989044.261785998474807, -2125673.866770000196993 ], [ 988746.149874998722225, -2125352.989292000420392 ], [ 988537.266174001153558, -2125357.422922997735441 ], [ 988447.198302998673171, -2125508.649832997005433 ], [ 988263.212664181832224, -2125486.674550655763596 ], [ 987995.795450998004526, -2125454.734183999709785 ], [ 987784.656235997099429, -2125349.282058000564575 ], [ 987688.373678999952972, -2125505.649495995603502 ], [ 987496.933895240537822, -2125449.372522716410458 ], [ 987371.593307995703071, -2125412.526529999449849 ], [ 987359.575148997362703, -2125065.264936999417841 ], [ 986944.544749995227903, -2124919.067525001242757 ], [ 986963.63933299575001, -2124901.418658998794854 ], [ 986973.440910997334868, -2124436.033754999749362 ], [ 986933.723493707366288, -2124100.397671243175864 ], [ 986901.561300996225327, -2123828.607783000916243 ], [ 987137.086651999503374, -2123610.25334599846974 ], [ 986687.85916299559176, -2123380.343380002304912 ], [ 986395.109267999883741, -2122732.82433600211516 ], [ 985988.1123759993352, -2122489.084436998236924 ], [ 985617.49057499691844, -2122401.615613997913897 ], [ 985016.576575001236051, -2121762.671454999130219 ], [ 984345.885186000261456, -2120836.943974995985627 ], [ 983762.269092997070402, -2120162.584176996722817 ], [ 983365.044046278111637, -2119616.939124216791242 ], [ 983819.839694522321224, -2119052.992520385421813 ], [ 984825.258372032549232, -2118523.82479537371546 ], [ 985433.801255780272186, -2118259.240932874381542 ], [ 986068.80252577830106, -2118338.616091623902321 ], [ 986597.970250790007412, -2117968.198684125207365 ], [ 986862.554113289341331, -2117835.906752869021147 ], [ 987444.638610787224025, -2117730.073207869194448 ], [ 988211.931812034454197, -2117227.363869127817452 ], [ 988846.933082045987248, -2117095.071937871631235 ], [ 990884.228823302779347, -2118047.573842875193805 ] ] ] } },
{ "type": "Feature", "properties": { "ID": 3225, "YEAR": "2019-2020", "Perimtr_KM": 9.2619880252800009, "AREA_KM": 3.32457201225, "SCALE": 1, "THICKNES_M": 371.01432800200001, "VOLUME_KM": 1.23346385102, "MASS_GT": 1.13108635138, "RECURRANCE": "3-4", "UA_KM": 0.04630994013, "UH_M": 30.7941890723, "UC_KM": 0.09437751641, "REGION": "East", "ICESHELF": "Liotard" }, "geometry": { "type": "Polygon", "coordinates": [ [ [ 1674038.012932200916111, -1960463.265946366125718 ], [ 1673964.791942095384002, -1960491.654761109268293 ], [ 1673868.081237001344562, -1960529.150870996527374 ], [ 1673942.931061108596623, -1960640.87188694672659 ], [ 1673996.36485500074923, -1960720.627288 ], [ 1673921.023662726394832, -1960755.197747603291646 ], [ 1673519.669268425554037, -1960939.360029291827232 ], [ 1673125.617276000790298, -1961120.171588998287916 ], [ 1672921.797077555209398, -1961124.962931499117985 ], [ 1672734.176599999889731, -1961129.373455946100876 ], [ 1672618.223574000410736, -1961132.099244000390172 ], [ 1672437.041564836166799, -1961190.308808789588511 ], [ 1672601.561547587625682, -1960781.662400002824143 ], [ 1672690.401596891693771, -1960560.995180763769895 ], [ 1673050.235649887472391, -1960476.328344769543037 ], [ 1673600.570083891041577, -1960285.827963761985302 ], [ 1673494.736538891680539, -1960031.82745576556772 ], [ 1673367.736284900456667, -1959629.659984758589417 ], [ 1673377.499951663427055, -1959131.712979633361101 ], [ 1673981.930908204987645, -1958829.497619625879452 ], [ 1675034.727294932119548, -1958829.497619625879452 ], [ 1675413.824088996276259, -1959929.844477998558432 ], [ 1674038.012932200916111, -1960463.265946366125718 ] ] ] } },
{ "type": "Feature", "properties": { "ID": 3228, "YEAR": "2019-2020", "Perimtr_KM": 6.9570930952300003, "AREA_KM": 1.5896782033000001, "SCALE": 1, "THICKNES_M": 333.61889877300001, "VOLUME_KM": 0.53034669159000003, "MASS_GT": 0.48632791619, "RECURRANCE": "3-4", "UA_KM": 0.03478546548, "UH_M": 27.690368461599999, "UC_KM": 0.04057905997, "REGION": "East", "ICESHELF": "Astrolabe" }, "geometry": { "type": "Polygon", "coordinates": [ [ [ 1643052.125209029763937, -1971217.148117505013943 ], [ 1643416.181590111926198, -1971256.797822375781834 ], [ 1643713.83843541983515, -1971670.210107535589486 ], [ 1644226.469669027253985, -1971405.62624502973631 ], [ 1644854.856342465616763, -1971521.38168488163501 ], [ 1644871.392833870835602, -1971951.330461439210922 ], [ 1645221.888816702179611, -1972162.308625858277082 ], [ 1645282.628325954079628, -1972198.8702722042799 ], [ 1645064.238555000163615, -1972573.153878001030535 ], [ 1644404.771874995902181, -1972304.581444001290947 ], [ 1644394.29513050429523, -1972251.481302931439131 ], [ 1644342.408113000914454, -1971988.498088002437726 ], [ 1644072.996360000222921, -1971979.063971996773034 ], [ 1643900.377219445072114, -1972158.765661529963836 ], [ 1643625.697207994759083, -1972444.715770998736843 ], [ 1643154.06261199619621, -1972001.354355999268591 ], [ 1643118.649450801312923, -1971908.614837859291583 ], [ 1642989.620591996237636, -1971570.715769002214074 ], [ 1642922.465171996504068, -1971528.938598996493965 ], [ 1642960.54461154807359, -1971339.712506681215018 ], [ 1642970.525324995629489, -1971290.115888998378068 ], [ 1642993.538319285027683, -1971210.767367134336382 ], [ 1643052.125209029763937, -1971217.148117505013943 ] ] ] } },
{ "type": "Feature", "properties": { "ID": 3232, "YEAR": "2019-2020", "Perimtr_KM": 92.774576517499995, "AREA_KM": 134.65388643899999, "SCALE": 3, "THICKNES_M": 376.230678, "VOLUME_KM": 50.660922990300001, "MASS_GT": 46.456066382099998, "RECURRANCE": ">8", "UA_KM": 0.46387288258999998, "UH_M": 31.22714612, "UC_KM": 3.87628067637, "REGION": "East", "ICESHELF": "Dibble" }, "geometry": { "type": "Polygon", "coordinates": [ [ [ 1866646.509166997857392, -1864992.98723900038749 ], [ 1866147.81316100154072, -1865691.368581002112478 ], [ 1866921.226424998603761, -1865533.345062002073973 ], [ 1867808.552000995725393, -1865676.285037997644395 ], [ 1868524.175474997609854, -1866043.460709 ], [ 1867861.191950996406376, -1866977.079402002040297 ], [ 1867607.603570999577641, -1867207.859872001921758 ], [ 1867928.239342000335455, -1867664.294569996418431 ], [ 1868066.209504994563758, -1867919.056459996383637 ], [ 1867648.894926995970309, -1868460.456836002413183 ], [ 1867475.291071997024119, -1868731.408314000349492 ], [ 1867782.505312998779118, -1868945.627300995867699 ], [ 1867798.399298001080751, -1869212.825438999803737 ], [ 1868211.387641997076571, -1869343.829915998969227 ], [ 1868384.866576994769275, -1869376.549497998319566 ], [ 1868628.303034994751215, -1869113.41486299643293 ], [ 1868947.739714996889234, -1869087.071894997498021 ], [ 1869020.831099000759423, -1869123.072242000605911 ], [ 1869100.342041996307671, -1869334.157958996249363 ], [ 1869179.532892998307943, -1869956.741530002094805 ], [ 1868911.29993600025773, -1870327.438018000684679 ], [ 1868782.289457999169827, -1870229.155923997284845 ], [ 1868694.4755849968642, -1870590.891239 ], [ 1868270.39409099612385, -1870986.734855999238789 ], [ 1868003.694130999036133, -1871185.257467996329069 ], [ 1867694.91453099809587, -1870622.281007996760309 ], [ 1867496.89200499560684, -1870594.815761999227107 ], [ 1866416.083853996358812, -1871629.950623998884112 ], [ 1865680.428094996139407, -1872497.172510001342744 ], [ 1865532.227479999884963, -1873310.1444669989869 ], [ 1865896.22327499743551, -1873155.895037000300363 ], [ 1866355.124928999692202, -1872513.58706199657172 ], [ 1866888.569315996021032, -1871781.04399799881503 ], [ 1867632.921958996914327, -1871432.984204999636859 ], [ 1867854.860031998716295, -1871781.97517700213939 ], [ 1867000.124443995766342, -1872959.133711000205949 ], [ 1866714.503357996232808, -1873676.864296999294311 ], [ 1866083.01949299685657, -1874654.07437 ], [ 1865505.170306996442378, -1875174.838642997667193 ], [ 1865342.445542996749282, -1875474.432108997832984 ], [ 1865766.00023699644953, -1875748.860464000608772 ], [ 1866191.870362000539899, -1875125.56351700075902 ], [ 1867092.868196000345051, -1873829.051189999328926 ], [ 1867849.207870995625854, -1873183.130593996029347 ], [ 1868446.411907000467181, -1872529.213074997998774 ], [ 1868673.157288996502757, -1872260.489430002402514 ], [ 1868934.635064995847642, -1872654.73041499662213 ], [ 1869305.77473699953407, -1872936.817628997378051 ], [ 1869265.551605995744467, -1873319.527119998354465 ], [ 1868862.176593001000583, -1873537.124451997922733 ], [ 1868442.643688000738621, -1873802.375710997730494 ], [ 1868013.686806995421648, -1873844.688993002288043 ], [ 1867674.61180199496448, -1874843.356435997411609 ], [ 1867256.675417996942997, -1875391.161135996691883 ], [ 1866712.563325, -1876815.756368996342644 ], [ 1866352.269936999306083, -1877025.65212800167501 ], [ 1866027.974154996685684, -1877919.973731 ], [ 1865275.517440001480281, -1878508.646665998268872 ], [ 1864936.127005998976529, -1878559.683660000562668 ], [ 1864879.141486999578774, -1877905.997301001334563 ], [ 1864386.680998996831477, -1878309.724630998214707 ], [ 1863742.863468999043107, -1878988.647144997958094 ], [ 1862768.580432001501322, -1879437.100127996876836 ], [ 1862619.207697001285851, -1879795.321202997118235 ], [ 1862766.253398998640478, -1880451.596002000151202 ], [ 1862383.860170994885266, -1880443.110233997460455 ], [ 1862790.812070998363197, -1880830.305613999255002 ], [ 1862830.529925000853837, -1881355.267936998279765 ], [ 1862571.120036997832358, -1881556.697629002388567 ], [ 1862087.404861995950341, -1881269.426919001154602 ], [ 1861620.938192998990417, -1881022.477099000709131 ], [ 1861493.387101999484003, -1881574.738047 ], [ 1861539.91569699626416, -1881906.376668997574598 ], [ 1861165.685845994390547, -1881968.330238000722602 ], [ 1860240.788895997218788, -1881782.080407999688759 ], [ 1859989.276846, -1881334.295578996185213 ], [ 1860764.164950999431312, -1881348.529960998566821 ], [ 1860333.610037997364998, -1881135.564665997866541 ], [ 1860466.727926999330521, -1880177.626510998234153 ], [ 1861321.414008997380733, -1880635.724716000724584 ], [ 1861701.402372998185456, -1879230.071943997405469 ], [ 1862305.007360997609794, -1879347.021304995752871 ], [ 1862193.027684996835887, -1878816.218673998257145 ], [ 1861882.943378999829292, -1878748.819723996799439 ], [ 1862312.299712999723852, -1877495.146784001030028 ], [ 1862476.013207998126745, -1877128.547181996051222 ], [ 1861669.383076997473836, -1878005.307345997542143 ], [ 1860875.865221997722983, -1878828.330522002186626 ], [ 1860092.31623699516058, -1879475.530621998012066 ], [ 1859014.798268996179104, -1880029.399538001511246 ], [ 1858072.619749995879829, -1880456.667592996964231 ], [ 1857329.425239995121956, -1880297.200949999503791 ], [ 1857635.195333999581635, -1879775.718841997906566 ], [ 1857122.652222995646298, -1880149.127659001853317 ], [ 1856625.961324999108911, -1880211.558133001439273 ], [ 1856074.023716994561255, -1880337.538212995743379 ], [ 1855779.516818001866341, -1880240.407985999714583 ], [ 1855787.239721997641027, -1879720.74707499705255 ], [ 1855337.953345998190343, -1880071.07596199773252 ], [ 1854545.987728995271027, -1879842.089695995906368 ], [ 1855022.652345999144018, -1879024.696679999819025 ], [ 1854392.021527281962335, -1878746.470173029461876 ], [ 1854858.881758831441402, -1878269.460806003771722 ], [ 1855229.299166330136359, -1877740.293081005569547 ], [ 1855837.842050078324974, -1877290.500514750136063 ], [ 1856446.384933826513588, -1876205.706678503658623 ], [ 1855679.091732578352094, -1876232.165064753498882 ], [ 1855732.008505078032613, -1875411.955090992851183 ], [ 1855970.133981327526271, -1873480.492894735652953 ], [ 1856037.724048242904246, -1873386.906648244243115 ], [ 1856658.052023839205503, -1872527.990989738842472 ], [ 1857716.387473835609853, -1871125.696518473094329 ], [ 1857928.05456383433193, -1871628.405857228208333 ], [ 1858314.418976990506053, -1871832.951723013538867 ], [ 1858377.847130083478987, -1871866.531333477236331 ], [ 1858672.201946308836341, -1871538.212499998509884 ], [ 1858674.641600002534688, -1871535.491347800940275 ], [ 1858701.556573892012239, -1871505.4708 ], [ 1858740.124999999068677, -1871462.452170883305371 ], [ 1858760.265829064883292, -1871439.987400002777576 ], [ 1859065.765172594226897, -1871099.238132223021239 ], [ 1859165.766899998299778, -1871001.97617816971615 ], [ 1859186.713147974573076, -1870981.603799998294562 ], [ 1859198.508600004017353, -1870970.131511035608128 ], [ 1860997.227368852123618, -1869220.692708465736359 ], [ 1863034.523110108450055, -1866098.603130955714732 ], [ 1863841.863226323388517, -1865867.934526321012527 ], [ 1864330.98403636738658, -1865728.185723450267687 ], [ 1864410.359195117838681, -1864564.016728454269469 ], [ 1864492.289884367026389, -1864154.363282201811671 ], [ 1864595.567898866720498, -1863637.973209693562239 ], [ 1865838.843173807486892, -1863151.474189066560939 ], [ 1866294.310474994592369, -1864025.851059000939131 ], [ 1866646.509166997857392, -1864992.98723900038749 ] ] ] } },
{ "type": "Feature", "properties": { "ID": 3235, "YEAR": "2019-2020", "Perimtr_KM": 9.9324770428299995, "AREA_KM": 2.8286935672300002, "SCALE": 1, "THICKNES_M": 338.32333333299999, "VOLUME_KM": 0.95701303664000004, "MASS_GT": 0.8775809546, "RECURRANCE": "5-6", "UA_KM": 0.04966238521, "UH_M": 28.080836528199999, "UC_KM": 0.07322509978, "REGION": "East", "ICESHELF": "May_Glacier" }, "geometry": { "type": "Polygon", "coordinates": [ [ [ 1995239.835881998762488, -1712881.030481000663713 ], [ 1994710.428439001552761, -1713816.120308000594378 ], [ 1994149.443600000813603, -1713822.720610997173935 ], [ 1993837.487870001234114, -1713806.238474001875147 ], [ 1993836.375774996355176, -1713535.212196996202692 ], [ 1993600.306357994675636, -1713517.779211001936346 ], [ 1993361.486767999827862, -1713573.15412099706009 ], [ 1993070.934718176722527, -1713318.531342575792223 ], [ 1993474.474567824974656, -1713000.851035406580195 ], [ 1993876.642038831487298, -1712662.183691408950835 ], [ 1994405.809763830155134, -1712344.68305640341714 ], [ 1995633.478885841555893, -1711730.848495397251099 ], [ 1996839.981298848986626, -1711286.347606393275782 ], [ 1996884.570638751611114, -1711313.787200171966106 ], [ 1996838.032817999832332, -1711355.607896000612527 ], [ 1996441.876458997838199, -1711674.754180001560599 ], [ 1996164.30233200173825, -1711757.584177 ], [ 1995921.47637699637562, -1711829.346082001458853 ], [ 1995509.531897997483611, -1712235.456524000968784 ], [ 1995589.902164996601641, -1712456.66878700023517 ], [ 1995239.835881998762488, -1712881.030481000663713 ] ] ] } },
{ "type": "Feature", "properties": { "ID": 3238, "YEAR": "2019-2020", "Perimtr_KM": 78.713458610499998, "AREA_KM": 203.168176816, "SCALE": 3, "THICKNES_M": 279.89095346599998, "VOLUME_KM": 56.864934722999998, "MASS_GT": 52.145145141, "RECURRANCE": ">8", "UA_KM": 0.39356729305, "UH_M": 23.230949023099999, "UC_KM": 4.3509757544700003, "REGION": "East", "ICESHELF": "May_Glacier" }, "geometry": { "type": "Polygon", "coordinates": [ [ [ 2012233.008369614370167, -1692535.57796667329967 ], [ 2012164.071835, -1692580.243738999357447 ], [ 2011453.133433997631073, -1693052.917298002401367 ], [ 2011173.712557999417186, -1693688.164269998436794 ], [ 2010702.50626399833709, -1693790.316297998186201 ], [ 2009891.455196997150779, -1693464.429553001187742 ], [ 2009746.64916399680078, -1693754.177155002020299 ], [ 2010152.343780998140574, -1693997.742304999614134 ], [ 2011075.967226001434028, -1694968.219351001083851 ], [ 2011464.941195997409523, -1695188.188142998609692 ], [ 2011766.120098996907473, -1695458.524666998768225 ], [ 2012167.059598995372653, -1695410.296746998559684 ], [ 2012582.728394001722336, -1695711.782082001911476 ], [ 2012963.033986000344157, -1696062.790196000598371 ], [ 2013541.482295998372138, -1695932.51719699637033 ], [ 2013807.058928999118507, -1695881.775941000552848 ], [ 2014058.853703998960555, -1696312.76536999642849 ], [ 2014163.154154184274375, -1696299.882796794176102 ], [ 2014668.120683996006846, -1696237.512324998620898 ], [ 2014959.23410099837929, -1696318.73602999933064 ], [ 2015297.488388994708657, -1696080.588293998502195 ], [ 2015771.951787997968495, -1696056.166008000262082 ], [ 2015960.409175997599959, -1696111.503173998557031 ], [ 2016394.517919995822012, -1696567.854486999567598 ], [ 2016752.214056997559965, -1696842.946936 ], [ 2015881.316211996600032, -1701688.429930001497269 ], [ 2013948.298235998488963, -1703433.270945001859218 ], [ 2012026.420031994581223, -1703460.304580001160502 ], [ 2010781.801477996632457, -1705478.904938999563456 ], [ 2010592.478178, -1705589.438696999102831 ], [ 2010313.180003999732435, -1705567.915158996358514 ], [ 2010194.04770599771291, -1705411.297324997605756 ], [ 2009932.897983998060226, -1705437.996263998094946 ], [ 2009620.704360995441675, -1705770.003958998713642 ], [ 2009598.581940995529294, -1705929.415428998647258 ], [ 2009324.289675001055002, -1705989.058496997691691 ], [ 2009181.634880998171866, -1705981.943488002289087 ], [ 2009061.147276996634901, -1706167.517314999829978 ], [ 2009187.73868899513036, -1706412.185369001701474 ], [ 2008849.651932997629046, -1706609.443416997324675 ], [ 2008019.455172995105386, -1707578.244918000884354 ], [ 2007921.834535996429622, -1707434.169649996096268 ], [ 2007741.622930998913944, -1707679.117752001620829 ], [ 2007706.766739998944104, -1707947.920976001303643 ], [ 2007619.8355120010674, -1708047.630520998965949 ], [ 2005884.219595999456942, -1707681.17932099965401 ], [ 2005136.744123463518918, -1707491.414577492978424 ], [ 2005687.665660876780748, -1706587.338208377594128 ], [ 2005687.665660876780748, -1706100.503901376388967 ], [ 2005581.832115876488388, -1705253.835541372653097 ], [ 2005137.331226886250079, -1703962.666292364709079 ], [ 2005624.165533874183893, -1703200.664768368471414 ], [ 2005645.332242879085243, -1702163.496027356944978 ], [ 2005878.166041883639991, -1701464.994630356552079 ], [ 2006449.667184879072011, -1700978.160323355346918 ], [ 2006386.167057890444994, -1700533.659434351604432 ], [ 2006619.000856881961226, -1699348.323730350006372 ], [ 2006005.166295875795186, -1699517.657402352197096 ], [ 2005774.986531371250749, -1698616.119991336716339 ], [ 2005355.348329585045576, -1698647.705662440974265 ], [ 2005092.15658525750041, -1698348.624134788755327 ], [ 2004544.663374871946871, -1698395.821825339458883 ], [ 2004290.662866875529289, -1698522.822079344652593 ], [ 2003634.494887872599065, -1698734.489169343840331 ], [ 2003147.660580871626735, -1698501.655370339285582 ], [ 2002173.991966868750751, -1697739.653846343047917 ], [ 2001708.324368859641254, -1696638.984978335909545 ], [ 2001073.32309886161238, -1695686.483073332346976 ], [ 2001157.989934856072068, -1695241.982184328371659 ], [ 2000755.822463862597942, -1694098.979898330755532 ], [ 2000635.552977666258812, -1693397.407895568292588 ], [ 2000360.005005555227399, -1693186.694740422535688 ], [ 2000487.005259560421109, -1692763.360560417175293 ], [ 2000986.638538094237447, -1692848.203947339672595 ], [ 2001411.990442866459489, -1692596.143559316638857 ], [ 2001644.824241871014237, -1692215.142797322012484 ], [ 2001665.990950862877071, -1691728.308490314055234 ], [ 2001200.32335286680609, -1691304.974310308694839 ], [ 2000607.655500852502882, -1690691.139749316265807 ], [ 1999993.82093986030668, -1690246.63886031229049 ], [ 2000776.989172854460776, -1689188.303410302381963 ], [ 2000890.192389309406281, -1689112.834599341731519 ], [ 2001368.507271736860275, -1687921.395710364449769 ], [ 2001306.156897866167128, -1686711.798457299824804 ], [ 2002110.491839867085218, -1686140.297314290655777 ], [ 2001877.658040861599147, -1685230.128827284090221 ], [ 2002133.077872456051409, -1684552.71101305889897 ], [ 2002440.923713996075094, -1684792.586101001594216 ], [ 2005207.311864997260273, -1686871.434643995948136 ], [ 2009281.349922998808324, -1687937.402323001995683 ], [ 2013022.974030001088977, -1689915.176701000425965 ], [ 2014231.456860000267625, -1691673.857250001048669 ], [ 2013533.959149996750057, -1691792.712476999498904 ], [ 2012812.993596994318068, -1692159.790464997058734 ], [ 2012233.008369614370167, -1692535.57796667329967 ] ] ] } },
{ "type": "Feature", "properties": { "ID": 3241, "YEAR": "2019-2020", "Perimtr_KM": 8.6483715122099998, "AREA_KM": 2.1410143292199999, "SCALE": 1, "THICKNES_M": 88.8417243958, "VOLUME_KM": 0.19021140496, "MASS_GT": 0.17442385835, "RECURRANCE": "5-6", "UA_KM": 0.04324185756, "UH_M": 7.3738630884900003, "UC_KM": 0.01455387604, "REGION": "East", "ICESHELF": "Morse" }, "geometry": { "type": "Polygon", "coordinates": [ [ [ 2001811.401277999393642, -1676617.599520995980129 ], [ 2001912.667294234037399, -1676653.76979590090923 ], [ 2002173.273316997103393, -1676746.853258998133242 ], [ 2002519.115167000330985, -1676674.46264999685809 ], [ 2002529.592286994680762, -1676672.255709998542443 ], [ 2002747.201141001656651, -1676861.595803002361208 ], [ 2002807.404995, -1677061.294800997246057 ], [ 2002747.201141001656651, -1677256.294103002175689 ], [ 2002952.015454995445907, -1677241.97618100233376 ], [ 2003081.102957999333739, -1677584.815774996299297 ], [ 2002991.314982996322215, -1678208.470182001125067 ], [ 2003177.400240998715162, -1678264.774054997600615 ], [ 2003199.654820999130607, -1678480.500879002269357 ], [ 2003124.62309099920094, -1678691.663602000568062 ], [ 2002878.102691994979978, -1678750.375079997815192 ], [ 2002555.707124000415206, -1678140.775041995802894 ], [ 2002487.736958860419691, -1678217.572759106289595 ], [ 2002383.542385973036289, -1677928.143389981240034 ], [ 2002066.041750960983336, -1677483.642500977497548 ], [ 2001875.541369967162609, -1677377.808955977670848 ], [ 2001367.540353960357606, -1677102.641738982638344 ], [ 2001367.540353960357606, -1676890.974648969713598 ], [ 2001304.040226957760751, -1676615.807431974913925 ], [ 2001277.796765422448516, -1676595.738902560900897 ], [ 2001196.661931711249053, -1676533.694617959903553 ], [ 2000944.206173961982131, -1676340.640214973129332 ], [ 2000975.942371456883848, -1676273.20079528959468 ], [ 2001113.539845963940024, -1675980.806161970132962 ], [ 2001353.479141629301012, -1675771.826775423251092 ], [ 2001350.978803997859359, -1676025.037230000831187 ], [ 2001568.226386996917427, -1676317.803547997726128 ], [ 2001811.401277999393642, -1676617.599520995980129 ] ] ] } },
{ "type": "Feature", "properties": { "ID": 3248, "YEAR": "2019-2020", "Perimtr_KM": 14.653273627500001, "AREA_KM": 3.0592380601100002, "SCALE": 1, "THICKNES_M": 203.5371798, "VOLUME_KM": 0.62266868709000001, "MASS_GT": 0.57098718605999998, "RECURRANCE": "6-8", "UA_KM": 0.07326636814, "UH_M": 16.893585840099998, "UC_KM": 0.04764300485, "REGION": "East", "ICESHELF": "Drygalski" }, "geometry": { "type": "Polygon", "coordinates": [ [ [ 445254.61271678796038, -1544470.098877252545208 ], [ 445625.030124300159514, -1544681.765967245213687 ], [ 446483.478797319345176, -1544430.512697091558948 ], [ 446709.823960546869785, -1544364.265332239214331 ], [ 447111.094925188459456, -1544498.022320455405861 ], [ 447147.247679216787219, -1544510.073238465003669 ], [ 447256.723985839169472, -1544787.41321523161605 ], [ 447621.471965670585632, -1544821.343259872868657 ], [ 447866.891463914886117, -1544989.501064226729795 ], [ 447833.601797332055867, -1545034.667910050135106 ], [ 447571.857653338927776, -1545174.56962304469198 ], [ 447511.022853019181639, -1545158.81186511577107 ], [ 447368.39327933313325, -1545121.867184054106474 ], [ 447242.309660332277417, -1545091.256372052012011 ], [ 447022.87560818484053, -1545040.026461173314601 ], [ 446920.6398413348943, -1545016.158109050709754 ], [ 446899.809911325573921, -1545293.249633059836924 ], [ 446646.557026324328035, -1545450.508352051954716 ], [ 446266.677177329547703, -1545427.478565054945648 ], [ 445928.400946343317628, -1545444.218299054540694 ], [ 445922.317142328247428, -1545106.114682043902576 ], [ 445968.621799346990883, -1544970.322003050707281 ], [ 445655.773836342617869, -1544992.379660059697926 ], [ 445273.246913329232484, -1545059.30462405923754 ], [ 444748.352678326889873, -1544797.961253054905683 ], [ 444496.117197324987501, -1543908.434344052802771 ], [ 444241.095015321858227, -1543778.381312053883448 ], [ 443907.717804321553558, -1543219.129708051215857 ], [ 443621.794608324766159, -1542850.090499059762806 ], [ 443333.745568343438208, -1542750.740401059854776 ], [ 442757.593127324711531, -1542454.14371605287306 ], [ 442481.89236350916326, -1542156.82325319154188 ], [ 442745.569130195304751, -1542194.491362719796598 ], [ 443023.382185826078057, -1542313.554100844543427 ], [ 443433.487172693014145, -1542366.470873344223946 ], [ 443671.612648942042142, -1542710.429894600063562 ], [ 443830.766298241447657, -1542918.845387728186324 ], [ 444407.944356790743768, -1543147.179564736550674 ], [ 444857.736923039425164, -1543517.596972241997719 ], [ 445254.61271678796038, -1544470.098877252545208 ] ] ] } },
{ "type": "Feature", "properties": { "ID": 3251, "YEAR": "2019-2020", "Perimtr_KM": 11.665963936600001, "AREA_KM": 3.39382059204, "SCALE": 1, "THICKNES_M": 200.797812523, "VOLUME_KM": 0.68147175098000001, "MASS_GT": 0.62490959565000004, "RECURRANCE": "3-4", "UA_KM": 0.05832981968, "UH_M": 16.666218357200002, "UC_KM": 0.05214227503, "REGION": "East", "ICESHELF": "Drygalski" }, "geometry": { "type": "Polygon", "coordinates": [ [ [ 399033.484107864554971, -1540902.093769010622054 ], [ 399411.692522947210819, -1540910.689414807595313 ], [ 400107.84530488634482, -1540926.511068941792473 ], [ 400169.494136980269104, -1540927.912178758531809 ], [ 400488.695351623464376, -1540935.16675181966275 ], [ 400585.914077718276531, -1540903.917875575367361 ], [ 401414.738870370201766, -1540637.509906511520967 ], [ 402379.577658679801971, -1540637.509906511520967 ], [ 402188.899255141615868, -1540740.741797977127135 ], [ 401646.244343893136829, -1541165.815150891430676 ], [ 401617.805562146939337, -1541188.091864985879511 ], [ 401432.385652884840965, -1541290.066611915826797 ], [ 401235.967083996161819, -1541398.090253683272749 ], [ 401194.947818970307708, -1541420.649477158673108 ], [ 401184.778873107396066, -1541427.93623053538613 ], [ 401040.699581974651664, -1541531.179012483917177 ], [ 400633.922893980983645, -1541822.662657151930034 ], [ 400586.972901659086347, -1541815.870543099474162 ], [ 400337.782923971768469, -1541779.820979159558192 ], [ 400020.243545976467431, -1542012.725434162188321 ], [ 399844.870685976929963, -1542137.903989158105105 ], [ 399049.505959983915091, -1541521.409367156680673 ], [ 398738.730231975205243, -1541342.23178115580231 ], [ 398535.71104597998783, -1541418.045115150045604 ], [ 398345.40545498020947, -1541474.647276154952124 ], [ 397781.289624981116503, -1541089.480314161628485 ], [ 397629.121007970999926, -1541012.525624160654843 ], [ 397197.709334987215698, -1541062.094864156795666 ], [ 397117.237579851411283, -1540950.355049063684419 ], [ 398140.513571926858276, -1540571.363940886687487 ], [ 399033.484107864554971, -1540902.093769010622054 ] ] ] } },
{ "type": "Feature", "properties": { "ID": 3257, "YEAR": "2019-2020", "Perimtr_KM": 6.8036638903900002, "AREA_KM": 1.24027946841, "SCALE": 1, "THICKNES_M": 187.12485027299999, "VOLUME_KM": 0.23208710982, "MASS_GT": 0.21282387971, "RECURRANCE": "6-8", "UA_KM": 0.03401831945, "UH_M": 15.5313624961, "UC_KM": 0.01775796267, "REGION": "East", "ICESHELF": "Cheetham" }, "geometry": { "type": "Polygon", "coordinates": [ [ [ 455416.707806058228016, -1486962.130198060069233 ], [ 455367.007941593881696, -1487068.629907626658678 ], [ 455256.935737682506442, -1488071.509987730532885 ], [ 455243.781335000880063, -1488035.348707000492141 ], [ 455228.654416000470519, -1487995.284847002243623 ], [ 455211.993138000834733, -1487952.780976998386905 ], [ 455195.97829599538818, -1487912.356496999273077 ], [ 455177.972329994663596, -1487867.580306999152526 ], [ 455107.245329998899251, -1487696.432516001863405 ], [ 455079.379076996818185, -1487627.395736000267789 ], [ 455064.662014994770288, -1487589.819852997083217 ], [ 455051.193527998402715, -1487554.625779996626079 ], [ 455038.708825001027435, -1487521.014480996178463 ], [ 455027.086640994995832, -1487488.882897999836132 ], [ 455013.626219995319843, -1487450.189788995776325 ], [ 455001.23419799702242, -1487412.858561998931691 ], [ 454989.827765995170921, -1487376.751051996136084 ], [ 454977.962015994824469, -1487333.419232001993805 ], [ 454968.187523998785764, -1487297.80884199985303 ], [ 454959.358798997942358, -1487264.160651998827234 ], [ 454951.407141000963748, -1487231.176091997884214 ], [ 454944.228324995841831, -1487198.642642001621425 ], [ 454939.222408997826278, -1487173.783121997956187 ], [ 454934.483158000279218, -1487148.337351996218786 ], [ 454930.000400996301323, -1487122.250521997688338 ], [ 454925.761812001466751, -1487095.450502001447603 ], [ 454921.803157999180257, -1487067.962841996690258 ], [ 454918.014688995201141, -1487039.49491200176999 ], [ 454914.421994999051094, -1487009.981381997233257 ], [ 454910.999847000930458, -1486979.213451998773962 ], [ 454905.83888799790293, -1486926.828581999754533 ], [ 454898.29726199619472, -1486865.217552996240556 ], [ 454894.009331998880953, -1486809.205192998051643 ], [ 454884.286987995263189, -1486675.077183002373204 ], [ 454878.877424999605864, -1486607.195632999762893 ], [ 454875.928348994813859, -1486573.857142996042967 ], [ 454872.904144996311516, -1486542.483332996256649 ], [ 454869.771172997076064, -1486512.630342996213585 ], [ 454866.515814999584109, -1486484.088072997750714 ], [ 454861.600161996204406, -1486459.372729998780414 ], [ 454855.858810996171087, -1486434.323300002375618 ], [ 454851.534973998554051, -1486407.537479998776689 ], [ 454847.369317995384336, -1486381.852850000374019 ], [ 454842.986242995597422, -1486356.645049999700859 ], [ 454838.337871000636369, -1486332.183190001640469 ], [ 454833.43496499909088, -1486308.262569998623803 ], [ 454828.269267998635769, -1486284.842529999557883 ], [ 454820.973834998439997, -1486252.367139995796606 ], [ 454805.23701699776575, -1486180.118549995822832 ], [ 454799.688888936303556, -1486155.384444472612813 ], [ 454798.46788999484852, -1486149.941109996754676 ], [ 454789.832958994898945, -1486113.733499998459592 ], [ 454781.51082199672237, -1486081.580490002175793 ], [ 454776.740263998974115, -1486064.38196 ], [ 454771.93951999861747, -1486047.765969997737557 ], [ 454767.038225998170674, -1486031.937059999443591 ], [ 454762.334016998764127, -1486016.998089998494834 ], [ 454757.777741001453251, -1486002.848390996921808 ], [ 454753.017729997169226, -1485989.267280997475609 ], [ 454747.833805998321623, -1485975.643461001804098 ], [ 454742.289911998901516, -1485962.030461000511423 ], [ 454737.360882999375463, -1485950.938840999267995 ], [ 454731.85500499792397, -1485939.801990999374539 ], [ 454725.761074994225055, -1485928.597161000594497 ], [ 454719.063190997578204, -1485917.295061002485454 ], [ 454711.751296996604651, -1485905.876900997478515 ], [ 454703.788757000118494, -1485894.283820996759459 ], [ 454695.139843996148556, -1485882.463590995874256 ], [ 454685.747603997122496, -1485870.3382709978614 ], [ 454677.463977000210434, -1485860.13020099629648 ], [ 454668.563862996175885, -1485849.567550998181105 ], [ 454658.957950997631997, -1485838.543850996764377 ], [ 454648.466543999034911, -1485826.852680999552831 ], [ 454628.316950999200344, -1485805.100940997945145 ], [ 454577.655018999241292, -1485750.876543997321278 ], [ 454563.813792999833822, -1485735.594822000712156 ], [ 454551.655922000296414, -1485721.806372000603005 ], [ 454538.754265001043677, -1485706.502811998827383 ], [ 454527.166560998186469, -1485692.074012001277879 ], [ 454516.674018995836377, -1485678.176822000183165 ], [ 454507.173310996498913, -1485664.674792001722381 ], [ 454502.00508400099352, -1485656.868032001424581 ], [ 454497.14422999555245, -1485649.145042000571266 ], [ 454492.581585000269115, -1485641.491391997318715 ], [ 454488.310137996450067, -1485633.895412001525983 ], [ 454484.332945995498449, -1485626.429882000898942 ], [ 454480.626162, -1485618.916961998678744 ], [ 454477.195839000865817, -1485611.433901999378577 ], [ 454474.048890997190028, -1485604.059171995846555 ], [ 454471.158677995670587, -1485596.605741997482255 ], [ 454468.537356996908784, -1485589.162921997718513 ], [ 454466.193171000573784, -1485581.810821996768937 ], [ 454464.114461995661259, -1485574.459201999474317 ], [ 454464.007455999497324, -1485568.813462999649346 ], [ 454464.017705998849124, -1485563.081963000586256 ], [ 454464.29041899740696, -1485557.338633000850677 ], [ 454464.573603997472674, -1485550.488492995966226 ], [ 454464.792102999519557, -1485531.778492998331785 ], [ 454463.310506999958307, -1485512.675143001833931 ], [ 454462.389420999214053, -1485494.288693001493812 ], [ 454462.081242997664958, -1485476.90307299583219 ], [ 454462.385959995444864, -1485460.783322999021038 ], [ 454463.298099997453392, -1485445.94589299778454 ], [ 454464.771306999959052, -1485432.431263000704348 ], [ 454465.75241700001061, -1485426.224793 ], [ 454466.881734996568412, -1485420.378412997117266 ], [ 454468.557347999420017, -1485413.771642997628078 ], [ 454470.646010996308178, -1485407.548972997581586 ], [ 454473.231018996331841, -1485401.794022999703884 ], [ 454476.231663997750729, -1485396.416662999195978 ], [ 454479.690577999223024, -1485391.457452996401116 ], [ 454483.610291995573789, -1485386.912712999153882 ], [ 454488.034645000938326, -1485382.822742998832837 ], [ 454492.884895000141114, -1485379.097512996289879 ], [ 454498.158435000106692, -1485375.737622999120504 ], [ 454503.947901000268757, -1485372.82228299905546 ], [ 454510.217899996321648, -1485370.305272997356951 ], [ 454516.975524998735636, -1485368.183802997227758 ], [ 454524.186033996287733, -1485366.412303000222892 ], [ 454531.94336299598217, -1485365.074703002115712 ], [ 454540.177022996824235, -1485364.082222998375073 ], [ 454548.943036999553442, -1485363.476622998015955 ], [ 454557.267479998059571, -1485363.252772998064756 ], [ 454566.09158399887383, -1485363.38271599705331 ], [ 454575.351568999234587, -1485363.779960997402668 ], [ 454585.112670999020338, -1485364.489165995968506 ], [ 454595.392000999767333, -1485365.511272000614554 ], [ 454606.196737995371222, -1485366.80759 ], [ 454617.654654996469617, -1485368.470874998951331 ], [ 454629.832764000166208, -1485370.511247999034822 ], [ 454653.762075000908226, -1485375.139528000261635 ], [ 454681.115604997612536, -1485381.078358000144362 ], [ 454710.111247994937003, -1485387.850208001444116 ], [ 454794.126336995512247, -1485408.584718 ], [ 454819.820906999520957, -1485414.763267998583615 ], [ 454842.849766995292157, -1485419.848637996939942 ], [ 454868.452415998093784, -1485425.021678002318367 ], [ 454892.074441999197006, -1485429.017537998966873 ], [ 454903.090048997662961, -1485430.656628000317141 ], [ 454913.802333996165544, -1485432.00532800052315 ], [ 454924.123465998098254, -1485433.100257999263704 ], [ 454934.073455998674035, -1485433.943367996718735 ], [ 454945.806924000848085, -1485434.618847997160628 ], [ 454956.921774998772889, -1485434.954817996593192 ], [ 454967.668170001357794, -1485434.884688001591712 ], [ 454977.947326998692006, -1485434.441747998585925 ], [ 454987.775912000797689, -1485433.625008001225069 ], [ 454997.161854000296444, -1485432.4335980003234 ], [ 455006.114816995803267, -1485430.866238001734018 ], [ 455014.757203998044133, -1485428.88803499774076 ], [ 455022.876910996623337, -1485426.561149998102337 ], [ 455030.697474997956306, -1485423.819246997591108 ], [ 455037.994578997604549, -1485420.727601995924488 ], [ 455045.001663994975388, -1485417.217448997544125 ], [ 455051.493556997738779, -1485413.353683996247128 ], [ 455057.702085996977985, -1485409.067750998772681 ], [ 455063.515297996811569, -1485404.391308997990564 ], [ 455068.935441998764873, -1485399.322545997099951 ], [ 455075.593698997050524, -1485392.141353000188246 ], [ 455082.24653299851343, -1485384.057333 ], [ 455088.835086999926716, -1485375.036973000969738 ], [ 455095.452556996140629, -1485364.953133000526577 ], [ 455102.057880998123437, -1485353.906442997278646 ], [ 455109.061288997065276, -1485341.246003000298515 ], [ 455116.212561998981982, -1485327.543533001793548 ], [ 455136.347661998588592, -1485287.870773001341149 ], [ 455142.840687998104841, -1485275.76310299965553 ], [ 455148.878248994704336, -1485265.15020299796015 ], [ 455156.145487998146564, -1485253.348112996900454 ], [ 455163.318877999670804, -1485242.818142998032272 ], [ 455170.537504999898374, -1485233.356822995934635 ], [ 455177.875634996686131, -1485224.868283002404496 ], [ 455186.001857996918261, -1485216.30174299958162 ], [ 455194.459972998593003, -1485207.828023 ], [ 455203.23456900101155, -1485199.56033300049603 ], [ 455212.319037997163832, -1485191.358032998628914 ], [ 455221.69693599967286, -1485183.334233000641689 ], [ 455231.355889998376369, -1485175.450522996485233 ], [ 455241.281449999660254, -1485167.718852997757494 ], [ 455251.458431996405125, -1485160.151192995719612 ], [ 455260.014443944208324, -1485154.077438698383048 ], [ 455155.340851581189781, -1485565.793568626279011 ], [ 455515.17490459093824, -1486751.129272627877071 ], [ 455416.707806058228016, -1486962.130198060069233 ] ] ] } },
{ "type": "Feature", "properties": { "ID": 3260, "YEAR": "2019-2020", "Perimtr_KM": 5.67588509539, "AREA_KM": 1.1033156152000001, "SCALE": 1, "THICKNES_M": 154.01713359, "VOLUME_KM": 0.1699295085, "MASS_GT": 0.15582535929, "RECURRANCE": ">8", "UA_KM": 0.02837942548, "UH_M": 12.7834220249, "UC_KM": 0.01300202269, "REGION": "East", "ICESHELF": "HarbordGlacier" }, "geometry": { "type": "Polygon", "coordinates": [ [ [ 448566.463656996842474, -1467485.234875997994095 ], [ 448578.56820499477908, -1467485.379166000289842 ], [ 448590.283410999923944, -1467485.150215996662155 ], [ 448597.800356136634946, -1467484.828455044189468 ], [ 448506.348386938683689, -1467762.232761592371389 ], [ 448820.541723651345819, -1468952.860142838209867 ], [ 449300.236149272415787, -1469519.056841927347705 ], [ 449290.249712997116148, -1469519.457625997485593 ], [ 449269.003313996829093, -1469519.693526000715792 ], [ 449248.370318998582661, -1469519.284105999860913 ], [ 449228.316913000773638, -1469518.2277060020715 ], [ 449208.233249000739306, -1469516.757126999786124 ], [ 449188.400989997200668, -1469514.602697999449447 ], [ 449165.36497199954465, -1469511.463875998510048 ], [ 449142.346166000235826, -1469507.690583001356572 ], [ 449119.115567997097969, -1469503.253589998465031 ], [ 449095.680196994915605, -1469498.154129998292774 ], [ 449072.047194995451719, -1469492.394200000911951 ], [ 449048.225348995067179, -1469485.976020001340657 ], [ 449024.223755996208638, -1469478.902249998645857 ], [ 449000.052177994512022, -1469471.175899998983368 ], [ 448975.710373995359987, -1469462.796949995914474 ], [ 448951.219583995640278, -1469453.772559998324141 ], [ 448926.591341995168477, -1469444.10748999635689 ], [ 448901.838488994631916, -1469433.80719 ], [ 448876.972704998217523, -1469422.877010000869632 ], [ 448852.010485997889191, -1469411.3245799979195 ], [ 448857.406280999071896, -1469379.895321999443695 ], [ 448839.681771999690682, -1469361.872440000530332 ], [ 448814.92817100090906, -1469347.770939997630194 ], [ 448789.939767997246236, -1469332.967230001231655 ], [ 448764.818556998856366, -1469318.403929996769875 ], [ 448739.044218994677067, -1469304.69713999889791 ], [ 448713.93284399760887, -1469290.766589998966083 ], [ 448688.554872998036444, -1469277.01469 ], [ 448663.609148997813463, -1469262.038249996490777 ], [ 448638.790620998479426, -1469246.57059 ], [ 448614.096726999152452, -1469230.608309998642653 ], [ 448589.262336000800133, -1469214.914759996347129 ], [ 448564.994773000478745, -1469198.096700000576675 ], [ 448540.998083995655179, -1469180.897410000441596 ], [ 448517.30913400137797, -1469163.34736 ], [ 448493.976812995038927, -1469145.489020000211895 ], [ 448471.046469000168145, -1469127.363159996923059 ], [ 448448.567037000786513, -1469109.014829999301583 ], [ 448438.876486000604928, -1469100.441349996719509 ], [ 448428.999837996903807, -1469092.288639998761937 ], [ 448419.604268998838961, -1469083.130549998255447 ], [ 448410.350240997970104, -1469073.673829996259883 ], [ 448401.234273998998106, -1469063.914249998982996 ], [ 448392.25087499897927, -1469053.845639997161925 ], [ 448383.059834998100996, -1469044.173459999030456 ], [ 448374.32704699691385, -1469033.46825999696739 ], [ 448365.719685999676585, -1469022.445560002001002 ], [ 448357.222860000561923, -1469011.085570001043379 ], [ 448348.830281999893486, -1468999.378660002024844 ], [ 448340.534872001037002, -1468987.313659997424111 ], [ 448332.330281998962164, -1468974.8807399997022 ], [ 448337.940066999290138, -1468924.980768998153508 ], [ 448330.088260996155441, -1468911.020868998486549 ], [ 448322.295840999577194, -1468896.638608999783173 ], [ 448315.091442998498678, -1468883.30275500100106 ], [ 448307.916828995104879, -1468869.542761998716742 ], [ 448300.758450996596366, -1468855.330929000396281 ], [ 448293.598851996473968, -1468840.63143499661237 ], [ 448279.341909996699542, -1468809.653999001486227 ], [ 448264.909674995113164, -1468776.079881995683536 ], [ 448251.549888000357896, -1468743.464325999841094 ], [ 448237.131508998572826, -1468706.770338996546343 ], [ 448222.645310995168984, -1468668.474525998579338 ], [ 448184.163791999220848, -1468566.400615999242291 ], [ 448172.166973995510489, -1468535.069095997605473 ], [ 448161.333980998024344, -1468507.86466599907726 ], [ 448153.727315998170525, -1468469.089449002174661 ], [ 448141.082969995681196, -1468439.03058899845928 ], [ 448128.689018996432424, -1468410.848138997098431 ], [ 448116.347101998515427, -1468384.199008995899931 ], [ 448108.649928995408118, -1468368.261548999464139 ], [ 448100.928951000329107, -1468352.807928998954594 ], [ 448093.167812997475266, -1468337.805288998642936 ], [ 448085.353207996115088, -1468323.228368996176869 ], [ 448077.470670994836837, -1468309.050068999873474 ], [ 448069.512449997477233, -1468295.256848996272311 ], [ 448061.46932899672538, -1468281.832268998259678 ], [ 448053.297761000227183, -1468268.735928995767608 ], [ 448045.048585999757051, -1468255.991289001656696 ], [ 448036.691805995069444, -1468243.580138996709138 ], [ 448028.221040995791554, -1468231.493289000820369 ], [ 448019.630647995043546, -1468219.722479000687599 ], [ 448010.914217996411026, -1468208.259648999199271 ], [ 448002.032809000927955, -1468197.072269001044333 ], [ 447993.052217997610569, -1468186.208379001356661 ], [ 447983.93283300101757, -1468175.636048999149352 ], [ 447976.377658000215888, -1468167.490969000384212 ], [ 447967.944246998522431, -1468159.202459001913667 ], [ 447958.559419996105134, -1468150.697878999402747 ], [ 447948.042635997291654, -1468141.818178995745257 ], [ 447937.43100199662149, -1468133.352538999402896 ], [ 447925.289034994784743, -1468124.088748996146023 ], [ 447878.602815999183804, -1468089.967958998400718 ], [ 447859.51814399799332, -1468076.942549001891166 ], [ 447849.604622000362724, -1468069.726904001552612 ], [ 447840.692077001091093, -1468062.931718998821452 ], [ 447832.641348001081496, -1468056.436295001069084 ], [ 447825.332440999802202, -1468050.137029996607453 ], [ 447817.410068997181952, -1468042.564194999402389 ], [ 447812.399864999111742, -1468037.299090002430603 ], [ 447808.423022998031229, -1468031.670584000647068 ], [ 447804.546638998668641, -1468023.066224995767698 ], [ 447802.277871997095644, -1468019.410248999483883 ], [ 447800.205728999339044, -1468015.231229 ], [ 447798.355509000830352, -1468011.044338999548927 ], [ 447796.726297999732196, -1468006.846529 ], [ 447795.344372997991741, -1468003.153312996495515 ], [ 447794.15357699804008, -1467998.925102998502553 ], [ 447793.181164995301515, -1467994.678282996639609 ], [ 447792.426587000954896, -1467990.41058299690485 ], [ 447791.47260799864307, -1467982.216792996507138 ], [ 447791.019360997248441, -1467973.596672997111455 ], [ 447791.067760998383164, -1467964.556822998914868 ], [ 447791.617199994623661, -1467955.105773002374917 ], [ 447792.667797996196896, -1467945.250602997839451 ], [ 447794.218212997540832, -1467935.005792999407277 ], [ 447796.238322000950575, -1467923.866418997058645 ], [ 447798.780497000087053, -1467912.887848996324465 ], [ 447801.832925994414836, -1467901.498628999805078 ], [ 447805.346199996769428, -1467889.275814999826252 ], [ 447809.366218998096883, -1467877.288084999425337 ], [ 447813.82352299708873, -1467864.54025199636817 ], [ 447818.737430995795876, -1467851.577217998448759 ], [ 447824.100467999000102, -1467839.007997996872291 ], [ 447829.823580001015216, -1467825.874853998655453 ], [ 447835.88250699872151, -1467812.810920001240447 ], [ 447839.867217001039535, -1467804.628465997986495 ], [ 447844.251188996247947, -1467796.944015997694805 ], [ 447848.987362995743752, -1467788.705952999182045 ], [ 447854.055627999827266, -1467780.571518998360261 ], [ 447859.608667001128197, -1467772.734299000818282 ], [ 447865.498161998111755, -1467764.434224996250123 ], [ 447871.83449300006032, -1467756.001640997827053 ], [ 447878.682698997203261, -1467747.908010998740792 ], [ 447892.087300999090075, -1467733.043021001620218 ], [ 447907.727315997239202, -1467716.794300999259576 ], [ 447921.536885996814817, -1467703.089221000205725 ], [ 447952.359883994795382, -1467673.163991000968963 ], [ 447965.670491997618228, -1467660.046500999480486 ], [ 448015.345479995477945, -1467610.196710996562615 ], [ 448030.798115995712578, -1467595.420520997140557 ], [ 448043.548045996576548, -1467585.252890997799113 ], [ 448055.477475995663553, -1467578.118926999159157 ], [ 448068.517250995151699, -1467567.798754997784272 ], [ 448082.142899001017213, -1467555.833965000230819 ], [ 448095.351749001536518, -1467544.750745002645999 ], [ 448109.043621000833809, -1467533.817864997778088 ], [ 448122.449724999256432, -1467523.712514999089763 ], [ 448135.626825995277613, -1467514.3921250004787 ], [ 448148.613922999706119, -1467505.829254996730015 ], [ 448161.441365999635309, -1467498.020444997819141 ], [ 448174.151607996318489, -1467490.908064996125177 ], [ 448186.75369600020349, -1467484.504195000277832 ], [ 448199.251181998755783, -1467478.824475000845268 ], [ 448211.101621995214373, -1467474.153494996251538 ], [ 448223.423315995838493, -1467470.124865002464503 ], [ 448236.227563998196274, -1467466.754712999332696 ], [ 448249.575440000742674, -1467463.985237996326759 ], [ 448263.475136997643858, -1467461.835204000584781 ], [ 448277.995010000187904, -1467460.292828996665776 ], [ 448293.198538998141885, -1467459.351665002061054 ], [ 448309.08437999850139, -1467459.126800995785743 ], [ 448323.231085000559688, -1467459.411155998939648 ], [ 448338.113103999756277, -1467460.17201599967666 ], [ 448353.907110997475684, -1467461.366105999797583 ], [ 448370.85169099457562, -1467463.073015996254981 ], [ 448386.447271998040378, -1467464.863115997519344 ], [ 448403.866521996911615, -1467467.073325996287167 ], [ 448466.394720999989659, -1467475.894425998209044 ], [ 448491.650881995912641, -1467479.189225998241454 ], [ 448517.524587997701019, -1467482.125136002432555 ], [ 448540.644513998646289, -1467484.066726 ], [ 448553.866495000664145, -1467484.778035996016115 ], [ 448566.463656996842474, -1467485.234875997994095 ] ] ] } },
{ "type": "Feature", "properties": { "ID": 3263, "YEAR": "2019-2020", "Perimtr_KM": 5.9317796813400001, "AREA_KM": 1.2648572358800001, "SCALE": 1, "THICKNES_M": 188.406963348, "VOLUME_KM": 0.23830791088, "MASS_GT": 0.21852835428, "RECURRANCE": "6-8", "UA_KM": 0.02965889841, "UH_M": 15.6377778808, "UC_KM": 0.01823394237, "REGION": "West", "ICESHELF": "Swinburne" }, "geometry": { "type": "Polygon", "coordinates": [ [ [ -638810.74207958439365, -1235489.072210747748613 ], [ -638634.850208770949394, -1235946.391074851620942 ], [ -638051.967147587332875, -1236146.757127136690542 ], [ -637957.515520769171417, -1236179.224873856175691 ], [ -637845.578854601830244, -1236277.51072708144784 ], [ -637517.728028112091124, -1236565.379745457787067 ], [ -637519.040138003416359, -1236566.262573996325955 ], [ -637663.289560931734741, -1236578.67942410800606 ], [ -638160.426399998832494, -1236621.472480001626536 ], [ -638178.020488417241722, -1236629.397766658337787 ], [ -638525.415916002821177, -1236785.882619999581948 ], [ -638881.49243024783209, -1236457.165506800170988 ], [ -639182.427492000162601, -1236179.353012001374736 ], [ -639203.055135843344033, -1236348.002780482871458 ], [ -639330.144557144492865, -1236042.988169372314587 ], [ -639396.851732773706317, -1235882.890947856009007 ], [ -639473.162939644418657, -1235688.644239457789809 ], [ -639629.685531778726727, -1235290.223095848457888 ], [ -638846.517298777122051, -1235396.056640848051757 ], [ -638810.74207958439365, -1235489.072210747748613 ] ] ] } },
{ "type": "Feature", "properties": { "ID": 3266, "YEAR": "2019-2020", "Perimtr_KM": 5.8747486210700002, "AREA_KM": 1.3781270383699999, "SCALE": 1, "THICKNES_M": 116.899795532, "VOLUME_KM": 0.161102769, "MASS_GT": 0.14773123918, "RECURRANCE": "5-6", "UA_KM": 0.02937374311, "UH_M": 9.7026829813099997, "UC_KM": 0.01232665166, "REGION": "West", "ICESHELF": "Swinburne" }, "geometry": { "type": "Polygon", "coordinates": [ [ [ -642439.653009878005832, -1229199.041563739068806 ], [ -642541.116153847426176, -1229237.694190013688058 ], [ -642800.661761342082173, -1229336.568707153201103 ], [ -642796.455740001983941, -1229180.945403000339866 ], [ -642804.361697002779692, -1229039.370852 ], [ -642573.961900134570897, -1228983.35092832124792 ], [ -642476.505498005077243, -1228959.65515999821946 ], [ -642370.671953005250543, -1228652.737879998516291 ], [ -642370.301320252008736, -1228632.229588828748092 ], [ -642364.803681998513639, -1228328.027745001716539 ], [ -642330.078417467419058, -1228264.788774630753323 ], [ -642188.302770004142076, -1228006.597912997938693 ], [ -642122.612380999140441, -1227646.226161001715809 ], [ -642040.378633582033217, -1227334.68476612563245 ], [ -641678.974405189510435, -1227479.246457487810403 ], [ -641447.463525499217212, -1227644.611371546518058 ], [ -641133.270188780035824, -1228206.852079360513017 ], [ -641149.806680184323341, -1228504.508924675406888 ], [ -642274.28809581277892, -1228901.384718430927023 ], [ -642439.653009878005832, -1229199.041563739068806 ] ] ] } },
{ "type": "Feature", "properties": { "ID": 3269, "YEAR": "2019-2020", "Perimtr_KM": 14.512802987500001, "AREA_KM": 4.9139290014899997, "SCALE": 1, "THICKNES_M": 212.46631091500001, "VOLUME_KM": 1.0440443670399999, "MASS_GT": 0.95738868458000004, "RECURRANCE": "2-3", "UA_KM": 0.07256401494, "UH_M": 17.634703719000001, "UC_KM": 0.07988423357, "REGION": "East", "ICESHELF": "Moscow_University" }, "geometry": { "type": "Polygon", "coordinates": [ [ [ 2200284.436769000254571, -1335419.730680997017771 ], [ 2200136.411257996223867, -1335492.597689998103306 ], [ 2200018.798452000133693, -1335574.004081997554749 ], [ 2199713.652312998659909, -1335466.410599000286311 ], [ 2199276.129669995978475, -1335421.71925899782218 ], [ 2198916.558547995984554, -1335894.047025 ], [ 2198892.041027996689081, -1336103.478284998331219 ], [ 2198351.814452000893652, -1336239.691363997058943 ], [ 2197672.870216578245163, -1336645.064474149839953 ], [ 2197446.504086994566023, -1336780.219524000771344 ], [ 2197223.977587998844683, -1336568.850343997124583 ], [ 2197112.10547099635005, -1336476.059469998348504 ], [ 2196889.781787998974323, -1336495.889446001499891 ], [ 2196700.370607999153435, -1336489.042103000218049 ], [ 2196356.162594996392727, -1336740.794974001124501 ], [ 2196050.728799998760223, -1336897.709355996455997 ], [ 2195687.944738996215165, -1336847.65504499594681 ], [ 2195583.673517514020205, -1336700.993245757184923 ], [ 2195560.597485994920135, -1336668.535850001033396 ], [ 2195489.530443512834609, -1336671.94543014280498 ], [ 2195412.293600000441074, -1336675.651018537115306 ], [ 2195370.227287995629013, -1336677.669232001295313 ], [ 2195093.797557861544192, -1336933.249100000364706 ], [ 2195080.166129348799586, -1336945.852370632812381 ], [ 2195073.270000129938126, -1336933.249100000364706 ], [ 2195058.361763440072536, -1336906.003012262750417 ], [ 2195296.487239689566195, -1336059.334652258781716 ], [ 2195320.662227722816169, -1335930.40138275269419 ], [ 2195375.862398439086974, -1335636.00047226017341 ], [ 2196169.613985950127244, -1335636.00047226017341 ], [ 2196910.448800947517157, -1335741.834017266752198 ], [ 2196943.663241579197347, -1335794.977122279815376 ], [ 2197175.032663446851075, -1336165.168197258375585 ], [ 2197571.908457209356129, -1336032.876266008941457 ], [ 2198048.159409707412124, -1335397.874996010912582 ], [ 2198045.855374311096966, -1335381.746748223435134 ], [ 2197995.242637207731605, -1335027.457588505465537 ], [ 2198577.327134705148637, -1334762.87372600636445 ], [ 2198756.910471021197736, -1334749.571256651775911 ], [ 2199291.703563453629613, -1334709.9569535064511 ], [ 2200006.079992214217782, -1334789.332112256204709 ], [ 2200608.136287122033536, -1335071.145697113825008 ], [ 2200602.682342994958162, -1335087.508125001331791 ], [ 2200452.975016000680625, -1335338.160505996085703 ], [ 2200284.436769000254571, -1335419.730680997017771 ] ] ] } },
{ "type": "Feature", "properties": { "ID": 3275, "YEAR": "2019-2020", "Perimtr_KM": 7.7275687882200002, "AREA_KM": 3.1649984026400002, "SCALE": 1, "THICKNES_M": 429.635868, "VOLUME_KM": 1.3597968359399999, "MASS_GT": 1.2469336985499999, "RECURRANCE": "3-4", "UA_KM": 0.03863784394, "UH_M": 35.659776868199998, "UC_KM": 0.10404378538, "REGION": "West", "ICESHELF": "Hull" }, "geometry": { "type": "Polygon", "coordinates": [ [ [ -1107460.721647257916629, -1202959.014829534804448 ], [ -1107174.365543955704197, -1203147.590799999656156 ], [ -1107162.505594781134278, -1203155.401010432047769 ], [ -1106763.40509165241383, -1203418.223292981041595 ], [ -1106751.905828273389488, -1203510.21739999903366 ], [ -1106722.402739448007196, -1203746.242110582767054 ], [ -1106757.882902620127425, -1203856.494594767224044 ], [ -1106759.879209835547954, -1203862.698000001488253 ], [ -1106768.679300672374666, -1203890.043755743885413 ], [ -1106797.525263880379498, -1203979.680860478663817 ], [ -1106810.858029167633504, -1204021.11163087002933 ], [ -1106915.894660005578771, -1204347.506676575867459 ], [ -1106934.036505155265331, -1204403.881374913733453 ], [ -1107064.784594002645463, -1204810.173238 ], [ -1107430.697359234560281, -1204814.238502373918891 ], [ -1107784.529781003016979, -1204818.169555000262335 ], [ -1107789.091200009919703, -1204817.711653040489182 ], [ -1108386.780915421200916, -1204757.712058364413679 ], [ -1108223.908012655796483, -1204222.558234981261194 ], [ -1108222.523460953030735, -1204218.12766952579841 ], [ -1108176.662399998633191, -1204071.372274477034807 ], [ -1108159.148345472989604, -1204015.327300002099946 ], [ -1108148.446100001921877, -1203981.08011449011974 ], [ -1108132.695501720998436, -1203930.678200002526864 ], [ -1108118.074467655969784, -1203883.890890983631834 ], [ -1108278.340939142741263, -1203691.571125198388472 ], [ -1108306.505463350564241, -1203657.773696147603914 ], [ -1108365.486776249483228, -1203586.996120671741664 ], [ -1108679.022857544478029, -1203210.752823114860803 ], [ -1108727.639746783766896, -1203152.412556029157713 ], [ -1108737.466960140503943, -1203140.619899996789172 ], [ -1108858.909282660344616, -1202994.889112975681201 ], [ -1108763.489626170368865, -1202804.049800002714619 ], [ -1108593.559400001773611, -1202464.18934765830636 ], [ -1108499.075229657581076, -1202275.221006969921291 ], [ -1107460.721647257916629, -1202959.014829534804448 ] ] ] } },
{ "type": "Feature", "properties": { "ID": 3278, "YEAR": "2019-2020", "Perimtr_KM": 43.683114988600003, "AREA_KM": 30.1445850783, "SCALE": 2, "THICKNES_M": 429.635868, "VOLUME_KM": 12.9511949756, "MASS_GT": 11.876245792600001, "RECURRANCE": "2-3", "UA_KM": 0.21841557494, "UH_M": 35.659776868199998, "UC_KM": 0.99095049708000005, "REGION": "West", "ICESHELF": "Hull" }, "geometry": { "type": "Polygon", "coordinates": [ [ [ -1116123.015274387318641, -1196383.918296614428982 ], [ -1116010.577150383964181, -1196583.240425535710528 ], [ -1115653.422871683957055, -1197216.377555951476097 ], [ -1115842.752829556819052, -1197514.93633566913195 ], [ -1115910.494000000180677, -1197621.758950599934906 ], [ -1115978.155304710380733, -1197728.45562341529876 ], [ -1116203.757305687526241, -1198084.212624960811809 ], [ -1116232.273733641020954, -1198149.500236324500293 ], [ -1116276.969951937440783, -1198251.831051893532276 ], [ -1116412.46849636733532, -1198562.051403627265245 ], [ -1116461.505091721657664, -1198674.319398250197992 ], [ -1116560.565895568346605, -1198901.116501791635528 ], [ -1116666.843357387464494, -1199144.435953852254897 ], [ -1116379.792445884784684, -1199306.808186622336507 ], [ -1116315.44712576456368, -1199343.205539419781417 ], [ -1116119.390205644536763, -1199454.106423531193286 ], [ -1116083.701678805751726, -1199474.293873056070879 ], [ -1115846.705296591622755, -1199608.352432695683092 ], [ -1115549.454558624885976, -1199776.494264270411804 ], [ -1115547.589326684363186, -1199777.54934496874921 ], [ -1115548.038233584724367, -1199778.468535280786455 ], [ -1115606.486734960693866, -1199898.1488000031095 ], [ -1115639.633931966265664, -1199966.021631960989907 ], [ -1115697.688970699207857, -1200084.89623508322984 ], [ -1115778.42273116344586, -1200250.208220798522234 ], [ -1115891.822447583544999, -1200482.407640138175339 ], [ -1116000.350965191610157, -1200704.632700000656769 ], [ -1116108.312999998917803, -1200925.697818899992853 ], [ -1116204.57089067529887, -1201122.797309330431744 ], [ -1116274.22199644963257, -1201265.416240195510909 ], [ -1116436.59110469231382, -1201597.886318974895403 ], [ -1116395.811655602650717, -1201689.640079421456903 ], [ -1116013.256924686953425, -1202550.388223971705884 ], [ -1114046.656641954090446, -1202801.03335804794915 ], [ -1113854.252606676425785, -1202825.555440973723307 ], [ -1113176.922143961535767, -1203164.220672334544361 ], [ -1113092.251082673436031, -1203206.556202975101769 ], [ -1113040.975356209557503, -1203394.567200002726167 ], [ -1112972.502294147387147, -1203645.635094239842147 ], [ -1112905.806531241396442, -1203890.186224892502651 ], [ -1112711.250320672057569, -1204603.558996982639655 ], [ -1112631.075756648788229, -1204603.558996982639655 ], [ -1112478.416521674254909, -1204603.558996982639655 ], [ -1112466.805814567720518, -1204579.654599998611957 ], [ -1112276.97036028187722, -1204188.816899997415021 ], [ -1112118.582468671258539, -1203862.724181985016912 ], [ -1111081.413727666484192, -1204095.557980976067483 ], [ -1111159.818761155474931, -1204523.221800002502277 ], [ -1111189.485944485990331, -1204685.042800003895536 ], [ -1111271.991399426246062, -1205135.072554208571091 ], [ -1111298.988313659094274, -1205282.328450032044202 ], [ -1111314.247526664519683, -1205365.560520992381498 ], [ -1110777.394278953317553, -1205351.432803945383057 ], [ -1110509.912584664300084, -1205344.393811987014487 ], [ -1110086.578404665924609, -1204772.892668984830379 ], [ -1109705.577642657561228, -1204899.892922983039171 ], [ -1109445.725954866502434, -1205246.361840040190145 ], [ -1109523.364605999086052, -1205528.722082998836413 ], [ -1109408.868186004692689, -1205864.014513996429741 ], [ -1109594.033250001491979, -1206142.786576001904905 ], [ -1109872.944398001069203, -1206400.406386996386573 ], [ -1109779.147348002297804, -1206814.686766998842359 ], [ -1109751.925378290936351, -1207074.395099999615923 ], [ -1109747.208689004881307, -1207119.394176999107003 ], [ -1109953.336545003810897, -1207399.12098099803552 ], [ -1110165.026941005373374, -1207454.155410998500884 ], [ -1110530.23275300161913, -1207222.15023899753578 ], [ -1110592.14451100374572, -1207182.146600001724437 ], [ -1110677.653211000841111, -1207112.349595999810845 ], [ -1110861.144137168303132, -1206985.552768586203456 ], [ -1110909.93232700205408, -1206951.838907001307234 ], [ -1110939.321291121188551, -1207001.402000001864508 ], [ -1111048.714957, -1207185.889224999118596 ], [ -1111138.245985005283728, -1207113.442832999164239 ], [ -1111355.877870386932045, -1207075.542497718241066 ], [ -1111362.466475135181099, -1207074.395099999615923 ], [ -1111368.052284004399553, -1207073.422337997239083 ], [ -1111426.047900004545227, -1206691.687730002216995 ], [ -1111710.182090004906058, -1206249.346677995985374 ], [ -1111798.010737784206867, -1206335.497645345516503 ], [ -1111819.442296793917194, -1206356.519824183546007 ], [ -1111911.057456005364656, -1206446.384974001906812 ], [ -1112132.878081253962591, -1206517.775377587415278 ], [ -1112367.691228000912815, -1206593.347273999126628 ], [ -1112381.885971004841849, -1207065.562514996621758 ], [ -1112522.874061732320115, -1207402.864099998958409 ], [ -1112584.193471004953608, -1207549.565384001238272 ], [ -1113263.860109003959224, -1207505.636200999841094 ], [ -1113420.409471884835511, -1207791.412004874786362 ], [ -1113482.688347998773679, -1207905.100080997683108 ], [ -1114056.386360003147274, -1207820.127370002213866 ], [ -1115221.452237002784386, -1207241.200440002605319 ], [ -1115901.526095000328496, -1206854.710573000367731 ], [ -1116220.434062850894406, -1206376.261762846726924 ], [ -1116493.3673150036484, -1205966.787547998363152 ], [ -1116551.466116003924981, -1205582.026510996278375 ], [ -1116556.824282998917624, -1205029.030114002292976 ], [ -1116794.421862004790455, -1204932.634753999300301 ], [ -1116910.138262002496049, -1204732.313869999721646 ], [ -1116988.958253003656864, -1204169.059163000201806 ], [ -1117003.355686519294977, -1204139.082470770459622 ], [ -1117117.307820003014058, -1203901.824348998023197 ], [ -1117236.368646160233766, -1203869.572953841416165 ], [ -1117261.748561663785949, -1203862.698000001488253 ], [ -1117279.740100003546104, -1203857.824422088917345 ], [ -1117303.911725003970787, -1203851.276771998731419 ], [ -1117286.434588539879769, -1203739.819441260537133 ], [ -1117256.557464003795758, -1203549.283390995813534 ], [ -1117390.129786003381014, -1203196.365200002212077 ], [ -1117486.188514000270516, -1202942.563573997234926 ], [ -1117457.800956183578819, -1202900.157230273587629 ], [ -1116829.620506081264466, -1201961.758927032351494 ], [ -1116809.21769900014624, -1201931.28048799932003 ], [ -1116680.298934916034341, -1201722.531900002853945 ], [ -1116610.144546002848074, -1201608.936103995889425 ], [ -1116566.041273056296632, -1201009.937445852439851 ], [ -1116563.01354700117372, -1200968.815693996148184 ], [ -1116655.624339001486078, -1200090.520801996346563 ], [ -1116871.813396971207112, -1199916.83682747441344 ], [ -1116954.558329003863037, -1199850.360435001319274 ], [ -1116947.364647999405861, -1199558.10345999756828 ], [ -1116839.200001998571679, -1199356.241554000414908 ], [ -1116767.562271353323013, -1199109.577957304660231 ], [ -1116674.591755490051582, -1198789.461147030582651 ], [ -1116645.319967585615814, -1198688.672297072364017 ], [ -1116580.844216245226562, -1198466.668883758829907 ], [ -1116518.019940956728533, -1198250.35184577666223 ], [ -1116482.745433003408834, -1198128.894382997881621 ], [ -1116476.64094330649823, -1198103.926559188403189 ], [ -1116356.843797002686188, -1197613.947185002267361 ], [ -1116492.971258999314159, -1197508.109805000247434 ], [ -1116478.767330647213385, -1197378.848200003849342 ], [ -1116467.166586478007957, -1197273.276644489262253 ], [ -1116456.345550784375519, -1197174.800757620949298 ], [ -1116438.099033570149913, -1197008.749926940305158 ], [ -1116422.94199600070715, -1196870.814635002287105 ], [ -1116665.688712029252201, -1196627.01125506311655 ], [ -1117083.751361000351608, -1196207.12880099657923 ], [ -1117359.356970003806055, -1195942.770482 ], [ -1117450.33267177734524, -1195842.669012415921316 ], [ -1117501.714306729380041, -1195786.133288393961266 ], [ -1117574.730666002258658, -1195705.792662001447752 ], [ -1117687.083784882212058, -1195684.672142736846581 ], [ -1117859.391799877863377, -1195652.281099332729355 ], [ -1117747.093507043318823, -1195644.624397542094812 ], [ -1117742.166483390145004, -1195644.288464113371447 ], [ -1117470.505392905324697, -1195625.766117032850161 ], [ -1117430.295680406270549, -1195623.02454572613351 ], [ -1116584.758067689137533, -1195565.374253947520629 ], [ -1116123.015274387318641, -1196383.918296614428982 ] ] ] } },
{ "type": "Feature", "properties": { "ID": 3281, "YEAR": "2019-2020", "Perimtr_KM": 5.1818653427800001, "AREA_KM": 1.0583812850600001, "SCALE": 1, "THICKNES_M": 61.368495570299999, "VOLUME_KM": 0.0649512672, "MASS_GT": 0.05956031203, "RECURRANCE": "1-2", "UA_KM": 0.02590932671, "UH_M": 5.09358510722, "UC_KM": 0.00496969512, "REGION": "West", "ICESHELF": "Sulzberger" }, "geometry": { "type": "Polygon", "coordinates": [ [ [ -677837.252203740179539, -1249421.744969558902085 ], [ -675833.463370603974909, -1249633.527529155137017 ], [ -675644.974516749382019, -1249805.261818207101896 ], [ -676265.807391002308577, -1250266.33310399740003 ], [ -677074.154050005134195, -1250054.80745699792169 ], [ -677473.316250003874302, -1249910.106148999417201 ], [ -677691.529021698515862, -1249699.244007478933781 ], [ -677899.621586000081152, -1249498.161167997866869 ], [ -677991.50217453064397, -1249405.442127115558833 ], [ -677837.252203740179539, -1249421.744969558902085 ] ] ] } },
{ "type": "Feature", "properties": { "ID": 3284, "YEAR": "2019-2020", "Perimtr_KM": 5.31954450972, "AREA_KM": 1.0895064677599999, "SCALE": 1, "THICKNES_M": 61.368495785199997, "VOLUME_KM": 0.06686137307, "MASS_GT": 0.06131187911, "RECURRANCE": "1-2", "UA_KM": 0.02659772255, "UH_M": 5.0935851250599997, "UC_KM": 0.00511584537, "REGION": "West", "ICESHELF": "Sulzberger" }, "geometry": { "type": "Polygon", "coordinates": [ [ [ -679290.616904608439654, -1248762.727911535417661 ], [ -679156.145758822094649, -1248834.94389723520726 ], [ -679444.451798004098237, -1248917.485666997497901 ], [ -679730.611296002753079, -1249118.693018997553736 ], [ -680016.590733002405614, -1249033.955520998919383 ], [ -680582.238224471453577, -1249343.228689025621861 ], [ -680671.669857602566481, -1249392.126288533676416 ], [ -680763.66281400481239, -1249442.424316001823172 ], [ -681080.001233733724803, -1249474.982750162947923 ], [ -681204.89332300145179, -1249487.836992997443303 ], [ -681353.212957888841629, -1249515.516490492736921 ], [ -681421.474546627607197, -1249083.193095144815743 ], [ -679876.30478960974142, -1248448.19182514003478 ], [ -679290.616904608439654, -1248762.727911535417661 ] ] ] } },
{ "type": "Feature", "properties": { "ID": 3287, "YEAR": "2019-2020", "Perimtr_KM": 5.7664795254200003, "AREA_KM": 1.0629673361600001, "SCALE": 1, "THICKNES_M": 31.3463693261, "VOLUME_KM": 0.0333201667, "MASS_GT": 0.03055459286, "RECURRANCE": "1-2", "UA_KM": 0.02883239763, "UH_M": 2.6017486412399999, "UC_KM": 0.00254946635, "REGION": "West", "ICESHELF": "Sulzberger" }, "geometry": { "type": "Polygon", "coordinates": [ [ [ -682241.454889215063304, -1248870.229879917576909 ], [ -682209.059671964962035, -1248936.220137279015034 ], [ -682401.540080701000988, -1249114.038043540203944 ], [ -682473.55264199944213, -1249180.564932998735458 ], [ -682727.248293436132371, -1249023.360575116239488 ], [ -682941.912708723451942, -1248890.342206951696426 ], [ -683072.004313001409173, -1248809.729997 ], [ -683098.945851199794561, -1248808.047740106936544 ], [ -683518.487376002129167, -1248781.851142999250442 ], [ -683674.933297459967434, -1248652.567377303726971 ], [ -683693.282928240019828, -1248637.403611165704206 ], [ -683773.864021725021303, -1248570.813014804152772 ], [ -683792.457022001035511, -1248555.448132999474183 ], [ -684428.903131001628935, -1248587.130643996642902 ], [ -684467.764341176487505, -1248502.515445522032678 ], [ -684594.010919794440269, -1248227.630045467056334 ], [ -684536.426950429566205, -1248209.252182901604101 ], [ -684024.979753635358065, -1248046.024354140041396 ], [ -683326.478356634732336, -1248448.19182514003478 ], [ -682479.809996630996466, -1248384.691698144422844 ], [ -682241.454889215063304, -1248870.229879917576909 ] ] ] } },
{ "type": "Feature", "properties": { "ID": 3290, "YEAR": "2019-2020", "Perimtr_KM": 12.9137295159, "AREA_KM": 4.26837769726, "SCALE": 1, "THICKNES_M": 29.654551386800001, "VOLUME_KM": 0.12657682576000001, "MASS_GT": 0.11607094922, "RECURRANCE": "5-6", "UA_KM": 0.06456864758, "UH_M": 2.4613277529699999, "UC_KM": 0.00968492627, "REGION": "West", "ICESHELF": "Sulzberger" }, "geometry": { "type": "Polygon", "coordinates": [ [ [ -645025.916945370845497, -1224228.133245486067608 ], [ -645230.365931998472661, -1224237.838562997756526 ], [ -645436.639590002596378, -1224325.400992998154834 ], [ -645571.489564999006689, -1224447.407162999035791 ], [ -645838.695224004331976, -1224471.21085 ], [ -645994.125997000839561, -1224406.619099998613819 ], [ -646140.674720001406968, -1224494.137109997216612 ], [ -646304.839323004242033, -1224553.691499995999038 ], [ -646385.425688400864601, -1224666.37365778721869 ], [ -646502.930972002912313, -1224830.678734000539407 ], [ -646661.622429002542049, -1224893.814385000150651 ], [ -646858.533709004055709, -1225064.466594998957589 ], [ -646764.929783999919891, -1225122.590760999592021 ], [ -647169.191405999008566, -1225430.453280998161063 ], [ -647066.246281003579497, -1225827.361941000679508 ], [ -646689.420106004923582, -1226015.333791999379173 ], [ -646325.869410999119282, -1226164.569801998091862 ], [ -646168.026225998997688, -1226221.818661998724565 ], [ -646055.251782003324479, -1226319.592229998670518 ], [ -646170.88383899955079, -1226831.320418001851067 ], [ -646574.710454002488405, -1227242.96147899585776 ], [ -646652.362016004510224, -1227287.665298999287188 ], [ -646856.70802990719676, -1227271.376197129487991 ], [ -646891.07068581180647, -1226893.386982204159722 ], [ -647461.047825764399022, -1225854.016903459560126 ], [ -647829.856563382316381, -1225820.48883640835993 ], [ -647779.564462798647583, -1225351.095897616352886 ], [ -648014.26093219127506, -1224915.231025882298127 ], [ -647779.564462798647583, -1224227.905651230132207 ], [ -647427.519758712965995, -1224177.613550653215498 ], [ -647427.519758712965995, -1223842.332880086498335 ], [ -646924.598752863239497, -1223724.984645393444225 ], [ -645650.532204732764512, -1223741.748678919160739 ], [ -644925.409538230858743, -1223950.345610371557996 ], [ -644977.16687400219962, -1224225.819050000282004 ], [ -645025.916945370845497, -1224228.133245486067608 ] ] ] } },
{ "type": "Feature", "properties": { "ID": 3293, "YEAR": "2019-2020", "Perimtr_KM": 4.6832729034699998, "AREA_KM": 1.00778158496, "SCALE": 1, "THICKNES_M": 249.49147151099999, "VOLUME_KM": 0.25143291059, "MASS_GT": 0.23056397901, "RECURRANCE": "5-6", "UA_KM": 0.02341636452, "UH_M": 20.707792033299999, "UC_KM": 0.01923819139, "REGION": "East", "ICESHELF": "Moscow_University" }, "geometry": { "type": "Polygon", "coordinates": [ [ [ 2196609.059657007455826, -1292413.090188990812749 ], [ 2196605.875034651719034, -1292547.400960229104385 ], [ 2196468.373264020308852, -1292336.851373953046277 ], [ 2196286.471858543343842, -1292088.804002851713449 ], [ 2196253.753353127278388, -1291499.87090526917018 ], [ 2196253.398875734768808, -1291493.490312228677794 ], [ 2196088.033961676061153, -1291162.760484104743227 ], [ 2196425.771815676242113, -1291038.923270968021825 ], [ 2196584.128703865222633, -1290980.859078634763137 ], [ 2196736.015269212424755, -1290727.714803058886901 ], [ 2196834.443563001230359, -1290906.703532990766689 ], [ 2197028.06213600654155, -1291549.087165997829288 ], [ 2197186.471246995963156, -1291767.996220991713926 ], [ 2197076.40873200725764, -1291955.939960999181494 ], [ 2196861.793041000142694, -1291975.894616000819951 ], [ 2196838.168109004385769, -1292361.922200997825712 ], [ 2196609.059657007455826, -1292413.090188990812749 ] ] ] } },
{ "type": "Feature", "properties": { "ID": 3296, "YEAR": "2019-2020", "Perimtr_KM": 9.46619831852, "AREA_KM": 1.3868855578699999, "SCALE": 1, "THICKNES_M": 249.49147151099999, "VOLUME_KM": 0.34601611864999998, "MASS_GT": 0.3172967808, "RECURRANCE": "5-6", "UA_KM": 0.04733099159, "UH_M": 20.707792033299999, "UC_KM": 0.02647515117, "REGION": "East", "ICESHELF": "Moscow_University" }, "geometry": { "type": "Polygon", "coordinates": [ [ [ 2199763.204866121523082, -1285644.554795472649857 ], [ 2199406.590893006883562, -1285864.269279989879578 ], [ 2199059.533644000999629, -1285829.29634399083443 ], [ 2199003.735263995826244, -1286014.826673994772136 ], [ 2199129.184913996607065, -1286108.321543990634382 ], [ 2198644.159930001944304, -1286994.065332994097844 ], [ 2198522.101212003268301, -1287056.655862990068272 ], [ 2198255.257266997359693, -1287104.009275001008064 ], [ 2197012.595584007911384, -1288460.646278988802806 ], [ 2196784.491348635405302, -1288496.198220135644078 ], [ 2196958.896880785934627, -1288135.081677181413397 ], [ 2197014.077480436302722, -1288020.827116903848946 ], [ 2197394.416782767511904, -1287541.268866119207814 ], [ 2197758.219593720510602, -1286979.028158298227936 ], [ 2198343.090689344331622, -1286754.077736910199746 ], [ 2198618.117146835662425, -1286648.298330181278288 ], [ 2198535.434689813293517, -1285771.864285640884191 ], [ 2199296.113294501788914, -1285606.499371582409367 ], [ 2199511.087682787328959, -1285606.499371582409367 ], [ 2199763.204866121523082, -1285644.554795472649857 ] ] ] } },
{ "type": "Feature", "properties": { "ID": 3299, "YEAR": "2019-2020", "Perimtr_KM": 20.102399241200001, "AREA_KM": 13.323357491199999, "SCALE": 2, "THICKNES_M": 343.395463, "VOLUME_KM": 4.5751805144100004, "MASS_GT": 4.1954405317100001, "RECURRANCE": "5-6", "UA_KM": 0.10051199621, "UH_M": 28.501823288499999, "UC_KM": 0.35006633855000002, "REGION": "East", "ICESHELF": "Moscow_University" }, "geometry": { "type": "Polygon", "coordinates": [ [ [ 2226496.63908123690635, -1219883.932314921868965 ], [ 2227149.672660284675658, -1220298.388339708093554 ], [ 2227925.776828001253307, -1220790.952670990256593 ], [ 2227622.946980999782681, -1221621.861784993903711 ], [ 2226713.409785000607371, -1222339.593530989484861 ], [ 2226197.053214998915792, -1223553.156904991250485 ], [ 2226011.880229994654655, -1226164.82192899286747 ], [ 2225742.419979002326727, -1226811.117403995478526 ], [ 2225264.779494005255401, -1227100.691867997404188 ], [ 2224630.261056996881962, -1227300.167271000798792 ], [ 2224562.585775003768504, -1226886.307714995229617 ], [ 2224312.064155004918575, -1226801.90691100130789 ], [ 2224105.222941004671156, -1226711.882271990878507 ], [ 2223407.311933998949826, -1226762.412581999320537 ], [ 2223377.413103699684143, -1226778.528639807133004 ], [ 2223411.471858555451035, -1226442.806627517333254 ], [ 2223662.932361480779946, -1226040.469822834478691 ], [ 2224232.909501433372498, -1225554.312850523740053 ], [ 2224333.493702599778771, -1225135.212012328905985 ], [ 2224032.974588713608682, -1224567.564797204453498 ], [ 2224031.741099098697305, -1224565.234872376313433 ], [ 2224091.399601486511528, -1224532.265700003597885 ], [ 2224134.949908489361405, -1224508.198425081092864 ], [ 2224668.774373167194426, -1224213.190168277360499 ], [ 2224970.526976669207215, -1223257.640257181134075 ], [ 2224853.178741975687444, -1222955.887653679354116 ], [ 2225004.05504371970892, -1221849.461440825369209 ], [ 2225397.00250001065433, -1221321.014861667761579 ], [ 2225490.212016031146049, -1221195.664133224403486 ], [ 2225551.023001562803984, -1221010.030598445329815 ], [ 2225808.728653072379529, -1220223.350188602693379 ], [ 2225901.169859245419502, -1219965.835399992298335 ], [ 2226035.606843892484903, -1219591.332371342228726 ], [ 2226496.63908123690635, -1219883.932314921868965 ] ] ] } },
{ "type": "Feature", "properties": { "ID": 3302, "YEAR": "2019-2020", "Perimtr_KM": 9.8118878972800001, "AREA_KM": 2.8288734253, "SCALE": 1, "THICKNES_M": 282.14977948299997, "VOLUME_KM": 0.79816601313000002, "MASS_GT": 0.73191823404, "RECURRANCE": "2-3", "UA_KM": 0.04905943949, "UH_M": 23.4184315816, "UC_KM": 0.06107104472, "REGION": "East", "ICESHELF": "Moscow_University" }, "geometry": { "type": "Polygon", "coordinates": [ [ [ 2230058.134800001047552, -1214075.660649831406772 ], [ 2230113.817280295304954, -1214091.569929912686348 ], [ 2230217.669470948167145, -1214121.241984380874783 ], [ 2230342.832990336231887, -1214191.333555236458778 ], [ 2230323.618179, -1214193.400415989337489 ], [ 2230312.711113809607923, -1214433.660699997562915 ], [ 2230309.099697003141046, -1214513.212807994103059 ], [ 2230211.944207997061312, -1214751.254891991149634 ], [ 2230041.569748994894326, -1215021.913287989096716 ], [ 2229744.763601996935904, -1215302.426744000753388 ], [ 2229553.322680003009737, -1215476.474266000557691 ], [ 2229768.738607000559568, -1215801.455349998315796 ], [ 2229874.821693000383675, -1216006.474509990308434 ], [ 2229983.04736200068146, -1216180.49773599486798 ], [ 2229938.377601995132864, -1216331.128564001526684 ], [ 2229833.260014997795224, -1216378.041570991044864 ], [ 2229803.42431800160557, -1217036.186017993371934 ], [ 2229659.205152999609709, -1217237.231742995325476 ], [ 2229422.052140004001558, -1217139.904207989107817 ], [ 2229177.35997000336647, -1217108.299427000340074 ], [ 2229049.316138007678092, -1217260.452322994358838 ], [ 2229068.19435499701649, -1217508.498330994741991 ], [ 2228920.493811362423003, -1217687.901722710346803 ], [ 2228903.730733007192612, -1217708.262873991159722 ], [ 2228835.930731193162501, -1217785.9275113560725 ], [ 2228748.179767592810094, -1217623.925732404692098 ], [ 2228707.640631850808859, -1217549.084251043619588 ], [ 2228558.030151681043208, -1217272.880287659121677 ], [ 2228703.120599996298552, -1217085.116178074385971 ], [ 2228748.869088076986372, -1217025.912252320209518 ], [ 2228843.018721656873822, -1216904.071550041204318 ], [ 2228783.757600001990795, -1216673.611632501706481 ], [ 2228692.142419899813831, -1216317.330376562895253 ], [ 2228743.827553139999509, -1216103.20625313394703 ], [ 2228781.957500002346933, -1215945.239330401644111 ], [ 2228809.490654592402279, -1215831.173404238419607 ], [ 2228908.38176647759974, -1215732.282292352989316 ], [ 2229278.883593377657235, -1215361.780465453164652 ], [ 2229369.213387207128108, -1215043.249087212840095 ], [ 2229597.400230418890715, -1214238.590219073928893 ], [ 2229608.314781863242388, -1214220.399300004821271 ], [ 2229748.27653216291219, -1213987.12971616233699 ], [ 2230058.134800001047552, -1214075.660649831406772 ] ] ] } },
{ "type": "Feature", "properties": { "ID": 3305, "YEAR": "2019-2020", "Perimtr_KM": 6.9937509997699996, "AREA_KM": 2.4634815914099999, "SCALE": 1, "THICKNES_M": 301.47911485399999, "VOLUME_KM": 0.74268824964000002, "MASS_GT": 0.68104512492000002, "RECURRANCE": "5-6", "UA_KM": 0.034968755, "UH_M": 25.022766409500001, "UC_KM": 0.05682620728, "REGION": "East", "ICESHELF": "Totten" }, "geometry": { "type": "Polygon", "coordinates": [ [ [ 2268849.328490393236279, -1166422.108664913801476 ], [ 2267796.195898399688303, -1166624.273660908685997 ], [ 2267131.254707406274974, -1166485.049383908277377 ], [ 2267102.46526372525841, -1166454.936920146690682 ], [ 2267400.295836217701435, -1166142.578027043957263 ], [ 2267333.239702101796865, -1165891.117524125846103 ], [ 2267551.17213796172291, -1165404.960551801370457 ], [ 2267802.632640887051821, -1165203.792149473447353 ], [ 2268573.778183174319565, -1164902.039545964915305 ], [ 2268794.088498920202255, -1164488.957703931955621 ], [ 2268848.931516394019127, -1164527.444612911902368 ], [ 2268869.735905393026769, -1164769.441077911294997 ], [ 2269168.323979403823614, -1164827.977317919023335 ], [ 2269275.939092404209077, -1164876.681044910568744 ], [ 2269052.500045394524932, -1165245.767728908918798 ], [ 2268849.328490393236279, -1166422.108664913801476 ] ] ] } },
{ "type": "Feature", "properties": { "ID": 3308, "YEAR": "2019-2020", "Perimtr_KM": 15.2349770151, "AREA_KM": 4.7577076295199996, "SCALE": 1, "THICKNES_M": 224.29345136699999, "VOLUME_KM": 1.0671226648200001, "MASS_GT": 0.97855148364, "RECURRANCE": "5-6", "UA_KM": 0.07617488508, "UH_M": 18.6163563717, "UC_KM": 0.08165005138, "REGION": "East", "ICESHELF": "Totten" }, "geometry": { "type": "Polygon", "coordinates": [ [ [ 2272703.544067003764212, -1161174.534765992080793 ], [ 2272636.933299996890128, -1161201.439559003338218 ], [ 2271560.399685999378562, -1161636.262866991339251 ], [ 2270296.517462000250816, -1162562.145060999086127 ], [ 2270153.89240500330925, -1162494.827977002365515 ], [ 2270208.329393997788429, -1162235.908119990024716 ], [ 2270140.500900003127754, -1162261.569863732671365 ], [ 2269985.070340008474886, -1162320.374341994756833 ], [ 2269848.436447999440134, -1162149.412114991340786 ], [ 2269858.792392405681312, -1162924.908919914392754 ], [ 2269654.17856440320611, -1163251.835699913324788 ], [ 2269014.132032402791083, -1163345.659036920638755 ], [ 2268559.734550289809704, -1163359.877299432642758 ], [ 2268447.087554398924112, -1163363.40206491202116 ], [ 2268270.117371121421456, -1163470.270426096161827 ], [ 2267987.037009695544839, -1163410.040561967296526 ], [ 2267919.980875579640269, -1163158.580059049185365 ], [ 2268389.373814364895225, -1162722.715187315130606 ], [ 2268445.985102345235646, -1162467.964391405927017 ], [ 2268557.014149648137391, -1161968.333678546827286 ], [ 2268956.500727926380932, -1161816.804286789149046 ], [ 2269043.171121959574521, -1161783.929309744620696 ], [ 2269948.428932478651404, -1161515.704773300793022 ], [ 2270917.786613142117858, -1161287.620613140286878 ], [ 2271088.383212383836508, -1161247.480236843461171 ], [ 2271197.670712377876043, -1161299.247999997809529 ], [ 2271406.899849425069988, -1161398.356538594234735 ], [ 2272379.213794046081603, -1160677.503096890868619 ], [ 2272463.033961688168347, -1159973.413688712986186 ], [ 2272826.535700003616512, -1159837.100536840502173 ], [ 2273058.085654343478382, -1159750.269303963053972 ], [ 2272703.544067003764212, -1161174.534765992080793 ] ] ] } },
{ "type": "Feature", "properties": { "ID": 3314, "YEAR": "2019-2020", "Perimtr_KM": 16.521394024700001, "AREA_KM": 6.6461617950200003, "SCALE": 1, "THICKNES_M": 83.896215650800002, "VOLUME_KM": 0.5575878232, "MASS_GT": 0.51130803388000001, "RECURRANCE": "6-8", "UA_KM": 0.08260697012, "UH_M": 6.9633858646800002, "UC_KM": 0.04266339373, "REGION": "East", "ICESHELF": "Totten" }, "geometry": { "type": "Polygon", "coordinates": [ [ [ 2281490.638999995775521, -1146292.010231323074549 ], [ 2281277.420020998455584, -1146427.814833995187655 ], [ 2280970.938254678621888, -1146597.476213303394616 ], [ 2280944.322307741269469, -1146612.210200003581122 ], [ 2280472.037394997663796, -1146873.656453993869945 ], [ 2279555.457164994440973, -1147403.501458996441215 ], [ 2279631.412002735771239, -1147633.2281 ], [ 2279641.57237400021404, -1147663.958308001048863 ], [ 2279748.898142004385591, -1148096.394041990162805 ], [ 2279624.233738005161285, -1148603.045620997902006 ], [ 2279586.171689108945429, -1148747.797210890799761 ], [ 2279482.184756997972727, -1149143.26393399364315 ], [ 2279269.816746999509633, -1149529.929846995975822 ], [ 2279047.422419996932149, -1149651.215308990562335 ], [ 2279042.556735458783805, -1149665.288004859816283 ], [ 2278893.600226999260485, -1150096.105009991908446 ], [ 2278510.37078901194036, -1150342.315898001892492 ], [ 2278435.267212283797562, -1150610.355086576426402 ], [ 2278395.211329005658627, -1150753.311612992314622 ], [ 2278547.309717001393437, -1150782.573026995174587 ], [ 2278614.99010996427387, -1150937.905539318453521 ], [ 2277955.871077147312462, -1151561.946299997391179 ], [ 2277872.953399999067187, -1151640.451103747356683 ], [ 2277818.214874987490475, -1151692.27644801302813 ], [ 2277815.971823993138969, -1151694.400123981293291 ], [ 2277678.220520026981831, -1151824.820312492549419 ], [ 2277466.01470522582531, -1151577.318341926205903 ], [ 2277525.772087171673775, -1151172.296086472691968 ], [ 2277441.951919530518353, -1150937.59961708006449 ], [ 2277358.131751888431609, -1150367.622477134224027 ], [ 2277408.423852479085326, -1149982.049705983838066 ], [ 2277504.094355038367212, -1149570.666544960811734 ], [ 2277576.064187749288976, -1149261.196264273719862 ], [ 2277578.615800002589822, -1149259.707823789445683 ], [ 2277777.232590083964169, -1149143.848029580665752 ], [ 2278213.097461817786098, -1148490.050721979700029 ], [ 2278229.86149534303695, -1147903.309548501623794 ], [ 2278984.243004118092358, -1147031.579805047018453 ], [ 2279215.789639301598072, -1147031.579805047018453 ], [ 2279403.343842312693596, -1147031.579805047018453 ], [ 2279801.469337961636484, -1146822.040070491144434 ], [ 2280175.176297201775014, -1146625.352197206811979 ], [ 2280941.590224327519536, -1146221.976446084445342 ], [ 2280995.927027477882802, -1146193.378128637094051 ], [ 2281490.638999995775521, -1146135.176720107905567 ], [ 2281792.661001693457365, -1146099.644719910342246 ], [ 2281490.638999995775521, -1146292.010231323074549 ] ] ] } },
{ "type": "Feature", "properties": { "ID": 3317, "YEAR": "2019-2020", "Perimtr_KM": 11.3826132024, "AREA_KM": 4.3083176726000003, "SCALE": 1, "THICKNES_M": 193.718763239, "VOLUME_KM": 0.83460197118000001, "MASS_GT": 0.76533000757000003, "RECURRANCE": "2-3", "UA_KM": 0.05691306601, "UH_M": 16.078657269600001, "UC_KM": 0.06385891339, "REGION": "East", "ICESHELF": "Totten" }, "geometry": { "type": "Polygon", "coordinates": [ [ [ 2297460.71620705910027, -1145262.550933653255925 ], [ 2297482.587054439820349, -1145284.421781033743173 ], [ 2297685.340935323387384, -1145487.175661911489442 ], [ 2297890.664983630180359, -1145692.499710217583925 ], [ 2298311.032356037758291, -1145429.770102456910536 ], [ 2298661.515686218626797, -1145210.7180211013183 ], [ 2298684.416571127250791, -1145196.404968028422445 ], [ 2298955.196329852566123, -1145592.159999998519197 ], [ 2299114.365347698330879, -1145824.791641467250884 ], [ 2299249.120027205906808, -1146114.514202399645001 ], [ 2299267.111852641217411, -1146153.196627086726949 ], [ 2299214.805982494726777, -1146350.702187158400193 ], [ 2299150.441426880657673, -1146593.741019513225183 ], [ 2299124.686270915903151, -1146617.135093945777044 ], [ 2298862.795829867012799, -1146855.016956514446065 ], [ 2298683.59869487490505, -1146853.510625514900312 ], [ 2298417.869699882343411, -1146272.686685509514064 ], [ 2298007.288684871979058, -1146568.066432634135708 ], [ 2297805.46230757702142, -1146713.264145409921184 ], [ 2297745.009100002236664, -1146756.75532623170875 ], [ 2297680.885013874620199, -1146802.887406512163579 ], [ 2297302.487545870244503, -1146884.108168512117118 ], [ 2297128.833710215985775, -1146680.829369710758328 ], [ 2296998.546374037861824, -1146528.31529999920167 ], [ 2296861.413704872131348, -1146367.78809851850383 ], [ 2296650.225231677293777, -1146273.350793186808005 ], [ 2296563.837800002656877, -1146234.720861647976562 ], [ 2296526.03226687386632, -1146217.815333511447534 ], [ 2296512.008386330679059, -1146200.212200000882149 ], [ 2296432.596499999053776, -1146100.53236934915185 ], [ 2296418.248015432618558, -1146082.521784565877169 ], [ 2296407.452438254840672, -1146068.970899997279048 ], [ 2296366.975900002755225, -1146018.163714014925063 ], [ 2296302.896569843403995, -1145937.729699998395517 ], [ 2296301.3553, -1145935.795058673713356 ], [ 2296258.701043868437409, -1145882.254345511086285 ], [ 2296168.534834288991988, -1145919.264734291704372 ], [ 2295905.937626340426505, -1146027.052616304717958 ], [ 2295875.626651879400015, -1146039.494316522730514 ], [ 2295724.363699997775257, -1146043.939811574760824 ], [ 2295513.02600194979459, -1146050.150854522129521 ], [ 2295430.168552871793509, -1146052.585967519786209 ], [ 2295371.322315907105803, -1146078.386445828247815 ], [ 2295434.085222631692886, -1145904.362022630870342 ], [ 2295496.887999996542931, -1145730.227049020584673 ], [ 2295534.667520470917225, -1145625.474742254475132 ], [ 2295586.465276666916907, -1145481.853690979070961 ], [ 2295641.702152360230684, -1145328.696899277856573 ], [ 2295798.308811345137656, -1145216.835000003455207 ], [ 2295873.213032050058246, -1145163.331985212629661 ], [ 2295925.781406229361892, -1145242.184546473668888 ], [ 2295971.413964395411313, -1145310.63338372297585 ], [ 2296071.650928931310773, -1145460.988830520771444 ], [ 2296093.577751605771482, -1145439.062007852829993 ], [ 2296098.972542566247284, -1145433.667216885602102 ], [ 2296501.287400001659989, -1145031.352359457639977 ], [ 2296633.891636752523482, -1144898.748122706543654 ], [ 2297163.059361750259995, -1144766.456191457109526 ], [ 2297460.71620705910027, -1145262.550933653255925 ] ] ] } },
{ "type": "Feature", "properties": { "ID": 3327, "YEAR": "2019-2020", "Perimtr_KM": 13.3057993873, "AREA_KM": 1.7944430281, "SCALE": 1, "THICKNES_M": 168.292531967, "VOLUME_KM": 0.30199136067, "MASS_GT": 0.27692607773, "RECURRANCE": "3-4", "UA_KM": 0.06652899694, "UH_M": 13.9682800844, "UC_KM": 0.02310663144, "REGION": "East", "ICESHELF": "Vincennes_Bay" }, "geometry": { "type": "Polygon", "coordinates": [ [ [ 2415839.273800851777196, -888453.889222450554371 ], [ 2415848.968409, -888473.07870399649255 ], [ 2415825.363076001405716, -889054.3114500020165 ], [ 2416026.716745594516397, -889282.496125081554055 ], [ 2416273.60335449129343, -889562.281145865563303 ], [ 2416357.61501691583544, -889657.487624747445807 ], [ 2416383.633136998862028, -889686.972740610595793 ], [ 2416547.226413797587156, -889872.36533259274438 ], [ 2416630.257571998983622, -889966.460652001434937 ], [ 2416869.382178291678429, -890362.730721466708928 ], [ 2416931.652735440991819, -890465.923606512602419 ], [ 2416972.506632002070546, -890533.625448998762295 ], [ 2416888.867457455024123, -890819.990758233470842 ], [ 2416664.862319255247712, -890733.532634718343616 ], [ 2416295.385738649405539, -890590.927638701861724 ], [ 2416268.771349557675421, -890580.655418350361288 ], [ 2416204.159738809801638, -890555.717603676719591 ], [ 2416045.741119846701622, -890120.066401527030393 ], [ 2416005.721841928549111, -890010.01338726724498 ], [ 2415882.94140000641346, -889587.10297619109042 ], [ 2415747.120967824012041, -889119.277043098816648 ], [ 2415745.182503625750542, -889112.600110853090882 ], [ 2415708.064996620640159, -888984.750920072896406 ], [ 2415686.069436921738088, -888935.260910748038441 ], [ 2415311.189202858135104, -888091.78038413496688 ], [ 2415245.043237240053713, -886289.302820847835392 ], [ 2415724.601488024927676, -885445.94175911671482 ], [ 2416076.408613624982536, -884913.940739908488467 ], [ 2415938.413954, -885531.241082998691127 ], [ 2415472.985956999473274, -886354.813083998160437 ], [ 2415451.875268001109362, -887448.058203999884427 ], [ 2415619.479101996868849, -888018.828181000892073 ], [ 2415839.273800851777196, -888453.889222450554371 ] ] ] } },
{ "type": "Feature", "properties": { "ID": 3330, "YEAR": "2019-2020", "Perimtr_KM": 7.1002950769500002, "AREA_KM": 1.15749545128, "SCALE": 1, "THICKNES_M": 272.30512491899998, "VOLUME_KM": 0.31519194345000001, "MASS_GT": 0.28903101215, "RECURRANCE": "3-4", "UA_KM": 0.03550147538, "UH_M": 22.601325256799999, "UC_KM": 0.02411666365, "REGION": "East", "ICESHELF": "Vincennes_Bay" }, "geometry": { "type": "Polygon", "coordinates": [ [ [ 2426033.542943997308612, -873879.670545999426395 ], [ 2426287.875939996913075, -873903.417383996769786 ], [ 2426605.758765000849962, -873875.209725998574868 ], [ 2426374.533609999343753, -874791.799213001038879 ], [ 2425830.588861999101937, -874992.399686000077054 ], [ 2425855.817951995879412, -875375.102610000874847 ], [ 2425464.996897997334599, -875648.764421997824684 ], [ 2425074.868646997027099, -875587.710126996273175 ], [ 2424785.359296998009086, -876046.363929996732622 ], [ 2424776.593785645440221, -876052.533238281495869 ], [ 2424935.427201334387064, -875358.682001259410754 ], [ 2425348.839486501179636, -875309.072527039330453 ], [ 2425729.178788845427334, -874978.342698922147974 ], [ 2425679.569314618594944, -874399.565499696880579 ], [ 2425861.470720095559955, -873820.788300478365272 ], [ 2425940.416603219695389, -873788.281172136077657 ], [ 2426065.622289813123643, -873736.725889420136809 ], [ 2426068.53085308894515, -873735.528245717985556 ], [ 2426033.542943997308612, -873879.670545999426395 ] ] ] } },
{ "type": "Feature", "properties": { "ID": 3334, "YEAR": "2019-2020", "Perimtr_KM": 13.6172299676, "AREA_KM": 3.3195343461300002, "SCALE": 1, "THICKNES_M": 99.738703727699999, "VOLUME_KM": 0.33108605266000002, "MASS_GT": 0.30360591029, "RECURRANCE": "1-2", "UA_KM": 0.06808614984, "UH_M": 8.27831236858, "UC_KM": 0.02533278891, "REGION": "East", "ICESHELF": "Vincennes_Bay" }, "geometry": { "type": "Polygon", "coordinates": [ [ [ 2406310.418845981359482, -851188.564182792557403 ], [ 2406348.924320999532938, -851223.385963999200612 ], [ 2406653.213638994842768, -851855.661997999530286 ], [ 2406678.931090995669365, -852069.122502999380231 ], [ 2406773.543681037612259, -852092.831119485897943 ], [ 2406839.339226001873612, -852109.318579997401685 ], [ 2406997.503064385615289, -851877.154002904659137 ], [ 2407088.723876998759806, -851743.253348999889567 ], [ 2407237.110236481763422, -851742.630873728776351 ], [ 2407260.992622994817793, -851742.530688000144437 ], [ 2407382.746117998845875, -851745.177604001481086 ], [ 2407401.527040995657444, -851840.660396998049691 ], [ 2407760.001469999551773, -852382.411762999836355 ], [ 2407963.389578585512936, -852613.454457745188847 ], [ 2407735.269099997356534, -852907.803462376818061 ], [ 2407702.910902970470488, -852949.555974673479795 ], [ 2407650.171110465191305, -852929.778552484000102 ], [ 2407300.574098301120102, -852798.679672915721312 ], [ 2407225.975787725299597, -852915.905589520465583 ], [ 2407183.225863594561815, -852983.084041724679992 ], [ 2406956.237602575682104, -853600.996530061354861 ], [ 2406881.473260092549026, -853804.521684602368623 ], [ 2406797.653092451393604, -853385.420846407534555 ], [ 2406659.287445590831339, -853360.263456067303196 ], [ 2406585.865312730893493, -853346.913977363146842 ], [ 2406428.844354832544923, -853318.364712291397154 ], [ 2406194.147885447368026, -853418.948913458734751 ], [ 2406253.446467805653811, -853090.525995753472671 ], [ 2406270.789965653792024, -852994.469699998851866 ], [ 2406308.088440992869437, -852787.893528869608417 ], [ 2406396.055583356879652, -852300.690894237486646 ], [ 2406405.667862855829298, -852247.453653942095116 ], [ 2406412.080321307294071, -852211.938499444397166 ], [ 2406387.796439065597951, -852199.796558320056647 ], [ 2405976.215449587441981, -851994.006063577486202 ], [ 2405808.575114303268492, -851759.309594184858724 ], [ 2405557.114611378870904, -851675.489426543237641 ], [ 2405322.418141992762685, -851960.477996512548998 ], [ 2405291.219266104511917, -851969.084582968149334 ], [ 2404862.707101032137871, -852087.294835397507995 ], [ 2404836.261169668287039, -852094.590264737838879 ], [ 2404833.885432248003781, -852137.353538375347853 ], [ 2404819.497136143036187, -852396.342868246603757 ], [ 2404400.396297947503626, -852999.848075263900682 ], [ 2404126.225152528844774, -853025.059215073240921 ], [ 2404174.351620996370912, -852933.567005998454988 ], [ 2404260.485751944594085, -852687.994568562833592 ], [ 2404373.41278412565589, -852366.034316109493375 ], [ 2404441.448850001208484, -852172.0603089958895 ], [ 2405016.670186000876129, -851621.465859997086227 ], [ 2405194.373784994706511, -851366.42350600194186 ], [ 2405471.799963996745646, -851239.304959995672107 ], [ 2405623.211028943769634, -851201.351930223871022 ], [ 2405937.500546998344362, -851122.571429999545217 ], [ 2406109.715493996627629, -851155.819054000778124 ], [ 2406207.092467996291816, -851095.122704001143575 ], [ 2406310.418845981359482, -851188.564182792557403 ] ] ] } },
{ "type": "Feature", "properties": { "ID": 3338, "YEAR": "2019-2020", "Perimtr_KM": 5.7078295882000001, "AREA_KM": 1.8485550315699999, "SCALE": 1, "THICKNES_M": 392.091249371, "VOLUME_KM": 0.72480225186000002, "MASS_GT": 0.66464366496000005, "RECURRANCE": "3-4", "UA_KM": 0.02853914794, "UH_M": 32.543573537299999, "UC_KM": 0.05545767422, "REGION": "East", "ICESHELF": "Underwood" }, "geometry": { "type": "Polygon", "coordinates": [ [ [ 2454134.983770304359496, -801739.168451097328216 ], [ 2454182.334538193419576, -801748.965161695843562 ], [ 2454441.036379241384566, -801802.48968052607961 ], [ 2454809.845116846263409, -802439.522954594576731 ], [ 2454927.794034178368747, -802811.51569385943003 ], [ 2454857.987047000788152, -802852.60467199748382 ], [ 2454688.766391000710428, -802841.444119996624067 ], [ 2454126.223971684463322, -803180.270624655531719 ], [ 2453768.118481999263167, -803395.962148000719026 ], [ 2453405.407044995576143, -803207.392269001808017 ], [ 2453430.222268994897604, -802907.359757000114769 ], [ 2453413.615919657982886, -802785.039363272255287 ], [ 2453382.442731001414359, -802555.421363999834284 ], [ 2453406.320269995369017, -802276.811018997337669 ], [ 2453276.39034500066191, -802267.574721998302266 ], [ 2453117.126399997621775, -802282.201899997657165 ], [ 2453095.307542809285223, -802307.720557019347325 ], [ 2453200.49789815582335, -802087.478250502375886 ], [ 2453954.87940691690892, -801701.905479365494102 ], [ 2454134.983770304359496, -801739.168451097328216 ] ] ] } },
{ "type": "Feature", "properties": { "ID": 3341, "YEAR": "2019-2020", "Perimtr_KM": 47.943709478899997, "AREA_KM": 25.086833210799998, "SCALE": 2, "THICKNES_M": 358.72820843599999, "VOLUME_KM": 8.9993547330400006, "MASS_GT": 8.2524082902, "RECURRANCE": "3-4", "UA_KM": 0.23971854739000001, "UH_M": 29.774441153400002, "UC_KM": 0.68857854916000005, "REGION": "East", "ICESHELF": "Underwood" }, "geometry": { "type": "Polygon", "coordinates": [ [ [ 2460640.163906999863684, -796244.881617001490667 ], [ 2462674.712461997754872, -799197.473363998578861 ], [ 2463650.350413995794952, -800357.235389998182654 ], [ 2463679.873675997368991, -801155.855699998093769 ], [ 2464015.94113399554044, -802152.528450996149331 ], [ 2463836.466589, -802213.14091399894096 ], [ 2463137.042033000849187, -801868.965915002627298 ], [ 2462809.205071000382304, -801501.927402999717742 ], [ 2462673.930943001061678, -800997.523537999484688 ], [ 2462357.26753999851644, -800514.215286002028733 ], [ 2462214.918682996183634, -800460.307705001439899 ], [ 2462266.612507996149361, -800982.96725199976936 ], [ 2462110.518222996965051, -800850.411021999781951 ], [ 2462150.162855999544263, -800262.250044002197683 ], [ 2462475.247252001427114, -799740.825856995768845 ], [ 2461985.542091000825167, -799505.371061999117956 ], [ 2461302.88389499578625, -799478.322178001981229 ], [ 2461251.169734001159668, -799699.888204000657424 ], [ 2461283.555461998097599, -799995.984040002338588 ], [ 2460771.930606998503208, -800600.404313001781702 ], [ 2460423.470676997676492, -800501.407746999524534 ], [ 2459784.562234995886683, -800009.533826001686975 ], [ 2459608.47654099855572, -800062.513672996079549 ], [ 2459736.975926995277405, -800507.536975995637476 ], [ 2459761.358488996513188, -800848.30827800091356 ], [ 2459716.860147997736931, -800816.864095997530967 ], [ 2459529.557329996488988, -800855.302639995934442 ], [ 2459072.536444996483624, -800907.5948279958684 ], [ 2458823.41697514615953, -800518.946675522020087 ], [ 2458516.909148996695876, -800040.767669998342171 ], [ 2458316.190552, -799798.934256002074108 ], [ 2458106.482662675902247, -799836.679348146077245 ], [ 2457691.999573999084532, -799911.281702999025583 ], [ 2457389.293662752956152, -800188.530955168418586 ], [ 2457238.671013998799026, -800326.486690997611731 ], [ 2456917.27877099532634, -800433.940047001931816 ], [ 2456585.775884999893606, -800335.016324999975041 ], [ 2456419.237358994781971, -799874.433875000337139 ], [ 2455969.735579745844007, -799894.860404639272019 ], [ 2455925.96994877140969, -799896.849228709936142 ], [ 2455765.39502795599401, -799639.929355408763513 ], [ 2456100.675698508508503, -799388.468852483667433 ], [ 2456073.280732748098671, -799257.581793844001368 ], [ 2456015.719714568927884, -798982.568040308309719 ], [ 2455949.799396764487028, -798667.615410780301318 ], [ 2456335.372167908586562, -798516.739109029294923 ], [ 2456670.652838461101055, -798131.166337885661051 ], [ 2457089.753676669672132, -798147.930371404625475 ], [ 2458129.123755407519639, -798114.40230434644036 ], [ 2458833.213163591921329, -798265.278606104198843 ], [ 2459302.606102377176285, -798064.110203769756481 ], [ 2459889.347275855951011, -798399.390874329488724 ], [ 2461113.121723402291536, -798499.975075496826321 ], [ 2461297.526092211715877, -798282.042639636667445 ], [ 2460878.425254016183317, -797460.604996759211645 ], [ 2460660.492818156257272, -797024.740125031908974 ], [ 2459973.167443497106433, -797192.38046031515114 ], [ 2459302.606102377176285, -797158.852393250446767 ], [ 2458732.628962424583733, -797108.560292673530057 ], [ 2458497.932493025436997, -797058.26819208310917 ], [ 2457961.483420124277472, -796672.695420939475298 ], [ 2457944.719386598095298, -796488.291052130516618 ], [ 2457944.719386598095298, -796052.426180396461859 ], [ 2457676.494850147515535, -795549.505174560006708 ], [ 2457072.989643144421279, -794878.943833433557302 ], [ 2456955.641408450901508, -794644.247364040929824 ], [ 2456957.006661177612841, -794127.747914374340326 ], [ 2456130.182090857997537, -793565.507206567097455 ], [ 2455336.430503360927105, -792308.733859675936401 ], [ 2454377.31400179117918, -792110.295962801668793 ], [ 2454585.139131291769445, -791201.06102122575976 ], [ 2458140.316152996383607, -794079.531213000183925 ], [ 2460640.163906999863684, -796244.881617001490667 ] ] ] } },
{ "type": "Feature", "properties": { "ID": 3344, "YEAR": "2019-2020", "Perimtr_KM": 11.4433273476, "AREA_KM": 2.5830442108999998, "SCALE": 1, "THICKNES_M": 218.73857732, "VOLUME_KM": 0.56501141585000003, "MASS_GT": 0.51811546833, "RECURRANCE": "2-3", "UA_KM": 0.05721663674, "UH_M": 18.155301828, "UC_KM": 0.04323140409, "REGION": "West", "ICESHELF": "Getz" }, "geometry": { "type": "Polygon", "coordinates": [ [ [ -1199057.681748213712126, -1181950.071415716549382 ], [ -1198743.714307146146894, -1181995.739407144719735 ], [ -1198474.106655255658552, -1182034.955065604532138 ], [ -1198622.549963999306783, -1182074.469186000758782 ], [ -1198892.681153379147872, -1182098.826353376731277 ], [ -1199266.175659758038819, -1182132.503576010232791 ], [ -1199622.997954410267994, -1182164.677499996498227 ], [ -1199692.53145399899222, -1182170.947190999053419 ], [ -1200304.587160459021106, -1182446.111023308942094 ], [ -1200418.764159003738314, -1182497.44194000121206 ], [ -1201282.1581579989288, -1182807.815285 ], [ -1201503.868791190674528, -1182934.75972559209913 ], [ -1202051.932777002919465, -1183248.563691998831928 ], [ -1202199.294864349300042, -1183249.085264345398173 ], [ -1202267.611977466149256, -1183249.327065464807674 ], [ -1202899.848212002078071, -1183251.564797997940332 ], [ -1203277.189300001831725, -1183779.944670593133196 ], [ -1203381.719199996674433, -1183926.314883107086644 ], [ -1203351.432118960656226, -1183514.410581041593105 ], [ -1203342.869270697934553, -1183397.955844667041674 ], [ -1203331.843345728935674, -1183248.003265039296821 ], [ -1203054.78814960969612, -1182989.418415325228125 ], [ -1203026.65408084820956, -1182963.15995114739053 ], [ -1203014.342710723169148, -1182951.669339031912386 ], [ -1202826.02894866396673, -1182822.203627621522173 ], [ -1202318.159362020436674, -1182473.043286801083013 ], [ -1201998.340678723761812, -1182253.167942031519488 ], [ -1200262.895937965717167, -1181861.293323147809133 ], [ -1200170.088300251634791, -1181840.336759792407975 ], [ -1200029.836741714039817, -1181808.667053027777001 ], [ -1199057.681748213712126, -1181950.071415716549382 ] ] ] } },
{ "type": "Feature", "properties": { "ID": 3347, "YEAR": "2019-2020", "Perimtr_KM": 10.314853944299999, "AREA_KM": 2.8383658455699998, "SCALE": 1, "THICKNES_M": 286.256088745, "VOLUME_KM": 0.81249950538000004, "MASS_GT": 0.74506204642999996, "RECURRANCE": "2-3", "UA_KM": 0.05157426972, "UH_M": 23.759255248700001, "UC_KM": 0.0621677606, "REGION": "West", "ICESHELF": "Getz" }, "geometry": { "type": "Polygon", "coordinates": [ [ [ -1208532.711899995105341, -1180930.589843957917765 ], [ -1208495.813138421392068, -1180932.639775155344978 ], [ -1208348.353378743398935, -1180940.831984025193378 ], [ -1207925.019198744790629, -1181427.666291032917798 ], [ -1207698.402877588756382, -1181744.929140652762726 ], [ -1206866.68374874163419, -1182909.335921034915373 ], [ -1206570.116817875765264, -1183005.00267292954959 ], [ -1206210.515769738238305, -1183121.00301104108803 ], [ -1206118.274563118582591, -1183434.623113547917455 ], [ -1205998.848679732298478, -1183840.671117033110932 ], [ -1206034.155432394240052, -1184361.445718865143135 ], [ -1206050.248773262603208, -1184598.822496672160923 ], [ -1206051.685792998177931, -1184620.018537738826126 ], [ -1206089.772160794120282, -1184577.624352954793721 ], [ -1206427.646008178591728, -1184201.534766382770613 ], [ -1206806.204263348598033, -1183780.159099746728316 ], [ -1206842.803848000243306, -1183739.419862997485325 ], [ -1207165.807178005343303, -1183318.793159002438188 ], [ -1207444.027012296952307, -1183237.439548988360912 ], [ -1207549.212574259145185, -1183206.682485214900225 ], [ -1207660.327873000642285, -1183174.191521001746878 ], [ -1207819.777103799395263, -1183098.353126014349982 ], [ -1207823.987563000526279, -1183096.350516996812075 ], [ -1208131.209900392685086, -1182299.867322796722874 ], [ -1208185.44084499985911, -1182159.271959999576211 ], [ -1208449.229075827868655, -1181704.833075829315931 ], [ -1208729.189363002078608, -1181222.533921996131539 ], [ -1208863.088970139389858, -1181082.447990510147065 ], [ -1209034.908658497035503, -1180902.690024042967707 ], [ -1208532.711899995105341, -1180930.589843957917765 ] ] ] } },
{ "type": "Feature", "properties": { "ID": 3356, "YEAR": "2019-2020", "Perimtr_KM": 156.265290502, "AREA_KM": 600.10083744999997, "SCALE": 3, "THICKNES_M": 54.604224354099998, "VOLUME_KM": 32.768040763199998, "MASS_GT": 30.048293379899999, "RECURRANCE": "5-6", "UA_KM": 0.78132645251, "UH_M": 4.5321505990400004, "UC_KM": 2.5072208660199999, "REGION": "West", "ICESHELF": "Getz" }, "geometry": { "type": "Polygon", "coordinates": [ [ [ -1319738.143925757845864, -1076343.821120853303 ], [ -1319413.045735074440017, -1076425.095668525900692 ], [ -1318985.186492808628827, -1076929.750159395392984 ], [ -1318770.884987713303417, -1076973.485160437645391 ], [ -1318577.653512318851426, -1077085.356014609104022 ], [ -1318016.820979584008455, -1077410.048533554421738 ], [ -1317302.444550822721794, -1078084.73738293396309 ], [ -1316627.755701449932531, -1078243.487700433470309 ], [ -1315632.431169815827161, -1078003.236951419152319 ], [ -1315476.815899565350264, -1077965.674644809449092 ], [ -1314841.81462956732139, -1078283.175279808463529 ], [ -1314603.689153318060562, -1078283.175279808463529 ], [ -1314206.813359569525346, -1078005.362224184209481 ], [ -1313174.936295816209167, -1078045.049803559202701 ], [ -1312182.746811430901289, -1078402.238017939729616 ], [ -1311388.995223933365196, -1078799.113811695249751 ], [ -1311031.807009552838281, -1078799.113811695249751 ], [ -1309880.867207668023184, -1079950.05361356632784 ], [ -1309325.241096419980749, -1081299.431312318658456 ], [ -1308610.864667665446177, -1083442.560598582029343 ], [ -1307618.675183293875307, -1086022.253257968695834 ], [ -1307817.113080168142915, -1086736.629686716478318 ], [ -1307261.486968913115561, -1087093.817901097005233 ], [ -1306547.110540158813819, -1088998.821711104363203 ], [ -1306189.922325778286904, -1089038.509290479123592 ], [ -1305237.420420781476423, -1089871.948457364924252 ], [ -1304602.41915077669546, -1090665.700044862227514 ], [ -1303848.355142654152587, -1091022.888259236235172 ], [ -1303253.041452024364844, -1091538.826791116269305 ], [ -1302895.853237643837929, -1092769.141751743853092 ], [ -1302618.040182019583881, -1093880.39397424692288 ], [ -1301903.663753265282139, -1094356.644926752196625 ], [ -1301467.100380141753703, -1095626.64746676152572 ], [ -1301705.225856391014531, -1097253.838221144862473 ], [ -1300474.910895763197914, -1099992.281198024284095 ], [ -1300633.661213262705132, -1101262.28373803361319 ], [ -1298649.282244505826384, -1103127.59996866597794 ], [ -1298173.031292000552639, -1103802.288818038767204 ], [ -1297498.342442621011287, -1104715.103143674321473 ], [ -1296982.403910747729242, -1105231.041675554355606 ], [ -1296109.277164493687451, -1105588.229889921378344 ], [ -1295315.5255769896321, -1106580.419374306686223 ], [ -1295236.150418239878491, -1107453.546120553743094 ], [ -1294640.836727616842836, -1108445.735604939050972 ], [ -1293132.708711358252913, -1110072.926359315402806 ], [ -1293172.396290726261213, -1112096.992907454026863 ], [ -1293130.938608121592551, -1112262.823637880384922 ], [ -1292513.926298101432621, -1114730.8728779675439 ], [ -1292458.01986197871156, -1114954.498622458195314 ], [ -1291703.638095991220325, -1114797.335754542611539 ], [ -1291505.517956975148991, -1114756.060725583927706 ], [ -1290809.463829122949392, -1115926.697213337756693 ], [ -1290632.3912107211072, -1116224.501162474276498 ], [ -1290188.94584486912936, -1116512.740650274557993 ], [ -1289838.639623217051849, -1116740.439694340806454 ], [ -1289163.950773844262585, -1116542.001797466538846 ], [ -1288991.14989467849955, -1117014.930519388057292 ], [ -1288887.724219252355397, -1117297.990262654377148 ], [ -1289164.328110003843904, -1117714.523244998650625 ], [ -1289327.346296002855524, -1117852.209171000635251 ], [ -1289992.845068000955507, -1117332.654229001607746 ], [ -1290151.991966854548082, -1117122.268294389592484 ], [ -1290340.818509319098666, -1116872.647039431147277 ], [ -1290461.839085004059598, -1116712.662603002274409 ], [ -1290577.199871564051136, -1116842.142282233573496 ], [ -1290707.241706447210163, -1116988.099808786762878 ], [ -1290763.195824463386089, -1117050.902096012141556 ], [ -1290816.837900418788195, -1117111.109372640959918 ], [ -1290929.768870000960305, -1117237.861851996742189 ], [ -1291002.106334704440087, -1117180.748706249985844 ], [ -1291134.6335910030175, -1117076.113459000363946 ], [ -1291547.37704044021666, -1117360.965558370808139 ], [ -1291622.016962755937129, -1117412.477795804850757 ], [ -1291655.217691595666111, -1117435.39105420652777 ], [ -1292122.249007002916187, -1117757.709557002410293 ], [ -1292310.41079972172156, -1117401.655381017364562 ], [ -1292546.792588005308062, -1116954.355630997568369 ], [ -1292757.739858000539243, -1116531.77954700239934 ], [ -1292684.495733556570485, -1116124.396048421273008 ], [ -1292648.827968003926799, -1115926.01209299871698 ], [ -1293184.221208691596985, -1115493.204911238979548 ], [ -1293307.536894004559144, -1115393.51759700011462 ], [ -1293341.151225309818983, -1115410.310382116120309 ], [ -1293616.716018169187009, -1115547.97488924046047 ], [ -1293800.449936002958566, -1115639.763245000271127 ], [ -1294348.531712781405076, -1114943.988043433520943 ], [ -1294457.630645000375807, -1114805.489858001703396 ], [ -1294486.000000002095476, -1114785.617576143471524 ], [ -1294539.859541436191648, -1114747.889824212994426 ], [ -1295002.09424500237219, -1114424.101767999352887 ], [ -1295047.610746025806293, -1114338.043608999811113 ], [ -1295079.84734501154162, -1114277.093793026171625 ], [ -1295139.805767, -1114163.730259002419189 ], [ -1295164.229141370393336, -1114137.282364889746532 ], [ -1295270.082900000736117, -1114022.6541011123918 ], [ -1295315.794245561352, -1113973.153618139680475 ], [ -1295438.615546000888571, -1113840.151326997205615 ], [ -1295732.570800002198666, -1113577.442067211261019 ], [ -1295916.665630382020026, -1113412.915609661024064 ], [ -1296846.222770001506433, -1112582.165810995968059 ], [ -1297172.456103227799758, -1112089.042266477132216 ], [ -1297404.207135003292933, -1111738.735052002128214 ], [ -1297529.159254699014127, -1111509.144093532115221 ], [ -1297611.38382071396336, -1111358.06208733888343 ], [ -1297626.669123289873824, -1111329.976391170872375 ], [ -1297789.013085003942251, -1111031.680485001765192 ], [ -1298106.288009286159649, -1111033.577057567890733 ], [ -1298228.019963999511674, -1111034.304734001634642 ], [ -1298758.419362004613504, -1111134.190546001540497 ], [ -1298935.588686574017629, -1111200.645272493362427 ], [ -1299408.137679004576057, -1111377.894433000357822 ], [ -1299545.087776795495301, -1111464.744965112302452 ], [ -1299624.226760847028345, -1111514.933048114413396 ], [ -1299834.156918, -1111648.065818000119179 ], [ -1300266.15811300300993, -1111598.933189001632854 ], [ -1300436.940813003107905, -1111568.608182999771088 ], [ -1301015.047335999552161, -1111648.843050996307284 ], [ -1301202.800381002947688, -1111505.260642998386174 ], [ -1301458.09180600149557, -1111264.084963001310825 ], [ -1302152.511587999295443, -1111275.41108600050211 ], [ -1302357.283049000194296, -1111083.330949998693541 ], [ -1302640.262354001170024, -1111273.417333997786045 ], [ -1302864.283819, -1111511.701246998040006 ], [ -1303279.040608001872897, -1111474.853271002415568 ], [ -1303583.773642004234716, -1111219.752883000532165 ], [ -1303866.054898143745959, -1110921.250609790440649 ], [ -1304253.308977002743632, -1110511.743352998048067 ], [ -1304429.797300005331635, -1110261.716765001881868 ], [ -1304525.256157033145428, -1110105.339500325033441 ], [ -1304805.989120005164295, -1109645.452862001489848 ], [ -1305024.916825505439192, -1109434.223489766009152 ], [ -1305283.2584337759763, -1109184.966157930903137 ], [ -1305489.199580001877621, -1108986.266687998082489 ], [ -1305805.18922700244002, -1108843.955313997576013 ], [ -1305836.691321899183095, -1108914.129885793663561 ], [ -1305944.586737999459729, -1109154.479445000411943 ], [ -1306270.97274300060235, -1109214.378162996377796 ], [ -1306647.987362002255395, -1109295.816574001917616 ], [ -1307173.496479004155844, -1108848.830151999834925 ], [ -1307415.514640440000221, -1108490.323078799294308 ], [ -1307771.377453999593854, -1107963.175301997922361 ], [ -1308221.514841003576294, -1107457.27969599654898 ], [ -1308522.822784286225215, -1107476.267230573343113 ], [ -1308748.076596999075264, -1107490.462058997480199 ], [ -1309228.606770000886172, -1107143.447280999738723 ], [ -1309353.962625324958935, -1106972.671792231732979 ], [ -1309437.345287000993267, -1106859.077458997489884 ], [ -1310508.420566002605483, -1106308.482268000254408 ], [ -1310698.979949160013348, -1106341.730775786098093 ], [ -1310970.554739003768191, -1106389.114726996747777 ], [ -1310921.447692001238465, -1106673.737018000334501 ], [ -1310522.472350004129112, -1106767.522401001770049 ], [ -1310090.879279001383111, -1106971.922896997770295 ], [ -1309546.502944001462311, -1107397.773153996793553 ], [ -1309491.967350156744942, -1107633.260470274835825 ], [ -1309438.497460995335132, -1107864.146022487198934 ], [ -1309366.910135003738105, -1108173.26353799784556 ], [ -1309392.364295437932014, -1108188.537708054995164 ], [ -1309605.423445005202666, -1108316.387207998894155 ], [ -1310393.303404000587761, -1108476.454251002054662 ], [ -1311249.651976000284776, -1108130.725740000372753 ], [ -1311473.606142, -1107988.889152998803183 ], [ -1312014.24775100289844, -1108328.825751996366307 ], [ -1312073.701018999796361, -1107976.258809999795631 ], [ -1312743.409046999411657, -1107757.435050000902265 ], [ -1312905.423752004047856, -1108087.080559995723888 ], [ -1313004.624466004548594, -1108287.290116 ], [ -1313334.498727000318468, -1108090.140605996362865 ], [ -1313575.292451001238078, -1107973.033453002339229 ], [ -1313698.586322002345696, -1107982.060292996931821 ], [ -1313816.363119001733139, -1107756.641839001094922 ], [ -1313753.783433999633417, -1107471.668858002405614 ], [ -1313670.30578700453043, -1107070.556493999669328 ], [ -1313915.22063800226897, -1106870.739112998358905 ], [ -1314403.545399003895, -1106924.812995996093377 ], [ -1315276.336325003532693, -1106326.155285000801086 ], [ -1315743.799075004877523, -1106211.452690002275631 ], [ -1316148.131416000658646, -1105896.347869995515794 ], [ -1316456.00588000449352, -1105897.317712997086346 ], [ -1316860.237666000379249, -1105603.511446996359155 ], [ -1317083.478895003674552, -1105620.326203999109566 ], [ -1317130.188513999572024, -1105556.698562001809478 ], [ -1317525.432246003067121, -1105242.384700000751764 ], [ -1317641.321951118530706, -1105231.158741703489795 ], [ -1318228.124826003797352, -1105174.316551998257637 ], [ -1318770.570629002526402, -1104704.051823997870088 ], [ -1319284.338758001103997, -1104467.582547995727509 ], [ -1319701.938833000138402, -1104007.989854001440108 ], [ -1319845.97127400431782, -1103746.529620000394061 ], [ -1320010.77958400384523, -1103727.482882998883724 ], [ -1320155.380135999759659, -1103710.078371002105996 ], [ -1320176.052302005700767, -1103713.431823995895684 ], [ -1320253.591727002058178, -1103725.372363997157663 ], [ -1320285.833543002605438, -1103729.694035998778418 ], [ -1320302.998603001469746, -1103732.543756999075413 ], [ -1320318.539072999032214, -1103734.175776996649802 ], [ -1320544.013360999291763, -1103439.064840998733416 ], [ -1320763.266648998949677, -1103210.253668996039778 ], [ -1321114.339132003020495, -1102880.418398998677731 ], [ -1320869.138224003138021, -1102707.241953997407109 ], [ -1320692.110086003318429, -1102514.033030001679435 ], [ -1320588.453310005599633, -1102295.000717000104487 ], [ -1320456.978233002591878, -1102099.540136996423826 ], [ -1320958.246090005384758, -1101534.876526000909507 ], [ -1321099.6045530019328, -1101250.097662996733561 ], [ -1321391.930476004723459, -1101019.837582000531256 ], [ -1321662.619387005688623, -1101054.657729995669797 ], [ -1321770.455766004510224, -1101058.478256998118013 ], [ -1321997.70077700400725, -1100824.060066999401897 ], [ -1322343.067458002595231, -1100645.917721997480839 ], [ -1322513.153506003785878, -1100250.841031995834783 ], [ -1322931.494732002029195, -1099964.151368998223916 ], [ -1322982.332519999006763, -1099737.353140997234732 ], [ -1323334.663085002452135, -1099490.874203001381829 ], [ -1323666.959190004272386, -1099325.542734001064673 ], [ -1323612.002225004136562, -1099110.133756995899603 ], [ -1323517.671780004864559, -1098968.001831 ], [ -1323768.206663002260029, -1098808.777615000260994 ], [ -1324021.529350998811424, -1098531.955726998858154 ], [ -1324068.610068004112691, -1098307.775761998491362 ], [ -1324178.356696000788361, -1097669.797998997149989 ], [ -1324038.735429001739249, -1097493.294965998735279 ], [ -1323979.65038400539197, -1096944.292575998930261 ], [ -1324150.065496005350724, -1096703.791088002035394 ], [ -1324354.387158002238721, -1096534.575143999187276 ], [ -1324306.517159004462883, -1095964.672823999309912 ], [ -1324194.07199400337413, -1095742.64441899722442 ], [ -1324288.357764999149367, -1095340.264915998326614 ], [ -1324760.357541000470519, -1094948.026889000786468 ], [ -1324760.453455001115799, -1094590.392398999072611 ], [ -1324728.619728001765907, -1094449.421348001575097 ], [ -1324797.094465002184734, -1094336.299266002140939 ], [ -1325105.61501800082624, -1094294.921931997872889 ], [ -1325166.142404004000127, -1094206.745165000669658 ], [ -1325155.268605004763231, -1093931.266847996274009 ], [ -1325169.302358004264534, -1093532.807932996191084 ], [ -1325328.10881300503388, -1092993.865995996398851 ], [ -1325466.437484002904966, -1092466.183886996237561 ], [ -1325566.173755000112578, -1092002.088153001386672 ], [ -1325281.84926100121811, -1091976.644921001512557 ], [ -1324504.246454003732651, -1092052.431784997927025 ], [ -1324237.841814000625163, -1091849.159086995758116 ], [ -1324303.800329003483057, -1091582.645957999862731 ], [ -1324127.030572005547583, -1091624.357332995859906 ], [ -1323981.913074003066868, -1091657.475079996744171 ], [ -1323950.451852004276589, -1091402.018760999431834 ], [ -1323929.868381005013362, -1091079.040450002066791 ], [ -1323951.359050998929888, -1090738.071007996797562 ], [ -1324280.461594000225887, -1090214.763099996140227 ], [ -1324360.407798000844195, -1089796.104046998312697 ], [ -1324375.296313002239913, -1088682.057244996540248 ], [ -1324369.649276002077386, -1088374.713998997351155 ], [ -1325224.09228200209327, -1087353.0962219981011 ], [ -1325579.832486003171653, -1086709.598201999440789 ], [ -1325630.723246002569795, -1086343.314050995511934 ], [ -1325297.066792002646253, -1086207.017130999127403 ], [ -1325201.125410999404266, -1086111.127346999011934 ], [ -1325138.483462003059685, -1085956.43354699970223 ], [ -1325109.836952999001369, -1085789.142480999231339 ], [ -1325135.957953, -1085667.65330699714832 ], [ -1325357.500760001596063, -1085475.808046998921782 ], [ -1325524.147037000861019, -1085226.422799000516534 ], [ -1325445.339572999626398, -1085171.373682996956632 ], [ -1325284.048521001590416, -1085058.631087996996939 ], [ -1325073.190257496200502, -1084837.122449732618406 ], [ -1325016.259634003741667, -1084777.316280997125432 ], [ -1324926.62066600122489, -1084546.206261001527309 ], [ -1324808.94254899956286, -1084392.801414997084066 ], [ -1324606.21679100417532, -1084128.526732002384961 ], [ -1324297.190346002345905, -1084289.410009999759495 ], [ -1324077.270447002490982, -1083837.672973996726796 ], [ -1323960.112172002205625, -1083653.028059001546353 ], [ -1323590.371606999775395, -1083579.907409996259958 ], [ -1323536.634628002764657, -1083211.49921199772507 ], [ -1323543.344264002051204, -1082918.7930619972758 ], [ -1323172.07397, -1082851.429523 ], [ -1323115.062607785686851, -1082809.817076445790008 ], [ -1322991.218405575724319, -1082719.423511986620724 ], [ -1322916.211806003004313, -1082664.676387996645644 ], [ -1322790.52690167282708, -1082648.593862224835902 ], [ -1321934.821147000649944, -1082539.09853400173597 ], [ -1321920.793717639520764, -1082566.319134360412136 ], [ -1321682.423470005625859, -1083028.882949999766424 ], [ -1321270.560766, -1082324.88433999591507 ], [ -1320536.872499, -1082824.103871999308467 ], [ -1320410.182656004792079, -1082629.250684 ], [ -1320410.274083002703264, -1082284.533131001750007 ], [ -1320258.655757005093619, -1082079.814079000847414 ], [ -1319942.349108001682907, -1082074.347805998520926 ], [ -1319741.943119003204629, -1082278.538054999196902 ], [ -1319476.784306013956666, -1082592.229231107747182 ], [ -1319431.205300001427531, -1082646.1506220002193 ], [ -1319077.666047999868169, -1082397.981910001253709 ], [ -1318915.704059002920985, -1082486.130691997939721 ], [ -1318709.145586004946381, -1082320.622693000594154 ], [ -1318560.338236004579812, -1082191.080194997601211 ], [ -1318256.449243000941351, -1082135.267361997859553 ], [ -1317989.790286000585184, -1082186.475556998047978 ], [ -1317601.85461800172925, -1082321.122895998880267 ], [ -1317312.079445005161688, -1082212.40525900060311 ], [ -1317110.535457998979837, -1081934.006055002100766 ], [ -1316724.191537998849526, -1081896.530750998528674 ], [ -1316614.364801001967862, -1081868.85331199830398 ], [ -1316129.619337000884116, -1082187.826442000921816 ], [ -1315654.136945004109293, -1082178.38474100199528 ], [ -1315375.907654002774507, -1082494.243779996875674 ], [ -1315164.455074999015778, -1082404.688351998571306 ], [ -1314763.036522001260892, -1082706.419064999790862 ], [ -1314649.481830003438517, -1083028.933986000949517 ], [ -1314343.22918300377205, -1083016.274947002297267 ], [ -1314309.666007003514096, -1082278.141033001244068 ], [ -1314002.680924001615494, -1082250.182538997614756 ], [ -1314043.69281202275306, -1082069.556087213102728 ], [ -1314077.649355001281947, -1081920.003111999481916 ], [ -1314247.263653770787641, -1081907.743351673474535 ], [ -1314270.276789002818987, -1081906.079956996720284 ], [ -1314270.235423767706379, -1081889.483737913193181 ], [ -1314268.542986003216356, -1081210.457739001139998 ], [ -1314363.607621111441404, -1081154.842053715605289 ], [ -1314880.929309001890942, -1080852.193227999377996 ], [ -1315161.014580005314201, -1080927.861657997360453 ], [ -1315399.258947005262598, -1080602.895057101966813 ], [ -1315491.935094004031271, -1080476.484293001238257 ], [ -1315655.82477799966, -1079977.96847900073044 ], [ -1316073.388227999210358, -1079579.443715998670086 ], [ -1316504.792797000380233, -1079568.371664001839235 ], [ -1317175.908448002068326, -1078987.031498002121225 ], [ -1317292.150556002277881, -1078743.153435998596251 ], [ -1317760.06743900035508, -1078421.78831599955447 ], [ -1318480.63877300103195, -1078040.480854000197724 ], [ -1319222.724287000717595, -1077988.793563001323491 ], [ -1319273.79238700051792, -1077971.454409996047616 ], [ -1319533.290027002105489, -1077199.205429001711309 ], [ -1319496.88613999937661, -1076996.654806997859851 ], [ -1319484.493211999535561, -1076783.307616999838501 ], [ -1320029.098855628399178, -1076346.951463049510494 ], [ -1319809.921528823208064, -1076325.876720085274428 ], [ -1319738.143925757845864, -1076343.821120853303 ] ] ] } },
{ "type": "Feature", "properties": { "ID": 3359, "YEAR": "2019-2020", "Perimtr_KM": 23.790929656, "AREA_KM": 2.9883621120599999, "SCALE": 1, "THICKNES_M": 133.49471435500001, "VOLUME_KM": 0.39893054654, "MASS_GT": 0.36581931118, "RECURRANCE": "5-6", "UA_KM": 0.11895464828000001, "UH_M": 11.080061236800001, "UC_KM": 0.030523857, "REGION": "West", "ICESHELF": "Getz" }, "geometry": { "type": "Polygon", "coordinates": [ [ [ -1329292.366453713504598, -1069945.404199138050899 ], [ -1328987.674259331077337, -1070157.765425528632477 ], [ -1328897.214007540605962, -1070248.225677319103852 ], [ -1328590.798465575557202, -1070554.641219277400523 ], [ -1327945.875300732441247, -1071381.465789597248659 ], [ -1327819.070416913600639, -1071503.393562494544312 ], [ -1327515.926524167880416, -1071794.878074750304222 ], [ -1327305.060803870903328, -1071888.596172664081678 ], [ -1327277.636386357247829, -1071900.784802668495104 ], [ -1326920.612833538092673, -1072059.461937256390229 ], [ -1326027.642297600163147, -1072687.848610695218667 ], [ -1325980.487883911468089, -1072773.175644984934479 ], [ -1325846.794132757699117, -1073015.097670887596905 ], [ -1325680.375978064956143, -1073316.235284134047106 ], [ -1325623.060400107642636, -1073379.584080816945061 ], [ -1325366.182641345541924, -1073663.50160366226919 ], [ -1325167.744744471274316, -1073481.600198199274018 ], [ -1324716.795547170797363, -1073727.572487629018724 ], [ -1324622.040528061566874, -1073779.257043507415801 ], [ -1324347.311564860166982, -1074010.279126201989129 ], [ -1323894.434906182345003, -1074391.107225541723892 ], [ -1323410.495603934163228, -1074584.682946438202634 ], [ -1323150.292792898369953, -1074688.764070856617764 ], [ -1322898.631015691207722, -1074724.715753312921152 ], [ -1322803.026473369915038, -1074738.373545076930895 ], [ -1322728.492252594092861, -1074747.690322673879564 ], [ -1322724.012817181181163, -1074748.250252099707723 ], [ -1322670.734542113728821, -1074754.910036481451243 ], [ -1322091.957342895213515, -1074754.910036481451243 ], [ -1321480.107160860905424, -1075399.833201331552118 ], [ -1320950.939435862470418, -1075714.026538050966337 ], [ -1320925.087899723323062, -1075757.437608171952888 ], [ -1320656.767877127276734, -1076208.012740456266329 ], [ -1321070.551578004378825, -1076022.129800000227988 ], [ -1321099.834846651414409, -1075909.191535772755742 ], [ -1321112.539267999352887, -1075860.193750998470932 ], [ -1321532.77953800233081, -1075517.051620002370328 ], [ -1322096.161735915346071, -1075132.130731788463891 ], [ -1322123.878409248776734, -1075113.193806630093604 ], [ -1322517.829909005435184, -1074844.033435999881476 ], [ -1322606.691484817536548, -1074870.723726750351489 ], [ -1322607.743448553141207, -1074871.039692536694929 ], [ -1322678.704926308942959, -1074892.353544512763619 ], [ -1322975.480667002266273, -1074981.492531002033502 ], [ -1323139.06405300530605, -1074953.456306996988133 ], [ -1323212.689304394414648, -1074956.558789577800781 ], [ -1323515.917748001171276, -1074969.336483998689801 ], [ -1324062.346965001663193, -1074597.67107000015676 ], [ -1325223.999015001580119, -1073697.740252996794879 ], [ -1325392.043053002329543, -1073744.931774001335725 ], [ -1325732.406935339560732, -1073651.221031609456986 ], [ -1325841.684914, -1073621.134054002119228 ], [ -1326464.207867004908621, -1073156.804082997143269 ], [ -1326631.70478700264357, -1072664.413741002324969 ], [ -1326857.417263278272003, -1072442.408638791413978 ], [ -1327008.653591001639143, -1072293.656399000901729 ], [ -1327126.044819800648838, -1072205.366799835115671 ], [ -1327171.761166571173817, -1072170.983669407200068 ], [ -1327372.228575003100559, -1072020.212718999478966 ], [ -1327834.903586000902578, -1071848.463301001349464 ], [ -1328451.394076257711276, -1071255.466801231028512 ], [ -1328493.80814499896951, -1071214.669100851286203 ], [ -1328495.947472004685551, -1071212.611302 ], [ -1328501.594705966999754, -1071202.248426417121664 ], [ -1328622.927945894189179, -1070979.597606809344143 ], [ -1328623.85468079871498, -1070977.897015233524144 ], [ -1328777.51046489039436, -1070695.933175102109089 ], [ -1328864.465254000620916, -1070536.368038001004606 ], [ -1329570.430460002971813, -1069964.721693001687527 ], [ -1329703.184636, -1069947.677152998978272 ], [ -1329863.89023145288229, -1069795.291623492026702 ], [ -1329776.776072542648762, -1069790.582750038011 ], [ -1329533.378475740551949, -1069777.426123184384778 ], [ -1329292.366453713504598, -1069945.404199138050899 ] ] ] } },
{ "type": "Feature", "properties": { "ID": 3368, "YEAR": "2019-2020", "Perimtr_KM": 29.723341513299999, "AREA_KM": 9.7517193936299993, "SCALE": 1, "THICKNES_M": 130.112126864, "VOLUME_KM": 1.26881695089, "MASS_GT": 1.1635051439599999, "RECURRANCE": "3-4", "UA_KM": 0.14861670757000001, "UH_M": 10.7993064765, "UC_KM": 0.09708253104, "REGION": "West", "ICESHELF": "Getz" }, "geometry": { "type": "Polygon", "coordinates": [ [ [ -1525726.381641396321356, -888787.498795866966248 ], [ -1525943.654206926934421, -889493.634633838199079 ], [ -1526172.662638512207195, -890237.912036486901343 ], [ -1526101.484177063684911, -890456.922687098849565 ], [ -1525948.357768647139892, -890928.080866840202361 ], [ -1525742.713861947879195, -891560.831348989391699 ], [ -1525775.78684475668706, -892255.363988059805706 ], [ -1525987.779666531365365, -892914.897211364470422 ], [ -1526073.443690071813762, -893181.407506813528016 ], [ -1526443.049146875739098, -894027.92323047039099 ], [ -1526654.819099160609767, -894512.944734081858769 ], [ -1526679.857813003938645, -894511.524890998378396 ], [ -1526592.746751002734527, -894238.434855999192223 ], [ -1526549.809291000245139, -893863.075903997058049 ], [ -1526552.497610004618764, -893763.169681996339932 ], [ -1526344.165710001718253, -893419.939409995917231 ], [ -1526359.205932348966599, -893335.747528310166672 ], [ -1526496.320636001648381, -892568.209347001975402 ], [ -1526504.26652021962218, -892494.23777869110927 ], [ -1526519.772931001614779, -892349.882097996072844 ], [ -1526961.857555999886245, -891710.888890002388507 ], [ -1527011.883222999749705, -891460.356556999729946 ], [ -1526648.7680260008201, -890907.72643799893558 ], [ -1526683.406325000105426, -890256.131646997993812 ], [ -1526714.029520950978622, -890000.917653830256313 ], [ -1526802.699683005455881, -889261.939717999892309 ], [ -1526757.946204509586096, -889048.240223604952917 ], [ -1526735.100058988435194, -888939.149044287391007 ], [ -1526692.194518000818789, -888734.273518998175859 ], [ -1526596.906646532937884, -888354.68071227776818 ], [ -1526582.416855657938868, -888296.958566709654406 ], [ -1526494.959740001475438, -887948.560690999729559 ], [ -1526881.377344004809856, -887196.883621998131275 ], [ -1526962.372025003191084, -886860.782188000157475 ], [ -1527055.206861999584362, -886279.060342998476699 ], [ -1527079.91479945066385, -886174.031311296159402 ], [ -1527136.816955176880583, -885932.150404395302758 ], [ -1527346.435785005567595, -885041.098175996681675 ], [ -1527814.497271999251097, -884504.798827999038622 ], [ -1528117.990504999179393, -883854.69146699947305 ], [ -1528985.846470999065787, -882605.365417002001777 ], [ -1529838.61481500393711, -881937.053626001346856 ], [ -1530067.003750100033358, -881929.54702816111967 ], [ -1529949.500069437781349, -881794.635394804412499 ], [ -1529612.252851021243259, -881407.425625514239073 ], [ -1528157.041607269318774, -882366.542127077002078 ], [ -1526470.319483820348978, -885475.402511468855664 ], [ -1525643.494913507252932, -888518.11693023587577 ], [ -1525726.381641396321356, -888787.498795866966248 ] ] ] } },
{ "type": "Feature", "properties": { "ID": 3371, "YEAR": "2019-2020", "Perimtr_KM": 38.343515459499997, "AREA_KM": 17.407200343900001, "SCALE": 2, "THICKNES_M": 118.915244383, "VOLUME_KM": 2.0699814829199998, "MASS_GT": 1.89817301984, "RECURRANCE": "5-6", "UA_KM": 0.1917175773, "UH_M": 9.8699652351200005, "UC_KM": 0.15838300507, "REGION": "West", "ICESHELF": "Getz" }, "geometry": { "type": "Polygon", "coordinates": [ [ [ -1539735.089203258045018, -833308.998146989149973 ], [ -1539662.374408381525427, -833422.297943661455065 ], [ -1539608.821220877580345, -833505.741282330593094 ], [ -1539515.714923775289208, -833650.813884790055454 ], [ -1539366.766258588759229, -833882.896688685519621 ], [ -1539147.909595962613821, -834223.905907196458429 ], [ -1538863.868576481938362, -834666.481449180748314 ], [ -1538825.307078884448856, -834925.39436160819605 ], [ -1538796.391448957612738, -835119.542162543861195 ], [ -1538678.659872725605965, -835910.02560293325223 ], [ -1538758.035031482111663, -837259.403301685582846 ], [ -1539005.425259789684787, -838125.269100785488263 ], [ -1539022.618893981445581, -838185.446820446290076 ], [ -1539017.180639686528593, -838500.865569403627887 ], [ -1539013.025876397266984, -838741.841840011999011 ], [ -1538996.160507731372491, -839720.03322294796817 ], [ -1538904.822372273309156, -840163.675595177104697 ], [ -1538810.951803982025012, -840619.61835545161739 ], [ -1538943.243735231691971, -841730.870577954687178 ], [ -1538890.326962731778622, -843424.20729796262458 ], [ -1539234.285983980633318, -844614.834679215680808 ], [ -1539234.285983980633318, -845699.628515475662425 ], [ -1539430.955197806470096, -846289.63615694642067 ], [ -1539445.953073979821056, -846334.629785473458469 ], [ -1539560.592858485411853, -846953.684621782507747 ], [ -1539393.036301480140537, -847445.882007983280346 ], [ -1539548.486948046134785, -848467.414828225271776 ], [ -1539578.245005236240104, -848662.967775486176834 ], [ -1540319.079820233862847, -849906.51192923868075 ], [ -1540563.008126744767651, -850126.64235218684189 ], [ -1541060.720412046648562, -850575.7973413602449 ], [ -1541223.769035002682358, -850503.830705997999758 ], [ -1540943.356257002102211, -850296.894658002303913 ], [ -1540773.77226700191386, -850037.002384000923485 ], [ -1540661.82963561755605, -849825.638150806771591 ], [ -1540553.458290004404262, -849621.017032996052876 ], [ -1540504.403580003650859, -849275.814631002256647 ], [ -1540232.002068001078442, -848857.378304000245407 ], [ -1540221.577047523809597, -848835.788624164881185 ], [ -1539899.650137001415715, -848169.094593000365421 ], [ -1539881.997394004371017, -847568.048000999260694 ], [ -1540099.275685430504382, -847284.071373584214598 ], [ -1540157.294794224668294, -847208.242027117637917 ], [ -1540204.996724003227428, -847145.896943995729089 ], [ -1540439.546529565006495, -846980.166494608856738 ], [ -1540467.184320328989998, -846960.637919549830258 ], [ -1540526.419382005464286, -846918.783041998045519 ], [ -1540473.414106835145503, -846792.433796961326152 ], [ -1540272.508472200948745, -846313.532872905489057 ], [ -1540221.684085002169013, -846192.382233999436721 ], [ -1539972.209991000359878, -844749.810776997124776 ], [ -1540123.601099808700383, -843547.846735731232911 ], [ -1540128.972367587732151, -843505.201756278751418 ], [ -1540135.176695000380278, -843455.942730997223407 ], [ -1540287.01458000484854, -843058.236559001961723 ], [ -1540313.41690438427031, -843047.350147514604032 ], [ -1540486.080666250083596, -842976.156083959154785 ], [ -1540538.63908116472885, -842954.484790046000853 ], [ -1540610.554752000141889, -842924.831961997319013 ], [ -1540700.949173999484628, -842115.181541998870671 ], [ -1540651.23811795678921, -841991.374613482505083 ], [ -1540584.341457019560039, -841824.766402411973104 ], [ -1540455.530943347839639, -841503.959818772273138 ], [ -1540412.607546000741422, -841397.057764997472987 ], [ -1540586.222995882155374, -841156.146614304045215 ], [ -1540672.420037104049698, -841036.538431958295405 ], [ -1540755.383964903652668, -840921.416561604477465 ], [ -1540880.163905002642423, -840748.270225995453075 ], [ -1540520.717687003780156, -840656.895661996677518 ], [ -1540537.489233000203967, -840037.074599001556635 ], [ -1540496.221978880930692, -839971.404513149056584 ], [ -1540281.468162139179185, -839629.658935859799385 ], [ -1540280.198431019671261, -839627.638366444269195 ], [ -1540218.834192617563531, -839529.98721688427031 ], [ -1540161.518269028048962, -839438.778298263205215 ], [ -1539733.517445329809561, -838757.684985022526234 ], [ -1539517.345133000751957, -838413.682103998493403 ], [ -1539533.805471003754064, -838033.934785996796563 ], [ -1539656.598192713223398, -837787.801595370285213 ], [ -1539673.76216725166887, -837753.397082152310759 ], [ -1539746.04819700261578, -837608.50257299747318 ], [ -1539755.494388650404289, -837243.644623979693279 ], [ -1539764.140003647422418, -836909.708846049616113 ], [ -1539780.44719900097698, -836279.845502999378368 ], [ -1540097.249857001006603, -835300.433221997693181 ], [ -1540348.400544999167323, -835142.516745999688283 ], [ -1540345.426375002134591, -835048.564136000117287 ], [ -1540157.171768001280725, -834506.589587998343632 ], [ -1540393.032881001709029, -834111.298324995907024 ], [ -1540504.434229003963992, -833706.804517998592928 ], [ -1540023.022060473682359, -833585.238959327805787 ], [ -1539999.961756004253402, -833579.415802002418786 ], [ -1539841.356707874452695, -833389.383303578477353 ], [ -1539752.119045264786109, -833282.463276882190257 ], [ -1539735.089203258045018, -833308.998146989149973 ] ] ] } },
{ "type": "Feature", "properties": { "ID": 3374, "YEAR": "2019-2020", "Perimtr_KM": 7.8585757708399999, "AREA_KM": 1.6240637492500001, "SCALE": 1, "THICKNES_M": 258.19347490600001, "VOLUME_KM": 0.41932266288999998, "MASS_GT": 0.38451888187, "RECURRANCE": "6-8", "UA_KM": 0.03929287885, "UH_M": 21.430058311500002, "UC_KM": 0.03208414374, "REGION": "West", "ICESHELF": "Getz" }, "geometry": { "type": "Polygon", "coordinates": [ [ [ -1539302.061620522290468, -827878.148754114285111 ], [ -1538981.970781719079241, -828293.401734177023172 ], [ -1538829.090464306296781, -828491.732956769410521 ], [ -1538807.957782319746912, -828519.148328000446782 ], [ -1538678.659872725605965, -828686.886156653054059 ], [ -1538690.885245053796098, -828800.98963172826916 ], [ -1538702.662442969623953, -828910.910145626869053 ], [ -1538744.989416344789788, -829305.9618970612064 ], [ -1538758.035031482111663, -829427.720971650443971 ], [ -1538703.472750535234809, -829615.657717121997848 ], [ -1538622.223797851474956, -829895.515220811590552 ], [ -1538519.909555226098746, -830247.930945404572412 ], [ -1538642.314335627714172, -830496.961360697634518 ], [ -1538812.010331051424146, -830842.204937596805394 ], [ -1538848.494673747802153, -830916.431703771231696 ], [ -1538872.671049004187807, -830965.61812239466235 ], [ -1539086.593126928899437, -831400.838901623152196 ], [ -1539231.330047002062201, -830962.339912997791544 ], [ -1539166.408072005258873, -828990.163038001628593 ], [ -1539400.389505002414808, -828693.97309699608013 ], [ -1539404.108651157934219, -828408.181569527136162 ], [ -1539412.877056886674836, -827734.388188024051487 ], [ -1539302.061620522290468, -827878.148754114285111 ] ] ] } },
{ "type": "Feature", "properties": { "ID": 3377, "YEAR": "2019-2020", "Perimtr_KM": 23.8862851138, "AREA_KM": 5.1440744721399998, "SCALE": 1, "THICKNES_M": 90.470740000399999, "VOLUME_KM": 0.46538822411000003, "MASS_GT": 0.42676100151000002, "RECURRANCE": "6-8", "UA_KM": 0.11943142557, "UH_M": 7.5090713830100002, "UC_KM": 0.03560881393, "REGION": "West", "ICESHELF": "Getz" }, "geometry": { "type": "Polygon", "coordinates": [ [ [ -1545239.421235389774665, -815763.855243624188006 ], [ -1545233.253538377815858, -815766.431623387150466 ], [ -1544889.165104540763423, -815910.164766635280102 ], [ -1544650.820002333726734, -816009.726644775131717 ], [ -1544578.88000650354661, -816039.777529106708243 ], [ -1544559.20144472992979, -816079.134652654174715 ], [ -1544478.130978900706396, -816241.275584312621504 ], [ -1544235.340842740843073, -816726.855856632115319 ], [ -1543943.878736505750567, -817309.780069102533162 ], [ -1543788.190231643849984, -817473.063135173171759 ], [ -1543644.496383537305519, -817623.766439289785922 ], [ -1543389.321163535350934, -817891.389230993809178 ], [ -1543296.30130728892982, -817988.946641202317551 ], [ -1542859.084900245768949, -818447.490677855443209 ], [ -1542701.70065206149593, -818591.759572021430358 ], [ -1542498.058748950017616, -818778.431316541042179 ], [ -1542224.083630240987986, -819029.575175360310823 ], [ -1542047.809949612244964, -819579.549058926291764 ], [ -1541989.993667598813772, -819759.935858812415972 ], [ -1541851.058674023719504, -820193.41303876740858 ], [ -1541751.109360198257491, -820505.254897906212136 ], [ -1541615.139513092115521, -820929.480820885160938 ], [ -1541562.623973993351683, -821093.3293028739281 ], [ -1541435.223259414779022, -821310.254843912087381 ], [ -1541411.219627158716321, -821351.125893431482837 ], [ -1541142.198561436496675, -821809.188789114588872 ], [ -1540745.192981120897457, -822485.171263698954135 ], [ -1540722.999913892475888, -822522.959459252888337 ], [ -1540623.482401891611516, -822692.40819590119645 ], [ -1540583.663682739716023, -822760.207636625273153 ], [ -1540542.652280109701678, -822988.048762344755232 ], [ -1540467.94531501410529, -823403.087457312038168 ], [ -1540454.031902817077935, -823480.384191724471748 ], [ -1540345.538206483703107, -824083.126949134282768 ], [ -1540054.885923803551123, -824301.116161142708734 ], [ -1539922.204026485094801, -824400.627584133297205 ], [ -1539956.780843861866742, -824701.939849870977923 ], [ -1540007.228319123852998, -825141.553562841610983 ], [ -1540021.435519728111103, -825265.359168113209307 ], [ -1540051.138600005069748, -825106.772631996311247 ], [ -1540264.446833133464679, -825026.199793891981244 ], [ -1540267.074603999266401, -825025.207206999184564 ], [ -1540330.403516793390736, -824937.174247503979132 ], [ -1540598.262343001086265, -824564.826071001822129 ], [ -1540679.286965000675991, -823886.682704999577254 ], [ -1541129.774665000848472, -823309.892013001488522 ], [ -1541155.492330929497257, -823188.868642054498196 ], [ -1541362.271987635409459, -822215.795456929365173 ], [ -1541428.679197998950258, -821903.293362999102101 ], [ -1541464.279268281999975, -821840.924122518626973 ], [ -1541651.324809761717916, -821513.231276306323707 ], [ -1541655.624909004429355, -821505.697754001477733 ], [ -1541811.251249632099643, -821406.851849094498903 ], [ -1541993.598550003254786, -821291.034154996741563 ], [ -1542191.478712243260816, -820769.995879231253639 ], [ -1542211.958877796074376, -820716.069553182227537 ], [ -1542443.218121331650764, -820107.140814994694665 ], [ -1542490.202918003080413, -819983.425141996471211 ], [ -1542637.514421386644244, -819897.532304735388607 ], [ -1542755.92462937021628, -819828.490929896710441 ], [ -1542781.168821558821946, -819813.771812644787133 ], [ -1542861.025248003657907, -819767.209970000898466 ], [ -1542881.201443379744887, -819690.281442439649254 ], [ -1542914.429872287204489, -819563.586886752629653 ], [ -1542996.294282285030931, -819251.451303089503199 ], [ -1543024.747928962344304, -819142.96220979723148 ], [ -1543073.957632003119215, -818955.333674000110477 ], [ -1543081.72982407733798, -818947.447344383224845 ], [ -1543212.896528783254325, -818814.354407662060112 ], [ -1543536.234930391190574, -818486.267660951940343 ], [ -1543648.446494328090921, -818372.408228324027732 ], [ -1543733.990552983479574, -818285.60792324389331 ], [ -1543817.219494634307921, -818201.156733527779579 ], [ -1543875.357762003550306, -818142.16468400019221 ], [ -1544055.995340953115374, -817929.391868204576895 ], [ -1544241.771035003010184, -817710.566872 ], [ -1544277.360393445705995, -817586.496938862837851 ], [ -1544541.858226849231869, -816664.417139095487073 ], [ -1544579.832904004491866, -816532.031621001427993 ], [ -1544595.629102146951482, -816519.219585132552311 ], [ -1545104.165782045805827, -816106.753868570085615 ], [ -1545764.989345004083589, -815570.770771999144927 ], [ -1545806.803292318945751, -815526.847548956284299 ], [ -1545239.421235389774665, -815763.855243624188006 ] ] ] } },
{ "type": "Feature", "properties": { "ID": 3380, "YEAR": "2019-2020", "Perimtr_KM": 31.108950930900001, "AREA_KM": 13.023693099899999, "SCALE": 2, "THICKNES_M": 144.943229855, "VOLUME_KM": 1.8876961425400001, "MASS_GT": 1.7310173627100001, "RECURRANCE": "1-2", "UA_KM": 0.15554475466000001, "UH_M": 12.0302880186, "UC_KM": 0.14443558562, "REGION": "West", "ICESHELF": "Getz" }, "geometry": { "type": "Polygon", "coordinates": [ [ [ -1545397.887043759925291, -800092.588239260716364 ], [ -1545346.173207757761702, -800402.871255286503583 ], [ -1545248.906863230513409, -800562.034364513121545 ], [ -1545055.130959008820355, -800879.122207791544497 ], [ -1545084.750960986595601, -801120.639146964764223 ], [ -1545110.488593401387334, -801330.499842060962692 ], [ -1545282.786613705102354, -802735.391392295248806 ], [ -1545384.827934928005561, -803567.420626866165549 ], [ -1545399.089980257675052, -803683.711150295799598 ], [ -1545423.093575460137799, -803818.500569494208321 ], [ -1545671.524797695456073, -805213.537432802375406 ], [ -1545673.799224314978346, -805226.309213059721515 ], [ -1545743.049001513281837, -805615.173346552997828 ], [ -1545673.446089907782152, -805770.198013317072764 ], [ -1545597.265330488327891, -805939.873341119615361 ], [ -1545404.439917789772153, -806369.348123947624117 ], [ -1545160.964504008414224, -806911.634272819152102 ], [ -1544896.380641502561048, -807917.052950315875933 ], [ -1544843.463869002647698, -809187.055490318452939 ], [ -1544473.046461503952742, -809716.223215323407203 ], [ -1544393.671302754199132, -810959.76736907614395 ], [ -1544975.755800252314657, -811965.186046586371958 ], [ -1545405.338173771742731, -812824.35079361172393 ], [ -1545425.548366507515311, -812864.771179083269089 ], [ -1545637.215456500183791, -813473.314062838209793 ], [ -1545708.263465375173837, -813517.412826966028661 ], [ -1545781.159929652931169, -813562.658908243058249 ], [ -1545829.818895928561687, -813592.861025243066251 ], [ -1546577.584521130193025, -814056.991413291543722 ], [ -1546346.541886002756655, -813596.579066999489442 ], [ -1546289.026378197828308, -813061.227544913534075 ], [ -1546287.76882000407204, -813049.522254996700212 ], [ -1546452.047329262364656, -812761.812502993736416 ], [ -1546648.678852702723816, -812417.441184422466904 ], [ -1546750.667983002495021, -812238.822157997870818 ], [ -1546630.241667001042515, -811652.759260000195354 ], [ -1546593.879527177661657, -811497.973893060348928 ], [ -1546494.093095004558563, -811073.205724998144433 ], [ -1546350.311710894806311, -810708.097061575390399 ], [ -1546195.547361385077238, -810315.099003145238385 ], [ -1546144.27860981808044, -810184.910623925272375 ], [ -1545937.494518999475986, -809659.817173999501392 ], [ -1545809.544791280291975, -808557.343040896113962 ], [ -1545790.198280675336719, -808390.644542280584574 ], [ -1545771.027777003124356, -808225.462600997416303 ], [ -1545788.934462644625455, -808085.000128859421238 ], [ -1545903.585942106088623, -807185.658365755574778 ], [ -1545905.615998999215662, -807169.73432399937883 ], [ -1546182.599075586302206, -806782.046369998017326 ], [ -1546227.898927685571834, -806718.641026998870075 ], [ -1546236.838068, -806706.129081998951733 ], [ -1546234.505880558863282, -806694.21532637020573 ], [ -1546081.890998002141714, -805914.596850998932496 ], [ -1546425.706564000342041, -804770.948290996719152 ], [ -1546425.291144000831991, -804768.008619002299383 ], [ -1546053.811162999132648, -803253.4741529985331 ], [ -1545797.148151574656367, -802442.622416625265032 ], [ -1545783.770002217264846, -802400.358065495500341 ], [ -1545738.712462002178654, -802258.011942001292482 ], [ -1545511.197144001955166, -801506.129134000046179 ], [ -1545563.693692002911121, -800874.582863995805383 ], [ -1545607.354924002662301, -800237.812599996803328 ], [ -1545626.623717197682709, -800181.361838942626491 ], [ -1545664.380521358456463, -800070.747733131516725 ], [ -1545705.627396000316367, -799949.908953001489863 ], [ -1545779.861309469444677, -799894.124176960205659 ], [ -1545788.437166831223294, -799887.679652347695082 ], [ -1545915.840496001997963, -799791.939500001491979 ], [ -1545739.760662658838555, -799598.125629529356956 ], [ -1545425.548366507515311, -799926.620302781229839 ], [ -1545397.887043759925291, -800092.588239260716364 ] ] ] } },
{ "type": "Feature", "properties": { "ID": 3383, "YEAR": "2019-2020", "Perimtr_KM": 86.840475155099995, "AREA_KM": 31.209760836099999, "SCALE": 2, "THICKNES_M": 351.13177502399998, "VOLUME_KM": 10.9587387205, "MASS_GT": 10.0491634067, "RECURRANCE": "1-2", "UA_KM": 0.43420237576999998, "UH_M": 29.1439371833, "UC_KM": 0.83849927385, "REGION": "West", "ICESHELF": "Getz" }, "geometry": { "type": "Polygon", "coordinates": [ [ [ -1567871.056845225859433, -738888.812889981549233 ], [ -1567395.962951784022152, -739255.313893497223035 ], [ -1566222.480604820884764, -740495.852374576497823 ], [ -1565266.930693718139082, -742054.907492683269083 ], [ -1564294.616749089444056, -745357.422097712289542 ], [ -1563875.515910887857899, -746648.252679375000298 ], [ -1563691.11154207889922, -747570.274523420026526 ], [ -1563858.751877362374216, -749263.441909751854837 ], [ -1563875.515910887857899, -752918.001218873308972 ], [ -1563892.279944420326501, -756153.459689793176949 ], [ -1563774.931709720520303, -756471.97632682765834 ], [ -1563774.931709720520303, -757343.706070282030851 ], [ -1563624.055407969746739, -758014.267411408713087 ], [ -1563707.875575611367822, -758601.008584886789322 ], [ -1563942.572045003995299, -760327.704038276802748 ], [ -1564613.133386123925447, -761802.938988748705015 ], [ -1564646.661453181877732, -762557.320497510023415 ], [ -1564814.30178845836781, -763680.510743889492005 ], [ -1565048.998257850995287, -765776.014934897655621 ], [ -1565518.391196643002331, -768206.799796472303569 ], [ -1565937.4920348378364, -769648.50667988602072 ], [ -1566306.300772455753759, -770184.955752787413076 ], [ -1566829.648611210752279, -770569.770340099465102 ], [ -1566876.277912415098399, -770604.056590982247144 ], [ -1566967.767767627025023, -770832.781229015206918 ], [ -1567110.974381807725877, -771190.797764473827556 ], [ -1567496.547152951359749, -771526.078435027040541 ], [ -1567848.591857043793425, -772397.80817848816514 ], [ -1568670.029499914497137, -773085.13355314056389 ], [ -1570279.376718611689284, -774610.660604189150035 ], [ -1572089.892339643323794, -775683.558749991701916 ], [ -1572793.981747821206227, -775935.019252910045907 ], [ -1574410.653498203726485, -775910.708399523748085 ], [ -1574415.330422908766195, -775906.315417755628005 ], [ -1574428.833648059517145, -775893.631993151269853 ], [ -1574474.60790000250563, -775850.63676300086081 ], [ -1573637.659745998913422, -775673.845464998157695 ], [ -1573410.807388788321987, -775581.935512897092849 ], [ -1572614.71590000204742, -775259.396520997863263 ], [ -1570973.315272001782432, -774075.804691998753697 ], [ -1570144.630363000789657, -773678.380694997496903 ], [ -1569075.9078970013652, -772548.11570299603045 ], [ -1568779.193762526614591, -771952.941129339160398 ], [ -1568290.008181001991034, -770971.690874997526407 ], [ -1568165.682867297669873, -770984.679772645467892 ], [ -1567822.181768001290038, -771020.567079001571983 ], [ -1567250.347701004939154, -770775.117056999122724 ], [ -1566556.615066005149856, -769303.756031999131665 ], [ -1566332.128512004390359, -767980.753254001261666 ], [ -1566277.532761999871582, -766462.316039998084307 ], [ -1566206.607231073547155, -765994.554938254877925 ], [ -1565992.729418004164472, -764584.008972995681688 ], [ -1565295.270709005417302, -762853.127202001633123 ], [ -1564721.873710000887513, -760937.74404999637045 ], [ -1564767.584447002736852, -759523.745054002152756 ], [ -1564801.256975957425311, -759438.204819893930107 ], [ -1565053.818123001139611, -758796.609420996159315 ], [ -1565130.169428003719077, -758248.451844999566674 ], [ -1564869.385344125330448, -757670.60941481217742 ], [ -1564854.866028002463281, -757638.437677998328581 ], [ -1564619.28893400542438, -756459.747489999514073 ], [ -1564703.443010001908988, -755275.990943998098373 ], [ -1564702.541257003787905, -754346.326928999042138 ], [ -1564408.453953257761896, -753959.449279964435846 ], [ -1564382.714546002214774, -753925.588582001393661 ], [ -1564402.574074000818655, -753058.570331001421437 ], [ -1564424.464678211836144, -752987.277650004718453 ], [ -1564597.39781854650937, -752424.07404504599981 ], [ -1564739.202440003398806, -751962.248892001574859 ], [ -1564665.91952425125055, -750524.427210527705029 ], [ -1564658.054245274746791, -750370.10926984064281 ], [ -1564648.706724999239668, -750186.709534995490685 ], [ -1564613.914456952363253, -749932.439898981014267 ], [ -1564495.597832003608346, -749067.755678996443748 ], [ -1564652.704231383511797, -747505.459106775466353 ], [ -1564667.123411001404747, -747362.071981999557465 ], [ -1564891.024196000536904, -745810.264391997363418 ], [ -1565311.444065862335265, -744699.41679327422753 ], [ -1565360.93667900422588, -744568.645736996084452 ], [ -1565378.816336128627881, -744492.309433894930407 ], [ -1566088.056300000287592, -741464.244831000221893 ], [ -1566983.902693004580215, -740196.561205998528749 ], [ -1567657.015746001852676, -739711.617781000444666 ], [ -1568140.159725409466773, -738808.114491692744195 ], [ -1567982.704125262098387, -738802.684988237684593 ], [ -1567871.056845225859433, -738888.812889981549233 ] ] ] } },
{ "type": "Feature", "properties": { "ID": 3386, "YEAR": "2019-2020", "Perimtr_KM": 17.7268393821, "AREA_KM": 2.4365460137000001, "SCALE": 1, "THICKNES_M": 189.43023077300001, "VOLUME_KM": 0.46155547366, "MASS_GT": 0.42324636934999998, "RECURRANCE": "6-8", "UA_KM": 0.08863419691, "UH_M": 15.722709076599999, "UC_KM": 0.03531555404, "REGION": "East", "ICESHELF": "Ross_East" }, "geometry": { "type": "Polygon", "coordinates": [ [ [ 225862.540313995908946, -1360753.037770995870233 ], [ 225533.070043242070824, -1360778.180945486528799 ], [ 226727.434552258811891, -1360450.957792324014008 ], [ 227092.560282513033599, -1360212.83231607475318 ], [ 227679.936457255855203, -1360196.957284320844337 ], [ 228187.937473262194544, -1360117.582125571090728 ], [ 228870.563838515430689, -1360085.8320620697923 ], [ 229219.814537022728473, -1359752.45639531686902 ], [ 229442.064981524366885, -1359673.081236567115411 ], [ 230013.566124519798905, -1359577.831046069972217 ], [ 230140.566378524992615, -1359450.830792065011337 ], [ 230473.942045270930976, -1359307.955506326397881 ], [ 230712.067521520424634, -1359180.955252314684913 ], [ 231124.818347029853612, -1358911.079712570877746 ], [ 231505.819109030999243, -1358593.57907756511122 ], [ 231680.444458277896047, -1358196.703283816576004 ], [ 232553.571204524952918, -1357704.577299557393417 ], [ 233447.70761547377333, -1357739.413783113472164 ], [ 232870.897418000735343, -1357868.391271999571472 ], [ 232125.650693999603391, -1358457.707463996717706 ], [ 231908.372012996580452, -1358731.753683000570163 ], [ 231827.408651997800916, -1358760.446146001806483 ], [ 231547.565407000482082, -1359177.25358699564822 ], [ 231135.149572000373155, -1359230.402961002197117 ], [ 230425.686359000392258, -1359650.663665998261422 ], [ 229847.593431995715946, -1359738.196258002193645 ], [ 228972.830769001506269, -1360345.397978995693848 ], [ 227516.857149001210928, -1360579.464687002124265 ], [ 225862.540313995908946, -1360753.037770995870233 ] ] ] } },
{ "type": "Feature", "properties": { "ID": 3389, "YEAR": "2019-2020", "Perimtr_KM": 32.747429190399998, "AREA_KM": 5.1288170104499997, "SCALE": 1, "THICKNES_M": 228.88670604399999, "VOLUME_KM": 1.17391803142, "MASS_GT": 1.07648283482, "RECURRANCE": "6-8", "UA_KM": 0.16373714595, "UH_M": 18.997596508000001, "UC_KM": 0.08982141486, "REGION": "East", "ICESHELF": "Ross_East" }, "geometry": { "type": "Polygon", "coordinates": [ [ [ 95059.921217229217291, -1357672.827236062847078 ], [ 95377.421852228231728, -1358085.578061565523967 ], [ 95536.172169727738947, -1358085.578061565523967 ], [ 95821.922741231974214, -1358276.078442566329613 ], [ 96107.673312736675143, -1358561.829014064045623 ], [ 97107.800312988925725, -1358799.95449032005854 ], [ 97520.551138484850526, -1359022.204934821929783 ], [ 97853.926805244293064, -1359228.580347563140094 ], [ 98092.052281493786722, -1359434.955760317854583 ], [ 98647.678392741829157, -1359514.330919067608193 ], [ 99203.304503989871591, -1359927.081744570285082 ], [ 99824.576622886583209, -1360586.783066699048504 ], [ 100187.556472494732589, -1360609.708109830273315 ], [ 100727.307551995851099, -1360752.58339557563886 ], [ 101314.683726752176881, -1360911.333713081898168 ], [ 101949.684996749740094, -1360943.083776569692418 ], [ 102854.561806505080312, -1361387.584665573667735 ], [ 103203.812505011912435, -1361530.459951325785369 ], [ 103902.313902012538165, -1361657.46020532399416 ], [ 104727.815553017891943, -1361879.710649826098233 ], [ 105061.191219763830304, -1362181.336253077723086 ], [ 105421.38388229906559, -1362378.422804278554395 ], [ 105648.567394520156085, -1362292.461475328775123 ], [ 106474.069045525509864, -1362228.961348332930356 ], [ 107632.946363277267665, -1362181.336253077723086 ], [ 108513.445610757451504, -1362491.607416484039277 ], [ 107740.938554999418557, -1362548.614518997259438 ], [ 106255.60372600145638, -1362565.070891000563279 ], [ 105903.697554995771497, -1362420.800808002008125 ], [ 105256.130818000528961, -1362637.123923001578078 ], [ 104691.203185996972024, -1362390.418458999600261 ], [ 103443.972252999432385, -1361847.581100998679176 ], [ 102432.632885999511927, -1361720.866863996721804 ], [ 101865.189845995046198, -1361262.145386998075992 ], [ 101499.75469099637121, -1361182.788623998174444 ], [ 100831.49710899963975, -1361150.936436998657882 ], [ 99861.617804997600615, -1360738.03767099766992 ], [ 99654.90473199961707, -1360499.967067996971309 ], [ 99321.127141995821148, -1360468.144346001790836 ], [ 98367.132246996741742, -1359817.496186998207122 ], [ 97260.491932996083051, -1359680.673411001916975 ], [ 96331.193753999192268, -1358756.194029000354931 ], [ 95709.920994999818504, -1358637.834101999411359 ], [ 95125.853936995845288, -1358271.50989699899219 ], [ 94692.208075997419655, -1357645.87538100220263 ], [ 94001.346215488854796, -1356886.79713710071519 ], [ 94329.669756734278053, -1357037.825966065051034 ], [ 95059.921217229217291, -1357672.827236062847078 ] ] ] } },
{ "type": "Feature", "properties": { "ID": 3392, "YEAR": "2019-2020", "Perimtr_KM": 24.0777101075, "AREA_KM": 3.9449348818100001, "SCALE": 1, "THICKNES_M": 145.32, "VOLUME_KM": 0.57327793701999996, "MASS_GT": 0.52569586825000003, "RECURRANCE": ">8", "UA_KM": 0.12038855054, "UH_M": 12.0615599405, "UC_KM": 0.04386391045, "REGION": "East", "ICESHELF": "Ross_East" }, "geometry": { "type": "Polygon", "coordinates": [ [ [ 303005.460910996422172, -1290144.526229996001348 ], [ 303004.198108040262014, -1290392.699854437727481 ], [ 301982.387562161777169, -1289690.205104151042178 ], [ 300792.141181665938348, -1288835.239394222153351 ], [ 300557.444712280295789, -1288282.026287795277312 ], [ 300406.568410522304475, -1287158.836041409056634 ], [ 300255.692108778283, -1286957.66763908113353 ], [ 300222.164041713345796, -1286203.28613031283021 ], [ 300691.556980498600751, -1285331.556386851705611 ], [ 301512.994623376522213, -1283621.624966987175867 ], [ 302485.308567997999489, -1282934.299592341762036 ], [ 303072.049741489812732, -1282682.839089416665956 ], [ 304329.352256087586284, -1282364.322452389169484 ], [ 305232.216376135591418, -1282376.360640654573217 ], [ 305061.510678995400667, -1282404.609674996230751 ], [ 303542.69987600017339, -1282693.432687000604346 ], [ 302930.296191999223083, -1282875.1555219986476 ], [ 302370.698090996593237, -1283374.882846000371501 ], [ 302221.765605000313371, -1283674.318480998743325 ], [ 300875.9708859953098, -1285260.563949999865144 ], [ 300700.650955999270082, -1285870.985403998056427 ], [ 300460.935120994690806, -1286155.72408400150016 ], [ 300990.076694995164871, -1286986.998573996359482 ], [ 301101.317677000537515, -1288039.878881998825818 ], [ 301932.200713997706771, -1289268.883507997961715 ], [ 302535.969582996331155, -1289861.180900996783748 ], [ 303004.866102997679263, -1290113.279689996037632 ], [ 303005.460910996422172, -1290144.526229996001348 ] ] ] } },
{ "type": "Feature", "properties": { "ID": 3395, "YEAR": "2019-2020", "Perimtr_KM": 7.5705412036600004, "AREA_KM": 1.3063216781, "SCALE": 1, "THICKNES_M": 233.99276145900001, "VOLUME_KM": 0.30566981681, "MASS_GT": 0.28029922202000002, "RECURRANCE": ">8", "UA_KM": 0.03785270602, "UH_M": 19.421399105300001, "UC_KM": 0.02338808562, "REGION": "West", "ICESHELF": "Ross_West" }, "geometry": { "type": "Polygon", "coordinates": [ [ [ -120471.168048073537648, -1276644.019345109350979 ], [ -120171.024105874355882, -1276993.36721226433292 ], [ -121488.076091003604233, -1276842.865295998984948 ], [ -121926.214607999194413, -1276674.634854000993073 ], [ -122852.590860002674162, -1276186.44177499669604 ], [ -123715.561805774923414, -1275977.895780908176675 ], [ -123398.127026995643973, -1275883.340740420855582 ], [ -122620.911930895876139, -1275916.413723229896277 ], [ -121231.846652768552303, -1276346.362499801209196 ], [ -120471.168048073537648, -1276644.019345109350979 ] ] ] } },
{ "type": "Feature", "properties": { "ID": 3398, "YEAR": "2019-2020", "Perimtr_KM": 10.162179783, "AREA_KM": 1.5041540397499999, "SCALE": 1, "THICKNES_M": 250.97367560199999, "VOLUME_KM": 0.37750306803, "MASS_GT": 0.34617031337999998, "RECURRANCE": "5-6", "UA_KM": 0.05081089891, "UH_M": 20.830814972199999, "UC_KM": 0.02888435033, "REGION": "West", "ICESHELF": "Cosgrove" }, "geometry": { "type": "Polygon", "coordinates": [ [ [ -1781398.55625398713164, -366839.190933630801737 ], [ -1781236.005131595302373, -366850.581095410510898 ], [ -1781310.892693005502224, -366884.824431002140045 ], [ -1781429.068807003321126, -367133.310571001842618 ], [ -1782503.429127002134919, -367680.479315001517534 ], [ -1783532.76883600349538, -368195.212672001216561 ], [ -1783525.324540020665154, -368377.465370569378138 ], [ -1783522.014650005381554, -368458.498740000650287 ], [ -1783587.200540005462244, -368487.864948997739702 ], [ -1783771.03365884674713, -368651.298756162170321 ], [ -1784159.273526003817096, -368996.457016998436302 ], [ -1784866.598803003318608, -369825.433329000137746 ], [ -1785057.070276001933962, -369641.100022996775806 ], [ -1785090.063132239738479, -369626.756435479037464 ], [ -1785019.242879916680977, -369514.624369296245277 ], [ -1784844.998734395718202, -369238.737805559765548 ], [ -1784130.62230564141646, -368302.110932310111821 ], [ -1783416.245876886881888, -367857.610043305903673 ], [ -1782685.994416385190561, -367587.734503555577248 ], [ -1782447.868940129177645, -367333.733995552174747 ], [ -1781590.617225629510358, -366825.732979559339583 ], [ -1781398.55625398713164, -366839.190933630801737 ] ] ] } },
{ "type": "Feature", "properties": { "ID": 3401, "YEAR": "2019-2020", "Perimtr_KM": 6.9040239151499998, "AREA_KM": 1.03069151465, "SCALE": 1, "THICKNES_M": 77.481999206500006, "VOLUME_KM": 0.07986003912, "MASS_GT": 0.07323165587, "RECURRANCE": "6-8", "UA_KM": 0.03452011958, "UH_M": 6.4310059024299999, "UC_KM": 0.00611042808, "REGION": "West", "ICESHELF": "Pine_Island" }, "geometry": { "type": "Polygon", "coordinates": [ [ [ -1654580.175879882182926, -355864.981753885746002 ], [ -1654822.744584699394181, -356227.475368193816394 ], [ -1654960.487043004250154, -356433.317097001709044 ], [ -1654940.280531974742189, -356519.548701592255384 ], [ -1654931.65062400046736, -356556.376970001496375 ], [ -1654939.01989454519935, -356564.931727873161435 ], [ -1655434.961772004375234, -357140.655288999900222 ], [ -1655575.49563600262627, -357965.78508599800989 ], [ -1655589.267316001467407, -357989.293640000279993 ], [ -1655604.029068693518639, -358089.206782579421997 ], [ -1655786.11831544386223, -357549.942474890965968 ], [ -1654965.908341689733788, -355459.729961127508432 ], [ -1654469.282292450079694, -355028.696031601168215 ], [ -1654447.111154000507668, -355227.735868000425398 ], [ -1654425.102139001479372, -355633.240231995936483 ], [ -1654580.175879882182926, -355864.981753885746002 ] ] ] } },
{ "type": "Feature", "properties": { "ID": 3404, "YEAR": "2019-2020", "Perimtr_KM": 21.088818702400001, "AREA_KM": 2.9811769947700002, "SCALE": 1, "THICKNES_M": 103.24277531, "VOLUME_KM": 0.30778498662999998, "MASS_GT": 0.28223883274, "RECURRANCE": "5-6", "UA_KM": 0.10544409351, "UH_M": 8.5691503084799994, "UC_KM": 0.02354992617, "REGION": "West", "ICESHELF": "Pine_Island" }, "geometry": { "type": "Polygon", "coordinates": [ [ [ -1669719.128055791603401, -348726.619549736380577 ], [ -1669110.032463278388605, -349194.317951133940369 ], [ -1668692.320333788869902, -349142.10393494926393 ], [ -1668221.559852990787476, -349083.258874851278961 ], [ -1667242.599561737151816, -349480.134668600279838 ], [ -1667186.593296518083662, -349482.623835945036262 ], [ -1666548.57190094073303, -349510.980342416092753 ], [ -1666051.97218047757633, -349533.051441106479615 ], [ -1665259.193641418823972, -350662.7608592659235 ], [ -1665085.501957246800885, -350910.271509211044759 ], [ -1664993.636730481171981, -351041.17945735855028 ], [ -1665002.977506201947108, -351102.828577106352895 ], [ -1665078.115011930698529, -351598.73611492710188 ], [ -1665304.796563999261707, -351050.304044995922595 ], [ -1666123.741535998880863, -350163.2448939983733 ], [ -1666765.506025999318808, -349699.70782099943608 ], [ -1667154.22541800304316, -349598.681967000011355 ], [ -1667440.843855001032352, -349774.010514001827687 ], [ -1668040.632527999579906, -349572.71682900050655 ], [ -1668439.530807001749054, -349664.103498001582921 ], [ -1668896.223456000210717, -349301.431342996656895 ], [ -1669401.8887930046767, -349055.741465997882187 ], [ -1669923.240125004202127, -348891.662659000139683 ], [ -1670460.469380004098639, -348771.624202001839876 ], [ -1671154.645868001738563, -348480.327546999324113 ], [ -1671898.059908002847806, -348548.0793919977732 ], [ -1672177.418265999061987, -348734.880063999909908 ], [ -1672821.788254005135968, -348756.592891001608223 ], [ -1673795.844811002258211, -348856.178857997991145 ], [ -1673922.956208720803261, -348933.29210275458172 ], [ -1673907.317799805197865, -348887.158796445000917 ], [ -1673857.196124262874946, -348739.299853595905006 ], [ -1672745.943901759805158, -348395.340832353569567 ], [ -1671449.482975507155061, -348157.215356097556651 ], [ -1670391.147525503998622, -348474.715991103556007 ], [ -1670047.188504248391837, -348474.715991103556007 ], [ -1669719.128055791603401, -348726.619549736380577 ] ] ] } },
{ "type": "Feature", "properties": { "ID": 3407, "YEAR": "2019-2020", "Perimtr_KM": 12.9933606789, "AREA_KM": 6.9674445200399999, "SCALE": 1, "THICKNES_M": 56.982109274199999, "VOLUME_KM": 0.397019685, "MASS_GT": 0.36406705115, "RECURRANCE": "3-4", "UA_KM": 0.06496680339, "UH_M": 4.7295150464400004, "UC_KM": 0.03037764893, "REGION": "West", "ICESHELF": "Pine_Island" }, "geometry": { "type": "Polygon", "coordinates": [ [ [ -1676264.909273025114089, -344744.083529838826507 ], [ -1676370.189524999586865, -345915.32633302686736 ], [ -1676403.975873190676793, -346291.199456691741943 ], [ -1676799.201109004439786, -346016.534854998812079 ], [ -1677517.895332003710791, -345998.991585001349449 ], [ -1677935.66232700063847, -345848.56623 ], [ -1678015.827016002964228, -345881.164212998002768 ], [ -1678526.463150002527982, -345437.530030000954866 ], [ -1678970.296576684108004, -344993.106708702631295 ], [ -1678940.758904551854357, -344974.030295449774712 ], [ -1678011.162765532964841, -344373.666122333146632 ], [ -1678646.164035537745804, -343103.663582323584706 ], [ -1679360.540464285295457, -342204.078449826687574 ], [ -1677984.704379283124581, -341939.494587320834398 ], [ -1677217.41117802192457, -343050.746809823904186 ], [ -1676264.909273025114089, -344744.083529838826507 ] ] ] } },
{ "type": "Feature", "properties": { "ID": 3410, "YEAR": "2019-2020", "Perimtr_KM": 26.5329348281, "AREA_KM": 12.8284261293, "SCALE": 2, "THICKNES_M": 195.49578767700001, "VOLUME_KM": 2.5079032708, "MASS_GT": 2.2997472993299999, "RECURRANCE": "3-4", "UA_KM": 0.13266467414, "UH_M": 16.2261502972, "UC_KM": 0.19189024623000001, "REGION": "West", "ICESHELF": "Pine_Island" }, "geometry": { "type": "Polygon", "coordinates": [ [ [ -1644863.297325781080872, -336560.250256943982095 ], [ -1644781.900356226367876, -336582.934658292680979 ], [ -1644872.628876005066559, -336705.524479998275638 ], [ -1644892.925532004330307, -336948.695637996774167 ], [ -1645266.419695832300931, -336969.570435358677059 ], [ -1645290.972959998762235, -336970.942731001414359 ], [ -1645308.432627762202173, -337036.576222915202379 ], [ -1645444.260905259056017, -337547.174950904212892 ], [ -1645789.160598002374172, -338843.704271997325122 ], [ -1645974.773352999472991, -339107.588795001618564 ], [ -1645987.439079812262207, -339244.257858142256737 ], [ -1646007.82504900265485, -339464.23191499710083 ], [ -1645965.174069775966927, -339617.90513321897015 ], [ -1645840.379917004378513, -340067.543557001743466 ], [ -1645866.664257002063096, -340134.11989899771288 ], [ -1645895.652457003016025, -340198.642349000554532 ], [ -1645900.675869347760454, -340209.500893437303603 ], [ -1645925.850767000112683, -340263.918632999528199 ], [ -1645949.858767002820969, -340328.87402500025928 ], [ -1645967.84177700150758, -340393.600314001087099 ], [ -1645990.47097299923189, -340459.495279002469033 ], [ -1646505.25330800213851, -341005.048954001162201 ], [ -1646581.713958068052307, -341733.096032574307173 ], [ -1646594.576478003989905, -341855.571057995781302 ], [ -1646608.729178004898131, -341887.929042000323534 ], [ -1646622.648688001092523, -341919.3222800004296 ], [ -1646635.358578004874289, -341949.938564998563379 ], [ -1646647.436088002985343, -341979.916970995720476 ], [ -1646659.132078002905473, -342009.251980997156352 ], [ -1646670.008118003606796, -342038.134989998769015 ], [ -1646680.601118001155555, -342066.605399996973574 ], [ -1646690.960918001132086, -342096.814275000244379 ], [ -1646700.808588003972545, -342128.244194998871535 ], [ -1646711.182228004094213, -342161.25164999673143 ], [ -1646722.23088200064376, -342196.184768001083285 ], [ -1646733.595616999082267, -342234.379860995803028 ], [ -1646745.474752002162859, -342276.701357000507414 ], [ -1646757.594061001669616, -342321.733119999058545 ], [ -1646792.498801, -342449.618049001321197 ], [ -1646803.584301004884765, -342489.284882001578808 ], [ -1646813.800171002047136, -342524.795161000918597 ], [ -1646825.804550999077037, -342565.718770000617951 ], [ -1646836.980913, -342603.630040001124144 ], [ -1646847.81487600505352, -342639.411094998475164 ], [ -1646859.175089001422748, -342673.197396000381559 ], [ -1646866.673851003404707, -342696.173584001604468 ], [ -1646869.701372001552954, -342718.604809995740652 ], [ -1646875.887754001887515, -342741.96410599630326 ], [ -1646886.491509002167732, -342766.366778998170048 ], [ -1646897.912809003377333, -342791.245525999460369 ], [ -1646910.204408998833969, -342816.724005999974906 ], [ -1646923.416729002492502, -342842.913607000373304 ], [ -1646937.629539001267403, -342869.979793000966311 ], [ -1646950.473519, -342893.454122002236545 ], [ -1646964.194139004917815, -342917.884627000894397 ], [ -1646978.801589003298432, -342943.540553999599069 ], [ -1646994.91345899947919, -342970.816012002062052 ], [ -1647025.52923900145106, -343022.947122999466956 ], [ -1647082.904074001358822, -343118.16019399696961 ], [ -1647105.26800200343132, -343155.698553998488933 ], [ -1647127.695450000930578, -343194.186270995996892 ], [ -1647147.532559999730438, -343228.829016998875886 ], [ -1647158.646490003215149, -343248.639166995882988 ], [ -1647168.989540001843125, -343267.805502999108285 ], [ -1647178.907560002058744, -343286.364416998345405 ], [ -1647188.242980003589764, -343304.411627998575568 ], [ -1647197.08555000461638, -343322.095846999436617 ], [ -1647205.608120003249496, -343339.381751001346856 ], [ -1647213.63103999895975, -343356.326483995653689 ], [ -1647221.213790002511814, -343373.020408002194017 ], [ -1647230.051240000175312, -343393.088842996396124 ], [ -1647238.246280002174899, -343412.800971995573491 ], [ -1647245.978440004400909, -343432.22707299888134 ], [ -1647252.97706, -343451.39568299613893 ], [ -1647259.417720005149022, -343470.37122299708426 ], [ -1647265.396463004406542, -343488.935048997402191 ], [ -1647270.829936003312469, -343507.346454999875277 ], [ -1647275.800619000801817, -343525.543889002408832 ], [ -1647280.255155002232641, -343543.493639000225812 ], [ -1647284.201877999119461, -343561.458376001566648 ], [ -1647287.708854001946747, -343579.097930999007076 ], [ -1647290.674877003766596, -343596.81864800164476 ], [ -1647293.15358, -343614.436338000930846 ], [ -1647295.197975998744369, -343631.762539001181722 ], [ -1647296.705619005020708, -343649.200785995926708 ], [ -1647297.728819000767544, -343666.56267800135538 ], [ -1647301.803038999438286, -343746.085834996309131 ], [ -1647415.446709004696459, -344290.732696999330074 ], [ -1647274.513494845479727, -344458.921031321864575 ], [ -1647097.235543000511825, -344670.482823997270316 ], [ -1647100.684503003256395, -344686.403462001122534 ], [ -1647106.377572999335825, -344711.395006001461297 ], [ -1647118.002613000571728, -344761.651776000857353 ], [ -1647141.083640001481399, -344859.1240200009197 ], [ -1647150.481074002338573, -344898.193776001688093 ], [ -1647159.774493999546394, -344939.182037000544369 ], [ -1647167.624065000796691, -344975.646187997888774 ], [ -1647171.925238003721461, -344996.609229001682252 ], [ -1647175.830398001009598, -345016.657350999768823 ], [ -1647179.318447999889031, -345036.310074000619352 ], [ -1647182.435028003761545, -345055.304973997175694 ], [ -1647185.273797998903319, -345073.351998001337051 ], [ -1647187.667537999805063, -345091.623312996234745 ], [ -1647189.839368001790717, -345108.658983998466283 ], [ -1647191.576498000649735, -345126.009156000800431 ], [ -1647193.373828002018854, -345146.538481001742184 ], [ -1647194.608638005331159, -345166.870417001191527 ], [ -1647195.237188001628965, -345187.422126995865256 ], [ -1647195.41523800115101, -345207.102268002461642 ], [ -1647195.096348003018647, -345226.320191001985222 ], [ -1647194.233437999151647, -345245.466505996417254 ], [ -1647192.918148003518581, -345263.821757001336664 ], [ -1647191.056468003196642, -345282.147942000068724 ], [ -1647188.768807003740221, -345298.985932999756187 ], [ -1647185.912806003820151, -345316.206557001918554 ], [ -1647182.61213500238955, -345332.320229001808912 ], [ -1647178.738563999533653, -345348.842000995762646 ], [ -1647174.398564002010971, -345364.661196996923536 ], [ -1647169.513972003711388, -345380.148282000795007 ], [ -1647164.094992005033419, -345395.70130399800837 ], [ -1647158.202191001037136, -345410.576164002530277 ], [ -1647144.739010003628209, -345442.034118000417948 ], [ -1647130.535840003285557, -345472.942144999280572 ], [ -1647115.546460001496598, -345503.671521997079253 ], [ -1647099.753910001367331, -345534.602577996905893 ], [ -1647083.145710001699626, -345565.346115001942962 ], [ -1647065.751260001445189, -345595.911184995435178 ], [ -1647047.460900004720315, -345627.420549001079053 ], [ -1647028.401090000756085, -345658.371178998146206 ], [ -1647028.31705000018701, -345594.839590998366475 ], [ -1647007.387660002801567, -345618.001665000803769 ], [ -1646987.239020003704354, -345640.719645996578038 ], [ -1646967.871090003987774, -345662.993718995712698 ], [ -1646949.28404, -345684.823577997274697 ], [ -1646931.460950000910088, -345706.589674002025276 ], [ -1646914.435550004476681, -345727.531592999584973 ], [ -1646898.149724998977035, -345747.221266000065953 ], [ -1646882.665167004102841, -345766.871033000294119 ], [ -1646856.770493999822065, -345768.572363996412605 ], [ -1646842.825494998833165, -345787.206825001630932 ], [ -1646829.638756004860625, -345804.945657997857779 ], [ -1646817.2261880019214, -345822.660501999314874 ], [ -1646805.623539001215249, -345839.962748997379094 ], [ -1646794.772430003155023, -345856.789592995774001 ], [ -1646784.731421003350988, -345873.203657001256943 ], [ -1646775.442021004622802, -345889.142379998695105 ], [ -1646766.962601, -345904.66844200110063 ], [ -1646759.234660999150947, -345919.719040998257697 ], [ -1646752.316891002003103, -345934.357042999006808 ], [ -1646746.150661000749096, -345948.519457996357232 ], [ -1646740.787631004117429, -345962.689319997094572 ], [ -1646736.212141001829877, -345975.995290000457317 ], [ -1646732.410821004537866, -345989.277150997426361 ], [ -1646729.361101001733914, -346002.083487997762859 ], [ -1646727.114591003628448, -346014.89733099937439 ], [ -1646725.648971000919119, -346027.267084001097828 ], [ -1646724.964171002153307, -346039.192865001037717 ], [ -1646725.060071002924815, -346050.674494002014399 ], [ -1646725.389551000203937, -346056.023065997753292 ], [ -1646725.936850999481976, -346061.712153001222759 ], [ -1646726.656781001249328, -346066.838740999344736 ], [ -1646727.594341002171859, -346072.305842997971922 ], [ -1646728.704641003394499, -346077.210324001032859 ], [ -1646730.032770999474451, -346082.455318998079747 ], [ -1646731.533450999762863, -346087.13787600165233 ], [ -1646733.251831004396081, -346092.160886000841856 ], [ -1646735.907731004292145, -346097.91399999614805 ], [ -1646739.269001, -346103.742307997774333 ], [ -1646743.292691000504419, -346108.746579995844513 ], [ -1646748.026821001432836, -346113.833799996413291 ], [ -1646753.451811005361378, -346118.555478995665908 ], [ -1646759.550091000739485, -346122.464843001682311 ], [ -1646766.371991003165022, -346126.468626997899264 ], [ -1646773.879201001022011, -346129.667906996328384 ], [ -1646782.110281000612304, -346132.964111001230776 ], [ -1646791.064571002498269, -346135.916197998449206 ], [ -1646800.753290999447927, -346138.527832000050694 ], [ -1646811.168281003599986, -346140.351379997562617 ], [ -1646822.366881001507863, -346142.292846997734159 ], [ -1646834.351571003207937, -346143.905395995825529 ], [ -1646847.146491000894457, -346145.192077997140586 ], [ -1646867.615311005385593, -346157.488964999094605 ], [ -1646883.595362000633031, -346166.672214997466654 ], [ -1646895.547261998755857, -346167.009372999891639 ], [ -1646921.288962003076449, -346167.092991002369672 ], [ -1646949.729882004437968, -346166.389805001672357 ], [ -1646981.442472, -346164.886081996373832 ], [ -1647010.928002004045993, -346163.403476997278631 ], [ -1647044.558562001679093, -346160.853305999655277 ], [ -1647173.841702002566308, -346150.078781999181956 ], [ -1647217.044762000907212, -346146.696385997347534 ], [ -1647759.99968200456351, -345519.045341998338699 ], [ -1648216.020292999222875, -345908.482780002057552 ], [ -1648279.582836992805824, -346112.33535339217633 ], [ -1648577.937159112887457, -347069.192844098899513 ], [ -1648721.729186662938446, -346093.461228590924293 ], [ -1649197.98013916821219, -345908.252524841576815 ], [ -1649250.896911667892709, -345643.668662335723639 ], [ -1649012.771435411879793, -344955.750619831029326 ], [ -1648298.395006657578051, -342839.079719831235707 ], [ -1647425.268260410521179, -339611.156597308348864 ], [ -1646419.849582900293171, -337811.986332300584763 ], [ -1645864.223471652017906, -337494.485697301570326 ], [ -1645505.738089609192684, -336811.656398181337863 ], [ -1645390.146669175708666, -336591.482264019548893 ], [ -1645308.597360396990553, -336436.150247298181057 ], [ -1644863.297325781080872, -336560.250256943982095 ] ] ] } },
{ "type": "Feature", "properties": { "ID": 3413, "YEAR": "2019-2020", "Perimtr_KM": 16.8489837855, "AREA_KM": 2.7886090211000001, "SCALE": 1, "THICKNES_M": 306.82052259699998, "VOLUME_KM": 0.85560247717000004, "MASS_GT": 0.78458747156999997, "RECURRANCE": "6-8", "UA_KM": 0.08424491893, "UH_M": 25.46610325, "UC_KM": 0.06546575059, "REGION": "West", "ICESHELF": "Pine_Island" }, "geometry": { "type": "Polygon", "coordinates": [ [ [ -1640816.720436800504103, -327502.570994467008859 ], [ -1640981.575956002576277, -327676.547758001834154 ], [ -1640999.836839002091438, -328320.999115995131433 ], [ -1640585.469226003857329, -328405.470181002281606 ], [ -1640585.329116003820673, -328530.745401996653527 ], [ -1640171.321697001578286, -328759.31024800054729 ], [ -1640049.776069062529132, -328783.649040619842708 ], [ -1639817.920760003151372, -328830.076693998649716 ], [ -1639786.057618433842435, -329165.988376911729574 ], [ -1639742.237034001154825, -329627.95934200193733 ], [ -1639643.330128999426961, -329830.14694399992004 ], [ -1639839.250508005032316, -330391.574756995774806 ], [ -1639837.327944417484105, -330466.446546248160303 ], [ -1639814.95689900428988, -331337.658406001050025 ], [ -1639813.315613000653684, -331676.846023997757584 ], [ -1639726.210617003496736, -331898.442749995738268 ], [ -1639955.987568002892658, -332145.016098002437502 ], [ -1640104.65012392308563, -332156.377606264781207 ], [ -1640208.87378199910745, -332164.342880000825971 ], [ -1639986.035370003664866, -332585.00824800087139 ], [ -1640009.611630003433675, -332596.482971001882106 ], [ -1640034.989099999656901, -332607.607839997392148 ], [ -1640057.604620000813156, -332616.575329998973757 ], [ -1640082.753189999144524, -332626.935183997731656 ], [ -1640168.458442001603544, -332642.967427997849882 ], [ -1640199.838752003386617, -332643.757344997487962 ], [ -1640229.998181999893859, -332644.895528001710773 ], [ -1640256.678662000456825, -332646.379049002192914 ], [ -1640284.120552003849298, -332650.086263995617628 ], [ -1640296.740732001606375, -332652.180929997935891 ], [ -1640308.825262004509568, -332654.42207999760285 ], [ -1640320.418651998974383, -332657.222066997084767 ], [ -1640331.564762005116791, -332659.773031998891383 ], [ -1640342.665222001029179, -332661.608177002519369 ], [ -1640352.971312000416219, -332664.484947002492845 ], [ -1640363.915041998960078, -332667.776267999317497 ], [ -1640374.402711999835446, -332671.278281995560974 ], [ -1640384.837592001538724, -332674.119163001421839 ], [ -1640394.463631999446079, -332678.056203001178801 ], [ -1640403.680932002607733, -332682.217817998956889 ], [ -1640412.367152005434036, -332687.055746001191437 ], [ -1640421.079282004153356, -332691.930571996606886 ], [ -1640429.003232001326978, -332696.82950799819082 ], [ -1640436.709560998948291, -332702.610844996292144 ], [ -1640444.149621001211926, -332707.567809997592121 ], [ -1640451.119141005445272, -332713.837365996092558 ], [ -1640457.577331002801657, -332719.716770997736603 ], [ -1640464.083541002357379, -332726.059432997833937 ], [ -1640469.831221000989899, -332732.446221999358386 ], [ -1640475.520899998955429, -332738.875499001238495 ], [ -1640480.824950001668185, -332745.352847998030484 ], [ -1640486.202930002938956, -332752.785298000555485 ], [ -1640491.239060003543273, -332760.33731099916622 ], [ -1640496.011630000313744, -332768.437972995918244 ], [ -1640500.740129001671448, -332776.451050997711718 ], [ -1640504.879779004259035, -332785.024058996234089 ], [ -1640508.763859001221135, -332794.160303998738527 ], [ -1640512.612409003311768, -332803.225505997426808 ], [ -1640515.768298998940736, -332812.444194999523461 ], [ -1640519.040187002392486, -332822.231746998149902 ], [ -1640522.17359699937515, -332831.546022000256926 ], [ -1640524.697811001911759, -332841.980485997162759 ], [ -1640526.729671000735834, -332852.733842998743057 ], [ -1640528.704861999023706, -332863.987888002302498 ], [ -1640530.647012005327269, -332874.886970996856689 ], [ -1640532.085474003804848, -332887.034203998278826 ], [ -1640533.495834003901109, -332898.872313997708261 ], [ -1640534.951534000225365, -332919.850681998301297 ], [ -1640535.927345001138747, -332942.476344001013786 ], [ -1640536.447525002062321, -332966.115332998801023 ], [ -1640536.268225001171231, -332992.034410996362567 ], [ -1640535.494114001747221, -333015.658489995636046 ], [ -1640534.365844004089013, -333042.546501999720931 ], [ -1640528.792700002901256, -333141.141877001151443 ], [ -1640879.071344999363646, -333464.199230000376701 ], [ -1640939.352846947032958, -333717.944813556037843 ], [ -1640980.40257036453113, -333675.868847056291997 ], [ -1641075.255560383899137, -333578.644532294012606 ], [ -1640787.726537583628669, -332915.116018144413829 ], [ -1640731.296539128292352, -332784.892944783437997 ], [ -1640702.173642498673871, -332714.997992863878608 ], [ -1640673.535057303961366, -332646.265388401690871 ], [ -1640302.176350418711081, -331755.004491887055337 ], [ -1640069.836882873671129, -331197.389769774861634 ], [ -1640128.942678986117244, -331025.982961047440767 ], [ -1640334.420745379757136, -330430.096568520646542 ], [ -1640324.183663459727541, -330354.342162337619811 ], [ -1640217.49333734344691, -329564.833749087527394 ], [ -1640202.128814123338088, -329451.136277273762971 ], [ -1640493.171062879031524, -329133.635642268229276 ], [ -1641154.630719133652747, -328445.717599763534963 ], [ -1640969.42201537755318, -326911.1311972620897 ], [ -1640822.090305091347545, -326874.298269690480083 ], [ -1640580.399586796760559, -326813.875590111594647 ], [ -1640580.141485, -326837.623929996043444 ], [ -1640579.936603003181517, -327252.686215000692755 ], [ -1640816.720436800504103, -327502.570994467008859 ] ] ] } },
{ "type": "Feature", "properties": { "ID": 3416, "YEAR": "2019-2020", "Perimtr_KM": 157.05666273700001, "AREA_KM": 457.79826581700001, "SCALE": 3, "THICKNES_M": 434.46331646900001, "VOLUME_KM": 198.89655284099999, "MASS_GT": 182.38813895499999, "RECURRANCE": "2-3", "UA_KM": 0.78528331369000004, "UH_M": 36.060455089100003, "UC_KM": 15.2184133029, "REGION": "West", "ICESHELF": "Pine_Island" }, "geometry": { "type": "Polygon", "coordinates": [ [ [ -1619702.171147543238476, -299747.187980481889099 ], [ -1619490.50405753729865, -300646.773112985771149 ], [ -1618326.335062534315512, -300488.022795479279011 ], [ -1617955.917655035620555, -301281.774382990319282 ], [ -1614251.743580020731315, -301228.857610483653843 ], [ -1612346.739770006621256, -302710.527240492403507 ], [ -1609806.734690001467243, -304827.198140498716384 ], [ -1608483.815377492224798, -305356.365865510888398 ], [ -1607901.730879994342104, -306467.618088006973267 ], [ -1607002.145747490460053, -306943.869040512479842 ], [ -1605097.141937483102083, -305250.53232050454244 ], [ -1604091.723259979858994, -306097.20068050827831 ], [ -1602768.803947470616549, -306361.784543007612228 ], [ -1602133.802677465835586, -305726.783273002598435 ], [ -1601763.38526996714063, -306255.950998007785529 ], [ -1599435.047279954422265, -308637.205760520417243 ], [ -1598641.295692457119003, -307896.370945516042411 ], [ -1597424.209924947470427, -307949.28771801572293 ], [ -1596842.125427449587733, -308584.288988013751805 ], [ -1594672.537754936376587, -308266.788353014737368 ], [ -1594249.203574937768281, -308743.039305519778281 ], [ -1591603.364949926035479, -309483.874120517633855 ], [ -1589645.444367412244901, -312658.880470540840179 ], [ -1588269.608282410074025, -314140.550100542604923 ], [ -1587793.357329904800281, -312658.880470540840179 ], [ -1587475.856694905785844, -311706.37856553029269 ], [ -1586682.105107401730493, -312076.795973028987646 ], [ -1586047.10383739694953, -312817.630788040347397 ], [ -1584830.018069894285873, -312553.046925534494221 ], [ -1584247.933572396170348, -314246.383645542431623 ], [ -1584089.183254889911041, -317156.806133053265512 ], [ -1583877.516164897475392, -317580.140313051640987 ], [ -1583136.681349886348471, -323083.484653074294329 ], [ -1587105.439287407090887, -322871.81756307464093 ], [ -1588269.608282410074025, -323083.484653074294329 ], [ -1586787.938652401324362, -328957.246400602161884 ], [ -1588639.016858432907611, -329317.178273994941264 ], [ -1588692.94246241543442, -329327.663808100856841 ], [ -1588703.830534297041595, -329588.977533329278231 ], [ -1588798.776007415028289, -331867.668888119515032 ], [ -1589634.506314507452771, -333521.718454238492996 ], [ -1590343.767277701059356, -334925.464110552798957 ], [ -1590343.760731999296695, -334924.924344996921718 ], [ -1590125.160881999414414, -334040.977438997477293 ], [ -1590114.502815997460857, -333682.917232004459947 ], [ -1590104.868999996921048, -333359.266941961366683 ], [ -1590088.154618004569784, -332797.743389995768666 ], [ -1590168.616099998354912, -332294.427276944741607 ], [ -1590230.550243001198396, -331907.006472002249211 ], [ -1590024.098110999679193, -331256.588899995665997 ], [ -1589976.905218002852052, -330851.197054998017848 ], [ -1589968.816601335536689, -330461.533824177458882 ], [ -1589967.478823001263663, -330397.087325002066791 ], [ -1589529.498027002904564, -329958.089634000323713 ], [ -1589212.650019, -327734.155470998957753 ], [ -1588553.674163003684953, -327438.457437999546528 ], [ -1588790.243057004874572, -326494.303393001202494 ], [ -1589233.5030510018114, -323465.387696001678705 ], [ -1588769.070423999335617, -323016.930352997500449 ], [ -1588640.167151003377512, -322560.355999000370502 ], [ -1588657.576811002800241, -322062.566575997509062 ], [ -1589124.181315999245271, -321788.517116999719292 ], [ -1588698.846402999013662, -321366.508574001025409 ], [ -1589345.605073001701385, -320844.089264997746795 ], [ -1589454.732144000474364, -320379.938910000491887 ], [ -1590294.637473004870117, -320367.22519100131467 ], [ -1590505.760947003727779, -320168.62776999687776 ], [ -1590586.811827998841181, -319626.366092001087964 ], [ -1590925.209225001977757, -319669.975108996964991 ], [ -1591320.382477004081011, -319441.09241900080815 ], [ -1591835.046827999409288, -319747.050297000911087 ], [ -1593197.911899005062878, -319715.940304999705404 ], [ -1594331.423200000310317, -320145.653113998007029 ], [ -1594549.838919003959745, -320432.920427001081407 ], [ -1594771.516768878791481, -320544.04665372800082 ], [ -1596008.411854001460597, -321164.097253000363708 ], [ -1596380.161120909033343, -322120.058523206971586 ], [ -1596461.300608001183718, -322328.710467000491917 ], [ -1596767.060566004132852, -322916.506700000260025 ], [ -1597314.892504998948425, -323359.876105998177081 ], [ -1597035.658234000205994, -323987.22074200026691 ], [ -1596034.495908002601936, -324283.233334998134524 ], [ -1596052.877605999121442, -325398.477411995641887 ], [ -1595622.007210002746433, -325219.150810001417994 ], [ -1595630.319692526711151, -325254.051407472696155 ], [ -1595637.581099725794047, -325284.538984290324152 ], [ -1595663.294223999837413, -325392.497514999937266 ], [ -1595931.496353831375018, -325650.075416552834213 ], [ -1596039.162496002623811, -325753.476605001371354 ], [ -1597044.62885600537993, -325920.668924998492002 ], [ -1597210.609880003845319, -326037.257210998330265 ], [ -1597633.105930004268885, -325993.862715998198837 ], [ -1597758.893166290828958, -326040.099223327822983 ], [ -1598008.889336002990603, -326131.992089999374002 ], [ -1598346.108500005444512, -326011.43814699864015 ], [ -1598731.810509999282658, -325981.218667996115983 ], [ -1598819.958350001601502, -326202.064967995975167 ], [ -1599384.745904004434124, -326229.414054995868355 ], [ -1600836.049325004452839, -325180.010089995805174 ], [ -1601364.091766004450619, -324292.13767299707979 ], [ -1602153.577191001037136, -323420.910256000235677 ], [ -1602525.817080125212669, -323207.075566347222775 ], [ -1602548.270297461887822, -323194.177226055413485 ], [ -1602578.942764273611829, -323176.557305102236569 ], [ -1602852.026123002404347, -323019.683479997795075 ], [ -1603116.979656553827226, -322484.581069444771856 ], [ -1603267.296732000540942, -322180.999424997251481 ], [ -1603650.882741003995761, -321433.846443997230381 ], [ -1604571.064664000878111, -320599.305242001079023 ], [ -1605068.75763300084509, -320231.399176002014428 ], [ -1605119.867309999885038, -319906.048837997484952 ], [ -1606329.967587004881352, -318903.550450997427106 ], [ -1606501.430413433583453, -318967.322316916659474 ], [ -1606548.919070000993088, -318984.984689000993967 ], [ -1606738.280307003762573, -318990.385173000395298 ], [ -1607288.786293004872277, -318327.422201997134835 ], [ -1607563.655241004889831, -318466.963603997603059 ], [ -1607686.28017, -318616.385587995871902 ], [ -1607989.4022580049932, -318439.288544996175915 ], [ -1608677.029110375326127, -317808.310494960751384 ], [ -1608949.162270003696904, -317558.59649699786678 ], [ -1609763.143664001952857, -316460.441865001805127 ], [ -1611362.428896002937108, -314616.223457000218332 ], [ -1611977.165521000977606, -313895.085321001242846 ], [ -1613194.010315999854356, -312832.436516001820564 ], [ -1616724.159251002129167, -308532.349083995912224 ], [ -1617605.912142001790926, -307519.442072996869683 ], [ -1618140.919920003972948, -307388.67033799784258 ], [ -1618191.348963999887928, -307042.678521000780165 ], [ -1618677.789937708992511, -307029.55421931669116 ], [ -1618757.488454004051164, -307027.403932999819517 ], [ -1619015.209919003071263, -306694.32396000251174 ], [ -1619011.982082117814571, -306561.685198440216482 ], [ -1619000.221289999317378, -306078.408950000070035 ], [ -1619210.856298002647236, -305717.678302001208067 ], [ -1619759.008435002760962, -305916.138898998964578 ], [ -1619900.671941004227847, -305771.369801998138428 ], [ -1619816.458026004256681, -304871.12511300155893 ], [ -1620095.372842002892867, -304781.747635997831821 ], [ -1620584.419065001886338, -304890.685398998204619 ], [ -1622699.119033004157245, -304301.72277599805966 ], [ -1622802.500567001057789, -304038.251487997360528 ], [ -1622684.627556000370532, -303414.560548997949809 ], [ -1622716.737894999561831, -302945.024313999339938 ], [ -1622826.093775004846975, -302705.534548996947706 ], [ -1624070.512694999808446, -303324.603134001605213 ], [ -1624314.890911002643406, -303415.110999000258744 ], [ -1624611.249951552832499, -303319.659882084466517 ], [ -1624426.466945141786709, -303109.679192974232137 ], [ -1623935.512947556562722, -302551.776922992896289 ], [ -1622771.343952553579584, -301546.3582454896532 ], [ -1622348.009772554971278, -300064.688615487422794 ], [ -1620284.255645041354001, -298265.518350473139435 ], [ -1619702.171147543238476, -299747.187980481889099 ] ] ] } },
{ "type": "Feature", "properties": { "ID": 3419, "YEAR": "2019-2020", "Perimtr_KM": 20.1856497156, "AREA_KM": 6.1741387438000004, "SCALE": 1, "THICKNES_M": 233.48084615100001, "VOLUME_KM": 1.4415431381599999, "MASS_GT": 1.3218950576899999, "RECURRANCE": "6-8", "UA_KM": 0.10092824858, "UH_M": 19.378910135000002, "UC_KM": 0.1102985394, "REGION": "East", "ICESHELF": "Tracy_Tremenchus" }, "geometry": { "type": "Polygon", "coordinates": [ [ [ 2598141.434547999873757, -571226.506183997262269 ], [ 2598299.076761996373534, -571916.006911000236869 ], [ 2597009.185321995988488, -572188.282515002181754 ], [ 2595571.099360329099, -572494.558945749420673 ], [ 2595041.680658102035522, -572607.311920752748847 ], [ 2594989.283974999561906, -572618.471106999320909 ], [ 2594309.246741994284093, -573993.164224000880495 ], [ 2594365.323822106234729, -574470.528455785941333 ], [ 2594509.882006417959929, -575701.10084767988883 ], [ 2594541.908334000967443, -575973.729580000741407 ], [ 2594327.257210997864604, -575944.073563997400925 ], [ 2593451.811706542037427, -574448.657897950382903 ], [ 2593400.144489904865623, -574236.276981973089278 ], [ 2594109.563952433876693, -573577.530338199576363 ], [ 2594479.98135993257165, -572863.153909445041791 ], [ 2594929.773926180787385, -571963.568776934407651 ], [ 2596146.85969369020313, -571434.401051942957565 ], [ 2596464.360328689217567, -571540.234596942784265 ], [ 2596543.735487438738346, -571831.276845684973523 ], [ 2597099.361598700284958, -571646.068141942378134 ], [ 2597125.819984950125217, -571275.650734436698258 ], [ 2597258.111916200257838, -570376.065601933049038 ], [ 2597904.541636779904366, -569083.206160773988813 ], [ 2598429.868323994800448, -569794.37579499813728 ], [ 2598141.434547999873757, -571226.506183997262269 ] ] ] } },
{ "type": "Feature", "properties": { "ID": 3422, "YEAR": "2019-2020", "Perimtr_KM": 11.6109022417, "AREA_KM": 2.4241250883799998, "SCALE": 1, "THICKNES_M": 61.906420314999998, "VOLUME_KM": 0.15006890662, "MASS_GT": 0.13761318737, "RECURRANCE": "6-8", "UA_KM": 0.05805451121, "UH_M": 5.1382328608099996, "UC_KM": 0.01148240436, "REGION": "East", "ICESHELF": "Tracy_Tremenchus" }, "geometry": { "type": "Polygon", "coordinates": [ [ [ 2615355.648111275397241, -544076.429669323377311 ], [ 2615831.899063774384558, -544102.888055573217571 ], [ 2616969.609672534279525, -543732.470648067770526 ], [ 2617457.55393204651773, -543903.910523031372577 ], [ 2617484.469860352575779, -543913.367470810655504 ], [ 2617023.784630997106433, -544279.049487001262605 ], [ 2616559.855308996513486, -544594.286975998431444 ], [ 2615594.809813272207975, -544486.805046447552741 ], [ 2615302.843552998267114, -544454.287307997699827 ], [ 2614999.613738997839391, -544182.846781995613128 ], [ 2614309.676382998004556, -543378.228818998904899 ], [ 2613818.654694999568164, -541978.885251999367028 ], [ 2613658.1634028730914, -541332.55594759946689 ], [ 2614165.020730015821755, -541615.799748067976907 ], [ 2614376.687820015475154, -542039.133928059833124 ], [ 2614694.18845502845943, -542885.802288063801825 ], [ 2614852.938772527500987, -543520.803558075102046 ], [ 2615355.648111275397241, -544076.429669323377311 ] ] ] } },
{ "type": "Feature", "properties": { "ID": 3425, "YEAR": "2019-2020", "Perimtr_KM": 17.446852384900001, "AREA_KM": 5.8691405359099997, "SCALE": 1, "THICKNES_M": 203.08854821599999, "VOLUME_KM": 1.1919552307100001, "MASS_GT": 1.0930229465600001, "RECURRANCE": ">8", "UA_KM": 0.08723426192, "UH_M": 16.856349418800001, "UC_KM": 0.09120151697, "REGION": "East", "ICESHELF": "Tracy_Tremenchus" }, "geometry": { "type": "Polygon", "coordinates": [ [ [ 2642788.679407932795584, -526622.807527770521119 ], [ 2642786.225840996019542, -526700.281226000748575 ], [ 2642449.709396997466683, -527140.865476999199018 ], [ 2642233.14444300159812, -527440.226425001164898 ], [ 2641816.180357001721859, -527466.816296000732109 ], [ 2641447.953333768062294, -527729.730337567860261 ], [ 2641314.290295001119375, -527825.165727998362854 ], [ 2641647.864018000662327, -528163.758508997038007 ], [ 2641627.512332095764577, -528335.384919995907694 ], [ 2641614.338063000701368, -528446.483947998378426 ], [ 2641297.62771600112319, -528786.186966999433935 ], [ 2640434.594353999011219, -528622.389317995868623 ], [ 2639816.772611001506448, -528491.749989999458194 ], [ 2638763.423943547531962, -529497.339169358834624 ], [ 2638710.078917000442743, -529548.265498998342082 ], [ 2638617.727230231277645, -529834.886642988072708 ], [ 2638581.195628999732435, -529948.265507001662627 ], [ 2637474.219373999163508, -530956.451490001985803 ], [ 2637227.916103998199105, -531222.723542999476194 ], [ 2637046.453721999190748, -531435.957101002102718 ], [ 2636946.496926130726933, -531424.590921598253772 ], [ 2637011.761193411424756, -531279.559216526104137 ], [ 2637289.650312615558505, -530662.027840516064316 ], [ 2637633.609333864413202, -529868.276253011776134 ], [ 2637898.19319636374712, -529233.274983007228002 ], [ 2638030.48512761387974, -528836.399189258459955 ], [ 2638427.360921375453472, -528783.482416765531525 ], [ 2639432.779598872177303, -527778.063739255303517 ], [ 2640014.864096370525658, -527460.563104249536991 ], [ 2640861.532456381246448, -527407.646331749623641 ], [ 2641443.616953879594803, -527143.062469250522554 ], [ 2641787.5759751284495, -526772.645061745075509 ], [ 2642581.32756263948977, -526587.436358002480119 ], [ 2642793.290252082981169, -526477.215759479673579 ], [ 2642788.679407932795584, -526622.807527770521119 ] ] ] } },
{ "type": "Feature", "properties": { "ID": 3428, "YEAR": "2019-2020", "Perimtr_KM": 19.523544807699999, "AREA_KM": 22.816487568700001, "SCALE": 2, "THICKNES_M": 143.96581692199999, "VOLUME_KM": 3.2847942721200001, "MASS_GT": 3.0121563475299999, "RECURRANCE": "5-6", "UA_KM": 0.09761772404000001, "UH_M": 11.949162745600001, "UC_KM": 0.25133345015000003, "REGION": "East", "ICESHELF": "Tracy_Tremenchus" }, "geometry": { "type": "Polygon", "coordinates": [ [ [ 2638004.026741364039481, -480682.136214051861316 ], [ 2637025.06645011715591, -481105.470394057221711 ], [ 2635622.771978857927024, -480946.720076557714492 ], [ 2634802.562005111016333, -480338.177192803006619 ], [ 2634194.01912134885788, -478935.882721543777734 ], [ 2633797.143327600322664, -478380.2566102957353 ], [ 2633109.22528510261327, -477877.547271547373384 ], [ 2633109.22528510261327, -477427.75470529217273 ], [ 2632527.140787591226399, -476872.128594037145376 ], [ 2632627.735399999655783, -475593.738728034310043 ], [ 2632652.843486315570772, -475274.656797766685486 ], [ 2632780.557669970206916, -475253.275748381391168 ], [ 2634965.63257900159806, -474887.465207999572158 ], [ 2635819.495370001532137, -475880.312732996884733 ], [ 2637516.591252998448908, -477612.080131002236158 ], [ 2638204.560036000795662, -478215.746528999414295 ], [ 2638928.939296604134142, -480021.336286517325789 ], [ 2638612.569625125266612, -480205.88526155333966 ], [ 2638215.693831376731396, -480391.093965302687138 ], [ 2638004.026741364039481, -480682.136214051861316 ] ] ] } },
{ "type": "Feature", "properties": { "ID": 3431, "YEAR": "2019-2020", "Perimtr_KM": 33.883941088699999, "AREA_KM": 29.0773897123, "SCALE": 2, "THICKNES_M": 188.789433239, "VOLUME_KM": 5.4895039238500001, "MASS_GT": 5.0338750981700002, "RECURRANCE": "5-6", "UA_KM": 0.16941970544000001, "UH_M": 15.669522881600001, "UC_KM": 0.42002507507999998, "REGION": "East", "ICESHELF": "Shackleton" }, "geometry": { "type": "Polygon", "coordinates": [ [ [ 2644441.562735980376601, -457750.251723052468151 ], [ 2644498.2792739989236, -457876.97447100142017 ], [ 2644340.983130997046828, -458332.10565500240773 ], [ 2644451.91592900082469, -458546.351592999417335 ], [ 2644546.973213995806873, -458609.786966997664422 ], [ 2644587.444057997316122, -458850.492192001547664 ], [ 2644452.761215001344681, -459033.136363002005965 ], [ 2644104.137069000862539, -459049.231605001259595 ], [ 2644476.91669100150466, -459194.473272999282926 ], [ 2644762.138220001012087, -459503.888168999459594 ], [ 2644870.030801622197032, -459656.375009973533452 ], [ 2645039.098150997422636, -459895.321428997442126 ], [ 2645601.37672199588269, -460173.794704998377711 ], [ 2645597.695881995372474, -460185.36574399843812 ], [ 2644740.378755274228752, -460063.947269299067557 ], [ 2644681.509262000210583, -460055.609812997747213 ], [ 2644729.420336456038058, -460098.395992951933295 ], [ 2646123.640339001081884, -461343.480737996753305 ], [ 2646215.899715000763535, -462902.30187699990347 ], [ 2646782.15159999858588, -464892.067680996842682 ], [ 2645481.024376998655498, -466609.578094996511936 ], [ 2644486.59820799715817, -467215.119092999957502 ], [ 2644228.032414998859167, -466769.946909997146577 ], [ 2643799.74352699983865, -465046.182041000109166 ], [ 2642661.386676996946335, -463203.51570999994874 ], [ 2642168.781456001102924, -462604.004076999146491 ], [ 2641905.412887996062636, -462653.717200998682529 ], [ 2641426.848670958541334, -462860.268801390193403 ], [ 2641248.431443995796144, -462937.274900997057557 ], [ 2640971.424109998159111, -463268.876034999266267 ], [ 2640547.3022022806108, -462901.12887238105759 ], [ 2640866.824133626185358, -462915.329847099725157 ], [ 2640896.451863838359714, -462703.703202735632658 ], [ 2641014.991096636280417, -461856.994397096801549 ], [ 2641247.824895626865327, -461200.826418093405664 ], [ 2641586.492239631712437, -460777.492238101549447 ], [ 2642009.826419630087912, -460100.157550092786551 ], [ 2642136.826673635281622, -459486.32298908662051 ], [ 2642136.826673635281622, -458978.321973093785346 ], [ 2642306.160345637239516, -458554.987793088424951 ], [ 2642687.161107638850808, -458893.655137092806399 ], [ 2642877.661488646641374, -458787.821592093445361 ], [ 2643300.995668645016849, -458724.321465090848505 ], [ 2643526.527477015741169, -458498.789656712673604 ], [ 2643554.996176641434431, -458470.320957087446004 ], [ 2643724.329848643392324, -458173.98703108727932 ], [ 2643745.496557635255158, -457665.986015080474317 ], [ 2643893.663520645350218, -457348.485380088444799 ], [ 2643817.040713565424085, -457156.928362394217402 ], [ 2643766.66326664108783, -457030.984745082911104 ], [ 2642814.161361644044518, -456014.982713076751679 ], [ 2642769.928476038388908, -455322.000838667154312 ], [ 2643630.323301995173097, -456295.994527002330869 ], [ 2644155.066853997297585, -457110.128987998701632 ], [ 2644441.562735980376601, -457750.251723052468151 ] ] ] } },
{ "type": "Feature", "properties": { "ID": 3434, "YEAR": "2019-2020", "Perimtr_KM": 12.2571503076, "AREA_KM": 3.9452934146900001, "SCALE": 1, "THICKNES_M": 238.52254911599999, "VOLUME_KM": 0.94104144227999997, "MASS_GT": 0.86293500257, "RECURRANCE": "6-8", "UA_KM": 0.06128575154, "UH_M": 19.797371479, "UC_KM": 0.0720030458, "REGION": "East", "ICESHELF": "Shackleton" }, "geometry": { "type": "Polygon", "coordinates": [ [ [ 2643250.911929605528712, -453425.173267716076225 ], [ 2643211.393812999129295, -453400.060124000534415 ], [ 2642696.717625996097922, -453408.518951001577079 ], [ 2642432.762021887116134, -453476.823875947855413 ], [ 2642419.519720998592675, -453480.250643000472337 ], [ 2642489.57035599835217, -454382.325332997832447 ], [ 2642641.608078994788229, -454485.413477000780404 ], [ 2642664.564873001538217, -454690.10690200002864 ], [ 2642667.194255406036973, -454752.383553166408092 ], [ 2642670.681214372627437, -454834.971816935576499 ], [ 2642263.826927640475333, -454596.813210070598871 ], [ 2642220.535057229921222, -454326.239020015113056 ], [ 2642179.160091632045805, -454067.645485065411776 ], [ 2642027.213451443240047, -453476.741884320043027 ], [ 2641988.659710638225079, -453326.810670068021864 ], [ 2642136.826673635281622, -452734.142818060237914 ], [ 2642517.827435636892915, -452755.309527059085667 ], [ 2643068.161869640462101, -452776.476236064452678 ], [ 2643258.662250634282827, -452522.475728061050177 ], [ 2643279.828959639184177, -452035.641421060077846 ], [ 2643549.907796330749989, -451622.579670823179185 ], [ 2643639.66301263589412, -451485.306987063027918 ], [ 2643566.965151981450617, -450994.596427597571164 ], [ 2643623.117792996577919, -450959.034571002237499 ], [ 2644176.815726997330785, -451546.657052995637059 ], [ 2644502.214408997446299, -451530.963094001635909 ], [ 2644940.912293001078069, -451873.68879999872297 ], [ 2644936.197024999186397, -452272.3031289963983 ], [ 2644506.695080996491015, -452759.556580001488328 ], [ 2644091.85275299847126, -453103.18617400014773 ], [ 2643963.841971001587808, -453653.590780998114496 ], [ 2643649.636707996949553, -453678.556614998262376 ], [ 2643250.911929605528712, -453425.173267716076225 ] ] ] } },
{ "type": "Feature", "properties": { "ID": 3437, "YEAR": "2019-2020", "Perimtr_KM": 8.2963767172700003, "AREA_KM": 1.3976857002900001, "SCALE": 1, "THICKNES_M": 210.470430867, "VOLUME_KM": 0.29417151156, "MASS_GT": 0.2697552761, "RECURRANCE": "3-4", "UA_KM": 0.04148188359, "UH_M": 17.4690456758, "UC_KM": 0.02250830183, "REGION": "East", "ICESHELF": "Shackleton" }, "geometry": { "type": "Polygon", "coordinates": [ [ [ 2637479.079237997531891, -444872.66283999895677 ], [ 2637652.436126996763051, -445452.222002000547945 ], [ 2637727.728271092288196, -445428.148655455093831 ], [ 2637937.475235997699201, -445361.085730995982885 ], [ 2638340.837919995188713, -445437.003034001216292 ], [ 2638370.819645665585995, -445533.886781205888838 ], [ 2638444.791510609909892, -445772.921436585485935 ], [ 2638459.720497000962496, -445821.163360997568816 ], [ 2638743.69091899972409, -445902.387780996970832 ], [ 2638849.228885996155441, -446211.86756199831143 ], [ 2638690.654094616882503, -446267.800341189838946 ], [ 2638480.451357999816537, -446341.943419995717704 ], [ 2638570.700584845617414, -446447.630245043430477 ], [ 2638305.652344615198672, -446447.630245036445558 ], [ 2638288.089416043832898, -446445.121255236677825 ], [ 2637719.730700151994824, -446363.927152972202748 ], [ 2637712.984492614865303, -446362.963409035466611 ], [ 2637765.392714845947921, -446022.309964577667415 ], [ 2637796.457327191717923, -445820.389984323177487 ], [ 2637797.651328622363508, -445812.628975038416684 ], [ 2637790.539693421684206, -445801.453548290301114 ], [ 2637778.859745505265892, -445783.099344420712441 ], [ 2637755.540753067471087, -445746.455213449895382 ], [ 2637645.814859248697758, -445574.028808876872063 ], [ 2637501.317402615211904, -445346.961377029307187 ], [ 2636896.777313999831676, -445075.960647652857006 ], [ 2636887.482841609045863, -445071.794160027522594 ], [ 2636669.775716507807374, -445082.958627981133759 ], [ 2636061.981190604157746, -445114.127578031271696 ], [ 2635879.035213973373175, -445095.832980366889387 ], [ 2636594.314816187135875, -444822.645948532503098 ], [ 2636657.194446142762899, -444798.630305673927069 ], [ 2637130.914675997570157, -444617.702143999282271 ], [ 2637479.079237997531891, -444872.66283999895677 ] ] ] } },
{ "type": "Feature", "properties": { "ID": 3440, "YEAR": "2019-2020", "Perimtr_KM": 19.6942730813, "AREA_KM": 2.9940336784400001, "SCALE": 1, "THICKNES_M": 203.44850307900001, "VOLUME_KM": 0.60913167005000002, "MASS_GT": 0.55857374143000005, "RECURRANCE": "6-8", "UA_KM": 0.09847136541, "UH_M": 16.8862256723, "UC_KM": 0.04660723063, "REGION": "East", "ICESHELF": "Shackleton" }, "geometry": { "type": "Polygon", "coordinates": [ [ [ 2716242.437732151709497, -263022.849299998488277 ], [ 2716748.969445999711752, -263274.993610997218639 ], [ 2717584.407946998253465, -263315.14409699710086 ], [ 2717659.004827733151615, -263328.59987082099542 ], [ 2717697.949204633943737, -263335.624651514925063 ], [ 2717713.226667997427285, -263338.380397998262197 ], [ 2717684.965391846373677, -263388.965676940511912 ], [ 2717382.251263001933694, -263930.798202995676547 ], [ 2717265.343332998454571, -264716.994085999205709 ], [ 2717353.526572998613119, -265121.978931000456214 ], [ 2717466.074546245858073, -265312.210162010509521 ], [ 2717534.592576134949923, -265428.020947366952896 ], [ 2717696.576911997981369, -265701.810680996160954 ], [ 2717748.354874840006232, -265831.227118430193514 ], [ 2717775.976171998307109, -265900.265173997730017 ], [ 2717357.886059995740652, -266559.716788999736309 ], [ 2717278.807301653549075, -266802.825075451750308 ], [ 2717184.755211998708546, -267091.965204001404345 ], [ 2717139.299680404365063, -267875.573254845570773 ], [ 2717132.216277995146811, -267997.684051000513136 ], [ 2717427.259979999624193, -268482.226701996289194 ], [ 2717498.499616131186485, -268728.665711054112762 ], [ 2717539.807757998816669, -268871.562812995631248 ], [ 2717618.098557994700968, -269005.775615996681154 ], [ 2717602.326217998750508, -269035.864428001455963 ], [ 2717577.037922999821603, -269569.945414998102933 ], [ 2717320.38347399700433, -269864.60464099701494 ], [ 2717132.59859499707818, -270722.81446599913761 ], [ 2717073.84080499690026, -270875.317008859943599 ], [ 2717022.266733852215111, -271009.174613020382822 ], [ 2716927.496705998666584, -271255.144896002020687 ], [ 2716926.843583958223462, -271362.992019602097571 ], [ 2716701.657877955585718, -271141.976419266313314 ], [ 2716618.97542093321681, -270116.713952078483999 ], [ 2716849.868575355969369, -269736.052265060134232 ], [ 2717135.760840073227882, -269264.716369176283479 ], [ 2717230.82560296729207, -269107.987976288888603 ], [ 2717129.358991082757711, -268505.156929183751345 ], [ 2717115.116902546025813, -268420.542167883366346 ], [ 2716949.705249063670635, -267437.802344251424074 ], [ 2717107.922506963834167, -266785.947241689544171 ], [ 2717142.460677852854133, -266643.649977615568787 ], [ 2717282.229566826485097, -266067.802155039273202 ], [ 2717363.117534217424691, -265734.54372939793393 ], [ 2717319.251560992561281, -265575.031099512707442 ], [ 2717181.216128740459681, -265073.084073157049716 ], [ 2717069.749341312795877, -264600.989444051403552 ], [ 2717041.036357265897095, -264479.381511615589261 ], [ 2716900.095774836838245, -263882.45669189048931 ], [ 2716569.36594670638442, -263435.97142392816022 ], [ 2716535.941646398045123, -263394.191048533190042 ], [ 2716437.074015470221639, -263270.606509855948389 ], [ 2716049.346841407008469, -262999.197488013654947 ], [ 2715975.179150095209479, -262947.28010409604758 ], [ 2716112.330541998147964, -262958.083783997688442 ], [ 2716242.437732151709497, -263022.849299998488277 ] ] ] } },
{ "type": "Feature", "properties": { "ID": 3443, "YEAR": "2019-2020", "Perimtr_KM": 26.137285883400001, "AREA_KM": 4.9220552046100003, "SCALE": 1, "THICKNES_M": 200.46366676100001, "VOLUME_KM": 0.98669323432, "MASS_GT": 0.90479769587000003, "RECURRANCE": "3-4", "UA_KM": 0.13068642942, "UH_M": 16.6384842591, "UC_KM": 0.07549605676, "REGION": "East", "ICESHELF": "Shackleton" }, "geometry": { "type": "Polygon", "coordinates": [ [ [ 2715318.675694204866886, -263031.804671073332429 ], [ 2715196.837159996852279, -263105.241595797706395 ], [ 2714452.695046699605882, -263303.679492671974003 ], [ 2712765.972923263907433, -263568.263355177827179 ], [ 2712005.294318576343358, -263882.45669189048931 ], [ 2710765.057463102973998, -264279.332485646009445 ], [ 2709111.408322462812066, -264527.379856747109443 ], [ 2707556.978130263276398, -264543.916348144877702 ], [ 2704977.285470876842737, -264130.504062992054969 ], [ 2703654.366158381104469, -263898.993183308746666 ], [ 2702862.546741510741413, -263536.473450274206698 ], [ 2703208.743837653659284, -263345.225057524628937 ], [ 2703381.03448100015521, -263250.047168998513371 ], [ 2704515.868237, -263433.246470999903977 ], [ 2706596.026857995428145, -263747.039311996661127 ], [ 2707721.599256996065378, -264204.370751997455955 ], [ 2708914.804390997625887, -264234.075586000457406 ], [ 2711003.790180998854339, -263929.074040001258254 ], [ 2711882.330921000801027, -263577.637524998746812 ], [ 2712307.644491345621645, -263588.146994032897055 ], [ 2712399.003385001793504, -263590.404466002248228 ], [ 2712745.913963979110122, -263327.586089726071805 ], [ 2712874.406710997223854, -263230.240383999887854 ], [ 2714150.812796995043755, -263098.221253998577595 ], [ 2714760.777844996191561, -262905.514039997011423 ], [ 2715402.246738000772893, -262902.149112001992762 ], [ 2715518.582196516916156, -262911.313080643303692 ], [ 2715318.675694204866886, -263031.804671073332429 ] ] ] } },
{ "type": "Feature", "properties": { "ID": 3446, "YEAR": "2019-2020", "Perimtr_KM": 8.8475640459899996, "AREA_KM": 1.0270554788899999, "SCALE": 1, "THICKNES_M": 197.80055260899999, "VOLUME_KM": 0.20315214129, "MASS_GT": 0.18629051356000001, "RECURRANCE": "3-4", "UA_KM": 0.04423782023, "UH_M": 16.417445785599998, "UC_KM": 0.01554402631, "REGION": "East", "ICESHELF": "Shackleton" }, "geometry": { "type": "Polygon", "coordinates": [ [ [ 2697620.663687998428941, -262375.80678299581632 ], [ 2698980.551495996303856, -262895.558316999580711 ], [ 2699408.331886290572584, -263219.021773394197226 ], [ 2699804.59532003570348, -263518.653880964498967 ], [ 2699676.839842974208295, -263518.653880957514048 ], [ 2699553.316289617680013, -263518.653880957514048 ], [ 2699308.788820292800665, -263391.295824015978724 ], [ 2698759.564702106639743, -263105.241595797706395 ], [ 2698489.213402329944074, -262869.550719060003757 ], [ 2698297.646610020659864, -262702.543771917931736 ], [ 2698093.545851744711399, -262717.724820053204894 ], [ 2697552.40082944277674, -262757.975276262499392 ], [ 2696907.477664599195123, -262675.292819240130484 ], [ 2696229.481516947038472, -262328.026499704923481 ], [ 2696119.270673766732216, -262148.933879535645247 ], [ 2695912.471558156423271, -261812.885316670872271 ], [ 2696553.115712995640934, -262213.636919002514333 ], [ 2697620.663687998428941, -262375.80678299581632 ] ] ] } },
{ "type": "Feature", "properties": { "ID": 3449, "YEAR": "2019-2020", "Perimtr_KM": 9.0124456680799998, "AREA_KM": 1.4699408678100001, "SCALE": 1, "THICKNES_M": 203.67852026200001, "VOLUME_KM": 0.29939538083, "MASS_GT": 0.27454556421999998, "RECURRANCE": "5-6", "UA_KM": 0.04506222834, "UH_M": 16.905317098400001, "UC_KM": 0.02290800208, "REGION": "East", "ICESHELF": "Shackleton" }, "geometry": { "type": "Polygon", "coordinates": [ [ [ 2693791.384728576056659, -259382.305968039203435 ], [ 2693860.392271997407079, -259576.230425998568535 ], [ 2693824.92534819804132, -259682.5456801536493 ], [ 2693822.107747998088598, -259690.991686997469515 ], [ 2693831.162877933122218, -259710.554411794058979 ], [ 2694004.309540997259319, -260084.620884996373206 ], [ 2694101.553529999218881, -260223.638790996279567 ], [ 2694128.567925994284451, -260631.382025998085737 ], [ 2694176.921763667836785, -260667.299005313310772 ], [ 2694416.915668942034245, -260845.565230854321271 ], [ 2694472.701330624520779, -260887.002530423924327 ], [ 2694678.251826979219913, -261039.684370823204517 ], [ 2694826.46166199631989, -261149.773865996859968 ], [ 2695222.472882918082178, -261187.088020448107272 ], [ 2695284.996902354061604, -261192.979345734231174 ], [ 2695355.266944997012615, -261199.60054000094533 ], [ 2695368.179777840152383, -261224.312806382775307 ], [ 2695500.094321046955884, -261476.76766048418358 ], [ 2695428.361637748777866, -261480.709016707260162 ], [ 2695264.761366209946573, -261489.698042618110776 ], [ 2695055.390627091750503, -261501.201929391361773 ], [ 2693997.055177081376314, -260938.961221570614725 ], [ 2693368.668503643013537, -260062.527177037205547 ], [ 2693368.668503643013537, -259483.749977812170982 ], [ 2693500.960434906184673, -258756.144355939235538 ], [ 2693382.881004280410707, -258421.585969176143408 ], [ 2693715.870254000648856, -258353.81560900202021 ], [ 2693768.219723994843662, -258359.314801998436451 ], [ 2693922.137054996564984, -258458.381762997247279 ], [ 2693937.780747000128031, -258554.781275996007025 ], [ 2693739.874113, -258913.48485399922356 ], [ 2693718.707403001375496, -259178.068717001471668 ], [ 2693791.384728576056659, -259382.305968039203435 ] ] ] } },
{ "type": "Feature", "properties": { "ID": 3452, "YEAR": "2019-2020", "Perimtr_KM": 14.144309744099999, "AREA_KM": 1.9790869633099999, "SCALE": 1, "THICKNES_M": 129.86738967900001, "VOLUME_KM": 0.25701885787000001, "MASS_GT": 0.23568629267, "RECURRANCE": "5-6", "UA_KM": 0.07072154872, "UH_M": 10.778993290200001, "UC_KM": 0.01966559576, "REGION": "East", "ICESHELF": "Shackleton" }, "geometry": { "type": "Polygon", "coordinates": [ [ [ 2661490.422318863682449, -258784.491208242252469 ], [ 2661649.424693998880684, -258972.763379996176809 ], [ 2662045.232965, -259235.328174198511988 ], [ 2662305.766813000664115, -259408.156842001713812 ], [ 2663089.513485997915268, -259441.703127996996045 ], [ 2663598.409042995423079, -259611.810999996494502 ], [ 2665034.70144699793309, -259636.799512998200953 ], [ 2665649.432775587774813, -259560.420932912267745 ], [ 2665860.979625000618398, -259534.136851998046041 ], [ 2666678.406488998793066, -259208.805194995831698 ], [ 2666953.419586745090783, -259101.464725111145526 ], [ 2666794.526813695207238, -259367.99453796679154 ], [ 2666381.114528542384505, -259632.578400466125458 ], [ 2665835.410312126390636, -259963.308228596579283 ], [ 2665107.804690246470273, -259979.844720001332462 ], [ 2664247.563588941469789, -259754.20770982792601 ], [ 2664099.078714463859797, -259715.260857508983463 ], [ 2664021.633941370993853, -259750.463027097750455 ], [ 2663917.177309000864625, -259797.94331453833729 ], [ 2662842.305367586202919, -259847.552788751665503 ], [ 2662164.30921992007643, -259698.724366097711027 ], [ 2661552.45903788600117, -259334.921555157750845 ], [ 2660957.145347269251943, -258623.85242469003424 ], [ 2660864.171060518361628, -258429.187511812429875 ], [ 2660738.055029546841979, -258165.132071967236698 ], [ 2660827.59427900146693, -258212.0502649997361 ], [ 2661033.171956999227405, -258243.06836099922657 ], [ 2661490.422318863682449, -258784.491208242252469 ] ] ] } },
{ "type": "Feature", "properties": { "ID": 3455, "YEAR": "2019-2020", "Perimtr_KM": 7.6805716992299997, "AREA_KM": 1.0003093201, "SCALE": 1, "THICKNES_M": 190.89610672000001, "VOLUME_KM": 0.19095515472, "MASS_GT": 0.17510587688000001, "RECURRANCE": "6-8", "UA_KM": 0.0384028585, "UH_M": 15.844376779599999, "UC_KM": 0.01461078347, "REGION": "East", "ICESHELF": "Shackleton" }, "geometry": { "type": "Polygon", "coordinates": [ [ [ 2640802.842153831385076, -255136.819047851953655 ], [ 2641367.836353998631239, -255189.494489998091012 ], [ 2641523.042958995327353, -255459.604319995734841 ], [ 2641526.08362812269479, -255479.671878076158464 ], [ 2641547.519049876369536, -255621.139611838385463 ], [ 2641548.089658999815583, -255624.905470995698124 ], [ 2641870.092176996171474, -255579.716959000565112 ], [ 2642538.650141999125481, -255543.374736997298896 ], [ 2642582.059162924066186, -255579.61896338313818 ], [ 2642320.519532349891961, -255713.429937172215432 ], [ 2641840.961281565949321, -255845.721868421882391 ], [ 2641196.038116708397865, -255845.721868421882391 ], [ 2641180.232549949549139, -255779.86534023983404 ], [ 2641096.81916828174144, -255432.309583262074739 ], [ 2640951.108560123480856, -255385.682188651058823 ], [ 2640814.441012488678098, -255341.948573410045356 ], [ 2640683.406883114948869, -255300.01765201240778 ], [ 2640476.65029146336019, -255307.401816004887223 ], [ 2639757.363364367745817, -255333.090634834952652 ], [ 2639629.203548820689321, -255002.355626967735589 ], [ 2639459.751808397471905, -254565.060812977608293 ], [ 2639792.039420996792614, -254592.443610996473581 ], [ 2640202.209913001395762, -255017.440013002138585 ], [ 2640657.681813999079168, -255123.285484000574797 ], [ 2640802.842153831385076, -255136.819047851953655 ] ] ] } },
{ "type": "Feature", "properties": { "ID": 3458, "YEAR": "2019-2020", "Perimtr_KM": 15.060159566799999, "AREA_KM": 3.2023166274200001, "SCALE": 1, "THICKNES_M": 215.677288691, "VOLUME_KM": 0.69066696773000003, "MASS_GT": 0.63334160940999995, "RECURRANCE": "2-3", "UA_KM": 0.07530079783, "UH_M": 17.901214873099999, "UC_KM": 0.05284583981, "REGION": "East", "ICESHELF": "Shackleton" }, "geometry": { "type": "Polygon", "coordinates": [ [ [ 2607237.113336989656091, -234673.042215026915073 ], [ 2607238.065587000921369, -234831.256445996463299 ], [ 2606997.60750000551343, -235128.693398222792894 ], [ 2606728.752985996194184, -235461.255584999453276 ], [ 2606727.860093400813639, -235532.109939986374229 ], [ 2606716.027596625499427, -236471.062651481479406 ], [ 2606712.656957000494003, -236738.535466001369059 ], [ 2606594.979401402175426, -236969.50999335758388 ], [ 2606557.282333001494408, -237043.500844998750836 ], [ 2606500.733745999634266, -237415.403569998219609 ], [ 2606326.961256998591125, -237682.147747002076358 ], [ 2606408.005195001140237, -238252.693905995693058 ], [ 2606351.160213292576373, -238965.22974504949525 ], [ 2606321.049569996073842, -239342.658180002123117 ], [ 2606236.621174769476056, -239487.202806927263737 ], [ 2606028.664436915889382, -239843.232659284956753 ], [ 2605749.743179996497929, -240320.756470001768321 ], [ 2605962.106259116902947, -240379.90364280436188 ], [ 2606108.360464997589588, -240420.638231996912509 ], [ 2606117.692639998160303, -240700.455091001465917 ], [ 2605694.798779226839542, -241204.912220467347652 ], [ 2605682.19138899911195, -241219.951189996674657 ], [ 2605687.51357692014426, -241234.417303027119488 ], [ 2605689.800764275714755, -241240.634052856825292 ], [ 2605686.410878693684936, -241238.883232827298343 ], [ 2605670.513353520072997, -241230.672423123847693 ], [ 2605279.605606759898365, -241028.7750154575333 ], [ 2605411.897538009099662, -240658.357607965823263 ], [ 2605358.980765509419143, -240235.023427960462868 ], [ 2605729.3981730081141, -239520.646999205928296 ], [ 2605755.856559257954359, -238488.769935452379286 ], [ 2605775.660244273021817, -238433.928961568977684 ], [ 2606099.815580520778894, -237536.268030448816717 ], [ 2606145.841321546584368, -236155.495799661614001 ], [ 2606152.732353020459414, -235948.764855440706015 ], [ 2606470.232988019473851, -235340.221971685998142 ], [ 2606937.73414905089885, -234860.418148512486368 ], [ 2607236.396230379119515, -234553.896538729313761 ], [ 2607237.113336989656091, -234673.042215026915073 ] ] ] } },
{ "type": "Feature", "properties": { "ID": 3461, "YEAR": "2019-2020", "Perimtr_KM": 7.8601949820200003, "AREA_KM": 1.78776776348, "SCALE": 1, "THICKNES_M": 145.73111248000001, "VOLUME_KM": 0.26053338503000001, "MASS_GT": 0.23890911407000001, "RECURRANCE": "5-6", "UA_KM": 0.03930097491, "UH_M": 12.0956822762, "UC_KM": 0.01993450704, "REGION": "East", "ICESHELF": "Shackleton" }, "geometry": { "type": "Polygon", "coordinates": [ [ [ 2608569.912411825731397, -229119.310127714183182 ], [ 2608548.244727001525462, -229200.854437997099012 ], [ 2608373.567667998373508, -229296.2990170000121 ], [ 2608798.168438998050988, -229507.096015000715852 ], [ 2608903.601978000253439, -229629.415515998844057 ], [ 2608929.828402260318398, -229881.445142398122698 ], [ 2608950.182908991351724, -230077.047054226510227 ], [ 2609003.858038999140263, -230592.852137996349484 ], [ 2609101.7541399942711, -230732.73537099827081 ], [ 2609054.068601000122726, -230876.008477997500449 ], [ 2608798.587201370857656, -231317.376359751448035 ], [ 2608723.744566652923822, -231253.704267535358667 ], [ 2608613.362274276092649, -231159.796944179106504 ], [ 2608743.657478542998433, -230899.206535637844354 ], [ 2608798.570978024974465, -230789.379536673892289 ], [ 2608685.041633062064648, -230661.295147481374443 ], [ 2608328.621406031772494, -230259.180019544437528 ], [ 2608103.853505918756127, -230005.595721980091184 ], [ 2607766.693914278410375, -229625.210541670676321 ], [ 2607951.902618028223515, -228937.292499166447669 ], [ 2607502.110051766037941, -228461.041546660941094 ], [ 2608031.707824326120317, -228355.121992157306522 ], [ 2608379.15024699550122, -228724.117809996474534 ], [ 2608620.485538998618722, -228928.982881998177618 ], [ 2608569.912411825731397, -229119.310127714183182 ] ] ] } },
{ "type": "Feature", "properties": { "ID": 3464, "YEAR": "2019-2020", "Perimtr_KM": 10.9209210198, "AREA_KM": 1.17651624015, "SCALE": 1, "THICKNES_M": 79.863545894599994, "VOLUME_KM": 0.09396075874, "MASS_GT": 0.08616201577, "RECURRANCE": "2-3", "UA_KM": 0.0546046051, "UH_M": 6.62867427657, "UC_KM": 0.00718933355, "REGION": "East", "ICESHELF": "Shackleton" }, "geometry": { "type": "Polygon", "coordinates": [ [ [ 2582342.036508997902274, -225354.174553000833839 ], [ 2583101.202082995325327, -225543.385884001385421 ], [ 2583404.781869419850409, -225501.35341346822679 ], [ 2583491.085826001130044, -225489.404105001594871 ], [ 2584013.534012204036117, -225566.188276343978941 ], [ 2584047.228628403507173, -225571.14037159550935 ], [ 2584206.248164000920951, -225594.511460999026895 ], [ 2584185.351663889363408, -225506.641822045203298 ], [ 2584131.107754998840392, -225278.546558998525143 ], [ 2584375.401030999608338, -225030.93528400035575 ], [ 2584542.489835996180773, -225030.855414002202451 ], [ 2584897.760136189870536, -225140.873531138524413 ], [ 2585010.171625797636807, -225175.68449176568538 ], [ 2585554.163463996723294, -225344.14483799925074 ], [ 2585629.960982800461352, -225359.371901735663414 ], [ 2584915.06093991920352, -225432.550646284129471 ], [ 2584876.642842049710453, -225436.483207484707236 ], [ 2584432.050890822894871, -225481.99261981761083 ], [ 2584417.610498554073274, -225520.500332524999976 ], [ 2584382.441416595131159, -225614.28455106029287 ], [ 2584332.831942382268608, -225862.33192215487361 ], [ 2583737.518251752480865, -225796.185956530272961 ], [ 2583204.703781845979393, -225730.943368380423635 ], [ 2582927.230172837153077, -225696.967008096631616 ], [ 2582447.671922065317631, -225531.602094030939043 ], [ 2582199.624550957232714, -225366.23717996571213 ], [ 2581835.821740031242371, -225250.481740120798349 ], [ 2581323.190506437793374, -225085.116826062090695 ], [ 2581315.224525205790997, -225080.396244591102004 ], [ 2581039.489031249657273, -224916.997433357872069 ], [ 2581006.732879066839814, -224897.586380206979811 ], [ 2581298.707923996262252, -224548.147167997900397 ], [ 2581459.881790997460485, -224650.566951996646821 ], [ 2581427.267639, -224906.075353000778705 ], [ 2581848.469544996507466, -225012.588385000359267 ], [ 2582342.036508997902274, -225354.174553000833839 ] ] ] } },
{ "type": "Feature", "properties": { "ID": 3467, "YEAR": "2019-2020", "Perimtr_KM": 13.518736043600001, "AREA_KM": 3.0854468470900001, "SCALE": 1, "THICKNES_M": 145.93155397699999, "VOLUME_KM": 0.45026405311000001, "MASS_GT": 0.4128921367, "RECURRANCE": "2-3", "UA_KM": 0.06759368022, "UH_M": 12.1123189204, "UC_KM": 0.03445159988, "REGION": "East", "ICESHELF": "Shackleton" }, "geometry": { "type": "Polygon", "coordinates": [ [ [ 2590881.057831368409097, -223876.074853511992842 ], [ 2590981.695852833800018, -224408.617717131506652 ], [ 2590997.037979127839208, -224489.803135432302952 ], [ 2590732.45411662850529, -224754.38699793163687 ], [ 2589740.264632250182331, -225184.335774495732039 ], [ 2588797.684622085653245, -225382.773671376984566 ], [ 2588582.710233800113201, -225581.211568251252174 ], [ 2588301.589879896491766, -226077.306310440879315 ], [ 2588251.980405682697892, -226507.255087011959404 ], [ 2587342.473378326743841, -226341.890172939747572 ], [ 2586598.331265042535961, -226044.23332763183862 ], [ 2586522.213975395075977, -225968.116037984378636 ], [ 2585984.742333682253957, -225430.644396258052438 ], [ 2586257.112749, -225485.361249001696706 ], [ 2586521.40665499959141, -225698.372212999034673 ], [ 2587116.814894997514784, -225769.890267997980118 ], [ 2587636.342702998779714, -226035.380334002431482 ], [ 2587661.818900005891919, -226042.315320671070367 ], [ 2587801.059306999668479, -226080.218559001106769 ], [ 2587799.455979995429516, -225694.078670002054423 ], [ 2587854.072007526643574, -225518.513784325681627 ], [ 2587886.438161253929138, -225414.471796351484954 ], [ 2587928.292469001375139, -225279.929847999010235 ], [ 2588399.516974708065391, -224984.851695419754833 ], [ 2588590.439256995916367, -224865.297228999435902 ], [ 2589099.803150600753725, -224831.773252857383341 ], [ 2589127.656108000315726, -224829.940099996048957 ], [ 2589864.925979000516236, -224216.189941996708512 ], [ 2590439.280138105154037, -224199.891178727615625 ], [ 2590718.982473996467888, -224191.953911998774856 ], [ 2590786.674976498819888, -223945.256049608811736 ], [ 2590850.307498102076352, -223713.354339989833534 ], [ 2590881.057831368409097, -223876.074853511992842 ] ] ] } },
{ "type": "Feature", "properties": { "ID": 3470, "YEAR": "2019-2020", "Perimtr_KM": 10.1511501622, "AREA_KM": 1.7793347563899999, "SCALE": 1, "THICKNES_M": 214.39648742700001, "VOLUME_KM": 0.38148312173, "MASS_GT": 0.34982002262, "RECURRANCE": "3-4", "UA_KM": 0.05075575081, "UH_M": 17.7949083687, "UC_KM": 0.02918888101, "REGION": "East", "ICESHELF": "Shackleton" }, "geometry": { "type": "Polygon", "coordinates": [ [ [ 2592882.197999444790184, -223183.420314334332943 ], [ 2592867.776668407954276, -223192.249700682237744 ], [ 2592071.909920528531075, -223679.515056523494422 ], [ 2591172.16544587071985, -223662.697402791585773 ], [ 2590865.778891811147332, -223656.970551315695047 ], [ 2590869.359881000593305, -223643.920031000394374 ], [ 2591397.63111700117588, -223354.265318001620471 ], [ 2592158.930424997583032, -223231.637886996846646 ], [ 2592707.923161678947508, -222918.810074679087847 ], [ 2592876.870465001091361, -222822.540284996386617 ], [ 2592981.975549909286201, -222744.769228949677199 ], [ 2593321.47783599793911, -222493.559200998861343 ], [ 2593473.304278000257909, -222209.815469996072352 ], [ 2593685.123861996456981, -222037.64304299838841 ], [ 2593970.401242999359965, -221713.906253999099135 ], [ 2594057.796210999600589, -221462.880170001182705 ], [ 2594307.306583001278341, -221317.089771999046206 ], [ 2594622.013878924772143, -220982.454286976717412 ], [ 2594668.139071334153414, -221248.650819798000157 ], [ 2594668.139071334153414, -221546.307665105909109 ], [ 2594717.748545547015965, -221943.183458861429244 ], [ 2593659.413095537573099, -222571.570132300257683 ], [ 2592882.197999444790184, -223183.420314334332943 ] ] ] } },
{ "type": "Feature", "properties": { "ID": 3473, "YEAR": "2019-2020", "Perimtr_KM": 32.906983826500003, "AREA_KM": 9.5092715909199992, "SCALE": 1, "THICKNES_M": 228.885637449, "VOLUME_KM": 2.1765356897600001, "MASS_GT": 1.99588322751, "RECURRANCE": "2-3", "UA_KM": 0.16453491913000001, "UH_M": 18.997507814599999, "UC_KM": 0.1665359164, "REGION": "East", "ICESHELF": "Shackleton" }, "geometry": { "type": "Polygon", "coordinates": [ [ [ 2601997.729522553272545, -218757.506801006849855 ], [ 2602342.32689699716866, -218574.259696998633444 ], [ 2602716.181535999290645, -218611.534010999836028 ], [ 2602898.46206699963659, -218825.356355996336788 ], [ 2603399.793208995833993, -218925.754374998621643 ], [ 2603682.551682777702808, -219236.597388258203864 ], [ 2603711.938118398189545, -219268.90258524985984 ], [ 2604101.754920995794237, -219697.437326998915523 ], [ 2604381.501231000758708, -219799.189957002177835 ], [ 2605345.20178500097245, -219810.400301995687187 ], [ 2605371.418261473998427, -219798.319114624522626 ], [ 2605781.559626998379827, -219609.316038999706507 ], [ 2606109.9917215956375, -219643.390340310521424 ], [ 2606490.424554792232811, -219682.859634577296674 ], [ 2606583.557078000158072, -219692.521983996033669 ], [ 2607059.585839001461864, -220234.309947997331619 ], [ 2607108.980915339663625, -220312.570138570386916 ], [ 2607136.897752604447305, -220356.800802160520107 ], [ 2607151.749943925999105, -220380.332202643621713 ], [ 2607163.455419934354722, -220398.878034552559257 ], [ 2607387.175715997815132, -220753.33427400002256 ], [ 2607543.955345692113042, -221053.476626354269683 ], [ 2607611.895462513901293, -221183.54267207114026 ], [ 2607933.176509614102542, -221798.610136072151363 ], [ 2607955.431925999000669, -221841.216391997411847 ], [ 2608344.523735943250358, -222003.786029027309269 ], [ 2608513.343576997518539, -222074.322029998525977 ], [ 2608909.005243642255664, -222525.270177279599011 ], [ 2608956.190262998454273, -222579.048439996317029 ], [ 2609054.760786465369165, -222625.324313928838819 ], [ 2609469.818698995746672, -222820.181426996830851 ], [ 2609481.850936315953732, -222900.262878764420748 ], [ 2609499.636100403033197, -223018.633363220840693 ], [ 2609543.893773000687361, -223313.193599997088313 ], [ 2609574.63966101128608, -223354.550329188350588 ], [ 2610127.246324, -224097.869374 ], [ 2610305.175463060848415, -224402.026843151077628 ], [ 2610327.285033223219216, -224439.821613242849708 ], [ 2610349.343876276165247, -224477.529668879229575 ], [ 2610350.284625999629498, -224479.137815001886338 ], [ 2610478.029521585442126, -224518.344702928327024 ], [ 2610858.843239997513592, -224635.222333998419344 ], [ 2610949.131154948845506, -224706.551124936901033 ], [ 2611050.354232002049685, -224786.518855996895581 ], [ 2611216.139272996224463, -224753.091052999254316 ], [ 2611431.191776997409761, -224856.772772999014705 ], [ 2611468.595879619009793, -224876.225821535103023 ], [ 2611615.674125, -224952.717971998732537 ], [ 2611487.766497010365129, -225077.034830346703529 ], [ 2611456.93107399623841, -225107.004605998285115 ], [ 2611298.754398789256811, -225290.833303685765713 ], [ 2611264.058835999108851, -225331.155557998456061 ], [ 2611164.320364999584854, -225486.082239001989365 ], [ 2611023.270677998661995, -225423.872053001541644 ], [ 2610939.584074219688773, -225427.35534691484645 ], [ 2610883.09708090685308, -225429.706509358715266 ], [ 2610781.248505217023194, -225433.945760421920568 ], [ 2610596.071573995985091, -225441.653393997810781 ], [ 2610261.060549423098564, -225754.577403834555298 ], [ 2610082.956718000583351, -225920.938989000860602 ], [ 2609828.858787000179291, -226352.477320997044444 ], [ 2609662.560165997594595, -226546.095521996263415 ], [ 2609663.73267300054431, -226711.391721996478736 ], [ 2609910.146723994985223, -226764.469983000773937 ], [ 2609935.029376997612417, -226986.116987002082169 ], [ 2609833.451557000167668, -227328.232569996733218 ], [ 2609688.960695998743176, -227407.250229001045227 ], [ 2609517.288735314272344, -227491.240553451236337 ], [ 2609584.054319833405316, -227234.860708884429187 ], [ 2609468.298879988491535, -226424.572629969101399 ], [ 2610179.368010450154543, -225085.116826062090695 ], [ 2609848.638182319700718, -224754.38699793163687 ], [ 2609286.397474512457848, -223844.879970589186996 ], [ 2609240.23209394607693, -223685.3995649847202 ], [ 2609104.496069049462676, -223216.493297143373638 ], [ 2608998.757614556699991, -223096.962870322633535 ], [ 2608774.432417927309871, -222843.377865439280868 ], [ 2608350.153088356368244, -222363.757753754034638 ], [ 2608343.817464360967278, -222356.595744021236897 ], [ 2608334.674062893725932, -222351.608434129040688 ], [ 2607668.218593630008399, -221988.087269078474492 ], [ 2607434.310437005013227, -221860.501001832075417 ], [ 2606938.215694815851748, -221281.723802606575191 ], [ 2606607.4858666844666, -221215.577836981974542 ], [ 2606342.071515145711601, -220995.478130828589201 ], [ 2605929.489719032309949, -220653.337129167746753 ], [ 2604672.716372154653072, -220719.483094792813063 ], [ 2604060.866190120577812, -220173.778878383338451 ], [ 2603200.968636991456151, -220157.242386978585273 ], [ 2601977.268272923305631, -219297.344833849929273 ], [ 2601971.951987295411527, -219295.468497743830085 ], [ 2601679.511547118425369, -219192.25422474462539 ], [ 2601415.027565102092922, -219098.906936982180923 ], [ 2601139.02364176698029, -218768.784597309771925 ], [ 2601032.996693363413215, -218641.968051180709153 ], [ 2600908.311944286338985, -218492.835312084760517 ], [ 2601627.119182001799345, -218823.064763996284455 ], [ 2601936.652822, -218789.985657000448555 ], [ 2601997.729522553272545, -218757.506801006849855 ] ] ] } },
{ "type": "Feature", "properties": { "ID": 3476, "YEAR": "2019-2020", "Perimtr_KM": 32.279579142899998, "AREA_KM": 32.200249405800001, "SCALE": 2, "THICKNES_M": 327.07651685299999, "VOLUME_KM": 10.531945417399999, "MASS_GT": 9.6577939478000001, "RECURRANCE": "1-2", "UA_KM": 0.16139789571, "UH_M": 27.147350764900001, "UC_KM": 0.80584351995000003, "REGION": "East", "ICESHELF": "Helen" }, "geometry": { "type": "Polygon", "coordinates": [ [ [ 2572953.465397712774575, -179491.70941909821704 ], [ 2572904.329696914181113, -179511.993268749676645 ], [ 2572419.951766995713115, -179711.950711996760219 ], [ 2571903.901958996430039, -180089.325536001473665 ], [ 2571651.947293581441045, -180046.777306416071951 ], [ 2571632.543753996491432, -180043.500580995809287 ], [ 2571621.245495585724711, -180077.479104411788285 ], [ 2571462.323804996907711, -180555.422181000933051 ], [ 2571081.643094941973686, -180731.252903497777879 ], [ 2570950.538795995526016, -180791.808016996830702 ], [ 2570933.763311883434653, -180929.967125425580889 ], [ 2570913.589012474752963, -181096.118111053016037 ], [ 2570908.80765938013792, -181135.496258146129549 ], [ 2570869.528334996663034, -181458.991925998590887 ], [ 2570862.271298781968653, -181469.676999994553626 ], [ 2570678.787667994387448, -181739.83359199995175 ], [ 2570775.902184185571969, -181772.566051066853106 ], [ 2570872.988626996986568, -181805.289048002101481 ], [ 2571218.070763995870948, -182117.322645001113415 ], [ 2571369.635431998409331, -182205.899887000210583 ], [ 2571689.199081999249756, -182165.901396999601275 ], [ 2571825.570826513692737, -182393.337573490105569 ], [ 2571913.378906995989382, -182539.780915998388082 ], [ 2571160.504999997094274, -183166.263514747377485 ], [ 2571146.031410984694958, -183178.307299999054521 ], [ 2571130.52900000475347, -183191.207190177869052 ], [ 2570965.913613432087004, -183328.187199997249991 ], [ 2570442.498571995645761, -183763.732132999692112 ], [ 2569978.774281996302307, -183909.024722001515329 ], [ 2569780.016078996472061, -184045.887906000949442 ], [ 2568228.873134000226855, -184836.904401996638626 ], [ 2567857.718359995633364, -185111.163105996791273 ], [ 2567833.172300007194281, -185179.210178202483803 ], [ 2567818.796943995170295, -185219.061824001371861 ], [ 2566949.897383999079466, -185573.870222998782992 ], [ 2566754.03730000089854, -185797.145110946614295 ], [ 2566393.863603999838233, -186207.732811995781958 ], [ 2566231.2843729974702, -186266.949514996726066 ], [ 2565928.822325997985899, -186351.283616999629885 ], [ 2565745.880633001215756, -186543.025896000210196 ], [ 2565465.070600000210106, -186516.000307032838464 ], [ 2565206.407822996377945, -186491.106204001232982 ], [ 2565117.584734994918108, -186435.865169998724014 ], [ 2564909.826120822690427, -186124.143683382775635 ], [ 2564781.694200999103487, -185931.894265996292233 ], [ 2564232.966631995514035, -186060.592685001436621 ], [ 2564339.608404997736216, -186280.929549995809793 ], [ 2563996.248100000433624, -186163.25277581019327 ], [ 2563983.345660629682243, -186158.830839374102652 ], [ 2563798.473048998974264, -186095.471119998022914 ], [ 2563555.138998001813889, -185999.967974999453872 ], [ 2563248.657415522262454, -186011.940867911558598 ], [ 2563388.464409430511296, -185582.163812552113086 ], [ 2563388.644349615089595, -185581.610663102008402 ], [ 2563392.614493863657117, -185569.406145595479757 ], [ 2563675.420151971280575, -184700.040603996254504 ], [ 2564022.686471492983401, -183988.97147352155298 ], [ 2564660.275083565153182, -183579.093080054037273 ], [ 2564697.93155427929014, -183554.885348879732192 ], [ 2564717.219110563397408, -183542.486205552704632 ], [ 2564960.861309053376317, -183109.34451935486868 ], [ 2565312.532801193185151, -182484.150755542330444 ], [ 2565993.436508019454777, -181993.900086627807468 ], [ 2566069.610009595751762, -181831.046393615659326 ], [ 2566155.893862918019295, -181646.577465812209994 ], [ 2566028.893608912825584, -181487.827148319687694 ], [ 2565816.715716072358191, -181457.516020772978663 ], [ 2565806.643164410255849, -181456.077084818389267 ], [ 2565666.233713273890316, -181483.698616189882159 ], [ 2565653.435706592164934, -181486.216256845276803 ], [ 2565560.580172288231552, -181409.278814141638577 ], [ 2566073.211405881680548, -180979.330037570092827 ], [ 2566168.756961161270738, -180930.109600002877414 ], [ 2566618.915622284635901, -180698.209683659952134 ], [ 2566823.659928192384541, -180509.214939754456282 ], [ 2566990.505611138418317, -180355.203540116082877 ], [ 2567029.521953594870865, -180319.188454770948738 ], [ 2567239.08127474039793, -180125.749081408139318 ], [ 2567348.064600011333823, -180025.149088852107525 ], [ 2567478.813175426796079, -179904.458096162416041 ], [ 2567612.894720803014934, -179877.641787087079138 ], [ 2567726.860546507872641, -179854.848621942102909 ], [ 2568454.466168386861682, -180119.432484441436827 ], [ 2568607.217217943631113, -179911.135598688852042 ], [ 2568636.367573863826692, -179871.385113346856087 ], [ 2568801.732487922534347, -179623.337742258794606 ], [ 2569479.728635588660836, -179706.020199281163514 ], [ 2569489.413338259793818, -179799.638991774525493 ], [ 2569529.338109801523387, -180185.578450066037476 ], [ 2569686.668858545832336, -180185.578450066037476 ], [ 2569747.963480213657022, -180185.578450066037476 ], [ 2569810.458463705144823, -180185.578450066037476 ], [ 2569833.530214653350413, -180177.887866416946054 ], [ 2570157.724783240817487, -180069.823010221123695 ], [ 2570253.591057786718011, -179937.085091629996896 ], [ 2570372.699171526357532, -179772.166164912749082 ], [ 2570438.845137157477438, -179639.874233656562865 ], [ 2571314.537859933450818, -179926.464579295367002 ], [ 2571348.352164500392973, -179937.531078971456736 ], [ 2571615.435710943304002, -180057.258185985963792 ], [ 2571763.963840249925852, -179934.760759747587144 ], [ 2571815.342681810259819, -179892.386457431130111 ], [ 2572402.7188565665856, -179606.63588593993336 ], [ 2572683.240355052053928, -179384.730819971300662 ], [ 2572762.163692349568009, -179322.298926286865026 ], [ 2572780.424692761152983, -179307.853657309431583 ], [ 2572934.532420193776488, -179185.94754455704242 ], [ 2573203.317202867008746, -179062.451833598315716 ], [ 2573228.22050757240504, -179051.009774678386748 ], [ 2573321.035845943726599, -179157.888043106999248 ], [ 2573328.486156761646271, -179184.94443503767252 ], [ 2573078.232309998944402, -179440.204031999222934 ], [ 2572953.465397712774575, -179491.70941909821704 ] ] ] } },
{ "type": "Feature", "properties": { "ID": 3479, "YEAR": "2019-2020", "Perimtr_KM": 19.596385218599998, "AREA_KM": 5.1809414988800002, "SCALE": 1, "THICKNES_M": 222.67756627200001, "VOLUME_KM": 1.15367944397, "MASS_GT": 1.05792405012, "RECURRANCE": "1-2", "UA_KM": 0.09798192609, "UH_M": 18.482237909399998, "UC_KM": 0.08827287525, "REGION": "East", "ICESHELF": "Helen" }, "geometry": { "type": "Polygon", "coordinates": [ [ [ 2577642.783459105528891, -167589.221919876988977 ], [ 2577694.281465996056795, -167596.225423996336758 ], [ 2577705.179535998031497, -167572.959706996567547 ], [ 2577727.840727206319571, -167642.956424346659333 ], [ 2577740.821396983228624, -167683.05159257678315 ], [ 2577751.688834657892585, -167716.619332081638277 ], [ 2577817.043488998897374, -167918.489181996323168 ], [ 2577878.736817038618028, -168099.704349742271006 ], [ 2577960.274189070798457, -168339.208507141564041 ], [ 2577986.122956994920969, -168415.135499001480639 ], [ 2578044.958961266092956, -168885.845303750131279 ], [ 2578076.482471000403166, -169138.045045999344438 ], [ 2578236.994196848012507, -169237.718616984318942 ], [ 2578336.078293995931745, -169299.247242000885308 ], [ 2578354.419194446876645, -169570.185691043268889 ], [ 2578376.462172308936715, -169895.812573477625847 ], [ 2578377.643685514107347, -169913.2663161046803 ], [ 2578379.725622745230794, -169944.021449761465192 ], [ 2578385.527108000591397, -170029.723099001683295 ], [ 2578464.145120516419411, -170019.758099073078483 ], [ 2578530.140375897288322, -170011.393060395028442 ], [ 2578670.110099883750081, -169993.651600833982229 ], [ 2578786.964312980882823, -169978.840081339236349 ], [ 2578792.358285849913955, -169978.156383827794343 ], [ 2578855.006489995867014, -169970.215591001324356 ], [ 2579163.306483994238079, -169785.314900998491794 ], [ 2579352.234071421436965, -169856.978242285549641 ], [ 2579391.207208001054823, -169871.761393998283893 ], [ 2579490.943168997764587, -170220.822142996359617 ], [ 2579490.943168997764587, -170299.633219997864217 ], [ 2579439.424467309378088, -170328.845511109568179 ], [ 2579125.421751166693866, -170506.892287375871092 ], [ 2578942.340560592710972, -170610.703541553579271 ], [ 2578911.569476278498769, -170628.151455477811396 ], [ 2578718.375876000151038, -170737.696678997948766 ], [ 2578738.671158503741026, -170815.541166257113218 ], [ 2578778.949410527013242, -170970.03223459655419 ], [ 2578820.203779722563922, -171128.267293245065957 ], [ 2578869.482849249616265, -171317.281853619031608 ], [ 2578875.638212999328971, -171340.891337001230568 ], [ 2578845.501596422865987, -171380.761301619466394 ], [ 2578675.055418349802494, -171606.257188677322119 ], [ 2578345.034793564118445, -172042.865943279583007 ], [ 2578323.827785309404135, -172070.922266937792301 ], [ 2578085.995322292670608, -172385.568466850090772 ], [ 2578081.456074066460133, -172391.573774899821728 ], [ 2577952.032653001137078, -172562.797615001443774 ], [ 2577781.600943996571004, -172589.774164001457393 ], [ 2577738.902119770646095, -172561.600755705032498 ], [ 2577647.662570482119918, -172501.399353872984648 ], [ 2577543.217288999818265, -172432.484585999976844 ], [ 2577316.807484119199216, -172638.792530929204077 ], [ 2577309.684343999251723, -172645.283240997232497 ], [ 2577254.893794742412865, -172795.806756816804409 ], [ 2577131.570857449434698, -173134.606100001838058 ], [ 2576869.060365998186171, -173855.788906997535378 ], [ 2576830.347047995775938, -173896.506845356430858 ], [ 2576907.286271044053137, -173174.461828961502761 ], [ 2576920.962996580637991, -173046.111020090058446 ], [ 2576970.759242640808225, -172578.792403161991388 ], [ 2576924.607600376009941, -172495.719447074923664 ], [ 2576848.648454335518181, -172358.992984206881374 ], [ 2576805.39432858210057, -172281.135557854082435 ], [ 2576540.810466082766652, -172099.234152377117425 ], [ 2576784.746400007978082, -171943.386194594670087 ], [ 2576919.018033652566373, -171857.601539767812937 ], [ 2577136.124156712554395, -171718.894850032869726 ], [ 2577625.634024539031088, -171766.651910306885839 ], [ 2577761.340800862759352, -171779.891595800407231 ], [ 2577814.120304364711046, -171785.040815657936037 ], [ 2577841.698520031757653, -171757.462599997874349 ], [ 2577845.146400009281933, -171754.01472002081573 ], [ 2577862.668187830597162, -171736.49293219903484 ], [ 2577871.674420032650232, -171727.486699996516109 ], [ 2577875.122300003655255, -171724.038820025976747 ], [ 2577901.650420032441616, -171697.510699997656047 ], [ 2577905.098299995996058, -171694.062820033635944 ], [ 2577931.626420031301677, -171667.534699998330325 ], [ 2578012.558201245963573, -171586.602918790187687 ], [ 2577900.117152425460517, -171481.189435517415404 ], [ 2577876.215097270905972, -171458.781258809380233 ], [ 2577747.974338746629655, -171338.555547689087689 ], [ 2577890.7879090718925, -171160.03858477761969 ], [ 2577922.861779680475593, -171119.946246516425163 ], [ 2577946.412235614843667, -171090.508176594041288 ], [ 2577946.345531045459211, -171090.308062886819243 ], [ 2577908.938643419183791, -170978.087400001473725 ], [ 2577900.847626760601997, -170953.814350018743426 ], [ 2577879.344677530229092, -170889.305502320639789 ], [ 2577789.490906490944326, -170619.744189201854169 ], [ 2577781.047321556136012, -170594.413434404879808 ], [ 2577796.473985616117716, -170580.173436810728163 ], [ 2577847.691500009037554, -170532.895731217227876 ], [ 2577924.854757910594344, -170461.668108538258821 ], [ 2577989.901591528207064, -170401.624877510592341 ], [ 2577996.021709841676056, -170395.9755375306122 ], [ 2578161.386623900383711, -170296.756589096970856 ], [ 2578087.018966591916978, -170202.9886733610183 ], [ 2578022.377707932144403, -170121.484477651771158 ], [ 2577946.138250383548439, -170025.356465961784124 ], [ 2577873.010531578212976, -169933.151950945612043 ], [ 2577781.047321556136012, -169817.198338312096894 ], [ 2577747.974338746629655, -169519.541492990218103 ], [ 2577700.819236161187291, -169419.336899996735156 ], [ 2577483.390476234257221, -168957.300785176455975 ], [ 2577432.704456370323896, -168821.082106796558946 ], [ 2577374.712271020747721, -168665.228108669165522 ], [ 2577218.806613734923303, -168246.231654708273709 ], [ 2577201.043797009624541, -168247.923351542558521 ], [ 2576978.232358939945698, -168269.143488499801606 ], [ 2576848.006980239413679, -168281.545905521605164 ], [ 2576524.273974678479135, -168312.377620333340019 ], [ 2576289.562505125999451, -168044.135940834879875 ], [ 2576571.078725997358561, -167886.694337997585535 ], [ 2576676.083191050216556, -167878.085336707532406 ], [ 2576952.125009896233678, -167855.453495546709746 ], [ 2576975.164009995758533, -167853.564596998970956 ], [ 2577071.167983496561646, -167762.125942301936448 ], [ 2577153.871122439391911, -167683.355621772818267 ], [ 2577204.156295995227993, -167635.461680996697396 ], [ 2577247.731008596718311, -167622.532017167191952 ], [ 2577418.459066363982856, -167571.872901789378375 ], [ 2577448.867022001184523, -167562.850130996666849 ], [ 2577642.783459105528891, -167589.221919876988977 ] ] ] } },
{ "type": "Feature", "properties": { "ID": 3482, "YEAR": "2019-2020", "Perimtr_KM": 8.1982887057300005, "AREA_KM": 1.52820885087, "SCALE": 1, "THICKNES_M": 99.4267245785, "VOLUME_KM": 0.15194480051000001, "MASS_GT": 0.13933338207000001, "RECURRANCE": "3-4", "UA_KM": 0.04099144353, "UH_M": 8.2524180993199998, "UC_KM": 0.0116259369, "REGION": "West", "ICESHELF": "Abbot" }, "geometry": { "type": "Polygon", "coordinates": [ [ [ -1889416.616977469064295, -444871.957760017365217 ], [ -1889388.365350316977128, -444881.644032187294215 ], [ -1889315.933300000615418, -444906.47787801316008 ], [ -1889243.536986001534387, -444931.299471383914351 ], [ -1889132.246924403589219, -444969.456063935067505 ], [ -1888814.746289404574782, -445525.082175183109939 ], [ -1888708.912744404980913, -446371.750535187311471 ], [ -1888047.45308815035969, -447985.712096445262432 ], [ -1887937.469577082199976, -448105.400034955237061 ], [ -1887841.309376594144851, -448210.044959018938243 ], [ -1887944.433555969502777, -448282.831875638570637 ], [ -1888105.172661002725363, -448396.284452001564205 ], [ -1888299.984146229922771, -448337.841082186438143 ], [ -1888359.770661003654823, -448319.905150998849422 ], [ -1888428.753161166096106, -448054.655111681204289 ], [ -1888588.508727004518732, -447440.36641499819234 ], [ -1888940.693116092123091, -446784.456670156214386 ], [ -1889268.249182004248723, -446174.414821998681873 ], [ -1889280.292095552897081, -446114.960237266961485 ], [ -1889287.349161655409262, -446080.120251680724323 ], [ -1889410.109561480814591, -445474.065199999138713 ], [ -1889430.881674689473584, -445371.5154839605093 ], [ -1889469.001949507044628, -445183.319737167097628 ], [ -1889503.105475003598258, -445014.954254996031523 ], [ -1889486.188096002675593, -444865.556296999100596 ], [ -1889483.718895416008309, -444848.951388149056584 ], [ -1889416.616977469064295, -444871.957760017365217 ] ] ] } },
{ "type": "Feature", "properties": { "ID": 3485, "YEAR": "2019-2020", "Perimtr_KM": 7.5866750316799996, "AREA_KM": 1.9157542410199999, "SCALE": 1, "THICKNES_M": 99.4267245785, "VOLUME_KM": 0.19047716928, "MASS_GT": 0.17466756423, "RECURRANCE": "3-4", "UA_KM": 0.03793337516, "UH_M": 8.2524180993199998, "UC_KM": 0.01457421079, "REGION": "West", "ICESHELF": "Abbot" }, "geometry": { "type": "Polygon", "coordinates": [ [ [ -1889834.365244634682313, -442255.251230833120644 ], [ -1889826.832643412752077, -442360.707647914066911 ], [ -1889796.655462414957583, -442783.188181908335537 ], [ -1889975.408018002519384, -442814.944104996044189 ], [ -1890384.064081005286425, -443335.008762001059949 ], [ -1890708.686184777645394, -443864.108108634594828 ], [ -1890959.545375001616776, -444272.981786997523159 ], [ -1891319.570742002455518, -444294.895423998590559 ], [ -1891549.739109, -444262.945339998695999 ], [ -1891559.706839062971994, -444023.474625807255507 ], [ -1891569.742983584757894, -443782.36028158525005 ], [ -1891579.756738242227584, -443541.783844971563667 ], [ -1891604.576870004180819, -442945.490140999201685 ], [ -1891863.640384609811008, -442637.162733926437795 ], [ -1891500.280418402981013, -442812.113828764297068 ], [ -1891196.001051910221577, -442958.618708928115666 ], [ -1891024.390178862959146, -443161.431558888405561 ], [ -1890650.349678430706263, -442700.404895558021963 ], [ -1890325.969069818034768, -442365.211599998176098 ], [ -1890147.428672587499022, -442180.719856196083128 ], [ -1889929.496236727340147, -442096.899688554462045 ], [ -1889845.676069085719064, -442096.899688554462045 ], [ -1889834.365244634682313, -442255.251230833120644 ] ] ] } },
{ "type": "Feature", "properties": { "ID": 3488, "YEAR": "2019-2020", "Perimtr_KM": 15.8959839475, "AREA_KM": 3.0502775036399998, "SCALE": 1, "THICKNES_M": 99.4267245785, "VOLUME_KM": 0.30327910124000002, "MASS_GT": 0.27810693584000001, "RECURRANCE": "6-8", "UA_KM": 0.07947991974, "UH_M": 8.2524180993199998, "UC_KM": 0.02320516189, "REGION": "West", "ICESHELF": "Abbot" }, "geometry": { "type": "Polygon", "coordinates": [ [ [ -1880138.699508587596938, -438569.909203229472041 ], [ -1880147.410458005266264, -438658.094912001397461 ], [ -1880264.097175001166761, -438996.437211998738348 ], [ -1880491.134645963553339, -439250.574235688429326 ], [ -1880613.495856998953968, -439387.540674998890609 ], [ -1880691.361436027102172, -439654.06061848718673 ], [ -1880740.556309999898076, -439822.445868998300284 ], [ -1880757.206691006664187, -439843.322872008662671 ], [ -1880900.519429004285485, -440023.014884000178427 ], [ -1880891.284037952544168, -440263.838297782931477 ], [ -1880891.172932496760041, -440266.735499993897974 ], [ -1880884.652611999306828, -440436.760334999766201 ], [ -1881061.06907500163652, -440980.088663998991251 ], [ -1881110.266334326239303, -441082.433423525188118 ], [ -1881197.954630001680925, -441264.850852000061423 ], [ -1881255.506315978243947, -441310.593067039735615 ], [ -1881674.058787005254999, -441643.259552997536957 ], [ -1881971.266800003359094, -441897.486474812030792 ], [ -1881995.184347967850044, -441917.945158059708774 ], [ -1882044.915315000806004, -441960.484221997205168 ], [ -1882057.216721807606518, -441980.71916619502008 ], [ -1882127.659483389463276, -442096.592527001164854 ], [ -1882373.204642000142485, -442500.496946997009218 ], [ -1883022.971939268521965, -442798.071510002948344 ], [ -1883114.73415400320664, -442840.095941001549363 ], [ -1883397.416930462932214, -443270.808388828765601 ], [ -1883434.72866800474003, -443327.6587919970043 ], [ -1883585.420707108918577, -443862.63082948513329 ], [ -1883644.885145004838705, -444073.735620998311788 ], [ -1883778.376604999182746, -444241.758652997203171 ], [ -1883862.381616833619773, -444324.183111867401749 ], [ -1884278.02459700522013, -444732.005775998812169 ], [ -1884282.344160492531955, -444736.337616817560047 ], [ -1883893.486446880269796, -443990.495772674679756 ], [ -1883831.204516557278112, -443750.265470000449568 ], [ -1883725.389202997786924, -443342.120689121074975 ], [ -1883719.996899999678135, -443321.321806131396443 ], [ -1883711.787955461535603, -443289.658734331838787 ], [ -1883523.069039381342009, -442561.742915172595531 ], [ -1882782.234224377200007, -442244.242280167061836 ], [ -1882200.149726872332394, -441503.407465162687004 ], [ -1881459.314911867957562, -440392.155242659617215 ], [ -1880903.688800619682297, -439069.235930157359689 ], [ -1880710.92981613567099, -438963.677438645157963 ], [ -1880119.138907257234678, -438371.886529773939401 ], [ -1880138.699508587596938, -438569.909203229472041 ] ] ] } },
{ "type": "Feature", "properties": { "ID": 3491, "YEAR": "2019-2020", "Perimtr_KM": 16.952771990700001, "AREA_KM": 1.87153092104, "SCALE": 1, "THICKNES_M": 99.4267245785, "VOLUME_KM": 0.18608018943, "MASS_GT": 0.1706355337, "RECURRANCE": "6-8", "UA_KM": 0.08476385995000001, "UH_M": 8.2524180993199998, "UC_KM": 0.01423777934, "REGION": "West", "ICESHELF": "Abbot" }, "geometry": { "type": "Polygon", "coordinates": [ [ [ -1875512.673270625062287, -424892.484353471081704 ], [ -1875616.404144005384296, -425183.990311998873949 ], [ -1875731.022257998818532, -425784.535500999074429 ], [ -1875959.171578005421907, -426616.715343999676406 ], [ -1875956.989787916420028, -426679.062562696635723 ], [ -1875949.433874005451798, -426894.981691998429596 ], [ -1876292.156856045126915, -427643.855146592482924 ], [ -1876459.31915300199762, -428009.116343996953219 ], [ -1876485.078959653154016, -428755.891273620538414 ], [ -1876489.26790399895981, -428877.328467001207173 ], [ -1876676.394171581836417, -429165.800157683435827 ], [ -1876743.235733002889901, -429268.842335995752364 ], [ -1876720.304728001588956, -429518.115331997629255 ], [ -1876840.714156004600227, -430084.122735999524593 ], [ -1876988.748366713291034, -430901.960808914154768 ], [ -1877018.265502004185691, -431065.032823999878019 ], [ -1877048.146610709838569, -431128.327468840871006 ], [ -1877113.393654998857528, -431266.534807002171874 ], [ -1877099.541962242685258, -431388.616524124052376 ], [ -1877225.973111854866147, -431316.928758871741593 ], [ -1877120.139566855272278, -429332.549790114630014 ], [ -1876643.888614349998534, -428194.839181355200708 ], [ -1876548.912949229124933, -428039.590497982222587 ], [ -1876568.561514853034168, -427847.471189693082124 ], [ -1876250.044877825537696, -427109.853714457247406 ], [ -1876082.40454254229553, -426204.59590394468978 ], [ -1875881.236140200868249, -425483.742462241556495 ], [ -1875713.595804924145341, -424762.88902053097263 ], [ -1875244.202866139123216, -423807.339109428226948 ], [ -1875152.328995687887073, -423724.356258699670434 ], [ -1874846.615172188729048, -423448.227643929887563 ], [ -1875146.328133002156392, -423862.976098001934588 ], [ -1875512.673270625062287, -424892.484353471081704 ] ] ] } },
{ "type": "Feature", "properties": { "ID": 3494, "YEAR": "2019-2020", "Perimtr_KM": 10.130891498, "AREA_KM": 1.81247612957, "SCALE": 1, "THICKNES_M": 99.4267245785, "VOLUME_KM": 0.18020856494000001, "MASS_GT": 0.16525125405, "RECURRANCE": "5-6", "UA_KM": 0.05065445749, "UH_M": 8.2524180993199998, "UC_KM": 0.01378851661, "REGION": "West", "ICESHELF": "Abbot" }, "geometry": { "type": "Polygon", "coordinates": [ [ [ -1861589.066838041180745, -421950.660026335157454 ], [ -1861203.36324177403003, -422427.714474348817021 ], [ -1861224.326435999246314, -422432.986055001150817 ], [ -1861465.999408000381663, -422473.783775999676436 ], [ -1861860.160733005497605, -422183.365642998367548 ], [ -1862373.758251000428572, -422021.846178999170661 ], [ -1863675.474946000380442, -422283.267583998851478 ], [ -1863937.99283800041303, -422266.550477001350373 ], [ -1864511.07148700277321, -422634.302968999370933 ], [ -1864742.43450900237076, -422607.675379996187985 ], [ -1865547.495645330520347, -422348.350208211224526 ], [ -1865801.99545200378634, -422266.371085002552718 ], [ -1865863.698176931589842, -422219.652705690357834 ], [ -1865634.929132229881361, -422087.207469284534454 ], [ -1865399.074458055896685, -421950.660026335157454 ], [ -1864816.989960551029071, -421924.201640084851533 ], [ -1864208.447076803073287, -422135.86873009102419 ], [ -1862647.402288044570014, -421606.701005079317838 ], [ -1861959.484245540108532, -421791.909708835650235 ], [ -1861589.066838041180745, -421950.660026335157454 ] ] ] } },
{ "type": "Feature", "properties": { "ID": 3497, "YEAR": "2019-2020", "Perimtr_KM": 9.8787150868999998, "AREA_KM": 2.5636959231800001, "SCALE": 1, "THICKNES_M": 99.4267245785, "VOLUME_KM": 0.25489988846, "MASS_GT": 0.23374319771, "RECURRANCE": "3-4", "UA_KM": 0.04939357543, "UH_M": 8.2524180993199998, "UC_KM": 0.01950346448, "REGION": "West", "ICESHELF": "Abbot" }, "geometry": { "type": "Polygon", "coordinates": [ [ [ -1894678.710971803870052, -81854.831807908602059 ], [ -1894148.756957424804568, -82268.195939123164862 ], [ -1895140.946441803360358, -83498.510899764485657 ], [ -1895101.258862428599969, -84133.512169755995274 ], [ -1895061.571283053606749, -85046.326495391316712 ], [ -1895537.822235558880493, -85601.952606639359146 ], [ -1895624.704658617964014, -85601.952606639359146 ], [ -1895939.228122634347528, -85601.952606639359146 ], [ -1895837.432921999599785, -85094.946965998969972 ], [ -1895786.400680001126602, -84746.005912000313401 ], [ -1895735.573914518114179, -84470.23108524363488 ], [ -1895685.905068999156356, -84200.73887699842453 ], [ -1895592.953340857056901, -84067.384201650973409 ], [ -1895546.807928280206397, -84001.18095146631822 ], [ -1895504.584989003371447, -83940.60514000011608 ], [ -1895567.631875269813463, -83894.611317907460034 ], [ -1895616.283840485848486, -83859.118846118450165 ], [ -1895689.752057999605313, -83805.522477995604277 ], [ -1895745.642010605195537, -83554.522012604866177 ], [ -1895820.993303004419431, -83216.12112700054422 ], [ -1895874.857795050600544, -82875.228636795189232 ], [ -1895888.302460001315922, -82790.141316001303494 ], [ -1895806.819463208317757, -82686.940695713274181 ], [ -1895806.693948002299294, -82686.781727000605315 ], [ -1895278.109771323390305, -82745.18432381330058 ], [ -1895144.693633999209851, -82759.925304002128541 ], [ -1895118.70003002951853, -82695.246351902373135 ], [ -1894756.548757671145722, -81794.118334928993136 ], [ -1894678.710971803870052, -81854.831807908602059 ] ] ] } },
{ "type": "Feature", "properties": { "ID": 3500, "YEAR": "2019-2020", "Perimtr_KM": 19.130769425499999, "AREA_KM": 5.7581682445100002, "SCALE": 1, "THICKNES_M": 135.593588829, "VOLUME_KM": 0.78077069735000004, "MASS_GT": 0.71596672946999995, "RECURRANCE": "1-2", "UA_KM": 0.09565384713, "UH_M": 11.254267817300001, "UC_KM": 0.05974005581, "REGION": "West", "ICESHELF": "Abbot" }, "geometry": { "type": "Polygon", "coordinates": [ [ [ -1901054.219341176794842, -60735.549909088760614 ], [ -1901030.725558257196099, -60736.816516395192593 ], [ -1901017.183425147552043, -60737.546605915296823 ], [ -1900950.945803230395541, -60741.117638133466244 ], [ -1900926.956278512952849, -60803.859472007490695 ], [ -1900843.340271509019658, -61022.547490337863564 ], [ -1900459.08207807643339, -62027.530457791406661 ], [ -1900101.893863702658564, -63099.095100919250399 ], [ -1899427.205014323117211, -65758.162919056136161 ], [ -1899480.222901709377766, -66412.050196793861687 ], [ -1899546.26775244763121, -67226.603355939500034 ], [ -1899982.831125578144565, -68139.417681568302214 ], [ -1899987.702525209169835, -68141.710104918573052 ], [ -1899871.248376563889906, -68357.982095272280276 ], [ -1899816.856847896240652, -68458.994934220798314 ], [ -1899810.851614946965128, -68470.1475096992217 ], [ -1900128.352249945746735, -69184.523938446771353 ], [ -1900384.655567098408937, -69401.395976038184017 ], [ -1900432.613919851370156, -69441.976120675448328 ], [ -1900591.841156353475526, -69576.706859254743904 ], [ -1900593.539341148920357, -69551.379291439894587 ], [ -1900594.486839999211952, -69537.247825000900775 ], [ -1900577.855400003027171, -69519.823781998828053 ], [ -1900568.320399664109573, -69509.711576434317976 ], [ -1900559.546300005167723, -69500.406333000399172 ], [ -1900541.378580001648515, -69480.302752996794879 ], [ -1900525.513191001024097, -69461.971485000569373 ], [ -1900516.915541000664234, -69451.400480998214334 ], [ -1900508.834431001683697, -69441.148848997429013 ], [ -1900501.223481001798064, -69430.976928998250514 ], [ -1900494.273746004328132, -69421.007741999346763 ], [ -1900487.828876004321501, -69411.09334799926728 ], [ -1900481.866476000985131, -69401.302881999872625 ], [ -1900476.248936004238203, -69391.514098999556154 ], [ -1900471.086765998974442, -69381.803100999444723 ], [ -1900465.42094600526616, -69370.537999999709427 ], [ -1900459.938526002923027, -69359.032018997706473 ], [ -1900454.548506005201489, -69347.123632999602705 ], [ -1900451.975039665121585, -69341.253501500468701 ], [ -1900449.273806002223864, -69335.091930001508445 ], [ -1900444.121156004490331, -69322.589549001771957 ], [ -1900439.051645998843014, -69309.844895001035184 ], [ -1900434.095536, -69296.882858996279538 ], [ -1900429.066616000374779, -69283.643879998475313 ], [ -1900425.64622024493292, -69273.979753623250872 ], [ -1900424.275726000545546, -69270.107503001112491 ], [ -1900419.499906002776697, -69256.172810998279601 ], [ -1900410.17216599942185, -69227.393548998981714 ], [ -1900401.043336000293493, -69196.941253997851163 ], [ -1900179.069417003309354, -68501.467164999805391 ], [ -1900091.148970002774149, -67918.873282999265939 ], [ -1900224.490267000393942, -67439.074545999988914 ], [ -1900321.323288, -67378.017194000072777 ], [ -1900333.152961003128439, -66782.214339001569897 ], [ -1900318.187755978666246, -66604.967255444731563 ], [ -1900315.559283991344273, -66573.835774614475667 ], [ -1900265.381691140122712, -65979.535063177812845 ], [ -1900260.921222798526287, -65926.70551602775231 ], [ -1900256.650215098401532, -65876.119930472690612 ], [ -1900228.732799553312361, -65545.467562050092965 ], [ -1900205.332939001964405, -65268.320872002281249 ], [ -1900266.924711947096512, -65132.932901896070689 ], [ -1900662.460837134858593, -64263.485075791366398 ], [ -1900670.179510871181265, -64246.51827132049948 ], [ -1900674.265092819230631, -64237.537548414897174 ], [ -1900818.89892971329391, -63919.610646014567465 ], [ -1900973.37922900239937, -63580.039740001782775 ], [ -1900993.386152000632137, -62906.531323999166489 ], [ -1901103.116358002880588, -62285.708553000353277 ], [ -1901243.610925301676616, -61665.979616825468838 ], [ -1901262.041706999531016, -61584.680468000937253 ], [ -1901302.112199466442689, -61507.367844120133668 ], [ -1901371.274900352815166, -61373.924266294110566 ], [ -1901491.784967000363395, -61141.410291996318847 ], [ -1901406.109326998936012, -60995.973222996108234 ], [ -1901387.502455846173689, -60968.446525143925101 ], [ -1901337.808765445370227, -60894.930500358343124 ], [ -1901223.891035999869928, -60726.402492996770889 ], [ -1901054.219341176794842, -60735.549909088760614 ] ] ] } },
{ "type": "Feature", "properties": { "ID": 3503, "YEAR": "2019-2020", "Perimtr_KM": 16.792812678699999, "AREA_KM": 10.8843513322, "SCALE": 2, "THICKNES_M": 319.45534992500001, "VOLUME_KM": 3.47706426353, "MASS_GT": 3.1884679296599998, "RECURRANCE": "2-3", "UA_KM": 0.08396406339, "UH_M": 26.514793912999998, "UC_KM": 0.26604483732, "REGION": "West", "ICESHELF": "Venable" }, "geometry": { "type": "Polygon", "coordinates": [ [ [ -1872869.579435200896114, 69984.622621890157461 ], [ -1872762.176711056614295, 69845.739788946229964 ], [ -1872739.293800001498312, 69816.149817750323564 ], [ -1872631.432419260032475, 69676.673894377890974 ], [ -1872583.111695610452443, 69614.190200000535697 ], [ -1872324.67521090968512, 69280.005090466700494 ], [ -1872300.744511400349438, 69249.060220411978662 ], [ -1873326.006978587945923, 67959.213890711776912 ], [ -1873619.052289059152827, 67582.441348681226373 ], [ -1873689.310462701600045, 67492.109411140903831 ], [ -1873822.210700004594401, 67321.23767746752128 ], [ -1873983.907799998065457, 67113.341406047344208 ], [ -1874458.219238585326821, 66503.512413579039276 ], [ -1874805.117238033562899, 66057.500700001604855 ], [ -1874946.583136405097321, 65875.615973521023989 ], [ -1875389.558216736884788, 64918.789799998048693 ], [ -1875773.407706718426198, 64089.674901645164937 ], [ -1875932.157339973375201, 64027.938933158759028 ], [ -1876892.477991743478924, 63654.480901918374002 ], [ -1876878.951812046114355, 63958.89348794799298 ], [ -1876839.988911126041785, 64835.770602740347385 ], [ -1876832.444431999465451, 65005.562403003685176 ], [ -1876421.77446500165388, 65785.428066002205014 ], [ -1876189.165270001860335, 67412.536868001334369 ], [ -1875821.080973, 68029.557137000374496 ], [ -1875726.609031002270058, 68439.119025998748839 ], [ -1874968.949758052360266, 68680.542815359309316 ], [ -1874949.476680582854897, 68686.747800002805889 ], [ -1874925.462921004975215, 68694.399647002574056 ], [ -1874236.554399149492383, 69183.506275129038841 ], [ -1874182.77330000163056, 69221.689417343121022 ], [ -1874102.306935999542475, 69278.818384001497179 ], [ -1873870.725300000747666, 69520.850363655947149 ], [ -1873608.913688005181029, 69794.476476001553237 ], [ -1873584.8646870048251, 69831.802544002886862 ], [ -1873345.190182725898921, 69852.242851820308715 ], [ -1873227.511813566088676, 69862.278888385277241 ], [ -1873044.372592005413026, 69877.897662998642772 ], [ -1872948.829812695505098, 69962.253475063480437 ], [ -1872891.455166779924184, 70012.910205830819905 ], [ -1872869.579435200896114, 69984.622621890157461 ] ] ] } },
{ "type": "Feature", "properties": { "ID": 3506, "YEAR": "2019-2020", "Perimtr_KM": 7.5129564230600003, "AREA_KM": 2.2849701715799999, "SCALE": 1, "THICKNES_M": 231.40122984199999, "VOLUME_KM": 0.52874490785999995, "MASS_GT": 0.4848590805, "RECURRANCE": "2-3", "UA_KM": 0.03756478212, "UH_M": 19.206301982199999, "UC_KM": 0.04045650075, "REGION": "West", "ICESHELF": "Venable" }, "geometry": { "type": "Polygon", "coordinates": [ [ [ -1867728.754840470850468, 86033.529899998102337 ], [ -1867769.351877453736961, 85764.113200004212558 ], [ -1867824.281970226205885, 85399.577129779849201 ], [ -1867835.891831690445542, 85322.529867355711758 ], [ -1867868.862940968712792, 85201.635799999348819 ], [ -1867881.123056545853615, 85156.682042894419283 ], [ -1867990.087499607820064, 84757.145751649513841 ], [ -1868019.314399996306747, 84649.980450225062668 ], [ -1868067.362943826941773, 84473.802456172648817 ], [ -1868068.078199999872595, 84471.179850207176059 ], [ -1868156.458099996205419, 84147.120216889772564 ], [ -1868178.535629275487736, 84066.169276199303567 ], [ -1868179.815900000510737, 84061.474950220901519 ], [ -1868232.767625445732847, 83867.318623590283096 ], [ -1868347.249799999408424, 83752.836449036840349 ], [ -1868861.154298884561285, 83238.931950158439577 ], [ -1868994.591100000310689, 83166.148240459151566 ], [ -1869030.359679125947878, 83146.638106393627822 ], [ -1868994.591100000310689, 83268.331585220526904 ], [ -1868970.140359854325652, 83351.519000000320375 ], [ -1868945.82730000349693, 83434.23799266340211 ], [ -1868931.204268, 83483.989134001545608 ], [ -1868908.405434999149293, 83826.972377004101872 ], [ -1868933.229209815151989, 83851.755390184931457 ], [ -1869130.255038003670052, 84048.457694001495838 ], [ -1868870.928695004899055, 84848.022259999997914 ], [ -1868683.962709998944774, 85427.593230003025383 ], [ -1868709.12334300018847, 85841.036163999699056 ], [ -1868090.306642001727596, 86200.122891001868993 ], [ -1867860.686627308372408, 86229.120346900075674 ], [ -1867843.512335139326751, 86231.289194331038743 ], [ -1867696.151336375856772, 86249.89860896859318 ], [ -1867728.754840470850468, 86033.529899998102337 ] ] ] } },
{ "type": "Feature", "properties": { "ID": 3509, "YEAR": "2019-2020", "Perimtr_KM": 11.1135030297, "AREA_KM": 1.5818360362599999, "SCALE": 1, "THICKNES_M": 59.557341575599999, "VOLUME_KM": 0.09420994913, "MASS_GT": 0.08639052335, "RECURRANCE": "3-4", "UA_KM": 0.05556751515, "UH_M": 4.9432593263999998, "UC_KM": 0.00720840016, "REGION": "West", "ICESHELF": "Venable" }, "geometry": { "type": "Polygon", "coordinates": [ [ [ -1848740.175581474089995, 133186.338956925086677 ], [ -1848761.141598858637735, 132143.279592190869153 ], [ -1848789.317673025652766, 132039.540410029701889 ], [ -1849004.639852917054668, 131246.763293145690113 ], [ -1849090.420220532920212, 130930.935576028656214 ], [ -1849129.950336476787925, 130785.392876418773085 ], [ -1849431.702939978567883, 130248.94380351761356 ], [ -1849505.016366917639971, 130223.353267700411379 ], [ -1850006.735988394357264, 130048.224720585159957 ], [ -1849710.492084999103099, 131091.756800000090152 ], [ -1849505.057801804039627, 131093.076598902698606 ], [ -1849177.583467001561075, 131095.180436001624912 ], [ -1849101.246388004859909, 133189.649382004048675 ], [ -1849046.571949004894122, 133439.455745931714773 ], [ -1848834.983764003263786, 134406.197721004486084 ], [ -1848813.231989267747849, 134759.949629651848227 ], [ -1848804.323886999860406, 134904.82324199937284 ], [ -1848721.633601002860814, 135003.09064200008288 ], [ -1848703.406832687091082, 135015.584208841435611 ], [ -1848740.175581474089995, 133186.338956925086677 ] ] ] } },
{ "type": "Feature", "properties": { "ID": 3512, "YEAR": "2019-2020", "Perimtr_KM": 6.4209146687200001, "AREA_KM": 1.2615523967, "SCALE": 1, "THICKNES_M": 329.80198160800001, "VOLUME_KM": 0.41606248032999998, "MASS_GT": 0.38152929447, "RECURRANCE": "5-6", "UA_KM": 0.03210457334, "UH_M": 27.3735643385, "UC_KM": 0.03183469344, "REGION": "West", "ICESHELF": "Alison" }, "geometry": { "type": "Polygon", "coordinates": [ [ [ -1752795.657669751904905, 257761.441872316412628 ], [ -1752630.564171017846093, 256845.172954338602722 ], [ -1752479.497949423966929, 256347.543047901242971 ], [ -1752473.496904878178611, 256327.774901166558266 ], [ -1752349.443817114224657, 255919.129435571376234 ], [ -1752266.761360078351572, 255456.107676211278886 ], [ -1752288.798156245611608, 255238.8878283072263 ], [ -1752320.789825938176364, 254923.541369946207851 ], [ -1752462.914199960650876, 254995.2957245525904 ], [ -1752601.648181955562904, 255065.338371417950839 ], [ -1752643.909176004817709, 255086.674685998354107 ], [ -1752928.326986003434286, 255729.504931000526994 ], [ -1752890.114267664961517, 255923.112617135513574 ], [ -1752880.660242301411927, 255971.012166142463684 ], [ -1752835.360665999120101, 256200.525965000502765 ], [ -1752947.231412866618484, 256484.585051489528269 ], [ -1753022.601141878403723, 256675.961769455112517 ], [ -1753035.851552000967786, 256709.606842003762722 ], [ -1753093.134500359417871, 256933.436846980359405 ], [ -1753192.770448005059734, 257322.758892997633666 ], [ -1753257.229923429666087, 257578.676576876547188 ], [ -1753262.544614001875743, 257599.777017004322261 ], [ -1752797.432610603049397, 257771.29279405483976 ], [ -1752795.657669751904905, 257761.441872316412628 ] ] ] } },
{ "type": "Feature", "properties": { "ID": 3516, "YEAR": "2019-2020", "Perimtr_KM": 11.280683799, "AREA_KM": 5.3058443664599997, "SCALE": 1, "THICKNES_M": 281.33973039900002, "VOLUME_KM": 1.4927448236, "MASS_GT": 1.36884700324, "RECURRANCE": "5-6", "UA_KM": 0.056403419, "UH_M": 23.351197507999998, "UC_KM": 0.11421619609, "REGION": "East", "ICESHELF": "West" }, "geometry": { "type": "Polygon", "coordinates": [ [ [ 2559159.187597762793303, 55596.605069880373776 ], [ 2559226.004343995824456, 55576.136023002676666 ], [ 2559247.171054007485509, 55353.885579004418105 ], [ 2559151.920864, 55237.468678998760879 ], [ 2559226.286288000643253, 54973.53909699851647 ], [ 2559491.126348567195237, 54776.12962391693145 ], [ 2559554.875821995548904, 54728.611321995500475 ], [ 2558127.371795004233718, 53855.363682991359383 ], [ 2556979.672344004735351, 53433.313692011404783 ], [ 2556759.186203994788229, 53799.320681999437511 ], [ 2556512.705121003091335, 54075.301107003353536 ], [ 2556010.243415008299053, 53707.009272005409002 ], [ 2555863.92828369140625, 53793.965515146497637 ], [ 2555388.922393032349646, 54711.810194868128747 ], [ 2555818.337771133519709, 54801.27173197362572 ], [ 2556188.755178633145988, 55515.648160721641034 ], [ 2556506.255813645198941, 55171.689139465801418 ], [ 2556850.214834894053638, 55039.397208216134459 ], [ 2557485.216104892082512, 55145.230753215961158 ], [ 2558557.657790650613606, 55819.831168454140425 ], [ 2558950.226316005922854, 55660.619534997735173 ], [ 2559159.187597762793303, 55596.605069880373776 ] ] ] } },
{ "type": "Feature", "properties": { "ID": 3519, "YEAR": "2019-2020", "Perimtr_KM": 10.8022134736, "AREA_KM": 4.5597657481200002, "SCALE": 1, "THICKNES_M": 267.26594573, "VOLUME_KM": 1.2186701049799999, "MASS_GT": 1.1175204862699999, "RECURRANCE": "3-4", "UA_KM": 0.05401106737, "UH_M": 22.1830733862, "UC_KM": 0.09324558456, "REGION": "East", "ICESHELF": "West" }, "geometry": { "type": "Polygon", "coordinates": [ [ [ 2562391.308489164337516, 60256.755118913948536 ], [ 2562679.993281129747629, 60160.526854925323278 ], [ 2562680.555173004046082, 59920.570897005032748 ], [ 2562462.219030998647213, 59851.825662008021027 ], [ 2562454.094857996329665, 59432.216297007165849 ], [ 2562735.864326995797455, 59194.145409005694091 ], [ 2562316.879388994537294, 58802.059269010089338 ], [ 2562312.845230005681515, 58550.225324008613825 ], [ 2561933.039363007992506, 58155.680402013938874 ], [ 2562085.887777269817889, 58031.127948949113488 ], [ 2562252.272146007046103, 57895.545375994406641 ], [ 2561861.030853000469506, 57722.662014007102698 ], [ 2561457.244601001031697, 57108.137606010772288 ], [ 2561306.286303003318608, 56889.022799010854214 ], [ 2561146.737167000770569, 56949.125550367869437 ], [ 2560095.504448001272976, 57345.128815005067736 ], [ 2560094.497216336429119, 57342.694671749603003 ], [ 2560092.099764248356223, 57361.874288430903107 ], [ 2559998.762798647396266, 58108.570013226475567 ], [ 2560289.805047396570444, 58478.9874207386747 ], [ 2560501.472137409262359, 58690.65451073134318 ], [ 2561057.098248656839132, 58690.65451073134318 ], [ 2561401.057269905693829, 58955.238373230211437 ], [ 2561453.974042406305671, 59325.655780735891312 ], [ 2561612.724359905347228, 59563.781256985384971 ], [ 2561665.641132405027747, 60357.53284449595958 ], [ 2562088.975312417373061, 60357.53284449595958 ], [ 2562391.308489164337516, 60256.755118913948536 ] ] ] } },
{ "type": "Feature", "properties": { "ID": 3522, "YEAR": "2019-2020", "Perimtr_KM": 13.900146660600001, "AREA_KM": 3.4507712973600002, "SCALE": 1, "THICKNES_M": 253.19216106, "VOLUME_KM": 0.8737082421, "MASS_GT": 0.80119045801, "RECURRANCE": "6-8", "UA_KM": 0.0695007333, "UH_M": 21.014949264399998, "UC_KM": 0.06685109895000001, "REGION": "East", "ICESHELF": "West" }, "geometry": { "type": "Polygon", "coordinates": [ [ [ 2563988.399389368481934, 65703.52827821765095 ], [ 2564046.895894911140203, 65649.210094498936087 ], [ 2564708.355551172047853, 65569.834935755934566 ], [ 2565084.831306341104209, 65381.59705817187205 ], [ 2565125.658467962406576, 65361.183477360755205 ], [ 2565109.503866964019835, 65361.12408518511802 ], [ 2564342.494339998811483, 65358.304184990935028 ], [ 2564201.409684006124735, 65152.016341007780284 ], [ 2564312.426911008544266, 64810.52966099511832 ], [ 2564463.771908006630838, 64561.629155001137406 ], [ 2564285.823772004805505, 64150.515368004795164 ], [ 2563863.484267998486757, 63881.252684009727091 ], [ 2563822.645422997884452, 63036.971041995100677 ], [ 2563682.516644994728267, 62803.619085002224892 ], [ 2563581.129663004539907, 61133.219163005240262 ], [ 2563331.917284997180104, 60856.712029005400836 ], [ 2563313.011283002793789, 60451.675231001805514 ], [ 2562955.51933607365936, 60394.544722123537213 ], [ 2562935.643672415055335, 60516.283161988947541 ], [ 2562947.670460044406354, 60616.506392223760486 ], [ 2562957.081799996085465, 60694.934225160162896 ], [ 2563006.124309262260795, 61103.621802363079041 ], [ 2563015.018831164576113, 61177.742818243335932 ], [ 2563147.310762413777411, 61601.076998242177069 ], [ 2563147.310762413777411, 62262.53665450355038 ], [ 2563152.165040833875537, 62299.752789052203298 ], [ 2563385.43623866327107, 64088.16530576068908 ], [ 2563398.506795599125326, 64340.862739903852344 ], [ 2563454.588356604799628, 65425.106252655852586 ], [ 2563460.0936808148399, 65531.542520633433014 ], [ 2563464.811397412791848, 65622.751708249095827 ], [ 2563676.478487412445247, 65993.16911576827988 ], [ 2563988.399389368481934, 65703.52827821765095 ] ] ] } },
{ "type": "Feature", "properties": { "ID": 3525, "YEAR": "2019-2020", "Perimtr_KM": 12.010237867200001, "AREA_KM": 2.3044466085800002, "SCALE": 1, "THICKNES_M": 319.10907609499998, "VOLUME_KM": 0.73536982816999996, "MASS_GT": 0.67433413243999996, "RECURRANCE": "6-8", "UA_KM": 0.06005118934, "UH_M": 26.486053185300001, "UC_KM": 0.05626624401, "REGION": "East", "ICESHELF": "West" }, "geometry": { "type": "Polygon", "coordinates": [ [ [ 2571869.665907519869506, 64421.57601943006739 ], [ 2571599.085513001307845, 64265.237454002257437 ], [ 2571476.570173323154449, 64038.10376463085413 ], [ 2571825.661452452652156, 65252.334300756920129 ], [ 2572037.277174947783351, 65562.70402708183974 ], [ 2572619.413039950653911, 66416.503295760136098 ], [ 2573016.288833699189126, 67501.297132006380707 ], [ 2572321.010686174966395, 68246.238004365935922 ], [ 2572275.454018701799214, 68295.048719517420977 ], [ 2572324.693841984495521, 68313.513653251808137 ], [ 2572698.788198700174689, 68453.799037023447454 ], [ 2573200.86592869181186, 68792.701504754368216 ], [ 2573213.762390002608299, 68332.133154994342476 ], [ 2573309.516148, 68022.509476996026933 ], [ 2573241.030433994717896, 67384.11363300960511 ], [ 2573274.231224003247917, 67012.655808999668807 ], [ 2573005.714654000476003, 66909.21891701547429 ], [ 2572889.640784004703164, 66361.90223400760442 ], [ 2573150.132751999422908, 66129.199088007677346 ], [ 2573044.666654001921415, 65806.314671005122364 ], [ 2572691.311047000810504, 65732.878859012853354 ], [ 2572688.422235997393727, 65086.993781997822225 ], [ 2572404.489795004017651, 65033.923462992999703 ], [ 2572203.023236998356879, 64850.285460995975882 ], [ 2572035.494796997867525, 64517.390244009904563 ], [ 2571869.665907519869506, 64421.57601943006739 ] ] ] } },
{ "type": "Feature", "properties": { "ID": 3529, "YEAR": "2019-2020", "Perimtr_KM": 13.6989031114, "AREA_KM": 2.607098679, "SCALE": 1, "THICKNES_M": 258.40918731699998, "VOLUME_KM": 0.6736982509, "MASS_GT": 0.61778129607, "RECURRANCE": "5-6", "UA_KM": 0.06849451556, "UH_M": 21.447962441600001, "UC_KM": 0.05154749178, "REGION": "East", "ICESHELF": "West" }, "geometry": { "type": "Polygon", "coordinates": [ [ [ 2569332.242158998735249, 255513.766015993896872 ], [ 2569535.428028480149806, 255131.814224065747112 ], [ 2569969.342731781303883, 254316.134969938080758 ], [ 2569226.939921675249934, 254905.157939747907221 ], [ 2569099.939667670987546, 254862.824521750677377 ], [ 2568697.772196663543582, 254756.990976750850677 ], [ 2568210.937889662571251, 255476.659082736354321 ], [ 2568210.113883746787906, 255489.293840168043971 ], [ 2568147.437762659974396, 256450.327696758788079 ], [ 2567851.103836666792631, 257318.162765754852444 ], [ 2567321.936111668124795, 257656.830109752248973 ], [ 2566623.434714668430388, 258503.498469762969762 ], [ 2565924.93331765383482, 259074.999612751416862 ], [ 2565945.253880499862134, 259352.713971589226276 ], [ 2566223.586965998634696, 259091.555911005940288 ], [ 2566488.852453998290002, 259004.415697007440031 ], [ 2566515.430134996771812, 258948.890091999433935 ], [ 2567692.83753199595958, 257759.100709992460907 ], [ 2569332.242158998735249, 255513.766015993896872 ] ] ] } },
{ "type": "Feature", "properties": { "ID": 3532, "YEAR": "2019-2020", "Perimtr_KM": 4.6297544849700003, "AREA_KM": 1.24618746481, "SCALE": 1, "THICKNES_M": 349.126352946, "VOLUME_KM": 0.43507688468, "MASS_GT": 0.39896550325000002, "RECURRANCE": "3-4", "UA_KM": 0.02314877242, "UH_M": 28.977487151599998, "UC_KM": 0.03328956563, "REGION": "East", "ICESHELF": "West" }, "geometry": { "type": "Polygon", "coordinates": [ [ [ 2484392.218573070131242, 351456.248418908566236 ], [ 2484363.822115675546229, 351419.900953448843211 ], [ 2483992.360037555918097, 351386.882102060131729 ], [ 2483619.680002391338348, 351353.754987824242562 ], [ 2483313.281858570873737, 351368.006064278073609 ], [ 2483331.645151001401246, 351378.691318991128355 ], [ 2483675.976104310713708, 352101.428535347804427 ], [ 2483733.660069693811238, 352222.504924697335809 ], [ 2483772.380376687273383, 352303.777336094062775 ], [ 2483882.135893732309341, 352534.149877715390176 ], [ 2483894.811480008065701, 352560.755438010208309 ], [ 2484404.478203997947276, 352599.171250994317234 ], [ 2484623.823716006241739, 352708.713754998985678 ], [ 2484678.116117004305124, 352423.646909005474299 ], [ 2484709.806719997897744, 352178.874477007891983 ], [ 2484804.248106313869357, 352111.15091124875471 ], [ 2484777.2344008423388, 351949.068678460549563 ], [ 2484392.218573070131242, 351456.248418908566236 ] ] ] } },
{ "type": "Feature", "properties": { "ID": 3535, "YEAR": "2019-2020", "Perimtr_KM": 7.7047197539300001, "AREA_KM": 1.1042593676300001, "SCALE": 1, "THICKNES_M": 250.34380340600001, "VOLUME_KM": 0.27644449004, "MASS_GT": 0.25349959737, "RECURRANCE": "1-2", "UA_KM": 0.03852359877, "UH_M": 20.7785355802, "UC_KM": 0.02115193272, "REGION": "East", "ICESHELF": "West" }, "geometry": { "type": "Polygon", "coordinates": [ [ [ 2462703.189472199417651, 360645.096646262798458 ], [ 2462774.42287599761039, 360601.880877996329218 ], [ 2462777.048130833543837, 360456.584499338176101 ], [ 2462705.252237914130092, 360479.20512313162908 ], [ 2462554.153946927748621, 360526.811433992348611 ], [ 2462171.85064840875566, 360647.263158177025616 ], [ 2461758.438363241963089, 360680.336140986066312 ], [ 2461080.442215589806437, 360581.117192545440048 ], [ 2460369.373085115104914, 360448.825261295773089 ], [ 2459884.45903468132019, 360567.359806959051639 ], [ 2459625.230971830897033, 360630.72666676575318 ], [ 2459372.961617854423821, 360684.878707701805979 ], [ 2459162.139506297186017, 360730.133699774276465 ], [ 2459592.328269004821777, 360889.566277998499572 ], [ 2459845.367785518057644, 360871.580935115925968 ], [ 2459974.51566699706018, 360862.401464005466551 ], [ 2460324.652674998156726, 360734.811490999069065 ], [ 2460787.345763717778027, 360987.867976692505181 ], [ 2460811.909775002859533, 361001.302546001505107 ], [ 2460813.012611599639058, 361001.176709169521928 ], [ 2461193.609732998535037, 360957.749481014441699 ], [ 2461880.040598999708891, 361070.060538007412106 ], [ 2462274.775653996504843, 360905.006061005406082 ], [ 2462703.189472199417651, 360645.096646262798458 ] ] ] } },
{ "type": "Feature", "properties": { "ID": 3538, "YEAR": "2019-2020", "Perimtr_KM": 52.764883290299998, "AREA_KM": 145.51271773299999, "SCALE": 3, "THICKNES_M": 123.252947058, "VOLUME_KM": 17.934871295000001, "MASS_GT": 16.446276977499998, "RECURRANCE": ">8", "UA_KM": 0.26382441645, "UH_M": 10.229994555399999, "UC_KM": 1.3722725708600001, "REGION": "East", "ICESHELF": "West" }, "geometry": { "type": "Polygon", "coordinates": [ [ [ 2474960.443560361862183, 362892.78265983145684 ], [ 2475028.086157996207476, 362872.256310000084341 ], [ 2475066.320668334141374, 362770.808085164986551 ], [ 2475176.399417008273304, 362478.734418004751205 ], [ 2475223.409847810864449, 362469.49434394063428 ], [ 2475715.211145156994462, 362372.82897977437824 ], [ 2475752.31521799787879, 362365.536037008278072 ], [ 2476452.766001161187887, 361770.953485040459782 ], [ 2476535.302664995193481, 361700.891660006251186 ], [ 2476594.799691170454025, 361695.428766627795994 ], [ 2476873.817585994489491, 361669.809923000168055 ], [ 2476901.938014806248248, 361615.843344006221741 ], [ 2477135.420748815871775, 361167.761115479283035 ], [ 2477151.088979999534786, 361137.691843010019511 ], [ 2478218.072202996350825, 360680.615088005550206 ], [ 2478281.817603006027639, 360620.933904010802507 ], [ 2478355.333839004859328, 360353.758583998773247 ], [ 2478834.009157994762063, 360221.209679997060448 ], [ 2479250.099910002201796, 359969.216208008583635 ], [ 2479346.24856900703162, 359780.451057004742324 ], [ 2479361.435276005417109, 359642.123884010128677 ], [ 2479683.64155700802803, 359280.015147005673498 ], [ 2480359.130866999737918, 358937.156589008402079 ], [ 2480521.365803997032344, 358755.866359008941799 ], [ 2480783.255387996323407, 358559.694437003228813 ], [ 2480641.831907007843256, 358454.178528014104813 ], [ 2480634.002983001992106, 356728.043859991244972 ], [ 2480764.248939, 356579.908720997627825 ], [ 2480760.662585995160043, 356561.742574995849282 ], [ 2480826.747964999638498, 356336.972304006107152 ], [ 2480993.34448700491339, 356270.148842013906687 ], [ 2481077.016899001784623, 356063.505529991351068 ], [ 2481295.559613997116685, 355564.81480700802058 ], [ 2481588.612333996221423, 355613.488884006161243 ], [ 2481800.302567000500858, 355628.544945005793124 ], [ 2481869.724358996376395, 355378.352557016070932 ], [ 2481852.461148995906115, 355333.509467008523643 ], [ 2481850.388559000566602, 355114.453188004903495 ], [ 2482068.075979998335242, 354706.503688014578074 ], [ 2482249.640696000307798, 354589.396935005672276 ], [ 2482269.143482999876142, 354067.699183004908264 ], [ 2482720.765541007742286, 353810.90110100666061 ], [ 2482639.458202998153865, 353328.969125998206437 ], [ 2482638.349708062596619, 353277.913177482318133 ], [ 2482633.093176758848131, 353035.80364372767508 ], [ 2482621.4880615985021, 352501.285944572184235 ], [ 2482620.828453998081386, 352470.905209006275982 ], [ 2482307.841651001945138, 351784.228165003005415 ], [ 2482271.488150007091463, 351504.59870999539271 ], [ 2482704.40827077627182, 351071.730597867164761 ], [ 2482579.149213774129748, 350825.851708211004734 ], [ 2482544.808060990646482, 350758.441297194454819 ], [ 2482081.786301610060036, 350146.591115166898817 ], [ 2481784.129456302151084, 349121.328647979069501 ], [ 2481618.764542230404913, 348774.062328443862498 ], [ 2481271.498222694732249, 348261.431094850413501 ], [ 2481073.06032582744956, 347484.215998743660748 ], [ 2479799.750487531535327, 346673.927919841837138 ], [ 2479568.239607841707766, 345995.93177217617631 ], [ 2478906.779951593838632, 345433.691064368933439 ], [ 2478113.0283640967682, 345169.107201869599521 ], [ 2477848.444501597434282, 344904.523339357227087 ], [ 2477650.006604716181755, 344656.475968255661428 ], [ 2477650.006604716181755, 344094.235260448418558 ], [ 2477319.27677658572793, 343746.968940913211554 ], [ 2476988.546948468312621, 343879.260872169397771 ], [ 2476327.087292206473649, 344094.235260448418558 ], [ 2475996.357464089989662, 344854.913865136913955 ], [ 2475103.386928138323128, 346177.833177652675658 ], [ 2474458.463763294741511, 347087.340204995125532 ], [ 2474045.051478141918778, 347583.434947184287012 ], [ 2473482.810770320706069, 348707.916362805757672 ], [ 2472622.913217192515731, 349799.324795624706894 ], [ 2472837.887605478055775, 350113.518132357858121 ], [ 2472804.814622668549418, 350675.758840165100992 ], [ 2472126.818475002422929, 351634.875341727863997 ], [ 2471085.019516411237419, 353255.451499552000314 ], [ 2470671.607231257483363, 354793.345200339797884 ], [ 2469811.709678115323186, 355785.534684711601585 ], [ 2469162.684196247719228, 356422.19777644565329 ], [ 2469069.413336649537086, 356513.692048246972263 ], [ 2469135.460094994865358, 356602.225884991697967 ], [ 2469247.011223464272916, 356628.112365063279867 ], [ 2469521.430631998926401, 356691.793949001468718 ], [ 2469533.343191999010742, 356664.535097010433674 ], [ 2470124.148499003611505, 356592.972602016758174 ], [ 2470207.837652995251119, 356743.139195004012436 ], [ 2470517.590205000713468, 357292.897419999353588 ], [ 2470604.953935910947621, 357502.321489894296974 ], [ 2470647.551899, 357604.435247010085732 ], [ 2470833.599565003067255, 357845.763656991999596 ], [ 2471063.271687001921237, 357803.496047011110932 ], [ 2471305.442670148797333, 358047.946624697651714 ], [ 2471619.560249995440245, 358365.021044014953077 ], [ 2471645.979528998024762, 359065.590029004961252 ], [ 2471981.249883002601564, 359479.560535007156432 ], [ 2472080.269388007000089, 359477.530883996281773 ], [ 2472396.967334997840226, 359706.365003008395433 ], [ 2472416.482458001002669, 360021.383991997223347 ], [ 2472744.238151147961617, 360435.412270140368491 ], [ 2472930.87251599598676, 360671.172949015628546 ], [ 2472949.95765199419111, 360784.711233991663903 ], [ 2473087.831168003380299, 360762.331417004577816 ], [ 2473351.277960006147623, 360514.112554006278515 ], [ 2473504.388674664311111, 360624.088106830138713 ], [ 2473709.618248995393515, 360771.499318006914109 ], [ 2473943.686884995549917, 361230.783793007023633 ], [ 2474021.428679904900491, 361523.738995868247002 ], [ 2474050.108457004651427, 361631.813293992076069 ], [ 2474117.263481671921909, 361712.392559630330652 ], [ 2474246.197459006682038, 361867.100345994345844 ], [ 2474451.627007006667554, 361861.444103000219911 ], [ 2474450.492056004703045, 362045.697309009730816 ], [ 2474328.610635001212358, 362077.084641995839775 ], [ 2474355.38773247692734, 362284.531243184581399 ], [ 2474377.823597001843154, 362458.345595016144216 ], [ 2474513.242970160208642, 362510.03871714649722 ], [ 2474595.231802005320787, 362541.336002010852098 ], [ 2474611.744716692715883, 362564.986301775556058 ], [ 2474857.182034242898226, 362916.50910945981741 ], [ 2474861.565651006996632, 362922.787459011655301 ], [ 2474960.443560361862183, 362892.78265983145684 ] ] ] } },
{ "type": "Feature", "properties": { "ID": 3541, "YEAR": "2019-2020", "Perimtr_KM": 8.4957187838599992, "AREA_KM": 1.1978600237399999, "SCALE": 1, "THICKNES_M": 169.301564396, "VOLUME_KM": 0.20279957595000001, "MASS_GT": 0.18596721114, "RECURRANCE": "2-3", "UA_KM": 0.04247859392, "UH_M": 14.052029775599999, "UC_KM": 0.01551705005, "REGION": "East", "ICESHELF": "West" }, "geometry": { "type": "Polygon", "coordinates": [ [ [ 2438071.293495643883944, 370468.422007783781737 ], [ 2438083.652337843552232, 370462.765659662894905 ], [ 2438262.639766149222851, 370380.847370919771492 ], [ 2438276.395730996504426, 370374.551592993084341 ], [ 2438277.975473018363118, 370375.672821272164583 ], [ 2438210.040683121420443, 370226.73885878873989 ], [ 2438167.852617641910911, 370184.550793316215277 ], [ 2437790.939844912849367, 369807.638020594138652 ], [ 2437081.995383684523404, 369379.31740859663114 ], [ 2436986.266235574148595, 369321.481048283167183 ], [ 2436399.525062082335353, 369304.717014743946493 ], [ 2436300.291310280561447, 369350.199150986969471 ], [ 2436127.820085354149342, 369429.248462405987084 ], [ 2436105.491249981336296, 369439.482511952985078 ], [ 2435997.18825741391629, 369489.121383546385914 ], [ 2435695.435653911903501, 369338.245081808883697 ], [ 2435644.133982473053038, 369348.982640945818275 ], [ 2434974.582212201319635, 369489.121383546385914 ], [ 2434819.420624310150743, 369975.294358941726387 ], [ 2434913.031767498701811, 370006.245819520670921 ], [ 2435123.355591488070786, 370090.337331522256136 ], [ 2435167.116319488734007, 370065.934457524679601 ], [ 2435233.303143502213061, 369891.713365528266877 ], [ 2435408.832035506144166, 369767.035608517937362 ], [ 2435643.763902496546507, 369711.976194522809237 ], [ 2436048.520762072876096, 369633.366276105400175 ], [ 2436286.522407285869122, 369587.142748399171978 ], [ 2436362.225442522205412, 369572.440071263350546 ], [ 2436507.001425496302545, 369544.32238050410524 ], [ 2436519.414693968370557, 369542.381143771577626 ], [ 2436599.83974548894912, 369529.803951512556523 ], [ 2436968.291207499802113, 369508.847542508039623 ], [ 2436991.616115672513843, 369527.365269316360354 ], [ 2437241.140822500921786, 369725.463813512586057 ], [ 2437377.53462550509721, 370047.100602518301457 ], [ 2437462.717184626497328, 370119.178152945358306 ], [ 2437542.634955499321222, 370186.800882519688457 ], [ 2437584.671165853738785, 370315.409742128103971 ], [ 2437601.970098498277366, 370368.335445511620492 ], [ 2437671.346974495798349, 370425.971409517806023 ], [ 2437672.152611592784524, 370426.056929535232484 ], [ 2437865.267856045626104, 370446.556505068670958 ], [ 2438071.285447999835014, 370468.425691000651568 ], [ 2438071.293495643883944, 370468.422007783781737 ] ] ] } },
{ "type": "Feature", "properties": { "ID": 3544, "YEAR": "2019-2020", "Perimtr_KM": 27.935152030600001, "AREA_KM": 7.1494255502400001, "SCALE": 1, "THICKNES_M": 152.513998765, "VOLUME_KM": 1.0903874795399999, "MASS_GT": 0.99988531873999997, "RECURRANCE": "1-2", "UA_KM": 0.13967576015, "UH_M": 12.6586618351, "UC_KM": 0.08343014038, "REGION": "East", "ICESHELF": "West" }, "geometry": { "type": "Polygon", "coordinates": [ [ [ 2428745.635274233296514, 370672.171774146147072 ], [ 2428825.337984496727586, 370669.97286751260981 ], [ 2428815.554630976170301, 370563.761900001205504 ], [ 2428812.749412506818771, 370533.307622055057436 ], [ 2428804.529674612917006, 370444.071726422291249 ], [ 2428790.229171764105558, 370288.821255317423493 ], [ 2428784.063684495165944, 370221.886909518390894 ], [ 2428880.090753581374884, 370259.277117515914142 ], [ 2429151.59180000051856, 370364.991898701060563 ], [ 2429164.57123549003154, 370370.045721513219178 ], [ 2429165.601915467530489, 370370.174155189655721 ], [ 2429407.543536584824324, 370400.322651888243854 ], [ 2429503.05432950053364, 370412.224311514757574 ], [ 2429823.37809850461781, 370651.065865512005985 ], [ 2430196.02717249840498, 370639.396999516990036 ], [ 2430239.129623374901712, 370612.837312860880047 ], [ 2430365.615618494339287, 370534.896770528983325 ], [ 2430338.392942763864994, 370456.168480690103024 ], [ 2430315.232052567414939, 370389.186921116895974 ], [ 2430264.546575964428484, 370242.603942598681897 ], [ 2430262.089517018757761, 370235.49809999903664 ], [ 2430250.047971495427191, 370200.673812510911375 ], [ 2430291.455626949667931, 370027.020348767749965 ], [ 2430045.956354949623346, 369807.638020594138652 ], [ 2429845.211947960779071, 370037.060199995525181 ], [ 2429811.259885550476611, 370075.862557038199157 ], [ 2429673.220364082604647, 370107.235175552312285 ], [ 2429442.451147945597768, 370159.68272467982024 ], [ 2429259.149781513027847, 369982.702095019165426 ], [ 2429036.142998713068664, 369767.385201290715486 ], [ 2428956.294175621122122, 369690.289785894565284 ], [ 2428774.853007566183805, 369709.189907567575574 ], [ 2428396.888767995871603, 369748.561182523611933 ], [ 2428151.62056628242135, 369774.109953536186367 ], [ 2427382.584017634391785, 369322.718935862649232 ], [ 2427380.47502398211509, 369321.481048283167183 ], [ 2426559.284908751957119, 369200.717796036973596 ], [ 2426296.792500001378357, 369162.1159712173976 ], [ 2426240.520744076929986, 369153.840712992940098 ], [ 2425536.431335892528296, 368868.852143023628742 ], [ 2425338.272826416417956, 368883.00632226606831 ], [ 2424832.341927721165121, 368919.144243593793362 ], [ 2424564.117391270585358, 368667.683740682434291 ], [ 2423273.286809607408941, 368617.391640091780573 ], [ 2422317.736898511648178, 367863.010131337214261 ], [ 2421355.383370573632419, 367313.093829657882452 ], [ 2421194.969384273514152, 367221.428694627713412 ], [ 2420440.165143370628357, 366790.11198553442955 ], [ 2419652.255567544139922, 366840.404086125083268 ], [ 2419132.570528182201087, 366756.583918483462185 ], [ 2418941.775287300348282, 366898.03556258417666 ], [ 2418827.359041474759579, 366982.861400005407631 ], [ 2418739.929111848585308, 367047.680140934884548 ], [ 2418540.534379853866994, 367195.507269828114659 ], [ 2418710.574317500926554, 367236.714100527577102 ], [ 2419332.300668351352215, 367249.205793727654964 ], [ 2419468.2535314951092, 367251.937351520173252 ], [ 2419634.248019501566887, 367349.875540524255484 ], [ 2420049.826460501179099, 367310.38086851593107 ], [ 2420208.354921489953995, 367129.878118525724858 ], [ 2420723.269317005760968, 367481.057362360879779 ], [ 2421175.670919500291348, 367789.601955509744585 ], [ 2421468.10097592510283, 367864.72037236019969 ], [ 2421528.458784502930939, 367880.224876515101641 ], [ 2421617.60252495482564, 367945.532021387014538 ], [ 2421679.23792309500277, 367990.68641871213913 ], [ 2422008.647468149662018, 368232.013479612767696 ], [ 2422052.826618489809334, 368264.37934351619333 ], [ 2422197.946722676046193, 368415.243931815028191 ], [ 2422906.222852490842342, 369151.556707530282438 ], [ 2423711.841276694089174, 369125.657800558954477 ], [ 2423839.666952700354159, 369121.548478835728019 ], [ 2424219.772532500326633, 369109.32889850391075 ], [ 2424363.143012497574091, 369495.11825851816684 ], [ 2424544.518479594960809, 369743.85106377536431 ], [ 2424621.830337205901742, 369849.874196516349912 ], [ 2424635.476603493094444, 369868.588271518237889 ], [ 2424792.787228495813906, 369958.326601517852396 ], [ 2424920.882653419859707, 369874.333946224302053 ], [ 2424998.700594498775899, 369823.30842751590535 ], [ 2425134.151574890129268, 369703.584628487937152 ], [ 2425331.072690756060183, 369529.527976900804788 ], [ 2425374.41580149717629, 369491.217424520291388 ], [ 2425700.980912727303803, 369591.544071321375668 ], [ 2425940.067088493146002, 369664.995623512659222 ], [ 2425958.401351563632488, 369673.246885986998677 ], [ 2426223.838554087094963, 369792.705847622826695 ], [ 2426757.961121497675776, 370033.085593512747437 ], [ 2427024.25353363994509, 370047.943284599110484 ], [ 2427197.212848427705467, 370057.593488486483693 ], [ 2427455.259131009690464, 370071.991089692339301 ], [ 2427835.41599249932915, 370093.201807517558336 ], [ 2428023.996713193133473, 370244.382874966133386 ], [ 2428530.223975609056652, 370650.214275029487908 ], [ 2428562.100178168155253, 370675.768734210636467 ], [ 2428563.868683499284089, 370677.186506520025432 ], [ 2428745.635274233296514, 370672.171774146147072 ] ] ] } },
{ "type": "Feature", "properties": { "ID": 3547, "YEAR": "2019-2020", "Perimtr_KM": 7.3229012359099999, "AREA_KM": 1.3553857998200001, "SCALE": 1, "THICKNES_M": 351.76388113799999, "VOLUME_KM": 0.47677576938, "MASS_GT": 0.43720338053000002, "RECURRANCE": "6-8", "UA_KM": 0.03661450618, "UH_M": 29.1964019905, "UC_KM": 0.036480123, "REGION": "East", "ICESHELF": "Flatnes" }, "geometry": { "type": "Polygon", "coordinates": [ [ [ 2208760.6242281710729, 524567.948877591174096 ], [ 2209107.718232472427189, 524511.530002668499947 ], [ 2209707.84277499653399, 524413.981929001864046 ], [ 2210692.064426997676492, 523824.455265000928193 ], [ 2211387.029403997585177, 523341.297020003199577 ], [ 2211911.256346776150167, 523138.346004995983094 ], [ 2211821.812269418500364, 523117.5046665831469 ], [ 2211572.782940375618637, 523059.47841516090557 ], [ 2210818.401431613601744, 523310.9389180787839 ], [ 2210080.783956377767026, 523512.107320420444012 ], [ 2209426.986648784019053, 523880.916058038361371 ], [ 2208689.804873584769666, 524480.490568537730724 ], [ 2208647.405262756161392, 524514.975585346110165 ], [ 2208697.525146995671093, 524578.2054050010629 ], [ 2208760.6242281710729, 524567.948877591174096 ] ] ] } },
{ "type": "Feature", "properties": { "ID": 3550, "YEAR": "2019-2020", "Perimtr_KM": 11.1100046399, "AREA_KM": 1.8686046406100001, "SCALE": 1, "THICKNES_M": 175.61264970600001, "VOLUME_KM": 0.32815061219000002, "MASS_GT": 0.30091411138000002, "RECURRANCE": "1-2", "UA_KM": 0.0555500232, "UH_M": 14.575849853699999, "UC_KM": 0.02510818599, "REGION": "Peninsula", "ICESHELF": "Verdi" }, "geometry": { "type": "Polygon", "coordinates": [ [ [ -1942571.917415312025696, 535420.729895422235131 ], [ -1942583.663757633417845, 535365.913631246425211 ], [ -1942667.48392526851967, 534527.711954843252897 ], [ -1942835.124260551761836, 534175.667250744067132 ], [ -1942969.236528777051717, 532901.600702613592148 ], [ -1943661.006063563283533, 531541.511447765864432 ], [ -1943993.854876847472042, 531485.135215643327683 ], [ -1943622.537904999218881, 532141.233174003195018 ], [ -1943408.961390005191788, 532705.364081004168838 ], [ -1943261.370959003223106, 533967.355313003063202 ], [ -1943107.773609004914761, 535236.502623999491334 ], [ -1942781.24528100178577, 535806.07957899896428 ], [ -1942738.033217733725905, 536095.893354933243245 ], [ -1942672.554420600645244, 536535.045202917419374 ], [ -1942657.317395273596048, 536637.236570540815592 ], [ -1942432.787455875892192, 536070.003039410803467 ], [ -1942571.917415312025696, 535420.729895422235131 ] ] ] } },
{ "type": "Feature", "properties": { "ID": 3553, "YEAR": "2019-2020", "Perimtr_KM": 11.1644889815, "AREA_KM": 2.0137079248999998, "SCALE": 1, "THICKNES_M": 167.251010132, "VOLUME_KM": 0.33679468455, "MASS_GT": 0.30884072573, "RECURRANCE": "1-2", "UA_KM": 0.05582244491, "UH_M": 13.8818337725, "UC_KM": 0.02576958039, "REGION": "Peninsula", "ICESHELF": "Verdi" }, "geometry": { "type": "Polygon", "coordinates": [ [ [ -1942255.242170839570463, 539119.93924907175824 ], [ -1942320.654652225319296, 538863.321052879095078 ], [ -1942506.786023262422532, 538133.113366494420916 ], [ -1942566.899724101182073, 537897.282693981658667 ], [ -1942713.237859664717689, 537375.953086057677865 ], [ -1942716.369963715784252, 537379.799045596271753 ], [ -1942785.541784128174186, 537464.736205468419939 ], [ -1942993.872035001637414, 537720.548177998047322 ], [ -1942967.701506301760674, 538154.195899120997638 ], [ -1942962.373102733399719, 538242.487965780310333 ], [ -1942958.945563002955168, 538299.282568997703493 ], [ -1942652.185930131468922, 538957.706371079199016 ], [ -1942602.232938999310136, 539064.924645002465695 ], [ -1942605.477620795369148, 539104.713945652358234 ], [ -1942606.75660931575112, 539120.39809034531936 ], [ -1942658.284043001011014, 539752.275322003290057 ], [ -1942534.57767489226535, 539943.184662613086402 ], [ -1942479.261363000841811, 540028.551332003436983 ], [ -1942347.960953999310732, 540531.533886998426169 ], [ -1942279.500028999522328, 541197.084859000984579 ], [ -1942353.960480005014688, 542172.660142000298947 ], [ -1942481.730915451189503, 542561.385986884590238 ], [ -1942199.314208984142169, 542478.318298334721476 ], [ -1942033.260903103044257, 542497.790110762696713 ], [ -1941862.81031592329964, 541970.94284129794687 ], [ -1942131.034852373879403, 539607.214113839436322 ], [ -1942255.242170839570463, 539119.93924907175824 ] ] ] } },
{ "type": "Feature", "properties": { "ID": 3556, "YEAR": "2019-2020", "Perimtr_KM": 9.9171003693399999, "AREA_KM": 1.1108178954500001, "SCALE": 1, "THICKNES_M": 119.797336578, "VOLUME_KM": 0.1330730253, "MASS_GT": 0.1220279642, "RECURRANCE": "3-4", "UA_KM": 0.04958550185, "UH_M": 9.9431788869400002, "UC_KM": 0.01018197787, "REGION": "Peninsula", "ICESHELF": "Brahms" }, "geometry": { "type": "Polygon", "coordinates": [ [ [ -1957007.258898600935936, 564270.274622958153486 ], [ -1956897.738208003342152, 564140.033801704645157 ], [ -1956882.514383390080184, 563751.826274043414742 ], [ -1956882.161729925544932, 563742.833610656671226 ], [ -1956864.210140952141955, 563285.068091775756329 ], [ -1956847.446107419673353, 562195.405912447720766 ], [ -1957020.865665016695857, 561784.675381291192025 ], [ -1957131.35964641533792, 561522.979109555482864 ], [ -1957165.962744453921914, 561441.024403679184616 ], [ -1957752.703917932230979, 560720.170961982570589 ], [ -1958220.077426074305549, 560511.34450089931488 ], [ -1958423.435052738990635, 560420.482582600787282 ], [ -1958492.143730163807049, 560389.782960778102279 ], [ -1958521.432834248291329, 560376.696339799556881 ], [ -1958678.763799001462758, 560570.602829000446945 ], [ -1958677.141071301652119, 560571.798349045682698 ], [ -1958325.611118002794683, 560830.782714998815209 ], [ -1957728.995415001176298, 561271.528566002845764 ], [ -1957394.384909551590681, 561570.762829938903451 ], [ -1957308.392673001391813, 561647.663654003757983 ], [ -1957210.634205002803355, 562024.85230999905616 ], [ -1956978.826879001222551, 562475.34860299853608 ], [ -1956986.790121003752574, 563248.941498003900051 ], [ -1957129.656493164598942, 564045.481686640065163 ], [ -1957132.92830599937588, 564063.723421000875533 ], [ -1957137.764669448602945, 564098.31760720256716 ], [ -1957192.621660239528865, 564490.70601517194882 ], [ -1957007.258898600935936, 564270.274622958153486 ] ] ] } },
{ "type": "Feature", "properties": { "ID": 3559, "YEAR": "2019-2020", "Perimtr_KM": 6.0028985846699996, "AREA_KM": 1.5018160759400001, "SCALE": 1, "THICKNES_M": 191.46872222900001, "VOLUME_KM": 0.28755080508000003, "MASS_GT": 0.26368408826, "RECURRANCE": ">8", "UA_KM": 0.03001449292, "UH_M": 15.8919038666, "UC_KM": 0.02200172368, "REGION": "East", "ICESHELF": "Publications" }, "geometry": { "type": "Polygon", "coordinates": [ [ [ 2172930.863534280098975, 581450.517969660460949 ], [ 2173223.627037008292973, 581006.698679993394762 ], [ 2173404.299830666743219, 580424.190436136908829 ], [ 2173439.559484402649105, 580310.509573831222951 ], [ 2173368.668937250971794, 580386.023417535703629 ], [ 2173189.718424258753657, 580576.644616152625531 ], [ 2172998.643339858390391, 580753.021617132239044 ], [ 2172971.785988384857774, 580777.813018493819982 ], [ 2172653.269351357594132, 580526.352515561971813 ], [ 2172217.404479623772204, 580392.24024735018611 ], [ 2171999.472043762914836, 580375.476213824469596 ], [ 2171798.303641428239644, 580828.105119084473699 ], [ 2171843.885368929244578, 581489.040167912375182 ], [ 2171857.544674002565444, 581543.165265002753586 ], [ 2172267.88905500434339, 581574.180299011059105 ], [ 2172476.390334001742303, 581640.917486994061619 ], [ 2172793.466669007204473, 582061.33567900583148 ], [ 2172903.221024001017213, 581492.423054012935609 ], [ 2172930.863534280098975, 581450.517969660460949 ] ] ] } },
{ "type": "Feature", "properties": { "ID": 3562, "YEAR": "2019-2020", "Perimtr_KM": 9.5366178655099993, "AREA_KM": 3.6442832437, "SCALE": 1, "THICKNES_M": 120.337970052, "VOLUME_KM": 0.43854564784, "MASS_GT": 0.40214635907000001, "RECURRANCE": "5-6", "UA_KM": 0.04768308933, "UH_M": 9.9880514650599999, "UC_KM": 0.03355497532, "REGION": "Peninsula", "ICESHELF": "Bach" }, "geometry": { "type": "Polygon", "coordinates": [ [ [ -1852720.523906507063657, 579582.078108856454492 ], [ -1852970.911500999704003, 579537.337335003074259 ], [ -1854303.287002004683018, 578304.345416001044214 ], [ -1854340.099516874877736, 578309.507478022016585 ], [ -1854420.148817938519642, 578320.732450237497687 ], [ -1854424.265592113602906, 578321.309727931395173 ], [ -1854530.155952478293329, 578336.158281723037362 ], [ -1854646.460885454434901, 578352.467226632405072 ], [ -1854919.645568004110828, 578390.774750001262873 ], [ -1854973.472487410763279, 578317.623019113205373 ], [ -1855004.238791748648509, 578428.855042486917228 ], [ -1855059.072275106329471, 578627.099174618255347 ], [ -1855307.119646200910211, 578924.75601991917938 ], [ -1854529.904550101375207, 579966.554978511296213 ], [ -1852892.791900872718543, 580561.868669148068875 ], [ -1851772.543647045269608, 580939.343624242581427 ], [ -1851999.832397462334484, 580599.915527344215661 ], [ -1852525.829589841887355, 580124.146118161268532 ], [ -1852527.691609005210921, 579616.534557002596557 ], [ -1852720.523906507063657, 579582.078108856454492 ] ] ] } },
{ "type": "Feature", "properties": { "ID": 3565, "YEAR": "2019-2020", "Perimtr_KM": 47.3730153801, "AREA_KM": 14.8962096197, "SCALE": 2, "THICKNES_M": 167.87937089299999, "VOLUME_KM": 2.50076629965, "MASS_GT": 2.2932026967699999, "RECURRANCE": "3-4", "UA_KM": 0.2368650769, "UH_M": 13.933987715400001, "UC_KM": 0.19134416649, "REGION": "Peninsula", "ICESHELF": "Wilkins" }, "geometry": { "type": "Polygon", "coordinates": [ [ [ -2006955.142322815954685, 608011.509544660337269 ], [ -2005077.570567674934864, 607106.251734148245305 ], [ -2004122.02065657870844, 606938.611398871522397 ], [ -2004105.256623046472669, 605044.275610191281885 ], [ -2003267.054946643300354, 605077.803677256219089 ], [ -2003116.17864489229396, 604742.523006689269096 ], [ -2002680.313773164991289, 604222.837967320345342 ], [ -2002277.976968489121646, 603820.501162644475698 ], [ -2002009.752432038309053, 603954.613430876750499 ], [ -2001200.948389112949371, 603754.791255566291511 ], [ -2001225.192276254994795, 603520.23770000692457 ], [ -2001232.372682002838701, 603450.769066997803748 ], [ -2001450.65437200339511, 603450.769066997803748 ], [ -2001656.058787005022168, 603662.142641999293119 ], [ -2001973.762559002730995, 603615.843332999385893 ], [ -2002172.327415999025106, 603556.31375499907881 ], [ -2002423.956243709195405, 603680.032657712697983 ], [ -2002523.300511999055743, 603728.877474003937095 ], [ -2002525.351937594357878, 603732.681699995417148 ], [ -2002655.448671004502103, 603973.93703800207004 ], [ -2002710.982219079975039, 604005.670493247453123 ], [ -2002794.355201003607363, 604053.312196003273129 ], [ -2002776.177642175927758, 603786.150931020732969 ], [ -2002774.547353999689221, 603762.190076004248112 ], [ -2002825.288800617447123, 603732.681699995417148 ], [ -2002908.969879346899688, 603684.01748365117237 ], [ -2002922.647183925844729, 603676.063531348016113 ], [ -2003007.468643675092608, 603626.73613343667239 ], [ -2003012.090871998807415, 603624.048104997724295 ], [ -2003018.664877647068352, 603632.439355420414358 ], [ -2003157.872718292754143, 603810.128258500248194 ], [ -2003226.234274002723396, 603897.38691999996081 ], [ -2003278.01269700541161, 604353.44141100300476 ], [ -2003558.760299001820385, 604381.454342999029905 ], [ -2003902.078319001244381, 604700.522487999871373 ], [ -2004112.131539002526551, 604715.436580004170537 ], [ -2004155.306754779303446, 604861.883126915898174 ], [ -2004182.860992002068087, 604955.344684000592679 ], [ -2004379.530001138336957, 605001.703792970627546 ], [ -2004458.701682032085955, 605020.366258391179144 ], [ -2004569.86322800302878, 605046.569422002881765 ], [ -2004604.512269753497094, 605196.178273464553058 ], [ -2004673.978455003350973, 605496.121812003199011 ], [ -2004832.681371004786342, 605772.120987000875175 ], [ -2004902.678061001934111, 605789.197256002109498 ], [ -2004909.681304058525711, 605874.162353876046836 ], [ -2004916.665589159354568, 605958.897449039854109 ], [ -2004923.495242001954466, 606041.756507003679872 ], [ -2005159.091794373001903, 606017.804754445329309 ], [ -2005181.210129000712186, 606015.556110001634806 ], [ -2005204.970579002518207, 606028.95287094078958 ], [ -2005367.36487243976444, 606120.51500580413267 ], [ -2005650.850098001305014, 606280.351364002563059 ], [ -2005665.154283298179507, 606324.880275866948068 ], [ -2005757.154577004723251, 606611.277081002946943 ], [ -2006074.72464199969545, 606869.495377001818269 ], [ -2006756.444775, 607088.547583000734448 ], [ -2007735.758753003086895, 607394.519592002499849 ], [ -2008549.173579005058855, 607501.808457999490201 ], [ -2009362.555567004717886, 607788.231583000160754 ], [ -2010895.965610004495829, 607811.632746000774205 ], [ -2011563.082709003705531, 607755.605008000507951 ], [ -2011807.822789002209902, 607669.615252004470676 ], [ -2013388.900819004978985, 607637.268601004034281 ], [ -2014387.676634002011269, 607461.850233998149633 ], [ -2015044.411828341893852, 607215.541177109349519 ], [ -2015049.827847000211477, 607213.509895003400743 ], [ -2015500.093962001148611, 606983.231238002423197 ], [ -2016019.607299001421779, 606493.884521000087261 ], [ -2016153.037666005082428, 606430.699828999117017 ], [ -2016243.179034239379689, 606292.966465506702662 ], [ -2016252.956856003263965, 606278.02624100074172 ], [ -2017322.343025627313182, 605957.635048497002572 ], [ -2017348.037295004818588, 605949.936971002724022 ], [ -2018049.540774004533887, 605633.82437400193885 ], [ -2018602.513083243742585, 605381.903687647078186 ], [ -2018625.606620000209659, 605371.382836004253477 ], [ -2018723.209127699956298, 605341.765747939236462 ], [ -2018797.846285004867241, 605319.117403003387153 ], [ -2019471.938710004091263, 604546.533643998671323 ], [ -2019545.107820002827793, 604316.998790003359318 ], [ -2019729.31884000543505, 603841.105362998321652 ], [ -2019857.231806782539934, 603540.086126758717 ], [ -2019645.515703570097685, 605429.848381348419935 ], [ -2019008.482429501600564, 606251.286024219356477 ], [ -2018052.93251840537414, 606754.207030062563717 ], [ -2016376.529165592277423, 607206.835935315582901 ], [ -2014482.193376925773919, 607910.925343486480415 ], [ -2013359.003130546305329, 608380.31828227173537 ], [ -2009805.02802259195596, 608531.194584029261023 ], [ -2006955.142322815954685, 608011.509544660337269 ] ] ] } },
{ "type": "Feature", "properties": { "ID": 3568, "YEAR": "2019-2020", "Perimtr_KM": 5.8111215443099997, "AREA_KM": 1.61165282273, "SCALE": 1, "THICKNES_M": 164.25192478700001, "VOLUME_KM": 0.26471707822000001, "MASS_GT": 0.24274556073, "RECURRANCE": "5-6", "UA_KM": 0.02905560772, "UH_M": 13.6329096901, "UC_KM": 0.02025461903, "REGION": "Peninsula", "ICESHELF": "Wilkins" }, "geometry": { "type": "Polygon", "coordinates": [ [ [ -1998960.191352582536638, 609044.799779927358031 ], [ -1998974.767326998990029, 609004.651044000405818 ], [ -1999926.271494005341083, 608634.000371001660824 ], [ -2000441.965817999094725, 608594.553177000023425 ], [ -2000708.621050749905407, 608808.994765218347311 ], [ -2000746.276686005294323, 608839.277066999580711 ], [ -2000760.533075662329793, 608805.267828700132668 ], [ -2000769.213950959034264, 609000.587522814515978 ], [ -2000500.989414515439421, 609419.688361030071974 ], [ -1998469.211288194637746, 609924.554440907668322 ], [ -1998823.357073000399396, 609421.702428001444787 ], [ -1998960.191352582536638, 609044.799779927358031 ] ] ] } },
{ "type": "Feature", "properties": { "ID": 3571, "YEAR": "2019-2020", "Perimtr_KM": 29.202191790499999, "AREA_KM": 6.2114521041200002, "SCALE": 1, "THICKNES_M": 116.427482923, "VOLUME_KM": 0.72318373378, "MASS_GT": 0.66315948388000001, "RECURRANCE": "6-8", "UA_KM": 0.14601095895, "UH_M": 9.6634810349600002, "UC_KM": 0.05533383459, "REGION": "Peninsula", "ICESHELF": "Wilkins" }, "geometry": { "type": "Polygon", "coordinates": [ [ [ -1984306.933026397135109, 617332.312186269555241 ], [ -1983401.675215884810314, 616276.17807401297614 ], [ -1983396.973789446987212, 616271.999028286430985 ], [ -1982755.70990583114326, 615701.986687284428626 ], [ -1982647.293707123259082, 615605.616732879541814 ], [ -1982651.26009442191571, 615552.070504327770323 ], [ -1982669.781775815412402, 615302.027805589139462 ], [ -1982917.939456001389772, 615626.560064997524023 ], [ -1983438.876105999574065, 616139.920757002197206 ], [ -1983641.663254966493696, 616189.884821388404816 ], [ -1983660.292381, 616194.474791003856808 ], [ -1983803.286558986175805, 616446.235993873793632 ], [ -1983819.083525663707405, 616474.048757918179035 ], [ -1983827.055396005511284, 616488.084348001983017 ], [ -1983837.564515869831666, 616489.804984150920063 ], [ -1983873.71049615368247, 616495.723089680075645 ], [ -1984165.978993667755276, 616543.575597664806992 ], [ -1984189.72328700311482, 616547.463201004080474 ], [ -1984190.102021289989352, 616548.654142320621759 ], [ -1984212.752083408413455, 616619.877941459883004 ], [ -1984295.562404819764197, 616880.277478953357786 ], [ -1984343.721894000424072, 617031.716435998678207 ], [ -1984676.694428003858775, 617320.546190000139177 ], [ -1984912.661870993673801, 617239.231657220516354 ], [ -1985145.411666003754362, 617159.025928003713489 ], [ -1985175.459252213127911, 617170.192473262082785 ], [ -1985205.799748010933399, 617181.467872124165297 ], [ -1985566.389836005168036, 617315.473495998885483 ], [ -1986030.364741003606468, 617222.061530999839306 ], [ -1986173.243554002605379, 617150.617027000058442 ], [ -1987314.799939998891205, 617068.569765999913216 ], [ -1987638.865617000963539, 617034.72225200291723 ], [ -1988405.907508998876438, 616664.186817000620067 ], [ -1988829.203783004079014, 616564.728440003935248 ], [ -1989212.695114001631737, 616392.510854999534786 ], [ -1990230.209402000531554, 616286.216493998188525 ], [ -1990752.313100999221206, 616180.406615000218153 ], [ -1991116.075499004218727, 615981.965980998706073 ], [ -1991532.01506300130859, 615769.791147000156343 ], [ -1991670.818820998771116, 615736.855382999405265 ], [ -1992046.769636978395283, 615613.101379199884832 ], [ -1992133.659784000832587, 615584.499224002007395 ], [ -1992114.234866000246257, 615369.98947999952361 ], [ -1992341.066782292444259, 615132.217459803912789 ], [ -1992346.708086003083736, 615126.304076000116765 ], [ -1992720.713851002044976, 614859.208672998473048 ], [ -1992725.202452389057726, 614858.624424448702484 ], [ -1993098.603680005529895, 614810.02150600310415 ], [ -1993554.988038004841655, 614591.426304002292454 ], [ -1994004.512611000798643, 614213.947298998013139 ], [ -1994125.437302596168593, 614017.619324389379472 ], [ -1994159.634601001394913, 613962.098104998003691 ], [ -1994232.365011004731059, 613924.269784000236541 ], [ -1994266.097974916454405, 613925.584015003871173 ], [ -1994299.895986533723772, 613926.900780261959881 ], [ -1995086.27528856229037, 613957.537995113991201 ], [ -1995032.413863405119628, 614021.124399812426418 ], [ -1994315.061042658519, 614867.999257643707097 ], [ -1993342.747098030056804, 615102.695727043319494 ], [ -1992471.017354568932205, 615706.200934040360153 ], [ -1991716.635845807380974, 615940.897403446491808 ], [ -1991163.422739380504936, 616276.17807401297614 ], [ -1989939.648291826946661, 617030.559582774527371 ], [ -1986737.717887965030968, 617701.120923894457519 ], [ -1985564.23554100189358, 617835.233192113228142 ], [ -1984306.933026397135109, 617332.312186269555241 ] ] ] } },
{ "type": "Feature", "properties": { "ID": 3574, "YEAR": "2019-2020", "Perimtr_KM": 13.999771516499999, "AREA_KM": 3.16166714502, "SCALE": 1, "THICKNES_M": 79.905329806899999, "VOLUME_KM": 0.25263405596, "MASS_GT": 0.23166542932, "RECURRANCE": "6-8", "UA_KM": 0.06999885758, "UH_M": 6.6321423412699998, "UC_KM": 0.01933009609, "REGION": "Peninsula", "ICESHELF": "Wilkins" }, "geometry": { "type": "Polygon", "coordinates": [ [ [ -2121659.082080030813813, 675971.846470680553466 ], [ -2122465.15257800091058, 675518.195139001123607 ], [ -2122474.638668002095073, 675525.012521001975983 ], [ -2122485.047658000607044, 675535.182138001080602 ], [ -2122494.889518001116812, 675544.23147000093013 ], [ -2122504.475888000801206, 675553.053196003194898 ], [ -2122513.512518004514277, 675560.752078998368233 ], [ -2122522.306843000929803, 675568.220920998603106 ], [ -2122528.763326999731362, 675569.198335000313818 ], [ -2122534.094927005469799, 675567.257112002000213 ], [ -2122539.199057004414499, 675565.080293001141399 ], [ -2122544.079846999142319, 675562.666534997988492 ], [ -2122548.740737001411617, 675560.01388599909842 ], [ -2122553.185137000866234, 675557.120515001472086 ], [ -2122557.415357005316764, 675553.984529003500938 ], [ -2122561.433736999519169, 675550.604523999616504 ], [ -2122565.242447000928223, 675546.978485997766256 ], [ -2122570.489637000486255, 675541.217316999100149 ], [ -2122575.444967001676559, 675534.850495000369847 ], [ -2122580.119647004641593, 675527.863496003206819 ], [ -2122584.527356999460608, 675520.236115002539009 ], [ -2122588.67695700051263, 675511.955293002072722 ], [ -2122592.592367004137486, 675502.975740004330873 ], [ -2122596.292867000214756, 675493.253510998096317 ], [ -2122599.804947, 675482.719330997671932 ], [ -2122602.527237003669143, 675473.54788300069049 ], [ -2122605.170427000150084, 675463.70608599903062 ], [ -2122607.76246700482443, 675453.090485998429358 ], [ -2122610.353346999268979, 675441.496735997498035 ], [ -2122614.857257002498955, 675419.17648399900645 ], [ -2122625.820937003940344, 675360.850922997575253 ], [ -2122629.275837, 675344.253694002982229 ], [ -2122632.657977000344545, 675329.555085001513362 ], [ -2122635.717937002889812, 675310.950076000764966 ], [ -2122638.661618003156036, 675292.913489998783916 ], [ -2122641.872748001478612, 675276.059155003167689 ], [ -2122645.60088799893856, 675260.838395000435412 ], [ -2122650.820558001287282, 675242.498184998054057 ], [ -2122657.946778003126383, 675227.014359002001584 ], [ -2122666.375488, 675212.638016003649682 ], [ -2122675.715578, 675198.185013001784682 ], [ -2122685.980588003527373, 675183.631608004216105 ], [ -2122697.221187998540699, 675168.904190998058766 ], [ -2122709.486878004856408, 675153.937393999658525 ], [ -2122722.857298004906625, 675138.633561003487557 ], [ -2122734.677668002899736, 675125.792190998792648 ], [ -2122747.404788005165756, 675112.537980002351105 ], [ -2122761.164978003129363, 675098.738358001224697 ], [ -2122776.214898000471294, 675084.136001999955624 ], [ -2122805.089288002811372, 675057.102616002783179 ], [ -2122857.141297999769449, 675009.654556998983026 ], [ -2122876.621278, 674991.703202000353485 ], [ -2122895.831967999693006, 674973.576188000384718 ], [ -2122912.67638800246641, 674957.137772000860423 ], [ -2122930.39550800435245, 674939.050187003798783 ], [ -2122951.285718000493944, 674939.985497003421187 ], [ -2122969.961134004406631, 674939.202338000293821 ], [ -2122977.703975003678352, 674935.19429300352931 ], [ -2122983.97089500259608, 674927.195147000253201 ], [ -2122990.922495001927018, 674917.885516003705561 ], [ -2122997.432555004023015, 674908.66670500440523 ], [ -2123003.513185002841055, 674899.521502003073692 ], [ -2123009.173955005593598, 674890.435320001561195 ], [ -2123014.424384999088943, 674881.392901001963764 ], [ -2123018.754440004471689, 674871.79342700028792 ], [ -2123021.139723003376275, 674860.442891001235694 ], [ -2123023.300713004544377, 674849.305893004406244 ], [ -2123024.90245300065726, 674837.968296003993601 ], [ -2123026.113823004998267, 674826.631955998018384 ], [ -2123027.108943001832813, 674815.487364001106471 ], [ -2123028.919433003757149, 674805.712950003799051 ], [ -2123031.032163000665605, 674796.71014200290665 ], [ -2123032.761412998661399, 674787.685362000018358 ], [ -2123034.108452999498695, 674778.633543003816158 ], [ -2123035.073543003760278, 674769.550778999458998 ], [ -2123035.471433004364371, 674763.257932998705655 ], [ -2123035.612363000866026, 674756.744383000768721 ], [ -2123035.496633001137525, 674749.996945999097079 ], [ -2123035.12395300436765, 674742.997556999325752 ], [ -2123034.49425300443545, 674735.735350000206381 ], [ -2123033.604613001458347, 674728.172178001143038 ], [ -2123032.451353002339602, 674720.273741001263261 ], [ -2123031.026363004930317, 674711.986570002511144 ], [ -2123028.114743002690375, 674697.576169999316335 ], [ -2123024.337333002127707, 674681.361936999950558 ], [ -2123020.346123004797846, 674665.659544003196061 ], [ -2123010.308953000232577, 674627.630552002694458 ], [ -2123005.542353002820164, 674608.206541003659368 ], [ -2123001.575313003268093, 674589.423337999731302 ], [ -2123000.079523004125804, 674580.907773999497294 ], [ -2122998.88421300239861, 674572.841978004202247 ], [ -2122997.885923002846539, 674564.212949998211116 ], [ -2122997.250423000194132, 674556.013975002802908 ], [ -2122996.974113001022488, 674548.198729000519961 ], [ -2122997.055843001697212, 674540.73535000346601 ], [ -2122997.496943001635373, 674533.590146998409182 ], [ -2122998.298333003185689, 674526.751584999728948 ], [ -2122999.462213000748307, 674520.202573998831213 ], [ -2123000.990962999872863, 674513.93078399868682 ], [ -2123002.627313003409654, 674508.628355002962053 ], [ -2123004.557553004007787, 674503.400938004255295 ], [ -2123006.782343001104891, 674498.246580000966787 ], [ -2123009.303033001720905, 674493.162169003393501 ], [ -2123012.120723003521562, 674488.145567001309246 ], [ -2123015.237243001814932, 674483.192929998971522 ], [ -2123018.654533004853874, 674478.30175600014627 ], [ -2123022.37511300155893, 674473.468137997668236 ], [ -2123026.396663005463779, 674468.694333999417722 ], [ -2123030.727043004240841, 674463.969969000667334 ], [ -2123035.370543004479259, 674459.290526000782847 ], [ -2123040.332213004119694, 674454.650938001461327 ], [ -2123045.616512999404222, 674450.046750999521464 ], [ -2123051.232353004161268, 674445.470335002522916 ], [ -2123057.188222999218851, 674440.914365998934954 ], [ -2123063.495663004927337, 674436.370359000284225 ], [ -2123074.981743003241718, 674428.697569004260004 ], [ -2123086.968114004004747, 674419.460488000884652 ], [ -2123099.57922599837184, 674408.582514999434352 ], [ -2123113.698819002136588, 674397.429822999518365 ], [ -2123126.844909005332738, 674387.196625999640673 ], [ -2123141.943069000728428, 674376.318287998437881 ], [ -2123196.820409004576504, 674338.364429999142885 ], [ -2123220.135659002233297, 674326.835682003758848 ], [ -2123232.356849001720548, 674320.779835003893822 ], [ -2123243.569009005557746, 674315.006642001215369 ], [ -2123253.981848999392241, 674309.408070000819862 ], [ -2123263.699929002672434, 674303.927234999835491 ], [ -2123274.738929001614451, 674297.329884002916515 ], [ -2123284.952309002168477, 674290.786488002166152 ], [ -2123294.40744900284335, 674284.253834003582597 ], [ -2123303.147009000182152, 674277.702259001322091 ], [ -2123311.214938999153674, 674271.098072003107518 ], [ -2123318.623819005209953, 674264.429432001430541 ], [ -2123325.392919002100825, 674257.679065999109298 ], [ -2123331.536109002772719, 674250.832875000778586 ], [ -2123339.754249004181474, 674240.582875000778586 ], [ -2123347.38565900363028, 674229.959645001217723 ], [ -2123354.433749005198479, 674218.95866800006479 ], [ -2123360.901949000544846, 674207.574268999509513 ], [ -2123366.793308999855071, 674195.801442000083625 ], [ -2123371.989539002999663, 674184.759632998146117 ], [ -2123376.534949, 674174.066029001493007 ], [ -2123380.513528999872506, 674162.960681997705251 ], [ -2123383.965739003382623, 674151.073048000223935 ], [ -2123386.858309003990144, 674138.75444500381127 ], [ -2123389.275309001095593, 674125.24223799770698 ], [ -2123391.097329003270715, 674111.648488000500947 ], [ -2123392.448149000760168, 674096.834651002660394 ], [ -2123393.248489003162831, 674081.530094000976533 ], [ -2123393.540299002081156, 674065.338321000337601 ], [ -2123393.283219000790268, 674048.609499999787658 ], [ -2123392.594449002295732, 674032.208063999190927 ], [ -2123391.431619003415108, 674015.290637998841703 ], [ -2123389.833039002958685, 673997.448658002074808 ], [ -2123387.753938999027014, 673979.015675002709031 ], [ -2123384.80872800340876, 673953.322316000703722 ], [ -2123381.255604000296444, 673924.271856999024749 ], [ -2123377.15633400157094, 673893.870589999482036 ], [ -2123372.531154003925622, 673861.630539003293961 ], [ -2123368.069604004733264, 673837.580978001002222 ], [ -2123363.694304000586271, 673816.395980998873711 ], [ -2123358.511434000916779, 673794.953353999648243 ], [ -2123352.719014000147581, 673771.968979004304856 ], [ -2123340.628133999183774, 673726.107590002007782 ], [ -2123315.985434004571289, 673635.762191998306662 ], [ -2123305.891504001803696, 673598.078781003132463 ], [ -2123295.818754003848881, 673558.935592000372708 ], [ -2123287.334804004058242, 673523.900741000194103 ], [ -2123282.375502003356814, 673494.143740999046713 ], [ -2123277.880085001699626, 673466.090423999819905 ], [ -2123273.789035003632307, 673438.748899000231177 ], [ -2123270.116765003185719, 673412.896650997921824 ], [ -2123266.814955004956573, 673387.578231000807136 ], [ -2123263.879454999230802, 673362.765853004064411 ], [ -2123261.366145002655685, 673340.139083004090935 ], [ -2123259.427195005118847, 673323.975447000935674 ], [ -2123257.512465004343539, 673304.507247002329677 ], [ -2123256.13208500482142, 673285.606063004117459 ], [ -2123255.283255002461374, 673267.234052998479456 ], [ -2123254.964775003027171, 673249.361860998906195 ], [ -2123255.176145002245903, 673231.958052000962198 ], [ -2123255.917965000960976, 673215.006636002101004 ], [ -2123257.191155001521111, 673198.48924099933356 ], [ -2123258.996645004954189, 673182.38987600337714 ], [ -2123261.339975005015731, 673166.672835003118962 ], [ -2123264.220575001090765, 673151.348860000725836 ], [ -2123267.640455005224794, 673136.407270999159664 ], [ -2123271.601985002867877, 673121.838483999017626 ], [ -2123276.107655003666878, 673107.633039997890592 ], [ -2123281.159665002953261, 673093.784835000056773 ], [ -2123286.760365, 673080.286848999559879 ], [ -2123292.87312900274992, 673065.916739001870155 ], [ -2123317.56657100468874, 673001.497837998438627 ], [ -2123324.224221001844853, 672985.126611000392586 ], [ -2123330.528411, 672971.029764003120363 ], [ -2123337.74161100294441, 672955.867094999179244 ], [ -2123345.020051000174135, 672942.594039003830403 ], [ -2123348.738741002045572, 672936.982832998503 ], [ -2123352.489351004362106, 672931.026290003675967 ], [ -2123356.300751004833728, 672925.321273002773523 ], [ -2123360.199251003563404, 672920.467634998261929 ], [ -2123364.945341002661735, 672914.774642000906169 ], [ -2123868.878222000319511, 673158.781335003208369 ], [ -2124194.706434001214802, 673171.624837998300791 ], [ -2124292.759266000241041, 673072.858995004091412 ], [ -2124292.886976004578173, 673072.90817800257355 ], [ -2124668.792219, 672867.406181001104414 ], [ -2124984.263551001437008, 672878.706314999144524 ], [ -2125117.89608100336045, 672917.802424000110477 ], [ -2125634.882012998685241, 672583.032499003224075 ], [ -2125645.079613005742431, 672560.792117002885789 ], [ -2125655.362701003439724, 672536.845349002163857 ], [ -2125666.482688004150987, 672511.65003700228408 ], [ -2125684.789254, 672462.488643998745829 ], [ -2125711.271564001217484, 672384.97332400130108 ], [ -2125890.007894005160779, 672442.630205997731537 ], [ -2125874.052960341796279, 673362.038975914474577 ], [ -2125092.66454788018018, 673778.77946254843846 ], [ -2124199.694011942483485, 673745.706479732878506 ], [ -2123637.453304128255695, 673580.341565667185932 ], [ -2123604.380321312695742, 674341.02017035568133 ], [ -2123571.307338503655046, 674969.406843801494688 ], [ -2122612.190836933907121, 675928.523345370776951 ], [ -2121659.082080030813813, 675971.846470680553466 ] ] ] } },
{ "type": "Feature", "properties": { "ID": 3577, "YEAR": "2019-2020", "Perimtr_KM": 63.237398966000001, "AREA_KM": 70.555631715000004, "SCALE": 2, "THICKNES_M": 94.061354403400003, "VOLUME_KM": 6.6365582799, "MASS_GT": 6.0857239426699996, "RECURRANCE": "6-8", "UA_KM": 0.31618699483000001, "UH_M": 7.80709237699, "UC_KM": 0.50779103695000005, "REGION": "Peninsula", "ICESHELF": "Wilkins" }, "geometry": { "type": "Polygon", "coordinates": [ [ [ -2099592.123499661684036, 675264.791400003712624 ], [ -2099536.509268904104829, 675185.042691744398326 ], [ -2099409.509014898911119, 674692.916707484982908 ], [ -2099330.13385614939034, 673788.039897729642689 ], [ -2099298.484289567451924, 673102.299288404174149 ], [ -2099300.659245001617819, 673103.302024998702109 ], [ -2099308.27434500399977, 673106.488427004311234 ], [ -2099316.26402500551194, 673109.592430002521724 ], [ -2099324.550155005417764, 673112.64565300103277 ], [ -2099341.224855000153184, 673118.190269999206066 ], [ -2099359.996035000309348, 673123.783225999679416 ], [ -2099379.060175003483891, 673128.881249002180994 ], [ -2099420.165885000489652, 673138.871333998162299 ], [ -2099435.040085004642606, 673142.476653999183327 ], [ -2099450.175575004890561, 673145.846221000421792 ], [ -2099465.443465001415461, 673148.994414998218417 ], [ -2099480.832865000702441, 673151.918669998180121 ], [ -2099496.214704999700189, 673154.633913998026401 ], [ -2099511.813094999175519, 673157.104312002193183 ], [ -2099527.498824999667704, 673159.345339997671545 ], [ -2099543.260295001789927, 673161.354923000559211 ], [ -2099558.967564999591559, 673163.148230003658682 ], [ -2099574.845075001940131, 673164.690649999771267 ], [ -2099590.416945004835725, 673166.957137000747025 ], [ -2099606.017126001417637, 673168.987418998032808 ], [ -2099621.633787005208433, 673170.780456999782473 ], [ -2099637.255277004558593, 673172.335946998093277 ], [ -2099652.86956700310111, 673173.653032997623086 ], [ -2099668.465357001870871, 673174.731713998131454 ], [ -2099684.018547002226114, 673175.572178002912551 ], [ -2099699.530117004644126, 673176.17448000330478 ], [ -2099715.040637001395226, 673176.45157799962908 ], [ -2099730.607287002727389, 673176.381547002587467 ], [ -2099746.133897000923753, 673175.922319002449512 ], [ -2099761.575057, 673175.226701002102345 ], [ -2099776.920457002706826, 673174.296098000369966 ], [ -2099792.159897000994533, 673173.131303001660854 ], [ -2099807.280687005259097, 673171.733902999199927 ], [ -2099822.342277000192553, 673170.175224998500198 ], [ -2099837.341907001100481, 673167.706048002932221 ], [ -2099852.197377004195005, 673165.007865998428315 ], [ -2099866.899707003962249, 673162.082634998019785 ], [ -2099881.506717004347593, 673159.002532003447413 ], [ -2099895.877807002514601, 673155.62814199924469 ], [ -2099910.07098700478673, 673152.031951000913978 ], [ -2099919.549146999605, 673149.489080002065748 ], [ -2099929.078937003854662, 673146.564641999546438 ], [ -2099938.744037005119026, 673143.323858000338078 ], [ -2099948.632967000361532, 673139.830608999822289 ], [ -2099958.627657003700733, 673135.937786999624223 ], [ -2099968.903537000529468, 673131.771161003038287 ], [ -2099979.365327004808933, 673127.173382997978479 ], [ -2099990.13412700034678, 673122.191570999100804 ], [ -2100011.095547003671527, 673112.064618004020303 ], [ -2100034.001839004922658, 673100.436186997685581 ], [ -2100057.302977001760155, 673088.690607000607997 ], [ -2100122.758234001230448, 673053.061318000778556 ], [ -2100143.971625002566725, 673040.47860899893567 ], [ -2100163.267426000908017, 673029.352686997968704 ], [ -2100185.308587003033608, 673017.446345998439938 ], [ -2100206.161198, 673006.890432004351169 ], [ -2100226.137108005583286, 672997.445723999291658 ], [ -2100235.105128002818674, 672994.600753003265709 ], [ -2100243.876918002031744, 672992.081954997498542 ], [ -2100265.985449001658708, 672983.441445003729314 ], [ -2100286.777869002427906, 672978.287026002071798 ], [ -2100309.686450004111975, 672969.817294001579285 ], [ -2100331.185050004627556, 672964.633700002916157 ], [ -2100354.811101004481316, 672957.010768998414278 ], [ -2100377.040471000596881, 672952.671414001379162 ], [ -2100401.360492000356317, 672945.790853998158127 ], [ -2100424.404502003453672, 672942.387656003702432 ], [ -2100449.490023003425449, 672936.343765001744032 ], [ -2100473.267123002093285, 672933.675185998436064 ], [ -2100496.993288003839552, 672930.885822004172951 ], [ -2100521.097743002697825, 672928.410058001987636 ], [ -2100545.804930999875069, 672926.775005999021232 ], [ -2100571.395501000341028, 672926.295694997999817 ], [ -2100597.478851002641022, 672926.315868003759533 ], [ -2100624.068611004389822, 672926.744668999221176 ], [ -2100650.355801003985107, 672927.569589004386216 ], [ -2100677.172881002537906, 672928.778390000108629 ], [ -2100704.562891001813114, 672930.462350001093 ], [ -2100732.600851004943252, 672932.522347004152834 ], [ -2100761.1911910045892, 672934.469368998426944 ], [ -2100788.837524000555277, 672939.721708000637591 ], [ -2100818.883423999417573, 672942.243863997980952 ], [ -2100849.812803999520838, 672945.171476003248245 ], [ -2100879.179166000336409, 672951.538196003530174 ], [ -2100911.266445999033749, 672955.186998998280615 ], [ -2100944.110792001709342, 672958.952673003077507 ], [ -2100976.571060004644096, 672966.105279998388141 ], [ -2101012.514338001608849, 672971.044041001237929 ], [ -2101049.902615005150437, 672979.842853000387549 ], [ -2101144.666331002954394, 672997.577903999947011 ], [ -2101222.009394003544003, 673016.350922002922744 ], [ -2101263.459224001504481, 673022.77951099909842 ], [ -2101302.171980001963675, 673032.561740998644382 ], [ -2101336.87656700052321, 673042.072547999676317 ], [ -2101372.939797005616128, 673048.794533003121614 ], [ -2101404.924991001840681, 673058.373498999513686 ], [ -2101435.046339001972228, 673068.212386999744922 ], [ -2101465.104599004611373, 673074.976914002560079 ], [ -2101495.4879390001297, 673082.561203001532704 ], [ -2101524.534769001882523, 673090.472176000941545 ], [ -2101552.580059003550559, 673099.048775000497699 ], [ -2101579.741009001620114, 673108.379219002556056 ], [ -2101592.95957899838686, 673113.22382400278002 ], [ -2101605.906779003329575, 673118.198006002698094 ], [ -2101618.634499, 673123.291207002475858 ], [ -2101631.130169002339244, 673128.516426999121904 ], [ -2101643.411659002304077, 673133.866402000188828 ], [ -2101655.451089004054666, 673139.354621998500079 ], [ -2101667.285078999586403, 673144.971199001651257 ], [ -2101678.901288999244571, 673150.724289004225284 ], [ -2101700.512249001301825, 673162.047323998995125 ], [ -2101722.260299004148692, 673174.198363003786653 ], [ -2101744.157019000500441, 673187.183446002658457 ], [ -2101766.23233899846673, 673201.005117003805935 ], [ -2101788.465499005280435, 673215.68179000262171 ], [ -2101810.912578999064863, 673231.217509002890438 ], [ -2101833.671022003516555, 673247.834318001754582 ], [ -2101856.844927999656647, 673265.759871002286673 ], [ -2101880.16628900077194, 673284.48490100260824 ], [ -2101903.854199002962559, 673304.258133999537677 ], [ -2101927.650198999326676, 673324.617777998559177 ], [ -2101951.797199004329741, 673345.870999000966549 ], [ -2101976.381919004954398, 673368.167828000150621 ], [ -2102001.602799001149833, 673391.643905999138951 ], [ -2102027.668172999750823, 673416.529807002283633 ], [ -2102054.849299003370106, 673443.29565200349316 ], [ -2102061.869291, 673450.490813997574151 ], [ -2102068.859291003085673, 673458.003021001350135 ], [ -2102075.705523, 673465.493593002203852 ], [ -2102082.476245004683733, 673473.22592500038445 ], [ -2102089.174467001110315, 673481.203681002836674 ], [ -2102095.804879002738744, 673489.432229000609368 ], [ -2102102.371671003755182, 673497.917002003639936 ], [ -2102108.88008299889043, 673506.664166000671685 ], [ -2102121.776724999770522, 673525.031324997544289 ], [ -2102134.465495003852993, 673544.547927004285157 ], [ -2102147.079514999408275, 673565.323317002970725 ], [ -2102159.669604999013245, 673587.467298998963088 ], [ -2102170.027945001609623, 673606.747681002598256 ], [ -2102180.524994999635965, 673627.226718000601977 ], [ -2102191.267125001642853, 673649.109930003527552 ], [ -2102202.423844999633729, 673672.779932001139969 ], [ -2102212.161165000870824, 673694.06396200042218 ], [ -2102222.78938499931246, 673717.884964997880161 ], [ -2102258.410495004616678, 673799.424526997841895 ], [ -2102272.048405001871288, 673830.338303000666201 ], [ -2102286.047338998876512, 673861.333082998171449 ], [ -2102299.08590200310573, 673889.055756003595889 ], [ -2102306.538205004297197, 673904.330770002678037 ], [ -2102313.789025999605656, 673918.901487004011869 ], [ -2102321.033232002519071, 673932.874565003905445 ], [ -2102328.223237001337111, 673946.267625999171287 ], [ -2102335.315980000421405, 673959.103724004235119 ], [ -2102342.483277005143464, 673971.489217001013458 ], [ -2102349.706577003933489, 673983.417085998225957 ], [ -2102356.958627001382411, 673994.907395004294813 ], [ -2102365.58371700020507, 674007.922850002069026 ], [ -2102374.324287003837526, 674020.418714000377804 ], [ -2102383.160017003305256, 674032.49039000319317 ], [ -2102392.104327000211924, 674043.936081997584552 ], [ -2102401.135727002751082, 674054.956232004333287 ], [ -2102410.337357002776116, 674065.417720001190901 ], [ -2102419.734447003807873, 674075.562822002917528 ], [ -2102429.283597003202885, 674085.131600998807698 ], [ -2102439.024087000172585, 674094.380433997604996 ], [ -2102448.933596998918802, 674103.177424000576138 ], [ -2102459.02209700550884, 674111.425226002000272 ], [ -2102469.290907005313784, 674119.336473002564162 ], [ -2102479.749727002810687, 674126.812663001008332 ], [ -2102490.403737000189722, 674133.857088003773242 ], [ -2102501.258247002959251, 674140.473048004321754 ], [ -2102512.338687003590167, 674146.686488003935665 ], [ -2102530.236106999218464, 674155.438310999888927 ], [ -2102549.294897004030645, 674163.872325002681464 ], [ -2102569.622927002143115, 674172.155520001892 ], [ -2102591.377327003050596, 674180.352105999365449 ], [ -2102614.38015699852258, 674188.410693000536412 ], [ -2102639.416536998935044, 674196.636096001602709 ], [ -2102666.976057004183531, 674205.163736997637898 ], [ -2102699.669687001034617, 674214.820163001306355 ], [ -2102710.412377005442977, 674217.815150004345924 ], [ -2102721.314597003161907, 674220.648768003564328 ], [ -2102732.353829003870487, 674223.381445003673434 ], [ -2102743.521629004739225, 674226.17915600258857 ], [ -2102754.829906004481018, 674228.691267003305256 ], [ -2102766.319193004630506, 674231.046705998945981 ], [ -2102777.976137000136077, 674233.224167000036687 ], [ -2102789.80848700273782, 674235.224809003528208 ], [ -2102813.804236999712884, 674239.138139002490789 ], [ -2102838.606957005336881, 674242.377368999645114 ], [ -2102864.280057003721595, 674245.093206000514328 ], [ -2102890.911607, 674247.348391003441066 ], [ -2102915.788126999512315, 674248.728213001042604 ], [ -2102941.846536999568343, 674249.578798000700772 ], [ -2102969.378337004687637, 674249.739626001566648 ], [ -2102999.067547003738582, 674248.405580998398364 ], [ -2103026.837627003900707, 674246.788393001072109 ], [ -2103057.756287000607699, 674244.620824999641627 ], [ -2103170.338947001378983, 674235.751473000273108 ], [ -2103216.080593004822731, 674233.295160997658968 ], [ -2103240.593152004294097, 674232.267181998584419 ], [ -2103263.563952001277357, 674231.714014997705817 ], [ -2103285.40656200516969, 674231.438709998503327 ], [ -2103306.24847200512886, 674231.386434002313763 ], [ -2103331.035362003836781, 674231.817563003860414 ], [ -2103354.784332004841417, 674232.720516997855157 ], [ -2103377.645232003647834, 674234.009518998675048 ], [ -2103399.739461999386549, 674235.775936998892576 ], [ -2103421.157142003066838, 674237.852170000318438 ], [ -2103441.8835419989191, 674240.135550999548286 ], [ -2103462.076961998827755, 674242.845329003408551 ], [ -2103481.757691999897361, 674246.056145001668483 ], [ -2103509.970182000659406, 674251.371570000890642 ], [ -2103538.338072005659342, 674257.144758003763855 ], [ -2103566.883171999827027, 674263.306378997862339 ], [ -2103595.55806200299412, 674269.994178999215364 ], [ -2103624.452692002989352, 674277.116368002723902 ], [ -2103653.393255000468343, 674285.234567997977138 ], [ -2103682.436961999163032, 674293.966584001667798 ], [ -2103711.59450200246647, 674303.163525003474206 ], [ -2103740.897668000776321, 674312.816032999195158 ], [ -2103770.343834000639617, 674322.923131002578884 ], [ -2103799.881825004238635, 674333.642775999382138 ], [ -2103829.608031001407653, 674344.657232000958174 ], [ -2103859.279427000321448, 674356.266474001575261 ], [ -2103889.384783003479242, 674367.603501000441611 ], [ -2103919.64189400523901, 674379.356105002108961 ], [ -2103950.100400000344962, 674391.483537003863603 ], [ -2103980.656195001676679, 674404.070746001787484 ], [ -2104011.354586999863386, 674417.172045004088432 ], [ -2104042.184967001900077, 674430.584399002604187 ], [ -2104073.178867004346102, 674444.438219000585377 ], [ -2104116.60905800294131, 674432.420212998986244 ], [ -2104160.196850000880659, 674420.840866000391543 ], [ -2104205.65060699917376, 674406.791997999884188 ], [ -2104249.709454005584121, 674396.468249997589737 ], [ -2104288.824444004800171, 674396.457442002836615 ], [ -2104316.433640005066991, 674419.825722001958638 ], [ -2104344.686619999818504, 674444.281859002541751 ], [ -2104373.107810000423342, 674468.980611003469676 ], [ -2104401.850240004714578, 674493.541544998064637 ], [ -2104430.672239999752492, 674518.528504997957498 ], [ -2104459.568529998883605, 674543.937830003444105 ], [ -2104488.533050005789846, 674569.766587000805885 ], [ -2104550.750307003501803, 674623.626885003875941 ], [ -2104561.714400003664196, 674631.544506002683192 ], [ -2104585.379670003429055, 674640.564353998750448 ], [ -2104610.993680003099144, 674655.994063002988696 ], [ -2104634.720180004835129, 674670.685186002403498 ], [ -2104656.901240005157888, 674684.85505100293085 ], [ -2104678.132200004067272, 674699.690936001949012 ], [ -2104700.382760005537421, 674717.617030997760594 ], [ -2104724.474750002846122, 674747.493147003930062 ], [ -2104747.296360003296286, 674775.923646002542228 ], [ -2104769.481131001375616, 674805.122211002744734 ], [ -2104790.740731001831591, 674834.338536004070193 ], [ -2104810.000191001687199, 674858.103560000192374 ], [ -2104828.394551001954824, 674881.942070003598928 ], [ -2104844.569350998848677, 674899.309013000223786 ], [ -2104855.09053100226447, 674912.178215002175421 ], [ -2104865.2363410028629, 674924.266654999461025 ], [ -2104875.291771004442126, 674936.656671998091042 ], [ -2104885.259921004064381, 674949.351864998694509 ], [ -2104895.426071000285447, 674963.435122004244477 ], [ -2104905.229551003314555, 674976.752751998137683 ], [ -2104914.956540999468416, 674990.38898400310427 ], [ -2104924.893501003272831, 675005.428662000689656 ], [ -2104934.473651002626866, 675019.709671000484377 ], [ -2104944.273401001468301, 675035.406942000612617 ], [ -2104953.733681004494429, 675050.369773999322206 ], [ -2104963.425091000273824, 675066.766018998343498 ], [ -2104972.788330999203026, 675082.445403000339866 ], [ -2104982.987611005082726, 675101.948541999328882 ], [ -2104993.453519999515265, 675123.025909004267305 ], [ -2105003.900359999388456, 675144.509831001982093 ], [ -2105023.487178999464959, 675185.169863004703075 ], [ -2105039.368369000498205, 675198.704748998396099 ], [ -2105053.816369003150612, 675200.898927001748234 ], [ -2105068.666034003719687, 675205.50069799926132 ], [ -2105083.920194004196674, 675216.885674001649022 ], [ -2105099.859159003943205, 675226.678912998177111 ], [ -2105116.522963998839259, 675247.764481997583061 ], [ -2105141.247075000777841, 675305.633703000377864 ], [ -2105145.14578000176698, 675315.074125998653471 ], [ -2105148.549985002726316, 675323.987569999415427 ], [ -2105152.647875003051013, 675339.452775999438018 ], [ -2105156.780224999412894, 675359.860846999101341 ], [ -2105160.556635000742972, 675375.791322003584355 ], [ -2105164.175815001130104, 675391.965329003054649 ], [ -2105167.6402150047943, 675408.390190003905445 ], [ -2105170.952575003262609, 675425.075244002509862 ], [ -2105174.307095002382994, 675446.724893001839519 ], [ -2105177.319285003468394, 675463.942966002039611 ], [ -2105180.188165003433824, 675481.454008997883648 ], [ -2105182.917515004519373, 675499.273644000291824 ], [ -2105189.66177500365302, 675549.970830000936985 ], [ -2105195.537143, 675596.647755997721106 ], [ -2105200.209328, 675639.296484998892993 ], [ -2105204.589284003246576, 675683.327170001342893 ], [ -2105208.710629002191126, 675729.013739998452365 ], [ -2105212.790714002214372, 675777.683830003719777 ], [ -2105215.525394002441317, 675808.180412002373487 ], [ -2105218.2695940034464, 675841.928458997514099 ], [ -2105227.132924004457891, 675958.701452002394944 ], [ -2105230.786414004396647, 676003.702695997897536 ], [ -2105234.726734003983438, 676048.171196000184864 ], [ -2105238.899144004099071, 676088.986588001251221 ], [ -2105241.337755004409701, 676111.13905099965632 ], [ -2105243.912646002136171, 676132.393931001890451 ], [ -2105246.639215999282897, 676152.877630998846143 ], [ -2105249.52874700166285, 676172.674320001620799 ], [ -2105252.595218005590141, 676191.875368002802134 ], [ -2105255.843948003835976, 676210.510618998203427 ], [ -2105259.122419000603259, 676227.836452999617904 ], [ -2105262.437239002436399, 676243.887478999327868 ], [ -2105266.707629000768065, 676262.537503003142774 ], [ -2105271.281049005221575, 676280.57107299938798 ], [ -2105276.166549005080014, 676298.024075002409518 ], [ -2105281.432118998840451, 676314.900662001688033 ], [ -2105286.967999000567943, 676331.278471000026911 ], [ -2105292.839449002873152, 676347.148894998710603 ], [ -2105299.053189003374428, 676362.530122003518045 ], [ -2105305.675308999139816, 676377.413486002478749 ], [ -2105312.602429000660777, 676391.879917998798192 ], [ -2105319.891179002821445, 676405.896521998569369 ], [ -2105327.606739000417292, 676419.450112001039088 ], [ -2105335.635059000458568, 676432.597330001182854 ], [ -2105344.10135900368914, 676445.299967998173088 ], [ -2105352.949989002197981, 676457.587933000642806 ], [ -2105362.126299000810832, 676469.491743998136371 ], [ -2105371.754109003115445, 676480.969161004759371 ], [ -2105384.367329001426697, 676494.924972999840975 ], [ -2105397.74847900448367, 676508.852160001173615 ], [ -2105411.983089002314955, 676522.754018001258373 ], [ -2105427.166248998604715, 676536.640798999462277 ], [ -2105445.358804, 676529.747925998643041 ], [ -2105464.664634002372622, 676522.919872000813484 ], [ -2105482.155113000422716, 676537.642060998827219 ], [ -2105499.691330000758171, 676561.244775003753603 ], [ -2105515.902398004662246, 676578.513888998422772 ], [ -2105532.56800500350073, 676600.529200003482401 ], [ -2105551.15559300314635, 676618.650914004072547 ], [ -2105570.679269999731332, 676642.010497998911887 ], [ -2105608.505436001811177, 676677.264752002432942 ], [ -2105699.166015998460352, 676734.97574999788776 ], [ -2105720.604126002639532, 676748.630595999769866 ], [ -2105739.801395999733359, 676761.087138999719173 ], [ -2105790.152176005300134, 676793.661795002873987 ], [ -2105840.899956002831459, 676825.594615998677909 ], [ -2105891.817685003392398, 676857.151702998671681 ], [ -2105942.692403000313789, 676888.707702001091093 ], [ -2105963.156320031266659, 676901.329879971221089 ], [ -2105994.158393000718206, 676920.452010001987219 ], [ -2106046.090703004971147, 676952.11554000293836 ], [ -2106098.473933003842831, 676982.671889000106603 ], [ -2106151.619882999453694, 677010.978119998238981 ], [ -2106205.056093005463481, 677038.447310002986342 ], [ -2106258.889652002602816, 677065.274654000066221 ], [ -2106313.12023200513795, 677091.460215002298355 ], [ -2106366.655043003614992, 677114.273637001402676 ], [ -2106420.065500003751367, 677134.699960998259485 ], [ -2106473.916380004025996, 677155.102343999780715 ], [ -2106524.061820001807064, 677179.089588002301753 ], [ -2106520.332270000129938, 677191.538196002598852 ], [ -2106516.670650004409254, 677204.538745001889765 ], [ -2106513.3275700006634, 677217.814379998482764 ], [ -2106510.368500004988164, 677230.796167004387826 ], [ -2106507.728190003428608, 677244.052830997854471 ], [ -2106505.389470003079623, 677257.122631003614515 ], [ -2106503.48454000428319, 677270.076219999231398 ], [ -2106501.815780002623796, 677283.411680999211967 ], [ -2106500.613550000358373, 677296.346471001859754 ], [ -2106499.64749000268057, 677309.662949998863041 ], [ -2106499.065550004132092, 677322.685753001831472 ], [ -2106498.802140004001558, 677335.983555003535002 ], [ -2106498.92283000331372, 677348.987619998399168 ], [ -2106499.362119999714196, 677362.266440004110336 ], [ -2106499.94485000288114, 677371.96581699885428 ], [ -2106500.761599999852479, 677381.887668001931161 ], [ -2106501.726720003411174, 677392.103281003888696 ], [ -2106503.000799999572337, 677402.35887099802494 ], [ -2106504.413799999281764, 677412.829916001763195 ], [ -2106506.090810000896454, 677423.538362998049706 ], [ -2106510.038079999852926, 677444.487777004018426 ], [ -2106512.25772000150755, 677454.923970999196172 ], [ -2106514.612125004641712, 677465.223384000360966 ], [ -2106517.089141001924872, 677475.337251000106335 ], [ -2106519.786016999743879, 677485.213446999434382 ], [ -2106522.614759004209191, 677495.083882001694292 ], [ -2106525.599105001892895, 677504.352473001461476 ], [ -2106528.691851001232862, 677513.262482998427004 ], [ -2106531.932976999785751, 677521.683295001741499 ], [ -2106536.030732003040612, 677530.834150001872331 ], [ -2106538.323512005619705, 677535.052532998844981 ], [ -2106540.752221999224275, 677539.104718003422022 ], [ -2106543.30834800330922, 677543.310931999236345 ], [ -2106546.033748004585505, 677547.067339998204261 ], [ -2106548.886994, 677550.978388003539294 ], [ -2106551.922274001408368, 677554.458368998486549 ], [ -2106555.062020003329962, 677558.058381000068039 ], [ -2106558.396310004871339, 677561.245575002860278 ], [ -2106561.88092999951914, 677564.287201002705842 ], [ -2106565.471536004915833, 677567.45020200079307 ], [ -2106569.258036001585424, 677570.201788999140263 ], [ -2106573.196266003884375, 677572.809027002658695 ], [ -2106577.275066003203392, 677575.254584002774209 ], [ -2106581.518836, 677577.574225001968443 ], [ -2106590.458966001868248, 677581.779975001234561 ], [ -2106600.007366003002971, 677585.399787002243102 ], [ -2106610.195356003940105, 677588.471015003044158 ], [ -2106621.020246005617082, 677590.979193003382534 ], [ -2106632.478066001553088, 677592.90900299930945 ], [ -2106644.608076004777104, 677594.297979998402297 ], [ -2106657.41294600116089, 677595.130622000899166 ], [ -2106670.91178600396961, 677595.408025998156518 ], [ -2106684.116556000430137, 677595.167792002670467 ], [ -2106697.963846004102379, 677594.446784002706409 ], [ -2106712.479836005251855, 677593.243597999680787 ], [ -2106727.699076005257666, 677591.555426004342735 ], [ -2106743.6566560016945, 677589.397772002499551 ], [ -2106760.400366000831127, 677586.726629997603595 ], [ -2106778.008766001556069, 677583.548772999551147 ], [ -2106796.007370004896075, 677580.354084001854062 ], [ -2106812.576233999803662, 677577.151520003564656 ], [ -2106830.13037700438872, 677573.51579000428319 ], [ -2106848.819106998853385, 677569.3724310034886 ], [ -2106868.985876004677266, 677564.342075999360532 ], [ -2106908.488425999879837, 677554.453971000853926 ], [ -2107015.886336005758494, 677526.738848003093153 ], [ -2107047.725085003301501, 677518.109420998487622 ], [ -2107075.869375003036112, 677510.826185998041183 ], [ -2107107.295225003734231, 677503.364362002816051 ], [ -2107121.935545003972948, 677500.378522001672536 ], [ -2107135.87023500027135, 677497.63493100181222 ], [ -2107149.309015004429966, 677495.301922999322414 ], [ -2107162.192205003462732, 677492.951122003607452 ], [ -2107174.585215001832694, 677491.244701003655791 ], [ -2107186.499515000265092, 677489.84528700215742 ], [ -2107200.721685003489256, 677488.42994300276041 ], [ -2107214.331485002301633, 677487.579905998893082 ], [ -2107227.291325005237013, 677487.202526003587991 ], [ -2107239.688145999331027, 677489.398833003826439 ], [ -2107251.481517003383487, 677492.067491998430341 ], [ -2107262.352930004708469, 677493.594529998954386 ], [ -2107272.697949003428221, 677495.161756000481546 ], [ -2107282.314409001730382, 677497.101060004439205 ], [ -2107291.386733002960682, 677499.331193000543863 ], [ -2107300.071163001935929, 677502.338177000638098 ], [ -2107308.144442999269813, 677505.738350003026426 ], [ -2107315.679437002167106, 677509.433379003312439 ], [ -2107322.750897004734725, 677513.90056700212881 ], [ -2107329.225761004723608, 677518.576738001778722 ], [ -2107335.338691004086286, 677524.043003004509956 ], [ -2107340.835165002383292, 677529.801998000591993 ], [ -2107344.708100005052984, 677534.398742999415845 ], [ -2107348.551180004142225, 677539.542724999133497 ], [ -2107352.014624000526965, 677544.723456002306193 ], [ -2107355.316378000192344, 677550.083386002108455 ], [ -2107358.593848004005849, 677555.998607999179512 ], [ -2107361.592202004976571, 677561.973344999365509 ], [ -2107364.340806003659964, 677568.125267003197223 ], [ -2107367.072006000671536, 677574.84566499851644 ], [ -2107369.622426, 677581.835899003781378 ], [ -2107371.997906003613025, 677589.10970300110057 ], [ -2107374.38151600304991, 677596.817466003354639 ], [ -2107376.587756002321839, 677604.941306998021901 ], [ -2107378.625536001287401, 677613.37087200442329 ], [ -2107380.505416000261903, 677622.002097999211401 ], [ -2107382.21543600037694, 677631.081871003378183 ], [ -2107383.772756001912057, 677640.39089199854061 ], [ -2107386.197616000659764, 677658.167686000466347 ], [ -2107388.141646001953632, 677677.137901003006846 ], [ -2107389.607046002522111, 677697.719756001606584 ], [ -2107390.783016002271324, 677720.244497998151928 ], [ -2107391.515566002111882, 677742.331128001213074 ], [ -2107391.91572600370273, 677767.161106002051383 ], [ -2107391.976366003975272, 677866.383353000506759 ], [ -2107392.238466003909707, 677889.237928000744432 ], [ -2107392.564586002379656, 677909.565030997619033 ], [ -2107393.329363004304469, 677932.739796003326774 ], [ -2107394.232328004203737, 677954.236330998595804 ], [ -2107395.67026500031352, 677974.564538999926299 ], [ -2107397.317120004445314, 677993.613260001409799 ], [ -2107399.824574999511242, 678015.667167999316007 ], [ -2107402.809806999284774, 678036.208434998523444 ], [ -2107406.237967002671212, 678055.444031001068652 ], [ -2107408.203977, 678064.681030999403447 ], [ -2107410.288997003808618, 678073.644042998086661 ], [ -2107412.557677000295371, 678082.444396999664605 ], [ -2107414.984917004127055, 678091.015015000011772 ], [ -2107417.571897003799677, 678099.361389001831412 ], [ -2107420.320306999608874, 678107.488587002269924 ], [ -2107423.231807004194707, 678115.401428003795445 ], [ -2107426.307616998907179, 678123.103028004057705 ], [ -2107429.513297001365572, 678130.565796000417322 ], [ -2107432.897277004551142, 678137.794007000047714 ], [ -2107443.167527002282441, 678158.620881003793329 ], [ -2107452.247477002907544, 678176.438903998583555 ], [ -2107460.842197002377361, 678192.58639500150457 ], [ -2107469.113316999282688, 678207.361206002067775 ], [ -2107477.288417004514486, 678221.206557997968048 ], [ -2107485.34255700185895, 678233.964400998782367 ], [ -2107493.305307001341134, 678245.777709999587387 ], [ -2107501.218947000335902, 678256.662247001659125 ], [ -2107505.669807002879679, 678262.348357998766005 ], [ -2107510.268676998559386, 678267.883469002321362 ], [ -2107515.004887004382908, 678273.298508000560105 ], [ -2107519.901067001745105, 678278.533631003927439 ], [ -2107524.947017003782094, 678283.61952299810946 ], [ -2107530.131837003864348, 678288.587112998124212 ], [ -2107535.47857700381428, 678293.376678998116404 ], [ -2107540.965697004459798, 678298.049042001366615 ], [ -2107546.615767003502697, 678302.544418003875762 ], [ -2107552.407457005232573, 678306.923812997993082 ], [ -2107558.364427004940808, 678311.127685001585633 ], [ -2107564.465017000213265, 678315.217101999558508 ], [ -2107570.73246700130403, 678319.132644000463188 ], [ -2107577.145796999335289, 678322.934830000158399 ], [ -2107583.728247003629804, 678326.564360998105258 ], [ -2107590.458836999256164, 678330.082184001337737 ], [ -2107604.394326999317855, 678336.655868003610522 ], [ -2107618.983377003110945, 678342.672241001855582 ], [ -2107634.228497, 678348.167236003559083 ], [ -2107650.169347001239657, 678353.087113001383841 ], [ -2107666.798127004876733, 678357.496963999699801 ], [ -2107684.03102300548926, 678360.92861699918285 ], [ -2107701.738153002690524, 678363.033102002926171 ], [ -2107720.174226999282837, 678363.842096003703773 ], [ -2107734.590599001850933, 678363.149101003538817 ], [ -2107749.487709002569318, 678361.760273001622409 ], [ -2107764.920519004110247, 678360.08158800099045 ], [ -2107780.819468999281526, 678357.534781001973897 ], [ -2107797.421358999796212, 678355.284033002331853 ], [ -2107814.614859004039317, 678352.573922999203205 ], [ -2107832.520069002173841, 678349.180124001111835 ], [ -2107851.292068999260664, 678345.909831998869777 ], [ -2107887.540059001650661, 678340.812786003109068 ], [ -2107929.023699002806097, 678338.851420998573303 ], [ -2107971.241559003479779, 678336.677503999322653 ], [ -2108082.843978999648243, 678329.139906002674252 ], [ -2108115.703559000976384, 678327.684007003437728 ], [ -2108144.091645004227757, 678324.863083000760525 ], [ -2108175.586796003393829, 678321.157655997667462 ], [ -2108205.168816003017128, 678322.102389000356197 ], [ -2108232.654265998862684, 678323.681329998187721 ], [ -2108245.705026002600789, 678324.769733001943678 ], [ -2108258.334416001103818, 678325.97450599912554 ], [ -2108280.973216004669666, 678328.199542998336256 ], [ -2108304.118535998743027, 678330.006916003767401 ], [ -2108328.034436004236341, 678330.953510001767427 ], [ -2108352.783146001398563, 678331.040728997904807 ], [ -2108378.189336003735662, 678330.714312998577952 ], [ -2108404.380926003679633, 678329.97352899890393 ], [ -2108431.473026000428945, 678328.814899001736194 ], [ -2108459.639226004015654, 678327.231708003208041 ], [ -2108484.045416001230478, 678325.581927997991443 ], [ -2108509.504316003993154, 678323.654563999269158 ], [ -2108536.359115999191999, 678321.353355000261217 ], [ -2108565.058696003630757, 678318.674339001532644 ], [ -2108616.013872000388801, 678312.395183003973216 ], [ -2108748.887012005317956, 678300.21554100420326 ], [ -2108788.421442002989352, 678296.372309001162648 ], [ -2108824.411571999080479, 678293.130365998949856 ], [ -2108864.509822001680732, 678289.995966001879424 ], [ -2108901.81020200252533, 678287.554161999374628 ], [ -2108937.326802001334727, 678285.922936999239028 ], [ -2108971.259172002319247, 678285.00557900313288 ], [ -2108991.184282001573592, 678284.793786999303848 ], [ -2109010.673661998473108, 678284.84096699859947 ], [ -2109029.700612000189722, 678285.269001002889127 ], [ -2109047.967939002905041, 678286.685597003437579 ], [ -2109065.9025560002774, 678288.363177999854088 ], [ -2109083.538286001421511, 678290.531269004102796 ], [ -2109101.202286004088819, 678294.293629002291709 ], [ -2109118.413926001172513, 678298.01119100023061 ], [ -2109135.51375599950552, 678302.656827003695071 ], [ -2109152.239826002158225, 678306.911220998968929 ], [ -2109168.905646003317088, 678311.744901000522077 ], [ -2109185.22131600510329, 678316.190275000408292 ], [ -2109201.450106003787369, 678321.568511003162712 ], [ -2109217.545016002841294, 678325.161527999211103 ], [ -2109233.667616002261639, 678328.99020200362429 ], [ -2109249.42628600075841, 678332.787566000595689 ], [ -2109258.487726002931595, 678335.074432002846152 ], [ -2109268.891586005222052, 678336.908050003927201 ], [ -2109303.753886001184583, 678341.708221002481878 ], [ -2109315.99056600080803, 678343.898467998486012 ], [ -2109326.730856, 678345.993865999393165 ], [ -2109336.007476003840566, 678348.3243100005202 ], [ -2109341.648096000775695, 678350.083892998285592 ], [ -2109346.809286005795002, 678352.003693003673106 ], [ -2109351.70148600358516, 678354.406159001402557 ], [ -2109355.996286001522094, 678356.682526002638042 ], [ -2109359.890875999350101, 678359.15432799840346 ], [ -2109363.565842005424201, 678362.135956997983158 ], [ -2109366.680462001822889, 678365.015413003508002 ], [ -2109369.416062003467232, 678368.108002999331802 ], [ -2109371.965717005077749, 678371.967440001200885 ], [ -2109374.08992700278759, 678375.485811000224203 ], [ -2109376.20342200435698, 678379.647677000146359 ], [ -2109378.021052001975477, 678384.201083002146333 ], [ -2109379.832608002703637, 678389.406711001880467 ], [ -2109381.230498001445085, 678394.297702997457236 ], [ -2109382.693303001113236, 678400.228550998494029 ], [ -2109383.926008, 678406.18680299911648 ], [ -2109385.754773999098688, 678418.767859001178294 ], [ -2109387.250334003008902, 678433.445961004123092 ], [ -2109388.013620001263916, 678447.688635998871177 ], [ -2109389.36846600426361, 678478.769754004199058 ], [ -2109389.378106002695858, 678488.68796700052917 ], [ -2109388.702266002539545, 678498.853800002951175 ], [ -2109387.339896005578339, 678509.280740998219699 ], [ -2109385.350885999854654, 678520.34818500187248 ], [ -2109382.60906600439921, 678531.344156004022807 ], [ -2109379.167956002987921, 678542.667153999675065 ], [ -2109375.079276003409177, 678554.711953999474645 ], [ -2109370.200186000205576, 678566.804543999023736 ], [ -2109365.090756001882255, 678578.781777998432517 ], [ -2109359.239496004767716, 678590.877176001667976 ], [ -2109352.722035999409854, 678603.912057999987155 ], [ -2109345.309426002204418, 678617.35686700232327 ], [ -2109338.24314600136131, 678630.121730001177639 ], [ -2109330.099456001073122, 678643.778086998965591 ], [ -2109302.184226002544165, 678690.384868001099676 ], [ -2109292.104756000451744, 678707.465771001763642 ], [ -2109282.387215999886394, 678724.744304999709129 ], [ -2109274.540836000815034, 678739.94642399949953 ], [ -2109270.327026004903018, 678748.760129004251212 ], [ -2109266.675656002014875, 678757.091901001054794 ], [ -2109263.556446004193276, 678765.007290998008102 ], [ -2109260.888966005295515, 678772.187649998348206 ], [ -2109258.781975999008864, 678779.40223400015384 ], [ -2109257.168986003380269, 678786.303768998943269 ], [ -2109256.044726004824042, 678792.915142998564988 ], [ -2109255.405755999032408, 678799.252895998302847 ], [ -2109255.124736001715064, 678804.212674002628773 ], [ -2109255.136026000138372, 678809.37605100357905 ], [ -2109255.314926002174616, 678814.020825997926295 ], [ -2109255.786050002090633, 678818.870787003543228 ], [ -2109256.424850004725158, 678823.203794002532959 ], [ -2109257.356305002234876, 678827.743939999025315 ], [ -2109258.455665004439652, 678831.768782003317028 ], [ -2109259.847879004664719, 678836.002103997860104 ], [ -2109261.408609004225582, 678839.721708001103252 ], [ -2109263.262594, 678843.651687003206462 ], [ -2109264.691194004379213, 678846.405714998487383 ], [ -2109267.009008000604808, 678850.035826997831464 ], [ -2109269.496908004395664, 678853.155821999534965 ], [ -2109271.623508000746369, 678855.463621998671442 ], [ -2109274.641143005806953, 678858.650374003686011 ], [ -2109277.831133005209267, 678861.329206999391317 ], [ -2109280.656693000346422, 678863.194625004194677 ], [ -2109284.313023003283888, 678865.579817997757345 ], [ -2109288.268947000615299, 678868.183135000988841 ], [ -2109291.806367001496255, 678869.618376997765154 ], [ -2109296.178427003789693, 678871.575530000962317 ], [ -2109300.792127000167966, 678873.391570004168898 ], [ -2109305.711442003026605, 678875.428541999310255 ], [ -2109310.814041999168694, 678876.964309003669769 ], [ -2109321.165372003801167, 678878.95411599939689 ], [ -2109333.122331999707967, 678881.056899004150182 ], [ -2109346.114772003144026, 678882.612685003317893 ], [ -2109360.237197002861649, 678883.987487002741545 ], [ -2109372.409376999828964, 678884.411498001776636 ], [ -2109385.330456999596208, 678884.483642002567649 ], [ -2109399.030477001331747, 678884.204101002309471 ], [ -2109413.548667004331946, 678883.57189799984917 ], [ -2109428.851342004258186, 678882.224929004441947 ], [ -2109445.140472002793103, 678880.881727999541909 ], [ -2109462.427261999808252, 678879.174696998670697 ], [ -2109480.747818999458104, 678877.475542998872697 ], [ -2109512.988123003859073, 678870.296154998708516 ], [ -2109551.204130002297461, 678862.074585999827832 ], [ -2109592.245927005074918, 678852.252036002464592 ], [ -2109686.415321000851691, 678833.251140000764281 ], [ -2109730.15068800188601, 678825.787647998891771 ], [ -2109775.816895004361868, 678818.399475000798702 ], [ -2109816.801462003961205, 678812.231575999874622 ], [ -2109840.272172004915774, 678809.169564999174327 ], [ -2109862.762652001343668, 678806.45417200261727 ], [ -2109884.271271998994052, 678803.740435998886824 ], [ -2109905.146572004072368, 678801.67763099912554 ], [ -2109925.348542004823685, 678799.9279970000498 ], [ -2109942.292761002667248, 678793.629983003251255 ], [ -2109958.990168005228043, 678788.143336999695748 ], [ -2109975.142448004335165, 678782.112030003219843 ], [ -2109993.508328000549227, 678774.897991003934294 ], [ -2110011.593608004506677, 678769.052319000475109 ], [ -2110029.099548003636301, 678764.125265000853688 ], [ -2110045.626167999580503, 678758.918486004229635 ], [ -2110061.950568004976958, 678755.081632998771966 ], [ -2110078.508378003723919, 678753.814054998103529 ], [ -2110095.60797799937427, 678755.828886001370847 ], [ -2110112.084548001177609, 678758.280241004191339 ], [ -2110128.129328000359237, 678761.39827499864623 ], [ -2110143.404118004254997, 678764.732076003216207 ], [ -2110158.245378001127392, 678768.733287998475134 ], [ -2110172.330468002706766, 678772.953502998221666 ], [ -2110185.994948002509773, 678777.844730002339929 ], [ -2110198.913588005118072, 678782.958316003438085 ], [ -2110209.91935800248757, 678787.878169002011418 ], [ -2110221.687428005039692, 678793.891596999950707 ], [ -2110232.873498002998531, 678799.579821000341326 ], [ -2110263.450758003629744, 678813.812600002158433 ], [ -2110270.409227004274726, 678817.434053003322333 ], [ -2110277.578666999004781, 678821.501436000224203 ], [ -2110284.247597001492977, 678826.052513002883643 ], [ -2110291.061437000520527, 678831.323082002811134 ], [ -2110292.72956700110808, 678833.378126999363303 ], [ -2110295.474866999313235, 678836.126296000089496 ], [ -2110297.968266998417675, 678838.932327003683895 ], [ -2110300.21479700319469, 678841.801710999570787 ], [ -2110300.790167001541704, 678843.994146998040378 ], [ -2110302.521177004091442, 678847.032355000264943 ], [ -2110304.075557005126029, 678850.279547003097832 ], [ -2110304.121426004450768, 678853.100949002429843 ], [ -2110305.333106001839042, 678856.788144001271576 ], [ -2110306.54547599889338, 678860.940419001504779 ], [ -2110305.933915999252349, 678864.257192004006356 ], [ -2110306.668775998987257, 678868.724598998203874 ], [ -2110306.241146000102162, 678876.370403000153601 ], [ -2110305.425936005078256, 678885.257480001077056 ], [ -2110304.261185004841536, 678894.259484997950494 ], [ -2110300.281025004107505, 678917.49334700172767 ], [ -2110299.329905004240572, 678930.188171003479511 ], [ -2110298.497515003196895, 678936.285155998077244 ], [ -2110299.442695003002882, 678942.579163002315909 ], [ -2110299.183315001428127, 678947.45355200022459 ], [ -2110299.232625004369766, 678951.83459500130266 ], [ -2110302.808605005033314, 678961.324585003778338 ], [ -2110305.516805000603199, 678969.774779999163002 ], [ -2110308.85640500113368, 678978.051575001329184 ], [ -2110312.826484999619424, 678986.15295400377363 ], [ -2110317.426225004717708, 678994.077148002572358 ], [ -2110322.653995003085583, 679001.822143998462707 ], [ -2110328.508125002495944, 679009.385558999609202 ], [ -2110334.986525004729629, 679016.765136998146772 ], [ -2110342.090415004640818, 679023.961771002970636 ], [ -2110351.314305001404136, 679031.837137002497911 ], [ -2110359.654625005554408, 679038.653522003442049 ], [ -2110368.608014998957515, 679045.275326998904347 ], [ -2110376.530775999650359, 679050.874342003837228 ], [ -2110379.996463004499674, 679053.836072998587042 ], [ -2110382.56009900290519, 679055.726007001008838 ], [ -2110385.715742004103959, 679057.408298002090305 ], [ -2110389.473261999897659, 679058.993479000404477 ], [ -2110393.959132001269609, 679060.315969003830105 ], [ -2110395.627172003965825, 679066.503734003286809 ], [ -2110395.410761999897659, 679085.688370002899319 ], [ -2110405.67961199907586, 679096.149392002262175 ], [ -2110421.516472003422678, 679102.101991003844887 ], [ -2110438.444262000266463, 679107.236939999274909 ], [ -2110455.278432004153728, 679112.681726003065705 ], [ -2110473.244312002323568, 679117.31636900221929 ], [ -2110491.053582000546157, 679122.239549000281841 ], [ -2110509.821472001262009, 679126.30595500394702 ], [ -2110528.33111200388521, 679130.637949003372341 ], [ -2110547.703052002005279, 679134.092111000791192 ], [ -2110567.240352003835142, 679137.214304004330188 ], [ -2110586.259691999293864, 679140.555147000122815 ], [ -2110605.77507200371474, 679142.959139000624418 ], [ -2110619.208792003802955, 679144.156343004200608 ], [ -2110632.985092002898455, 679144.725312998518348 ], [ -2110647.133772005327046, 679144.66714700171724 ], [ -2110661.694382003974169, 679143.981904998421669 ], [ -2110676.691892001312226, 679142.669709999579936 ], [ -2110692.207692004740238, 679140.72452000156045 ], [ -2110708.895442001987249, 679137.569710997398943 ], [ -2110725.708912004251033, 679134.322519001550972 ], [ -2110739.863762001506984, 679131.207956003490835 ], [ -2110755.270992000121623, 679127.052721003070474 ], [ -2110770.925962002482265, 679122.955369998235255 ], [ -2110788.288812002167106, 679117.701561999507248 ], [ -2110820.269102004356682, 679107.771974000148475 ], [ -2110879.391843005083501, 679128.348326003644615 ], [ -2110901.349883001763374, 679121.164866998791695 ], [ -2110921.148933003656566, 679114.958886001259089 ], [ -2110942.241582999471575, 679109.609642999246716 ], [ -2110962.238803000655025, 679104.358069001697004 ], [ -2110981.006383000407368, 679100.727027001325041 ], [ -2110998.958893002476543, 679097.883216001559049 ], [ -2111058.464663004502654, 679088.417590999510139 ], [ -2111181.97794300224632, 679067.025966002605855 ], [ -2111235.331063001416624, 679058.274086000863463 ], [ -2111274.868005001917481, 679080.304073002655059 ], [ -2111288.248540003784001, 679086.557720003183931 ], [ -2111312.66485000308603, 679082.507763000205159 ], [ -2111340.757990004029125, 679079.417796997819096 ], [ -2111367.752810001373291, 679076.76716199843213 ], [ -2111393.852100000716746, 679073.413251000456512 ], [ -2111419.088490003719926, 679071.599407999776304 ], [ -2111443.61900999955833, 679070.191205002833158 ], [ -2111467.47942000022158, 679069.187665002886206 ], [ -2111490.726430004928261, 679068.5862249978818 ], [ -2111513.402820001821965, 679068.385846003424376 ], [ -2111537.59533, 679068.625408999156207 ], [ -2111561.189320001285523, 679069.345014000777155 ], [ -2111584.21940999943763, 679070.54520900407806 ], [ -2111606.712820002809167, 679072.227825998328626 ], [ -2111628.660890000872314, 679075.520763002801687 ], [ -2111650.154470003210008, 679078.174389001913369 ], [ -2111671.173880000133067, 679081.316356999333948 ], [ -2111691.696719998959452, 679086.075115002226084 ], [ -2111707.369280005805194, 679107.0954400007613 ], [ -2111719.134770000353456, 679132.938136002514511 ], [ -2111733.706620004959404, 679146.94535799883306 ], [ -2111752.631210003048182, 679153.929800000973046 ], [ -2111771.151330000720918, 679161.418819999787956 ], [ -2111789.273310001939535, 679169.414797000586987 ], [ -2111807.004050001967698, 679177.91999200405553 ], [ -2111824.349549998994917, 679186.937027003616095 ], [ -2111838.440040004439652, 679195.198019998148084 ], [ -2111852.934889999683946, 679204.46322299959138 ], [ -2111867.988880001474172, 679214.816440999507904 ], [ -2111883.965930004604161, 679227.795457000844181 ], [ -2111897.596029999665916, 679238.446037000976503 ], [ -2111912.735880005173385, 679251.865055997855961 ], [ -2111961.234585002996027, 679294.258885000366718 ], [ -2111978.49578700447455, 679308.096537998411804 ], [ -2111995.043039003387094, 679322.282158000394702 ], [ -2112010.212902002036572, 679334.96893899794668 ], [ -2112024.413863, 679345.117931000888348 ], [ -2112038.050254001747817, 679354.303972003050148 ], [ -2112051.298766000196338, 679362.628747001290321 ], [ -2112064.370027002878487, 679371.617401001509279 ], [ -2112073.736356999259442, 679375.642364003229886 ], [ -2112083.552947003860027, 679380.889007000252604 ], [ -2112093.731966999359429, 679385.893402002751827 ], [ -2112104.191437004134059, 679389.193756003398448 ], [ -2112115.166837002150714, 679393.739592998754233 ], [ -2112126.498316999524832, 679396.604583003558218 ], [ -2112137.558927001431584, 679399.725982003379613 ], [ -2112146.641817002557218, 679402.371184999588877 ], [ -2112162.72811700263992, 679407.564509001094848 ], [ -2112182.707009001169354, 679411.197932000271976 ], [ -2112206.312299000564963, 679415.305108999367803 ], [ -2112262.931199000217021, 679422.916499003767967 ], [ -2112291.695109003223479, 679427.870295002590865 ], [ -2112305.787699, 679429.994502000510693 ], [ -2112318.921919002663344, 679432.219903999008238 ], [ -2112331.513899004086852, 679435.838923003058881 ], [ -2112343.280929001048207, 679438.362544004339725 ], [ -2112355.483319000340998, 679442.519098998047411 ], [ -2112366.945419003255665, 679445.643305001314729 ], [ -2112378.12241900479421, 679450.262506999541074 ], [ -2112388.656719002407044, 679453.877314001787454 ], [ -2112398.988688998389989, 679459.014704001136124 ], [ -2112408.935099004767835, 679464.425531997811049 ], [ -2112418.517499005421996, 679470.118707998655736 ], [ -2112427.554119002074003, 679474.847102002240717 ], [ -2112433.916489003691822, 679479.608514998108149 ], [ -2112440.308818999677896, 679484.619746002368629 ], [ -2112453.030319001991302, 679494.165094998665154 ], [ -2112466.222029002383351, 679506.063899003900588 ], [ -2112479.87290900433436, 679519.197503999341279 ], [ -2112493.36722900532186, 679532.993342003319412 ], [ -2112508.003399002831429, 679548.498103003017604 ], [ -2112522.916149000637233, 679564.815401998348534 ], [ -2112563.896319002844393, 679612.001633003354073 ], [ -2112576.498768999241292, 679625.929711999837309 ], [ -2112584.138669000472873, 679619.579289003275335 ], [ -2112593.108238999731839, 679611.772813003975898 ], [ -2112602.07373900199309, 679608.386342003941536 ], [ -2112611.629479001276195, 679612.462442998308688 ], [ -2112620.930571003817022, 679615.543607998173684 ], [ -2112630.186152999289334, 679620.232031003572047 ], [ -2112640.533693000674248, 679626.562842003535479 ], [ -2112651.052132999524474, 679632.711217998992652 ], [ -2112661.581732998602092, 679638.218847998417914 ], [ -2112672.441292999312282, 679644.002050998620689 ], [ -2112683.47133299941197, 679649.602210000157356 ], [ -2112694.671462999656796, 679655.019630003720522 ], [ -2112705.881793000735343, 679659.796059002634138 ], [ -2112717.421542999800295, 679664.847450001165271 ], [ -2112729.130583002232015, 679669.715432002209127 ], [ -2112740.849403000436723, 679673.942238002084196 ], [ -2112752.896522999741137, 679678.443886003922671 ], [ -2112764.952733002137393, 679682.303872001823038 ], [ -2112777.336902999319136, 679686.438271003775299 ], [ -2112789.729603003710508, 679689.931068999692798 ], [ -2112802.449452999047935, 679693.698280999902636 ], [ -2112815.178332998882979, 679696.823708998505026 ], [ -2112828.233823000453413, 679700.223306999076158 ], [ -2112841.296503003686666, 679702.980875003151596 ], [ -2112854.5258730025962, 679705.554301003925502 ], [ -2112868.080742998979986, 679708.401713004335761 ], [ -2112881.641843003220856, 679710.606912997551262 ], [ -2112895.368343002628535, 679712.627909002825618 ], [ -2112909.419193003326654, 679714.9222820000723 ], [ -2112923.47528300434351, 679716.574686998967081 ], [ -2112937.695492999628186, 679718.042338000610471 ], [ -2112966.62610299885273, 679720.424295999575406 ], [ -2112996.366953, 679722.526103004347533 ], [ -2113025.496273000724614, 679716.649699002038687 ], [ -2113054.142062998842448, 679702.831109998282045 ], [ -2113085.161218003835529, 679699.113994997926056 ], [ -2113117.337738004513085, 679697.79978600051254 ], [ -2113150.023628005292267, 679695.591745004057884 ], [ -2113183.449228000827134, 679692.797738004010171 ], [ -2113217.489028003066778, 679689.264963002875447 ], [ -2113252.017828003037721, 679684.839698002673686 ], [ -2113287.14524800516665, 679679.677493998315185 ], [ -2113322.989417999517173, 679673.931279003620148 ], [ -2113359.296238005161285, 679667.296418998856097 ], [ -2113396.173538001254201, 679659.928588002454489 ], [ -2113433.609867999330163, 679651.829739002045244 ], [ -2113472.012057999614626, 679641.147849002387375 ], [ -2113511.389982001855969, 679628.213932001963258 ], [ -2113550.203576003201306, 679617.423894002102315 ], [ -2113589.710876002442092, 679606.50227200333029 ], [ -2113605.264626005198807, 679601.685629004146904 ], [ -2113621.409866, 679596.047148997429758 ], [ -2113638.471146004274487, 679589.612579002510756 ], [ -2113656.464776001404971, 679582.093115999363363 ], [ -2113672.212676004506648, 679575.085068000946194 ], [ -2113689.701116004027426, 679566.978996000252664 ], [ -2113748.176436003763229, 679538.706995002925396 ], [ -2113770.232976001687348, 679528.210124001372606 ], [ -2113792.497196, 679518.290080002043396 ], [ -2113812.667905999347568, 679509.935526999179274 ], [ -2113823.774906002916396, 679505.738322000950575 ], [ -2113834.3776860027574, 679501.839091003406793 ], [ -2113844.851986000780016, 679498.380534001626074 ], [ -2113854.928406004793942, 679495.183330001309514 ], [ -2113864.967406005132943, 679492.398295999504626 ], [ -2113874.672606002073735, 679489.856731001287699 ], [ -2113884.380795998498797, 679487.717326003592461 ], [ -2113893.954585999716073, 679485.893718000501394 ], [ -2113916.15167600242421, 679481.448283001314849 ], [ -2113938.872616005130112, 679476.872506998479366 ], [ -2113961.206929999403656, 679472.930195998866111 ], [ -2113982.297359000425786, 679469.905449004843831 ], [ -2114002.100949003826827, 679468.214469999074936 ], [ -2114021.411929001566023, 679467.006645003333688 ], [ -2114040.233639, 679466.282036003191024 ], [ -2114058.567259002476931, 679466.040641997475177 ], [ -2114076.425169004127383, 679466.282463001087308 ], [ -2114093.794859005138278, 679467.007865998893976 ], [ -2114110.676329005509615, 679468.217033000662923 ], [ -2114127.068848999682814, 679469.909843002445996 ], [ -2114143.096679002046585, 679472.166678998619318 ], [ -2114158.508849001023918, 679474.826468999497592 ], [ -2114173.429259004071355, 679477.969657998532057 ], [ -2114187.98192900326103, 679481.676079001743346 ], [ -2114194.958069000393152, 679483.732474997639656 ], [ -2114201.980039003770798, 679486.109427998308092 ], [ -2114209.183959001209587, 679488.891227998770773 ], [ -2114216.334778998978436, 679491.922660997603089 ], [ -2114223.692079001106322, 679495.368033999577165 ], [ -2114231.032468998804688, 679499.078850000631064 ], [ -2114238.629029003437608, 679503.227470001205802 ], [ -2114246.264829000458121, 679507.670830002054572 ], [ -2114254.244869003538042, 679512.6028360016644 ], [ -2114262.362239002715796, 679517.890068004373461 ], [ -2114270.939329005777836, 679523.740044001024216 ], [ -2114279.984648999758065, 679530.16374100279063 ], [ -2114298.396828999742866, 679543.858795004431158 ], [ -2114334.842589002568275, 679571.982849000021815 ], [ -2114350.138949003536254, 679583.551201000809669 ], [ -2114366.548139000777155, 679595.012610997539014 ], [ -2114381.647359001450241, 679603.925322000402957 ], [ -2114390.53740900196135, 679608.84907600004226 ], [ -2114399.428938999772072, 679613.379991003777832 ], [ -2114408.218969003297389, 679617.666469003539532 ], [ -2114416.822901003062725, 679621.432195000816137 ], [ -2114425.273807004559785, 679624.91126900119707 ], [ -2114433.099616999272257, 679628.160841002129018 ], [ -2114440.844617001712322, 679631.015639000106603 ], [ -2114448.612956998869777, 679633.538253001403064 ], [ -2114484.244577005039901, 679643.828507001046091 ], [ -2114516.044657004997134, 679652.288072000723332 ], [ -2114531.211497005075216, 679656.034927999135107 ], [ -2114545.794997000601143, 679659.387895002961159 ], [ -2114559.926287000998855, 679662.413529999554157 ], [ -2114573.716407001018524, 679665.173326998017728 ], [ -2114587.135597001295537, 679667.57933200430125 ], [ -2114600.147497004363686, 679669.662096000742167 ], [ -2114612.848707003518939, 679671.479938000440598 ], [ -2114625.069406999275088, 679672.920306000392884 ], [ -2114636.903516999445856, 679674.040546000469476 ], [ -2114648.351637005340308, 679674.84071599971503 ], [ -2114659.416027003899217, 679675.320514004211873 ], [ -2114670.09821700444445, 679675.480548001360148 ], [ -2114680.485607, 679675.317950002849102 ], [ -2114690.485857003834099, 679674.829546999186277 ], [ -2114700.099317003041506, 679674.015947998035699 ], [ -2114709.326127000618726, 679672.876727001741529 ], [ -2114718.166637003421783, 679671.411700000520796 ], [ -2114726.533117004670203, 679669.564684004057199 ], [ -2114734.600807001814246, 679667.44890000205487 ], [ -2114742.28171700052917, 679665.00749399792403 ], [ -2114749.488597004674375, 679662.183731999713928 ], [ -2114756.396197000984102, 679659.091325000394136 ], [ -2114762.916397004388273, 679655.673478001728654 ], [ -2114768.961586999706924, 679651.873703999910504 ], [ -2114774.706886999774724, 679647.805467000231147 ], [ -2114779.976567004341632, 679643.355667002964765 ], [ -2114784.858437004499137, 679638.581099999602884 ], [ -2114789.439737002365291, 679633.538253001403064 ], [ -2114793.110907005146146, 679628.482680000830442 ], [ -2114796.51432700175792, 679622.661055004224181 ], [ -2114799.690206999890506, 679616.008619001600891 ], [ -2114802.707077000290155, 679608.387249999213964 ], [ -2114805.037067003548145, 679601.474804000928998 ], [ -2114807.436637000180781, 679593.493999000173062 ], [ -2114814.762287002522498, 679566.191354000940919 ], [ -2114817.604427002836019, 679556.069984999485314 ], [ -2114820.533247003797442, 679546.444923001807183 ], [ -2114823.610247001051903, 679538.139716001227498 ], [ -2114826.972827004268765, 679530.457494002301246 ], [ -2114830.578997001051903, 679523.632085004355758 ], [ -2114834.553917001001537, 679517.592289999593049 ], [ -2114838.789507003501058, 679512.330961999483407 ], [ -2114844.960507001727819, 679506.076473002787679 ], [ -2114851.988507003057748, 679499.987390001304448 ], [ -2114860.000457000453025, 679494.037234004121274 ], [ -2114868.935738, 679488.082817999646068 ], [ -2114878.299863001331687, 679482.534371998626739 ], [ -2114889.108762999530882, 679476.809822999406606 ], [ -2114900.477963001001626, 679471.246774000581354 ], [ -2114923.005363004282117, 679460.454170999117196 ], [ -2114934.890492998994887, 679455.031380997505039 ], [ -2114947.111992998979986, 679449.905404000543058 ], [ -2114959.765193002298474, 679445.103768998291343 ], [ -2114972.948482999578118, 679440.653573002200574 ], [ -2114986.502493000589311, 679436.487007997464389 ], [ -2115000.622493002563715, 679432.659982000011951 ], [ -2115015.162473005242646, 679429.102181998081505 ], [ -2115030.324273000471294, 679425.869577000848949 ], [ -2115045.731073000933975, 679422.933174999896437 ], [ -2115061.834463002160192, 679420.295174998231232 ], [ -2115078.614803000818938, 679417.912607004400343 ], [ -2115096.091483005322516, 679415.738412003964186 ], [ -2115114.395993002224714, 679413.836984000634402 ], [ -2115133.843993003014475, 679412.129770003724843 ], [ -2115154.756893000565469, 679410.587776998989284 ], [ -2115178.116873000748456, 679409.137581997551024 ], [ -2115197.250303002540022, 679407.838204999919981 ], [ -2115247.773183001205325, 679404.031991001684219 ], [ -2115274.934073000214994, 679402.520395002327859 ], [ -2115289.607283001765609, 679402.10378 ], [ -2115303.238133002072573, 679402.056574001442641 ], [ -2115316.016865000594407, 679402.382171004079282 ], [ -2115328.174391000531614, 679403.075006000231951 ], [ -2115341.157180998940021, 679404.263421001844108 ], [ -2115353.435311000328511, 679405.925408000126481 ], [ -2115365.068491003476083, 679408.069023998919874 ], [ -2115376.171701003797352, 679410.733575004152954 ], [ -2115386.635201000142843, 679413.866021000314504 ], [ -2115396.62269100220874, 679417.534967001061887 ], [ -2115406.001901004929096, 679421.683587002102286 ], [ -2115414.938301001675427, 679426.382011998444796 ], [ -2115421.3593910029158, 679430.479608004447073 ], [ -2115427.865791005082428, 679435.459588000550866 ], [ -2115434.449111005757004, 679441.341180004179478 ], [ -2115441.236891004722565, 679448.238397003617138 ], [ -2115446.968701004050672, 679454.636406998150051 ], [ -2115453.127391004469246, 679462.05919800279662 ], [ -2115472.885331004392356, 679487.130425998475403 ], [ -2115479.929091000463814, 679495.817193003371358 ], [ -2115486.8017110042274, 679503.739616998005658 ], [ -2115493.204911, 679510.458184003829956 ], [ -2115499.590401000808924, 679516.413384999148548 ], [ -2115505.77681100089103, 679521.433403998613358 ], [ -2115512.003531005699188, 679525.653203000314534 ], [ -2115518.170521005056798, 679529.043584000784904 ], [ -2115525.652421000879258, 679532.289201002102345 ], [ -2115533.460341004654765, 679534.946244998369366 ], [ -2115541.686050999443978, 679537.05159199796617 ], [ -2115550.350721004419029, 679538.611040003597736 ], [ -2115559.54345100466162, 679539.659819001797587 ], [ -2115569.159961001947522, 679540.14101999765262 ], [ -2115579.319871004205197, 679540.08865200355649 ], [ -2115590.091970999725163, 679539.502226002048701 ], [ -2115598.604511001612991, 679538.672014003619552 ], [ -2115607.656141001731157, 679537.560991004109383 ], [ -2115617.251051002182066, 679536.128008001483977 ], [ -2115627.540420999750495, 679534.350603003520519 ], [ -2115648.580431000329554, 679530.103032003622502 ], [ -2115689.88472100161016, 679520.921624001115561 ], [ -2115706.817881003487855, 679517.376824003178626 ], [ -2115723.953811004757881, 679514.093803998082876 ], [ -2115739.025121003389359, 679511.796686003450304 ], [ -2115770.943384999874979, 679507.175594003405422 ], [ -2115803.439811004791409, 679502.149882998783141 ], [ -2115836.081291003618389, 679496.376080001704395 ], [ -2115868.915821004658937, 679489.85929500265047 ], [ -2115901.957201003562659, 679482.596844002138823 ], [ -2115935.226001003291458, 679474.584698001854122 ], [ -2115968.741321004461497, 679465.817852003034204 ], [ -2116002.525811002589762, 679456.290691998787224 ], [ -2116036.493030998855829, 679445.970867003779858 ], [ -2116070.84850100427866, 679434.9160579983145 ], [ -2116105.484301000833511, 679423.04008099809289 ], [ -2116140.573411004152149, 679410.407451998442411 ], [ -2116176.253710999153554, 679397.148479998111725 ], [ -2116212.925046000164002, 679383.204181003384292 ], [ -2116249.600349001120776, 679368.161242997739464 ], [ -2116286.525355999357998, 679352.111532997805625 ], [ -2116319.77769400505349, 679337.118647000286728 ], [ -2116353.608162000309676, 679321.38827300304547 ], [ -2116388.146303005050868, 679304.960223000496626 ], [ -2116423.479450999759138, 679287.73009300371632 ], [ -2116459.612588004209101, 679269.659144003409892 ], [ -2116496.685698000714183, 679250.640090002212673 ], [ -2116534.979477999731898, 679230.607714998535812 ], [ -2116574.653488001786172, 679209.400063001550734 ], [ -2116637.780398004688323, 679175.706909002736211 ], [ -2116707.519684000406414, 679138.380230000708252 ], [ -2116780.143724001012743, 679097.23984299832955 ], [ -2116922.619184003677219, 679015.791109001729637 ], [ -2116981.78697400027886, 678982.131501997821033 ], [ -2117043.816694003529847, 678947.27450800081715 ], [ -2117099.360733998939395, 678918.360705002211034 ], [ -2117133.569878003094345, 678901.000695998780429 ], [ -2117171.721347, 678880.812209998723119 ], [ -2117335.672247004695237, 678795.897664000280201 ], [ -2117374.060597004834563, 678775.735179000999779 ], [ -2117408.294926999602467, 678757.502132998779416 ], [ -2117447.692426999565214, 678736.020434003323317 ], [ -2117484.112727003637701, 678715.639806001912802 ], [ -2117514.082467002794147, 678691.783956002444029 ], [ -2117535.271527003031224, 678661.721071999985725 ], [ -2117553.611567001789808, 678651.666594999376684 ], [ -2117572.014661005698144, 678642.215206003282219 ], [ -2117589.917043001390994, 678631.771033002529293 ], [ -2117607.860212998464704, 678621.852750001009554 ], [ -2117624.894023004919291, 678611.310574002563953 ], [ -2117642.016092999838293, 678601.403348003979772 ], [ -2117658.261703005526215, 678590.849575999658555 ], [ -2117674.137183001730591, 678580.272977003827691 ], [ -2117690.166912999004126, 678570.283780002966523 ], [ -2117705.359293002635241, 678559.618557999376208 ], [ -2117720.216103005222976, 678548.904202002100646 ], [ -2117735.237593004014343, 678538.76797200134024 ], [ -2117749.450912998989224, 678527.932950004469603 ], [ -2117763.844403004273772, 678517.663175004068762 ], [ -2117777.442603004630655, 678506.683559997938573 ], [ -2117790.742412999272346, 678495.623746000230312 ], [ -2117813.436683000996709, 678477.569973999168724 ], [ -2117835.337593999691308, 678458.692337998189032 ], [ -2117857.456585001200438, 678440.128241003490984 ], [ -2117878.305445000529289, 678420.039358002599329 ], [ -2117898.389785999897867, 678398.994727001991123 ], [ -2117918.20104700140655, 678377.628804998472333 ], [ -2117937.753447004128247, 678355.875559000764042 ], [ -2117956.025357000529766, 678332.966847002040595 ], [ -2117969.146936999168247, 678304.838780000805855 ], [ -2117981.980797003023326, 678276.455274998676032 ], [ -2117996.353757002856582, 678249.704923997633159 ], [ -2118017.976381001994014, 678230.761917998548597 ], [ -2118038.118545005563647, 678209.732391999103129 ], [ -2118057.47025499958545, 678187.625117000658065 ], [ -2118076.548685000278056, 678165.196711002383381 ], [ -2118095.353975004516542, 678142.446894003544003 ], [ -2118078.313154999632388, 678142.446711000520736 ], [ -2118118.808465000241995, 678112.865718000568449 ], [ -2118159.600214999169111, 678083.896540001500398 ], [ -2118200.688155001960695, 678055.539302001241595 ], [ -2118241.511445003561676, 678027.118952004238963 ], [ -2118283.088749004062265, 678000.071270002517849 ], [ -2118323.245073999278247, 677971.638104997575283 ], [ -2118363.136529003735632, 677943.141768003813922 ], [ -2118403.324371001683176, 677915.257370002102107 ], [ -2118448.349151001311839, 677898.279819997958839 ], [ -2118492.083552001509815, 677878.028460002504289 ], [ -2118533.184672004543245, 677851.973596997559071 ], [ -2118574.582182000856847, 677826.530857001431286 ], [ -2118616.303812002763152, 677801.673350004013628 ], [ -2118658.293542003259063, 677777.454670001287013 ], [ -2118700.607571999076754, 677753.821346002165228 ], [ -2118743.217662001494318, 677730.799771999008954 ], [ -2118761.837782003451139, 677721.083769000135362 ], [ -2118780.78937200224027, 677711.514554999768734 ], [ -2118800.053352003917098, 677702.11477499967441 ], [ -2118819.611761998385191, 677692.906157000921667 ], [ -2118839.529852, 677683.830778001341969 ], [ -2118859.793531998991966, 677674.908780999481678 ], [ -2118883.294382004067302, 677674.690764001570642 ], [ -2118908.645592004992068, 677677.358999998308718 ], [ -2118932.653626, 677675.721147998701781 ], [ -2118954.436096000485122, 677667.329302003607154 ], [ -2118976.635985999368131, 677659.051347997970879 ], [ -2118999.30517600197345, 677650.886125999968499 ], [ -2119022.451716004870832, 677642.821305998135358 ], [ -2119046.116206000559032, 677634.843340000137687 ], [ -2119070.337096004746854, 677626.938494003377855 ], [ -2119095.148986005224288, 677619.08790800254792 ], [ -2119137.660826000850648, 677606.193926001433283 ], [ -2119182.336176, 677593.309526999946684 ], [ -2119229.611506002955139, 677580.300126999616623 ], [ -2119280.340318003669381, 677566.933969000354409 ], [ -2119326.642001002561301, 677556.920656000263989 ], [ -2119390.117014999501407, 677577.603426998015493 ], [ -2119568.046203005127609, 677534.461040999740362 ], [ -2119637.890633000992239, 677517.197893004398793 ], [ -2119674.601589001249522, 677507.909941003192216 ], [ -2119708.922732000704855, 677498.981314002536237 ], [ -2119741.437089003156871, 677490.342775002121925 ], [ -2119772.517389005050063, 677481.814723000861704 ], [ -2119821.65887000458315, 677515.483866998460144 ], [ -2119857.074065000284463, 677509.438493999652565 ], [ -2119890.124771003611386, 677499.199783004354686 ], [ -2119922.0808110027574, 677488.900036003440619 ], [ -2119953.103131003677845, 677478.487741998396814 ], [ -2119983.242520999163389, 677467.945381003431976 ], [ -2120012.577701003290713, 677457.245856000110507 ], [ -2120041.168210999574512, 677446.368107000365853 ], [ -2120057.536771005485207, 677440.241977001540363 ], [ -2120074.972211003303528, 677434.142761998344213 ], [ -2120093.514291003346443, 677428.056853999383748 ], [ -2120113.21725100139156, 677421.966674000490457 ], [ -2120134.091321004554629, 677415.750546001363546 ], [ -2120156.302581000141799, 677409.595180000178516 ], [ -2120179.937921005301178, 677403.359795997384936 ], [ -2120205.170921003445983, 677396.999229999259114 ], [ -2120249.25531099922955, 677386.415915999095887 ], [ -2120310.327386001124978, 677438.4613700020127 ], [ -2120360.084546003956348, 677427.570283998735249 ], [ -2120484.205756001640111, 677400.735155999194831 ], [ -2120548.663556004874408, 677386.35897900396958 ], [ -2120580.5592460045591, 677378.89559999993071 ], [ -2120610.079946004319936, 677371.730378000065684 ], [ -2120637.67057599965483, 677364.874604002572596 ], [ -2120663.654646002687514, 677358.017792999278754 ], [ -2120689.834096001461148, 677350.898591001983732 ], [ -2120715.624676004052162, 677357.088409999385476 ], [ -2120744.813769002445042, 677416.945149997714907 ], [ -2120766.842449003830552, 677410.131306998897344 ], [ -2120787.694749000482261, 677403.346334002912045 ], [ -2120807.29716900549829, 677396.440939002204686 ], [ -2120825.741559000685811, 677389.469930001534522 ], [ -2120843.058459002524614, 677382.421346003189683 ], [ -2120854.110149004496634, 677377.58772800071165 ], [ -2120864.717089000158012, 677372.78035500086844 ], [ -2120874.833849001675844, 677367.926961998455226 ], [ -2120884.414779004640877, 677362.955708999186754 ], [ -2120893.464579002000391, 677357.86415599938482 ], [ -2120902.037459003273398, 677352.719563998747617 ], [ -2120910.136949004139751, 677347.519917997997254 ], [ -2120917.765979005023837, 677342.263508998323232 ], [ -2120924.929369002114981, 677336.94673699978739 ], [ -2120931.626749002374709, 677331.569540002848953 ], [ -2120937.860148998908699, 677326.130514002870768 ], [ -2120943.631148999091238, 677320.6277059991844 ], [ -2120948.941568999551237, 677315.060323001351207 ], [ -2120953.792589003685862, 677309.426351003814489 ], [ -2120958.184979001991451, 677303.72493500309065 ], [ -2120962.120159005746245, 677297.954916002694517 ], [ -2120965.603198998607695, 677292.106527000665665 ], [ -2120968.62894899956882, 677286.186909999232739 ], [ -2120971.197979002725333, 677280.194722998421639 ], [ -2120973.310779004823416, 677274.129354004282504 ], [ -2120974.9677590043284, 677267.989339999388903 ], [ -2120976.169169003143907, 677261.773946999106556 ], [ -2120976.915078999474645, 677255.482321000192314 ], [ -2120977.205548998899758, 677249.113119003362954 ], [ -2120977.0407590046525, 677242.665548004675657 ], [ -2120976.420578998979181, 677236.138937003910542 ], [ -2120975.344889004714787, 677229.532308001536876 ], [ -2120973.813579004257917, 677222.84554099990055 ], [ -2120971.82645900035277, 677216.077108002733439 ], [ -2120969.383288999088109, 677209.226522000040859 ], [ -2120966.483869003597647, 677202.293356000911444 ], [ -2120963.127849001437426, 677195.276510000694543 ], [ -2120959.747849004343152, 677189.216329001355916 ], [ -2120955.622479000128806, 677182.886922999750823 ], [ -2120950.705549002159387, 677176.215962998569012 ], [ -2120944.895069000311196, 677169.06453499943018 ], [ -2120939.404099004343152, 677162.760762999765575 ], [ -2120932.966048999689519, 677155.719320003408939 ], [ -2120908.886949001345783, 677130.492330003995448 ], [ -2120899.158440002240241, 677119.923268002457917 ], [ -2120889.558422004804015, 677108.694107002578676 ], [ -2120881.481965004932135, 677098.348734003957361 ], [ -2120877.357047004625201, 677092.569373999722302 ], [ -2120873.61633900180459, 677086.925693998113275 ], [ -2120870.343449005391449, 677081.572633999399841 ], [ -2120867.320820001419634, 677076.124329000711441 ], [ -2120864.74307000124827, 677070.925627000629902 ], [ -2120862.401159998960793, 677065.603298000991344 ], [ -2120860.496690004132688, 677060.513237997423857 ], [ -2120858.820690002292395, 677055.280568997841328 ], [ -2120857.184470003005117, 677049.130603001452982 ], [ -2120855.737950000911951, 677042.742722002323717 ], [ -2120854.481430003419518, 677036.118757003452629 ], [ -2120853.415400000289083, 677029.261088004335761 ], [ -2120852.539990002289414, 677022.171729004010558 ], [ -2120851.855550003238022, 677014.854038000106812 ], [ -2120851.060730002354831, 676999.547392000909895 ], [ -2120850.929950000252575, 676983.170403999276459 ], [ -2120851.565750003326684, 676965.97203900013119 ], [ -2120852.964370000641793, 676948.012017003726214 ], [ -2120855.011190003715456, 676929.210626000538468 ], [ -2120855.935560004785657, 676922.922783998306841 ], [ -2120857.217850001063198, 676916.86724199866876 ], [ -2120858.652850002981722, 676910.674188000150025 ], [ -2120860.344380003865808, 676904.524224003311247 ], [ -2120862.396130000706762, 676898.597222004085779 ], [ -2120864.809950002469122, 676892.889397999737412 ], [ -2120867.484270002692938, 676887.2136160004884 ], [ -2120870.421340003609657, 676881.565240000840276 ], [ -2120873.618670001160353, 676875.947442002594471 ], [ -2120877.083570001646876, 676870.347222002223134 ], [ -2120880.819170000962913, 676864.758783003780991 ], [ -2120884.829970002174377, 676859.175836000591516 ], [ -2120889.119770001620054, 676853.592401000671089 ], [ -2120893.696370001416653, 676847.998833999037743 ], [ -2120898.567160005681217, 676842.385614001657814 ], [ -2120903.742140004877001, 676836.741204001475126 ], [ -2120912.973590002395213, 676827.329827002715319 ], [ -2120923.141370004974306, 676817.720636004116386 ], [ -2120923.876671927981079, 676817.070780760608613 ], [ -2121090.833627557381988, 677714.464417246636003 ], [ -2120793.176782235503197, 678408.99705631705001 ], [ -2120660.884850985836238, 679004.310746946837753 ], [ -2121024.687661932781339, 679500.405489135999233 ], [ -2120660.884850985836238, 680459.521990705747157 ], [ -2119999.425194738432765, 680757.17883601365611 ], [ -2119999.425194738432765, 681265.179852020461112 ], [ -2118729.422654728870839, 682058.931439511012286 ], [ -2117808.670813226606697, 681677.930677509400994 ], [ -2117253.044701971579343, 681773.180868026800454 ], [ -2116506.918209722731262, 681217.554756764788181 ], [ -2116379.917955724522471, 680646.053613762836903 ], [ -2115665.541526969987899, 680471.428264509420842 ], [ -2114681.289558465126902, 680868.304058271460235 ], [ -2113649.412494711577892, 680566.678455012850463 ], [ -2112966.786129458807409, 680217.427756506018341 ], [ -2112014.284224455244839, 679677.676677011884749 ], [ -2111426.908049698919058, 679820.551962764002383 ], [ -2110061.655319192446768, 680550.80342326592654 ], [ -2109125.028445942793041, 680709.553740765433758 ], [ -2107204.149604188278317, 680900.054121766239405 ], [ -2105537.271270423661917, 680915.929153513163328 ], [ -2104902.270000425633043, 681217.554756764788181 ], [ -2104727.644651172216982, 680836.55399476364255 ], [ -2104791.144778174348176, 679995.177312003914267 ], [ -2102060.639317161869258, 680233.302788253407925 ], [ -2101092.262380410917103, 680312.677947009913623 ], [ -2100425.511046905070543, 679804.676931017078459 ], [ -2099869.884935657028109, 679074.425470508635044 ], [ -2099885.759967404417694, 677852.048025754280388 ], [ -2099425.384046653285623, 677391.672105003148317 ], [ -2099520.634237150195986, 676899.546120750717819 ], [ -2099679.384554656222463, 676613.795549246482551 ], [ -2100377.885951656848192, 676391.545104744378477 ], [ -2099592.123499661684036, 675264.791400003712624 ] ] ] } },
{ "type": "Feature", "properties": { "ID": 3580, "YEAR": "2019-2020", "Perimtr_KM": 37.807471151999998, "AREA_KM": 24.081153264600001, "SCALE": 2, "THICKNES_M": 72.932501736800006, "VOLUME_KM": 1.75629875229, "MASS_GT": 1.61052595585, "RECURRANCE": ">8", "UA_KM": 0.18903735576, "UH_M": 6.0533976142999997, "UC_KM": 0.13438181765000001, "REGION": "Peninsula", "ICESHELF": "Wilkins" }, "geometry": { "type": "Polygon", "coordinates": [ [ [ -2120618.792937570251524, 699970.462413823697716 ], [ -2119977.067858355119824, 699689.212533422745764 ], [ -2119639.723433665465564, 699709.056323113851249 ], [ -2119583.499362885951996, 699658.785389229189605 ], [ -2119281.873759634327143, 699182.534436724148691 ], [ -2118583.372362634167075, 698706.283484232611954 ], [ -2118249.996695880778134, 698658.658388977404684 ], [ -2117741.995679874438792, 698706.283484232611954 ], [ -2117265.744727375917137, 698468.158007983118296 ], [ -2116979.994155878201127, 697293.405658463947475 ], [ -2116583.118362123146653, 696658.40438847290352 ], [ -2116059.242314369417727, 696356.778785221278667 ], [ -2115662.36652062041685, 695070.901213464792818 ], [ -2115233.740663363598287, 693721.523514705710113 ], [ -2115678.241552367806435, 692880.14683195296675 ], [ -2116662.493520872667432, 691260.893593450076878 ], [ -2116821.24383837915957, 690911.642894943244755 ], [ -2117376.869949627202004, 690054.391180436592549 ], [ -2117868.995933879632503, 689641.640354947652668 ], [ -2118494.603451072704047, 689606.228608696721494 ], [ -2118496.214561998378485, 689611.120193999726325 ], [ -2118499.584252004511654, 689621.582413001917303 ], [ -2118503.294882002286613, 689632.619827999267727 ], [ -2118505.960302002727985, 689642.428890002891421 ], [ -2118510.01169200334698, 689651.396283999551088 ], [ -2118518.67604200122878, 689685.997346998658031 ], [ -2118522.482808001805097, 689697.349505998194218 ], [ -2118526.454504000488669, 689709.420512001030147 ], [ -2118530.065284004434943, 689720.441251002717763 ], [ -2118531.040900002233684, 689732.739259001798928 ], [ -2118531.687690002843738, 689744.644288001116365 ], [ -2118531.864510000683367, 689757.698854001704603 ], [ -2118532.492500001564622, 689770.184694002848119 ], [ -2118533.202520003542304, 689780.424257000442594 ], [ -2118534.306580004282296, 689790.739870000630617 ], [ -2118535.808110000565648, 689801.144287998322397 ], [ -2118537.71142999920994, 689811.654053999111056 ], [ -2118539.108100002631545, 689824.092102999798954 ], [ -2118541.832520003430545, 689834.866273000836372 ], [ -2118545.895510002505034, 689844.003908001817763 ], [ -2118550.401679999660701, 689853.353273001033813 ], [ -2118555.522400002926588, 689863.238283002283424 ], [ -2118561.172000004909933, 689873.466493003070354 ], [ -2118567.400209999643266, 689884.12786999810487 ], [ -2118574.3034100048244, 689895.387880000751466 ], [ -2118589.234680001623929, 689918.43945400416851 ], [ -2118620.02142999926582, 689963.945863004773855 ], [ -2118632.62531, 689983.04345800448209 ], [ -2118647.192200005520135, 690002.126283002551645 ], [ -2118655.630500001367182, 690009.820680001750588 ], [ -2118663.60468000266701, 690017.14850000012666 ], [ -2118672.279420004226267, 690026.390687000472099 ], [ -2118680.33710000384599, 690035.272096002474427 ], [ -2118687.81458000279963, 690043.869081003125757 ], [ -2118694.733890002127737, 690052.231508000288159 ], [ -2118701.115790002048016, 690060.415651002433151 ], [ -2118706.965580002404749, 690068.438661003019661 ], [ -2118712.291140003595501, 690076.327704999130219 ], [ -2118717.097840003669262, 690084.10419999808073 ], [ -2118723.098270004615188, 690095.134542998857796 ], [ -2118728.773990004789084, 690106.442290002945811 ], [ -2118735.119930005632341, 690117.477701000869274 ], [ -2118740.137760002631694, 690129.270617000758648 ], [ -2118744.823786003049463, 690141.270198001526296 ], [ -2118750.1745530012995, 690152.922795998398215 ], [ -2118754.193286001682281, 690165.256360998842865 ], [ -2118756.880422003567219, 690178.243611000478268 ], [ -2118756.239922001957893, 690192.912618000991642 ], [ -2118755.267322002910078, 690207.653583999257535 ], [ -2118753.9643420050852, 690222.438802002929151 ], [ -2118752.333422005176544, 690237.240621004253626 ], [ -2118750.377612001262605, 690252.030842999462038 ], [ -2118748.100631999317557, 690266.782612999435514 ], [ -2118745.506462004967034, 690281.469196997582912 ], [ -2118742.59984200168401, 690296.06441200338304 ], [ -2118739.400441999081522, 690310.479634002316743 ], [ -2118735.901722002774477, 690324.754414001014084 ], [ -2118732.109611999243498, 690338.865193003322929 ], [ -2118728.030022002290934, 690352.789387998171151 ], [ -2118723.6697320016101, 690366.504230999853462 ], [ -2118719.034962004981935, 690379.990010000299662 ], [ -2118714.132432002574205, 690393.227437003049999 ], [ -2118708.968922005034983, 690406.198018001858145 ], [ -2118709.132432004902512, 690417.068196000996977 ], [ -2118711.837632000911981, 690426.73543299920857 ], [ -2118714.303031999617815, 690436.087605001870543 ], [ -2118716.535512001719326, 690445.110433004330844 ], [ -2118715.754321998450905, 690454.693013000767678 ], [ -2118717.542222004383802, 690463.018208004534245 ], [ -2118716.32933200430125, 690471.881001003086567 ], [ -2118717.698721999302506, 690479.464620002079755 ], [ -2118717.539662002585828, 690488.656208998523653 ], [ -2118717.303922003135085, 690497.490900998935103 ], [ -2118714.23126200446859, 690506.83429699903354 ], [ -2118713.918582000769675, 690514.85418100329116 ], [ -2118710.810942002572119, 690523.330023999791592 ], [ -2118710.497591998893768, 690530.441705002449453 ], [ -2118708.031982004642487, 690536.819097000639886 ], [ -2118703.425212001428008, 690542.450603001751006 ], [ -2118701.65992199908942, 690546.669182001147419 ], [ -2118696.525742000900209, 690552.460906002204865 ], [ -2118692.061242001131177, 690556.58337799878791 ], [ -2118689.816581998486072, 690560.461991999763995 ], [ -2118685.464582003653049, 690563.564872000366449 ], [ -2118680.553482001647353, 690567.319791003130376 ], [ -2118676.330802004784346, 690569.390689998865128 ], [ -2118669.390021999366581, 690571.845096999779344 ], [ -2118665.720312001183629, 690573.513590000104159 ], [ -2118658.983741999603808, 690575.850016000214964 ], [ -2118655.380212002433836, 690575.880875002592802 ], [ -2118648.091812000144273, 690577.744094998575747 ], [ -2118641.152542004361749, 690578.203080003615469 ], [ -2118636.109741998836398, 690578.686574999708682 ], [ -2118628.633552000392228, 690578.666983002796769 ], [ -2118620.271661999169737, 690579.573518997523934 ], [ -2118612.266721999738365, 690579.072808003053069 ], [ -2118601.216941999271512, 690579.233011003118008 ], [ -2118592.703331999480724, 690578.246888004709035 ], [ -2118583.942282003350556, 690577.017111999448389 ], [ -2118574.316792001016438, 690576.709293004125357 ], [ -2118562.289052003063262, 690575.893238999415189 ], [ -2118552.82048200070858, 690573.928720998577774 ], [ -2118540.342532, 690572.621882998384535 ], [ -2118530.927192001603544, 690568.996701999567449 ], [ -2118517.894131999462843, 690567.189497997518629 ], [ -2118508.224512002896518, 690563.780133001040667 ], [ -2118501.930158999282867, 690556.44322899915278 ], [ -2118493.447039002552629, 690549.311771003529429 ], [ -2118485.434101005084813, 690543.091670997906476 ], [ -2118478.680330005008727, 690535.011176999658346 ], [ -2118465.616558004170656, 690531.986172004137188 ], [ -2118453.037098002620041, 690529.872342003043741 ], [ -2118440.396117999218404, 690527.521756002679467 ], [ -2118425.707828002050519, 690525.39541400084272 ], [ -2118413.042608001735061, 690522.590603998862207 ], [ -2118398.397918003145605, 690520.023894002195448 ], [ -2118383.847828004974872, 690517.2539970013313 ], [ -2118371.460558003745973, 690513.838775002863258 ], [ -2118357.264358002692461, 690510.705657999962568 ], [ -2118349.807867999188602, 690508.223296997603029 ], [ -2118340.424778001848608, 690505.797578003723174 ], [ -2118331.128408004529774, 690502.972018001135439 ], [ -2118324.40550799947232, 690498.342013001441956 ], [ -2118315.745438001584262, 690493.763706002850085 ], [ -2118307.159638001583517, 690488.779210998211056 ], [ -2118298.643368002027273, 690483.385656998492777 ], [ -2118288.174597999081016, 690478.034034997690469 ], [ -2118280.265138002112508, 690470.87131700059399 ], [ -2118271.933418004307896, 690464.234600000083447 ], [ -2118261.63005800312385, 690457.62553200032562 ], [ -2118253.38020800286904, 690450.125838004052639 ], [ -2118243.144158000126481, 690442.638962002005428 ], [ -2118232.925878005567938, 690434.696520998608321 ], [ -2118224.73068799963221, 690425.829333002213389 ], [ -2118214.985458005685359, 690415.982348998542875 ], [ -2118198.695968001149595, 690401.153124998323619 ], [ -2118182.024088002275676, 690382.299731000326574 ], [ -2118170.432958002202213, 690358.83372800424695 ], [ -2118154.887828005477786, 690333.554328998085111 ], [ -2118142.740078000817448, 690310.281033998355269 ], [ -2118129.636028001084924, 690284.575364999007434 ], [ -2118094.787857999093831, 690202.499762998428196 ], [ -2118083.922598000150174, 690173.377875001169741 ], [ -2118064.191407999489456, 690147.194433002732694 ], [ -2118046.952882999554276, 690123.685606999322772 ], [ -2118041.591047005262226, 690108.105815003626049 ], [ -2118034.968210004270077, 690093.200887000653893 ], [ -2118029.281277003698051, 690077.250501998700202 ], [ -2118022.508787002414465, 690066.535304998978972 ], [ -2118013.540907002054155, 690057.955652001313865 ], [ -2118005.987227004021406, 690049.768151000142097 ], [ -2117998.446066999342293, 690042.019859004300088 ], [ -2117990.905877002049237, 690034.696188001893461 ], [ -2117981.714777002111077, 690027.571918000467122 ], [ -2117973.889986999798566, 690020.816058002412319 ], [ -2117966.035537004005164, 690014.485552003141493 ], [ -2117958.143847001250833, 690008.573012998327613 ], [ -2117950.20643700286746, 690003.070937000215054 ], [ -2117943.604937003459781, 689997.907911998685449 ], [ -2117935.560357005801052, 689993.213392003439367 ], [ -2117927.45406700251624, 689988.917126001790166 ], [ -2117920.661397002171725, 689984.944897000212222 ], [ -2117912.411016999278218, 689981.432627997826785 ], [ -2117904.085427003912628, 689978.311289003584534 ], [ -2117897.067607003264129, 689975.512095001526177 ], [ -2117889.966837000101805, 689973.100474002305418 ], [ -2117881.393437002785504, 689971.142159002833068 ], [ -2117874.117747003212571, 689969.5029990025796 ], [ -2117866.750127002596855, 689968.248604002408683 ], [ -2117853.976637005340308, 689966.662361998576671 ], [ -2117839.266837003175169, 689965.549873001873493 ], [ -2117825.455856998916715, 689964.782661003060639 ], [ -2117811.2268570009619, 689964.431464998051524 ], [ -2117796.6484270025976, 689964.498298999853432 ], [ -2117784.094527004286647, 689961.74506400199607 ], [ -2117770.738357002846897, 689958.394353998824954 ], [ -2117757.917676999699324, 689956.466193003114313 ], [ -2117745.093457001261413, 689954.940558000933379 ], [ -2117730.974477005191147, 689953.87384499842301 ], [ -2117718.424067003186792, 689953.119450000114739 ], [ -2117706.141957002226263, 689952.730046001262963 ], [ -2117694.21617700252682, 689952.688054003752768 ], [ -2117681.956517001148313, 689954.056546004023403 ], [ -2117672.346627003513277, 689954.591098000761122 ], [ -2117662.725317003205419, 689954.070184001233429 ], [ -2117656.955757000483572, 689954.939414004329592 ], [ -2117649.865957002155483, 689956.145295999012887 ], [ -2117644.201917005702853, 689957.724304002244025 ], [ -2117637.984577004332095, 689958.479996000416577 ], [ -2117632.411317005753517, 689960.775374004151672 ], [ -2117626.876367005519569, 689963.432996002025902 ], [ -2117620.000197000335902, 689966.438072001095861 ], [ -2117614.526707003824413, 689969.828665004111826 ], [ -2117609.085889999754727, 689973.583881000056863 ], [ -2117603.660146004986018, 689977.715318001806736 ], [ -2117598.2422020053491, 689982.228713999502361 ], [ -2117592.823238999582827, 689987.131147004198283 ], [ -2117587.396505004260689, 689992.428538001608104 ], [ -2117581.948231004644185, 689998.133157004136592 ], [ -2117576.466218000277877, 690004.256965002976358 ], [ -2117569.386427999474108, 690013.142114003188908 ], [ -2117559.152068003080785, 690029.115984003525227 ], [ -2117547.24175800383091, 690046.475518003106117 ], [ -2117534.885908000636846, 690065.407012001611292 ], [ -2117523.177071000449359, 690086.280235001817346 ], [ -2117513.68777000438422, 690104.939713000785559 ], [ -2117502.861808004323393, 690126.017403999809176 ], [ -2117473.481356002390385, 690195.085506001021713 ], [ -2117463.387176004238427, 690219.09106 ], [ -2117453.420686004217714, 690240.170894002076238 ], [ -2117443.247776004951447, 690258.400508000515401 ], [ -2117437.69040600489825, 690270.444271001033485 ], [ -2117431.617286000400782, 690283.581110997591168 ], [ -2117423.980995999649167, 690297.053706998005509 ], [ -2117418.56668599974364, 690310.440669003874063 ], [ -2117412.584385999012738, 690324.995113000739366 ], [ -2117407.159156000241637, 690339.432308001909405 ], [ -2117401.094716000370681, 690355.146880998741835 ], [ -2117396.538376004435122, 690371.654074001125991 ], [ -2117391.130126002244651, 690387.560297002550215 ], [ -2117384.917386000975966, 690404.990933997556567 ], [ -2117380.584436001256108, 690422.876910998485982 ], [ -2117373.576696003321558, 690442.644525002688169 ], [ -2117363.458526004105806, 690482.62235000077635 ], [ -2117342.831768999807537, 690561.859404001384974 ], [ -2117336.192270002327859, 690595.567992001306266 ], [ -2117331.779710005037487, 690631.037811999209225 ], [ -2117321.821190004236996, 690662.761610001325607 ], [ -2117317.053090003319085, 690681.089655003044754 ], [ -2117310.783640002831817, 690698.344458000268787 ], [ -2117304.639320004731417, 690714.859637001063675 ], [ -2117298.571360003203154, 690730.715880999807268 ], [ -2117292.524569999892265, 690746.000468998681754 ], [ -2117286.481200000736862, 690760.739647000096738 ], [ -2117280.41361000481993, 690774.974675002507865 ], [ -2117274.300270000472665, 690788.737073002848774 ], [ -2117268.399850004352629, 690801.74278599768877 ], [ -2117262.123339999467134, 690814.86257299920544 ], [ -2117253.753090000711381, 690827.910738002508879 ], [ -2117246.661449999548495, 690841.339486002922058 ], [ -2117239.13255999982357, 690854.960188001859933 ], [ -2117231.116410000715405, 690868.833943003322929 ], [ -2117213.996580000501126, 690896.912243003956974 ], [ -2117196.084296004846692, 690922.402992003131658 ], [ -2117176.98350100312382, 690950.221893002744764 ], [ -2117157.012229004409164, 690978.326803998555988 ], [ -2117110.901831004302949, 691056.940529004205018 ], [ -2117098.471656003966928, 691081.450288000516593 ], [ -2117085.337136000394821, 691103.12405499862507 ], [ -2117069.468366001732647, 691128.399873003829271 ], [ -2117055.298136001918465, 691152.78524900181219 ], [ -2117043.042646002955735, 691175.716462999116629 ], [ -2117031.840256001800299, 691198.503084000200033 ], [ -2117016.142216003499925, 691235.034880003426224 ], [ -2116998.428526005707681, 691271.731210998725146 ], [ -2116984.934455999173224, 691309.256328001618385 ], [ -2116971.061036004219204, 691346.965939000248909 ], [ -2116957.968826005235314, 691385.69564499752596 ], [ -2116943.424576002173126, 691424.417952004820108 ], [ -2116933.027494002599269, 691464.02294000191614 ], [ -2116923.6484170043841, 691504.808418001513928 ], [ -2116908.289496001787484, 691547.718205003533512 ], [ -2116881.692946004215628, 691590.43746099807322 ], [ -2116857.610555998980999, 691634.312737002968788 ], [ -2116834.282106001395732, 691679.221614999696612 ], [ -2116812.312169998884201, 691724.4434830006212 ], [ -2116788.876683998852968, 691770.060202003922313 ], [ -2116765.621468000113964, 691816.282070002984256 ], [ -2116744.310781999491155, 691863.224762999452651 ], [ -2116700.241063000168651, 691982.155841004103422 ], [ -2116663.021285003051162, 692043.927262003999203 ], [ -2116646.875555004924536, 692074.871328000444919 ], [ -2116632.830095001962036, 692104.099023998249322 ], [ -2116619.045365000143647, 692131.919939003884792 ], [ -2116606.953175005502999, 692158.796057001687586 ], [ -2116593.652015004772693, 692186.236905999016017 ], [ -2116581.200664999894798, 692212.877828999422491 ], [ -2116569.25957500282675, 692238.883723001461476 ], [ -2116558.70611499901861, 692264.437271003611386 ], [ -2116548.198385003954172, 692289.421009001787752 ], [ -2116539.955165002960712, 692314.148872001096606 ], [ -2116530.782818004023284, 692338.347636999562383 ], [ -2116523.456492001656443, 692362.92396600311622 ], [ -2116519.473731, 692380.444019003305584 ], [ -2116514.594430001452565, 692399.163488002959639 ], [ -2116505.969083001371473, 692437.961542997974902 ], [ -2116494.237943005748093, 692478.40784700261429 ], [ -2116482.788552999030799, 692520.452722001355141 ], [ -2116472.203503000549972, 692563.446548003703356 ], [ -2116463.451843000948429, 692606.816368003375828 ], [ -2116453.936353001277894, 692649.528608999680728 ], [ -2116445.965963003225625, 692691.52702299784869 ], [ -2116439.81725300103426, 692730.852003997657448 ], [ -2116433.501503003295511, 692768.2028399980627 ], [ -2116430.750362002756447, 692785.491762998979539 ], [ -2116428.910062003415078, 692802.60673600435257 ], [ -2116427.391731, 692818.970854999497533 ], [ -2116425.988211001735181, 692834.500195002648979 ], [ -2116425.129970003850758, 692849.225703000091016 ], [ -2116424.603759004734457, 692863.10569100221619 ], [ -2116424.112709001172334, 692876.09960900247097 ], [ -2116424.082189004868269, 692888.281006 ], [ -2116424.175689000636339, 692899.501221000682563 ], [ -2116424.605318999383599, 692909.794250004459172 ], [ -2116425.370579004753381, 692919.145812999457121 ], [ -2116426.471099003683776, 692927.544861002359539 ], [ -2116428.418799004517496, 692934.249022999312729 ], [ -2116430.767199002206326, 692940.30041500274092 ], [ -2116433.516208998858929, 692945.699219002854079 ], [ -2116437.895209001377225, 692950.9649350005202 ], [ -2116441.446229000110179, 692955.059356004465371 ], [ -2116444.616639002226293, 692958.669525000266731 ], [ -2116448.188419001176953, 692961.628326001577079 ], [ -2116454.954429000616074, 692964.119811999145895 ], [ -2116459.329549001529813, 692965.776062000542879 ], [ -2116465.37674900284037, 692966.909149000886828 ], [ -2116471.297469002194703, 692967.487335002049804 ], [ -2116478.15036900434643, 692967.318603000603616 ], [ -2116484.877669, 692966.595214002300054 ], [ -2116492.538088999688625, 692965.124908001162112 ], [ -2116500.074289004318416, 692963.099516998045146 ], [ -2116507.763099003117532, 692960.494201002176851 ], [ -2116516.104079000651836, 692957.169248998630792 ], [ -2116524.59860899951309, 692953.264922004193068 ], [ -2116535.023319000378251, 692948.765624001156539 ], [ -2116543.804929000325501, 692943.65362400142476 ], [ -2116554.266139003448188, 692938.016935998573899 ], [ -2116565.179849002044648, 692931.334837002679706 ], [ -2116575.195469002239406, 692924.261229003313929 ], [ -2116586.895858999341726, 692916.65933100041002 ], [ -2116599.010569005273283, 692908.401609999127686 ], [ -2116611.544099002145231, 692899.484343002084643 ], [ -2116623.717159001622349, 692890.073240997735411 ], [ -2116636.355539004318416, 692879.606718002818525 ], [ -2116650.161649000830948, 692868.697630003560334 ], [ -2116663.443180005066097, 692857.351362998131663 ], [ -2116693.966973000206053, 692831.875430000014603 ], [ -2116720.838035999797285, 692807.737172998022288 ], [ -2116755.157142000738531, 692781.225314001087099 ], [ -2116796.094039004761726, 692752.501022003125399 ], [ -2116833.939494003076106, 692721.607181997504085 ], [ -2116873.258149004075676, 692688.529811000451446 ], [ -2116918.704994002357125, 692653.156563003081828 ], [ -2116961.237234005704522, 692615.3602349977009 ], [ -2117010.186793999280781, 692574.9460120042786 ], [ -2117054.846144001930952, 692539.090081001166254 ], [ -2117096.576734002679586, 692500.979775998275727 ], [ -2117198.692649999633431, 692418.752662002108991 ], [ -2117295.516919002402574, 692339.281193001195788 ], [ -2117499.969524004962295, 692161.800678002648056 ], [ -2117590.512714002281427, 692084.527247000485659 ], [ -2117639.599317004904151, 692049.305805000010878 ], [ -2117682.922953004948795, 692017.57889600051567 ], [ -2117723.685778002254665, 691989.195495002903044 ], [ -2117757.035381001420319, 691963.206311003305018 ], [ -2117778.905854001641273, 691943.017286000773311 ], [ -2117803.902329002507031, 691922.296284002717584 ], [ -2117825.246454, 691900.175462997984141 ], [ -2117847.512399003375322, 691877.501478998921812 ], [ -2117855.165199003648013, 691854.408469000365585 ], [ -2117948.256431076675653, 691780.815182243939489 ], [ -2117989.808374675456434, 691747.966287321411073 ], [ -2118991.095209002029151, 690956.398838000372052 ], [ -2118993.144139002077281, 690959.803207998163998 ], [ -2118997.170459003187716, 690967.14802399976179 ], [ -2119002.969179002568126, 690977.381336004007608 ], [ -2119034.41942900326103, 691003.090138000436127 ], [ -2119048.286659003701061, 691011.946061997674406 ], [ -2119063.018699002452195, 691014.081342998892069 ], [ -2119070.645928999874741, 691018.162167004309595 ], [ -2119078.621349002700299, 691021.696787001099437 ], [ -2119094.400139001198113, 691022.129675000905991 ], [ -2119103.566429002676159, 691026.775318997446448 ], [ -2119113.186258999630809, 691031.274701999034733 ], [ -2119148.963898999616504, 691455.264297003857791 ], [ -2119255.547476998530328, 692010.024851003661752 ], [ -2119319.047607000917196, 692256.087843003682792 ], [ -2119473.704450001008809, 692080.364707001019269 ], [ -2119664.814139000605792, 692014.550948997959495 ], [ -2119662.926509005017579, 692030.106179003603756 ], [ -2119654.343189001549035, 692059.621873004361987 ], [ -2119639.685059001669288, 692113.175164002925158 ], [ -2119626.310539004392922, 692173.742311001755297 ], [ -2119603.112309, 692233.91455899970606 ], [ -2119547.625087002757937, 692384.159786004107445 ], [ -2119545.594104999210685, 692425.611187004018575 ], [ -2119535.168940001167357, 692465.418455004226416 ], [ -2119522.856375002767891, 692510.546704998239875 ], [ -2119509.778041003271937, 692552.150295000523329 ], [ -2119485.270786003209651, 692592.197732004337013 ], [ -2119460.81266600266099, 692630.129765998572111 ], [ -2119447.191362002398819, 692652.792011001612991 ], [ -2119430.461537002120167, 692675.54385699890554 ], [ -2119415.903507004491985, 692697.356989999301732 ], [ -2119403.433113004546613, 692718.804689002223313 ], [ -2119391.938043001573533, 692740.636207004077733 ], [ -2119389.84050300437957, 692760.821360997855663 ], [ -2119384.586648, 692780.917408000677824 ], [ -2119377.931598003488034, 692801.526691997889429 ], [ -2119373.316562000662088, 692821.517631999216974 ], [ -2119370.811497004237026, 692841.166282002348453 ], [ -2119365.116551999468356, 692861.152337002567947 ], [ -2119359.848364004865289, 692881.410195 ], [ -2119356.724724003579468, 692901.540264001116157 ], [ -2119355.697313999757171, 692921.382060998585075 ], [ -2119351.468134000897408, 692941.610087998677045 ], [ -2119347.543634001165628, 692961.69486600253731 ], [ -2119342.907344002276659, 692994.329331003129482 ], [ -2119334.062804000917822, 693029.847336999606341 ], [ -2119318.483654005452991, 693067.083240997511894 ], [ -2119305.139484001323581, 693106.723137002903968 ], [ -2119289.966294003184885, 693142.080738003365695 ], [ -2119272.548384003806859, 693181.54137699957937 ], [ -2119237.878683999180794, 693303.782146003097296 ], [ -2119229.620236, 693351.730063998606056 ], [ -2119223.108816005289555, 693401.177268002647907 ], [ -2119219.121146003250033, 693443.777671000920236 ], [ -2119214.386796, 693466.907837001606822 ], [ -2119209.50776600278914, 693489.231262002605945 ], [ -2119202.762286001350731, 693509.787230997812003 ], [ -2119201.996676003560424, 693529.677856001537293 ], [ -2119195.44216600060463, 693549.158657998777926 ], [ -2119188.996846002992243, 693568.377194999251515 ], [ -2119182.877545999363065, 693587.269965000916272 ], [ -2119176.053806000389159, 693605.554968999233097 ], [ -2119172.618386004120111, 693628.082314003724605 ], [ -2119162.541866002604365, 693651.231078001670539 ], [ -2119151.372845999430865, 693674.508471998386085 ], [ -2119147.138856004923582, 693699.515754000283778 ], [ -2119137.23875600239262, 693725.625491002574563 ], [ -2119131.905835003592074, 693752.311899003107101 ], [ -2119120.258184999227524, 693779.809647003654391 ], [ -2119113.37799500208348, 693808.032670004293323 ], [ -2119106.138870003633201, 693831.45965000288561 ], [ -2119092.743746003136039, 693856.31009200355038 ], [ -2119083.185101002454758, 693882.023265997413546 ], [ -2119070.265911004506052, 693909.237071999814361 ], [ -2119048.731201000511646, 693959.590909003745764 ], [ -2118990.021602005697787, 694080.604401997756213 ], [ -2118974.398577003739774, 694114.05924300244078 ], [ -2118955.877273003570735, 694144.363387999124825 ], [ -2118941.418592003639787, 694176.888303001411259 ], [ -2118928.756943004671484, 694207.519596002995968 ], [ -2118920.10103100258857, 694237.985491002444178 ], [ -2118908.763491000514477, 694266.495623004157096 ], [ -2118898.93249100074172, 694282.167254002764821 ], [ -2118896.266521004959941, 694297.91542400047183 ], [ -2118886.291421005502343, 694312.936786002013832 ], [ -2118884.292251005768776, 694328.231587001122534 ], [ -2118875.977251002565026, 694343.008931003976613 ], [ -2118871.141050999052823, 694356.735738003626466 ], [ -2118861.807981003541499, 694370.582540003582835 ], [ -2118857.772861001081765, 694384.016257003415376 ], [ -2118849.048561001662165, 694397.597678003367037 ], [ -2118840.446511003188789, 694411.038290003780276 ], [ -2118837.315191004425287, 694424.115013002883643 ], [ -2118829.492850998882204, 694437.351779998745769 ], [ -2118826.956861001439393, 694450.227341998834163 ], [ -2118819.726741, 694463.27850100165233 ], [ -2118812.791291000321507, 694476.247080000583082 ], [ -2118811.139211001805961, 694488.873985002748668 ], [ -2118798.608041004277766, 694510.260911001358181 ], [ -2118794.044591004960239, 694532.422031997703016 ], [ -2118791.148320999462157, 694557.748556004371494 ], [ -2118788.57707100128755, 694583.312934000976384 ], [ -2118786.33229200122878, 694609.091118000913411 ], [ -2118784.41521100141108, 694635.054665999021381 ], [ -2118782.826740003190935, 694661.175684999208897 ], [ -2118780.468134005088359, 694685.732299001421779 ], [ -2118771.584834001027048, 694710.908873999956995 ], [ -2118765.428644003346562, 694736.354919002857059 ], [ -2118759.990984002128243, 694760.52494300249964 ], [ -2118754.491473998874426, 694786.008769001346081 ], [ -2118749.836393998935819, 694809.91939300019294 ], [ -2118744.909333999734372, 694834.93599500041455 ], [ -2118740.304234002716839, 694859.852803998626769 ], [ -2118736.562573999166489, 694883.21581600420177 ], [ -2118732.995594003237784, 694910.261070001404732 ], [ -2118728.002793999388814, 694937.064653999172151 ], [ -2118727.046418495941907, 694942.845600005239248 ], [ -2118723.520084001123905, 694964.16102400328964 ], [ -2118722.49032400501892, 694990.343066002707928 ], [ -2118721.738034004345536, 695018.039748000446707 ], [ -2118724.85120000410825, 695048.841690997593105 ], [ -2118729.80816800519824, 695078.274245999753475 ], [ -2118734.270506002008915, 695109.549334002658725 ], [ -2118739.701507004443556, 695139.416790003422648 ], [ -2118745.590786999557167, 695171.015364998020232 ], [ -2118753.341387002263218, 695201.310164004098624 ], [ -2118761.108157004229724, 695235.210924004204571 ], [ -2118769.815607004798949, 695269.161671000532806 ], [ -2118780.591777004767209, 695302.234058998525143 ], [ -2118790.687517004553229, 695337.592052004765719 ], [ -2118801.917787001933903, 695372.994661001488566 ], [ -2118812.801607005298138, 695407.66419500252232 ], [ -2118825.072417001239955, 695441.406463001389056 ], [ -2118838.209227005019784, 695475.396661999635398 ], [ -2118851.850464002229273, 695510.092883001081645 ], [ -2118866.608508002012968, 695545.66990199778229 ], [ -2118881.502737001050264, 695582.750661999452859 ], [ -2118897.545897, 695619.93341099889949 ], [ -2118915.308847001753747, 695657.86115700006485 ], [ -2118931.990987, 695694.612937001045793 ], [ -2118947.604472001083195, 695733.843904002103955 ], [ -2118964.08819300448522, 695773.453817000146955 ], [ -2118980.612408002838492, 695815.339051000308245 ], [ -2119013.745574004948139, 695897.63211300317198 ], [ -2119073.568703002762049, 696046.418626998085529 ], [ -2119086.417208003345877, 696076.896657998673618 ], [ -2119099.832028005737811, 696108.239096999634057 ], [ -2119115.551717998925596, 696140.821526999119669 ], [ -2119130.186087999492884, 696176.197962998412549 ], [ -2119141.923568000551313, 696206.228606999386102 ], [ -2119155.060428003780544, 696240.045738997403532 ], [ -2119202.378188001923263, 696348.665799002628773 ], [ -2119222.919598005246371, 696388.108424003235996 ], [ -2119244.899469000287354, 696424.001002998556942 ], [ -2119264.430950999259949, 696456.7461850005202 ], [ -2119282.702002999838442, 696487.561317004263401 ], [ -2119300.656553000677377, 696516.331466000992805 ], [ -2119316.131002999842167, 696544.525329998228699 ], [ -2119330.189553004689515, 696571.716132998932153 ], [ -2119338.223253002390265, 696588.88044699979946 ], [ -2119346.175892999395728, 696606.558006002102047 ], [ -2119354.882623001001775, 696624.436790001578629 ], [ -2119362.388063000980765, 696643.288361003156751 ], [ -2119370.224553000181913, 696662.742341002449393 ], [ -2119378.556773001328111, 696682.603730003815144 ], [ -2119387.024161002598703, 696703.944868001621217 ], [ -2119396.158861002884805, 696726.402071004267782 ], [ -2119410.676566002424806, 696765.521253998856992 ], [ -2119426.950083003379405, 696808.744882001075894 ], [ -2119441.629759001079947, 696851.21864700037986 ], [ -2119477.550127001479268, 696955.114301000721753 ], [ -2119496.962487002834678, 697007.991989001166075 ], [ -2119505.911817004904151, 697034.604203002061695 ], [ -2119514.685126999858767, 697059.486620002426207 ], [ -2119523.301747003570199, 697082.498431003186852 ], [ -2119532.23515700083226, 697104.545428000856191 ], [ -2119541.326147004961967, 697128.369251001160592 ], [ -2119550.970506998710334, 697151.283284998964518 ], [ -2119560.345117001328617, 697173.22078900411725 ], [ -2119569.789816999342293, 697194.332031997852027 ], [ -2119579.146367000415921, 697215.083046002313495 ], [ -2119589.147627003956586, 697234.82218700228259 ], [ -2119599.316317001823336, 697253.905506004113704 ], [ -2119609.802977003157139, 697272.7658930006437 ], [ -2119619.4720070050098, 697288.90133300004527 ], [ -2119630.268284005112946, 697304.638031003065407 ], [ -2119642.194586001336575, 697320.328203000128269 ], [ -2119654.903344001155347, 697336.112263998948038 ], [ -2119668.286132004112005, 697352.326334001962095 ], [ -2119683.048960000276566, 697368.319990002084523 ], [ -2119699.001116000115871, 697384.782317997887731 ], [ -2119716.693396004382521, 697401.136338004376739 ], [ -2119732.15875600092113, 697415.553728999570012 ], [ -2119749.029745999723673, 697430.017733998596668 ], [ -2119766.838196001481265, 697445.392948997672647 ], [ -2119786.236666003707796, 697461.582618000917137 ], [ -2119823.390776002313942, 697491.005408000666648 ], [ -2119889.587931999471039, 697544.792520003858954 ], [ -2119914.325910000596195, 697566.978251002728939 ], [ -2119938.653363003395498, 697589.885814998298883 ], [ -2119959.567981999833137, 697611.256971002556384 ], [ -2119971.653232001233846, 697623.055269000120461 ], [ -2119982.759252004791051, 697634.579375002533197 ], [ -2119993.44711200427264, 697645.8088130033575 ], [ -2120003.533912004902959, 697656.835615002084523 ], [ -2120013.079011999070644, 697667.713004002347589 ], [ -2120022.338772004004568, 697678.41273100161925 ], [ -2120030.864912003744394, 697689.051959997508675 ], [ -2120038.916662003379315, 697699.605801000259817 ], [ -2120048.969582002144307, 697711.629002003464848 ], [ -2120058.936382002662867, 697723.821167003363371 ], [ -2120068.300922001712024, 697735.870589002966881 ], [ -2120077.008752000983804, 697747.986154997721314 ], [ -2120085.147282005753368, 697760.000361002981663 ], [ -2120092.904242999386042, 697771.728960003238171 ], [ -2120099.859164005611092, 697783.766357999294996 ], [ -2120106.199205005541444, 697795.92892199754715 ], [ -2120112.224655, 697807.765308998525143 ], [ -2120117.430166002362967, 697820.037917998153716 ], [ -2120122.391476002521813, 697831.798294002655894 ], [ -2120126.576076002325863, 697843.918127998244017 ], [ -2120130.417076004203409, 697855.825720998924226 ], [ -2120133.486265999265015, 697868.107299004215747 ], [ -2120136.215456003788859, 697880.189697003457695 ], [ -2120138.390986004378647, 697892.368713002186269 ], [ -2120141.709956002421677, 697915.677307001315057 ], [ -2120144.053866004105657, 697939.128502003848553 ], [ -2120145.534766004420817, 697961.830285000149161 ], [ -2120146.378396004904062, 697984.203453002497554 ], [ -2120146.578465999104083, 698006.127891998272389 ], [ -2120146.134675999637693, 698027.566674001514912 ], [ -2120145.046966001857072, 698048.461693000979722 ], [ -2120143.316076003480703, 698068.770286998711526 ], [ -2120141.168806005269289, 698088.074622998014092 ], [ -2120138.324126002844423, 698107.100906999781728 ], [ -2120134.280686001759022, 698125.909188003279269 ], [ -2120132.943440969102085, 698131.096314241643995 ], [ -2120129.616485999897122, 698144.001454999204725 ], [ -2120124.26568600255996, 698161.749513002112508 ], [ -2120118.720856002066284, 698178.216470997780561 ], [ -2120115.325376004911959, 698186.546678999904543 ], [ -2120111.77650600252673, 698194.691218003164977 ], [ -2120108.434586002025753, 698202.461485001258552 ], [ -2120105.0052440026775, 698209.674593999516219 ], [ -2120085.151649003848433, 698252.057856001891196 ], [ -2120074.661021002568305, 698272.79664200078696 ], [ -2120070.154081000946462, 698282.224524999037385 ], [ -2120065.320711000356823, 698291.3006970025599 ], [ -2120060.940401004627347, 698299.041812004055828 ], [ -2120056.128091004677117, 698306.623049997724593 ], [ -2120051.308160998858511, 698313.508329998701811 ], [ -2120045.997861002571881, 698320.198943002615124 ], [ -2120041.026490998454392, 698325.605585997458547 ], [ -2120035.956621000543237, 698330.299520997796208 ], [ -2120030.347431001253426, 698334.852315999101847 ], [ -2120025.043421004898846, 698338.152636000886559 ], [ -2120019.187531000934541, 698341.31999399792403 ], [ -2120013.805280999280512, 698342.790479002054781 ], [ -2120007.228501000441611, 698344.307081000413746 ], [ -2120000.168341002427042, 698345.140787001699209 ], [ -2119992.500441000796854, 698344.955876000691205 ], [ -2119983.906521005090326, 698344.218781999312341 ], [ -2119975.849951003212482, 698343.014279003255069 ], [ -2119966.619571004062891, 698341.412377003114671 ], [ -2119937.491182005032897, 698335.477091998327523 ], [ -2119928.379197005182505, 698333.6991639980115 ], [ -2119916.718573003541678, 698331.558260004036129 ], [ -2119904.826008005533367, 698328.727781001478434 ], [ -2119892.700714, 698325.207483001053333 ], [ -2119880.948365, 698319.987077000550926 ], [ -2119868.354620000813156, 698315.086346001829952 ], [ -2119855.524745003320277, 698309.495247003622353 ], [ -2119843.063836005050689, 698302.202636999543756 ], [ -2119829.756472003646195, 698295.228357998654246 ], [ -2119815.788642004132271, 698288.121180998161435 ], [ -2119801.758672001305968, 698279.867580000311136 ], [ -2119787.299072000198066, 698271.3717300016433 ], [ -2119773.070451001171023, 698261.884196002967656 ], [ -2119758.405380001291633, 698252.151024997700006 ], [ -2119743.661159002222121, 698241.261446997523308 ], [ -2119728.466678000986576, 698230.117264999076724 ], [ -2119713.177847001701593, 698217.806485997978598 ], [ -2119698.440995999611914, 698206.015085001010448 ], [ -2119683.773266000673175, 698193.207485999912024 ], [ -2119668.497296000830829, 698180.121716003865004 ], [ -2119653.259985999204218, 698165.995573999360204 ], [ -2119637.719456003047526, 698151.195359998848289 ], [ -2119621.813376004807651, 698135.904045003000647 ], [ -2119607.105126005131751, 698118.874578001908958 ], [ -2119591.461416001431644, 698101.656765003222972 ], [ -2119566.205646004527807, 698072.742799000814557 ], [ -2119539.198296000249684, 698041.863387003540993 ], [ -2119507.537983001209795, 698002.993355004116893 ], [ -2119455.613598003517836, 697934.587914002593607 ], [ -2119438.58368500508368, 697910.684950002469122 ], [ -2119420.705909004900604, 697886.57592300279066 ], [ -2119405.203562003094703, 697868.350684002507478 ], [ -2119396.956922004465014, 697860.688880003988743 ], [ -2119390.055419004987925, 697853.567655001301318 ], [ -2119383.863876002375036, 697847.823077999986708 ], [ -2119377.970566001720726, 697843.445454003289342 ], [ -2119372.688886000309139, 697840.37386000296101 ], [ -2119368.13169600116089, 697838.019855997990817 ], [ -2119364.143176002893597, 697836.95167899876833 ], [ -2119362.381276004947722, 697836.789692000951618 ], [ -2119360.838056004606187, 697836.585652000270784 ], [ -2119359.303086004685611, 697836.915486003737897 ], [ -2119357.921556001529098, 697837.464252999983728 ], [ -2119356.69407600350678, 697838.231892004143447 ], [ -2119355.62077600043267, 697839.218098001088947 ], [ -2119354.702196002937853, 697840.422688002232462 ], [ -2119353.938586004078388, 697841.845295001287013 ], [ -2119353.330066002905369, 697843.485248998273164 ], [ -2119352.877066003158689, 697845.342060003895313 ], [ -2119352.437795999459922, 697849.704670004080981 ], [ -2119352.621386000420898, 697854.925862002652138 ], [ -2119353.428086000494659, 697860.997883002273738 ], [ -2119354.856066004373133, 697867.910052999388427 ], [ -2119356.906296005472541, 697875.662251003086567 ], [ -2119358.671985999681056, 697884.469074000138789 ], [ -2119360.148176002316177, 697894.314654998481274 ], [ -2119363.064566000830382, 697904.9919019988738 ], [ -2119365.743396003730595, 697916.379048004280776 ], [ -2119369.009075999259949, 697928.501667003612965 ], [ -2119372.784165999852121, 697941.622273001819849 ], [ -2119377.187306000851095, 697955.132466001901776 ], [ -2119381.283066004049033, 697969.622272999491543 ], [ -2119386.256709001492709, 697985.392483998090029 ], [ -2119397.834421999752522, 698017.821264997590333 ], [ -2119413.416945000644773, 698051.649398999754339 ], [ -2119430.207491999492049, 698087.743043003138155 ], [ -2119448.47740800306201, 698125.110675003845245 ], [ -2119468.015144002158195, 698163.400973999872804 ], [ -2119488.966949999798089, 698202.375051002483815 ], [ -2119512.090789001900703, 698240.427628999110311 ], [ -2119535.216612003743649, 698276.423164999112487 ], [ -2119559.42848200397566, 698311.982189999893308 ], [ -2119584.237102003302425, 698347.116106003988534 ], [ -2119599.283012001775205, 698383.468344004359096 ], [ -2119614.454142001457512, 698418.42699399869889 ], [ -2119630.756161999423057, 698452.395078004337847 ], [ -2119645.361342003569007, 698485.571533998008817 ], [ -2119661.280162003822625, 698516.618585998658091 ], [ -2119676.4958620024845, 698546.598047001287341 ], [ -2119692.089022001251578, 698575.059954998083413 ], [ -2119707.501581998541951, 698601.986862002406269 ], [ -2119722.337252002209425, 698627.795472000259906 ], [ -2119737.864581998903304, 698651.18441800121218 ], [ -2119752.752166999038309, 698672.937583000399172 ], [ -2119766.95282300375402, 698693.461257002782077 ], [ -2119775.088599003851414, 698702.497203999664634 ], [ -2119781.758182, 698711.481819001957774 ], [ -2119789.880375001579523, 698721.149477997794747 ], [ -2119801.283755005337298, 698729.891481999307871 ], [ -2119813.39869499951601, 698738.909915003925562 ], [ -2119826.285105000250041, 698747.350467001087964 ], [ -2119840.499744002241641, 698756.283516999334097 ], [ -2119856.137802999466658, 698764.873434002976865 ], [ -2119872.662791002076119, 698773.844332002103329 ], [ -2119890.184870001394302, 698782.806869003921747 ], [ -2119905.278839001432061, 698790.345875998493284 ], [ -2119921.838957000523806, 698798.155214000027627 ], [ -2119939.46338600339368, 698805.678907997440547 ], [ -2119958.421044999267906, 698813.913417001254857 ], [ -2119994.973744999617338, 698827.506581003777683 ], [ -2120082.310435004997998, 698861.337873002048582 ], [ -2120104.017265001311898, 698871.784179999493062 ], [ -2120122.340844999533147, 698881.342906998470426 ], [ -2120142.507625005207956, 698892.184777003712952 ], [ -2120160.514264998957515, 698902.786901003215462 ], [ -2120176.187955003231764, 698913.14555099979043 ], [ -2120190.861825005151331, 698923.724847001023591 ], [ -2120197.502444999758154, 698930.534235003404319 ], [ -2120205.021555003710091, 698936.812859998550266 ], [ -2120212.619025002699345, 698943.345086998771876 ], [ -2120219.742854999843985, 698949.957635001279414 ], [ -2120224.453125003259629, 698957.067682004068047 ], [ -2120230.101315, 698963.687677002511919 ], [ -2120232.958435004111379, 698972.693231001030654 ], [ -2120235.382444999646395, 698981.811456001363695 ], [ -2120237.389075002167374, 698991.057966000400484 ], [ -2120241.249625001568347, 698999.460426001343876 ], [ -2120242.41626500338316, 699008.962124000303447 ], [ -2120243.169094999786466, 699018.599014998879284 ], [ -2120243.265265001915395, 699027.62927700439468 ], [ -2120243.200705000665039, 699037.550408001523465 ], [ -2120242.731055004522204, 699047.61973300203681 ], [ -2120241.611275001894683, 699057.094025001861155 ], [ -2120238.558574999682605, 699070.045546999201179 ], [ -2120236.951475004665554, 699081.87286700354889 ], [ -2120232.488564998842776, 699095.276170998346061 ], [ -2120227.698014998808503, 699110.053923999890685 ], [ -2120222.08898300351575, 699124.726697003934532 ], [ -2120215.913600000552833, 699140.083064997568727 ], [ -2120206.89747000252828, 699157.132055003661662 ], [ -2120199.594348004553467, 699173.993609 ], [ -2120198.594037999399006, 699188.344379002228379 ], [ -2120197.053818005137146, 699203.603778003714979 ], [ -2120194.713918002322316, 699219.159381002187729 ], [ -2120192.034838004503399, 699236.763812003191561 ], [ -2120188.88102800026536, 699252.997393997851759 ], [ -2120185.353807999752462, 699271.975177000742406 ], [ -2120170.989858004264534, 699339.886188000440598 ], [ -2120154.26512800110504, 699368.129412999376655 ], [ -2120136.919418002013117, 699385.001788003835827 ], [ -2120123.5785380047746, 699399.78639499982819 ], [ -2120107.043318002484739, 699414.551166003569961 ], [ -2120094.452407999429852, 699427.637086003087461 ], [ -2120078.428498004563153, 699443.80770499818027 ], [ -2120066.537568000145257, 699458.133293002843857 ], [ -2120055.196108004078269, 699471.61036599939689 ], [ -2120044.65071800397709, 699485.048938001040369 ], [ -2120034.411338002420962, 699497.021671998314559 ], [ -2120024.975278002675623, 699509.041848002467304 ], [ -2120016.477198001928627, 699521.506910003721714 ], [ -2120008.922427999321371, 699534.439378999639302 ], [ -2120004.14691800205037, 699542.733005001209676 ], [ -2119999.237258004024625, 699549.937327004037797 ], [ -2119994.817758000455797, 699557.913937002886087 ], [ -2119990.576668003108352, 699565.733197003602982 ], [ -2119986.514298004563898, 699573.395779999438673 ], [ -2119982.319116005208343, 699579.971502 ], [ -2119978.6156340027228, 699587.322317000478506 ], [ -2119978.605519000440836, 699593.437305998057127 ], [ -2119975.574677003081888, 699601.409773000515997 ], [ -2119972.412875, 699608.298370000906289 ], [ -2119969.432833001948893, 699615.034378000535071 ], [ -2119970.148686999455094, 699620.537051999941468 ], [ -2119971.04784100363031, 699625.888359000440687 ], [ -2119975.956401003524661, 699630.938346000853926 ], [ -2119980.737841001246125, 699634.907951002009213 ], [ -2119986.017441005446017, 699639.658743998967111 ], [ -2119991.165821002796292, 699643.32695700135082 ], [ -2119996.813951000571251, 699647.778312000446022 ], [ -2120002.339031000621617, 699651.152519001625478 ], [ -2120008.366801002062857, 699655.310904998332262 ], [ -2120014.586411003954709, 699659.323721998836845 ], [ -2120020.999741001520306, 699663.191948003135622 ], [ -2120034.102341003715992, 699669.565115999896079 ], [ -2120048.311321000102907, 699676.295951003674418 ], [ -2120062.713421004358679, 699680.597953002899885 ], [ -2120077.331041003577411, 699682.47551700193435 ], [ -2120092.81785099953413, 699683.793327000457793 ], [ -2120106.961040999740362, 699684.484732999000698 ], [ -2120121.809311001561582, 699684.759758003987372 ], [ -2120137.394511001184583, 699684.619133001193404 ], [ -2120153.758041001856327, 699684.062553002964705 ], [ -2120170.929611002560705, 699683.089347002562135 ], [ -2120188.991441000718623, 699681.69554900098592 ], [ -2120208.021651003044099, 699679.875540998298675 ], [ -2120228.134021002333611, 699677.61815599957481 ], [ -2120247.025621000677347, 699675.233146002050489 ], [ -2120267.040760999545455, 699672.470512000843883 ], [ -2120319.467813998926431, 699671.647939001210034 ], [ -2120376.858084000181407, 699671.547637003008276 ], [ -2120496.156944001093507, 699671.290883001871407 ], [ -2120547.45516400039196, 699671.338063001167029 ], [ -2120592.352374, 699665.544240002054721 ], [ -2120631.057884000241756, 699659.828480998054147 ], [ -2120653.265834002755582, 699656.843068001791835 ], [ -2120674.509854004718363, 699654.226246998645365 ], [ -2120694.923364001326263, 699651.961659999098629 ], [ -2120714.592734005302191, 699650.039846001658589 ], [ -2120734.50598300434649, 699648.458112000487745 ], [ -2120754.690438998863101, 699647.214749003294855 ], [ -2120774.296705999411643, 699646.300608002580702 ], [ -2120793.357938000932336, 699645.71428999863565 ], [ -2120815.884478001389652, 699645.441412003710866 ], [ -2120837.242528004106134, 699645.647267000749707 ], [ -2120858.359768003225327, 699646.337769004050642 ], [ -2120878.369238003157079, 699647.507980000693351 ], [ -2120897.745468001812696, 699649.163052998483181 ], [ -2120916.50177800282836, 699651.30455100024119 ], [ -2120934.654798003379256, 699653.934312002267689 ], [ -2120951.770877999253571, 699657.051500000525266 ], [ -2120968.773868002463132, 699660.66911399923265 ], [ -2120984.760258003138006, 699664.780320003628731 ], [ -2121000.185678000561893, 699669.390306001529098 ], [ -2121015.504468000959605, 699674.504746998194605 ], [ -2121029.830448004417121, 699680.120102999266237 ], [ -2121042.721688000950962, 699686.235947999637574 ], [ -2121054.629768005106598, 699692.857529999688268 ], [ -2121066.006168000865728, 699699.99034200143069 ], [ -2121078.976878004148602, 699708.820542999077588 ], [ -2121092.064768003765494, 699718.138353003654629 ], [ -2121105.275157999712974, 699727.947313002310693 ], [ -2121118.614267999306321, 699738.252122001256794 ], [ -2121132.086857999674976, 699749.056504004169255 ], [ -2121145.703748002648354, 699760.368698998354375 ], [ -2121159.474498000461608, 699772.197128999978304 ], [ -2121173.411568001843989, 699784.552110000513494 ], [ -2121186.543402999639511, 699796.991737002972513 ], [ -2121199.409435999114066, 699809.782920002471656 ], [ -2121212.494769004173577, 699823.146309997886419 ], [ -2121225.829852005466819, 699837.111138998065144 ], [ -2121239.427757005207241, 699851.689556003548205 ], [ -2121252.900477002840489, 699866.756919001694769 ], [ -2121267.240497002378106, 699882.781318999826908 ], [ -2121282.097007004544139, 699899.681512001436204 ], [ -2121290.093596999067813, 699909.316511998418719 ], [ -2121297.9653570051305, 699919.490696998313069 ], [ -2121296.351216998882592, 699933.822117998730391 ], [ -2121283.161096999887377, 699953.339100004173815 ], [ -2121272.477507000789046, 699972.664736999198794 ], [ -2121259.191587005741894, 699993.459637003019452 ], [ -2121243.805437000468373, 700015.982453998643905 ], [ -2121228.024439999833703, 700039.124286003876477 ], [ -2121217.668260000180453, 700057.308973004110157 ], [ -2121211.802929000928998, 700074.06824300205335 ], [ -2121215.342559003271163, 700079.51547800283879 ], [ -2121184.878607004880905, 700102.519896999467164 ], [ -2120632.442504884675145, 699972.943481451366097 ], [ -2120618.792937570251524, 699970.462413823697716 ] ] ] } },
{ "type": "Feature", "properties": { "ID": 3583, "YEAR": "2019-2020", "Perimtr_KM": 10.1737252463, "AREA_KM": 1.48132992401, "SCALE": 1, "THICKNES_M": 41.578824739200002, "VOLUME_KM": 0.06159195729, "MASS_GT": 0.05647982484, "RECURRANCE": "6-8", "UA_KM": 0.05086862623, "UH_M": 3.4510424363399999, "UC_KM": 0.00471266017, "REGION": "Peninsula", "ICESHELF": "Stange" }, "geometry": { "type": "Polygon", "coordinates": [ [ [ -1823257.090780007885769, 384104.946930285543203 ], [ -1823236.249680331442505, 383716.758570487610996 ], [ -1823230.947664000792429, 383618.002696001902223 ], [ -1823390.593333365395665, 383130.529139926191419 ], [ -1823421.866223005345091, 383035.038252001162618 ], [ -1823450.586070046992972, 382815.107483055908233 ], [ -1823579.217746000969782, 381830.072174000553787 ], [ -1823574.721116004046053, 381733.911036001052707 ], [ -1823579.794254431501031, 381645.120035188272595 ], [ -1823583.064481265144423, 381587.883924379944801 ], [ -1823589.629534485982731, 381472.981156743597239 ], [ -1823597.96244171098806, 381327.137083597481251 ], [ -1823652.901717001339421, 380365.579793997574598 ], [ -1823832.90097840805538, 379269.8215620839037 ], [ -1823880.130950503516942, 379344.339962505735457 ], [ -1823901.075079169822857, 379377.385143296793103 ], [ -1823967.976025732932612, 379482.93997009517625 ], [ -1823994.212187044555321, 379524.334802384953946 ], [ -1823994.212187044555321, 380127.186229600105435 ], [ -1823994.212187044555321, 381260.00494038965553 ], [ -1823961.90068350918591, 381461.951837497297674 ], [ -1823824.878515042364597, 382318.340390406548977 ], [ -1823537.800622865092009, 383897.268797384575009 ], [ -1823528.544589041965082, 383948.176983412355185 ], [ -1823518.671482026576996, 383958.75531235197559 ], [ -1823455.186347333714366, 384026.775099528953433 ], [ -1823263.897392053855583, 384231.727551612071693 ], [ -1823257.090780007885769, 384104.946930285543203 ] ] ] } },
{ "type": "Feature", "properties": { "ID": 3586, "YEAR": "2019-2020", "Perimtr_KM": 9.5925578260400002, "AREA_KM": 1.76361896244, "SCALE": 1, "THICKNES_M": 24.761858471, "VOLUME_KM": 0.04367048314, "MASS_GT": 0.04004583304, "RECURRANCE": ">8", "UA_KM": 0.04796278913, "UH_M": 2.0552342429600001, "UC_KM": 0.00334141267, "REGION": "Peninsula", "ICESHELF": "Stange" }, "geometry": { "type": "Polygon", "coordinates": [ [ [ -1821085.189660653239116, 391871.430363554973155 ], [ -1821283.644541000248864, 391787.775548998266459 ], [ -1821304.811250998871401, 391512.608332003001124 ], [ -1821839.543106000637636, 390987.264322002418339 ], [ -1822168.794648002367467, 391006.287426001857966 ], [ -1822374.620921244611964, 390770.981981651391834 ], [ -1822343.208885040599853, 391187.19146143971011 ], [ -1821411.873689028667286, 391885.69285844033584 ], [ -1821009.706218035425991, 393155.695398449432105 ], [ -1820565.205329031450674, 394002.363758440129459 ], [ -1820084.76298233307898, 394185.389414330478758 ], [ -1819777.092836691532284, 394302.597088862676173 ], [ -1819778.591978002572432, 394081.662654001265764 ], [ -1820329.31232200213708, 393544.719235001131892 ], [ -1820605.406200005440041, 393011.215097999665886 ], [ -1820668.28876800253056, 392295.049611998256296 ], [ -1820691.230273005086929, 392037.496319998521358 ], [ -1821085.189660653239116, 391871.430363554973155 ] ] ] } },
{ "type": "Feature", "properties": { "ID": 3589, "YEAR": "2019-2020", "Perimtr_KM": 6.3398781830799997, "AREA_KM": 1.4958699206199999, "SCALE": 1, "THICKNES_M": 58.324847412099999, "VOLUME_KM": 0.08724638487, "MASS_GT": 0.08000493492000001, "RECURRANCE": "3-4", "UA_KM": 0.03169939092, "UH_M": 4.8409623113300002, "UC_KM": 0.00667558852, "REGION": "Peninsula", "ICESHELF": "Stange" }, "geometry": { "type": "Polygon", "coordinates": [ [ [ -1798275.745924442540854, 402132.246946129016578 ], [ -1798532.332197001669556, 401858.817678000312299 ], [ -1798784.342684999806806, 401771.628896004520357 ], [ -1799361.648767376784235, 402030.418483364395797 ], [ -1799721.792709223227575, 402191.860576123464853 ], [ -1799899.489917002152652, 402271.517084999475628 ], [ -1800538.257154740393162, 402436.146578981541097 ], [ -1800271.09024525526911, 402499.902318750042468 ], [ -1799779.497090947115794, 402617.214321483392268 ], [ -1798657.6615139413625, 402723.047866482753307 ], [ -1798284.942637952510267, 403220.006367794703692 ], [ -1797950.468872000928968, 402478.876037003472447 ], [ -1798275.745924442540854, 402132.246946129016578 ] ] ] } },
{ "type": "Feature", "properties": { "ID": 3592, "YEAR": "2019-2020", "Perimtr_KM": 5.5880332307499998, "AREA_KM": 1.3601299281599999, "SCALE": 1, "THICKNES_M": 131.626543005, "VOLUME_KM": 0.17902920048000001, "MASS_GT": 0.16416977684, "RECURRANCE": "6-8", "UA_KM": 0.02794016615, "UH_M": 10.9250030155, "UC_KM": 0.01369827846, "REGION": "Peninsula", "ICESHELF": "Stange" }, "geometry": { "type": "Polygon", "coordinates": [ [ [ -1814875.721705522853881, 406731.386136081535369 ], [ -1814746.96685500186868, 406171.666980998590589 ], [ -1815192.631112000439316, 406226.235595998354256 ], [ -1815344.761183002963662, 406152.965513001661748 ], [ -1816615.539063999895006, 406276.005092998500913 ], [ -1816684.148169003427029, 406357.277703003492206 ], [ -1817115.807219794252887, 406974.980359240900725 ], [ -1816204.863275013398379, 406956.38966650981456 ], [ -1814875.721705522853881, 406731.386136081535369 ] ] ] } },
{ "type": "Feature", "properties": { "ID": 3595, "YEAR": "2019-2020", "Perimtr_KM": 33.766771184, "AREA_KM": 11.5674706893, "SCALE": 2, "THICKNES_M": 144.74475340399999, "VOLUME_KM": 1.6743306924300001, "MASS_GT": 1.53536124496, "RECURRANCE": "6-8", "UA_KM": 0.16883385592, "UH_M": 12.0138144733, "UC_KM": 0.12811009602000001, "REGION": "Peninsula", "ICESHELF": "Stange" }, "geometry": { "type": "Polygon", "coordinates": [ [ [ -1852341.85117114149034, 427614.362641721498221 ], [ -1852210.306147214723751, 426917.661218715831637 ], [ -1852123.302104719448835, 426456.862030691467226 ], [ -1850486.465171556686983, 427468.518190760165453 ], [ -1850539.381944056600332, 424240.595068243797868 ], [ -1850618.757102806353942, 423499.760253246407956 ], [ -1851015.632896555121988, 421991.632236987818033 ], [ -1852111.056215638061985, 420896.208917918149382 ], [ -1852206.260277814697474, 420801.004855741746724 ], [ -1852272.352365503553301, 420652.297658436466008 ], [ -1852523.760912813479081, 420086.628426980227232 ], [ -1853661.471521573374048, 418816.625886964146048 ], [ -1855751.684035323327407, 417017.455621956381947 ], [ -1856466.060464077629149, 416885.163690707180649 ], [ -1857354.279576677596197, 416566.99565037060529 ], [ -1857411.305467986734584, 416615.104332817718387 ], [ -1857661.769919498823583, 416826.403333004098386 ], [ -1857650.652439003810287, 416895.611801000311971 ], [ -1857423.005714300088584, 416934.886355081573129 ], [ -1856845.229547752300277, 417034.566687967628241 ], [ -1856689.340123002184555, 417061.461376003921032 ], [ -1855818.762570004211739, 417906.210030000656843 ], [ -1854838.144600003724918, 418856.851068001240492 ], [ -1854647.349183567101136, 419301.657280004117638 ], [ -1854582.111173002980649, 419453.748315002769232 ], [ -1854546.106329323956743, 419456.466910259798169 ], [ -1853476.92639700206928, 419537.196812000591308 ], [ -1852693.171863003401086, 420226.526691998355091 ], [ -1852056.248666003579274, 421220.191738997586071 ], [ -1851899.106139001669362, 423159.341813000850379 ], [ -1852011.921272001462057, 423907.48150800075382 ], [ -1852004.494855574797839, 424743.082870916929096 ], [ -1852002.98622400383465, 424912.830233002081513 ], [ -1851988.601356827653944, 424988.063907134346664 ], [ -1851893.754135001916438, 425484.120275999419391 ], [ -1851845.193329496774822, 426264.021868991199881 ], [ -1851835.447921002749354, 426420.536150997504592 ], [ -1852473.030494002392516, 426291.247539000585675 ], [ -1852696.81486256676726, 426336.552958427462727 ], [ -1852765.821179210674018, 426350.523371727205813 ], [ -1852845.446903001051396, 426366.643697004765272 ], [ -1852816.98932800325565, 426779.517839003354311 ], [ -1852565.382726004580036, 427322.867786998860538 ], [ -1852430.820889552356675, 428085.572631801944226 ], [ -1852341.85117114149034, 427614.362641721498221 ] ] ] } },
{ "type": "Feature", "properties": { "ID": 3598, "YEAR": "2019-2020", "Perimtr_KM": 6.2550358872, "AREA_KM": 1.3878445750099999, "SCALE": 1, "THICKNES_M": 88.7478111267, "VOLUME_KM": 0.12316816822, "MASS_GT": 0.11294521025, "RECURRANCE": "3-4", "UA_KM": 0.03127517944, "UH_M": 7.3660682871900001, "UC_KM": 0.00942411552, "REGION": "Peninsula", "ICESHELF": "Stange" }, "geometry": { "type": "Polygon", "coordinates": [ [ [ -1850052.320666684536263, 432643.781661760993302 ], [ -1850380.631626557093114, 432072.277398285456002 ], [ -1850856.882579055614769, 431648.943218273576349 ], [ -1851019.599117265315726, 431436.704255394171923 ], [ -1851465.425462810322642, 430855.191630776040256 ], [ -1851790.961932830978185, 430702.596410460304469 ], [ -1851749.363973018713295, 430782.365777313709259 ], [ -1851669.181552001042292, 430936.125745004042983 ], [ -1851382.062262004707009, 431895.070976998656988 ], [ -1851287.80749164801091, 432459.40657480340451 ], [ -1851280.488188004354015, 432503.229752998799086 ], [ -1851220.442112001590431, 432540.307821001857519 ], [ -1850540.853373000631109, 432740.327876998111606 ], [ -1850263.085384004516527, 432818.524992001708597 ], [ -1850004.923505004728213, 432883.082456002943218 ], [ -1849908.930358008481562, 432893.387013904750347 ], [ -1850052.320666684536263, 432643.781661760993302 ] ] ] } },
{ "type": "Feature", "properties": { "ID": 3601, "YEAR": "2019-2020", "Perimtr_KM": 16.465068202800001, "AREA_KM": 2.80604066756, "SCALE": 1, "THICKNES_M": 91.404312133800005, "VOLUME_KM": 0.25648421704000002, "MASS_GT": 0.23519602702, "RECURRANCE": "3-4", "UA_KM": 0.08232534101, "UH_M": 7.5865578697, "UC_KM": 0.01962468813, "REGION": "Peninsula", "ICESHELF": "Stange" }, "geometry": { "type": "Polygon", "coordinates": [ [ [ -1852894.178320312406868, 435723.534700800664723 ], [ -1853256.898013220634311, 435041.621678134426475 ], [ -1853274.630957644432783, 435008.283742622472346 ], [ -1853323.016206969507039, 434917.319473891984671 ], [ -1853613.214160146890208, 434371.747321927454323 ], [ -1853635.902814999455586, 435085.123309998773038 ], [ -1853630.827271301997826, 435441.099653494544327 ], [ -1853628.405647189123556, 435610.941733066923916 ], [ -1853611.536056392593309, 436794.100742133334279 ], [ -1853610.171252003638074, 436889.822128002531826 ], [ -1853603.430672003421932, 437425.082378999330103 ], [ -1853889.256093004252762, 437726.662398001179099 ], [ -1854015.4463260024786, 438170.973773004021496 ], [ -1854429.522271005669609, 438854.597670999821275 ], [ -1855203.522474000696093, 439102.093466999940574 ], [ -1855315.733685999177396, 439228.825018998235464 ], [ -1855419.459465974476188, 439295.258473425637931 ], [ -1855702.12849700357765, 439476.300063997972757 ], [ -1855878.280272760195658, 439976.052904160227627 ], [ -1855881.206101999618113, 439984.353652001358569 ], [ -1856320.935495004989207, 440385.760574000887573 ], [ -1856402.731068001128733, 440811.91286699892953 ], [ -1856166.715220486279577, 441042.666052466724068 ], [ -1856042.726284079020843, 440538.960998311638832 ], [ -1855328.349855324719101, 440009.793273306917399 ], [ -1855177.52330583287403, 439212.56722602667287 ], [ -1854058.347315322142094, 438845.624278317671269 ], [ -1853582.09636281686835, 438051.87269079964608 ], [ -1853343.970886567607522, 437152.287558295764029 ], [ -1853052.928637818666175, 436993.537240810226649 ], [ -1852894.178320312406868, 435723.534700800664723 ] ] ] } },
{ "type": "Feature", "properties": { "ID": 3604, "YEAR": "2019-2020", "Perimtr_KM": 7.3137144081500001, "AREA_KM": 1.7589350103300001, "SCALE": 1, "THICKNES_M": 79.460984039300001, "VOLUME_KM": 0.13976670678, "MASS_GT": 0.12816607012, "RECURRANCE": "2-3", "UA_KM": 0.03656857204, "UH_M": 6.5952616427399997, "UC_KM": 0.01069413964, "REGION": "Peninsula", "ICESHELF": "Stange" }, "geometry": { "type": "Polygon", "coordinates": [ [ [ -1842822.31039400305599, 442056.102486004121602 ], [ -1842440.796851004241034, 441928.304647000972182 ], [ -1842469.971560000209138, 442258.262732001952827 ], [ -1842361.32849800074473, 442705.228248999919742 ], [ -1842103.113131002755836, 442593.416592001449317 ], [ -1841817.042716002790257, 442418.072237999178469 ], [ -1841823.223179030232131, 442457.181891047861427 ], [ -1841675.822550268145278, 442285.214490819722414 ], [ -1842152.073502773419023, 441888.338697064202279 ], [ -1842204.990275273099542, 441465.004517072346061 ], [ -1843236.867339026415721, 441226.879040823318064 ], [ -1843255.134781346423551, 441239.477276906371117 ], [ -1843626.037251366768032, 441495.272083817049861 ], [ -1843505.022879962110892, 441607.505459950305521 ], [ -1843440.505081305513158, 441667.341744513250887 ], [ -1843408.095210004132241, 441697.399904001038522 ], [ -1843419.932478952687234, 441720.830531230662018 ], [ -1843503.46909387386404, 441886.182462754193693 ], [ -1843759.086581001523882, 442392.150357998441905 ], [ -1843750.862356540514156, 442451.882178261410445 ], [ -1843730.270924004726112, 442601.435945002827793 ], [ -1843501.530515004647896, 442805.167230998165905 ], [ -1843073.324468003818765, 442582.053585001733154 ], [ -1842822.31039400305599, 442056.102486004121602 ] ] ] } },
{ "type": "Feature", "properties": { "ID": 3607, "YEAR": "2019-2020", "Perimtr_KM": 8.6645187413699993, "AREA_KM": 1.92424029789, "SCALE": 1, "THICKNES_M": 78.880848249099998, "VOLUME_KM": 0.15178570693, "MASS_GT": 0.13918749326, "RECURRANCE": "2-3", "UA_KM": 0.04332259371, "UH_M": 6.5471103723899997, "UC_KM": 0.01161376398, "REGION": "Peninsula", "ICESHELF": "George_VI" }, "geometry": { "type": "Polygon", "coordinates": [ [ [ -1768303.451307672075927, 525660.322154657915235 ], [ -1768550.468007884221151, 525502.231466526631266 ], [ -1768699.296430545160547, 525088.819181380327791 ], [ -1768996.95327585330233, 524890.381284492556006 ], [ -1769067.463169886497781, 524646.80165056232363 ], [ -1769178.854681329801679, 524261.994611053727567 ], [ -1769691.485914923483506, 522906.002315742429346 ], [ -1769956.349985464010388, 522868.164591366890818 ], [ -1769932.597049000672996, 522964.341490000020713 ], [ -1769955.807276002597064, 523265.035973002202809 ], [ -1770076.457516002701595, 523633.336710000410676 ], [ -1770307.319387003080919, 523900.875789003446698 ], [ -1770321.544203998753801, 524041.459022003225982 ], [ -1769784.563685002271086, 524736.912904003169388 ], [ -1769382.806160998996347, 524807.842501001898199 ], [ -1769289.249032253865153, 524907.462186513468623 ], [ -1768865.252508003963158, 525358.933933997526765 ], [ -1769010.900888738920912, 525930.663701942190528 ], [ -1769018.712438001064584, 525961.327243999112397 ], [ -1769044.989592249039561, 525985.93488450627774 ], [ -1768940.203050012467429, 525991.86619821889326 ], [ -1768886.187626964878291, 525994.923674993216991 ], [ -1768533.931516479700804, 526014.862700127530843 ], [ -1768506.614521314157173, 526014.862700127530843 ], [ -1768471.184199739247561, 526014.862700127530843 ], [ -1768352.030111003201455, 526014.862700127530843 ], [ -1768137.055722724180669, 525766.815329025965184 ], [ -1768303.451307672075927, 525660.322154657915235 ] ] ] } },
{ "type": "Feature", "properties": { "ID": 3610, "YEAR": "2019-2020", "Perimtr_KM": 7.6998678908400002, "AREA_KM": 1.3760151653699999, "SCALE": 1, "THICKNES_M": 132.314494862, "VOLUME_KM": 0.18206675153, "MASS_GT": 0.16695521115, "RECURRANCE": "2-3", "UA_KM": 0.03849933945, "UH_M": 10.9821030194, "UC_KM": 0.01393069429, "REGION": "Peninsula", "ICESHELF": "George_VI" }, "geometry": { "type": "Polygon", "coordinates": [ [ [ -1773017.532337257405743, 534961.73022951092571 ], [ -1773025.731490534963086, 534944.273967697285116 ], [ -1773076.701080866856501, 534835.758065713569522 ], [ -1773080.121581613318995, 534828.475709279999137 ], [ -1773312.977532902499661, 534332.717877506278455 ], [ -1773588.105974874459207, 534037.209550939500332 ], [ -1773759.462800871348009, 533853.159626721404493 ], [ -1773763.889600002905354, 533851.401035287883133 ], [ -1773777.741497339913622, 533845.898226753808558 ], [ -1773945.427800001343712, 533779.283120224252343 ], [ -1774134.783399998210371, 533704.059662697836757 ], [ -1774224.565569882513955, 533668.392773290164769 ], [ -1774182.0756, 533792.272498692385852 ], [ -1774040.012299996335059, 534206.458779418841004 ], [ -1773996.192922001471743, 534334.214401000645012 ], [ -1773945.874365031719208, 534459.76975284749642 ], [ -1773925.126171002630144, 534511.540848001372069 ], [ -1773459.130344004370272, 534950.52133300434798 ], [ -1773432.003622000804171, 535118.379593001678586 ], [ -1773152.155636359704658, 535713.18516197334975 ], [ -1772898.515952999470755, 536252.286044999491423 ], [ -1772780.764646793715656, 536376.950911126099527 ], [ -1772519.782902000937611, 536653.255738000851125 ], [ -1772165.265555746620521, 536669.764709394890815 ], [ -1772238.105591494590044, 536482.461760328616947 ], [ -1772717.663842279464006, 536035.976492359768599 ], [ -1772800.346299308585003, 535424.126310325227678 ], [ -1773017.532337257405743, 534961.73022951092571 ] ] ] } },
{ "type": "Feature", "properties": { "ID": 3613, "YEAR": "2019-2020", "Perimtr_KM": 10.448485726099999, "AREA_KM": 2.3215108077700002, "SCALE": 1, "THICKNES_M": 149.841223275, "VOLUME_KM": 0.34785801928, "MASS_GT": 0.31898580368000001, "RECURRANCE": "1-2", "UA_KM": 0.05224242863, "UH_M": 12.4368214705, "UC_KM": 0.02661608275, "REGION": "Peninsula", "ICESHELF": "George_VI" }, "geometry": { "type": "Polygon", "coordinates": [ [ [ -1765751.534699998795986, 544078.873805498704314 ], [ -1765656.95019999705255, 543977.195467996411026 ], [ -1765391.998149278806522, 543692.3720134771429 ], [ -1765217.362662731204182, 543357.071879311930388 ], [ -1765167.672435694141313, 543261.666643402073532 ], [ -1764978.58586411899887, 542898.620425979606807 ], [ -1764981.217840244993567, 542685.430359753314406 ], [ -1764992.349301737034693, 541783.781978986691684 ], [ -1764995.122355530271307, 541559.164622066076845 ], [ -1764763.611475840210915, 540980.387422847561538 ], [ -1764589.102970495354384, 540980.387422847561538 ], [ -1764506.25077792769298, 540980.387422847561538 ], [ -1764161.130872211186215, 540980.387422847561538 ], [ -1763424.155671926448122, 540980.387422847561538 ], [ -1764114.83884142851457, 540802.341141298878938 ], [ -1764425.180338301928714, 540722.340423212386668 ], [ -1764583.310478632338345, 540681.577183672692627 ], [ -1764867.398562169400975, 540608.344145516864955 ], [ -1765023.087445513345301, 540568.210220175329596 ], [ -1764979.245638001477346, 540582.845425002276897 ], [ -1765146.667571002384648, 541042.998502004425973 ], [ -1765256.444909419864416, 541519.195785793941468 ], [ -1765297.579992001177743, 541697.633475000970066 ], [ -1765499.30939999781549, 541808.568836884107441 ], [ -1765702.527944008354098, 541920.323106855619699 ], [ -1765957.82875100383535, 542060.718539002817124 ], [ -1766001.149192715995014, 542304.562924306839705 ], [ -1766043.71276800474152, 542544.147020002361387 ], [ -1766043.581839998951182, 542544.893199999816716 ], [ -1765806.073605999583378, 543898.491254000924528 ], [ -1765783.651494470192119, 544052.775800002738833 ], [ -1765778.852400000207126, 544085.797940242104232 ], [ -1765776.031554751098156, 544105.20792435342446 ], [ -1765751.534699998795986, 544078.873805498704314 ] ] ] } },
{ "type": "Feature", "properties": { "ID": 3616, "YEAR": "2019-2020", "Perimtr_KM": 7.1980394167700004, "AREA_KM": 1.6577818068300001, "SCALE": 1, "THICKNES_M": 145.94549029300001, "VOLUME_KM": 0.2419457786, "MASS_GT": 0.22186427897, "RECURRANCE": "3-4", "UA_KM": 0.03599019708, "UH_M": 12.1134756346, "UC_KM": 0.01851229095, "REGION": "Peninsula", "ICESHELF": "George_VI" }, "geometry": { "type": "Polygon", "coordinates": [ [ [ -1749880.769210149068385, 561832.903086214326322 ], [ -1749946.373821842251346, 561570.484639434143901 ], [ -1749981.66478370083496, 561429.320792013779283 ], [ -1750063.279551951913163, 561102.861719009932131 ], [ -1750058.139130001189187, 561166.11953599890694 ], [ -1749985.424993376480415, 561434.408135399688035 ], [ -1749977.581695000873879, 561463.347041002940387 ], [ -1750026.898595795501024, 561490.519489613827318 ], [ -1750160.399537002667785, 561564.075357999186963 ], [ -1750422.914440003223717, 561757.316379999276251 ], [ -1750338.323237999109551, 562013.364423004444689 ], [ -1750480.699921999126673, 562263.574446004349738 ], [ -1750432.175770560512319, 562386.926783772185445 ], [ -1750406.883334496757016, 562451.222212397959083 ], [ -1750233.30605300469324, 562892.469773001968861 ], [ -1749867.216427109437063, 563398.384410352446139 ], [ -1749665.169618002371863, 563677.601386000402272 ], [ -1749618.430954442359507, 563778.20494556427002 ], [ -1749533.16540899942629, 563961.736453003250062 ], [ -1749433.988920580595732, 563998.202610646374524 ], [ -1749333.004083999898285, 564035.333678997587413 ], [ -1749322.451522324467078, 564040.580407686997205 ], [ -1749107.793263005558401, 564147.308392998762429 ], [ -1749092.883582406910136, 564160.124611570499837 ], [ -1749020.871657026931643, 563734.599597941618413 ], [ -1749368.137976555386558, 563155.822398709598929 ], [ -1749550.039382025133818, 562411.680285432841629 ], [ -1749880.769210149068385, 561832.903086214326322 ] ] ] } },
{ "type": "Feature", "properties": { "ID": 3619, "YEAR": "2019-2020", "Perimtr_KM": 5.4519723643800004, "AREA_KM": 1.17425957537, "SCALE": 1, "THICKNES_M": 160.00653586600001, "VOLUME_KM": 0.18788920686, "MASS_GT": 0.17229440269, "RECURRANCE": "2-3", "UA_KM": 0.02725986182, "UH_M": 13.280542411400001, "UC_KM": 0.01437619488, "REGION": "Peninsula", "ICESHELF": "George_VI" }, "geometry": { "type": "Polygon", "coordinates": [ [ [ -1783733.603548291604966, 566177.351656552869827 ], [ -1783740.086960863787681, 566155.845273937564343 ], [ -1783756.702264397172257, 566100.729997666552663 ], [ -1783828.370963294524699, 565862.994940218050033 ], [ -1783833.29246784420684, 565846.66962408227846 ], [ -1783877.248243004316464, 565700.862195003312081 ], [ -1783933.651795005425811, 565610.622012997977436 ], [ -1784164.984478637808934, 565441.548680345062166 ], [ -1784646.383675000164658, 565089.710084999911487 ], [ -1785297.330236247973517, 564873.109817678108811 ], [ -1785635.444425815949216, 564760.603464307263494 ], [ -1785640.255142739973962, 564904.924971986096352 ], [ -1785649.200122015550733, 565173.2743502962403 ], [ -1785648.091498945839703, 565174.004737258888781 ], [ -1785549.192823910154402, 565239.161511396989226 ], [ -1785488.488408423727378, 565279.155008663889021 ], [ -1784243.598352477187291, 566099.317869035992771 ], [ -1784238.27604057895951, 566101.835952083580196 ], [ -1784006.07928471500054, 566211.692481744568795 ], [ -1783803.57145058340393, 566307.502639830112457 ], [ -1783676.20099188410677, 566367.76393212005496 ], [ -1783733.603548291604966, 566177.351656552869827 ] ] ] } },
{ "type": "Feature", "properties": { "ID": 3622, "YEAR": "2019-2020", "Perimtr_KM": 14.6602223303, "AREA_KM": 3.0359170331300001, "SCALE": 1, "THICKNES_M": 159.78873384900001, "VOLUME_KM": 0.48510533879000001, "MASS_GT": 0.44484159566999998, "RECURRANCE": "3-4", "UA_KM": 0.07330111165, "UH_M": 13.2624648441, "UC_KM": 0.03711745345, "REGION": "Peninsula", "ICESHELF": "George_VI" }, "geometry": { "type": "Polygon", "coordinates": [ [ [ -1783190.763796006795019, 569236.283398255705833 ], [ -1784193.988878263626248, 569158.568779214750975 ], [ -1785004.276957172201946, 569373.5431674933061 ], [ -1786608.316623585065827, 570283.050194835755974 ], [ -1788295.038747027283534, 570894.900376870296896 ], [ -1789684.104025161126629, 571027.192308119498193 ], [ -1790010.684978758683428, 571286.204788560979068 ], [ -1789519.88708, 571375.815994000062346 ], [ -1788828.205674000782892, 571414.512611999642104 ], [ -1788067.486516999546438, 571236.592960001435131 ], [ -1787348.836127000395209, 571206.448625999502838 ], [ -1786641.810770002892241, 570961.456284001935273 ], [ -1786542.147530002286658, 570921.795089000836015 ], [ -1785842.15484500490129, 570291.015992003493011 ], [ -1784673.92872100439854, 569712.822463999502361 ], [ -1783684.740887001389638, 569454.7167620039545 ], [ -1783259.190315002109855, 569308.576361000072211 ], [ -1783190.763796006795019, 569236.283398255705833 ] ] ] } },
{ "type": "Feature", "properties": { "ID": 3625, "YEAR": "2019-2020", "Perimtr_KM": 13.9238340493, "AREA_KM": 3.13125609049, "SCALE": 1, "THICKNES_M": 123.056813049, "VOLUME_KM": 0.38532239534000001, "MASS_GT": 0.35334063651999997, "RECURRANCE": "2-3", "UA_KM": 0.06961917025, "UH_M": 10.213715432700001, "UC_KM": 0.02948264001, "REGION": "Peninsula", "ICESHELF": "George_VI" }, "geometry": { "type": "Polygon", "coordinates": [ [ [ -1776211.516483310377225, 571670.636375013738871 ], [ -1776519.216002162080258, 571393.486123747192323 ], [ -1776746.78440999891609, 571188.511343002784997 ], [ -1776937.513456002343446, 570921.648810999002308 ], [ -1777257.665074000367895, 570634.97729300102219 ], [ -1777392.292989000678062, 570581.345345000270754 ], [ -1777782.791476001497358, 570275.427871002815664 ], [ -1778015.351280999835581, 570235.625427997671068 ], [ -1778453.594881003955379, 570321.633871002588421 ], [ -1778807.980879002716392, 570618.126749001909047 ], [ -1779297.921635999111459, 570814.600293001625687 ], [ -1780268.648118003038689, 570780.821436002850533 ], [ -1780488.551129004219547, 570799.589764000847936 ], [ -1781053.732169003225863, 570718.515557004138827 ], [ -1781139.171837002970278, 570708.28895500395447 ], [ -1781475.206786998780444, 570664.404021000955254 ], [ -1781962.624814002774656, 570611.119545999914408 ], [ -1782371.18495000526309, 571010.763300000689924 ], [ -1782375.320903369691223, 571055.34281922923401 ], [ -1782193.073418095242232, 571159.484239376150072 ], [ -1781399.32183059793897, 570994.119325317442417 ], [ -1780936.300071217818186, 571192.557222185190767 ], [ -1780192.157957933843136, 571407.531610470730811 ], [ -1779216.504964959807694, 571357.92213625041768 ], [ -1778488.899343080585822, 571043.728799524251372 ], [ -1778042.414075111504644, 570812.217919840943068 ], [ -1777248.662487607449293, 571341.38564485264942 ], [ -1776822.110982329817489, 571496.010565511416644 ], [ -1776236.20827546203509, 571708.400296749081463 ], [ -1776124.721234527183697, 571748.814349086023867 ], [ -1776211.516483310377225, 571670.636375013738871 ] ] ] } },
{ "type": "Feature", "properties": { "ID": 3628, "YEAR": "2019-2020", "Perimtr_KM": 16.228105189899999, "AREA_KM": 5.3033718099899998, "SCALE": 1, "THICKNES_M": 124.184836709, "VOLUME_KM": 0.65859836223000001, "MASS_GT": 0.60393469817000001, "RECURRANCE": "2-3", "UA_KM": 0.08114052595, "UH_M": 10.307341396, "UC_KM": 0.05039213568, "REGION": "Peninsula", "ICESHELF": "George_VI" }, "geometry": { "type": "Polygon", "coordinates": [ [ [ -1771855.191056901123375, 574405.800619248766452 ], [ -1769972.606268827104941, 574334.490589392837137 ], [ -1769021.908340728841722, 574242.756578790023923 ], [ -1769006.90258203772828, 574241.308654708322138 ], [ -1768662.752175533911213, 574208.10115934163332 ], [ -1768662.299078999087214, 574138.748711002990603 ], [ -1768648.139345456147566, 574056.317055758088827 ], [ -1768594.052906003315002, 573741.449921003077179 ], [ -1768606.228642001980916, 573367.254363001789898 ], [ -1768744.197562001179904, 573344.80873999837786 ], [ -1768796.286602199776098, 573339.97783189220354 ], [ -1769104.596820001024753, 573311.384133002720773 ], [ -1769567.71868800278753, 573439.642291003838181 ], [ -1770812.388135005021468, 573660.19764900021255 ], [ -1771462.143862001830712, 573495.154584001284093 ], [ -1772112.59306319267489, 573489.779628223273903 ], [ -1772292.784128001891077, 573488.290628002490848 ], [ -1772349.783042928902432, 573451.659810124430805 ], [ -1772763.579260003287345, 573185.730293997563422 ], [ -1773414.739841453963891, 573112.062577314674854 ], [ -1773535.945710002444685, 573098.350200003478676 ], [ -1774435.728175400523469, 572582.713188357651234 ], [ -1774458.616081325337291, 572569.596849835943431 ], [ -1774490.460605999687687, 572551.347755001392215 ], [ -1774842.185573696624488, 572318.086195285897702 ], [ -1774918.901711062062532, 572267.208584933541715 ], [ -1775091.608387001557276, 572152.670714998617768 ], [ -1775158.235799134010449, 572154.570092520210892 ], [ -1775212.593664203770459, 572156.119696565438062 ], [ -1775283.910882823402062, 572158.152768505271524 ], [ -1775298.185380004812032, 572158.559697999618948 ], [ -1775355.081080993637443, 572141.755381938070059 ], [ -1775705.877577073173597, 572038.146583882160485 ], [ -1775690.971245568711311, 572064.367359776515514 ], [ -1775647.918930609710515, 572140.097937900107354 ], [ -1775554.491552132647485, 572304.440073539502919 ], [ -1775538.310417259577662, 572332.903274645563215 ], [ -1775462.721415724838153, 572465.86706047412008 ], [ -1775298.898713618982583, 572584.422963315155357 ], [ -1774771.17035686573945, 572966.331642548553646 ], [ -1774600.33239303319715, 573089.964379529934376 ], [ -1774589.453789405059069, 573097.837053204420954 ], [ -1774503.619879404315725, 573159.953698597848415 ], [ -1774205.948068847181275, 573375.374087823089212 ], [ -1772967.679506874876097, 574004.494405606761575 ], [ -1772155.423134465236217, 574417.173046428710222 ], [ -1771855.191056901123375, 574405.800619248766452 ] ] ] } },
{ "type": "Feature", "properties": { "ID": 3631, "YEAR": "2019-2020", "Perimtr_KM": 12.530863097299999, "AREA_KM": 2.2419387584499999, "SCALE": 1, "THICKNES_M": 84.366638183600003, "VOLUME_KM": 0.18914483606, "MASS_GT": 0.17344581467, "RECURRANCE": "2-3", "UA_KM": 0.06265431549, "UH_M": 7.0024309347100004, "UC_KM": 0.01447226836, "REGION": "Peninsula", "ICESHELF": "George_VI" }, "geometry": { "type": "Polygon", "coordinates": [ [ [ -1806053.491880887653679, 575940.995958518702537 ], [ -1806055.230517413234338, 575938.530255805701017 ], [ -1806047.655950152315199, 575933.931411400903016 ], [ -1805863.903020146070048, 575822.367132468149066 ], [ -1805617.648207750171423, 575672.855282085947692 ], [ -1805592.208758039632812, 575657.409901902079582 ], [ -1805542.887069527292624, 575625.311660170089453 ], [ -1805368.143734273035079, 575511.589807070791721 ], [ -1805117.142035404685885, 575348.23949510185048 ], [ -1805059.73432449111715, 575310.878921336028725 ], [ -1804550.409799440996721, 574979.413754235953093 ], [ -1804386.453897464554757, 574795.463230068795383 ], [ -1804350.366259221918881, 574754.974660337902606 ], [ -1804153.724196951370686, 574534.351858760230243 ], [ -1804377.078309339703992, 574619.50702330423519 ], [ -1804607.18722106073983, 574707.237497714813799 ], [ -1804781.40116500062868, 574773.657663001213223 ], [ -1804984.528175001963973, 575115.981724000070244 ], [ -1805402.582001005299389, 575308.748083998914808 ], [ -1805515.982985147740692, 575310.519446474965662 ], [ -1805857.848006999585778, 575315.859496000222862 ], [ -1805887.743347642710432, 575356.474346615374088 ], [ -1806001.9267841973342, 575511.600299996789545 ], [ -1806027.865950868465006, 575546.840419591870159 ], [ -1806248.344044003169984, 575846.374882999807596 ], [ -1806314.844143436290324, 575907.301407399587333 ], [ -1806332.070390553679317, 575923.083870492409915 ], [ -1806492.79385720891878, 576070.33661590423435 ], [ -1806510.968008005060256, 576086.987536002416164 ], [ -1806683.173043003072962, 576180.418929001782089 ], [ -1806795.264016292290762, 576076.638065156526864 ], [ -1806956.270663009257987, 575927.56799831148237 ], [ -1807122.307266003685072, 575773.840881998185068 ], [ -1807439.503389769000933, 575669.498294239863753 ], [ -1807603.869482002453879, 575615.429589999374002 ], [ -1807746.04979100660421, 575268.619078351650387 ], [ -1807774.048583430238068, 575200.323576727416366 ], [ -1807772.823008984792978, 575228.511788915842772 ], [ -1807741.952640861971304, 575938.530255805701017 ], [ -1807477.368778356118128, 576037.749204239342362 ], [ -1806766.299647887935862, 576533.84394643548876 ], [ -1806220.595431478461251, 577195.303602676372975 ], [ -1805145.723490063799545, 577228.376585505902767 ], [ -1806053.491880887653679, 575940.995958518702537 ] ] ] } },
{ "type": "Feature", "properties": { "ID": 3634, "YEAR": "2019-2020", "Perimtr_KM": 22.924145477500002, "AREA_KM": 12.383709783900001, "SCALE": 2, "THICKNES_M": 50.4974227318, "VOLUME_KM": 0.62534542795000003, "MASS_GT": 0.57344175743000003, "RECURRANCE": "5-6", "UA_KM": 0.11462072739, "UH_M": 4.19128606607, "UC_KM": 0.04784781357, "REGION": "Peninsula", "ICESHELF": "George_VI" }, "geometry": { "type": "Polygon", "coordinates": [ [ [ -1750244.572021095547825, 582420.834887088276446 ], [ -1749153.163588276598603, 582172.787515993695706 ], [ -1747920.546177668729797, 582203.097780183888972 ], [ -1747135.711636703694239, 582222.396990207023919 ], [ -1745415.916530445916578, 581362.499437078367919 ], [ -1744936.358279661042616, 580419.919426913373172 ], [ -1744390.654063251568004, 580056.116615973412991 ], [ -1744589.091960132820532, 579179.682571440003812 ], [ -1745597.817935915663838, 578038.664664407726377 ], [ -1745821.957910890923813, 578008.77933440823108 ], [ -1745505.000834002392367, 578396.818503999151289 ], [ -1745509.49165254086256, 578410.301247348077595 ], [ -1745647.067660001339391, 578823.344434001483023 ], [ -1745805.064677493879572, 579001.231027675326914 ], [ -1745955.197785001946613, 579170.263757003005594 ], [ -1746254.170690446393564, 579495.9511300730519 ], [ -1747149.45952700311318, 580471.237733001820743 ], [ -1747745.810933002736419, 581084.808636999689043 ], [ -1748359.634821004467085, 581023.018956002313644 ], [ -1748689.376450002426282, 580895.816546998452395 ], [ -1748705.316305622924119, 580893.467846279032528 ], [ -1748745.677522635087371, 580887.52071464760229 ], [ -1748764.113629583502188, 580884.804197089280933 ], [ -1749079.543072000611573, 580838.32640100363642 ], [ -1749106.934223003452644, 580875.832386000081897 ], [ -1749556.664606004487723, 580966.129667003639042 ], [ -1749943.7934245839715, 580950.591727355029434 ], [ -1750135.546584060881287, 580942.89545449661091 ], [ -1750167.166807003319263, 580941.626334004104137 ], [ -1750927.077263004612178, 581054.438923001755029 ], [ -1751249.833244004519656, 581266.878945997916162 ], [ -1751168.290701814228669, 581414.580309125594795 ], [ -1751065.771154003450647, 581600.278185999020934 ], [ -1751950.603703000349924, 581737.276312002912164 ], [ -1752514.407160003203899, 581910.632686998695135 ], [ -1752984.480046016629785, 581977.540300002321601 ], [ -1753142.173031605780125, 581999.985460246913135 ], [ -1753193.981554000871256, 582007.35960300359875 ], [ -1753227.607575976522639, 581977.540300002321601 ], [ -1753239.869949507061392, 581966.666119521018118 ], [ -1753231.810262793675065, 581977.540300002321601 ], [ -1753202.657140066614375, 582016.873878287617117 ], [ -1752940.020120320608839, 582371.225412860978395 ], [ -1752204.510049456730485, 582452.131520660128444 ], [ -1751286.370979687664658, 582553.126818337943405 ], [ -1750244.572021095547825, 582420.834887088276446 ] ] ] } },
{ "type": "Feature", "properties": { "ID": 3637, "YEAR": "2019-2020", "Perimtr_KM": 8.8173434157100008, "AREA_KM": 2.16710355824, "SCALE": 1, "THICKNES_M": 152.799298, "VOLUME_KM": 0.33113190239000001, "MASS_GT": 0.30364795448999998, "RECURRANCE": "1-2", "UA_KM": 0.04408671708, "UH_M": 12.6823416715, "UC_KM": 0.02533629707, "REGION": "Peninsula", "ICESHELF": "George_VI" }, "geometry": { "type": "Polygon", "coordinates": [ [ [ -1768689.255790796130896, 582910.211273634806275 ], [ -1768693.213207001099363, 582869.022870004177094 ], [ -1768799.04674700088799, 582869.022870004177094 ], [ -1768703.068811003351584, 582691.050648001953959 ], [ -1768707.843857003608719, 582511.718193999491632 ], [ -1768781.139797004172578, 582524.405871998984367 ], [ -1768507.939666004385799, 582183.386427998542786 ], [ -1768472.146696021547541, 581991.418111682403833 ], [ -1768435.671049798838794, 581795.788400134537369 ], [ -1768414.913578002247959, 581684.459921002853662 ], [ -1768388.793150091543794, 581627.455429531168193 ], [ -1768348.491778000956401, 581539.5028420034796 ], [ -1768073.831466002156958, 581137.649771998636425 ], [ -1767871.055591, 580885.933452998753637 ], [ -1767895.738583598518744, 580793.499578061979264 ], [ -1767912.191248004790395, 580731.886971002910286 ], [ -1768137.820692000677809, 580655.255197998601943 ], [ -1768440.00765900244005, 580595.428119000513107 ], [ -1768540.112002003239468, 580528.042124004103243 ], [ -1768695.89591200533323, 580444.806469001807272 ], [ -1768843.36448100511916, 580252.9430560041219 ], [ -1768866.369779759086668, 580254.821039613336325 ], [ -1769102.656661001266912, 580274.109765002503991 ], [ -1769251.266851001884788, 580369.454573003109545 ], [ -1769380.285322049167007, 580338.219634172040969 ], [ -1769542.302546001737937, 580298.99580800300464 ], [ -1769705.581196000333875, 580119.10592299932614 ], [ -1769981.989429401466623, 580130.509549610316753 ], [ -1770055.288725856458768, 580254.554512854665518 ], [ -1769493.048018042463809, 580535.674866758286953 ], [ -1769490.068878501653671, 580543.924791641067713 ], [ -1769428.794527177000418, 580713.607610704377294 ], [ -1769278.073629763675854, 581130.988557388074696 ], [ -1769013.489767257589847, 581941.276636303402483 ], [ -1769096.172224293695763, 582520.053835515398532 ], [ -1768691.479515856364742, 583092.732196518685669 ], [ -1768668.609548615990207, 583125.095357709098607 ], [ -1768689.255790796130896, 582910.211273634806275 ] ] ] } },
{ "type": "Feature", "properties": { "ID": 3640, "YEAR": "2019-2020", "Perimtr_KM": 18.854327581700002, "AREA_KM": 4.8680162556099997, "SCALE": 1, "THICKNES_M": 152.799298, "VOLUME_KM": 0.74382946651000004, "MASS_GT": 0.68209162078999996, "RECURRANCE": "1-2", "UA_KM": 0.09427163791, "UH_M": 12.6823416715, "UC_KM": 0.05691352659, "REGION": "Peninsula", "ICESHELF": "George_VI" }, "geometry": { "type": "Polygon", "coordinates": [ [ [ -1766099.942121028900146, 587175.283129562158138 ], [ -1765739.906627366319299, 587233.145976757630706 ], [ -1765551.433775038691238, 587263.436256591696292 ], [ -1765226.63323521357961, 587315.636343349236995 ], [ -1765128.838962470879778, 587299.863073549699038 ], [ -1765072.976556181209162, 587290.853008018340915 ], [ -1764909.756235659122467, 587264.527149864006788 ], [ -1764714.002001619897783, 587232.95388630637899 ], [ -1764340.686329435324296, 587186.28942729672417 ], [ -1764184.834276614710689, 587166.807920695282519 ], [ -1763953.323396924650297, 586918.760549600701779 ], [ -1763523.374620360089466, 586687.249669910408556 ], [ -1763523.374620360089466, 586540.027452534995973 ], [ -1763523.374620360089466, 586418.270091203041375 ], [ -1763567.062553618568927, 586505.202168808784336 ], [ -1763576.345199001487345, 586523.673165003303438 ], [ -1763847.612992003094405, 586388.614188000094146 ], [ -1763810.209494048496708, 586301.409494264051318 ], [ -1763757.049736004788429, 586177.469737998675555 ], [ -1763933.636263001244515, 586103.851697998121381 ], [ -1763997.154332368401811, 586110.117110619787127 ], [ -1764093.104161000112072, 586119.58158699888736 ], [ -1764363.2686689987313, 586054.10069900425151 ], [ -1764572.04865700029768, 586288.411557999905199 ], [ -1764884.886986999306828, 586444.896549998316914 ], [ -1765269.655296000884846, 586431.241146001499146 ], [ -1765555.667407999746501, 586382.675775998272002 ], [ -1765691.272222998784855, 586318.156425999943167 ], [ -1765688.06576299900189, 586308.956534004304558 ], [ -1765712.50107676256448, 586317.230930015444756 ], [ -1765781.35787999490276, 586340.547530883457512 ], [ -1765860.17416400462389, 586367.236655998043716 ], [ -1765873.234136247308925, 586389.132407796569169 ], [ -1766047.827950001694262, 586681.848406001925468 ], [ -1766078.310071074403822, 586683.817107963841408 ], [ -1766613.89254829287529, 586718.407951289322227 ], [ -1766616.929543000413105, 586718.604097004048526 ], [ -1766638.470621083630249, 586313.127713254187256 ], [ -1766648.804602310061455, 586118.60702493134886 ], [ -1766652.317709574243054, 586052.478392799384892 ], [ -1766656.674739002715796, 585970.464273999910802 ], [ -1766740.50898451032117, 585466.00298842927441 ], [ -1766744.161073341965675, 585444.027035564184189 ], [ -1766760.82375599979423, 585343.761586003471166 ], [ -1766765.008631606353447, 585340.317330237012357 ], [ -1767019.430307000642642, 585130.922021000180393 ], [ -1767032.218702949117869, 585130.25422418769449 ], [ -1767072.882379141869023, 585128.130809077993035 ], [ -1767151.519655647920445, 585124.02445183089003 ], [ -1767595.999061, 585100.814196999650449 ], [ -1767729.245628000237048, 584993.862589002586901 ], [ -1767786.265377000672743, 584949.990455001126975 ], [ -1768203.954576813615859, 584906.826545916032046 ], [ -1768213.129106998909265, 584905.878452003467828 ], [ -1768369.66090158931911, 584881.30059488164261 ], [ -1768584.818536005215719, 584847.517595002427697 ], [ -1768655.810656394110993, 584828.347380133811384 ], [ -1768674.050939002539963, 584823.421901999972761 ], [ -1768676.741435226984322, 584289.906445109285414 ], [ -1768996.95327585330233, 584471.359821456484497 ], [ -1768897.734327412676066, 584901.308598034549505 ], [ -1769129.245207109488547, 585132.819477717857808 ], [ -1769972.606268827104941, 585562.768254275433719 ], [ -1769459.975035233423114, 585496.62228865083307 ], [ -1768848.124853199115023, 585413.939831621479243 ], [ -1768517.395025075180456, 585893.498082406353205 ], [ -1768472.772189516341314, 585897.3228968847543 ], [ -1767938.617825849913061, 585943.107556626666337 ], [ -1767574.81501491018571, 585628.914219907019287 ], [ -1767446.809621094726026, 585608.702841930557042 ], [ -1767260.621678184019402, 585579.304745680186898 ], [ -1767175.455265117343515, 585728.345968568697572 ], [ -1767128.329746941337362, 585810.815625376999378 ], [ -1767110.590573911322281, 585896.554961696732789 ], [ -1767085.565032721264288, 586017.511744092218578 ], [ -1767041.519598696846515, 586230.39800855377689 ], [ -1766830.67290162644349, 587249.490377731155604 ], [ -1766582.625530531862751, 587414.855291782878339 ], [ -1766533.016056311549619, 587117.198446481488645 ], [ -1766152.67675396730192, 587166.807920695282519 ], [ -1766099.942121028900146, 587175.283129562158138 ] ] ] } },
{ "type": "Feature", "properties": { "ID": 3643, "YEAR": "2019-2020", "Perimtr_KM": 26.988293193099999, "AREA_KM": 5.0415855968300001, "SCALE": 1, "THICKNES_M": 63.4631845734, "VOLUME_KM": 0.31995507727, "MASS_GT": 0.29339880586, "RECURRANCE": "5-6", "UA_KM": 0.13494146597000001, "UH_M": 5.2674442936199997, "UC_KM": 0.02448111108, "REGION": "Peninsula", "ICESHELF": "George_VI" }, "geometry": { "type": "Polygon", "coordinates": [ [ [ -1756974.924023466184735, 588622.019164453726262 ], [ -1756548.426056757336482, 588180.814371314365417 ], [ -1756495.365772681543604, 588125.924422264564782 ], [ -1756132.077444343362004, 587658.83942867256701 ], [ -1755800.833133617881685, 587232.95388630637899 ], [ -1755517.971934043802321, 586586.414001571480185 ], [ -1755479.80860145506449, 586499.183527088724077 ], [ -1755287.670087848091498, 586463.6023208652623 ], [ -1755155.909968767780811, 586439.202298815827817 ], [ -1754610.205752358306199, 586042.326505060307682 ], [ -1754613.995691739954054, 585814.93014229927212 ], [ -1754626.742243762826547, 585050.137020688503981 ], [ -1754329.085398447932675, 584520.969295683316886 ], [ -1754345.621889859205112, 583363.414897239767015 ], [ -1754350.741202320205048, 583350.616616080049425 ], [ -1754481.749143417924643, 583023.096763352863491 ], [ -1754505.35184846399352, 582964.090000748168677 ], [ -1754554.434867071220651, 582841.382454226724803 ], [ -1754577.132769549265504, 582784.637698027770966 ], [ -1754536.124224418075755, 582694.418898744974285 ], [ -1754411.767855483805761, 582420.834887088276446 ], [ -1754176.314800689462572, 582259.735428538173437 ], [ -1754137.41621458507143, 582233.120606462005526 ], [ -1754029.163106559310108, 582159.052690444979817 ], [ -1753783.381182044977322, 581990.886110510211438 ], [ -1753532.007329202722758, 581959.464378907345235 ], [ -1753283.079317504307255, 581928.348377451766282 ], [ -1753440.311594001017511, 581788.915978997945786 ], [ -1753448.872914002742618, 581789.986144003923982 ], [ -1753542.173840966774151, 581762.388310123234987 ], [ -1753654.787135587073863, 581729.077998007182032 ], [ -1753667.227216586703435, 581725.398299425374717 ], [ -1754082.391590001294389, 581602.595260003581643 ], [ -1754698.744504001922905, 582402.287083002272993 ], [ -1754761.900927001377568, 582615.797929004300386 ], [ -1754568.650984124047682, 583059.58409524615854 ], [ -1754526.018542004516348, 583157.486779003404081 ], [ -1754529.802430368261412, 583190.343270898796618 ], [ -1754546.503334999317303, 583335.361592002213001 ], [ -1754570.648478070041165, 583326.546177542768419 ], [ -1754673.343610019655898, 583289.052088198717684 ], [ -1754888.511333002941683, 583210.49415000109002 ], [ -1754939.950007002567872, 583428.712888001464307 ], [ -1755100.107885001925752, 583489.210115001071244 ], [ -1755158.348651004722342, 583674.700450000353158 ], [ -1755124.256331181619316, 584040.367173451930285 ], [ -1755092.184648683993146, 584384.360985357314348 ], [ -1755001.29561940790154, 585359.216721251606941 ], [ -1754993.881069001741707, 585438.743558000773191 ], [ -1755098.970271251630038, 585465.83560357009992 ], [ -1755313.569689002353698, 585521.15943400003016 ], [ -1755295.804849005537108, 585582.18442500103265 ], [ -1755381.874445020454004, 585733.649485154077411 ], [ -1755599.919809999410063, 586117.365173998754472 ], [ -1755535.769419999793172, 586484.64132100250572 ], [ -1755808.755121002439409, 586522.569094003178179 ], [ -1755821.896007962990552, 586625.569862326141447 ], [ -1755825.98272346588783, 586657.602314775809646 ], [ -1755846.452048004372045, 586818.044768998399377 ], [ -1755861.8258, 586839.836114747449756 ], [ -1756111.847155001945794, 587194.225972999818623 ], [ -1756339.75953899952583, 587634.05834600282833 ], [ -1757034.046762004494667, 588092.518306002952158 ], [ -1757478.021406003274024, 588190.76135500241071 ], [ -1758025.456984, 588543.928423003759235 ], [ -1758628.675015004351735, 588537.907355000264943 ], [ -1759074.4866360030137, 588059.983548999764025 ], [ -1759067.678865001304075, 587809.884053997695446 ], [ -1759009.579375001834705, 587765.428089002147317 ], [ -1759037.148595003876835, 587613.34850899875164 ], [ -1759332.084231, 587449.117597003467381 ], [ -1759462.066629000706598, 587372.724670002702624 ], [ -1759582.293199001578614, 587141.715951998252422 ], [ -1759628.926108906744048, 587065.793832547962666 ], [ -1759745.077895002206787, 586876.689404000993818 ], [ -1759752.447530620731413, 586866.028094202280045 ], [ -1759875.143981752218679, 586688.528833066578954 ], [ -1759982.440295581938699, 586533.308235794305801 ], [ -1759983.593526683747768, 586634.792572653386742 ], [ -1759984.565459410659969, 586720.322652719449252 ], [ -1759944.104884264990687, 586854.578197532333434 ], [ -1759620.762648470932618, 587927.486525383312255 ], [ -1759256.959837531205267, 588721.238112887833267 ], [ -1758791.085075871553272, 588770.799257738050073 ], [ -1758479.744741438422352, 588803.920569910202175 ], [ -1758371.929110371973366, 588823.886427517514676 ], [ -1758033.259473462589085, 588886.60302695306018 ], [ -1756974.924023466184735, 588622.019164453726262 ] ] ] } },
{ "type": "Feature", "properties": { "ID": 3646, "YEAR": "2019-2020", "Perimtr_KM": 16.110196463600001, "AREA_KM": 9.4676411474200002, "SCALE": 1, "THICKNES_M": 106.275198002, "VOLUME_KM": 1.0061754375500001, "MASS_GT": 0.92266287624, "RECURRANCE": ">8", "UA_KM": 0.08055098232000001, "UH_M": 8.8208413906699992, "UC_KM": 0.07698672222, "REGION": "Peninsula", "ICESHELF": "George_VI" }, "geometry": { "type": "Polygon", "coordinates": [ [ [ -2033732.824481784133241, 782020.513700005132705 ], [ -2032437.264093595789745, 780622.131058789324015 ], [ -2033708.701693000271916, 780619.250798004213721 ], [ -2034615.826849001459777, 780492.71687900274992 ], [ -2035689.536700000520796, 780624.670122900512069 ], [ -2035938.530420003226027, 780655.270130003336817 ], [ -2035367.595635001547635, 784621.754240001086146 ], [ -2034889.279162001796067, 785652.165899999439716 ], [ -2034373.857487136963755, 785964.307291331700981 ], [ -2034080.838932045269758, 785683.497842706274241 ], [ -2033717.036121105775237, 784922.819238018244505 ], [ -2033353.233310172799975, 784525.94344426272437 ], [ -2034014.692966420669109, 784228.286598961334676 ], [ -2034246.203846103977412, 782574.637458321172744 ], [ -2033732.824481784133241, 782020.513700005132705 ] ] ] } },
{ "type": "Feature", "properties": { "ID": 3649, "YEAR": "2019-2020", "Perimtr_KM": 22.204782467099999, "AREA_KM": 7.5263705412900004, "SCALE": 1, "THICKNES_M": 102.265217663, "VOLUME_KM": 0.76968592162000005, "MASS_GT": 0.70580199012, "RECURRANCE": "6-8", "UA_KM": 0.11102391234, "UH_M": 8.4880130241699998, "UC_KM": 0.05889191291, "REGION": "Peninsula", "ICESHELF": "George_VI" }, "geometry": { "type": "Polygon", "coordinates": [ [ [ -2030897.508291782345623, 802430.392299997154623 ], [ -2030641.248719529714435, 801943.499112721066922 ], [ -2030641.248719529714435, 801625.998477708548307 ], [ -2030889.022428427357227, 801464.406928427983075 ], [ -2030913.788850583368912, 801448.254913981072605 ], [ -2031128.083026537438855, 801308.49784270953387 ], [ -2031233.916571537032723, 800927.49708070140332 ], [ -2031466.750370535068214, 800588.829736697021872 ], [ -2031382.083534533856437, 800186.662265710532665 ], [ -2030853.781400001142174, 799450.812864032108337 ], [ -2030789.415682533290237, 799361.160614698193967 ], [ -2030796.046027263859287, 799162.250272742472589 ], [ -2030810.582391531672329, 798726.159344707150012 ], [ -2030848.498751332284883, 798673.076440989039838 ], [ -2030864.55821136245504, 798650.593196945730597 ], [ -2031022.249481530860066, 798429.825418699998409 ], [ -2031149.249735536053777, 797879.490984696429223 ], [ -2031390.995833062101156, 797810.420671121682972 ], [ -2031212.749862538650632, 797498.490222688298672 ], [ -2031166.428525428520516, 797220.562200000975281 ], [ -2031150.417175426147878, 797124.494100000243634 ], [ -2031128.083026537438855, 796990.489206681959331 ], [ -2030874.082518534269184, 796672.988571689464152 ], [ -2031233.916571537032723, 795635.819830684922636 ], [ -2031382.083534533856437, 794810.318179679568857 ], [ -2031522.272964761592448, 794590.020503604318947 ], [ -2032560.672992998966947, 794590.466598997823894 ], [ -2032564.024613003246486, 794864.082325000315905 ], [ -2032112.231522000627592, 795548.625862999819219 ], [ -2032100.668141094502062, 795710.435658906120807 ], [ -2032093.472527000587434, 795811.1260069985874 ], [ -2031995.379820000845939, 795955.094076998066157 ], [ -2031900.979715003632009, 796459.322955003473908 ], [ -2031867.011745043098927, 796611.935100011061877 ], [ -2031864.300500001758337, 796624.116249544080347 ], [ -2031861.121909596957266, 796638.397100002970546 ], [ -2031731.036317004589364, 797222.848903999663889 ], [ -2031699.922012003837153, 797283.399156000465155 ], [ -2031406.369210004340857, 797885.713046001736075 ], [ -2031316.855776003096253, 798067.430236000567675 ], [ -2031399.051301005296409, 798117.394669998437166 ], [ -2031619.054138001054525, 798261.598842003382742 ], [ -2031817.787590001244098, 798617.145449998788536 ], [ -2031861.694494999712333, 799364.261450999882072 ], [ -2031985.20161900203675, 800177.312571003567427 ], [ -2031717.996367001906037, 800666.609283003956079 ], [ -2031761.269376998767257, 800779.735431001055986 ], [ -2031763.306977001717314, 800786.507784998510033 ], [ -2032046.314710000995547, 801091.469707998912781 ], [ -2031989.645029001636431, 801544.941498002503067 ], [ -2032018.063049999298528, 802474.151381997857243 ], [ -2031720.054580599768087, 803047.711807827930897 ], [ -2031604.266885624267161, 803270.561983090825379 ], [ -2031106.916317532071844, 803340.50190672185272 ], [ -2030514.248465531505644, 803340.50190672185272 ], [ -2030281.414666526718065, 802980.66785371908918 ], [ -2031064.58289953507483, 802747.83405472105369 ], [ -2030897.508291782345623, 802430.392299997154623 ] ] ] } },
{ "type": "Feature", "properties": { "ID": 3652, "YEAR": "2019-2020", "Perimtr_KM": 189.91018254700001, "AREA_KM": 1673.1402105699999, "SCALE": 4, "THICKNES_M": 97.687576966699993, "VOLUME_KM": 163.445013096, "MASS_GT": 149.87907700900001, "RECURRANCE": ">8", "UA_KM": 0.94955091274000003, "UH_M": 8.1080688482600003, "UC_KM": 12.505866623, "REGION": "East", "ICESHELF": "Amery" }, "geometry": { "type": "Polygon", "coordinates": [ [ [ 2232819.178795997053385, 747182.141269004903734 ], [ 2233909.909115822054446, 747133.770654377993196 ], [ 2234247.963270009495318, 747118.778967688791454 ], [ 2234369.634010190144181, 747113.383235693443567 ], [ 2235201.636375002563, 747076.48642900492996 ], [ 2235919.348972965031862, 747566.945688363630325 ], [ 2235961.850535002537072, 747595.989744014572352 ], [ 2236438.812913773581386, 747591.773900706786662 ], [ 2237126.094035998918116, 747585.69906199676916 ], [ 2237236.113405619747937, 747440.114024770911783 ], [ 2237559.445758243091404, 747012.258886570110917 ], [ 2238159.104845996946096, 746218.749607997946441 ], [ 2238034.857129997573793, 745572.442796011455357 ], [ 2238200.91722799744457, 744639.751842001918703 ], [ 2238034.420633004978299, 744205.272807012312114 ], [ 2238036.798166000284255, 743060.798007997684181 ], [ 2237766.131429004482925, 742689.751439998392016 ], [ 2237834.389632003381848, 741186.419149993453175 ], [ 2237881.916879998520017, 740667.829937999136746 ], [ 2237791.628041004762053, 740382.057168013881892 ], [ 2237870.943129007704556, 739980.175967005081475 ], [ 2237880.529089001938701, 739218.782288996968418 ], [ 2238458.640911998227239, 738341.912627003155649 ], [ 2238569.191877003759146, 738300.313110005576164 ], [ 2239228.880557998083532, 736864.192039004992694 ], [ 2239660.437072006985545, 735808.082745998166502 ], [ 2240768.83945800177753, 735260.074192001018673 ], [ 2241509.838209005072713, 735251.429134006146342 ], [ 2241888.690418006852269, 734743.587131011299789 ], [ 2241890.399016003124416, 734489.913374013733119 ], [ 2242088.676304252818227, 734317.569612714927644 ], [ 2242947.729243, 733570.875849015079439 ], [ 2243134.341048742644489, 733417.637661735061556 ], [ 2243771.149767995811999, 732894.71568800881505 ], [ 2244132.428395006805658, 732820.826393006835133 ], [ 2244187.186030181124806, 732789.237506241071969 ], [ 2244718.606407997198403, 732482.668786014895886 ], [ 2245537.13546200748533, 732324.385576006490737 ], [ 2245764.452070550061762, 732314.357494038995355 ], [ 2246248.916202995926142, 732292.98533799406141 ], [ 2247642.682266995310783, 731701.315834998618811 ], [ 2247719.509193006902933, 731299.577417009044439 ], [ 2248433.61119600199163, 730834.752569011412561 ], [ 2248619.501186006702483, 730158.533703005872667 ], [ 2249089.340035999193788, 729460.881357009522617 ], [ 2249495.392003000713885, 729154.788597996346653 ], [ 2250450.299792, 729038.989967008586973 ], [ 2250696.828074004501104, 728658.670624007470906 ], [ 2252101.815587, 727729.204298004042357 ], [ 2252737.867570010945201, 727623.726498010568321 ], [ 2253558.511192007921636, 726915.690519002731889 ], [ 2254221.96282300259918, 726907.112129992805421 ], [ 2254721.595216996967793, 726690.084682995919138 ], [ 2255087.354061003774405, 726531.432013012003154 ], [ 2255310.751394003629684, 726059.300711003597826 ], [ 2255323.630861004814506, 725604.170688999351114 ], [ 2255590.715413998812437, 725032.573321009986103 ], [ 2255097.136785006150603, 724397.09205701155588 ], [ 2255090.697449008002877, 723708.655311006121337 ], [ 2255380.1204530056566, 723362.873481009621173 ], [ 2255793.409650998190045, 722964.415586008690298 ], [ 2256151.678215998224914, 722087.23975499952212 ], [ 2256275.267877004109323, 720847.526551006827503 ], [ 2255693.634586998261511, 719733.813898007851094 ], [ 2255730.30770799703896, 717994.520390993449837 ], [ 2255996.818337010219693, 716573.581409004982561 ], [ 2256551.53167400509119, 715980.061733002774417 ], [ 2256793.45314700063318, 715984.43642099853605 ], [ 2257167.525054002180696, 715595.915092996321619 ], [ 2257343.592014998197556, 715152.674540006555617 ], [ 2257564.498365003615618, 715065.515223007649183 ], [ 2257543.682589995674789, 714766.591793004889041 ], [ 2257480.389663003385067, 714231.633577014319599 ], [ 2257426.632999003864825, 713827.531600999645889 ], [ 2257446.641173996962607, 713393.971311004366726 ], [ 2257649.955100005492568, 713203.737978003453463 ], [ 2257467.857674995437264, 712334.318394016008824 ], [ 2257537.282741998322308, 711614.102797008119524 ], [ 2257735.464249, 711431.521125010680407 ], [ 2258069.492437002249062, 710605.009856994729489 ], [ 2258113.457541004754603, 710563.773896005004644 ], [ 2258147.686893000267446, 708597.507478995714337 ], [ 2258744.307271007448435, 707789.794649002607912 ], [ 2258814.819844998419285, 707634.782250005751848 ], [ 2259577.619884007610381, 706973.581142014823854 ], [ 2259724.062364003621042, 706852.218107008375227 ], [ 2261311.318836007267237, 706087.778301005251706 ], [ 2261651.169948999769986, 706067.1136230151169 ], [ 2262040.55990600399673, 705555.673813006840646 ], [ 2262605.328715004958212, 705490.479963014833629 ], [ 2262844.870679005980492, 705160.197304997127503 ], [ 2262904.642117994837463, 704662.114289998076856 ], [ 2262940.927472001872957, 703734.895469006150961 ], [ 2263166.495225004851818, 703352.543123009614646 ], [ 2263571.973915999755263, 703075.918566004373133 ], [ 2263628.344054996035993, 702513.34619400696829 ], [ 2263794.266785000450909, 701514.105314007494599 ], [ 2263660.311089007183909, 700192.966241009067744 ], [ 2263889.70053599588573, 699925.845896012149751 ], [ 2263915.923579006455839, 699440.728755000047386 ], [ 2264389.212178998626769, 697178.649375001899898 ], [ 2263800.869090003892779, 695485.815474999602884 ], [ 2263144.781562007032335, 694467.004891007672995 ], [ 2262906.874053001403809, 694501.362471010070294 ], [ 2262652.212893004529178, 694730.761763006448746 ], [ 2262628.608733002096415, 694164.849659997504205 ], [ 2262406.750707995146513, 693537.346680011134595 ], [ 2259324.581801880151033, 693161.530226564966142 ], [ 2257340.365098006092012, 692919.589792008046061 ], [ 2245344.986663857474923, 692185.132883596234024 ], [ 2244896.125431996770203, 692157.649862992577255 ], [ 2244877.961919301189482, 692166.979816290549934 ], [ 2244179.294212603010237, 692525.860677091404796 ], [ 2243825.92669299710542, 692707.373059017118067 ], [ 2241557.667008329182863, 692596.416436314117163 ], [ 2240052.152000002563, 692522.771049993578345 ], [ 2240019.62662189360708, 692484.234983633738011 ], [ 2239394.686065006069839, 691743.805443007964641 ], [ 2236785.080268003046513, 691461.517308010719717 ], [ 2236649.295502704568207, 691877.12557217059657 ], [ 2236512.436230195686221, 692296.022674181498587 ], [ 2232263.914873003028333, 705299.842231004498899 ], [ 2231326.911126999184489, 705606.806788008194417 ], [ 2231519.056717208586633, 705075.171296822372824 ], [ 2230936.942538642324507, 704087.426502097398043 ], [ 2230325.092356608249247, 704087.426502097398043 ], [ 2229250.220415193587542, 704600.057735684327781 ], [ 2228340.713387851603329, 705807.221608355175704 ], [ 2228191.884965197183192, 707030.921972423791885 ], [ 2227679.253731603734195, 707345.115309129469097 ], [ 2226835.892669878900051, 707642.77215443784371 ], [ 2226389.407401917502284, 708072.720931015908718 ], [ 2224686.148787063546479, 708668.034621645696461 ], [ 2223975.079656588844955, 709296.4212950845249 ], [ 2223280.547017518430948, 709693.297088826540858 ], [ 2222139.529110485687852, 710321.683762271888554 ], [ 2221180.412608915939927, 711909.186937280464917 ], [ 2220866.219272203743458, 712884.839930254500359 ], [ 2220518.952952669002116, 713165.960284158121794 ], [ 2219989.78522767033428, 713827.419940419495106 ], [ 2219973.248736252076924, 714654.244510725606233 ], [ 2219874.029787825420499, 715018.047321665566415 ], [ 2219063.741708910092711, 716258.284177138470113 ], [ 2218749.548372183926404, 717663.885946683585644 ], [ 2218220.380647185258567, 718705.684905275702477 ], [ 2218104.625207340344787, 719598.655441213864833 ], [ 2217724.285904996097088, 720756.209839664399624 ], [ 2217691.212922187522054, 721467.27897013258189 ], [ 2217162.045197188854218, 723831.997241240460426 ], [ 2216550.195015154778957, 727073.149556874763221 ], [ 2215822.589393274858594, 730578.885735008865595 ], [ 2215475.323073740117252, 733985.402964715380222 ], [ 2215227.275702645070851, 735820.953510818537325 ], [ 2215293.42166827712208, 737937.624410817865282 ], [ 2215475.323073740117252, 738582.547575668431818 ], [ 2215607.61500498931855, 739756.638465523254126 ], [ 2215855.662376084364951, 740351.952156132552773 ], [ 2215921.808341715484858, 741162.240235048346221 ], [ 2216252.538169832900167, 742071.747262390796095 ], [ 2216467.512558118440211, 743526.958506156224757 ], [ 2217029.75326593965292, 743956.907282720785588 ], [ 2218451.891526875086129, 744849.877818665467203 ], [ 2218848.767320624552667, 744800.268344431649894 ], [ 2219559.836451099254191, 744684.512904593255371 ], [ 2220485.879969859495759, 744651.439921784214675 ], [ 2220899.292255012318492, 744618.36693897517398 ], [ 2221511.142437047325075, 744585.293956159614027 ], [ 2222172.602093295194209, 744634.903430379927158 ], [ 2222602.550869866274297, 744849.877818665467203 ], [ 2223313.620000340975821, 745329.436069443356246 ], [ 2223826.251233934424818, 745825.530811632517725 ], [ 2224140.444570647552609, 746288.552571012638509 ], [ 2224901.123175336048007, 747115.377141326200217 ], [ 2225158.196711554192007, 747565.25582970213145 ], [ 2225231.129896999336779, 747563.878479007165879 ], [ 2225232.195827004499733, 747143.053779995534569 ], [ 2224831.73806799761951, 746664.149688005447388 ], [ 2224527.937201999127865, 745995.549051998648793 ], [ 2224195.527776008471847, 745125.464970008935779 ], [ 2223695.513358006253839, 744384.887269012164325 ], [ 2224704.350398000329733, 745460.196902007330209 ], [ 2225356.289135006256402, 746026.00222800206393 ], [ 2225677.845484998077154, 746115.427567990962416 ], [ 2226173.360032003372908, 746793.228775005787611 ], [ 2226846.715912003070116, 747149.538062005769461 ], [ 2227348.701116285286844, 747241.590747842099518 ], [ 2227421.048135003075004, 747254.857547993771732 ], [ 2229085.858883995562792, 747270.905372005421668 ], [ 2229541.336529003456235, 747127.020614001434296 ], [ 2229879.800151027739048, 747108.569909231737256 ], [ 2230689.595519001595676, 747064.425444998778403 ], [ 2231279.839948872104287, 747428.16896575409919 ], [ 2231672.928305996581912, 747670.413256006781012 ], [ 2232819.178795997053385, 747182.141269004903734 ] ] ] } },
{ "type": "Feature", "properties": { "ID": 3655, "YEAR": "2019-2020", "Perimtr_KM": 9.7486744694999992, "AREA_KM": 1.12261428406, "SCALE": 1, "THICKNES_M": 102.671340942, "VOLUME_KM": 0.1152603139, "MASS_GT": 0.10569370785, "RECURRANCE": "5-6", "UA_KM": 0.04874337235, "UH_M": 8.5217212561700002, "UC_KM": 0.00881905226, "REGION": "East", "ICESHELF": "Amery" }, "geometry": { "type": "Polygon", "coordinates": [ [ [ 2225143.345248360186815, 750520.981115632224828 ], [ 2225208.741832012310624, 750061.200104007031769 ], [ 2225317.958606003783643, 749517.984482008498162 ], [ 2225308.433406516909599, 749362.801072499714792 ], [ 2225261.338305094279349, 748595.533318978734314 ], [ 2225247.022059998475015, 748362.294768006075174 ], [ 2225067.525623998604715, 748212.978068999014795 ], [ 2225068.308136165142059, 748073.238574738614261 ], [ 2225069.838504634797573, 747799.948361672461033 ], [ 2224923.430307128466666, 747934.155876048374921 ], [ 2224752.29475268162787, 748091.03013429325074 ], [ 2224967.269140967167914, 748520.978910871315747 ], [ 2224967.269140967167914, 748547.455822072457522 ], [ 2224967.269140967167914, 748884.781721810810268 ], [ 2225013.496426548808813, 749377.872768034227192 ], [ 2225016.878615180961788, 749413.949446809012443 ], [ 2225183.773303958587348, 749870.128262777347118 ], [ 2225066.488089407794178, 750108.48208587942645 ], [ 2224809.771806994453073, 750473.809103143401444 ], [ 2224636.539312836714089, 750720.332267900463194 ], [ 2224669.612295659258962, 751084.135078839957714 ], [ 2224950.732649562880397, 751712.521752278786153 ], [ 2224989.08485543821007, 752306.980943316128105 ], [ 2225152.310060001909733, 752017.618380016647279 ], [ 2225171.578037003055215, 751516.667396006174386 ], [ 2224986.560831002891064, 751121.674452004488558 ], [ 2224992.054501004517078, 750634.325948007870466 ], [ 2225134.723185006529093, 750581.599894001614302 ], [ 2225143.345248360186815, 750520.981115632224828 ] ] ] } },
{ "type": "Feature", "properties": { "ID": 3658, "YEAR": "2019-2020", "Perimtr_KM": 8.7584112535200003, "AREA_KM": 2.4497345211, "SCALE": 1, "THICKNES_M": 375.79024047899998, "VOLUME_KM": 0.92058632479000002, "MASS_GT": 0.84417765984000004, "RECURRANCE": "5-6", "UA_KM": 0.04379205627, "UH_M": 31.190589805999998, "UC_KM": 0.07043793857, "REGION": "East", "ICESHELF": "Amery" }, "geometry": { "type": "Polygon", "coordinates": [ [ [ 2205948.363729577511549, 780485.661044419277459 ], [ 2205996.67322862893343, 780473.86494236253202 ], [ 2206068.719590005464852, 780456.272828012239188 ], [ 2206305.211254008114338, 780305.369477009866387 ], [ 2206361.359825005754828, 780012.406061998568475 ], [ 2206717.477540005929768, 779062.521445008926094 ], [ 2206999.424433004111052, 778833.606374007184058 ], [ 2207388.61071699950844, 777828.164082997944206 ], [ 2207737.621168994344771, 777467.895141016226262 ], [ 2207762.281364805065095, 777456.634261589497328 ], [ 2207677.129644333384931, 777438.894319820217788 ], [ 2207454.879199830815196, 777327.769097562413663 ], [ 2207185.003660087473691, 776978.518399075604975 ], [ 2207042.128374335356057, 776803.893049808684736 ], [ 2206708.752707575447857, 777232.518907065503299 ], [ 2206105.501501072198153, 778947.02233608532697 ], [ 2205833.601649724878371, 780513.683384377043694 ], [ 2205948.363729577511549, 780485.661044419277459 ] ] ] } },
{ "type": "Feature", "properties": { "ID": 3661, "YEAR": "2019-2020", "Perimtr_KM": 9.6445583674699993, "AREA_KM": 4.2379575442500004, "SCALE": 1, "THICKNES_M": 153.961036355, "VOLUME_KM": 0.65248033553999996, "MASS_GT": 0.59832446769000003, "RECURRANCE": ">8", "UA_KM": 0.04822279184, "UH_M": 12.778765954500001, "UC_KM": 0.04992401968, "REGION": "Peninsula", "ICESHELF": "LarsenD" }, "geometry": { "type": "Polygon", "coordinates": [ [ [ -1744462.86167700169608, 1000141.468178000301123 ], [ -1744199.141227999469265, 1000109.31266000168398 ], [ -1743900.35602900153026, 1000129.199525000993162 ], [ -1743461.441472998820245, 1000270.988591003231704 ], [ -1742776.558222002349794, 1000085.186430003028363 ], [ -1742529.59412100398913, 999827.410380001179874 ], [ -1742107.556149000301957, 999396.973816998768598 ], [ -1741968.074463984929025, 999278.416199900209904 ], [ -1742421.30103651736863, 999222.756796251516789 ], [ -1744008.804211532464251, 998627.443105621729046 ], [ -1745199.431592785287648, 998905.256161252502352 ], [ -1746083.090198427671567, 1000410.748600486665964 ], [ -1745516.657312001334503, 1000269.526912000961602 ], [ -1744462.86167700169608, 1000141.468178000301123 ] ] ] } },
{ "type": "Feature", "properties": { "ID": 3664, "YEAR": "2019-2020", "Perimtr_KM": 34.529680200900003, "AREA_KM": 20.047481168099999, "SCALE": 2, "THICKNES_M": 153.961036355, "VOLUME_KM": 3.0865309769499998, "MASS_GT": 2.8303489058600002, "RECURRANCE": ">8", "UA_KM": 0.17264840101000001, "UH_M": 12.778765954500001, "UC_KM": 0.23616349006000001, "REGION": "Peninsula", "ICESHELF": "LarsenD" }, "geometry": { "type": "Polygon", "coordinates": [ [ [ -1803413.603449001908302, 1022689.873962999787182 ], [ -1800156.675480004632846, 1020766.056740999687463 ], [ -1797452.827498004538938, 1019582.70267599914223 ], [ -1794428.593621003674343, 1018529.277257 ], [ -1791874.585348001215607, 1017029.097101000137627 ], [ -1791194.937238585902378, 1016648.446895908098668 ], [ -1793221.402636735700071, 1016685.291721336077899 ], [ -1797031.410256750416011, 1017994.981840706896037 ], [ -1799293.602281138068065, 1018590.295531343203038 ], [ -1801397.043988019693643, 1020138.111126970034093 ], [ -1803897.361488656839356, 1021328.738508229609579 ], [ -1805683.302560539450496, 1021249.363349479623139 ], [ -1806611.842562956502661, 1020922.654830113053322 ], [ -1806379.164797004312277, 1021519.520346000790596 ], [ -1805428.662261003395543, 1022310.175168003886938 ], [ -1804683.378219003556296, 1022720.89376999810338 ], [ -1804389.578451004810631, 1023131.712037004064769 ], [ -1803413.603449001908302, 1022689.873962999787182 ] ] ] } },
{ "type": "Feature", "properties": { "ID": 3667, "YEAR": "2019-2020", "Perimtr_KM": 46.911535230399998, "AREA_KM": 34.943799309799999, "SCALE": 2, "THICKNES_M": 153.961036355, "VOLUME_KM": 5.37998355592, "MASS_GT": 4.9334449207800004, "RECURRANCE": ">8", "UA_KM": 0.23455767615000001, "UH_M": 12.778765954500001, "UC_KM": 0.41164521027000001, "REGION": "Peninsula", "ICESHELF": "LarsenD" }, "geometry": { "type": "Polygon", "coordinates": [ [ [ -1834871.118324998766184, 1035593.109622003044933 ], [ -1834410.957376002334058, 1035236.520951999351382 ], [ -1833735.624797001015395, 1034815.834403001237661 ], [ -1833152.905902001541108, 1034361.372260998003185 ], [ -1832571.58381600282155, 1033750.444105999078602 ], [ -1832142.504506000783294, 1033381.588083003181964 ], [ -1831405.64218399906531, 1032827.036324001383036 ], [ -1830608.083616002229974, 1032205.347663999069482 ], [ -1830117.004567004041746, 1031739.290567999705672 ], [ -1829625.727379999123514, 1031241.37175 ], [ -1829072.743026001611724, 1030738.701567001640797 ], [ -1828242.374670002842322, 1030017.477797001134604 ], [ -1827349.955850000493228, 1029350.819802004378289 ], [ -1826734.428981002653018, 1028805.661124997772276 ], [ -1825798.033874229062349, 1028318.931316051166505 ], [ -1826836.782367500476539, 1028393.127637010533363 ], [ -1828424.285542508820072, 1028710.6282720095478 ], [ -1830051.476296891923994, 1030615.632082016672939 ], [ -1833053.932605043053627, 1033441.473313223104924 ], [ -1835806.175306288525462, 1034624.077598905656487 ], [ -1837790.554275045637041, 1035285.537255160044879 ], [ -1838981.181656298460439, 1034161.055839532054961 ], [ -1842420.771868814015761, 1037137.624292667489499 ], [ -1844159.264048492768779, 1039028.615786334965378 ], [ -1844131.488094001542777, 1039477.953709998633713 ], [ -1843921.584049003664404, 1040620.092768998816609 ], [ -1843393.91066800034605, 1040391.450495001394302 ], [ -1842495.977509001037106, 1040125.281038002111018 ], [ -1842031.211165000218898, 1039925.116188000887632 ], [ -1841102.861195001984015, 1039582.732633998151869 ], [ -1840453.636313003953546, 1039355.79038000293076 ], [ -1839710.999208005145192, 1039075.525876003783196 ], [ -1839215.610772003652528, 1038645.759429003577679 ], [ -1838535.825716999126598, 1038279.944435999263078 ], [ -1837239.024388001998886, 1037185.610326998867095 ], [ -1835946.225007005035877, 1036555.179531998001039 ], [ -1834871.118324998766184, 1035593.109622003044933 ] ] ] } },
{ "type": "Feature", "properties": { "ID": 3670, "YEAR": "2019-2020", "Perimtr_KM": 47.735882887000002, "AREA_KM": 69.278773349199994, "SCALE": 2, "THICKNES_M": 71.518085416600002, "VOLUME_KM": 4.9546852299499999, "MASS_GT": 4.5434463558599996, "RECURRANCE": ">8", "UA_KM": 0.23867941443, "UH_M": 5.9360010603099997, "UC_KM": 0.37910384337000003, "REGION": "Peninsula", "ICESHELF": "LarsenD" }, "geometry": { "type": "Polygon", "coordinates": [ [ [ -1937196.609777003526688, 1090194.385814004112035 ], [ -1935655.65763100492768, 1089890.099631998687983 ], [ -1934607.938604998867959, 1089799.860837999265641 ], [ -1934053.302701005479321, 1089246.883058002218604 ], [ -1933868.448834002250805, 1088231.615274001378566 ], [ -1933683.568838000763208, 1088047.325709000695497 ], [ -1933159.74109300551936, 1087740.393413997720927 ], [ -1932296.992534004617482, 1087218.392813001293689 ], [ -1931865.637514001689851, 1086972.648542002309114 ], [ -1931218.652846002485603, 1086295.966509002726525 ], [ -1930879.809253002051264, 1085803.459891999140382 ], [ -1930633.547289998736233, 1084909.970866004470736 ], [ -1930664.67107600113377, 1084169.806962000206113 ], [ -1930973.301155005116016, 1083397.952948998659849 ], [ -1931028.931046412326396, 1082710.846172475256026 ], [ -1931585.53353169048205, 1082976.778470986522734 ], [ -1933239.182672323426232, 1081653.859158470761031 ], [ -1936612.626919214380905, 1084696.573577244300395 ], [ -1940978.260650483891368, 1087606.996064748615026 ], [ -1943293.369447364704683, 1088863.769411639776081 ], [ -1947989.733006758149713, 1088797.623446001205593 ], [ -1949466.82050073845312, 1088389.06733065051958 ], [ -1949468.010210998822004, 1088582.33773300377652 ], [ -1949318.1210890004877, 1089138.450033001601696 ], [ -1949199.970875005703419, 1090034.152119004167616 ], [ -1948343.95060700038448, 1090653.985797004308552 ], [ -1947269.963859000476077, 1090811.282291999086738 ], [ -1946839.762507001403719, 1090750.761543001979589 ], [ -1946132.706905002240092, 1090598.524102003779262 ], [ -1945455.989116998855025, 1090353.804796998389065 ], [ -1944255.7177600027062, 1089956.927686998154968 ], [ -1944070.953691003844142, 1089988.432093003764749 ], [ -1943947.779705004766583, 1090543.659957999829203 ], [ -1943146.748690000269562, 1090885.171905001159757 ], [ -1942499.534941000165418, 1091071.933782001025975 ], [ -1941081.409529002383351, 1091384.21158500155434 ], [ -1940063.880747003480792, 1091325.616600001696497 ], [ -1939601.324363, 1091111.437403001822531 ], [ -1938799.669427998829633, 1090867.353580999188125 ], [ -1938090.567062002141029, 1090592.235575002152473 ], [ -1937196.609777003526688, 1090194.385814004112035 ] ] ] } },
{ "type": "Feature", "properties": { "ID": 3673, "YEAR": "2019-2020", "Perimtr_KM": 105.20041383, "AREA_KM": 526.31350024200003, "SCALE": 3, "THICKNES_M": 89.510297693599995, "VOLUME_KM": 47.110478086800001, "MASS_GT": 43.200308405599998, "RECURRANCE": ">8", "UA_KM": 0.52600206915000003, "UH_M": 7.4293546719299997, "UC_KM": 3.6046211771099999, "REGION": "Peninsula", "ICESHELF": "LarsenD" }, "geometry": { "type": "Polygon", "coordinates": [ [ [ -2024017.46086500142701, 1138897.697222001850605 ], [ -2023823.675518001895398, 1138747.681939001195133 ], [ -2023572.701757999137044, 1138800.693808001466095 ], [ -2023246.16606500511989, 1138803.349185998551548 ], [ -2023206.443647002102807, 1138141.195267001632601 ], [ -2023273.867610004264861, 1136002.425845999270678 ], [ -2023448.641081004170701, 1134759.668342000804842 ], [ -2023458.262517001712695, 1133758.291905999649316 ], [ -2023006.731551005039364, 1133878.887187004555017 ], [ -2020988.444983001099899, 1135093.542775999754667 ], [ -2018568.764075003098696, 1135321.600208004005253 ], [ -2018513.502721005119383, 1134383.831741004716605 ], [ -2018164.700401001144201, 1133739.529312998987734 ], [ -2017748.105401004431769, 1133633.279753998387605 ], [ -2016412.101801999378949, 1133540.385587001685053 ], [ -2013941.929469, 1133410.543355000205338 ], [ -2013562.225843001622707, 1133459.402846002019942 ], [ -2013199.975470000877976, 1133351.686689998488873 ], [ -2013095.701046999776736, 1133647.375064 ], [ -2012835.91204800340347, 1134028.632276002317667 ], [ -2012438.260511003434658, 1134338.620814002119005 ], [ -2011867.738640005234629, 1134560.890771999489516 ], [ -2011575.220049005467445, 1134140.038963003084064 ], [ -2011403.880040001589805, 1133598.268395002931356 ], [ -2011180.383914999430999, 1133265.05569400312379 ], [ -2010681.01469300314784, 1132773.163930999115109 ], [ -2009786.016097001498565, 1131808.438457004725933 ], [ -2009045.896110002184287, 1131176.435649998951703 ], [ -2008649.629004999762401, 1130895.902762000449002 ], [ -2008253.766969999298453, 1130614.969776999205351 ], [ -2007548.965471004834399, 1129897.476524000987411 ], [ -2007241.205717001575977, 1129147.587618999648839 ], [ -2006690.96982000535354, 1128675.306374003645033 ], [ -2005882.169198002666235, 1128097.860161001328379 ], [ -2005210.735930003691465, 1127538.956454003229737 ], [ -2004210.191944002173841, 1126910.561247999314219 ], [ -2004367.570859003812075, 1122944.906100998166949 ], [ -2004278.06865200237371, 1120948.135099998209625 ], [ -2004128.560648003825918, 1120358.456740998197347 ], [ -2003912.990939002251253, 1119491.715684999711812 ], [ -2003948.68814500188455, 1119370.396655003540218 ], [ -2004022.689244003035128, 1118971.788887000177056 ], [ -2003990.225249002221972, 1118746.498198000714183 ], [ -2003924.013546999078244, 1118573.214995998423547 ], [ -2003856.380645001772791, 1118417.245348998811096 ], [ -2003753.725823002867401, 1118313.234103002585471 ], [ -2003757.162617004942149, 1118105.27931800018996 ], [ -2003847.671488003106788, 1117758.708965002093464 ], [ -2003818.953053000383079, 1117325.386233002878726 ], [ -2003381.891872999025509, 1116440.871647003106773 ], [ -2003023.907040552701801, 1115311.614131308160722 ], [ -2004652.020810516085476, 1115421.37461018236354 ], [ -2005247.334501138888299, 1115123.717764874454588 ], [ -2007165.567504271166399, 1115454.447592991404235 ], [ -2009414.530335533898324, 1115520.593558616470546 ], [ -2010770.522630852181464, 1115785.177421122323722 ], [ -2012391.098788669565693, 1115917.469352371525019 ], [ -2014044.747929302509874, 1116512.783043001312762 ], [ -2017021.316382438177243, 1117538.045510189142078 ], [ -2020923.928354327334091, 1117604.191475820727646 ], [ -2023668.985927779460326, 1117934.921303930692375 ], [ -2026314.824552791193128, 1118497.162011758424342 ], [ -2028563.787384053925052, 1119357.059564887546003 ], [ -2031374.990923124132678, 1121109.927653954364359 ], [ -2035046.092015323229134, 1123854.985227399505675 ], [ -2037085.592622111085802, 1126145.840503561776131 ], [ -2036344.75780710671097, 1127839.177223569713533 ], [ -2034863.088177097961307, 1133342.521563585381955 ], [ -2035603.92299209558405, 1135353.358918598853052 ], [ -2035461.020170686999336, 1136710.93572200415656 ], [ -2034874.897705074865371, 1136916.097290037199855 ], [ -2033973.033874508924782, 1136991.206115731969476 ], [ -2033221.715209962334484, 1137291.9591064453125 ], [ -2032333.98939699982293, 1137643.739485998637974 ], [ -2032302.0396869990509, 1137650.311136001721025 ], [ -2030851.408487998880446, 1137500.833670998923481 ], [ -2029885.679340000264347, 1137887.32235100492835 ], [ -2029010.749065001960844, 1138236.714281999040395 ], [ -2028568.75828699907288, 1138318.097360003739595 ], [ -2027888.817347000353038, 1138479.72994900168851 ], [ -2027417.993880005553365, 1138196.338607999496162 ], [ -2027109.91965400101617, 1137592.337636000942439 ], [ -2026947.303897004341707, 1137106.193780004512519 ], [ -2026759.886914005270228, 1136535.934782003983855 ], [ -2026642.453900000546128, 1136996.484994002617896 ], [ -2026500.130994999781251, 1137587.391756002325565 ], [ -2026212.795756003586575, 1138015.147998998872936 ], [ -2025867.09551200363785, 1138108.103627999313176 ], [ -2025443.603379999054596, 1138422.918818002566695 ], [ -2025292.856127000181004, 1138603.725878999102861 ], [ -2025181.251980999018997, 1138772.196755002252758 ], [ -2025018.704694004263729, 1138773.089627 ], [ -2024786.092024001292884, 1138791.355171998497099 ], [ -2024557.402209004852921, 1138859.852442003320903 ], [ -2024017.46086500142701, 1138897.697222001850605 ] ] ] } },
{ "type": "Feature", "properties": { "ID": 3679, "YEAR": "2019-2020", "Perimtr_KM": 12.043318359600001, "AREA_KM": 5.3168035946799996, "SCALE": 1, "THICKNES_M": 107.767394829, "VOLUME_KM": 0.57297807221999997, "MASS_GT": 0.52542089222, "RECURRANCE": "3-4", "UA_KM": 0.0602165918, "UH_M": 8.9446937267000006, "UC_KM": 0.04384096653, "REGION": "East", "ICESHELF": "Hayes_Coats_Coast" }, "geometry": { "type": "Polygon", "coordinates": [ [ [ -700342.10580365313217, 1331442.932002429850399 ], [ -700357.52927288133651, 1331283.556153742596507 ], [ -700393.078514750581235, 1330916.213987753726542 ], [ -700277.323074912186712, 1330800.458547908812761 ], [ -700275.832640346605331, 1330757.608554190024734 ], [ -700211.177109287586063, 1328898.762036181055009 ], [ -700241.31957463407889, 1328902.781031570862979 ], [ -700194.640617882832885, 1328650.714665092993528 ], [ -700426.151497573126107, 1327906.572551809251308 ], [ -700657.662377256434411, 1327443.550792429130524 ], [ -701120.684136636555195, 1327261.649386966135353 ], [ -701258.614277272950858, 1327261.649386966135353 ], [ -701451.413964760489762, 1327261.649386966135353 ], [ -701805.438046968542039, 1326940.557777513749897 ], [ -701806.89284084783867, 1326939.238313298206776 ], [ -702217.001708981581032, 1327100.352478034328669 ], [ -702220.405495344661176, 1327105.391799710690975 ], [ -702259.995007559657097, 1327164.004258213564754 ], [ -702938.836934004444629, 1328169.032914003357291 ], [ -702803.495189999230206, 1328234.601578002795577 ], [ -702537.31197800533846, 1328517.558316000271589 ], [ -702443.427974099759012, 1328483.365782034117728 ], [ -702340.594901003409177, 1328445.913999000564218 ], [ -701799.557700837031007, 1328766.092197858728468 ], [ -701760.417208567727357, 1328789.254990199580789 ], [ -701558.713702002540231, 1328908.620285999495536 ], [ -700931.667406001128256, 1329555.88899600179866 ], [ -700909.054574999026954, 1329936.691957002971321 ], [ -700979.602625000290573, 1330283.979146998841316 ], [ -700860.383599386084825, 1331205.668796136043966 ], [ -700854.132316003553569, 1331253.997854001820087 ], [ -700605.834326345939189, 1331344.268249655142426 ], [ -700465.734675176907331, 1331395.202415330335498 ], [ -700392.722473002038896, 1331421.746490002609789 ], [ -700351.852938648778945, 1331442.77382979542017 ], [ -700341.611170614603907, 1331448.043210520409048 ], [ -700342.10580365313217, 1331442.932002429850399 ] ] ] } },
{ "type": "Feature", "properties": { "ID": 3683, "YEAR": "2019-2020", "Perimtr_KM": 6.3574483533099997, "AREA_KM": 2.0182690232999998, "SCALE": 1, "THICKNES_M": 338.362877717, "VOLUME_KM": 0.68290731473, "MASS_GT": 0.62622600761000002, "RECURRANCE": "5-6", "UA_KM": 0.03178724177, "UH_M": 28.084118712, "UC_KM": 0.05225211606, "REGION": "East", "ICESHELF": "Hoseason" }, "geometry": { "type": "Polygon", "coordinates": [ [ [ 2145988.368005804717541, 1332580.215666502714157 ], [ 2146033.4110899977386, 1332540.730289002880454 ], [ 2146191.575379997491837, 1332518.051258999388665 ], [ 2146203.292177840135992, 1332470.301472623366863 ], [ 2146221.911636998876929, 1332394.42108199885115 ], [ 2146240.464618603698909, 1332242.457061264198273 ], [ 2146254.712339997291565, 1332125.756626000162214 ], [ 2146280.998000995256007, 1332105.730725998990238 ], [ 2146279.398161000572145, 1332098.708836000412703 ], [ 2146756.845546001568437, 1331786.359111001249403 ], [ 2146773.091385995037854, 1331661.807681003585458 ], [ 2146717.918400996364653, 1331535.60650199977681 ], [ 2146687.809623995795846, 1331538.967413003090769 ], [ 2146686.09667600132525, 1331464.43133300030604 ], [ 2146684.331090997904539, 1331460.78482599882409 ], [ 2146660.950653998181224, 1330665.001103998161852 ], [ 2146508.300839998759329, 1330576.533645999152213 ], [ 2146362.492828000336885, 1330567.621358001139015 ], [ 2146509.497723995707929, 1330384.808564004022628 ], [ 2146532.677871624939144, 1330344.673457448836416 ], [ 2146217.975496613420546, 1330514.128582448232919 ], [ 2146216.643266504630446, 1330514.845937122125179 ], [ 2145515.496030875481665, 1331083.701241502072662 ], [ 2145489.037644625641406, 1331467.347842132672668 ], [ 2145369.974906493909657, 1331996.515567130874842 ], [ 2145475.808451493270695, 1332327.245395261328667 ], [ 2145475.808451493270695, 1332536.2343346523121 ], [ 2145607.05264700204134, 1332532.667387002613395 ], [ 2145794.144910001195967, 1332556.225576001219451 ], [ 2145878.985984998755157, 1332676.101427000481635 ], [ 2145988.368005804717541, 1332580.215666502714157 ] ] ] } },
{ "type": "Feature", "properties": { "ID": 3688, "YEAR": "2019-2020", "Perimtr_KM": 7.7257672027600002, "AREA_KM": 3.0437293406500001, "SCALE": 1, "THICKNES_M": 384.213889752, "VOLUME_KM": 1.1694430893200001, "MASS_GT": 1.0723793129100001, "RECURRANCE": "3-4", "UA_KM": 0.03862883601, "UH_M": 31.889752692199998, "UC_KM": 0.08947901818, "REGION": "East", "ICESHELF": "Rayner_Thyer" }, "geometry": { "type": "Polygon", "coordinates": [ [ [ 1844233.458627997897565, 1638605.784178000409156 ], [ 1844406.560513, 1638472.500129998195916 ], [ 1844467.098122996278107, 1638480.736109999474138 ], [ 1844576.508000003173947, 1638463.147634662222117 ], [ 1844831.726222784258425, 1638422.119351475965232 ], [ 1844972.476436998695135, 1638399.492676997091621 ], [ 1844989.35351428668946, 1638394.604945227038115 ], [ 1845668.600091001018882, 1638197.889897000510246 ], [ 1845702.081779995001853, 1637826.42007999913767 ], [ 1845504.81445600092411, 1637670.130932000931352 ], [ 1845640.010095538571477, 1637507.131767391692847 ], [ 1845724.214749933220446, 1637405.610088364686817 ], [ 1845743.950500996783376, 1637381.815601003821939 ], [ 1845749.611743866465986, 1637329.313402602914721 ], [ 1845775.660022000782192, 1637087.742443999741226 ], [ 1845695.713214999064803, 1636942.384790000971407 ], [ 1845803.394730996340513, 1636798.314110002946109 ], [ 1845810.870970319956541, 1636726.75470820395276 ], [ 1845817.872561995871365, 1636659.738433000165969 ], [ 1845867.888664593920112, 1636640.153831553179771 ], [ 1845868.375100005418062, 1636639.963360020425171 ], [ 1846057.709141107276082, 1636565.826601192820817 ], [ 1845870.418083863332868, 1636536.447611820418388 ], [ 1845868.375099998898804, 1636536.127143766265363 ], [ 1845644.244574543088675, 1636500.969414281193167 ], [ 1845057.469452370889485, 1636408.926257867831737 ], [ 1844988.868471302092075, 1636398.16531966207549 ], [ 1844655.991340064443648, 1636540.82694733934477 ], [ 1844618.451063803397119, 1636556.915637167636305 ], [ 1844195.116883805021644, 1636662.749182167928666 ], [ 1844016.830499529838562, 1638677.385324401315302 ], [ 1844233.458627997897565, 1638605.784178000409156 ] ] ] } },
{ "type": "Feature", "properties": { "ID": 3691, "YEAR": "2019-2020", "Perimtr_KM": 17.150137169000001, "AREA_KM": 3.8242255148100002, "SCALE": 1, "THICKNES_M": 148.37901140599999, "VOLUME_KM": 0.56743480128000001, "MASS_GT": 0.52033771276999996, "RECURRANCE": "6-8", "UA_KM": 0.08575068584, "UH_M": 12.315457886000001, "UC_KM": 0.04341682752, "REGION": "East", "ICESHELF": "Brunt_Stancomb" }, "geometry": { "type": "Polygon", "coordinates": [ [ [ -732621.873441095929593, 1395603.823930365499109 ], [ -733597.526434069965035, 1394264.368126458954066 ], [ -734275.522581729106605, 1393784.809875674080104 ], [ -734672.398375477641821, 1393123.350219412706792 ], [ -735003.128203608095646, 1392296.525649113114923 ], [ -734913.069055806379765, 1391674.298809773754328 ], [ -734914.43572912318632, 1391676.562211545649916 ], [ -734928.661251131445169, 1391699.230080548208207 ], [ -734944.003590128850192, 1391723.271755536552519 ], [ -734973.349766131024808, 1391767.839383534155786 ], [ -735046.515038127079606, 1391876.730038546957076 ], [ -735066.214283127337694, 1391906.853338547516614 ], [ -735083.700121126137674, 1391934.184177543502301 ], [ -735102.021895127836615, 1391963.689096528105438 ], [ -735118.532419129274786, 1391991.618180546909571 ], [ -735133.83686112659052, 1392018.476484544575214 ], [ -735147.749728130642325, 1392044.486007533036172 ], [ -735175.00829712767154, 1392097.111965543590486 ], [ -735201.887686125934124, 1392149.936802539043128 ], [ -735228.40544313006103, 1392202.895628545433283 ], [ -735254.60507012763992, 1392256.108065542764962 ], [ -735280.425364129245281, 1392309.519231542013586 ], [ -735305.863882130943239, 1392363.110707547981292 ], [ -735330.977999126072973, 1392416.951529531739652 ], [ -735353.668730126228184, 1392466.449025545734912 ], [ -735354.899626128841192, 1392468.174245531670749 ], [ -735370.92583913076669, 1392491.196514534298331 ], [ -735386.707017127424479, 1392514.358213550876826 ], [ -735401.905533126555383, 1392537.699873541481793 ], [ -735406.106033131945878, 1392544.318653551861644 ], [ -735479.141071121674031, 1393735.726747545413673 ], [ -735213.043832128867507, 1394311.520912534557283 ], [ -735212.219064127188176, 1394311.839522531721741 ], [ -735204.125436128117144, 1394314.548562536947429 ], [ -735195.160959132015705, 1394317.129922544118017 ], [ -735179.343857128173113, 1394321.099113540258259 ], [ -735146.749195129610598, 1394328.165854531340301 ], [ -735133.153276129625738, 1394331.398974545765668 ], [ -735115.968226128257811, 1394335.519565546885133 ], [ -735098.264247127342969, 1394339.393576547503471 ], [ -735080.07576613035053, 1394342.928566536866128 ], [ -735061.322267125826329, 1394346.181727552320808 ], [ -735042.109047131147236, 1394349.227268546354026 ], [ -735022.102756126318127, 1394351.954658533446491 ], [ -735001.449407126754522, 1394354.451358546037227 ], [ -734979.95862012822181, 1394356.787078546825796 ], [ -734943.216582130640745, 1394360.060968542937189 ], [ -734901.884607128798962, 1394362.903413536958396 ], [ -734862.615862132050097, 1394365.193746535573155 ], [ -734768.062328130938113, 1394369.959344547241926 ], [ -734720.509550131391734, 1394372.876253542024642 ], [ -734697.233269132208079, 1394374.657123542856425 ], [ -734675.240006127860397, 1394376.516602540854365 ], [ -734654.437487131450325, 1394378.545822539832443 ], [ -734634.587261131033301, 1394380.764272545929998 ], [ -734614.881967126857489, 1394383.298245544545352 ], [ -734595.828772129490972, 1394386.040225543547422 ], [ -734577.401889126747847, 1394388.977734548505396 ], [ -734559.538906127680093, 1394392.224644536618143 ], [ -734541.951901127584279, 1394395.661634541582316 ], [ -734525.043938129674643, 1394399.38697454193607 ], [ -734508.348358130548149, 1394403.4168845503591 ], [ -734492.137970126233995, 1394407.683674527797848 ], [ -734481.474245132412761, 1394410.78851754264906 ], [ -734470.002931129187346, 1394414.496097542345524 ], [ -734428.941860129591078, 1394428.10902754496783 ], [ -734412.993316130246967, 1394433.305527542717755 ], [ -734396.217287131119519, 1394438.09676054213196 ], [ -734381.432253130711615, 1394441.788160549011081 ], [ -734375.099856129381806, 1394442.982930534984916 ], [ -734368.665497130248696, 1394444.008659546263516 ], [ -734362.186493127141148, 1394444.858079542871565 ], [ -734355.494171130936593, 1394445.52726953709498 ], [ -734341.017209127079695, 1394446.304409528616816 ], [ -734325.7388881216757, 1394446.411219528876245 ], [ -734311.774917130824178, 1394445.959409545641392 ], [ -734296.555740129668266, 1394445.058399538509548 ], [ -734245.239791128318757, 1394440.725298541598022 ], [ -734226.249940129928291, 1394439.370812545064837 ], [ -734208.204591131769121, 1394438.683002540376037 ], [ -734199.628132129553705, 1394438.629287553485483 ], [ -734191.838032132480294, 1394438.790667536668479 ], [ -734183.337421129457653, 1394439.224877542816103 ], [ -734175.011548120062798, 1394439.918597541283816 ], [ -734167.273779131472111, 1394440.936791538260877 ], [ -734159.848181129898876, 1394442.191371548455209 ], [ -734152.555579125881195, 1394443.712181541603059 ], [ -734145.381887130439281, 1394445.526451547630131 ], [ -734138.823331129271537, 1394447.698286542203277 ], [ -734132.458219130057842, 1394450.112286533694714 ], [ -734125.461453130003065, 1394453.204086552374065 ], [ -734118.02384813176468, 1394456.699146542232484 ], [ -734111.186573126353323, 1394460.716646541375667 ], [ -734104.200428131967783, 1394465.134246543049812 ], [ -734097.437792131211609, 1394470.112875546794385 ], [ -734090.093643129337579, 1394475.50218554539606 ], [ -734082.833533128257841, 1394481.371945541817695 ], [ -734075.639995127450675, 1394487.846905546728522 ], [ -734063.195895129349083, 1394499.603163541294634 ], [ -734049.963841131422669, 1394513.477273542433977 ], [ -734037.204501127358526, 1394527.369902548845857 ], [ -734005.739924130029976, 1394562.653379541356117 ], [ -733996.837058128323406, 1394572.334888544399291 ], [ -733988.817466131877154, 1394580.864498547278345 ], [ -733979.816463127732277, 1394589.852678543888032 ], [ -733971.156999130733311, 1394597.942686549853534 ], [ -733962.789812129922211, 1394605.248106534592807 ], [ -733954.586687131784856, 1394611.912286540027708 ], [ -733942.875129126477987, 1394620.754175547976047 ], [ -733930.497570129111409, 1394629.591325531713665 ], [ -733916.718899131752551, 1394638.509773551952094 ], [ -733902.304200128652155, 1394647.798983534332365 ], [ -733888.923423131462187, 1394655.644802538212389 ], [ -733874.389426128007472, 1394664.212362540420145 ], [ -733824.890556128695607, 1394692.004615552257746 ], [ -733806.613000126555562, 1394702.433971545659006 ], [ -733789.115263128187507, 1394712.9644815470092 ], [ -733773.174340128432959, 1394722.749019532930106 ], [ -733757.617923126090318, 1394733.51910653617233 ], [ -733742.717224131338298, 1394743.997095539234579 ], [ -733729.372838131617755, 1394754.527091544587165 ], [ -733716.763524127192795, 1394765.170750544406474 ], [ -733703.268712129443884, 1394777.693330542184412 ], [ -733689.464304132387042, 1394790.810655547305942 ], [ -733676.179087129421532, 1394804.430835529230535 ], [ -733662.674157129600644, 1394818.639522552024573 ], [ -733649.728697129525244, 1394833.39668954256922 ], [ -733636.345679130870849, 1394848.62017955025658 ], [ -733623.646851130295545, 1394864.435926541220397 ], [ -733610.521464128512889, 1394880.704646545927972 ], [ -733155.102629131637514, 1395270.564551546704024 ], [ -732983.70943513000384, 1395745.863555531483144 ], [ -732944.681282127741724, 1395977.577972545288503 ], [ -733093.149358129128814, 1396337.706552545540035 ], [ -733023.962585126981139, 1397020.643284551333636 ], [ -732718.854919127188623, 1397274.016728547867388 ], [ -732714.625807127449661, 1397927.226250536274165 ], [ -732689.865557129960507, 1398344.403886537533253 ], [ -732347.150941121857613, 1398535.956275545060635 ], [ -732043.546710894908756, 1398539.212819857988507 ], [ -732043.096241877414286, 1397852.786761635448784 ], [ -732423.435544221661985, 1397439.374476461671293 ], [ -732754.165372345596552, 1396893.670260065700859 ], [ -732671.482915316242725, 1395901.4807756873779 ], [ -732621.873441095929593, 1395603.823930365499109 ] ] ] } },
{ "type": "Feature", "properties": { "ID": 3694, "YEAR": "2019-2020", "Perimtr_KM": 15.9010684397, "AREA_KM": 3.1756308994800002, "SCALE": 1, "THICKNES_M": 99.268685023100005, "VOLUME_KM": 0.31524070351, "MASS_GT": 0.28907572512000002, "RECURRANCE": "5-6", "UA_KM": 0.0795053422, "UH_M": 8.2393008162899992, "UC_KM": 0.02412039448, "REGION": "East", "ICESHELF": "Brunt_Stancomb" }, "geometry": { "type": "Polygon", "coordinates": [ [ [ -729325.360599413979799, 1401040.728543430566788 ], [ -729430.330599681474268, 1400200.968541311565787 ], [ -729771.59272095374763, 1399708.034366157371551 ], [ -729866.440406667534262, 1399571.032153456006199 ], [ -729965.361945585347712, 1399428.145486128982157 ], [ -730025.644290311262012, 1399341.070988196413964 ], [ -730555.993036960251629, 1399260.170331938192248 ], [ -730586.754763841629028, 1399321.788181684911251 ], [ -730672.225771820638329, 1399492.9924754826352 ], [ -730784.382932131644338, 1399717.650963547639549 ], [ -730780.428210129961371, 1399814.190138528589159 ], [ -730789.616530125960708, 1399862.085798548068851 ], [ -730792.390309128444642, 1399873.801389544736594 ], [ -730129.404260131996125, 1400555.849591550882906 ], [ -729764.412962131202221, 1400906.301130544859916 ], [ -729495.854907127097249, 1401405.911957534961402 ], [ -729493.43589213071391, 1402359.511505549307913 ], [ -729488.645461128093302, 1402358.473125547170639 ], [ -729480.438693129923195, 1402354.802984544076025 ], [ -729472.230686130467802, 1402351.421214542351663 ], [ -729463.833103131037205, 1402348.315984542481601 ], [ -729454.098823128733784, 1402346.092674541752785 ], [ -729444.549684128724039, 1402344.080564543604851 ], [ -729435.136476126965135, 1402341.846924531273544 ], [ -729425.589662127196789, 1402339.875374553259462 ], [ -729414.607608130201697, 1402339.044673544820398 ], [ -729404.209109119605273, 1402337.87066354509443 ], [ -729394.003482128493488, 1402336.796083548571914 ], [ -729382.430729130282998, 1402336.871813537087291 ], [ -729371.669804128352553, 1402336.518793542403728 ], [ -729361.028629131615162, 1402336.364433536771685 ], [ -729348.960333127062768, 1402337.368343549780548 ], [ -729337.855841125827283, 1402337.908933551516384 ], [ -729326.902228127233684, 1402338.698973528109491 ], [ -729314.766367129050195, 1402340.647082547657192 ], [ -729303.790354129858315, 1402342.075062531046569 ], [ -729291.952315129339695, 1402344.395522540900856 ], [ -729281.056589126586914, 1402346.68621253920719 ], [ -729270.686689130961895, 1402348.807802536990494 ], [ -729259.333148126024753, 1402352.000081536825746 ], [ -729249.080002129543573, 1402355.102531539741904 ], [ -729239.085617126896977, 1402358.293571531306952 ], [ -729230.251190127804875, 1402361.455031554680318 ], [ -729220.056070131249726, 1402366.267001534346491 ], [ -729211.152628127485514, 1402370.134611544664949 ], [ -729202.722635130397975, 1402374.204011547844857 ], [ -729193.955736125819385, 1402378.871461543720216 ], [ -729189.67180012119934, 1402381.440861552488059 ], [ -729185.267653127200902, 1402384.559731550049037 ], [ -729181.747688127215952, 1402387.846261537168175 ], [ -729177.571784131694585, 1402391.463881528936327 ], [ -729173.493903126567602, 1402395.261671531014144 ], [ -729169.315376130398363, 1402399.459911548998207 ], [ -729165.384989129845053, 1402403.817091539036483 ], [ -729160.267479128204286, 1402409.743161543738097 ], [ -729153.961408128030598, 1402418.968400539830327 ], [ -729146.587785128969699, 1402429.156940536107868 ], [ -729140.254832125734538, 1402439.471670554485172 ], [ -729123.552109131123871, 1402465.738195552490652 ], [ -729114.720444129314274, 1402478.450535546522588 ], [ -729106.179645125754178, 1402489.792775532696396 ], [ -729097.915156121831387, 1402500.64519955124706 ], [ -729093.565208132378757, 1402505.333469539415091 ], [ -729089.623652130831033, 1402509.273239537142217 ], [ -729085.321833127643913, 1402513.107649545185268 ], [ -729081.128108132164925, 1402516.612229549791664 ], [ -729077.768726131413132, 1402519.957779550459236 ], [ -729073.502735130488873, 1402522.891379547771066 ], [ -729068.432955130469054, 1402526.448844549711794 ], [ -729064.064913126640022, 1402528.831234539858997 ], [ -729060.046202132012695, 1402530.901764536742121 ], [ -729056.083562130108476, 1402532.44519454613328 ], [ -729051.385869125835598, 1402534.10357454419136 ], [ -729046.348028126638383, 1402535.671754552982748 ], [ -729035.860034132376313, 1402539.179478547070175 ], [ -729013.069746132008731, 1402545.008928538300097 ], [ -729007.28355213208124, 1402546.685318545904011 ], [ -729001.261257126927376, 1402549.239983539097011 ], [ -728995.872124131303281, 1402551.378513548057526 ], [ -728991.253445129375905, 1402553.390143535565585 ], [ -728986.950223127845675, 1402555.606333540286869 ], [ -728983.162076130975038, 1402558.306163545232266 ], [ -728980.585266131907701, 1402560.224563552066684 ], [ -728977.859741126652807, 1402562.526313546579331 ], [ -728975.262878126464784, 1402564.99915352743119 ], [ -728971.945662126410753, 1402568.595018546562642 ], [ -728970.336463127285242, 1402571.471337548922747 ], [ -728968.250953126698732, 1402574.53633754234761 ], [ -728964.109378129709512, 1402581.250197549816221 ], [ -728960.756725126411766, 1402588.312437552493066 ], [ -728957.515331126283854, 1402596.33404754800722 ], [ -728955.812015130650252, 1402605.192317544482648 ], [ -728953.809424126520753, 1402614.931347544305027 ], [ -728952.386023130267859, 1402622.934697549324483 ], [ -728952.157195130828768, 1402631.617617531679571 ], [ -728951.473208128940314, 1402640.683177530299872 ], [ -728951.58813013182953, 1402650.912517528049648 ], [ -728951.079802130814642, 1402671.450457535218447 ], [ -728951.234750130679458, 1402711.431287552695721 ], [ -728951.162763126660138, 1402727.2614875449799 ], [ -728950.627491130959243, 1402743.101307542528957 ], [ -728949.446679128799587, 1402756.855537547729909 ], [ -728947.273617132101208, 1402776.702347537036985 ], [ -728945.38562313048169, 1402796.611744554247707 ], [ -728943.039543125778437, 1402817.626265543513 ], [ -728941.393398127052933, 1402837.865475530736148 ], [ -728940.28799812681973, 1402858.023472554516047 ], [ -728939.406772126443684, 1402878.83277855347842 ], [ -728938.978922131936997, 1402899.416185540612787 ], [ -728938.944016124121845, 1402920.105781547725201 ], [ -728938.746357128024101, 1402941.084191533736885 ], [ -728939.240810129325837, 1402961.94878854136914 ], [ -728939.246816128026694, 1402983.681837554555386 ], [ -728939.672106127720326, 1403005.383977552410215 ], [ -728940.397358128800988, 1403026.893326542340219 ], [ -728941.303686127532274, 1403048.799076535739005 ], [ -728942.894447126425803, 1403069.982114551123232 ], [ -728944.328363130334765, 1403091.941214553080499 ], [ -728946.024547130335122, 1403113.906104537192732 ], [ -728948.188624128699303, 1403135.358114547096193 ], [ -728950.720128130633384, 1403156.818024536129087 ], [ -728953.39077813224867, 1403178.263164537958801 ], [ -728956.292584125883877, 1403199.659294537268579 ], [ -728959.600760128814727, 1403221.034224545117468 ], [ -728963.169496129266918, 1403242.354361541103572 ], [ -728967.221635127905756, 1403263.466161536984146 ], [ -728971.924787128809839, 1403284.274339552503079 ], [ -728976.712628129869699, 1403304.967124541290104 ], [ -728981.353630127385259, 1403325.939222541637719 ], [ -728986.395937129855156, 1403346.82734955381602 ], [ -728991.36280913092196, 1403367.646959544625133 ], [ -728996.752007131930441, 1403388.415632545482367 ], [ -729002.415604130830616, 1403409.077336542773992 ], [ -729008.737408125773072, 1403429.123423542361706 ], [ -729014.629706126637757, 1403449.411046551074833 ], [ -729020.730598129332066, 1403469.505196545273066 ], [ -729027.240134128369391, 1403489.509769544471055 ], [ -729033.888830126728863, 1403509.328822548501194 ], [ -729041.100733129307628, 1403528.56588954757899 ], [ -729048.093267127871513, 1403548.022999544162303 ], [ -729055.485240129288286, 1403567.362262543290854 ], [ -729063.044302131980658, 1403586.376472542528063 ], [ -729071.11879013152793, 1403604.879686541855335 ], [ -729078.983030129224062, 1403623.581796552520245 ], [ -729087.246255125850439, 1403642.082176548894495 ], [ -729095.62910812953487, 1403660.345176545437425 ], [ -729104.546364127192646, 1403678.021630543284118 ], [ -729113.243427130393684, 1403695.873757541645318 ], [ -729122.239684130530804, 1403713.474207549821585 ], [ -729131.648958131670952, 1403730.871102540753782 ], [ -729141.523837130982429, 1403747.700778541620821 ], [ -729151.103649130556732, 1403764.580838543828577 ], [ -729161.08866812242195, 1403781.243543548043817 ], [ -729171.487993129529059, 1403797.378388546407223 ], [ -729181.610240126494318, 1403813.530688538216054 ], [ -729192.155623127240688, 1403829.433433543425053 ], [ -729202.681029131636024, 1403844.700674532912672 ], [ -729213.653839129023254, 1403860.04824955156073 ], [ -729215.760380130726844, 1403862.852639534976333 ], [ -729106.013449126854539, 1404132.561426542699337 ], [ -729065.49585013044998, 1405172.855216539930552 ], [ -729205.128376122098416, 1405611.045594553928822 ], [ -729183.350759130436927, 1405643.482897534035146 ], [ -729111.639469132293016, 1405729.059136552270502 ], [ -729117.95764812733978, 1406080.129875544458628 ], [ -729083.34860013006255, 1406078.724239542149007 ], [ -729069.233322132378817, 1406078.354483532719314 ], [ -729054.774803129024804, 1406078.414733547717333 ], [ -729042.332831127569079, 1406079.092817542608827 ], [ -729035.144904126413167, 1406079.777637540828437 ], [ -729028.519881129730493, 1406080.769667553715408 ], [ -729022.271773130632937, 1406081.961257537361234 ], [ -729016.472665132489055, 1406083.446357539389282 ], [ -729011.193551131989807, 1406085.279977540485561 ], [ -729006.140285131055862, 1406087.319651541300118 ], [ -729001.557094131130725, 1406089.67383152898401 ], [ -728997.402118132449687, 1406092.360431554727256 ], [ -728992.877398130018264, 1406095.471031546127051 ], [ -728988.647739127743989, 1406098.928638554178178 ], [ -728984.462706129997969, 1406102.647138546220958 ], [ -728980.442382127977908, 1406106.647138552274555 ], [ -728976.674150127917528, 1406111.040932535193861 ], [ -728973.041033129673451, 1406115.676982553210109 ], [ -728969.566254129167646, 1406120.598972541745752 ], [ -728966.269250127021223, 1406125.844760535750538 ], [ -728962.929956126492471, 1406131.342560547403991 ], [ -728959.837671131361276, 1406137.19834055332467 ], [ -728958.741998229641467, 1406139.647440303582698 ], [ -728884.626383271999657, 1405922.594567913096398 ], [ -728967.308840301353484, 1405476.109299930278212 ], [ -728603.506029361393303, 1404864.25911790272221 ], [ -728570.433046552818269, 1403938.215599155984819 ], [ -728702.724977802019566, 1402747.588217896409333 ], [ -729215.356211395934224, 1401920.763647576328367 ], [ -729325.360599413979799, 1401040.728543430566788 ] ] ] } },
{ "type": "Feature", "properties": { "ID": 3699, "YEAR": "2019-2020", "Perimtr_KM": 26.4144137782, "AREA_KM": 30.880556658900002, "SCALE": 2, "THICKNES_M": 201.23868678100001, "VOLUME_KM": 6.2143626690999998, "MASS_GT": 5.69857056757, "RECURRANCE": "6-8", "UA_KM": 0.13207206889000001, "UH_M": 16.702810920499999, "UC_KM": 0.47548707186, "REGION": "East", "ICESHELF": "Vigrid" }, "geometry": { "type": "Polygon", "coordinates": [ [ [ 317015.389356999192387, 2183034.507997998502105 ], [ 317387.941793000791222, 2180562.903847999405116 ], [ 317525.440573020838201, 2179856.825700001325458 ], [ 317860.52868088055402, 2178136.094864528160542 ], [ 315783.620929274708033, 2178409.972809799481183 ], [ 313084.865531756542623, 2178767.161024160217494 ], [ 311370.415879742242396, 2179099.554324054624885 ], [ 311393.230566551908851, 2179066.599776420276612 ], [ 311112.110212648287416, 2178950.844336568843573 ], [ 310568.493224006611854, 2178950.844336568843573 ], [ 310367.476764502935112, 2179340.591135488357395 ], [ 310244.105508996639401, 2179579.793198998551816 ], [ 310145.622099637053907, 2179642.944397371727973 ], [ 309801.584861995186657, 2179863.553777001332492 ], [ 309417.296200001146644, 2180034.590110999066383 ], [ 309326.222749802283943, 2180038.323056713212281 ], [ 309203.824661997612566, 2180043.339946002233773 ], [ 309153.54046414187178, 2180264.398997985292226 ], [ 309130.046444295439869, 2180367.68324980000034 ], [ 309122.705473996698856, 2180399.955574000719935 ], [ 309126.404324237722903, 2180451.073999581392854 ], [ 309141.872577045112848, 2180664.84657192369923 ], [ 309180.703449995722622, 2181201.492546 ], [ 309369.338288082741201, 2181319.483770010527223 ], [ 309615.04968699766323, 2181473.176423001568764 ], [ 310224.47057699598372, 2181854.905715004075319 ], [ 310535.385386202484369, 2181812.677955677267164 ], [ 310994.400801469106227, 2181750.335500739049166 ], [ 311078.325009998399764, 2181738.937100999522954 ], [ 311156.449193996377289, 2181628.010913873557001 ], [ 311470.019262998364866, 2181182.782172003295273 ], [ 311630.784893259871751, 2181331.367229141760617 ], [ 311677.194333001039922, 2181374.260410003829747 ], [ 311648.275940994732082, 2181456.514009997714311 ], [ 311976.224054000806063, 2181535.319966002833098 ], [ 312268.095412995666265, 2181549.443575998302549 ], [ 312688.953747000079602, 2181420.852238001767546 ], [ 312908.022214997094125, 2181630.390180002432317 ], [ 312985.663952998351306, 2181948.136695002671331 ], [ 312992.03230451606214, 2182143.055121887009591 ], [ 312995.441010995302349, 2182247.386628003325313 ], [ 313170.935793995857239, 2182507.650977000128478 ], [ 313004.909122449345887, 2182680.167898433748633 ], [ 312865.16790600027889, 2182825.371823999565095 ], [ 312849.244645908009261, 2182854.236497630830854 ], [ 312670.989632999524474, 2183177.365853001829237 ], [ 312751.310835996642709, 2183356.297922000754625 ], [ 313014.916978997178376, 2183627.018277999479324 ], [ 313716.896125997882336, 2183664.704322001431137 ], [ 316225.947082996368408, 2183348.580353003460914 ], [ 317015.389356999192387, 2183034.507997998502105 ] ] ] } },
{ "type": "Feature", "properties": { "ID": 3702, "YEAR": "2019-2020", "Perimtr_KM": 11.161771829, "AREA_KM": 4.2632386975500003, "SCALE": 1, "THICKNES_M": 168.98642944299999, "VOLUME_KM": 0.72042948535999995, "MASS_GT": 0.66063383807999998, "RECURRANCE": "6-8", "UA_KM": 0.05580885915, "UH_M": 14.0258735746, "UC_KM": 0.05512309543, "REGION": "East", "ICESHELF": "Baudouin" }, "geometry": { "type": "Polygon", "coordinates": [ [ [ 1005379.715699001215398, 1959437.466121004428715 ], [ 1004316.709126111585647, 1958791.421551817562431 ], [ 1004636.039770478848368, 1959694.35647728247568 ], [ 1005021.61254162248224, 1960113.457315483596176 ], [ 1005004.918341689743102, 1960376.390964564401656 ], [ 1006568.531692005228251, 1961021.993918006774038 ], [ 1008458.159868001006544, 1961164.061330000404269 ], [ 1008946.642752998508513, 1960995.299141015391797 ], [ 1008629.650025995448232, 1960469.670622001867741 ], [ 1005379.715699001215398, 1959437.466121004428715 ] ] ] } },
{ "type": "Feature", "properties": { "ID": 3705, "YEAR": "2019-2020", "Perimtr_KM": 41.317242193299997, "AREA_KM": 70.712823948299999, "SCALE": 2, "THICKNES_M": 56.713276393000001, "VOLUME_KM": 4.0103559291100002, "MASS_GT": 3.6774963869900001, "RECURRANCE": "6-8", "UA_KM": 0.20658621097, "UH_M": 4.7072019174099999, "UC_KM": 0.30684922966, "REGION": "East", "ICESHELF": "Baudouin" }, "geometry": { "type": "Polygon", "coordinates": [ [ [ 878492.975920264143497, 1976173.682544086594135 ], [ 878526.109944004099816, 1976165.841609015595168 ], [ 878545.392209642101079, 1976147.240481846500188 ], [ 878810.881032005418092, 1975891.129948008339852 ], [ 878857.711645327974111, 1975894.574047430884093 ], [ 878941.680333000142127, 1975900.749420509207994 ], [ 879046.563527398742735, 1975908.462925065774471 ], [ 879257.049023004248738, 1975923.942820000927895 ], [ 879378.833605237305164, 1975907.039326155092567 ], [ 879399.512079004198313, 1975904.16918900469318 ], [ 879641.744524004869163, 1975882.523710008244962 ], [ 880025.516891999635845, 1975847.185588007327169 ], [ 880219.732352008111775, 1975961.378556004259735 ], [ 881603.059985998086631, 1974710.161583011504263 ], [ 882240.539950998965651, 1974695.063235006760806 ], [ 883138.093484001699835, 1975185.747560007032007 ], [ 883690.870868004858494, 1975256.132968003395945 ], [ 883926.34586099954322, 1975650.560946009587497 ], [ 884422.165146002080292, 1975581.684246018063277 ], [ 884430.392631007824093, 1975477.146081002894789 ], [ 884262.107674998696893, 1975172.14521101070568 ], [ 884288.125314003322273, 1975014.934536013286561 ], [ 884476.167203998658806, 1974882.449956018012017 ], [ 884502.742248004768044, 1974514.030067001935095 ], [ 884883.104569003451616, 1973940.149250993970782 ], [ 885633.487101995851845, 1973106.988722005393356 ], [ 885864.042968997266144, 1973036.635769005399197 ], [ 886999.44450400210917, 1972285.142577012535185 ], [ 884462.325636006426066, 1970812.999402009416372 ], [ 883807.537396002560854, 1970254.980833012145013 ], [ 882888.264485996682197, 1969555.094007993582636 ], [ 882874.558261007536203, 1969077.55713000940159 ], [ 882811.14824999589473, 1968992.277600004803389 ], [ 883074.5829569962807, 1968661.013217999134213 ], [ 883191.12408800330013, 1968134.354114999528974 ], [ 883466.291305005084723, 1967986.187145009171218 ], [ 883549.701185003854334, 1967727.664130991790444 ], [ 883482.396566001698375, 1967552.802658005151898 ], [ 883345.745138000231236, 1967167.240677013527602 ], [ 883762.878787998110056, 1966902.338632998522371 ], [ 884044.767101007513702, 1966402.12568001775071 ], [ 884378.053976068738848, 1966215.165107267443091 ], [ 883885.01671287836507, 1965978.127961486112326 ], [ 883421.994953498244286, 1966044.273927117232233 ], [ 883011.889966631308198, 1966308.857789623085409 ], [ 882178.450799752492458, 1966573.441652122419327 ], [ 881755.116619740147144, 1966573.441652122419327 ], [ 880934.906645993236452, 1967181.984535870607942 ], [ 880405.738920994568616, 1967764.069033381994814 ], [ 879916.258775364607573, 1968200.632406506221741 ], [ 878355.21398660633713, 1968848.862869642209262 ], [ 877124.899025978520513, 1969166.363504641223699 ], [ 876436.980983480811119, 1969788.135581506881863 ], [ 875669.687782219611108, 1970965.5337696489878 ], [ 874452.602014710195363, 1972209.077923394273967 ], [ 873526.558495963457972, 1973135.121442155446857 ], [ 873605.93365471297875, 1973928.873029652517289 ], [ 874113.003569211345166, 1974773.989553813356906 ], [ 874121.343819114845246, 1974787.889970326330513 ], [ 874145.420698219910264, 1974828.018102168571204 ], [ 874263.293975201435387, 1974778.595016673672944 ], [ 874518.176635001786053, 1974671.725267994683236 ], [ 875460.608714994974434, 1974403.471015007700771 ], [ 875745.036367007996887, 1974357.168835005257279 ], [ 876083.230378003790975, 1974744.939083009492606 ], [ 876339.795434007421136, 1975092.508083013352007 ], [ 876387.558714023325592, 1975106.952198871877044 ], [ 876847.6892019957304, 1975246.100475004408509 ], [ 876910.696299321018159, 1975315.399487167131156 ], [ 876998.86018500616774, 1975412.36745499400422 ], [ 877024.885928455274552, 1975427.037734165322036 ], [ 877083.402833004947752, 1975460.022741000633687 ], [ 877374.106753721833229, 1975501.430408590007573 ], [ 877469.281968003604561, 1975514.987100997474045 ], [ 877869.390043001621962, 1975776.279594011139125 ], [ 878169.144349002745003, 1976118.014337006490678 ], [ 878230.457875151652843, 1976231.882308451924473 ], [ 878232.331655997317284, 1976235.362186993937939 ], [ 878492.975920264143497, 1976173.682544086594135 ] ] ] } },
{ "type": "Feature", "properties": { "ID": 3708, "YEAR": "2019-2020", "Perimtr_KM": 5.94379473505, "AREA_KM": 1.4228287550800001, "SCALE": 1, "THICKNES_M": 168.98642944299999, "VOLUME_KM": 0.24043875103000001, "MASS_GT": 0.22048233469, "RECURRANCE": "6-8", "UA_KM": 0.02971897368, "UH_M": 14.0258735746, "UC_KM": 0.01839698192, "REGION": "East", "ICESHELF": "Borchgrevink" }, "geometry": { "type": "Polygon", "coordinates": [ [ [ 814728.143966257572174, 2039964.565303746145219 ], [ 814301.94552774913609, 2039432.028869062196463 ], [ 813698.855507219210267, 2040209.77642480051145 ], [ 812920.978951469063759, 2041114.653234555851668 ], [ 813216.187788623850793, 2041775.358727229293436 ], [ 813273.206869005225599, 2041690.418670001905411 ], [ 814472.136636256240308, 2040229.777484756428748 ], [ 814728.143966257572174, 2039964.565303746145219 ] ] ] } },
{ "type": "Feature", "properties": { "ID": 3711, "YEAR": "2019-2020", "Perimtr_KM": 5.90200635304, "AREA_KM": 1.5651501426800001, "SCALE": 1, "THICKNES_M": 168.98642944299999, "VOLUME_KM": 0.26448913415000003, "MASS_GT": 0.24253653602, "RECURRANCE": "6-8", "UA_KM": 0.02951003177, "UH_M": 14.0258735746, "UC_KM": 0.02023717807, "REGION": "East", "ICESHELF": "Borchgrevink" }, "geometry": { "type": "Polygon", "coordinates": [ [ [ 783222.643587000202388, 2081510.038757009897381 ], [ 783276.395427363924682, 2081487.996417480986565 ], [ 782552.043213597033173, 2081548.359101958107203 ], [ 781980.542070601601154, 2081897.609800458420068 ], [ 781075.665260846726596, 2082484.985975213814527 ], [ 781603.331219343468547, 2083227.626953840721399 ], [ 781709.431814009323716, 2083130.706078993622214 ], [ 782010.632841001730412, 2083034.011550001334399 ], [ 782184.912301004398614, 2082818.516701005864888 ], [ 782533.600619006901979, 2082570.55074100708589 ], [ 782715.714879003353417, 2082188.138903006445616 ], [ 782897.747213996015489, 2081781.726631003897637 ], [ 783222.643587000202388, 2081510.038757009897381 ] ] ] } },
{ "type": "Feature", "properties": { "ID": 3714, "YEAR": "2019-2020", "Perimtr_KM": 7.2821984390900001, "AREA_KM": 2.35721576144, "SCALE": 1, "THICKNES_M": 221.93909815699999, "VOLUME_KM": 0.52315834024999996, "MASS_GT": 0.47973619801, "RECURRANCE": ">8", "UA_KM": 0.0364109922, "UH_M": 18.420945056200001, "UC_KM": 0.04002904893, "REGION": "East", "ICESHELF": "Fimbul" }, "geometry": { "type": "Polygon", "coordinates": [ [ [ 235193.439617007505149, 2177273.419210009742528 ], [ 234849.050066948402673, 2176582.959255214314908 ], [ 234746.592898272443563, 2176602.662556878756732 ], [ 234267.0346474875696, 2176784.563962341751903 ], [ 233671.720956871286035, 2176734.95448812795803 ], [ 233175.277884958311915, 2176707.875775114167482 ], [ 232762.213929515331984, 2176685.345013907644898 ], [ 232383.207842844538391, 2176747.769545833114535 ], [ 232959.756220005918294, 2177075.876574008259922 ], [ 233325.077439995482564, 2177236.695993010420352 ], [ 233415.758270002901554, 2177556.964473005849868 ], [ 233925.459753955248743, 2177778.295003244187683 ], [ 233941.317554996814579, 2177785.181025012861937 ], [ 234280.59572699572891, 2178117.229598013218492 ], [ 235217.767544007394463, 2177858.687806009780616 ], [ 235193.439617007505149, 2177273.419210009742528 ] ] ] } },
{ "type": "Feature", "properties": { "ID": 3717, "YEAR": "2019-2020", "Perimtr_KM": 20.986561503699999, "AREA_KM": 20.621814689299999, "SCALE": 2, "THICKNES_M": 111.99139741400001, "VOLUME_KM": 2.30946584427, "MASS_GT": 2.1177801791899999, "RECURRANCE": ">8", "UA_KM": 0.10493280752, "UH_M": 9.2952859395300003, "UC_KM": 0.17670696261, "REGION": "East", "ICESHELF": "Fimbul" }, "geometry": { "type": "Polygon", "coordinates": [ [ [ 85907.707636000588536, 2188711.82571300631389 ], [ 85837.676247004885226, 2188359.563625005539507 ], [ 86237.870237998664379, 2188811.554936992470175 ], [ 86406.179172003176063, 2188891.440787007566541 ], [ 86534.136366996914148, 2188592.604981005657464 ], [ 86543.380654028616846, 2188401.562746859621257 ], [ 85668.793269607704133, 2188274.350036401767284 ], [ 84716.291364611126482, 2187099.59768690308556 ], [ 83938.414808860979974, 2185813.720115139614791 ], [ 83351.038634104654193, 2185591.469670637976378 ], [ 82525.536983099300414, 2185432.719353138003498 ], [ 80779.283490591682494, 2185416.844321397598833 ], [ 79992.595386132132262, 2185530.485640023369342 ], [ 80013.303314005490392, 2185603.006278007756919 ], [ 80507.921938000712544, 2185986.37602401105687 ], [ 80961.165885004680604, 2186957.777006001677364 ], [ 81067.187374003697187, 2187486.612953002098948 ], [ 81667.636089001782238, 2188086.169295998755842 ], [ 81952.285552002489567, 2189105.120816001202911 ], [ 82869.398060001898557, 2190447.00835200259462 ], [ 84023.482858998235315, 2191446.814863997045904 ], [ 85665.281524002552032, 2190940.703768006991595 ], [ 85954.257852999959141, 2190371.099186006467789 ], [ 86010.476891005411744, 2190178.303876006510109 ], [ 85923.726935002021492, 2189962.023699005600065 ], [ 85915.898381995968521, 2189532.985988009255379 ], [ 85907.707636000588536, 2188711.82571300631389 ] ] ] } },
{ "type": "Feature", "properties": { "ID": 3721, "YEAR": "2019-2020", "Perimtr_KM": 6.3851364888199997, "AREA_KM": 1.6053250961200001, "SCALE": 1, "THICKNES_M": 239.45007449299999, "VOLUME_KM": 0.38439521384999997, "MASS_GT": 0.3524904111, "RECURRANCE": "5-6", "UA_KM": 0.03192568244, "UH_M": 19.8743560849, "UC_KM": 0.02941169745, "REGION": "East", "ICESHELF": "Fimbul" }, "geometry": { "type": "Polygon", "coordinates": [ [ [ -53311.818024941254407, 2236059.042272462043911 ], [ -54264.319929951336235, 2235974.375436454545707 ], [ -54509.409564682748169, 2236002.5276242303662 ], [ -53801.846597628667951, 2236545.019419599790126 ], [ -53618.094521632418036, 2236740.359166599344462 ], [ -53445.278203621972352, 2236740.699936601798981 ], [ -52829.318659633863717, 2237250.399192600045353 ], [ -52796.869253624230623, 2237358.594858593773097 ], [ -52461.909227625001222, 2237445.737516595516354 ], [ -52007.929537557531148, 2237505.896795718465 ], [ -52274.649283943232149, 2236567.043288454879075 ], [ -52465.149664944037795, 2236503.543161466252059 ], [ -53311.818024941254407, 2236059.042272462043911 ] ] ] } }
]
}
